Date,Low,Open,Volume,High,Close,Adjusted Close
19-07-1984,1.7777780294418335,1.7962960004806519,70200,1.805556058883667,1.7962960004806519,0.9658846855163574
20-07-1984,1.7777780294418335,1.7870370149612427,52650,1.805556058883667,1.7777780294418335,0.955927312374115
23-07-1984,1.7314809560775757,1.7685190439224243,113400,1.7777780294418335,1.7314809560775757,0.9310325980186462
24-07-1984,1.7222219705581665,1.7407410144805908,55350,1.75,1.7314809560775757,0.9310325980186462
25-07-1984,1.694443941116333,1.7037039995193481,116100,1.7314809560775757,1.7314809560775757,0.9310325980186462
26-07-1984,1.7407410144805908,1.75,66150,1.75,1.75,0.9409902095794678
27-07-1984,1.7314809560775757,1.75,144450,1.7592589855194092,1.75,0.9409902095794678
30-07-1984,1.7407410144805908,1.7685190439224243,135000,1.7685190439224243,1.7407410144805908,0.9360122680664062
31-07-1984,1.7314809560775757,1.7407410144805908,82350,1.7777780294418335,1.7777780294418335,0.955927312374115
01-08-1984,1.7777780294418335,1.7777780294418335,697950,1.9166669845581055,1.888888955116272,1.0156723260879517
02-08-1984,1.861111044883728,1.8981479406356812,2164050,1.8981479406356812,1.8703700304031372,1.0057138204574585
03-08-1984,1.8796299695968628,1.8796299695968628,783000,1.9629629850387573,1.9537039995193481,1.050524353981018
06-08-1984,1.8981479406356812,2.0,909900,2.027777910232544,1.9537039995193481,1.050524353981018
07-08-1984,1.9351849555969238,1.9537039995193481,523800,2.064815044403076,2.0462958812713623,1.100311517715454
08-08-1984,2.055556058883667,2.0740740299224854,1217700,2.1296300888061523,2.055556058883667,1.1052905321121216
09-08-1984,2.037036895751953,2.055556058883667,402300,2.1018519401550293,2.1018519401550293,1.1301847696304321
10-08-1984,2.055556058883667,2.1111109256744385,662850,2.1111109256744385,2.055556058883667,1.1052905321121216
13-08-1984,2.009258985519409,2.064815044403076,184950,2.064815044403076,2.0185189247131348,1.0853756666183472
14-08-1984,1.944443941116333,2.037036895751953,224100,2.037036895751953,1.944443941116333,1.0455445051193237
15-08-1984,1.9259259700775146,1.9629629850387573,218700,2.009258985519409,1.944443941116333,1.0455445051193237
16-08-1984,1.9259259700775146,1.9259259700775146,66150,1.9537039995193481,1.9537039995193481,1.050524353981018
17-08-1984,1.9166669845581055,1.9351849555969238,86400,1.944443941116333,1.944443941116333,1.0455445051193237
20-08-1984,1.9259259700775146,1.9259259700775146,67500,1.944443941116333,1.944443941116333,1.0455445051193237
21-08-1984,1.888888955116272,1.9537039995193481,398250,1.9537039995193481,1.888888955116272,1.0156723260879517
22-08-1984,1.9074070453643799,1.9074070453643799,535950,1.944443941116333,1.9074070453643799,1.0256297588348389
23-08-1984,1.9074070453643799,1.9259259700775146,70200,1.944443941116333,1.9351849555969238,1.040565848350525
24-08-1984,1.944443941116333,1.9537039995193481,203850,2.0,1.9814809560775757,1.065460443496704
27-08-1984,1.9351849555969238,1.9814809560775757,386100,1.9814809560775757,1.9537039995193481,1.050524353981018
28-08-1984,1.9629629850387573,1.9722219705581665,110700,1.9814809560775757,1.9629629850387573,1.055503010749817
29-08-1984,1.9814809560775757,1.9814809560775757,499500,2.0462958812713623,1.9907410144805908,1.0704386234283447
30-08-1984,1.9629629850387573,2.0,129600,2.0,1.9629629850387573,1.055503010749817
31-08-1984,1.944443941116333,1.9722219705581665,49950,1.9722219705581665,1.9629629850387573,1.055503010749817
04-09-1984,1.9259259700775146,1.944443941116333,64800,1.9537039995193481,1.9351849555969238,1.040565848350525
05-09-1984,1.8981479406356812,1.9351849555969238,537300,1.9351849555969238,1.9259259700775146,1.0355877876281738
06-09-1984,1.9259259700775146,1.9351849555969238,164700,1.9537039995193481,1.9351849555969238,1.040565848350525
07-09-1984,1.9351849555969238,1.9351849555969238,143100,1.9629629850387573,1.9629629850387573,1.055503010749817
10-09-1984,1.9166669845581055,1.9351849555969238,199800,1.944443941116333,1.9351849555969238,1.0484793186187744
11-09-1984,1.9259259700775146,1.9259259700775146,83700,1.9814809560775757,1.9722219705581665,1.0685460567474365
12-09-1984,1.9166669845581055,1.9722219705581665,263250,1.9722219705581665,1.9166669845581055,1.038446307182312
13-09-1984,1.9351849555969238,1.9351849555969238,89100,1.9537039995193481,1.9537039995193481,1.0585131645202637
14-09-1984,1.9537039995193481,1.9537039995193481,329400,2.0,1.9629629850387573,1.0635292530059814
17-09-1984,1.9537039995193481,1.9537039995193481,54000,1.9722219705581665,1.9629629850387573,1.0635292530059814
18-09-1984,1.9629629850387573,1.9629629850387573,330750,1.9907410144805908,1.9722219705581665,1.0685460567474365
19-09-1984,1.9629629850387573,1.9907410144805908,228150,2.0,1.9722219705581665,1.0685460567474365
20-09-1984,1.9722219705581665,1.9722219705581665,125550,1.9907410144805908,1.9814809560775757,1.0735621452331543
21-09-1984,1.9722219705581665,1.9722219705581665,305100,2.037036895751953,2.0,1.0835959911346436
24-09-1984,1.9907410144805908,2.0,122850,2.0185189247131348,1.9907410144805908,1.0785789489746094
25-09-1984,1.9907410144805908,2.009258985519409,39150,2.0185189247131348,2.0185189247131348,1.0936299562454224
26-09-1984,1.9907410144805908,2.0185189247131348,102600,2.027777910232544,1.9907410144805908,1.0785789489746094
27-09-1984,2.0,2.0185189247131348,90450,2.0185189247131348,2.0,1.0835959911346436
28-09-1984,1.9814809560775757,1.9907410144805908,102600,2.0,1.9814809560775757,1.0735621452331543
01-10-1984,1.9629629850387573,2.0,238950,2.0,1.9722219705581665,1.0685460567474365
02-10-1984,1.9722219705581665,1.9722219705581665,214650,1.9907410144805908,1.9722219705581665,1.0685460567474365
03-10-1984,1.9259259700775146,1.9629629850387573,176850,1.9722219705581665,1.9259259700775146,1.0434626340866089
04-10-1984,1.8703700304031372,1.9074070453643799,191700,1.9074070453643799,1.8981479406356812,1.0284122228622437
05-10-1984,1.8796299695968628,1.8796299695968628,85050,1.9166669845581055,1.9074070453643799,1.0334290266036987
08-10-1984,1.8796299695968628,1.8981479406356812,206550,1.9074070453643799,1.888888955116272,1.0233967304229736
09-10-1984,1.861111044883728,1.888888955116272,76950,1.888888955116272,1.861111044883728,1.0083465576171875
10-10-1984,1.8425929546356201,1.861111044883728,90450,1.861111044883728,1.8425929546356201,0.998313307762146
11-10-1984,1.805556058883667,1.8240740299224854,144450,1.8333330154418945,1.805556058883667,0.9782470464706421
12-10-1984,1.805556058883667,1.805556058883667,102600,1.8425929546356201,1.8148150444030762,0.9832632541656494
15-10-1984,1.7962960004806519,1.805556058883667,83700,1.8703700304031372,1.8703700304031372,1.0133627653121948
16-10-1984,1.8148150444030762,1.8518520593643188,259200,1.9074070453643799,1.8148150444030762,0.9832632541656494
17-10-1984,1.7870370149612427,1.8240740299224854,139050,1.8333330154418945,1.805556058883667,0.9782470464706421
18-10-1984,1.7962960004806519,1.805556058883667,263250,1.8518520593643188,1.8518520593643188,1.0033290386199951
19-10-1984,1.8148150444030762,1.8703700304031372,1487700,1.8796299695968628,1.8333330154418945,0.9932957887649536
22-10-1984,1.75,1.8425929546356201,510300,1.8518520593643188,1.75,0.9481464624404907
23-10-1984,1.75,1.75,683100,1.8240740299224854,1.7592589855194092,0.9531634449958801
24-10-1984,1.7592589855194092,1.7777780294418335,741150,1.7870370149612427,1.7870370149612427,0.9682130813598633
25-10-1984,1.7870370149612427,1.7962960004806519,182250,1.8148150444030762,1.805556058883667,0.9782470464706421
26-10-1984,1.75,1.7777780294418335,256500,1.7870370149612427,1.7592589855194092,0.9531634449958801
29-10-1984,1.7037039995193481,1.7592589855194092,328050,1.7592589855194092,1.7129629850387573,0.9280795454978943
30-10-1984,1.6851849555969238,1.7037039995193481,506250,1.7685190439224243,1.7685190439224243,0.9581800699234009
31-10-1984,1.7037039995193481,1.7407410144805908,174150,1.75,1.7222219705581665,0.9330964684486389
01-11-1984,1.7129629850387573,1.7129629850387573,241650,1.75,1.7314809560775757,0.938112735748291
02-11-1984,1.7037039995193481,1.7314809560775757,710100,1.75,1.75,0.9481464624404907
05-11-1984,1.7592589855194092,1.7592589855194092,475200,1.7685190439224243,1.7685190439224243,0.9581800699234009
06-11-1984,1.7592589855194092,1.7685190439224243,1296000,1.8240740299224854,1.8148150444030762,0.9832632541656494
07-11-1984,1.75,1.805556058883667,229500,1.8240740299224854,1.7592589855194092,0.9531634449958801
08-11-1984,1.7592589855194092,1.7592589855194092,935550,1.7870370149612427,1.7777780294418335,0.9631964564323425
09-11-1984,1.7592589855194092,1.7962960004806519,287550,1.805556058883667,1.7777780294418335,0.9631964564323425
12-11-1984,1.7685190439224243,1.7777780294418335,55350,1.7777780294418335,1.7685190439224243,0.9581800699234009
13-11-1984,1.75,1.7777780294418335,90450,1.7870370149612427,1.7685190439224243,0.9581800699234009
14-11-1984,1.7592589855194092,1.7685190439224243,194400,1.7870370149612427,1.7685190439224243,0.9581800699234009
15-11-1984,1.75,1.75,172800,1.7777780294418335,1.7685190439224243,0.9581800699234009
16-11-1984,1.75,1.7592589855194092,122850,1.7962960004806519,1.75,0.9481464624404907
19-11-1984,1.7407410144805908,1.7685190439224243,145800,1.7777780294418335,1.75,0.9481464624404907
20-11-1984,1.7314809560775757,1.7685190439224243,249750,1.7685190439224243,1.75,0.9481464624404907
21-11-1984,1.6666669845581055,1.75,280800,1.7592589855194092,1.7222219705581665,0.9330964684486389
23-11-1984,1.7129629850387573,1.7314809560775757,186300,1.7777780294418335,1.7777780294418335,0.9631964564323425
26-11-1984,1.7685190439224243,1.7962960004806519,623700,1.8333330154418945,1.7870370149612427,0.9682130813598633
27-11-1984,1.7592589855194092,1.7962960004806519,78300,1.7962960004806519,1.7962960004806519,0.9732293486595154
28-11-1984,1.7870370149612427,1.7962960004806519,206550,1.805556058883667,1.7870370149612427,0.9682130813598633
29-11-1984,1.7592589855194092,1.7777780294418335,2816100,1.7962960004806519,1.7870370149612427,0.9682130813598633
30-11-1984,1.7685190439224243,1.7777780294418335,109350,1.7962960004806519,1.7962960004806519,0.9732293486595154
03-12-1984,1.7777780294418335,1.7777780294418335,330750,1.8148150444030762,1.7777780294418335,0.971206545829773
04-12-1984,1.7870370149612427,1.7962960004806519,886950,1.8148150444030762,1.8148150444030762,0.9914395809173584
05-12-1984,1.75,1.8148150444030762,432000,1.8240740299224854,1.7685190439224243,0.9661483764648438
06-12-1984,1.75,1.7685190439224243,147150,1.7685190439224243,1.75,0.9560309648513794
07-12-1984,1.75,1.7777780294418335,205200,1.7870370149612427,1.7592589855194092,0.9610896110534668
10-12-1984,1.75,1.7685190439224243,302400,1.7777780294418335,1.7592589855194092,0.9610896110534668
11-12-1984,1.7777780294418335,1.7777780294418335,421200,1.8148150444030762,1.7962960004806519,0.9813230037689209
12-12-1984,1.75,1.7962960004806519,110700,1.8148150444030762,1.75,0.9560309648513794
13-12-1984,1.75,1.7592589855194092,233550,1.7777780294418335,1.7592589855194092,0.9610896110534668
14-12-1984,1.75,1.7685190439224243,151200,1.7777780294418335,1.7777780294418335,0.971206545829773
17-12-1984,1.75,1.7592589855194092,211950,1.7777780294418335,1.75,0.9560309648513794
18-12-1984,1.7592589855194092,1.7777780294418335,662850,1.8703700304031372,1.8703700304031372,1.0217900276184082
19-12-1984,1.8425929546356201,1.861111044883728,241650,1.8703700304031372,1.861111044883728,1.0167317390441895
20-12-1984,1.8425929546356201,1.8796299695968628,206550,1.8796299695968628,1.8518520593643188,1.0116733312606812
21-12-1984,1.7777780294418335,1.8333330154418945,230850,1.8333330154418945,1.7962960004806519,0.9813230037689209
24-12-1984,1.7962960004806519,1.8148150444030762,136350,1.8333330154418945,1.8240740299224854,0.9964984059333801
26-12-1984,1.8148150444030762,1.8148150444030762,190350,1.8425929546356201,1.8425929546356201,1.0066158771514893
27-12-1984,1.8240740299224854,1.8425929546356201,483300,1.8425929546356201,1.8425929546356201,1.0066158771514893
28-12-1984,1.805556058883667,1.8425929546356201,109350,1.8425929546356201,1.805556058883667,0.9863823056221008
31-12-1984,1.7962960004806519,1.805556058883667,207900,1.8148150444030762,1.8148150444030762,0.9914395809173584
02-01-1985,1.7685190439224243,1.8148150444030762,178200,1.8148150444030762,1.7777780294418335,0.971206545829773
03-01-1985,1.7685190439224243,1.7777780294418335,207900,1.7962960004806519,1.7962960004806519,0.9813230037689209
04-01-1985,1.7685190439224243,1.7962960004806519,112050,1.7962960004806519,1.7962960004806519,0.9813230037689209
07-01-1985,1.7685190439224243,1.7962960004806519,184950,1.8148150444030762,1.805556058883667,0.9863823056221008
08-01-1985,1.7962960004806519,1.805556058883667,1471500,1.8148150444030762,1.8148150444030762,0.9914395809173584
09-01-1985,1.8148150444030762,1.8148150444030762,1171800,1.8425929546356201,1.8240740299224854,0.9964984059333801
10-01-1985,1.8148150444030762,1.8240740299224854,804600,1.9259259700775146,1.9259259700775146,1.052140474319458
11-01-1985,1.9166669845581055,1.9166669845581055,311850,1.9537039995193481,1.9351849555969238,1.0571990013122559
14-01-1985,1.9259259700775146,1.9259259700775146,594000,2.027777910232544,2.009258985519409,1.0976653099060059
15-01-1985,1.9722219705581665,2.009258985519409,594000,2.0185189247131348,1.9722219705581665,1.077431559562683
16-01-1985,1.9907410144805908,1.9907410144805908,518400,2.212963104248047,2.0185189247131348,1.1027239561080933
17-01-1985,2.009258985519409,2.0185189247131348,468450,2.0740740299224854,2.055556058883667,1.1229573488235474
18-01-1985,1.9907410144805908,2.055556058883667,190350,2.055556058883667,2.0185189247131348,1.1027239561080933
21-01-1985,1.9814809560775757,2.0,556200,2.009258985519409,2.009258985519409,1.0976653099060059
22-01-1985,2.009258985519409,2.027777910232544,337500,2.0462958812713623,2.0462958812713623,1.11789870262146
23-01-1985,2.037036895751953,2.0462958812713623,452250,2.0740740299224854,2.055556058883667,1.1229573488235474
24-01-1985,2.1111109256744385,2.1296300888061523,931500,2.1666669845581055,2.1203699111938477,1.1583659648895264
25-01-1985,2.1203699111938477,2.1388890743255615,787050,2.15740704536438,2.15740704536438,1.1785988807678223
28-01-1985,2.1296300888061523,2.15740704536438,283500,2.15740704536438,2.1388890743255615,1.1684828996658325
29-01-1985,2.1018519401550293,2.1296300888061523,199800,2.1296300888061523,2.1203699111938477,1.1583659648895264
30-01-1985,2.1203699111938477,2.1203699111938477,625050,2.185184955596924,2.1296300888061523,1.1634242534637451
31-01-1985,2.09259295463562,2.1203699111938477,97200,2.1203699111938477,2.1111109256744385,1.1533077955245972
01-02-1985,2.055556058883667,2.1111109256744385,244350,2.1111109256744385,2.0740740299224854,1.133074402809143
04-02-1985,2.064815044403076,2.09259295463562,531900,2.09259295463562,2.0833330154418945,1.1381319761276245
05-02-1985,2.0462958812713623,2.0740740299224854,1116450,2.1018519401550293,2.0833330154418945,1.1381319761276245
06-02-1985,2.0462958812713623,2.0740740299224854,423900,2.1018519401550293,2.0740740299224854,1.133074402809143
07-02-1985,2.0740740299224854,2.0740740299224854,464400,2.1388890743255615,2.1388890743255615,1.1684828996658325
08-02-1985,2.1296300888061523,2.1388890743255615,454950,2.15740704536438,2.1481480598449707,1.17354154586792
11-02-1985,2.1018519401550293,2.1481480598449707,573750,2.15740704536438,2.1111109256744385,1.1533077955245972
12-02-1985,2.064815044403076,2.1111109256744385,298350,2.1111109256744385,2.0740740299224854,1.133074402809143
13-02-1985,2.0740740299224854,2.0740740299224854,415800,2.1111109256744385,2.1018519401550293,1.148249626159668
14-02-1985,2.0740740299224854,2.1018519401550293,187650,2.1111109256744385,2.0740740299224854,1.133074402809143
15-02-1985,2.0740740299224854,2.0740740299224854,268650,2.0833330154418945,2.0740740299224854,1.133074402809143
19-02-1985,2.0740740299224854,2.0740740299224854,137700,2.0833330154418945,2.0740740299224854,1.133074402809143
20-02-1985,2.055556058883667,2.0740740299224854,264600,2.0833330154418945,2.055556058883667,1.1229573488235474
21-02-1985,2.055556058883667,2.0740740299224854,132300,2.0740740299224854,2.055556058883667,1.1229573488235474
22-02-1985,2.055556058883667,2.0740740299224854,270000,2.0833330154418945,2.055556058883667,1.1229573488235474
25-02-1985,2.0462958812713623,2.0740740299224854,238950,2.0740740299224854,2.055556058883667,1.1229573488235474
26-02-1985,2.0462958812713623,2.055556058883667,237600,2.1018519401550293,2.0740740299224854,1.133074402809143
27-02-1985,2.0740740299224854,2.0833330154418945,369900,2.1203699111938477,2.09259295463562,1.1431912183761597
28-02-1985,2.09259295463562,2.09259295463562,72900,2.1111109256744385,2.1111109256744385,1.1533077955245972
01-03-1985,2.0740740299224854,2.09259295463562,175500,2.09259295463562,2.0740740299224854,1.133074402809143
04-03-1985,2.064815044403076,2.0740740299224854,43200,2.0833330154418945,2.064815044403076,1.1280156373977661
05-03-1985,2.055556058883667,2.064815044403076,283500,2.1203699111938477,2.1111109256744385,1.1533077955245972
06-03-1985,2.0740740299224854,2.1111109256744385,873450,2.1111109256744385,2.0740740299224854,1.133074402809143
07-03-1985,2.064815044403076,2.0740740299224854,468450,2.09259295463562,2.09259295463562,1.1431912183761597
08-03-1985,2.027777910232544,2.0740740299224854,356400,2.09259295463562,2.055556058883667,1.1229573488235474
11-03-1985,2.0,2.0185189247131348,194400,2.037036895751953,2.009258985519409,1.105634093284607
12-03-1985,1.9722219705581665,1.9907410144805908,184950,1.9907410144805908,1.9722219705581665,1.085254430770874
13-03-1985,1.8703700304031372,1.9537039995193481,373950,1.9629629850387573,1.888888955116272,1.039397954940796
14-03-1985,1.8796299695968628,1.8796299695968628,326700,1.9629629850387573,1.944443941116333,1.069968819618225
15-03-1985,1.944443941116333,1.9537039995193481,58050,1.9814809560775757,1.9722219705581665,1.085254430770874
18-03-1985,1.9166669845581055,1.9629629850387573,97200,1.9907410144805908,1.9351849555969238,1.0648730993270874
19-03-1985,1.888888955116272,1.9166669845581055,302400,1.9907410144805908,1.9907410144805908,1.0954439640045166
20-03-1985,1.8981479406356812,1.9629629850387573,317250,1.9814809560775757,1.9722219705581665,1.085254430770874
21-03-1985,1.9722219705581665,1.9907410144805908,141750,2.009258985519409,2.009258985519409,1.105634093284607
22-03-1985,1.9537039995193481,2.0185189247131348,1212300,2.0185189247131348,1.9722219705581665,1.085254430770874
25-03-1985,1.9629629850387573,1.9722219705581665,244350,2.0,1.9814809560775757,1.0903483629226685
26-03-1985,1.944443941116333,1.9629629850387573,67500,1.9814809560775757,1.944443941116333,1.069968819618225
27-03-1985,1.9259259700775146,1.9259259700775146,106650,1.9814809560775757,1.9629629850387573,1.0801588296890259
28-03-1985,1.944443941116333,1.9629629850387573,209250,2.0,1.944443941116333,1.069968819618225
29-03-1985,1.9259259700775146,1.944443941116333,781650,1.9814809560775757,1.9629629850387573,1.0801588296890259
01-04-1985,1.944443941116333,1.944443941116333,321300,1.9629629850387573,1.9629629850387573,1.0801588296890259
02-04-1985,1.9629629850387573,1.9814809560775757,110700,1.9907410144805908,1.9814809560775757,1.0903483629226685
03-04-1985,1.9629629850387573,1.9814809560775757,113400,1.9814809560775757,1.9814809560775757,1.0903483629226685
04-04-1985,1.9629629850387573,1.9814809560775757,213300,1.9907410144805908,1.9722219705581665,1.085254430770874
08-04-1985,1.9629629850387573,1.9629629850387573,164700,1.9814809560775757,1.9629629850387573,1.0801588296890259
09-04-1985,1.9629629850387573,1.9629629850387573,98550,1.9907410144805908,1.9907410144805908,1.0954439640045166
10-04-1985,1.9814809560775757,2.0,49950,2.0,1.9907410144805908,1.0954439640045166
11-04-1985,1.9814809560775757,1.9814809560775757,113400,2.0,1.9814809560775757,1.0903483629226685
12-04-1985,1.9629629850387573,1.9629629850387573,513000,1.9814809560775757,1.9629629850387573,1.0801588296890259
15-04-1985,1.944443941116333,1.9537039995193481,182250,1.9629629850387573,1.944443941116333,1.069968819618225
16-04-1985,1.944443941116333,1.9629629850387573,113400,1.9629629850387573,1.944443941116333,1.069968819618225
17-04-1985,1.9351849555969238,1.9351849555969238,510300,2.0185189247131348,2.009258985519409,1.105634093284607
18-04-1985,1.9814809560775757,2.0,178200,2.009258985519409,1.9907410144805908,1.0954439640045166
19-04-1985,1.944443941116333,1.9722219705581665,483300,2.009258985519409,1.9537039995193481,1.075063943862915
22-04-1985,1.9351849555969238,1.9537039995193481,854550,1.9629629850387573,1.9537039995193481,1.075063943862915
23-04-1985,1.9259259700775146,1.9537039995193481,625050,1.9629629850387573,1.9629629850387573,1.0801588296890259
24-04-1985,1.9166669845581055,1.944443941116333,103950,1.944443941116333,1.9166669845581055,1.0546833276748657
25-04-1985,1.861111044883728,1.9074070453643799,120150,1.9166669845581055,1.8796299695968628,1.0343031883239746
26-04-1985,1.8518520593643188,1.8703700304031372,502200,1.888888955116272,1.861111044883728,1.0241129398345947
29-04-1985,1.8425929546356201,1.8518520593643188,523800,1.8518520593643188,1.8518520593643188,1.0190174579620361
30-04-1985,1.8518520593643188,1.8518520593643188,310500,1.8796299695968628,1.8703700304031372,1.0292075872421265
01-05-1985,1.8518520593643188,1.861111044883728,251100,1.888888955116272,1.8703700304031372,1.0292075872421265
02-05-1985,1.861111044883728,1.888888955116272,183600,1.888888955116272,1.8703700304031372,1.0292075872421265
03-05-1985,1.8333330154418945,1.8703700304031372,171450,1.8703700304031372,1.8518520593643188,1.0190174579620361
06-05-1985,1.8333330154418945,1.8425929546356201,174150,1.861111044883728,1.8333330154418945,1.008827567100525
07-05-1985,1.8425929546356201,1.8518520593643188,102600,1.861111044883728,1.8425929546356201,1.0139224529266357
08-05-1985,1.8148150444030762,1.8518520593643188,190350,1.8518520593643188,1.8333330154418945,1.008827567100525
09-05-1985,1.8148150444030762,1.8240740299224854,301050,1.8425929546356201,1.8333330154418945,1.008827567100525
10-05-1985,1.8518520593643188,1.8518520593643188,295650,1.888888955116272,1.888888955116272,1.039397954940796
13-05-1985,1.861111044883728,1.8796299695968628,525150,1.8981479406356812,1.8703700304031372,1.0292075872421265
14-05-1985,1.8518520593643188,1.8796299695968628,461700,1.8796299695968628,1.861111044883728,1.0241129398345947
15-05-1985,1.8518520593643188,1.8518520593643188,168750,1.9074070453643799,1.8981479406356812,1.0444929599761963
16-05-1985,1.8703700304031372,1.8981479406356812,418500,1.944443941116333,1.944443941116333,1.069968819618225
17-05-1985,1.9259259700775146,1.9537039995193481,546750,1.9629629850387573,1.9629629850387573,1.0801588296890259
20-05-1985,1.9351849555969238,1.9722219705581665,553500,1.9814809560775757,1.9351849555969238,1.0648730993270874
21-05-1985,1.9351849555969238,1.9351849555969238,183600,1.9629629850387573,1.9537039995193481,1.075063943862915
22-05-1985,1.9166669845581055,1.944443941116333,214650,1.944443941116333,1.9166669845581055,1.0546833276748657
23-05-1985,1.9166669845581055,1.9259259700775146,74250,1.9351849555969238,1.9166669845581055,1.0546833276748657
24-05-1985,1.9166669845581055,1.9166669845581055,64800,1.9351849555969238,1.9166669845581055,1.0546833276748657
28-05-1985,1.9074070453643799,1.9166669845581055,168750,1.9259259700775146,1.9074070453643799,1.0495879650115967
29-05-1985,1.9074070453643799,1.9074070453643799,375300,1.9259259700775146,1.9074070453643799,1.0495879650115967
30-05-1985,1.9074070453643799,1.9074070453643799,461700,1.9351849555969238,1.9166669845581055,1.0546833276748657
31-05-1985,1.9074070453643799,1.9074070453643799,328050,1.9259259700775146,1.9259259700775146,1.0597785711288452
03-06-1985,1.8981479406356812,1.9259259700775146,326700,1.9259259700775146,1.9166669845581055,1.0546833276748657
04-06-1985,1.9074070453643799,1.9074070453643799,86400,1.944443941116333,1.9351849555969238,1.0648730993270874
05-06-1985,1.9351849555969238,1.9537039995193481,290250,1.9629629850387573,1.944443941116333,1.069968819618225
06-06-1985,1.9351849555969238,1.9537039995193481,121500,1.9537039995193481,1.944443941116333,1.069968819618225
07-06-1985,1.8425929546356201,1.9259259700775146,699300,1.9259259700775146,1.861111044883728,1.0241129398345947
10-06-1985,1.8148150444030762,1.8333330154418945,545400,1.861111044883728,1.8333330154418945,1.0169225931167603
11-06-1985,1.8240740299224854,1.8333330154418945,276750,1.861111044883728,1.8240740299224854,1.011786699295044
12-06-1985,1.7870370149612427,1.8148150444030762,378000,1.8425929546356201,1.7962960004806519,0.9963787198066711
13-06-1985,1.7407410144805908,1.805556058883667,344250,1.8148150444030762,1.7592589855194092,0.9758350849151611
14-06-1985,1.7592589855194092,1.7592589855194092,317250,1.7962960004806519,1.7870370149612427,0.9912421107292175
17-06-1985,1.7592589855194092,1.7777780294418335,477900,1.7870370149612427,1.7592589855194092,0.9758350849151611
18-06-1985,1.7407410144805908,1.7592589855194092,363150,1.7777780294418335,1.7685190439224243,0.9809710383415222
19-06-1985,1.7037039995193481,1.7685190439224243,400950,1.7685190439224243,1.7222219705581665,0.9552908539772034
20-06-1985,1.694443941116333,1.7222219705581665,562950,1.7222219705581665,1.7129629850387573,0.9501551389694214
21-06-1985,1.7037039995193481,1.7129629850387573,1289250,1.7870370149612427,1.75,0.970698356628418
24-06-1985,1.75,1.7592589855194092,321300,1.8425929546356201,1.8240740299224854,1.011786699295044
25-06-1985,1.8240740299224854,1.8240740299224854,658800,1.8703700304031372,1.8518520593643188,1.0271940231323242
26-06-1985,1.8333330154418945,1.8425929546356201,321300,1.8518520593643188,1.8333330154418945,1.0169225931167603
27-06-1985,1.7870370149612427,1.8148150444030762,171450,1.8333330154418945,1.8148150444030762,1.0066500902175903
28-06-1985,1.7777780294418335,1.8148150444030762,249750,1.8148150444030762,1.7962960004806519,0.9963787198066711
01-07-1985,1.805556058883667,1.805556058883667,216000,1.888888955116272,1.888888955116272,1.0477384328842163
02-07-1985,1.8240740299224854,1.888888955116272,513000,1.888888955116272,1.8518520593643188,1.0271940231323242
03-07-1985,1.8148150444030762,1.8518520593643188,153900,1.8518520593643188,1.8425929546356201,1.0220587253570557
05-07-1985,1.8425929546356201,1.8518520593643188,170100,1.8518520593643188,1.8425929546356201,1.0220587253570557
08-07-1985,1.805556058883667,1.8425929546356201,125550,1.8425929546356201,1.8240740299224854,1.011786699295044
09-07-1985,1.8148150444030762,1.8240740299224854,287550,1.8333330154418945,1.8240740299224854,1.011786699295044
10-07-1985,1.8240740299224854,1.8240740299224854,384750,1.8518520593643188,1.8518520593643188,1.0271940231323242
11-07-1985,1.8333330154418945,1.8333330154418945,413100,1.8703700304031372,1.8518520593643188,1.0271940231323242
12-07-1985,1.861111044883728,1.861111044883728,237600,1.9074070453643799,1.8981479406356812,1.052874207496643
15-07-1985,1.8981479406356812,1.9074070453643799,206550,1.9166669845581055,1.9074070453643799,1.058010220527649
16-07-1985,1.8981479406356812,1.9074070453643799,352350,1.9166669845581055,1.9166669845581055,1.0631464719772339
17-07-1985,1.9166669845581055,1.9259259700775146,865350,1.944443941116333,1.9166669845581055,1.0631464719772339
18-07-1985,1.861111044883728,1.9166669845581055,261900,1.9166669845581055,1.861111044883728,1.0323302745819092
19-07-1985,1.8518520593643188,1.861111044883728,1109700,1.9166669845581055,1.9166669845581055,1.0631464719772339
22-07-1985,1.888888955116272,1.8981479406356812,373950,1.9166669845581055,1.888888955116272,1.0477384328842163
23-07-1985,1.888888955116272,1.888888955116272,206550,1.9074070453643799,1.888888955116272,1.0477384328842163
24-07-1985,1.8333330154418945,1.8796299695968628,549450,1.888888955116272,1.8333330154418945,1.0169225931167603
25-07-1985,1.8425929546356201,1.8518520593643188,321300,1.8703700304031372,1.861111044883728,1.0323302745819092
26-07-1985,1.8148150444030762,1.8425929546356201,762750,1.8518520593643188,1.8148150444030762,1.0066500902175903
29-07-1985,1.7592589855194092,1.805556058883667,288900,1.8148150444030762,1.7685190439224243,0.9809710383415222
30-07-1985,1.7870370149612427,1.7962960004806519,203850,1.8148150444030762,1.805556058883667,1.0015151500701904
31-07-1985,1.7777780294418335,1.7962960004806519,614250,1.8333330154418945,1.8148150444030762,1.0066500902175903
01-08-1985,1.8333330154418945,1.8333330154418945,105300,1.8796299695968628,1.861111044883728,1.0323302745819092
02-08-1985,1.8240740299224854,1.861111044883728,207900,1.8703700304031372,1.8703700304031372,1.0374658107757568
05-08-1985,1.7777780294418335,1.8518520593643188,220050,1.8518520593643188,1.7777780294418335,0.986106276512146
06-08-1985,1.7777780294418335,1.7777780294418335,330750,1.805556058883667,1.7870370149612427,0.9912421107292175
07-08-1985,1.7870370149612427,1.7870370149612427,333450,1.8148150444030762,1.7870370149612427,0.9912421107292175
08-08-1985,1.7685190439224243,1.7962960004806519,492750,1.8148150444030762,1.805556058883667,1.0015151500701904
09-08-1985,1.7870370149612427,1.8148150444030762,349650,1.8148150444030762,1.7870370149612427,0.9912421107292175
12-08-1985,1.7870370149612427,1.7870370149612427,508950,1.805556058883667,1.7870370149612427,0.9912421107292175
13-08-1985,1.7407410144805908,1.7870370149612427,425250,1.7962960004806519,1.7407410144805908,0.9655629992485046
14-08-1985,1.7222219705581665,1.7592589855194092,600750,1.7685190439224243,1.7314809560775757,0.9604270458221436
15-08-1985,1.7222219705581665,1.75,484650,1.7592589855194092,1.7222219705581665,0.9552908539772034
16-08-1985,1.7037039995193481,1.7129629850387573,400950,1.75,1.7314809560775757,0.9604270458221436
19-08-1985,1.7222219705581665,1.7314809560775757,356400,1.7592589855194092,1.7592589855194092,0.9758350849151611
20-08-1985,1.7314809560775757,1.7407410144805908,230850,1.7592589855194092,1.7592589855194092,0.9758350849151611
21-08-1985,1.75,1.75,581850,1.8148150444030762,1.7777780294418335,0.986106276512146
22-08-1985,1.75,1.7592589855194092,376650,1.7685190439224243,1.7592589855194092,0.9758350849151611
23-08-1985,1.75,1.75,95850,1.7685190439224243,1.7685190439224243,0.9809710383415222
26-08-1985,1.7222219705581665,1.75,103950,1.75,1.7222219705581665,0.9552908539772034
27-08-1985,1.7407410144805908,1.7407410144805908,135000,1.7685190439224243,1.7592589855194092,0.9758350849151611
28-08-1985,1.7407410144805908,1.75,359100,1.7777780294418335,1.7685190439224243,0.9809710383415222
29-08-1985,1.7685190439224243,1.7685190439224243,367200,1.7870370149612427,1.7777780294418335,0.986106276512146
30-08-1985,1.75,1.7685190439224243,160650,1.7777780294418335,1.7685190439224243,0.9809710383415222
03-09-1985,1.7592589855194092,1.7777780294418335,179550,1.7777780294418335,1.7592589855194092,0.9758350849151611
04-09-1985,1.7129629850387573,1.7777780294418335,758700,1.7777780294418335,1.7129629850387573,0.9501551389694214
05-09-1985,1.6851849555969238,1.7129629850387573,553500,1.7314809560775757,1.6851849555969238,0.9347469806671143
06-09-1985,1.6759259700775146,1.7037039995193481,395550,1.7129629850387573,1.694443941116333,0.9398825764656067
09-09-1985,1.6666669845581055,1.694443941116333,414450,1.694443941116333,1.6851849555969238,0.9347469806671143
10-09-1985,1.6203700304031372,1.6296299695968628,440100,1.694443941116333,1.6296299695968628,0.9119484424591064
11-09-1985,1.611111044883728,1.6296299695968628,321300,1.638888955116272,1.6296299695968628,0.9119484424591064
12-09-1985,1.6296299695968628,1.6296299695968628,310500,1.6666669845581055,1.6481479406356812,0.9223110675811768
13-09-1985,1.5925929546356201,1.6481479406356812,796500,1.6481479406356812,1.6018520593643188,0.8964037895202637
16-09-1985,1.5833330154418945,1.5833330154418945,139050,1.5925929546356201,1.5833330154418945,0.8860403299331665
17-09-1985,1.4722219705581665,1.5833330154418945,422550,1.5833330154418945,1.5185190439224243,0.8497705459594727
18-09-1985,1.5,1.5092589855194092,677700,1.5370370149612427,1.5277780294418335,0.8549512028694153
19-09-1985,1.5185190439224243,1.5185190439224243,326700,1.555556058883667,1.5370370149612427,0.8601333498954773
20-09-1985,1.5370370149612427,1.5370370149612427,390150,1.611111044883728,1.5833330154418945,0.8860403299331665
23-09-1985,1.611111044883728,1.611111044883728,452250,1.6666669845581055,1.6203700304031372,0.9067665338516235
24-09-1985,1.6018520593643188,1.611111044883728,265950,1.6296299695968628,1.6203700304031372,0.9067665338516235
25-09-1985,1.5277780294418335,1.6018520593643188,1536300,1.6203700304031372,1.555556058883667,0.8704962730407715
26-09-1985,1.5277780294418335,1.5370370149612427,82350,1.5740740299224854,1.5740740299224854,0.8808591365814209
30-09-1985,1.5462960004806519,1.555556058883667,310500,1.5925929546356201,1.5740740299224854,0.8808591365814209
01-10-1985,1.5740740299224854,1.5925929546356201,459000,1.6851849555969238,1.6481479406356812,0.9223110675811768
02-10-1985,1.638888955116272,1.6666669845581055,145800,1.6851849555969238,1.6481479406356812,0.9223110675811768
03-10-1985,1.6296299695968628,1.6481479406356812,206550,1.694443941116333,1.694443941116333,0.9482186436653137
04-10-1985,1.6666669845581055,1.6851849555969238,114750,1.6851849555969238,1.6759259700775146,0.9378566741943359
07-10-1985,1.6851849555969238,1.6851849555969238,172800,1.7129629850387573,1.694443941116333,0.9482186436653137
08-10-1985,1.6759259700775146,1.6759259700775146,399600,1.7222219705581665,1.7037039995193481,0.9534006118774414
09-10-1985,1.7037039995193481,1.7037039995193481,156600,1.7407410144805908,1.7222219705581665,0.9637635946273804
10-10-1985,1.694443941116333,1.7129629850387573,124200,1.7222219705581665,1.694443941116333,0.9482186436653137
11-10-1985,1.694443941116333,1.694443941116333,176850,1.7592589855194092,1.7222219705581665,0.9637635946273804
14-10-1985,1.7314809560775757,1.7314809560775757,52650,1.75,1.75,0.9793077707290649
15-10-1985,1.7407410144805908,1.7407410144805908,382050,1.8240740299224854,1.8240740299224854,1.0207605361938477
16-10-1985,1.7962960004806519,1.8240740299224854,415800,1.8240740299224854,1.7962960004806519,1.0052160024642944
17-10-1985,1.6851849555969238,1.7870370149612427,213300,1.7870370149612427,1.6851849555969238,0.9430375099182129
18-10-1985,1.694443941116333,1.7222219705581665,324000,1.7314809560775757,1.7222219705581665,0.9637635946273804
21-10-1985,1.6666669845581055,1.7129629850387573,168750,1.7129629850387573,1.6666669845581055,0.9326747059822083
22-10-1985,1.638888955116272,1.6481479406356812,603450,1.6759259700775146,1.6481479406356812,0.9223110675811768
23-10-1985,1.6296299695968628,1.638888955116272,480600,1.6666669845581055,1.6666669845581055,0.9326747059822083
24-10-1985,1.6666669845581055,1.6666669845581055,171450,1.7129629850387573,1.7037039995193481,0.9534006118774414
25-10-1985,1.6851849555969238,1.7037039995193481,106650,1.7129629850387573,1.7037039995193481,0.9534006118774414
28-10-1985,1.6851849555969238,1.694443941116333,176850,1.7222219705581665,1.7222219705581665,0.9637635946273804
29-10-1985,1.7037039995193481,1.7037039995193481,367200,1.7962960004806519,1.7962960004806519,1.0052160024642944
30-10-1985,1.7777780294418335,1.8148150444030762,295650,1.8333330154418945,1.7962960004806519,1.0052160024642944
31-10-1985,1.7870370149612427,1.7870370149612427,216000,1.8333330154418945,1.7962960004806519,1.0052160024642944
01-11-1985,1.7685190439224243,1.7962960004806519,218700,1.7962960004806519,1.7777780294418335,0.9948523640632629
04-11-1985,1.7870370149612427,1.805556058883667,333450,1.8518520593643188,1.8425929546356201,1.0311236381530762
05-11-1985,1.8240740299224854,1.8425929546356201,310500,1.8796299695968628,1.8518520593643188,1.0363044738769531
06-11-1985,1.8240740299224854,1.8518520593643188,247050,1.8703700304031372,1.8703700304031372,1.046667456626892
07-11-1985,1.805556058883667,1.8425929546356201,170100,1.8518520593643188,1.805556058883667,1.0103979110717773
08-11-1985,1.7962960004806519,1.805556058883667,186300,1.861111044883728,1.8518520593643188,1.0363044738769531
11-11-1985,1.8333330154418945,1.8518520593643188,153900,1.888888955116272,1.888888955116272,1.0570311546325684
12-11-1985,1.8240740299224854,1.8703700304031372,344250,1.8796299695968628,1.8240740299224854,1.0207605361938477
13-11-1985,1.7870370149612427,1.8333330154418945,110700,1.8425929546356201,1.7870370149612427,1.0000337362289429
14-11-1985,1.7777780294418335,1.7777780294418335,243000,1.8425929546356201,1.8148150444030762,1.0155783891677856
15-11-1985,1.7962960004806519,1.8148150444030762,217350,1.8333330154418945,1.805556058883667,1.0103979110717773
18-11-1985,1.805556058883667,1.8240740299224854,263250,1.8425929546356201,1.8333330154418945,1.025942087173462
19-11-1985,1.8148150444030762,1.8333330154418945,290250,1.8425929546356201,1.8333330154418945,1.025942087173462
20-11-1985,1.805556058883667,1.8240740299224854,151200,1.8333330154418945,1.805556058883667,1.0103979110717773
21-11-1985,1.805556058883667,1.805556058883667,378000,1.8703700304031372,1.8703700304031372,1.046667456626892
22-11-1985,1.8518520593643188,1.8703700304031372,616950,1.8703700304031372,1.8703700304031372,1.046667456626892
25-11-1985,1.8148150444030762,1.861111044883728,627750,1.861111044883728,1.8333330154418945,1.025942087173462
26-11-1985,1.7962960004806519,1.8148150444030762,1134000,1.8240740299224854,1.7962960004806519,1.0052160024642944
27-11-1985,1.7962960004806519,1.805556058883667,615600,1.8518520593643188,1.8518520593643188,1.0363044738769531
29-11-1985,1.8148150444030762,1.8703700304031372,129600,1.8796299695968628,1.8148150444030762,1.0155783891677856
02-12-1985,1.8148150444030762,1.8240740299224854,1746900,1.8425929546356201,1.8240740299224854,1.0312840938568115
03-12-1985,1.7962960004806519,1.8425929546356201,430650,1.8425929546356201,1.8425929546356201,1.0417543649673462
04-12-1985,1.8240740299224854,1.8425929546356201,394200,1.888888955116272,1.8703700304031372,1.057458519935608
05-12-1985,1.8703700304031372,1.888888955116272,746550,1.8981479406356812,1.8796299695968628,1.0626945495605469
06-12-1985,1.8240740299224854,1.8703700304031372,419850,1.8796299695968628,1.861111044883728,1.052223801612854
09-12-1985,1.8518520593643188,1.861111044883728,294300,1.888888955116272,1.8703700304031372,1.057458519935608
10-12-1985,1.8333330154418945,1.8518520593643188,764100,1.8703700304031372,1.861111044883728,1.052223801612854
11-12-1985,1.8518520593643188,1.861111044883728,434700,1.9166669845581055,1.9166669845581055,1.0836331844329834
12-12-1985,1.9074070453643799,1.9074070453643799,313200,1.9259259700775146,1.9259259700775146,1.088868260383606
13-12-1985,1.9074070453643799,1.9074070453643799,577800,1.9629629850387573,1.9537039995193481,1.1045728921890259
16-12-1985,1.944443941116333,1.9629629850387573,803250,2.0,2.0,1.1307483911514282
17-12-1985,1.9722219705581665,1.9814809560775757,383400,2.009258985519409,1.9907410144805908,1.1255133152008057
18-12-1985,1.9722219705581665,2.0,595350,2.0185189247131348,1.9814809560775757,1.1202775239944458
19-12-1985,1.9722219705581665,1.9907410144805908,275400,2.0,1.9814809560775757,1.1202775239944458
20-12-1985,1.9629629850387573,1.9722219705581665,715500,2.027777910232544,2.027777910232544,1.1464530229568481
23-12-1985,2.009258985519409,2.009258985519409,392850,2.055556058883667,2.027777910232544,1.1464530229568481
24-12-1985,2.0,2.0185189247131348,222750,2.037036895751953,2.0185189247131348,1.1412174701690674
26-12-1985,2.009258985519409,2.009258985519409,62100,2.037036895751953,2.027777910232544,1.1464530229568481
27-12-1985,2.0185189247131348,2.0185189247131348,180900,2.055556058883667,2.0462958812713623,1.1569218635559082
30-12-1985,2.037036895751953,2.037036895751953,145800,2.0740740299224854,2.0740740299224854,1.1726269721984863
31-12-1985,2.055556058883667,2.0740740299224854,251100,2.1111109256744385,2.09259295463562,1.1830973625183105
02-01-1986,2.0462958812713623,2.0833330154418945,182250,2.0833330154418945,2.055556058883667,1.1621580123901367
03-01-1986,2.037036895751953,2.0462958812713623,475200,2.0740740299224854,2.037036895751953,1.1516878604888916
06-01-1986,2.027777910232544,2.037036895751953,210600,2.064815044403076,2.037036895751953,1.1516878604888916
07-01-1986,2.037036895751953,2.055556058883667,201150,2.055556058883667,2.037036895751953,1.1516878604888916
08-01-1986,1.944443941116333,2.055556058883667,561600,2.055556058883667,1.944443941116333,1.0993382930755615
09-01-1986,1.944443941116333,1.944443941116333,338850,2.0,1.9722219705581665,1.1150426864624023
10-01-1986,1.9722219705581665,1.9907410144805908,175500,2.009258985519409,1.9722219705581665,1.1150426864624023
13-01-1986,1.9907410144805908,1.9907410144805908,873450,2.009258985519409,1.9907410144805908,1.1255133152008057
14-01-1986,2.0185189247131348,2.027777910232544,244350,2.055556058883667,2.037036895751953,1.1516878604888916
15-01-1986,2.037036895751953,2.037036895751953,519750,2.1111109256744385,2.09259295463562,1.1830973625183105
16-01-1986,2.0740740299224854,2.1111109256744385,206550,2.1111109256744385,2.0833330154418945,1.177862286567688
17-01-1986,2.0740740299224854,2.0740740299224854,179550,2.09259295463562,2.0740740299224854,1.1726269721984863
20-01-1986,2.037036895751953,2.055556058883667,191700,2.064815044403076,2.0462958812713623,1.1569218635559082
21-01-1986,2.055556058883667,2.0740740299224854,106650,2.0740740299224854,2.055556058883667,1.1621580123901367
22-01-1986,2.0462958812713623,2.0462958812713623,263250,2.0740740299224854,2.055556058883667,1.1621580123901367
23-01-1986,2.0462958812713623,2.0462958812713623,175500,2.055556058883667,2.0462958812713623,1.1569218635559082
24-01-1986,2.0462958812713623,2.0462958812713623,48600,2.064815044403076,2.055556058883667,1.1621580123901367
27-01-1986,2.055556058883667,2.064815044403076,387450,2.1018519401550293,2.09259295463562,1.1830973625183105
28-01-1986,2.064815044403076,2.0833330154418945,310500,2.09259295463562,2.0833330154418945,1.177862286567688
29-01-1986,2.0740740299224854,2.1018519401550293,291600,2.1018519401550293,2.0740740299224854,1.1726269721984863
30-01-1986,2.055556058883667,2.064815044403076,367200,2.0833330154418945,2.055556058883667,1.1621580123901367
31-01-1986,2.0462958812713623,2.0462958812713623,98550,2.0833330154418945,2.064815044403076,1.1673929691314697
03-02-1986,2.055556058883667,2.0740740299224854,153900,2.0833330154418945,2.064815044403076,1.1673929691314697
04-02-1986,2.037036895751953,2.055556058883667,402300,2.0740740299224854,2.064815044403076,1.1673929691314697
05-02-1986,2.0,2.0462958812713623,278100,2.064815044403076,2.0,1.1307483911514282
06-02-1986,2.0,2.0,167400,2.0462958812713623,2.027777910232544,1.1464530229568481
07-02-1986,2.0185189247131348,2.0185189247131348,261900,2.055556058883667,2.037036895751953,1.1516878604888916
10-02-1986,2.037036895751953,2.037036895751953,328050,2.064815044403076,2.037036895751953,1.1516878604888916
11-02-1986,2.037036895751953,2.037036895751953,457650,2.1018519401550293,2.055556058883667,1.1621580123901367
12-02-1986,2.0462958812713623,2.0462958812713623,329400,2.1203699111938477,2.1018519401550293,1.1883326768875122
13-02-1986,2.09259295463562,2.1203699111938477,183600,2.1296300888061523,2.1111109256744385,1.1935681104660034
14-02-1986,2.1018519401550293,2.1111109256744385,187650,2.1388890743255615,2.1111109256744385,1.1935681104660034
18-02-1986,2.1111109256744385,2.1296300888061523,252450,2.1388890743255615,2.1296300888061523,1.2040376663208008
19-02-1986,2.0740740299224854,2.1111109256744385,232200,2.1296300888061523,2.0833330154418945,1.177862286567688
20-02-1986,2.0740740299224854,2.09259295463562,155250,2.1018519401550293,2.1018519401550293,1.1883326768875122
21-02-1986,2.09259295463562,2.09259295463562,386100,2.1666669845581055,2.1666669845581055,1.224977731704712
24-02-1986,2.1296300888061523,2.1481480598449707,708750,2.2314810752868652,2.222222089767456,1.2563862800598145
25-02-1986,2.1759259700775146,2.2314810752868652,297000,2.2685189247131348,2.2037041187286377,1.245916485786438
26-02-1986,2.194443941116333,2.212963104248047,337500,2.222222089767456,2.2037041187286377,1.245916485786438
27-02-1986,2.1759259700775146,2.2037041187286377,175500,2.212963104248047,2.212963104248047,1.2511523962020874
28-02-1986,2.212963104248047,2.222222089767456,962550,2.277777910232544,2.259258985519409,1.2773258686065674
03-03-1986,2.222222089767456,2.259258985519409,271350,2.277777910232544,2.259258985519409,1.2773258686065674
04-03-1986,2.2314810752868652,2.2685189247131348,256500,2.277777910232544,2.2314810752868652,1.2616215944290161
05-03-1986,2.15740704536438,2.222222089767456,175500,2.222222089767456,2.1666669845581055,1.224977731704712
06-03-1986,2.15740704536438,2.185184955596924,199800,2.212963104248047,2.2037041187286377,1.245916485786438
07-03-1986,2.1666669845581055,2.2037041187286377,448200,2.2037041187286377,2.1666669845581055,1.224977731704712
10-03-1986,2.1296300888061523,2.15740704536438,279450,2.1759259700775146,2.1666669845581055,1.224977731704712
11-03-1986,2.1296300888061523,2.194443941116333,338850,2.194443941116333,2.194443941116333,1.2513773441314697
12-03-1986,2.1759259700775146,2.2037041187286377,334800,2.222222089767456,2.1759259700775146,1.2408170700073242
13-03-1986,2.15740704536438,2.1759259700775146,251100,2.2037041187286377,2.185184955596924,1.2460969686508179
14-03-1986,2.1296300888061523,2.185184955596924,361800,2.2037041187286377,2.1481480598449707,1.2249780893325806
17-03-1986,2.0740740299224854,2.1111109256744385,562950,2.1296300888061523,2.1203699111938477,1.2091368436813354
18-03-1986,2.1018519401550293,2.1018519401550293,444150,2.1481480598449707,2.1388890743255615,1.2196968793869019
19-03-1986,2.1481480598449707,2.1481480598449707,513000,2.194443941116333,2.1759259700775146,1.2408170700073242
20-03-1986,2.1203699111938477,2.15740704536438,325350,2.185184955596924,2.1296300888061523,1.2144173383712769
21-03-1986,2.1111109256744385,2.1296300888061523,1517400,2.212963104248047,2.212963104248047,1.2619378566741943
24-03-1986,2.185184955596924,2.222222089767456,363150,2.240741014480591,2.194443941116333,1.2513773441314697
25-03-1986,2.1759259700775146,2.194443941116333,170100,2.2037041187286377,2.194443941116333,1.2513773441314697
26-03-1986,2.2037041187286377,2.2037041187286377,449550,2.222222089767456,2.222222089767456,1.2672176361083984
27-03-1986,2.194443941116333,2.222222089767456,194400,2.222222089767456,2.212963104248047,1.2619378566741943
31-03-1986,2.194443941116333,2.2037041187286377,216000,2.2314810752868652,2.2037041187286377,1.2566578388214111
01-04-1986,2.2037041187286377,2.2314810752868652,999000,2.277777910232544,2.277777910232544,1.298898696899414
02-04-1986,2.222222089767456,2.287036895751953,255150,2.287036895751953,2.2314810752868652,1.2724977731704712
03-04-1986,2.185184955596924,2.222222089767456,172800,2.222222089767456,2.185184955596924,1.2460969686508179
04-04-1986,2.1481480598449707,2.2037041187286377,272700,2.212963104248047,2.1759259700775146,1.2408170700073242
07-04-1986,2.1481480598449707,2.15740704536438,418500,2.222222089767456,2.194443941116333,1.2513773441314697
08-04-1986,2.2037041187286377,2.222222089767456,1169100,2.240741014480591,2.2314810752868652,1.2724977731704712
09-04-1986,2.194443941116333,2.2314810752868652,179550,2.25,2.194443941116333,1.2513773441314697
10-04-1986,2.185184955596924,2.185184955596924,86400,2.212963104248047,2.212963104248047,1.2619378566741943
11-04-1986,2.1666669845581055,2.212963104248047,295650,2.2314810752868652,2.2037041187286377,1.2566578388214111
14-04-1986,2.194443941116333,2.212963104248047,307800,2.240741014480591,2.240741014480591,1.2777791023254395
15-04-1986,2.194443941116333,2.222222089767456,270000,2.222222089767456,2.2037041187286377,1.2566578388214111
16-04-1986,2.185184955596924,2.2037041187286377,480600,2.222222089767456,2.222222089767456,1.2672176361083984
17-04-1986,2.194443941116333,2.2037041187286377,306450,2.240741014480591,2.240741014480591,1.2777791023254395
18-04-1986,2.222222089767456,2.2314810752868652,148500,2.25,2.240741014480591,1.2777791023254395
21-04-1986,2.222222089767456,2.222222089767456,217350,2.25,2.240741014480591,1.2777791023254395
22-04-1986,2.222222089767456,2.25,473850,2.259258985519409,2.259258985519409,1.288338541984558
23-04-1986,2.222222089767456,2.222222089767456,162000,2.240741014480591,2.222222089767456,1.2672176361083984
24-04-1986,2.222222089767456,2.240741014480591,230850,2.25,2.222222089767456,1.2672176361083984
25-04-1986,2.185184955596924,2.222222089767456,220050,2.240741014480591,2.194443941116333,1.2513773441314697
28-04-1986,2.1481480598449707,2.212963104248047,319950,2.212963104248047,2.185184955596924,1.2460969686508179
29-04-1986,2.1388890743255615,2.1759259700775146,398250,2.2037041187286377,2.1481480598449707,1.2249780893325806
30-04-1986,2.1018519401550293,2.1388890743255615,688500,2.1481480598449707,2.1018519401550293,1.1985766887664795
01-05-1986,2.09259295463562,2.09259295463562,328050,2.1481480598449707,2.1481480598449707,1.2249780893325806
02-05-1986,2.1296300888061523,2.1296300888061523,291600,2.185184955596924,2.1666669845581055,1.2355374097824097
05-05-1986,2.1481480598449707,2.1481480598449707,274050,2.212963104248047,2.2037041187286377,1.2566578388214111
06-05-1986,2.1388890743255615,2.185184955596924,349650,2.2037041187286377,2.15740704536438,1.2302577495574951
07-05-1986,2.1296300888061523,2.15740704536438,279450,2.1666669845581055,2.1481480598449707,1.2249780893325806
08-05-1986,2.1296300888061523,2.1481480598449707,256500,2.185184955596924,2.1759259700775146,1.2408170700073242
09-05-1986,2.15740704536438,2.1666669845581055,190350,2.194443941116333,2.1759259700775146,1.2408170700073242
12-05-1986,2.1481480598449707,2.1666669845581055,79650,2.1759259700775146,2.1481480598449707,1.2249780893325806
13-05-1986,2.1296300888061523,2.1481480598449707,247050,2.1481480598449707,2.1296300888061523,1.2144173383712769
14-05-1986,2.1111109256744385,2.1481480598449707,207900,2.1481480598449707,2.1296300888061523,1.2144173383712769
15-05-1986,2.0462958812713623,2.1203699111938477,353700,2.1296300888061523,2.064815044403076,1.1774563789367676
16-05-1986,2.0462958812713623,2.0740740299224854,284850,2.0740740299224854,2.064815044403076,1.1774563789367676
19-05-1986,2.055556058883667,2.055556058883667,333450,2.0740740299224854,2.055556058883667,1.172176480293274
20-05-1986,2.0740740299224854,2.0740740299224854,130950,2.1203699111938477,2.1111109256744385,1.2038569450378418
21-05-1986,2.037036895751953,2.1111109256744385,407700,2.1111109256744385,2.064815044403076,1.1774563789367676
22-05-1986,2.064815044403076,2.064815044403076,253800,2.09259295463562,2.064815044403076,1.1774563789367676
23-05-1986,2.027777910232544,2.037036895751953,693900,2.09259295463562,2.055556058883667,1.172176480293274
27-05-1986,2.0,2.064815044403076,476550,2.0740740299224854,2.064815044403076,1.1774563789367676
28-05-1986,2.055556058883667,2.0740740299224854,924750,2.09259295463562,2.09259295463562,1.193297266960144
29-05-1986,2.1111109256744385,2.1111109256744385,807300,2.240741014480591,2.240741014480591,1.2777791023254395
30-05-1986,2.2037041187286377,2.2314810752868652,753300,2.259258985519409,2.2314810752868652,1.2724977731704712
02-06-1986,2.2314810752868652,2.2314810752868652,704700,2.2962958812713623,2.2685189247131348,1.2936183214187622
03-06-1986,2.240741014480591,2.259258985519409,330750,2.2685189247131348,2.240741014480591,1.2777791023254395
04-06-1986,2.185184955596924,2.222222089767456,101250,2.222222089767456,2.185184955596924,1.2460969686508179
05-06-1986,2.1666669845581055,2.2037041187286377,130950,2.2037041187286377,2.185184955596924,1.2460969686508179
06-06-1986,2.185184955596924,2.2037041187286377,194400,2.212963104248047,2.185184955596924,1.2460969686508179
09-06-1986,2.1203699111938477,2.2037041187286377,453600,2.2037041187286377,2.1203699111938477,1.2091368436813354
10-06-1986,2.1018519401550293,2.1111109256744385,220050,2.1481480598449707,2.1111109256744385,1.2144638299942017
11-06-1986,2.1296300888061523,2.1296300888061523,330750,2.15740704536438,2.1296300888061523,1.2251167297363281
12-06-1986,2.1296300888061523,2.1481480598449707,83700,2.15740704536438,2.1296300888061523,1.2251167297363281
13-06-1986,2.1481480598449707,2.1481480598449707,413100,2.185184955596924,2.1666669845581055,1.2464234828948975
16-06-1986,2.1666669845581055,2.1759259700775146,403650,2.194443941116333,2.194443941116333,1.2624026536941528
17-06-1986,2.1481480598449707,2.212963104248047,359100,2.212963104248047,2.212963104248047,1.2730563879013062
18-06-1986,2.1759259700775146,2.212963104248047,298350,2.222222089767456,2.2037041187286377,1.2677303552627563
19-06-1986,2.185184955596924,2.185184955596924,145800,2.222222089767456,2.2037041187286377,1.2677303552627563
20-06-1986,2.15740704536438,2.212963104248047,452250,2.212963104248047,2.15740704536438,1.2410969734191895
23-06-1986,2.1759259700775146,2.1759259700775146,166050,2.2037041187286377,2.194443941116333,1.2624026536941528
24-06-1986,2.1666669845581055,2.2037041187286377,479250,2.2037041187286377,2.1759259700775146,1.2517499923706055
25-06-1986,2.15740704536438,2.1759259700775146,504900,2.185184955596924,2.1666669845581055,1.2464234828948975
26-06-1986,2.1666669845581055,2.185184955596924,334800,2.185184955596924,2.185184955596924,1.2570765018463135
27-06-1986,2.1666669845581055,2.1666669845581055,411750,2.212963104248047,2.212963104248047,1.2730563879013062
30-06-1986,2.1759259700775146,2.222222089767456,500850,2.240741014480591,2.212963104248047,1.2730563879013062
01-07-1986,2.2314810752868652,2.2314810752868652,554850,2.2685189247131348,2.259258985519409,1.299689531326294
02-07-1986,2.240741014480591,2.2685189247131348,303750,2.277777910232544,2.2685189247131348,1.3050158023834229
03-07-1986,2.25,2.259258985519409,700650,2.287036895751953,2.259258985519409,1.299689531326294
07-07-1986,2.2037041187286377,2.2685189247131348,600750,2.2685189247131348,2.2037041187286377,1.2677303552627563
08-07-1986,2.1666669845581055,2.185184955596924,340200,2.2037041187286377,2.185184955596924,1.2570765018463135
09-07-1986,2.185184955596924,2.2037041187286377,178200,2.222222089767456,2.2037041187286377,1.2677303552627563
10-07-1986,2.1018519401550293,2.222222089767456,554850,2.240741014480591,2.1018519401550293,1.209137201309204
11-07-1986,2.037036895751953,2.1018519401550293,473850,2.1111109256744385,2.064815044403076,1.1878308057785034
14-07-1986,1.9722219705581665,2.0740740299224854,305100,2.0740740299224854,1.9907410144805908,1.1452176570892334
15-07-1986,1.9629629850387573,1.9907410144805908,1144800,2.009258985519409,1.9722219705581665,1.1345645189285278
16-07-1986,1.9629629850387573,1.9722219705581665,535950,2.0185189247131348,1.9814809560775757,1.1398909091949463
17-07-1986,1.9537039995193481,1.9907410144805908,329400,1.9907410144805908,1.9537039995193481,1.12391197681427
18-07-1986,1.9074070453643799,1.9629629850387573,467100,1.9722219705581665,1.9074070453643799,1.0972787141799927
21-07-1986,1.888888955116272,1.888888955116272,284850,1.9537039995193481,1.944443941116333,1.1185846328735352
22-07-1986,1.888888955116272,1.944443941116333,544050,1.9537039995193481,1.888888955116272,1.086625576019287
23-07-1986,1.8981479406356812,1.9074070453643799,174150,1.944443941116333,1.9259259700775146,1.1079319715499878
24-07-1986,1.9259259700775146,1.9351849555969238,375300,1.9537039995193481,1.944443941116333,1.1185846328735352
25-07-1986,1.944443941116333,1.944443941116333,248400,1.9907410144805908,1.9907410144805908,1.1452176570892334
28-07-1986,1.9351849555969238,1.9722219705581665,59400,1.9722219705581665,1.944443941116333,1.1185846328735352
29-07-1986,1.9074070453643799,1.9259259700775146,205200,1.9351849555969238,1.9351849555969238,1.1132586002349854
30-07-1986,1.9166669845581055,1.9351849555969238,162000,1.9537039995193481,1.9537039995193481,1.12391197681427
31-07-1986,1.8796299695968628,1.9537039995193481,224100,1.9629629850387573,1.8981479406356812,1.0919520854949951
01-08-1986,1.8796299695968628,1.8981479406356812,194400,1.9074070453643799,1.888888955116272,1.086625576019287
04-08-1986,1.8333330154418945,1.8981479406356812,376650,1.8981479406356812,1.861111044883728,1.0706459283828735
05-08-1986,1.8333330154418945,1.8518520593643188,237600,1.861111044883728,1.861111044883728,1.0706459283828735
06-08-1986,1.8148150444030762,1.861111044883728,110700,1.861111044883728,1.8240740299224854,1.0493396520614624
07-08-1986,1.7777780294418335,1.7962960004806519,299700,1.8148150444030762,1.7777780294418335,1.0227068662643433
08-08-1986,1.7314809560775757,1.7592589855194092,2253150,1.861111044883728,1.8240740299224854,1.0493396520614624
11-08-1986,1.805556058883667,1.805556058883667,256500,1.8518520593643188,1.8518520593643188,1.065319538116455
12-08-1986,1.8333330154418945,1.8703700304031372,198450,1.8703700304031372,1.8518520593643188,1.065319538116455
13-08-1986,1.8425929546356201,1.861111044883728,1128600,1.9074070453643799,1.9074070453643799,1.0972787141799927
14-08-1986,1.888888955116272,1.888888955116272,508950,1.9814809560775757,1.9814809560775757,1.1398909091949463
15-08-1986,1.9814809560775757,1.9814809560775757,410400,2.009258985519409,2.009258985519409,1.155870795249939
18-08-1986,1.9629629850387573,1.9907410144805908,176850,1.9907410144805908,1.9722219705581665,1.1345645189285278
19-08-1986,1.8703700304031372,1.9629629850387573,441450,1.9629629850387573,1.8703700304031372,1.0759721994400024
20-08-1986,1.8425929546356201,1.8796299695968628,711450,1.888888955116272,1.861111044883728,1.0706459283828735
21-08-1986,1.8518520593643188,1.8796299695968628,383400,1.8796299695968628,1.8796299695968628,1.0812993049621582
22-08-1986,1.8703700304031372,1.8703700304031372,523800,1.8981479406356812,1.888888955116272,1.086625576019287
25-08-1986,1.8981479406356812,1.9074070453643799,3037500,1.9907410144805908,1.9351849555969238,1.1132586002349854
26-08-1986,1.888888955116272,1.944443941116333,253800,1.9814809560775757,1.9351849555969238,1.1132586002349854
27-08-1986,1.888888955116272,1.944443941116333,291600,1.9537039995193481,1.9166669845581055,1.1026054620742798
28-08-1986,1.9166669845581055,1.9259259700775146,448200,1.9259259700775146,1.9259259700775146,1.1079319715499878
29-08-1986,1.8981479406356812,1.9259259700775146,298350,1.9537039995193481,1.9074070453643799,1.0972787141799927
02-09-1986,1.9259259700775146,1.9259259700775146,179550,1.9722219705581665,1.944443941116333,1.1185846328735352
03-09-1986,1.9074070453643799,1.9074070453643799,180900,1.9537039995193481,1.9259259700775146,1.1079319715499878
04-09-1986,1.9259259700775146,1.944443941116333,305100,1.9722219705581665,1.9629629850387573,1.1292386054992676
05-09-1986,1.944443941116333,1.9722219705581665,195750,1.9814809560775757,1.9722219705581665,1.1345645189285278
08-09-1986,1.944443941116333,1.9629629850387573,280800,1.9814809560775757,1.9629629850387573,1.1292386054992676
09-09-1986,1.9166669845581055,1.9722219705581665,211950,1.9814809560775757,1.9537039995193481,1.12391197681427
10-09-1986,1.9259259700775146,1.9629629850387573,213300,1.9629629850387573,1.9629629850387573,1.140044927597046
11-09-1986,1.9351849555969238,1.9629629850387573,1371600,1.9814809560775757,1.944443941116333,1.1292895078659058
12-09-1986,1.9351849555969238,1.9351849555969238,553500,1.9814809560775757,1.9629629850387573,1.140044927597046
15-09-1986,1.944443941116333,1.9537039995193481,260550,1.9722219705581665,1.9537039995193481,1.1346675157546997
16-09-1986,1.9074070453643799,1.944443941116333,429300,1.9537039995193481,1.944443941116333,1.1292895078659058
17-09-1986,1.9259259700775146,1.9351849555969238,234900,1.9537039995193481,1.9351849555969238,1.123911738395691
18-09-1986,1.9351849555969238,1.9351849555969238,228150,1.9629629850387573,1.9629629850387573,1.140044927597046
19-09-1986,1.944443941116333,1.944443941116333,588600,1.9722219705581665,1.944443941116333,1.1292895078659058
22-09-1986,1.944443941116333,1.944443941116333,364500,1.9722219705581665,1.9722219705581665,1.1454222202301025
23-09-1986,1.9537039995193481,1.9722219705581665,170100,1.9814809560775757,1.9629629850387573,1.140044927597046
24-09-1986,1.9629629850387573,1.9814809560775757,205200,1.9814809560775757,1.9722219705581665,1.1454222202301025
25-09-1986,1.9629629850387573,1.9722219705581665,247050,1.9814809560775757,1.9629629850387573,1.140044927597046
26-09-1986,1.944443941116333,1.944443941116333,1233900,1.9629629850387573,1.9629629850387573,1.140044927597046
29-09-1986,1.9259259700775146,1.944443941116333,345600,1.944443941116333,1.9259259700775146,1.1185343265533447
30-09-1986,1.9259259700775146,1.944443941116333,251100,1.9537039995193481,1.9537039995193481,1.1346675157546997
01-10-1986,1.9259259700775146,1.9629629850387573,222750,1.9629629850387573,1.9259259700775146,1.1185343265533447
02-10-1986,1.9259259700775146,1.9259259700775146,110700,1.944443941116333,1.9351849555969238,1.123911738395691
03-10-1986,1.9259259700775146,1.944443941116333,436050,1.9537039995193481,1.944443941116333,1.1292895078659058
06-10-1986,1.9351849555969238,1.944443941116333,33750,1.944443941116333,1.9351849555969238,1.123911738395691
07-10-1986,1.9259259700775146,1.944443941116333,163350,1.944443941116333,1.9259259700775146,1.1185343265533447
08-10-1986,1.9259259700775146,1.9259259700775146,124200,1.9629629850387573,1.944443941116333,1.1292895078659058
09-10-1986,1.944443941116333,1.944443941116333,190350,1.9722219705581665,1.9537039995193481,1.1346675157546997
10-10-1986,1.9259259700775146,1.9259259700775146,271350,1.9722219705581665,1.9537039995193481,1.1346675157546997
13-10-1986,1.944443941116333,1.9537039995193481,344250,1.9907410144805908,1.9722219705581665,1.1454222202301025
14-10-1986,1.9722219705581665,1.9907410144805908,325350,2.037036895751953,2.037036895751953,1.1830655336380005
15-10-1986,1.9629629850387573,2.027777910232544,371250,2.037036895751953,1.9722219705581665,1.1454222202301025
16-10-1986,1.9629629850387573,1.9629629850387573,113400,1.9814809560775757,1.9814809560775757,1.15079927444458
17-10-1986,1.8981479406356812,1.9629629850387573,616950,1.9629629850387573,1.9351849555969238,1.123911738395691
20-10-1986,1.9259259700775146,1.944443941116333,880200,1.944443941116333,1.944443941116333,1.1292895078659058
21-10-1986,1.9259259700775146,1.944443941116333,113400,1.9537039995193481,1.9259259700775146,1.1185343265533447
22-10-1986,1.9166669845581055,1.9259259700775146,1231200,1.944443941116333,1.9166669845581055,1.113157033920288
23-10-1986,1.9074070453643799,1.9074070453643799,426600,1.9351849555969238,1.9351849555969238,1.123911738395691
24-10-1986,1.9259259700775146,1.944443941116333,972000,1.944443941116333,1.9259259700775146,1.1185343265533447
27-10-1986,1.9259259700775146,1.9259259700775146,202500,1.9537039995193481,1.944443941116333,1.1292895078659058
28-10-1986,1.9351849555969238,1.944443941116333,205200,1.9537039995193481,1.944443941116333,1.1292895078659058
29-10-1986,1.9259259700775146,1.9537039995193481,265950,1.9537039995193481,1.9259259700775146,1.1185343265533447
30-10-1986,1.9259259700775146,1.944443941116333,517050,1.944443941116333,1.944443941116333,1.1292895078659058
31-10-1986,1.9259259700775146,1.9259259700775146,649350,1.944443941116333,1.9259259700775146,1.1185343265533447
03-11-1986,1.9259259700775146,1.9259259700775146,337500,1.944443941116333,1.944443941116333,1.1292895078659058
04-11-1986,1.9259259700775146,1.9259259700775146,346950,1.9351849555969238,1.9259259700775146,1.1185343265533447
05-11-1986,1.9259259700775146,1.9259259700775146,201150,1.9537039995193481,1.944443941116333,1.1292895078659058
06-11-1986,1.9351849555969238,1.9351849555969238,309150,1.9537039995193481,1.9351849555969238,1.123911738395691
07-11-1986,1.9259259700775146,1.9351849555969238,556200,1.9537039995193481,1.9259259700775146,1.1185343265533447
10-11-1986,1.9259259700775146,1.9351849555969238,267300,1.9351849555969238,1.9351849555969238,1.123911738395691
11-11-1986,1.9259259700775146,1.9351849555969238,702000,1.9537039995193481,1.9351849555969238,1.123911738395691
12-11-1986,1.9259259700775146,1.944443941116333,395550,1.9537039995193481,1.9351849555969238,1.123911738395691
13-11-1986,1.9351849555969238,1.9351849555969238,303750,1.944443941116333,1.9351849555969238,1.123911738395691
14-11-1986,1.9351849555969238,1.9351849555969238,220050,1.9537039995193481,1.9351849555969238,1.123911738395691
17-11-1986,1.9259259700775146,1.9259259700775146,383400,1.9351849555969238,1.9259259700775146,1.1185343265533447
18-11-1986,1.9259259700775146,1.9351849555969238,454950,1.944443941116333,1.9259259700775146,1.1185343265533447
19-11-1986,1.9259259700775146,1.9351849555969238,329400,1.944443941116333,1.9259259700775146,1.1185343265533447
20-11-1986,1.9259259700775146,1.9351849555969238,403650,1.9629629850387573,1.9537039995193481,1.1346675157546997
21-11-1986,1.944443941116333,1.9629629850387573,284850,1.9629629850387573,1.944443941116333,1.1292895078659058
24-11-1986,1.944443941116333,1.944443941116333,271350,1.9537039995193481,1.9537039995193481,1.1346675157546997
25-11-1986,1.944443941116333,1.9537039995193481,315900,1.9537039995193481,1.9537039995193481,1.1346675157546997
26-11-1986,1.944443941116333,1.944443941116333,205200,1.9537039995193481,1.944443941116333,1.1292895078659058
28-11-1986,1.9351849555969238,1.944443941116333,152550,1.9537039995193481,1.9351849555969238,1.123911738395691
01-12-1986,1.9351849555969238,1.9351849555969238,467100,1.9629629850387573,1.9537039995193481,1.1346675157546997
02-12-1986,1.944443941116333,1.9537039995193481,862650,1.9722219705581665,1.9629629850387573,1.140044927597046
03-12-1986,1.9537039995193481,1.9814809560775757,255150,1.9907410144805908,1.9814809560775757,1.15079927444458
04-12-1986,1.9629629850387573,1.9722219705581665,193050,1.9907410144805908,1.9722219705581665,1.1454222202301025
05-12-1986,1.944443941116333,1.9722219705581665,294300,1.9814809560775757,1.944443941116333,1.1292895078659058
08-12-1986,1.944443941116333,1.944443941116333,290250,1.9629629850387573,1.9537039995193481,1.1346675157546997
09-12-1986,1.944443941116333,1.9629629850387573,399600,1.9629629850387573,1.9537039995193481,1.1346675157546997
10-12-1986,1.9259259700775146,1.944443941116333,207900,1.9537039995193481,1.944443941116333,1.140095829963684
11-12-1986,1.944443941116333,1.944443941116333,187650,1.9537039995193481,1.944443941116333,1.140095829963684
12-12-1986,1.9351849555969238,1.9351849555969238,224100,1.9537039995193481,1.9537039995193481,1.1455254554748535
15-12-1986,1.944443941116333,1.944443941116333,297000,1.9537039995193481,1.9537039995193481,1.1455254554748535
16-12-1986,1.944443941116333,1.9537039995193481,475200,1.9537039995193481,1.9537039995193481,1.1455254554748535
17-12-1986,1.9351849555969238,1.944443941116333,642600,1.9537039995193481,1.9351849555969238,1.1346675157546997
18-12-1986,1.9351849555969238,1.944443941116333,1931850,1.9629629850387573,1.9537039995193481,1.1455254554748535
19-12-1986,1.944443941116333,1.9537039995193481,718200,1.9537039995193481,1.9537039995193481,1.1455254554748535
22-12-1986,1.944443941116333,1.944443941116333,639900,1.9629629850387573,1.9537039995193481,1.1455254554748535
23-12-1986,1.9259259700775146,1.944443941116333,587250,1.944443941116333,1.9259259700775146,1.1292381286621094
24-12-1986,1.9259259700775146,1.9259259700775146,419850,1.944443941116333,1.9351849555969238,1.1346675157546997
26-12-1986,1.9259259700775146,1.9351849555969238,106650,1.944443941116333,1.944443941116333,1.140095829963684
29-12-1986,1.9351849555969238,1.9351849555969238,400950,1.944443941116333,1.9351849555969238,1.1346675157546997
30-12-1986,1.9259259700775146,1.9351849555969238,355050,1.944443941116333,1.9259259700775146,1.1292381286621094
31-12-1986,1.9259259700775146,1.9259259700775146,789750,1.9629629850387573,1.9351849555969238,1.1346675157546997
02-01-1987,1.944443941116333,1.944443941116333,159300,1.9814809560775757,1.9722219705581665,1.156383752822876
05-01-1987,1.9537039995193481,1.9814809560775757,274050,2.0,1.9907410144805908,1.167242169380188
06-01-1987,1.9814809560775757,2.0,403650,2.009258985519409,1.9907410144805908,1.167242169380188
07-01-1987,2.0,2.009258985519409,932850,2.0185189247131348,2.0,1.1726702451705933
08-01-1987,2.009258985519409,2.0185189247131348,595350,2.0740740299224854,2.064815044403076,1.2106736898422241
09-01-1987,2.0462958812713623,2.0740740299224854,421200,2.1111109256744385,2.055556058883667,1.205245018005371
12-01-1987,2.0185189247131348,2.055556058883667,344250,2.0740740299224854,2.0462958812713623,1.1998156309127808
13-01-1987,2.055556058883667,2.09259295463562,182250,2.09259295463562,2.064815044403076,1.2106736898422241
14-01-1987,2.027777910232544,2.037036895751953,248400,2.09259295463562,2.0740740299224854,1.2161033153533936
15-01-1987,2.09259295463562,2.09259295463562,279450,2.1388890743255615,2.1203699111938477,1.2432477474212646
16-01-1987,2.0833330154418945,2.1388890743255615,284850,2.1388890743255615,2.1111109256744385,1.237818956375122
19-01-1987,2.09259295463562,2.1018519401550293,152550,2.1759259700775146,2.15740704536438,1.2649641036987305
20-01-1987,2.1203699111938477,2.1759259700775146,286200,2.1759259700775146,2.1203699111938477,1.2432477474212646
21-01-1987,2.1018519401550293,2.1111109256744385,345600,2.1481480598449707,2.1111109256744385,1.237818956375122
22-01-1987,2.0833330154418945,2.1388890743255615,495450,2.1388890743255615,2.09259295463562,1.2269614934921265
23-01-1987,1.9814809560775757,2.0833330154418945,947700,2.1388890743255615,2.0,1.1726702451705933
26-01-1987,2.0,2.0,260550,2.037036895751953,2.009258985519409,1.1781001091003418
27-01-1987,1.9814809560775757,2.0185189247131348,669600,2.027777910232544,1.9814809560775757,1.1618120670318604
28-01-1987,2.0,2.0,479250,2.037036895751953,2.009258985519409,1.1781001091003418
29-01-1987,2.037036895751953,2.037036895751953,1517400,2.1111109256744385,2.1111109256744385,1.237818956375122
30-01-1987,2.064815044403076,2.1296300888061523,661500,2.1296300888061523,2.0833330154418945,1.2215313911437988
02-02-1987,2.09259295463562,2.1018519401550293,271350,2.1296300888061523,2.1296300888061523,1.248677372932434
03-02-1987,2.1481480598449707,2.1481480598449707,334800,2.212963104248047,2.212963104248047,1.2975386381149292
04-02-1987,2.222222089767456,2.240741014480591,672300,2.277777910232544,2.2314810752868652,1.3083959817886353
05-02-1987,2.222222089767456,2.222222089767456,769500,2.3518519401550293,2.3518519401550293,1.3789736032485962
06-02-1987,2.3518519401550293,2.3518519401550293,1440450,2.462963104248047,2.4166669845581055,1.4169782400131226
09-02-1987,2.3888890743255615,2.4166669845581055,862650,2.435184955596924,2.3981480598449707,1.406118631362915
10-02-1987,2.3703699111938477,2.3888890743255615,1313550,2.3981480598449707,2.3888890743255615,1.4006894826889038
11-02-1987,2.3703699111938477,2.3888890743255615,643950,2.3981480598449707,2.3981480598449707,1.406118631362915
12-02-1987,2.3796300888061523,2.4166669845581055,573750,2.4259259700775146,2.3796300888061523,1.395261526107788
13-02-1987,2.3240740299224854,2.3703699111938477,373950,2.3981480598449707,2.3796300888061523,1.395261526107788
17-02-1987,2.3333330154418945,2.3703699111938477,387450,2.3703699111938477,2.3703699111938477,1.3898320198059082
18-02-1987,2.3518519401550293,2.3703699111938477,494100,2.40740704536438,2.3796300888061523,1.395261526107788
19-02-1987,2.3796300888061523,2.3796300888061523,124200,2.3981480598449707,2.3888890743255615,1.4006894826889038
20-02-1987,2.3333330154418945,2.3796300888061523,1011150,2.3888890743255615,2.3333330154418945,1.3681161403656006
23-02-1987,2.2962958812713623,2.3240740299224854,1429650,2.3518519401550293,2.3518519401550293,1.3789736032485962
24-02-1987,2.3333330154418945,2.34259295463562,1239300,2.3703699111938477,2.3518519401550293,1.3789736032485962
25-02-1987,2.3518519401550293,2.3518519401550293,600750,2.3703699111938477,2.3518519401550293,1.3789736032485962
26-02-1987,2.3518519401550293,2.3703699111938477,589950,2.3796300888061523,2.3703699111938477,1.3898320198059082
27-02-1987,2.3611109256744385,2.3796300888061523,943650,2.3888890743255615,2.3796300888061523,1.395261526107788
02-03-1987,2.3703699111938477,2.3703699111938477,64800,2.3888890743255615,2.3888890743255615,1.4006894826889038
03-03-1987,2.3703699111938477,2.3888890743255615,67500,2.3888890743255615,2.3703699111938477,1.3898320198059082
04-03-1987,2.3518519401550293,2.3703699111938477,463050,2.3796300888061523,2.3796300888061523,1.395261526107788
05-03-1987,2.3518519401550293,2.3611109256744385,518400,2.3703699111938477,2.3611109256744385,1.3844023942947388
06-03-1987,2.314815044403076,2.3518519401550293,172800,2.3518519401550293,2.3518519401550293,1.3789736032485962
09-03-1987,2.3240740299224854,2.3518519401550293,797850,2.3518519401550293,2.3333330154418945,1.3681161403656006
10-03-1987,2.3333330154418945,2.34259295463562,183600,2.3611109256744385,2.3333330154418945,1.3681161403656006
11-03-1987,2.3240740299224854,2.3240740299224854,136350,2.34259295463562,2.3240740299224854,1.3735880851745605
12-03-1987,2.3240740299224854,2.3240740299224854,160650,2.34259295463562,2.3240740299224854,1.3735880851745605
13-03-1987,2.3240740299224854,2.3240740299224854,353700,2.3333330154418945,2.3333330154418945,1.379061222076416
16-03-1987,2.3333330154418945,2.3333330154418945,135000,2.34259295463562,2.3333330154418945,1.379061222076416
17-03-1987,2.314815044403076,2.3333330154418945,533250,2.34259295463562,2.3333330154418945,1.379061222076416
18-03-1987,2.34259295463562,2.3518519401550293,330750,2.3796300888061523,2.3611109256744385,1.3954782485961914
19-03-1987,2.3333330154418945,2.3611109256744385,800550,2.3611109256744385,2.3333330154418945,1.379061222076416
20-03-1987,2.3333330154418945,2.3333330154418945,498150,2.3796300888061523,2.3796300888061523,1.406423807144165
23-03-1987,2.3703699111938477,2.3703699111938477,279450,2.3796300888061523,2.3703699111938477,1.4009501934051514
24-03-1987,2.3703699111938477,2.3703699111938477,210600,2.3888890743255615,2.3888890743255615,1.4118951559066772
25-03-1987,2.3703699111938477,2.3888890743255615,363150,2.3888890743255615,2.3703699111938477,1.4009501934051514
26-03-1987,2.3703699111938477,2.3703699111938477,182250,2.3981480598449707,2.3888890743255615,1.4118951559066772
27-03-1987,2.3796300888061523,2.3796300888061523,85050,2.3888890743255615,2.3888890743255615,1.4118951559066772
30-03-1987,2.3703699111938477,2.3703699111938477,473850,2.3796300888061523,2.3703699111938477,1.4009501934051514
31-03-1987,2.3703699111938477,2.3703699111938477,109350,2.3981480598449707,2.3796300888061523,1.406423807144165
01-04-1987,2.3703699111938477,2.3703699111938477,297000,2.40740704536438,2.3796300888061523,1.406423807144165
02-04-1987,2.3703699111938477,2.3796300888061523,193050,2.3981480598449707,2.3981480598449707,1.4173685312271118
03-04-1987,2.3796300888061523,2.40740704536438,341550,2.40740704536438,2.40740704536438,1.4228407144546509
06-04-1987,2.3888890743255615,2.3981480598449707,456300,2.462963104248047,2.4259259700775146,1.4337857961654663
07-04-1987,2.40740704536438,2.40740704536438,472500,2.435184955596924,2.4166669845581055,1.4283136129379272
08-04-1987,2.40740704536438,2.4166669845581055,322650,2.4259259700775146,2.4166669845581055,1.4283136129379272
09-04-1987,2.4166669845581055,2.4259259700775146,156600,2.4259259700775146,2.4259259700775146,1.4337857961654663
10-04-1987,2.4166669845581055,2.4166669845581055,186300,2.444443941116333,2.444443941116333,1.444730520248413
13-04-1987,2.4259259700775146,2.435184955596924,286200,2.444443941116333,2.4259259700775146,1.4337857961654663
14-04-1987,2.3888890743255615,2.4166669845581055,810000,2.4166669845581055,2.3981480598449707,1.4173685312271118
15-04-1987,2.3888890743255615,2.3981480598449707,301050,2.3981480598449707,2.3981480598449707,1.4173685312271118
16-04-1987,2.3888890743255615,2.3888890743255615,361800,2.40740704536438,2.3888890743255615,1.4118951559066772
20-04-1987,2.3888890743255615,2.4166669845581055,770850,2.444443941116333,2.40740704536438,1.4228407144546509
21-04-1987,2.3888890743255615,2.40740704536438,486000,2.4259259700775146,2.4259259700775146,1.4337857961654663
22-04-1987,2.3888890743255615,2.4259259700775146,657450,2.444443941116333,2.3888890743255615,1.4118951559066772
23-04-1987,2.3703699111938477,2.3888890743255615,490050,2.40740704536438,2.3796300888061523,1.406423807144165
24-04-1987,2.34259295463562,2.3611109256744385,198450,2.3703699111938477,2.34259295463562,1.384533405303955
27-04-1987,2.3240740299224854,2.3333330154418945,990900,2.3611109256744385,2.3518519401550293,1.3900057077407837
28-04-1987,2.3333330154418945,2.3333330154418945,804600,2.3796300888061523,2.3518519401550293,1.3900057077407837
29-04-1987,2.34259295463562,2.3703699111938477,234900,2.3703699111938477,2.3518519401550293,1.3900057077407837
30-04-1987,2.34259295463562,2.3518519401550293,170100,2.3703699111938477,2.3703699111938477,1.4009501934051514
01-05-1987,2.34259295463562,2.3703699111938477,267300,2.3703699111938477,2.34259295463562,1.384533405303955
04-05-1987,2.3333330154418945,2.34259295463562,203850,2.3611109256744385,2.3611109256744385,1.3954782485961914
05-05-1987,2.3518519401550293,2.3611109256744385,121500,2.3703699111938477,2.3518519401550293,1.3900057077407837
06-05-1987,2.34259295463562,2.3518519401550293,278100,2.3703699111938477,2.34259295463562,1.384533405303955
07-05-1987,2.3240740299224854,2.3518519401550293,47250,2.3518519401550293,2.3240740299224854,1.3735880851745605
08-05-1987,2.2685189247131348,2.3333330154418945,152550,2.3518519401550293,2.314815044403076,1.368116855621338
11-05-1987,2.305556058883667,2.305556058883667,148500,2.3611109256744385,2.3333330154418945,1.379061222076416
12-05-1987,2.2962958812713623,2.314815044403076,97200,2.3240740299224854,2.305556058883667,1.3626432418823242
13-05-1987,2.2314810752868652,2.2962958812713623,294300,2.2962958812713623,2.277777910232544,1.3462263345718384
14-05-1987,2.240741014480591,2.2685189247131348,244350,2.2685189247131348,2.25,1.3298091888427734
15-05-1987,2.212963104248047,2.25,645300,2.25,2.240741014480591,1.324337124824524
18-05-1987,2.222222089767456,2.25,592650,2.25,2.25,1.3298091888427734
19-05-1987,2.25,2.25,411750,2.2962958812713623,2.259258985519409,1.3352805376052856
20-05-1987,2.259258985519409,2.259258985519409,114750,2.2962958812713623,2.2962958812713623,1.357170581817627
21-05-1987,2.2685189247131348,2.277777910232544,183600,2.2962958812713623,2.277777910232544,1.3462263345718384
22-05-1987,2.2685189247131348,2.2962958812713623,502200,2.2962958812713623,2.2685189247131348,1.3407539129257202
26-05-1987,2.287036895751953,2.287036895751953,72900,2.305556058883667,2.305556058883667,1.3626432418823242
27-05-1987,2.2962958812713623,2.305556058883667,369900,2.314815044403076,2.2962958812713623,1.357170581817627
28-05-1987,2.2962958812713623,2.2962958812713623,261900,2.305556058883667,2.305556058883667,1.3626432418823242
29-05-1987,2.314815044403076,2.314815044403076,472500,2.3796300888061523,2.3518519401550293,1.3900057077407837
01-06-1987,2.3240740299224854,2.3333330154418945,322650,2.3518519401550293,2.3333330154418945,1.379061222076416
02-06-1987,2.3333330154418945,2.3333330154418945,126900,2.3611109256744385,2.3518519401550293,1.3900057077407837
03-06-1987,2.3611109256744385,2.3703699111938477,79650,2.3796300888061523,2.3703699111938477,1.4009501934051514
04-06-1987,2.3518519401550293,2.3888890743255615,128250,2.3888890743255615,2.3703699111938477,1.4009501934051514
05-06-1987,2.3611109256744385,2.3703699111938477,94500,2.3888890743255615,2.3888890743255615,1.4118951559066772
08-06-1987,2.3611109256744385,2.3703699111938477,152550,2.40740704536438,2.40740704536438,1.4228407144546509
09-06-1987,2.3703699111938477,2.40740704536438,145800,2.40740704536438,2.3981480598449707,1.4173685312271118
10-06-1987,2.34259295463562,2.3611109256744385,421200,2.3981480598449707,2.3611109256744385,1.4063383340835571
11-06-1987,2.3518519401550293,2.3611109256744385,849150,2.3888890743255615,2.3611109256744385,1.4063383340835571
12-06-1987,2.3518519401550293,2.3611109256744385,63450,2.3703699111938477,2.3703699111938477,1.411853313446045
15-06-1987,2.34259295463562,2.3611109256744385,94500,2.3796300888061523,2.3518519401550293,1.4008231163024902
16-06-1987,2.3333330154418945,2.34259295463562,452250,2.3518519401550293,2.3333330154418945,1.3897932767868042
17-06-1987,2.3240740299224854,2.3240740299224854,557550,2.3703699111938477,2.3611109256744385,1.4063383340835571
18-06-1987,2.3518519401550293,2.3518519401550293,311850,2.3796300888061523,2.3703699111938477,1.411853313446045
19-06-1987,2.3611109256744385,2.3703699111938477,256500,2.3888890743255615,2.3888890743255615,1.4228832721710205
22-06-1987,2.3703699111938477,2.3888890743255615,217350,2.3981480598449707,2.3796300888061523,1.417368769645691
23-06-1987,2.3796300888061523,2.3981480598449707,292950,2.40740704536438,2.3888890743255615,1.4228832721710205
24-06-1987,2.3888890743255615,2.40740704536438,421200,2.4166669845581055,2.40740704536438,1.433913230895996
25-06-1987,2.4259259700775146,2.4259259700775146,356400,2.444443941116333,2.444443941116333,1.4559739828109741
26-06-1987,2.4166669845581055,2.4259259700775146,298350,2.4537041187286377,2.435184955596924,1.4504585266113281
29-06-1987,2.4166669845581055,2.4259259700775146,279450,2.444443941116333,2.4259259700775146,1.4449437856674194
30-06-1987,2.3981480598449707,2.4259259700775146,1142100,2.444443941116333,2.3981480598449707,1.4283990859985352
01-07-1987,2.3888890743255615,2.4166669845581055,437400,2.435184955596924,2.3888890743255615,1.4228832721710205
02-07-1987,2.3981480598449707,2.3981480598449707,437400,2.444443941116333,2.444443941116333,1.4559739828109741
06-07-1987,2.40740704536438,2.444443941116333,503550,2.462963104248047,2.40740704536438,1.433913230895996
07-07-1987,2.4166669845581055,2.4259259700775146,106650,2.4259259700775146,2.4166669845581055,1.4394292831420898
08-07-1987,2.4166669845581055,2.4166669845581055,83700,2.444443941116333,2.444443941116333,1.4559739828109741
09-07-1987,2.444443941116333,2.4537041187286377,81000,2.462963104248047,2.444443941116333,1.4559739828109741
10-07-1987,2.435184955596924,2.444443941116333,184950,2.4814810752868652,2.4814810752868652,1.4780329465866089
13-07-1987,2.462963104248047,2.4814810752868652,446850,2.490741014480591,2.462963104248047,1.4670042991638184
14-07-1987,2.444443941116333,2.4537041187286377,1756350,2.472222089767456,2.462963104248047,1.4670042991638184
15-07-1987,2.462963104248047,2.462963104248047,171450,2.4814810752868652,2.472222089767456,1.4725185632705688
16-07-1987,2.462963104248047,2.462963104248047,577800,2.490741014480591,2.4814810752868652,1.4780329465866089
17-07-1987,2.472222089767456,2.472222089767456,938250,2.537036895751953,2.527777910232544,1.5056089162826538
20-07-1987,2.5,2.509258985519409,1992600,2.564815044403076,2.5,1.4890644550323486
21-07-1987,2.4814810752868652,2.490741014480591,418500,2.509258985519409,2.4814810752868652,1.4780329465866089
22-07-1987,2.462963104248047,2.472222089767456,58050,2.4814810752868652,2.4814810752868652,1.4780329465866089
23-07-1987,2.472222089767456,2.472222089767456,63450,2.490741014480591,2.472222089767456,1.4725185632705688
24-07-1987,2.444443941116333,2.462963104248047,1232550,2.4814810752868652,2.4814810752868652,1.4780329465866089
27-07-1987,2.4814810752868652,2.4814810752868652,839700,2.537036895751953,2.527777910232544,1.5056089162826538
28-07-1987,2.5185189247131348,2.5185189247131348,931500,2.6018519401550293,2.5833330154418945,1.5386990308761597
29-07-1987,2.5833330154418945,2.5833330154418945,148500,2.6296300888061523,2.6296300888061523,1.5662751197814941
30-07-1987,2.6388890743255615,2.6388890743255615,282150,2.6666669845581055,2.6666669845581055,1.5883361101150513
31-07-1987,2.6666669845581055,2.685184955596924,405000,2.694443941116333,2.685184955596924,1.5993646383285522
03-08-1987,2.6666669845581055,2.6666669845581055,182250,2.7037041187286377,2.685184955596924,1.5993646383285522
04-08-1987,2.6759259700775146,2.6759259700775146,205200,2.7037041187286377,2.694443941116333,1.604880690574646
05-08-1987,2.685184955596924,2.694443941116333,792450,2.694443941116333,2.685184955596924,1.5993646383285522
06-08-1987,2.694443941116333,2.694443941116333,355050,2.722222089767456,2.712963104248047,1.6159120798110962
07-08-1987,2.7037041187286377,2.722222089767456,495450,2.7314810752868652,2.722222089767456,1.6214251518249512
10-08-1987,2.712963104248047,2.722222089767456,199800,2.7314810752868652,2.722222089767456,1.6214251518249512
11-08-1987,2.712963104248047,2.712963104248047,884250,2.777777910232544,2.7685189247131348,1.649001955986023
12-08-1987,2.75,2.7685189247131348,1258200,2.814815044403076,2.7685189247131348,1.649001955986023
13-08-1987,2.75,2.75,810000,2.777777910232544,2.759258985519409,1.6434860229492188
14-08-1987,2.75,2.759258985519409,272700,2.7685189247131348,2.759258985519409,1.6434860229492188
17-08-1987,2.75,2.75,1027350,2.777777910232544,2.777777910232544,1.6545161008834839
18-08-1987,2.7037041187286377,2.759258985519409,229500,2.759258985519409,2.712963104248047,1.6159120798110962
19-08-1987,2.685184955596924,2.7037041187286377,48600,2.7037041187286377,2.694443941116333,1.604880690574646
20-08-1987,2.685184955596924,2.685184955596924,662850,2.722222089767456,2.7037041187286377,1.6103965044021606
21-08-1987,2.712963104248047,2.722222089767456,584550,2.7314810752868652,2.722222089767456,1.6214251518249512
24-08-1987,2.712963104248047,2.722222089767456,446850,2.740741014480591,2.712963104248047,1.6159120798110962
25-08-1987,2.712963104248047,2.712963104248047,186300,2.7314810752868652,2.712963104248047,1.6159120798110962
26-08-1987,2.712963104248047,2.712963104248047,155250,2.722222089767456,2.722222089767456,1.6214251518249512
27-08-1987,2.712963104248047,2.712963104248047,72900,2.712963104248047,2.712963104248047,1.6159120798110962
28-08-1987,2.6666669845581055,2.712963104248047,245700,2.722222089767456,2.7037041187286377,1.6103965044021606
31-08-1987,2.7037041187286377,2.7037041187286377,130950,2.712963104248047,2.712963104248047,1.6159120798110962
01-09-1987,2.685184955596924,2.712963104248047,279450,2.722222089767456,2.685184955596924,1.5993646383285522
02-09-1987,2.5833330154418945,2.6666669845581055,515700,2.685184955596924,2.6296300888061523,1.5662751197814941
03-09-1987,2.6018519401550293,2.6296300888061523,189000,2.6481480598449707,2.6111109256744385,1.5552451610565186
04-09-1987,2.6111109256744385,2.6203699111938477,216000,2.65740704536438,2.6481480598449707,1.5773051977157593
08-09-1987,2.6296300888061523,2.6481480598449707,315900,2.6481480598449707,2.6296300888061523,1.5662751197814941
09-09-1987,2.6296300888061523,2.6296300888061523,635850,2.6481480598449707,2.6296300888061523,1.5662751197814941
10-09-1987,2.6296300888061523,2.6481480598449707,301050,2.6666669845581055,2.6481480598449707,1.5884922742843628
11-09-1987,2.6296300888061523,2.65740704536438,172800,2.65740704536438,2.6388890743255615,1.5829384326934814
14-09-1987,2.6296300888061523,2.6296300888061523,132300,2.6481480598449707,2.6481480598449707,1.5884922742843628
15-09-1987,2.6296300888061523,2.6388890743255615,175500,2.6481480598449707,2.6296300888061523,1.5773839950561523
16-09-1987,2.6296300888061523,2.6296300888061523,396900,2.6481480598449707,2.6296300888061523,1.5773839950561523
17-09-1987,2.6296300888061523,2.6388890743255615,201150,2.65740704536438,2.6296300888061523,1.5773839950561523
18-09-1987,2.6296300888061523,2.6296300888061523,313200,2.6481480598449707,2.6388890743255615,1.5829384326934814
21-09-1987,2.6296300888061523,2.6481480598449707,349650,2.6481480598449707,2.6481480598449707,1.5884922742843628
22-09-1987,2.6296300888061523,2.6481480598449707,126900,2.6481480598449707,2.6481480598449707,1.5884922742843628
23-09-1987,2.6481480598449707,2.6481480598449707,193050,2.685184955596924,2.685184955596924,1.6107083559036255
24-09-1987,2.6666669845581055,2.6666669845581055,448200,2.75,2.740741014480591,1.6440335512161255
25-09-1987,2.722222089767456,2.722222089767456,129600,2.740741014480591,2.7314810752868652,1.6384793519973755
28-09-1987,2.740741014480591,2.759258985519409,249750,2.7685189247131348,2.75,1.649587631225586
29-09-1987,2.75,2.75,129600,2.777777910232544,2.7685189247131348,1.660697340965271
30-09-1987,2.787036895751953,2.787036895751953,182250,2.8333330154418945,2.8333330154418945,1.699574589729309
01-10-1987,2.8240740299224854,2.8518519401550293,297000,2.8703699111938477,2.8703699111938477,1.7217916250228882
02-10-1987,2.8611109256744385,2.8703699111938477,105300,2.8888890743255615,2.8611109256744385,1.7162376642227173
05-10-1987,2.8888890743255615,2.8888890743255615,245700,2.9166669845581055,2.90740704536438,1.7440080642700195
06-10-1987,2.8518519401550293,2.8888890743255615,201150,2.8981480598449707,2.8518519401550293,1.7106841802597046
07-10-1987,2.814815044403076,2.8518519401550293,614250,2.8518519401550293,2.8333330154418945,1.699574589729309
08-10-1987,2.8240740299224854,2.84259295463562,596700,2.8518519401550293,2.8518519401550293,1.7106841802597046
09-10-1987,2.8240740299224854,2.8518519401550293,306450,2.8518519401550293,2.8240740299224854,1.6940197944641113
12-10-1987,2.814815044403076,2.8240740299224854,846450,2.8333330154418945,2.814815044403076,1.6884666681289673
13-10-1987,2.7962958812713623,2.814815044403076,275400,2.814815044403076,2.7962958812713623,1.6773589849472046
14-10-1987,2.7685189247131348,2.7962958812713623,280800,2.7962958812713623,2.7685189247131348,1.660697340965271
15-10-1987,2.65740704536438,2.759258985519409,3829950,2.759258985519409,2.65740704536438,1.5940451622009277
16-10-1987,2.435184955596924,2.6111109256744385,631800,2.6203699111938477,2.444443941116333,1.466300368309021
19-10-1987,1.9259259700775146,2.037036895751953,1336500,2.0740740299224854,1.944443941116333,1.166374921798706
20-10-1987,1.7777780294418335,1.9259259700775146,1128600,1.9814809560775757,1.8425929546356201,1.105279564857483
21-10-1987,1.9074070453643799,1.9074070453643799,1112400,2.0740740299224854,2.0185189247131348,1.2108086347579956
22-10-1987,1.9814809560775757,2.037036895751953,1182600,2.064815044403076,1.9814809560775757,1.1885915994644165
23-10-1987,1.9074070453643799,1.9907410144805908,305100,2.0,1.9259259700775146,1.1552670001983643
26-10-1987,1.7870370149612427,1.9259259700775146,502200,1.9259259700775146,1.8518520593643188,1.1108335256576538
27-10-1987,1.8425929546356201,1.8703700304031372,492750,1.9074070453643799,1.8518520593643188,1.1108335256576538
28-10-1987,1.7870370149612427,1.8425929546356201,297000,1.8425929546356201,1.7870370149612427,1.071954369544983
29-10-1987,1.7777780294418335,1.805556058883667,689850,1.8796299695968628,1.8703700304031372,1.1219420433044434
30-10-1987,1.9074070453643799,1.9074070453643799,395550,1.9814809560775757,1.9814809560775757,1.1885915994644165
02-11-1987,1.9537039995193481,1.9814809560775757,221400,1.9907410144805908,1.9907410144805908,1.1941462755203247
03-11-1987,1.9074070453643799,1.9722219705581665,220050,1.9814809560775757,1.9166669845581055,1.1497130393981934
04-11-1987,1.8518520593643188,1.8796299695968628,444150,1.8796299695968628,1.8703700304031372,1.1219420433044434
05-11-1987,1.8518520593643188,1.8518520593643188,399600,1.8981479406356812,1.888888955116272,1.133049726486206
06-11-1987,1.8796299695968628,1.888888955116272,163350,1.9351849555969238,1.9259259700775146,1.1552670001983643
09-11-1987,1.8796299695968628,1.9074070453643799,303750,1.9074070453643799,1.8981479406356812,1.1386044025421143
10-11-1987,1.8518520593643188,1.888888955116272,297000,1.888888955116272,1.8518520593643188,1.1108335256576538
11-11-1987,1.8518520593643188,1.8518520593643188,140400,1.8796299695968628,1.8518520593643188,1.1108335256576538
12-11-1987,1.8703700304031372,1.9074070453643799,387450,1.9166669845581055,1.8703700304031372,1.1219420433044434
13-11-1987,1.861111044883728,1.8703700304031372,630450,1.8981479406356812,1.8981479406356812,1.1386044025421143
16-11-1987,1.8703700304031372,1.9074070453643799,427950,1.9074070453643799,1.8703700304031372,1.1219420433044434
17-11-1987,1.8333330154418945,1.861111044883728,261900,1.8703700304031372,1.8425929546356201,1.105279564857483
18-11-1987,1.8518520593643188,1.8518520593643188,672300,1.8703700304031372,1.861111044883728,1.116388201713562
19-11-1987,1.8518520593643188,1.861111044883728,700650,1.888888955116272,1.8518520593643188,1.1108335256576538
20-11-1987,1.7962960004806519,1.8518520593643188,254475,1.8518520593643188,1.8518520593643188,1.1108335256576538
23-11-1987,1.8333330154418945,1.8703700304031372,591975,1.8703700304031372,1.8333330154418945,1.0997248888015747
24-11-1987,1.8518520593643188,1.8518520593643188,375975,1.9074070453643799,1.8703700304031372,1.1219420433044434
25-11-1987,1.888888955116272,1.888888955116272,221400,2.055556058883667,2.055556058883667,1.2330248355865479
27-11-1987,1.9259259700775146,2.0185189247131348,897750,2.037036895751953,1.9629629850387573,1.1774836778640747
30-11-1987,1.8518520593643188,1.9259259700775146,401625,1.9259259700775146,1.9074070453643799,1.1441586017608643
01-12-1987,1.8703700304031372,1.9259259700775146,191025,1.9259259700775146,1.888888955116272,1.133049726486206
02-12-1987,1.8333330154418945,1.9074070453643799,477225,1.9074070453643799,1.9074070453643799,1.1441586017608643
03-12-1987,1.8333330154418945,1.9074070453643799,126225,1.9074070453643799,1.8518520593643188,1.1108335256576538
04-12-1987,1.7962960004806519,1.8333330154418945,488025,1.8703700304031372,1.8518520593643188,1.1108335256576538
07-12-1987,1.8148150444030762,1.8333330154418945,329400,1.944443941116333,1.9259259700775146,1.1552670001983643
08-12-1987,1.9259259700775146,1.944443941116333,265950,2.0,1.9814809560775757,1.1885915994644165
09-12-1987,1.9629629850387573,1.9629629850387573,232200,2.055556058883667,2.055556058883667,1.2330248355865479
10-12-1987,1.9814809560775757,2.0185189247131348,315900,2.0740740299224854,2.0185189247131348,1.2240413427352905
11-12-1987,2.0,2.0185189247131348,294300,2.037036895751953,2.0,1.2128115892410278
14-12-1987,2.037036895751953,2.037036895751953,708750,2.1481480598449707,2.1481480598449707,1.3026503324508667
15-12-1987,2.037036895751953,2.1481480598449707,558225,2.1666669845581055,2.037036895751953,1.2352705001831055
16-12-1987,2.055556058883667,2.055556058883667,218025,2.1111109256744385,2.1111109256744385,1.2801902294158936
17-12-1987,2.055556058883667,2.09259295463562,776250,2.1296300888061523,2.1111109256744385,1.2801902294158936
18-12-1987,2.1111109256744385,2.1296300888061523,505575,2.185184955596924,2.1111109256744385,1.2801902294158936
21-12-1987,2.055556058883667,2.1296300888061523,432675,2.1296300888061523,2.09259295463562,1.2689601182937622
22-12-1987,2.055556058883667,2.1111109256744385,210600,2.1296300888061523,2.055556058883667,1.2465006113052368
23-12-1987,2.09259295463562,2.09259295463562,1210275,2.1481480598449707,2.1481480598449707,1.3026503324508667
24-12-1987,2.1296300888061523,2.1481480598449707,314550,2.2037041187286377,2.1481480598449707,1.3026503324508667
28-12-1987,2.037036895751953,2.1111109256744385,135000,2.1111109256744385,2.0740740299224854,1.2577303647994995
29-12-1987,2.037036895751953,2.055556058883667,124875,2.1111109256744385,2.1111109256744385,1.2801902294158936
30-12-1987,2.0740740299224854,2.0740740299224854,260550,2.1481480598449707,2.1481480598449707,1.3026503324508667
31-12-1987,2.0740740299224854,2.1111109256744385,170100,2.1481480598449707,2.09259295463562,1.2689601182937622
04-01-1988,2.09259295463562,2.1111109256744385,808650,2.240741014480591,2.1666669845581055,1.3138794898986816
05-01-1988,2.1296300888061523,2.1666669845581055,714825,2.2037041187286377,2.2037041187286377,1.3363391160964966
06-01-1988,2.1666669845581055,2.185184955596924,551475,2.2037041187286377,2.185184955596924,1.3251084089279175
07-01-1988,2.1481480598449707,2.185184955596924,181575,2.2037041187286377,2.185184955596924,1.3251084089279175
08-01-1988,2.1296300888061523,2.185184955596924,803925,2.185184955596924,2.1481480598449707,1.3026503324508667
11-01-1988,2.0740740299224854,2.1111109256744385,355050,2.1481480598449707,2.1296300888061523,1.2914198637008667
12-01-1988,2.09259295463562,2.1481480598449707,191025,2.1481480598449707,2.09259295463562,1.2689601182937622
13-01-1988,2.0740740299224854,2.09259295463562,61425,2.1111109256744385,2.09259295463562,1.2689601182937622
14-01-1988,2.0740740299224854,2.1111109256744385,1665225,2.1296300888061523,2.1111109256744385,1.2801902294158936
15-01-1988,2.1111109256744385,2.222222089767456,410400,2.222222089767456,2.1111109256744385,1.2801902294158936
18-01-1988,2.09259295463562,2.1111109256744385,325350,2.1481480598449707,2.1296300888061523,1.2914198637008667
19-01-1988,2.1111109256744385,2.1296300888061523,62775,2.1296300888061523,2.1296300888061523,1.2914198637008667
20-01-1988,2.0185189247131348,2.1296300888061523,681075,2.1296300888061523,2.055556058883667,1.2465006113052368
21-01-1988,2.037036895751953,2.037036895751953,280800,2.09259295463562,2.09259295463562,1.2689601182937622
22-01-1988,2.1111109256744385,2.1111109256744385,379350,2.1481480598449707,2.1111109256744385,1.2801902294158936
25-01-1988,2.09259295463562,2.1111109256744385,396225,2.1481480598449707,2.1481480598449707,1.3026503324508667
26-01-1988,2.1111109256744385,2.1296300888061523,172800,2.1481480598449707,2.1481480598449707,1.3026503324508667
27-01-1988,2.1481480598449707,2.1481480598449707,166725,2.1666669845581055,2.1666669845581055,1.3138794898986816
28-01-1988,2.1481480598449707,2.1481480598449707,859950,2.222222089767456,2.1666669845581055,1.3138794898986816
29-01-1988,2.1666669845581055,2.1666669845581055,51300,2.2037041187286377,2.2037041187286377,1.3363391160964966
01-02-1988,2.222222089767456,2.222222089767456,386100,2.277777910232544,2.240741014480591,1.3587985038757324
02-02-1988,2.222222089767456,2.240741014480591,432000,2.2962958812713623,2.259258985519409,1.3700273036956787
03-02-1988,2.240741014480591,2.277777910232544,310500,2.314815044403076,2.259258985519409,1.3700273036956787
04-02-1988,2.222222089767456,2.259258985519409,479250,2.259258985519409,2.222222089767456,1.3475680351257324
05-02-1988,2.1666669845581055,2.222222089767456,373950,2.259258985519409,2.1666669845581055,1.3138794898986816
08-02-1988,2.1666669845581055,2.185184955596924,220050,2.222222089767456,2.185184955596924,1.3251084089279175
09-02-1988,2.185184955596924,2.185184955596924,791775,2.222222089767456,2.2037041187286377,1.3363391160964966
10-02-1988,2.2037041187286377,2.2037041187286377,353700,2.240741014480591,2.222222089767456,1.3475680351257324
11-02-1988,2.222222089767456,2.222222089767456,316575,2.240741014480591,2.222222089767456,1.3475680351257324
12-02-1988,2.222222089767456,2.222222089767456,536625,2.277777910232544,2.277777910232544,1.3812578916549683
16-02-1988,2.259258985519409,2.259258985519409,541350,2.2962958812713623,2.2962958812713623,1.3924862146377563
17-02-1988,2.277777910232544,2.277777910232544,594675,2.314815044403076,2.314815044403076,1.4037176370620728
18-02-1988,2.2962958812713623,2.2962958812713623,508950,2.3333330154418945,2.2962958812713623,1.3924862146377563
19-02-1988,2.3518519401550293,2.3518519401550293,822825,2.444443941116333,2.3888890743255615,1.4486356973648071
22-02-1988,2.3888890743255615,2.444443941116333,759375,2.4814810752868652,2.444443941116333,1.4823253154754639
23-02-1988,2.3888890743255615,2.462963104248047,392175,2.462963104248047,2.4259259700775146,1.4710954427719116
24-02-1988,2.3518519401550293,2.4259259700775146,424575,2.4259259700775146,2.3888890743255615,1.4486356973648071
25-02-1988,2.3333330154418945,2.40740704536438,1094850,2.4259259700775146,2.3703699111938477,1.4374061822891235
26-02-1988,2.3703699111938477,2.3703699111938477,988200,2.4259259700775146,2.3888890743255615,1.4486356973648071
29-02-1988,2.3888890743255615,2.40740704536438,477900,2.462963104248047,2.462963104248047,1.4935553073883057
01-03-1988,2.40740704536438,2.444443941116333,665550,2.444443941116333,2.4259259700775146,1.4710954427719116
02-03-1988,2.40740704536438,2.40740704536438,321975,2.4814810752868652,2.462963104248047,1.4935553073883057
03-03-1988,2.444443941116333,2.4814810752868652,129600,2.4814810752868652,2.462963104248047,1.4935553073883057
04-03-1988,2.4259259700775146,2.462963104248047,375300,2.4814810752868652,2.462963104248047,1.4935553073883057
07-03-1988,2.444443941116333,2.462963104248047,362475,2.4814810752868652,2.462963104248047,1.4935553073883057
08-03-1988,2.4814810752868652,2.4814810752868652,878175,2.537036895751953,2.537036895751953,1.5384734869003296
09-03-1988,2.5185189247131348,2.537036895751953,857925,2.555556058883667,2.5185189247131348,1.5272438526153564
10-03-1988,2.444443941116333,2.5,691875,2.5185189247131348,2.4814810752868652,1.5047833919525146
11-03-1988,2.40740704536438,2.444443941116333,392850,2.462963104248047,2.462963104248047,1.5070503950119019
14-03-1988,2.3703699111938477,2.40740704536438,314550,2.444443941116333,2.444443941116333,1.4957195520401
15-03-1988,2.444443941116333,2.444443941116333,224775,2.462963104248047,2.444443941116333,1.4957195520401
16-03-1988,2.444443941116333,2.444443941116333,262575,2.555556058883667,2.537036895751953,1.5523755550384521
17-03-1988,2.5185189247131348,2.555556058883667,488700,2.555556058883667,2.537036895751953,1.5523755550384521
18-03-1988,2.5185189247131348,2.5740740299224854,385425,2.5740740299224854,2.5185189247131348,1.5410435199737549
21-03-1988,2.4814810752868652,2.5185189247131348,293625,2.537036895751953,2.5,1.52971351146698
22-03-1988,2.4814810752868652,2.5,112050,2.5185189247131348,2.5,1.52971351146698
23-03-1988,2.4814810752868652,2.5,507600,2.537036895751953,2.4814810752868652,1.5183814764022827
24-03-1988,2.462963104248047,2.4814810752868652,270675,2.537036895751953,2.537036895751953,1.5523755550384521
25-03-1988,2.5,2.5185189247131348,371925,2.537036895751953,2.5185189247131348,1.5410435199737549
28-03-1988,2.462963104248047,2.5185189247131348,569700,2.537036895751953,2.5,1.52971351146698
29-03-1988,2.462963104248047,2.5,249075,2.537036895751953,2.4814810752868652,1.5183814764022827
30-03-1988,2.40740704536438,2.5,132975,2.5185189247131348,2.40740704536438,1.473057508468628
31-03-1988,2.3518519401550293,2.3703699111938477,332100,2.4814810752868652,2.462963104248047,1.5070503950119019
04-04-1988,2.40740704536438,2.4814810752868652,438075,2.4814810752868652,2.444443941116333,1.4957195520401
05-04-1988,2.3703699111938477,2.40740704536438,249075,2.462963104248047,2.4259259700775146,1.4843885898590088
06-04-1988,2.3703699111938477,2.40740704536438,357750,2.462963104248047,2.444443941116333,1.4957195520401
07-04-1988,2.3888890743255615,2.40740704536438,348975,2.462963104248047,2.4259259700775146,1.4843885898590088
08-04-1988,2.4259259700775146,2.4259259700775146,741825,2.537036895751953,2.537036895751953,1.5523755550384521
11-04-1988,2.4814810752868652,2.555556058883667,431325,2.555556058883667,2.5185189247131348,1.5410435199737549
12-04-1988,2.4814810752868652,2.537036895751953,614250,2.537036895751953,2.5185189247131348,1.5410435199737549
13-04-1988,2.5,2.5185189247131348,486000,2.537036895751953,2.5185189247131348,1.5410435199737549
14-04-1988,2.3888890743255615,2.4814810752868652,324675,2.5,2.3888890743255615,1.4617257118225098
15-04-1988,2.3518519401550293,2.3703699111938477,289575,2.4259259700775146,2.3888890743255615,1.4617257118225098
18-04-1988,2.3888890743255615,2.40740704536438,218025,2.462963104248047,2.3888890743255615,1.4617257118225098
19-04-1988,2.3888890743255615,2.40740704536438,152550,2.4259259700775146,2.3888890743255615,1.4617257118225098
20-04-1988,2.240741014480591,2.3888890743255615,233550,2.3888890743255615,2.314815044403076,1.416401743888855
21-04-1988,2.2962958812713623,2.2962958812713623,260550,2.3703699111938477,2.3333330154418945,1.4277324676513672
22-04-1988,2.3333330154418945,2.3518519401550293,75600,2.3518519401550293,2.3333330154418945,1.4277324676513672
25-04-1988,2.3333330154418945,2.3703699111938477,182925,2.3703699111938477,2.3333330154418945,1.4277324676513672
26-04-1988,2.3333330154418945,2.3518519401550293,227475,2.40740704536438,2.3888890743255615,1.4617257118225098
27-04-1988,2.3333330154418945,2.40740704536438,182925,2.40740704536438,2.3333330154418945,1.4277324676513672
28-04-1988,2.314815044403076,2.3518519401550293,142425,2.3518519401550293,2.314815044403076,1.416401743888855
29-04-1988,2.3333330154418945,2.3333330154418945,270675,2.40740704536438,2.3703699111938477,1.4503945112228394
02-05-1988,2.314815044403076,2.3703699111938477,259875,2.3703699111938477,2.3333330154418945,1.4277324676513672
03-05-1988,2.314815044403076,2.3518519401550293,94500,2.3888890743255615,2.3518519401550293,1.4390640258789062
04-05-1988,2.222222089767456,2.314815044403076,527175,2.3333330154418945,2.277777910232544,1.3937387466430664
05-05-1988,2.222222089767456,2.277777910232544,226800,2.2962958812713623,2.277777910232544,1.3937387466430664
06-05-1988,2.314815044403076,2.3333330154418945,582525,2.3518519401550293,2.3333330154418945,1.4277324676513672
09-05-1988,2.259258985519409,2.3333330154418945,325350,2.3518519401550293,2.259258985519409,1.3824069499969482
10-05-1988,2.277777910232544,2.314815044403076,244350,2.314815044403076,2.2962958812713623,1.405069351196289
11-05-1988,2.222222089767456,2.259258985519409,476550,2.2962958812713623,2.2962958812713623,1.405069351196289
12-05-1988,2.240741014480591,2.2962958812713623,321300,2.2962958812713623,2.240741014480591,1.3710769414901733
13-05-1988,2.240741014480591,2.240741014480591,361800,2.3518519401550293,2.3333330154418945,1.4277324676513672
16-05-1988,2.314815044403076,2.3333330154418945,190350,2.3703699111938477,2.3703699111938477,1.4503945112228394
17-05-1988,2.3333330154418945,2.3703699111938477,508275,2.444443941116333,2.3333330154418945,1.4277324676513672
18-05-1988,2.240741014480591,2.314815044403076,296325,2.3333330154418945,2.259258985519409,1.3824069499969482
19-05-1988,2.222222089767456,2.222222089767456,74250,2.2962958812713623,2.277777910232544,1.3937387466430664
20-05-1988,2.277777910232544,2.2962958812713623,123525,2.2962958812713623,2.277777910232544,1.3937387466430664
23-05-1988,2.240741014480591,2.259258985519409,121500,2.314815044403076,2.314815044403076,1.416401743888855
24-05-1988,2.259258985519409,2.277777910232544,201825,2.2962958812713623,2.277777910232544,1.3937387466430664
25-05-1988,2.277777910232544,2.2962958812713623,142425,2.3518519401550293,2.2962958812713623,1.405069351196289
26-05-1988,2.222222089767456,2.2962958812713623,437400,2.2962958812713623,2.277777910232544,1.3937387466430664
27-05-1988,2.259258985519409,2.259258985519409,50625,2.277777910232544,2.259258985519409,1.3824069499969482
31-05-1988,2.240741014480591,2.277777910232544,181575,2.2962958812713623,2.259258985519409,1.3824069499969482
01-06-1988,2.259258985519409,2.259258985519409,228150,2.3518519401550293,2.3518519401550293,1.4390640258789062
02-06-1988,2.240741014480591,2.3333330154418945,260550,2.3333330154418945,2.240741014480591,1.3710769414901733
03-06-1988,2.240741014480591,2.240741014480591,95175,2.314815044403076,2.2962958812713623,1.405069351196289
06-06-1988,2.277777910232544,2.314815044403076,97200,2.314815044403076,2.2962958812713623,1.405069351196289
07-06-1988,2.240741014480591,2.277777910232544,259875,2.277777910232544,2.277777910232544,1.3937387466430664
08-06-1988,2.259258985519409,2.259258985519409,392175,2.3703699111938477,2.3518519401550293,1.4390640258789062
09-06-1988,2.2962958812713623,2.3518519401550293,102600,2.3518519401550293,2.2962958812713623,1.405069351196289
10-06-1988,2.277777910232544,2.277777910232544,363825,2.3333330154418945,2.314815044403076,1.4302419424057007
13-06-1988,2.2962958812713623,2.3333330154418945,64125,2.3333330154418945,2.2962958812713623,1.4187991619110107
14-06-1988,2.277777910232544,2.277777910232544,502200,2.3888890743255615,2.3888890743255615,1.4760091304779053
15-06-1988,2.314815044403076,2.3518519401550293,197775,2.3703699111938477,2.3518519401550293,1.453126311302185
16-06-1988,2.314815044403076,2.3518519401550293,346950,2.3703699111938477,2.314815044403076,1.4302419424057007
17-06-1988,2.314815044403076,2.3703699111938477,184950,2.3703699111938477,2.314815044403076,1.4302419424057007
20-06-1988,2.2962958812713623,2.314815044403076,120825,2.3518519401550293,2.3518519401550293,1.453126311302185
21-06-1988,2.2962958812713623,2.314815044403076,314550,2.3703699111938477,2.3333330154418945,1.4416841268539429
22-06-1988,2.2962958812713623,2.3333330154418945,481950,2.3518519401550293,2.2962958812713623,1.4187991619110107
23-06-1988,2.2962958812713623,2.314815044403076,332100,2.314815044403076,2.314815044403076,1.4302419424057007
24-06-1988,2.2962958812713623,2.314815044403076,224775,2.3518519401550293,2.3518519401550293,1.453126311302185
27-06-1988,2.314815044403076,2.3333330154418945,83025,2.3518519401550293,2.3333330154418945,1.4416841268539429
28-06-1988,2.2962958812713623,2.3333330154418945,159300,2.3703699111938477,2.3333330154418945,1.4416841268539429
29-06-1988,2.2962958812713623,2.3333330154418945,486000,2.3333330154418945,2.2962958812713623,1.4187991619110107
30-06-1988,2.2962958812713623,2.3333330154418945,333450,2.3518519401550293,2.3333330154418945,1.4416841268539429
01-07-1988,2.277777910232544,2.3333330154418945,328050,2.3333330154418945,2.314815044403076,1.4302419424057007
05-07-1988,2.2962958812713623,2.3333330154418945,103275,2.3333330154418945,2.314815044403076,1.4302419424057007
06-07-1988,2.222222089767456,2.314815044403076,218700,2.3333330154418945,2.259258985519409,1.3959152698516846
07-07-1988,2.2037041187286377,2.259258985519409,143775,2.259258985519409,2.240741014480591,1.384474515914917
08-07-1988,2.185184955596924,2.240741014480591,408375,2.2962958812713623,2.277777910232544,1.4073584079742432
11-07-1988,2.240741014480591,2.259258985519409,69525,2.277777910232544,2.240741014480591,1.384474515914917
12-07-1988,2.2037041187286377,2.222222089767456,202500,2.222222089767456,2.2037041187286377,1.3615906238555908
13-07-1988,2.1666669845581055,2.2037041187286377,289575,2.222222089767456,2.185184955596924,1.3501479625701904
14-07-1988,2.1296300888061523,2.185184955596924,181575,2.2037041187286377,2.1666669845581055,1.338706612586975
15-07-1988,2.1296300888061523,2.2037041187286377,321975,2.2037041187286377,2.185184955596924,1.3501479625701904
18-07-1988,2.1481480598449707,2.185184955596924,173475,2.185184955596924,2.1481480598449707,1.3272655010223389
19-07-1988,2.09259295463562,2.1666669845581055,143775,2.1666669845581055,2.1111109256744385,1.3043807744979858
20-07-1988,2.09259295463562,2.09259295463562,622350,2.1481480598449707,2.1481480598449707,1.3272655010223389
21-07-1988,2.09259295463562,2.1296300888061523,159300,2.1296300888061523,2.1111109256744385,1.3043807744979858
22-07-1988,2.0740740299224854,2.09259295463562,267300,2.1111109256744385,2.0740740299224854,1.2814968824386597
25-07-1988,2.09259295463562,2.09259295463562,398250,2.1481480598449707,2.1481480598449707,1.3272655010223389
26-07-1988,2.1296300888061523,2.1296300888061523,182925,2.1666669845581055,2.1481480598449707,1.3272655010223389
27-07-1988,2.1111109256744385,2.1481480598449707,260550,2.1666669845581055,2.1481480598449707,1.3272655010223389
28-07-1988,2.1296300888061523,2.1666669845581055,364500,2.1666669845581055,2.1481480598449707,1.3272655010223389
29-07-1988,2.1481480598449707,2.1666669845581055,295650,2.2037041187286377,2.1481480598449707,1.3272655010223389
01-08-1988,2.1296300888061523,2.1666669845581055,300375,2.185184955596924,2.185184955596924,1.3501479625701904
02-08-1988,2.1666669845581055,2.185184955596924,209250,2.222222089767456,2.2037041187286377,1.3615906238555908
03-08-1988,2.1481480598449707,2.185184955596924,232200,2.2037041187286377,2.185184955596924,1.3501479625701904
04-08-1988,2.1666669845581055,2.1666669845581055,271350,2.185184955596924,2.185184955596924,1.3501479625701904
05-08-1988,2.1481480598449707,2.185184955596924,268650,2.185184955596924,2.1481480598449707,1.3272655010223389
08-08-1988,2.1481480598449707,2.1481480598449707,292950,2.185184955596924,2.1666669845581055,1.338706612586975
09-08-1988,2.09259295463562,2.1481480598449707,452250,2.1481480598449707,2.1296300888061523,1.3158221244812012
10-08-1988,1.9814809560775757,2.1296300888061523,618300,2.1296300888061523,2.0,1.235729455947876
11-08-1988,1.9814809560775757,2.0,375300,2.037036895751953,2.0185189247131348,1.2471712827682495
12-08-1988,1.9814809560775757,1.9814809560775757,294975,2.0185189247131348,2.0185189247131348,1.2471712827682495
15-08-1988,2.0,2.0185189247131348,131625,2.0185189247131348,2.0,1.235729455947876
16-08-1988,1.944443941116333,2.0,207225,2.0,1.9629629850387573,1.2128448486328125
17-08-1988,1.8703700304031372,1.9629629850387573,317250,1.9629629850387573,1.9074070453643799,1.1785191297531128
18-08-1988,1.8518520593643188,1.888888955116272,901125,1.9629629850387573,1.9629629850387573,1.2128448486328125
19-08-1988,1.944443941116333,1.944443941116333,178200,2.037036895751953,2.0185189247131348,1.2471712827682495
22-08-1988,2.0,2.0185189247131348,189000,2.037036895751953,2.037036895751953,1.2586123943328857
23-08-1988,1.9814809560775757,2.0185189247131348,195075,2.055556058883667,2.0,1.235729455947876
24-08-1988,1.9814809560775757,1.9814809560775757,392175,2.037036895751953,2.0,1.235729455947876
25-08-1988,2.0,2.0,433350,2.037036895751953,2.0185189247131348,1.2471712827682495
26-08-1988,2.0,2.0185189247131348,345600,2.037036895751953,2.0185189247131348,1.2471712827682495
29-08-1988,2.0,2.037036895751953,464400,2.037036895751953,2.037036895751953,1.2586123943328857
30-08-1988,2.0185189247131348,2.0185189247131348,373275,2.055556058883667,2.037036895751953,1.2586123943328857
31-08-1988,2.037036895751953,2.037036895751953,264600,2.055556058883667,2.055556058883667,1.2700551748275757
01-09-1988,2.037036895751953,2.055556058883667,335475,2.055556058883667,2.037036895751953,1.2586123943328857
02-09-1988,2.055556058883667,2.055556058883667,220050,2.1296300888061523,2.09259295463562,1.2929388284683228
06-09-1988,2.037036895751953,2.1111109256744385,278775,2.1111109256744385,2.037036895751953,1.2586123943328857
07-09-1988,2.0185189247131348,2.0185189247131348,394875,2.037036895751953,2.037036895751953,1.2586123943328857
08-09-1988,2.037036895751953,2.055556058883667,97875,2.0740740299224854,2.0740740299224854,1.2814968824386597
09-09-1988,2.055556058883667,2.0740740299224854,104625,2.09259295463562,2.0740740299224854,1.2814968824386597
12-09-1988,2.0185189247131348,2.037036895751953,275400,2.055556058883667,2.0185189247131348,1.2606784105300903
13-09-1988,2.0185189247131348,2.0185189247131348,117450,2.0740740299224854,2.0740740299224854,1.2953753471374512
14-09-1988,2.0,2.055556058883667,390825,2.0740740299224854,2.055556058883667,1.2838101387023926
15-09-1988,2.0185189247131348,2.037036895751953,391500,2.09259295463562,2.055556058883667,1.2838101387023926
16-09-1988,2.037036895751953,2.0740740299224854,186300,2.09259295463562,2.09259295463562,1.3069422245025635
19-09-1988,2.037036895751953,2.09259295463562,98550,2.09259295463562,2.037036895751953,1.272243618965149
20-09-1988,2.0,2.0185189247131348,126225,2.037036895751953,2.037036895751953,1.272243618965149
21-09-1988,2.0,2.0185189247131348,64800,2.037036895751953,2.037036895751953,1.272243618965149
22-09-1988,1.9629629850387573,2.0,504900,2.0185189247131348,1.9814809560775757,1.2375463247299194
23-09-1988,1.9259259700775146,1.9814809560775757,656100,1.9814809560775757,1.9629629850387573,1.2259806394577026
26-09-1988,1.944443941116333,1.9629629850387573,182925,1.9814809560775757,1.9814809560775757,1.2375463247299194
27-09-1988,1.944443941116333,1.9814809560775757,71550,1.9814809560775757,1.9629629850387573,1.2259806394577026
28-09-1988,1.9259259700775146,1.944443941116333,215325,1.9814809560775757,1.9629629850387573,1.2259806394577026
29-09-1988,1.9259259700775146,1.944443941116333,822150,1.9814809560775757,1.9629629850387573,1.2259806394577026
30-09-1988,1.944443941116333,1.9629629850387573,452925,1.9814809560775757,1.9629629850387573,1.2259806394577026
03-10-1988,1.944443941116333,1.9814809560775757,363150,2.0,2.0,1.2491120100021362
04-10-1988,1.9629629850387573,1.9629629850387573,94500,2.0185189247131348,2.0185189247131348,1.2606784105300903
05-10-1988,1.9814809560775757,2.037036895751953,162675,2.037036895751953,2.0,1.2491120100021362
06-10-1988,1.9629629850387573,2.0,280125,2.0,1.9629629850387573,1.2259806394577026
07-10-1988,1.9629629850387573,1.9629629850387573,294975,2.0185189247131348,2.0185189247131348,1.2606784105300903
10-10-1988,1.9629629850387573,2.0,556200,2.0,1.9629629850387573,1.2259806394577026
11-10-1988,1.9629629850387573,1.9629629850387573,303075,2.0,2.0,1.2491120100021362
12-10-1988,1.9259259700775146,2.0,432000,2.0,1.944443941116333,1.2144149541854858
13-10-1988,1.9259259700775146,1.9259259700775146,549450,2.037036895751953,2.0185189247131348,1.2606784105300903
14-10-1988,1.944443941116333,2.0185189247131348,395550,2.037036895751953,1.9814809560775757,1.2375463247299194
17-10-1988,1.9814809560775757,2.0,246375,2.0,1.9814809560775757,1.2375463247299194
18-10-1988,1.944443941116333,1.944443941116333,303075,2.0,2.0,1.2491120100021362
19-10-1988,1.9814809560775757,1.9814809560775757,125550,2.0,2.0,1.2491120100021362
20-10-1988,1.9814809560775757,2.0,64125,2.0185189247131348,2.0185189247131348,1.2606784105300903
21-10-1988,1.9814809560775757,1.9814809560775757,65475,2.037036895751953,2.0185189247131348,1.2606784105300903
24-10-1988,2.0,2.0185189247131348,240975,2.0740740299224854,2.055556058883667,1.2838101387023926
25-10-1988,2.037036895751953,2.055556058883667,81000,2.0740740299224854,2.037036895751953,1.272243618965149
26-10-1988,2.0,2.055556058883667,328050,2.055556058883667,2.037036895751953,1.272243618965149
27-10-1988,1.9814809560775757,2.0,171450,2.0185189247131348,2.0,1.2491120100021362
28-10-1988,2.0,2.0185189247131348,107325,2.055556058883667,2.037036895751953,1.272243618965149
31-10-1988,2.0,2.0185189247131348,138375,2.037036895751953,2.0185189247131348,1.2606784105300903
01-11-1988,2.0,2.0185189247131348,236925,2.0185189247131348,2.0,1.2491120100021362
02-11-1988,2.0,2.0,608850,2.0185189247131348,2.0,1.2491120100021362
03-11-1988,1.9814809560775757,1.9814809560775757,1336500,2.037036895751953,2.0185189247131348,1.2606784105300903
04-11-1988,2.0,2.0,627750,2.055556058883667,2.055556058883667,1.2838101387023926
07-11-1988,2.0,2.037036895751953,218025,2.037036895751953,2.0185189247131348,1.2606784105300903
08-11-1988,2.0185189247131348,2.0185189247131348,247725,2.055556058883667,2.037036895751953,1.272243618965149
09-11-1988,2.0185189247131348,2.055556058883667,99900,2.055556058883667,2.0185189247131348,1.2606784105300903
10-11-1988,2.0,2.0,218025,2.055556058883667,2.037036895751953,1.272243618965149
11-11-1988,1.9814809560775757,2.0,143100,2.0185189247131348,1.9814809560775757,1.2375463247299194
14-11-1988,2.0,2.0,261225,2.0740740299224854,2.055556058883667,1.2838101387023926
15-11-1988,2.0185189247131348,2.037036895751953,280125,2.055556058883667,2.037036895751953,1.272243618965149
16-11-1988,1.9814809560775757,2.037036895751953,598725,2.037036895751953,2.0,1.2491120100021362
17-11-1988,2.0,2.0,382050,2.09259295463562,2.09259295463562,1.3069422245025635
18-11-1988,2.0740740299224854,2.1111109256744385,508950,2.1296300888061523,2.0740740299224854,1.2953753471374512
21-11-1988,2.037036895751953,2.037036895751953,445500,2.0740740299224854,2.0740740299224854,1.2953753471374512
22-11-1988,2.055556058883667,2.0740740299224854,408375,2.09259295463562,2.0740740299224854,1.2953753471374512
23-11-1988,2.0740740299224854,2.09259295463562,622350,2.1481480598449707,2.1296300888061523,1.3300734758377075
25-11-1988,2.09259295463562,2.1111109256744385,157950,2.1296300888061523,2.1111109256744385,1.3185075521469116
28-11-1988,2.1111109256744385,2.1111109256744385,121500,2.1481480598449707,2.1296300888061523,1.3300734758377075
29-11-1988,2.1111109256744385,2.1111109256744385,78975,2.1666669845581055,2.1481480598449707,1.3416389226913452
30-11-1988,2.1481480598449707,2.1481480598449707,166050,2.1666669845581055,2.1666669845581055,1.3532048463821411
01-12-1988,2.037036895751953,2.1481480598449707,257850,2.1481480598449707,2.037036895751953,1.272243618965149
02-12-1988,1.9629629850387573,2.0185189247131348,600075,2.055556058883667,2.055556058883667,1.2838101387023926
05-12-1988,2.055556058883667,2.055556058883667,720900,2.09259295463562,2.0740740299224854,1.3095322847366333
06-12-1988,2.0185189247131348,2.09259295463562,486675,2.09259295463562,2.0185189247131348,1.2744566202163696
07-12-1988,2.0185189247131348,2.0185189247131348,340875,2.0740740299224854,2.0740740299224854,1.3095322847366333
08-12-1988,2.0,2.055556058883667,550800,2.055556058883667,2.0185189247131348,1.2744566202163696
09-12-1988,2.037036895751953,2.037036895751953,706050,2.09259295463562,2.0740740299224854,1.3095322847366333
12-12-1988,2.037036895751953,2.0740740299224854,370575,2.0740740299224854,2.055556058883667,1.2978405952453613
13-12-1988,1.888888955116272,1.888888955116272,494775,1.9629629850387573,1.9629629850387573,1.239379644393921
14-12-1988,1.944443941116333,1.9629629850387573,282825,1.9814809560775757,1.944443941116333,1.2276866436004639
15-12-1988,1.9259259700775146,1.944443941116333,307125,2.0,1.9259259700775146,1.2159943580627441
16-12-1988,1.9259259700775146,1.9259259700775146,712800,1.9629629850387573,1.9629629850387573,1.239379644393921
19-12-1988,1.9629629850387573,1.9814809560775757,600075,2.0185189247131348,1.9629629850387573,1.239379644393921
20-12-1988,1.944443941116333,1.944443941116333,300375,1.9814809560775757,1.9629629850387573,1.239379644393921
21-12-1988,1.9259259700775146,1.9629629850387573,230175,1.9629629850387573,1.9259259700775146,1.2159943580627441
22-12-1988,1.9074070453643799,1.9259259700775146,336150,1.944443941116333,1.9074070453643799,1.2043025493621826
23-12-1988,1.9074070453643799,1.9074070453643799,112050,1.9629629850387573,1.9259259700775146,1.2159943580627441
27-12-1988,1.9259259700775146,1.944443941116333,53325,1.944443941116333,1.9259259700775146,1.2159943580627441
28-12-1988,1.9074070453643799,1.944443941116333,208575,1.944443941116333,1.9259259700775146,1.2159943580627441
29-12-1988,1.9074070453643799,1.9074070453643799,140400,1.9259259700775146,1.9074070453643799,1.2043025493621826
30-12-1988,1.9074070453643799,1.9259259700775146,284175,1.9259259700775146,1.9259259700775146,1.2159943580627441
03-01-1989,1.8703700304031372,1.9259259700775146,467100,1.9259259700775146,1.8703700304031372,1.1809172630310059
04-01-1989,1.8703700304031372,1.8703700304031372,402975,1.9074070453643799,1.888888955116272,1.192610263824463
05-01-1989,1.888888955116272,1.888888955116272,487350,1.9814809560775757,1.9074070453643799,1.2043025493621826
06-01-1989,1.888888955116272,1.9074070453643799,255150,1.9259259700775146,1.888888955116272,1.192610263824463
09-01-1989,1.8148150444030762,1.888888955116272,1528200,1.888888955116272,1.8703700304031372,1.1809172630310059
10-01-1989,1.8703700304031372,1.8703700304031372,213975,1.9259259700775146,1.888888955116272,1.192610263824463
11-01-1989,1.888888955116272,1.9074070453643799,197775,1.9259259700775146,1.9074070453643799,1.2043025493621826
12-01-1989,1.888888955116272,1.9259259700775146,515025,2.0,1.9814809560775757,1.2510714530944824
13-01-1989,1.9629629850387573,1.9629629850387573,677700,2.0,1.9814809560775757,1.2510714530944824
16-01-1989,1.944443941116333,2.0,384750,2.0185189247131348,1.9629629850387573,1.239379644393921
17-01-1989,1.944443941116333,1.9629629850387573,351675,2.0,1.9629629850387573,1.239379644393921
18-01-1989,1.944443941116333,1.944443941116333,373950,2.0,1.9814809560775757,1.2510714530944824
19-01-1989,1.944443941116333,1.9629629850387573,309825,2.0,1.944443941116333,1.2276866436004639
20-01-1989,1.9259259700775146,1.9629629850387573,787050,1.9814809560775757,1.9629629850387573,1.239379644393921
23-01-1989,1.9074070453643799,1.9259259700775146,556875,1.944443941116333,1.9259259700775146,1.2159943580627441
24-01-1989,1.9259259700775146,1.9259259700775146,379350,1.9814809560775757,1.9629629850387573,1.239379644393921
25-01-1989,1.9629629850387573,1.9629629850387573,469125,2.0,1.9629629850387573,1.239379644393921
26-01-1989,1.9629629850387573,1.9814809560775757,385425,2.037036895751953,2.0,1.2627636194229126
27-01-1989,1.9629629850387573,2.0185189247131348,1190700,2.037036895751953,2.0,1.2627636194229126
30-01-1989,1.9814809560775757,2.0185189247131348,546750,2.055556058883667,1.9814809560775757,1.2510714530944824
31-01-1989,1.944443941116333,1.9814809560775757,521100,2.0,1.9629629850387573,1.239379644393921
01-02-1989,1.9259259700775146,1.9629629850387573,390825,1.9814809560775757,1.9259259700775146,1.2159943580627441
02-02-1989,1.9259259700775146,1.9259259700775146,524475,1.9629629850387573,1.944443941116333,1.2276866436004639
03-02-1989,1.888888955116272,1.9259259700775146,520425,1.9629629850387573,1.888888955116272,1.192610263824463
06-02-1989,1.888888955116272,1.888888955116272,236925,1.9259259700775146,1.9259259700775146,1.2159943580627441
07-02-1989,1.9074070453643799,1.9259259700775146,1175175,1.9814809560775757,1.944443941116333,1.2276866436004639
08-02-1989,1.9259259700775146,1.9259259700775146,799875,1.9814809560775757,1.9629629850387573,1.239379644393921
09-02-1989,1.9629629850387573,1.9629629850387573,288225,1.9814809560775757,1.9629629850387573,1.239379644393921
10-02-1989,1.944443941116333,1.9629629850387573,1127250,1.9629629850387573,1.9629629850387573,1.239379644393921
13-02-1989,1.944443941116333,1.944443941116333,438075,1.9629629850387573,1.9629629850387573,1.239379644393921
14-02-1989,1.9629629850387573,1.9629629850387573,1021950,1.9814809560775757,1.9814809560775757,1.2510714530944824
15-02-1989,1.888888955116272,1.9629629850387573,1332450,1.9629629850387573,1.888888955116272,1.192610263824463
16-02-1989,1.888888955116272,1.9074070453643799,690525,1.9259259700775146,1.888888955116272,1.192610263824463
17-02-1989,1.888888955116272,1.9074070453643799,719550,1.944443941116333,1.9259259700775146,1.2159943580627441
21-02-1989,1.9074070453643799,1.9259259700775146,440775,1.944443941116333,1.9074070453643799,1.2043025493621826
22-02-1989,1.888888955116272,1.9074070453643799,247725,1.9259259700775146,1.888888955116272,1.192610263824463
23-02-1989,1.888888955116272,1.888888955116272,348300,1.9074070453643799,1.888888955116272,1.192610263824463
24-02-1989,1.8518520593643188,1.888888955116272,1022625,1.9074070453643799,1.8518520593643188,1.1692254543304443
27-02-1989,1.8333330154418945,1.8703700304031372,891000,1.9259259700775146,1.9259259700775146,1.2159943580627441
28-02-1989,1.888888955116272,1.9074070453643799,1676700,1.9259259700775146,1.9259259700775146,1.2159943580627441
01-03-1989,1.9259259700775146,1.9259259700775146,236925,1.944443941116333,1.944443941116333,1.2276866436004639
02-03-1989,1.9259259700775146,1.9259259700775146,483975,1.9629629850387573,1.9629629850387573,1.239379644393921
03-03-1989,1.888888955116272,1.944443941116333,309150,1.944443941116333,1.888888955116272,1.192610263824463
06-03-1989,1.9074070453643799,1.9074070453643799,187650,1.9629629850387573,1.944443941116333,1.2276866436004639
07-03-1989,1.944443941116333,1.9629629850387573,971325,2.0,1.9814809560775757,1.2510714530944824
08-03-1989,1.944443941116333,1.9814809560775757,514350,1.9814809560775757,1.9814809560775757,1.2510714530944824
09-03-1989,1.944443941116333,1.9629629850387573,689850,1.9629629850387573,1.944443941116333,1.2276866436004639
10-03-1989,1.944443941116333,1.944443941116333,2177550,2.037036895751953,2.0,1.2627636194229126
13-03-1989,1.9629629850387573,1.9629629850387573,604800,2.0,2.0,1.276951551437378
14-03-1989,1.944443941116333,2.0,409050,2.0,1.9629629850387573,1.2533053159713745
15-03-1989,1.944443941116333,1.9629629850387573,448200,1.9629629850387573,1.9629629850387573,1.2533053159713745
16-03-1989,1.9259259700775146,1.9629629850387573,496125,2.0,1.9629629850387573,1.2533053159713745
17-03-1989,1.9259259700775146,1.9629629850387573,689850,1.9629629850387573,1.9259259700775146,1.2296571731567383
20-03-1989,1.9074070453643799,1.9259259700775146,223425,1.944443941116333,1.9074070453643799,1.2178336381912231
21-03-1989,1.9259259700775146,1.944443941116333,300375,1.9629629850387573,1.944443941116333,1.2414811849594116
22-03-1989,1.9074070453643799,1.9259259700775146,409050,1.944443941116333,1.944443941116333,1.2414811849594116
23-03-1989,1.888888955116272,1.9259259700775146,237600,1.9259259700775146,1.888888955116272,1.2060105800628662
27-03-1989,1.888888955116272,1.888888955116272,369225,1.9259259700775146,1.9259259700775146,1.2296571731567383
28-03-1989,1.9074070453643799,1.9259259700775146,309150,1.9259259700775146,1.9074070453643799,1.2178336381912231
29-03-1989,1.9074070453643799,1.9259259700775146,103950,1.9259259700775146,1.9074070453643799,1.2178336381912231
30-03-1989,1.888888955116272,1.9074070453643799,241650,1.9259259700775146,1.888888955116272,1.2060105800628662
31-03-1989,1.888888955116272,1.888888955116272,235575,1.9259259700775146,1.888888955116272,1.2060105800628662
03-04-1989,1.888888955116272,1.9074070453643799,779625,1.9259259700775146,1.9074070453643799,1.2178336381912231
04-04-1989,1.8703700304031372,1.888888955116272,176850,1.9074070453643799,1.888888955116272,1.2060105800628662
05-04-1989,1.8703700304031372,1.888888955116272,141750,1.9074070453643799,1.888888955116272,1.2060105800628662
06-04-1989,1.888888955116272,1.9074070453643799,364500,1.9074070453643799,1.888888955116272,1.2060105800628662
07-04-1989,1.888888955116272,1.888888955116272,217350,1.9074070453643799,1.888888955116272,1.2060105800628662
10-04-1989,1.888888955116272,1.888888955116272,409725,1.9259259700775146,1.888888955116272,1.2060105800628662
11-04-1989,1.8703700304031372,1.9074070453643799,918675,1.9074070453643799,1.8703700304031372,1.1941860914230347
12-04-1989,1.8703700304031372,1.8703700304031372,426600,1.888888955116272,1.8703700304031372,1.1941860914230347
13-04-1989,1.8518520593643188,1.8703700304031372,2814075,1.888888955116272,1.8703700304031372,1.1941860914230347
14-04-1989,1.8518520593643188,1.888888955116272,459000,1.888888955116272,1.8703700304031372,1.1941860914230347
17-04-1989,1.8518520593643188,1.8703700304031372,771525,1.888888955116272,1.8518520593643188,1.182362675666809
18-04-1989,1.8518520593643188,1.8703700304031372,1021275,1.9074070453643799,1.888888955116272,1.2060105800628662
19-04-1989,1.8703700304031372,1.888888955116272,800550,1.9074070453643799,1.888888955116272,1.2060105800628662
20-04-1989,1.888888955116272,1.888888955116272,906525,1.9259259700775146,1.9259259700775146,1.2296571731567383
21-04-1989,1.9074070453643799,1.9259259700775146,1250775,1.944443941116333,1.944443941116333,1.2414811849594116
24-04-1989,1.944443941116333,1.944443941116333,1254825,2.0,1.9814809560775757,1.2651283740997314
25-04-1989,1.9629629850387573,2.0,1012500,2.0,2.0,1.276951551437378
26-04-1989,1.9814809560775757,2.0,735075,2.0185189247131348,2.0,1.276951551437378
27-04-1989,1.944443941116333,2.0,1039500,2.0185189247131348,1.9629629850387573,1.2533053159713745
28-04-1989,1.9629629850387573,1.9814809560775757,340200,2.0,1.9814809560775757,1.2651283740997314
01-05-1989,1.9629629850387573,1.9814809560775757,371925,1.9814809560775757,1.9814809560775757,1.2651283740997314
02-05-1989,1.9629629850387573,1.9629629850387573,419175,2.0,1.9629629850387573,1.2533053159713745
03-05-1989,1.944443941116333,1.9814809560775757,189000,1.9814809560775757,1.9629629850387573,1.2533053159713745
04-05-1989,1.9259259700775146,1.944443941116333,321300,1.9629629850387573,1.944443941116333,1.2414811849594116
05-05-1989,1.9259259700775146,1.9629629850387573,536625,1.9629629850387573,1.944443941116333,1.2414811849594116
08-05-1989,1.944443941116333,1.944443941116333,369900,1.9629629850387573,1.9629629850387573,1.2533053159713745
09-05-1989,1.944443941116333,1.9629629850387573,92475,1.9629629850387573,1.9629629850387573,1.2533053159713745
10-05-1989,1.944443941116333,1.9629629850387573,648000,1.9814809560775757,1.9629629850387573,1.2533053159713745
11-05-1989,1.9629629850387573,1.9629629850387573,236250,1.9814809560775757,1.9814809560775757,1.2651283740997314
12-05-1989,1.9629629850387573,1.9629629850387573,242325,1.9814809560775757,1.9629629850387573,1.2533053159713745
15-05-1989,1.9629629850387573,1.9814809560775757,467100,2.0,1.9629629850387573,1.2533053159713745
16-05-1989,2.0,2.0,1516725,2.09259295463562,2.09259295463562,1.3360698223114014
17-05-1989,2.0740740299224854,2.0740740299224854,754650,2.09259295463562,2.09259295463562,1.3360698223114014
18-05-1989,2.055556058883667,2.0740740299224854,1151550,2.1111109256744385,2.09259295463562,1.3360698223114014
19-05-1989,2.0740740299224854,2.09259295463562,270000,2.1111109256744385,2.09259295463562,1.3360698223114014
22-05-1989,2.09259295463562,2.1296300888061523,325350,2.1296300888061523,2.1111109256744385,1.3478935956954956
23-05-1989,2.09259295463562,2.09259295463562,278100,2.1111109256744385,2.1111109256744385,1.3478935956954956
24-05-1989,2.09259295463562,2.1111109256744385,635850,2.1296300888061523,2.1111109256744385,1.3478935956954956
25-05-1989,2.09259295463562,2.1111109256744385,139725,2.1296300888061523,2.1111109256744385,1.3478935956954956
26-05-1989,2.0740740299224854,2.0740740299224854,137700,2.09259295463562,2.09259295463562,1.3360698223114014
30-05-1989,2.0740740299224854,2.09259295463562,186300,2.09259295463562,2.09259295463562,1.3360698223114014
31-05-1989,2.0740740299224854,2.09259295463562,319275,2.09259295463562,2.09259295463562,1.3360698223114014
01-06-1989,2.0740740299224854,2.09259295463562,243675,2.1111109256744385,2.09259295463562,1.3360698223114014
02-06-1989,2.0740740299224854,2.0740740299224854,344925,2.1111109256744385,2.1111109256744385,1.3478935956954956
05-06-1989,2.1111109256744385,2.1111109256744385,1071225,2.1666669845581055,2.1481480598449707,1.371541142463684
06-06-1989,2.1481480598449707,2.1481480598449707,234225,2.185184955596924,2.1666669845581055,1.3833643198013306
07-06-1989,2.1481480598449707,2.1666669845581055,855225,2.240741014480591,2.222222089767456,1.4188354015350342
08-06-1989,2.2037041187286377,2.222222089767456,730350,2.240741014480591,2.222222089767456,1.4188354015350342
09-06-1989,2.1666669845581055,2.2037041187286377,435375,2.222222089767456,2.222222089767456,1.4188354015350342
12-06-1989,2.185184955596924,2.2037041187286377,263250,2.2037041187286377,2.2037041187286377,1.4212247133255005
13-06-1989,2.185184955596924,2.2037041187286377,508275,2.240741014480591,2.222222089767456,1.4331668615341187
14-06-1989,2.2037041187286377,2.222222089767456,172125,2.240741014480591,2.240741014480591,1.4451103210449219
15-06-1989,2.2037041187286377,2.222222089767456,268650,2.222222089767456,2.222222089767456,1.4331668615341187
16-06-1989,2.185184955596924,2.2037041187286377,261900,2.240741014480591,2.222222089767456,1.4331668615341187
19-06-1989,2.2037041187286377,2.2037041187286377,134325,2.240741014480591,2.222222089767456,1.4331668615341187
20-06-1989,2.2037041187286377,2.222222089767456,158625,2.240741014480591,2.240741014480591,1.4451103210449219
21-06-1989,2.222222089767456,2.259258985519409,371925,2.259258985519409,2.240741014480591,1.4451103210449219
22-06-1989,2.240741014480591,2.240741014480591,204525,2.277777910232544,2.277777910232544,1.4689961671829224
23-06-1989,2.240741014480591,2.259258985519409,629775,2.277777910232544,2.259258985519409,1.457052230834961
26-06-1989,2.240741014480591,2.259258985519409,461700,2.2962958812713623,2.277777910232544,1.4689961671829224
27-06-1989,2.277777910232544,2.277777910232544,459000,2.3518519401550293,2.3333330154418945,1.5048251152038574
28-06-1989,2.185184955596924,2.314815044403076,792450,2.3333330154418945,2.2037041187286377,1.4212247133255005
29-06-1989,2.09259295463562,2.1666669845581055,760050,2.1666669845581055,2.1111109256744385,1.3615083694458008
30-06-1989,2.0740740299224854,2.09259295463562,230175,2.1111109256744385,2.1111109256744385,1.3615083694458008
03-07-1989,2.09259295463562,2.1111109256744385,255825,2.1111109256744385,2.09259295463562,1.3495653867721558
05-07-1989,2.0740740299224854,2.1111109256744385,291600,2.1111109256744385,2.0740740299224854,1.3376232385635376
06-07-1989,2.0740740299224854,2.0740740299224854,582525,2.1111109256744385,2.09259295463562,1.3495653867721558
07-07-1989,2.09259295463562,2.09259295463562,584550,2.1666669845581055,2.1481480598449707,1.3853952884674072
10-07-1989,2.1296300888061523,2.1296300888061523,205200,2.1481480598449707,2.1481480598449707,1.3853952884674072
11-07-1989,2.1296300888061523,2.1481480598449707,660825,2.1481480598449707,2.1481480598449707,1.3853952884674072
12-07-1989,2.09259295463562,2.1296300888061523,74925,2.1481480598449707,2.1111109256744385,1.3615083694458008
13-07-1989,2.0740740299224854,2.09259295463562,407700,2.1296300888061523,2.1296300888061523,1.3734514713287354
14-07-1989,2.09259295463562,2.1111109256744385,101250,2.1296300888061523,2.09259295463562,1.3495653867721558
17-07-1989,2.055556058883667,2.09259295463562,255150,2.1111109256744385,2.055556058883667,1.325680136680603
18-07-1989,2.0185189247131348,2.055556058883667,199800,2.0740740299224854,2.055556058883667,1.325680136680603
19-07-1989,2.0740740299224854,2.0740740299224854,1023300,2.1296300888061523,2.1296300888061523,1.3734514713287354
20-07-1989,2.09259295463562,2.1111109256744385,202500,2.1296300888061523,2.09259295463562,1.3495653867721558
21-07-1989,2.055556058883667,2.1111109256744385,238950,2.1111109256744385,2.055556058883667,1.325680136680603
24-07-1989,2.037036895751953,2.055556058883667,164025,2.0740740299224854,2.055556058883667,1.325680136680603
25-07-1989,2.0185189247131348,2.055556058883667,353025,2.055556058883667,2.037036895751953,1.313735842704773
26-07-1989,2.037036895751953,2.055556058883667,60075,2.055556058883667,2.055556058883667,1.325680136680603
27-07-1989,2.055556058883667,2.055556058883667,115425,2.0740740299224854,2.0740740299224854,1.3376232385635376
28-07-1989,2.037036895751953,2.0740740299224854,226125,2.09259295463562,2.055556058883667,1.325680136680603
31-07-1989,2.037036895751953,2.055556058883667,113400,2.0740740299224854,2.055556058883667,1.325680136680603
01-08-1989,2.037036895751953,2.037036895751953,108000,2.055556058883667,2.037036895751953,1.313735842704773
02-08-1989,2.037036895751953,2.055556058883667,336825,2.0740740299224854,2.055556058883667,1.325680136680603
03-08-1989,2.055556058883667,2.055556058883667,234225,2.0740740299224854,2.055556058883667,1.325680136680603
04-08-1989,2.055556058883667,2.055556058883667,386100,2.1111109256744385,2.09259295463562,1.3495653867721558
07-08-1989,2.0740740299224854,2.0740740299224854,311175,2.1296300888061523,2.1111109256744385,1.3615083694458008
08-08-1989,2.0740740299224854,2.1111109256744385,265950,2.1481480598449707,2.1296300888061523,1.3734514713287354
09-08-1989,2.1111109256744385,2.1296300888061523,181575,2.1481480598449707,2.1111109256744385,1.3615083694458008
10-08-1989,2.09259295463562,2.1111109256744385,188325,2.1296300888061523,2.1111109256744385,1.3615083694458008
11-08-1989,2.1111109256744385,2.1111109256744385,284175,2.1296300888061523,2.1296300888061523,1.3734514713287354
14-08-1989,2.1111109256744385,2.1111109256744385,192375,2.1481480598449707,2.1111109256744385,1.3615083694458008
15-08-1989,2.1111109256744385,2.1296300888061523,256500,2.1481480598449707,2.1296300888061523,1.3734514713287354
16-08-1989,2.1111109256744385,2.1481480598449707,76275,2.1481480598449707,2.1111109256744385,1.3615083694458008
17-08-1989,2.1111109256744385,2.1111109256744385,258525,2.1296300888061523,2.1296300888061523,1.3734514713287354
18-08-1989,2.09259295463562,2.1296300888061523,120150,2.1296300888061523,2.09259295463562,1.3495653867721558
21-08-1989,2.1111109256744385,2.1111109256744385,274725,2.1481480598449707,2.1111109256744385,1.3615083694458008
22-08-1989,2.055556058883667,2.1111109256744385,124200,2.1111109256744385,2.09259295463562,1.3495653867721558
23-08-1989,2.055556058883667,2.0740740299224854,409050,2.1481480598449707,2.1296300888061523,1.3734514713287354
24-08-1989,2.1111109256744385,2.1296300888061523,124875,2.1481480598449707,2.1111109256744385,1.3615083694458008
25-08-1989,2.1111109256744385,2.1296300888061523,100575,2.1481480598449707,2.1296300888061523,1.3734514713287354
28-08-1989,2.1296300888061523,2.1481480598449707,704025,2.1666669845581055,2.1481480598449707,1.3853952884674072
29-08-1989,2.1296300888061523,2.1296300888061523,539325,2.1481480598449707,2.1296300888061523,1.3734514713287354
30-08-1989,2.1296300888061523,2.1481480598449707,965250,2.222222089767456,2.222222089767456,1.4331668615341187
31-08-1989,2.222222089767456,2.222222089767456,337500,2.259258985519409,2.222222089767456,1.4331668615341187
01-09-1989,2.222222089767456,2.222222089767456,375300,2.259258985519409,2.259258985519409,1.457052230834961
05-09-1989,2.222222089767456,2.240741014480591,299025,2.259258985519409,2.222222089767456,1.4331668615341187
06-09-1989,2.2037041187286377,2.240741014480591,223425,2.240741014480591,2.222222089767456,1.4331668615341187
07-09-1989,2.1481480598449707,2.222222089767456,302400,2.222222089767456,2.2037041187286377,1.4212247133255005
08-09-1989,2.1666669845581055,2.185184955596924,198450,2.2037041187286377,2.185184955596924,1.4092801809310913
11-09-1989,2.185184955596924,2.185184955596924,349650,2.2037041187286377,2.2037041187286377,1.436810851097107
12-09-1989,2.1481480598449707,2.1481480598449707,569025,2.185184955596924,2.185184955596924,1.4247355461120605
13-09-1989,2.1481480598449707,2.185184955596924,294975,2.222222089767456,2.1481480598449707,1.4005882740020752
14-09-1989,2.1111109256744385,2.1666669845581055,153900,2.1666669845581055,2.1111109256744385,1.3764395713806152
15-09-1989,2.09259295463562,2.1296300888061523,149850,2.1481480598449707,2.09259295463562,1.364365816116333
18-09-1989,2.09259295463562,2.09259295463562,132300,2.1481480598449707,2.1481480598449707,1.4005882740020752
19-09-1989,2.1111109256744385,2.1481480598449707,778950,2.185184955596924,2.185184955596924,1.4247355461120605
20-09-1989,2.1666669845581055,2.1666669845581055,375300,2.222222089767456,2.2037041187286377,1.436810851097107
21-09-1989,2.185184955596924,2.222222089767456,336150,2.222222089767456,2.2037041187286377,1.436810851097107
22-09-1989,2.1481480598449707,2.185184955596924,160650,2.2037041187286377,2.1666669845581055,1.412662148475647
25-09-1989,2.1481480598449707,2.1666669845581055,186975,2.1666669845581055,2.1481480598449707,1.4005882740020752
26-09-1989,2.1481480598449707,2.1481480598449707,151875,2.1666669845581055,2.1481480598449707,1.4005882740020752
27-09-1989,2.1111109256744385,2.1481480598449707,498825,2.1666669845581055,2.1481480598449707,1.4005882740020752
28-09-1989,2.1296300888061523,2.1666669845581055,287550,2.1666669845581055,2.1481480598449707,1.4005882740020752
29-09-1989,2.1296300888061523,2.1481480598449707,308475,2.1666669845581055,2.1481480598449707,1.4005882740020752
02-10-1989,2.1296300888061523,2.1666669845581055,117450,2.2037041187286377,2.1666669845581055,1.412662148475647
03-10-1989,2.185184955596924,2.185184955596924,300375,2.222222089767456,2.2037041187286377,1.436810851097107
04-10-1989,2.185184955596924,2.222222089767456,103950,2.222222089767456,2.185184955596924,1.4247355461120605
05-10-1989,2.1481480598449707,2.1666669845581055,173475,2.185184955596924,2.1481480598449707,1.4005882740020752
06-10-1989,2.1111109256744385,2.1481480598449707,411075,2.1666669845581055,2.1111109256744385,1.3764395713806152
09-10-1989,2.1111109256744385,2.1111109256744385,240300,2.1296300888061523,2.1111109256744385,1.3764395713806152
10-10-1989,2.1111109256744385,2.1111109256744385,288225,2.185184955596924,2.185184955596924,1.4247355461120605
11-10-1989,2.1481480598449707,2.1666669845581055,224775,2.1666669845581055,2.1481480598449707,1.4005882740020752
12-10-1989,2.1296300888061523,2.1481480598449707,109350,2.1666669845581055,2.1296300888061523,1.3885135650634766
13-10-1989,2.1111109256744385,2.1481480598449707,162675,2.1481480598449707,2.1111109256744385,1.3764395713806152
16-10-1989,2.0,2.055556058883667,546075,2.0740740299224854,2.0740740299224854,1.3522924184799194
17-10-1989,2.055556058883667,2.0740740299224854,141750,2.0740740299224854,2.0740740299224854,1.3522924184799194
18-10-1989,2.037036895751953,2.0740740299224854,238950,2.0740740299224854,2.0740740299224854,1.3522924184799194
19-10-1989,2.055556058883667,2.055556058883667,171450,2.0740740299224854,2.0740740299224854,1.3522924184799194
20-10-1989,2.055556058883667,2.055556058883667,119475,2.09259295463562,2.0740740299224854,1.3522924184799194
23-10-1989,2.0,2.09259295463562,238950,2.09259295463562,2.037036895751953,1.3281431198120117
24-10-1989,2.0,2.0740740299224854,304425,2.0740740299224854,2.0185189247131348,1.3160700798034668
25-10-1989,2.0,2.037036895751953,641250,2.037036895751953,2.0185189247131348,1.3160700798034668
26-10-1989,1.9074070453643799,2.037036895751953,764100,2.037036895751953,1.9259259700775146,1.2556990385055542
27-10-1989,1.9074070453643799,1.9259259700775146,214650,1.9259259700775146,1.9259259700775146,1.2556990385055542
30-10-1989,1.888888955116272,1.9259259700775146,282825,1.9259259700775146,1.9074070453643799,1.2436249256134033
31-10-1989,1.888888955116272,1.9074070453643799,180900,1.9259259700775146,1.888888955116272,1.231550693511963
01-11-1989,1.9259259700775146,1.9259259700775146,317925,1.9629629850387573,1.9629629850387573,1.2798477411270142
02-11-1989,1.944443941116333,1.9814809560775757,102600,1.9814809560775757,1.9629629850387573,1.2798477411270142
03-11-1989,1.944443941116333,1.9629629850387573,76275,1.9814809560775757,1.9814809560775757,1.2919212579727173
06-11-1989,1.9629629850387573,1.9629629850387573,292950,2.0,1.9814809560775757,1.2919212579727173
07-11-1989,1.9814809560775757,1.9814809560775757,245025,2.0185189247131348,2.0185189247131348,1.3160700798034668
08-11-1989,1.9259259700775146,2.0,137025,2.0185189247131348,2.0,1.3039957284927368
09-11-1989,1.944443941116333,1.9814809560775757,424575,2.0,1.944443941116333,1.2677721977233887
10-11-1989,1.9259259700775146,1.9259259700775146,176850,1.9814809560775757,1.944443941116333,1.2677721977233887
13-11-1989,1.944443941116333,1.944443941116333,39825,1.9629629850387573,1.9629629850387573,1.2798477411270142
14-11-1989,1.944443941116333,1.9629629850387573,109350,1.9814809560775757,1.9629629850387573,1.2798477411270142
15-11-1989,1.944443941116333,1.9814809560775757,155250,1.9814809560775757,1.9629629850387573,1.2798477411270142
16-11-1989,1.944443941116333,1.9814809560775757,148500,1.9814809560775757,1.9629629850387573,1.2798477411270142
17-11-1989,1.9259259700775146,1.9629629850387573,340875,1.9814809560775757,1.944443941116333,1.2677721977233887
20-11-1989,1.9629629850387573,2.0740740299224854,1140750,2.0740740299224854,1.9629629850387573,1.2798477411270142
21-11-1989,1.8703700304031372,1.944443941116333,609525,1.9814809560775757,1.9259259700775146,1.2556990385055542
22-11-1989,1.8518520593643188,1.9259259700775146,298350,1.944443941116333,1.9259259700775146,1.2556990385055542
24-11-1989,1.9074070453643799,1.9074070453643799,274050,2.0,2.0,1.3039957284927368
27-11-1989,2.0,2.0,357075,2.037036895751953,2.037036895751953,1.3281431198120117
28-11-1989,2.0,2.037036895751953,220050,2.055556058883667,2.0185189247131348,1.3160700798034668
29-11-1989,1.9629629850387573,2.0185189247131348,327375,2.037036895751953,2.0,1.3039957284927368
30-11-1989,1.9629629850387573,2.0,182925,2.0185189247131348,2.0,1.3039957284927368
01-12-1989,1.944443941116333,2.0,224100,2.0,1.9814809560775757,1.2919212579727173
04-12-1989,1.9629629850387573,1.9814809560775757,118125,2.0185189247131348,2.0,1.3197835683822632
05-12-1989,1.9814809560775757,1.9814809560775757,245700,2.0185189247131348,2.0185189247131348,1.3320046663284302
06-12-1989,2.0,2.0,121500,2.037036895751953,2.0185189247131348,1.3320046663284302
07-12-1989,1.9814809560775757,2.0185189247131348,170100,2.037036895751953,2.0,1.3197835683822632
08-12-1989,1.9814809560775757,2.0,158625,2.0185189247131348,2.0,1.3197835683822632
11-12-1989,2.0,2.0185189247131348,124200,2.0185189247131348,2.0,1.3197835683822632
12-12-1989,1.9629629850387573,2.0,118125,2.0,2.0,1.3197835683822632
13-12-1989,1.9814809560775757,2.0185189247131348,171450,2.037036895751953,1.9814809560775757,1.307563304901123
14-12-1989,1.9259259700775146,1.9814809560775757,301725,1.9814809560775757,1.944443941116333,1.2831224203109741
15-12-1989,1.888888955116272,1.944443941116333,157950,1.944443941116333,1.9259259700775146,1.2709027528762817
18-12-1989,1.8703700304031372,1.9259259700775146,371250,1.9259259700775146,1.888888955116272,1.2464618682861328
19-12-1989,1.8333330154418945,1.888888955116272,327375,1.888888955116272,1.8518520593643188,1.2220219373703003
20-12-1989,1.7962960004806519,1.8518520593643188,448875,1.8518520593643188,1.8148150444030762,1.1975817680358887
21-12-1989,1.7777780294418335,1.7962960004806519,1098225,1.9259259700775146,1.9074070453643799,1.258682131767273
22-12-1989,1.888888955116272,1.944443941116333,180900,1.944443941116333,1.9074070453643799,1.258682131767273
26-12-1989,1.9074070453643799,1.9259259700775146,95175,1.944443941116333,1.944443941116333,1.2831224203109741
27-12-1989,1.944443941116333,1.9629629850387573,281475,2.0,1.9629629850387573,1.2953438758850098
28-12-1989,1.9259259700775146,1.944443941116333,241650,1.9629629850387573,1.9629629850387573,1.2953438758850098
29-12-1989,1.9074070453643799,1.9259259700775146,472500,2.0,2.0,1.3197835683822632
02-01-1990,1.944443941116333,2.0,273375,2.0,1.9814809560775757,1.307563304901123
03-01-1990,1.9629629850387573,2.0,376650,2.0,2.0,1.3197835683822632
04-01-1990,1.9259259700775146,1.9814809560775757,346275,2.0,1.9814809560775757,1.307563304901123
05-01-1990,1.9074070453643799,1.944443941116333,346275,1.9629629850387573,1.9629629850387573,1.2953438758850098
08-01-1990,1.9259259700775146,1.9629629850387573,183600,1.9629629850387573,1.944443941116333,1.2831224203109741
09-01-1990,1.9259259700775146,1.9259259700775146,305775,1.944443941116333,1.9259259700775146,1.2709027528762817
10-01-1990,1.9074070453643799,1.9074070453643799,322650,1.9259259700775146,1.9259259700775146,1.2709027528762817
11-01-1990,1.9074070453643799,1.9259259700775146,359100,1.9259259700775146,1.9074070453643799,1.258682131767273
12-01-1990,1.8148150444030762,1.9259259700775146,383400,1.9259259700775146,1.8333330154418945,1.2098013162612915
15-01-1990,1.8148150444030762,1.8148150444030762,162000,1.8703700304031372,1.8703700304031372,1.2342416048049927
16-01-1990,1.8148150444030762,1.8518520593643188,266625,1.888888955116272,1.8333330154418945,1.2098013162612915
17-01-1990,1.8148150444030762,1.8148150444030762,591300,1.944443941116333,1.888888955116272,1.2464618682861328
18-01-1990,1.8518520593643188,1.888888955116272,240300,1.9074070453643799,1.8518520593643188,1.2220219373703003
19-01-1990,1.8703700304031372,1.888888955116272,203175,1.9259259700775146,1.9074070453643799,1.258682131767273
22-01-1990,1.888888955116272,1.9074070453643799,302400,1.9259259700775146,1.888888955116272,1.2464618682861328
23-01-1990,1.8333330154418945,1.888888955116272,112050,1.888888955116272,1.8518520593643188,1.2220219373703003
24-01-1990,1.8148150444030762,1.8518520593643188,289575,1.8703700304031372,1.8703700304031372,1.2342416048049927
25-01-1990,1.8518520593643188,1.888888955116272,359775,1.9074070453643799,1.888888955116272,1.2464618682861328
26-01-1990,1.8518520593643188,1.8703700304031372,261900,1.888888955116272,1.888888955116272,1.2464618682861328
29-01-1990,1.8333330154418945,1.8703700304031372,294300,1.888888955116272,1.8518520593643188,1.2220219373703003
30-01-1990,1.8333330154418945,1.8703700304031372,114750,1.8703700304031372,1.8703700304031372,1.2342416048049927
31-01-1990,1.8518520593643188,1.8703700304031372,294975,1.888888955116272,1.8703700304031372,1.2342416048049927
01-02-1990,1.8333330154418945,1.8518520593643188,489375,1.8703700304031372,1.8518520593643188,1.2220219373703003
02-02-1990,1.7962960004806519,1.8333330154418945,833625,1.8333330154418945,1.8333330154418945,1.2098013162612915
05-02-1990,1.8148150444030762,1.8148150444030762,78975,1.8333330154418945,1.8333330154418945,1.2098013162612915
06-02-1990,1.7962960004806519,1.8333330154418945,93150,1.8333330154418945,1.7962960004806519,1.1853606700897217
07-02-1990,1.7962960004806519,1.8148150444030762,129600,1.8148150444030762,1.7962960004806519,1.1853606700897217
08-02-1990,1.8148150444030762,1.8148150444030762,568350,1.888888955116272,1.8518520593643188,1.2220219373703003
09-02-1990,1.8333330154418945,1.8333330154418945,402975,1.888888955116272,1.888888955116272,1.2464618682861328
12-02-1990,1.8333330154418945,1.888888955116272,234225,1.888888955116272,1.8703700304031372,1.2342416048049927
13-02-1990,1.8333330154418945,1.8518520593643188,347625,1.8518520593643188,1.8518520593643188,1.2220219373703003
14-02-1990,1.8333330154418945,1.8333330154418945,661500,1.8518520593643188,1.8333330154418945,1.2098013162612915
15-02-1990,1.7962960004806519,1.8518520593643188,993600,1.8518520593643188,1.7962960004806519,1.1853606700897217
16-02-1990,1.7962960004806519,1.8148150444030762,246375,1.8333330154418945,1.8148150444030762,1.1975817680358887
20-02-1990,1.7592589855194092,1.7962960004806519,579825,1.7962960004806519,1.7592589855194092,1.1609200239181519
21-02-1990,1.7407410144805908,1.7777780294418335,598725,1.7777780294418335,1.7777780294418335,1.1731408834457397
22-02-1990,1.7592589855194092,1.7592589855194092,201825,1.7777780294418335,1.7592589855194092,1.1609200239181519
23-02-1990,1.7407410144805908,1.7407410144805908,516375,1.7592589855194092,1.7592589855194092,1.1609200239181519
26-02-1990,1.7222219705581665,1.7592589855194092,1207575,1.7777780294418335,1.7592589855194092,1.1609200239181519
27-02-1990,1.7592589855194092,1.7777780294418335,417825,1.7962960004806519,1.7777780294418335,1.1731408834457397
28-02-1990,1.7222219705581665,1.7592589855194092,801225,1.7777780294418335,1.7592589855194092,1.1609200239181519
01-03-1990,1.7037039995193481,1.7407410144805908,631125,1.7962960004806519,1.7777780294418335,1.1731408834457397
02-03-1990,1.7407410144805908,1.7777780294418335,606825,1.7962960004806519,1.7777780294418335,1.1731408834457397
05-03-1990,1.7407410144805908,1.7592589855194092,519075,1.7777780294418335,1.7777780294418335,1.1731408834457397
06-03-1990,1.7592589855194092,1.7592589855194092,231525,1.7962960004806519,1.7777780294418335,1.1731408834457397
07-03-1990,1.7592589855194092,1.7777780294418335,922725,1.8148150444030762,1.7777780294418335,1.1731408834457397
08-03-1990,1.7777780294418335,1.7777780294418335,951075,1.9074070453643799,1.9074070453643799,1.258682131767273
09-03-1990,1.8703700304031372,1.888888955116272,282150,1.9074070453643799,1.9074070453643799,1.258682131767273
12-03-1990,1.8518520593643188,1.8703700304031372,383400,1.888888955116272,1.8518520593643188,1.2373994588851929
13-03-1990,1.7962960004806519,1.8518520593643188,197775,1.8518520593643188,1.8518520593643188,1.2373994588851929
14-03-1990,1.8333330154418945,1.8333330154418945,371925,1.8703700304031372,1.8518520593643188,1.2373994588851929
15-03-1990,1.888888955116272,1.888888955116272,289575,1.9074070453643799,1.888888955116272,1.2621477842330933
16-03-1990,1.888888955116272,1.9074070453643799,198450,1.9074070453643799,1.888888955116272,1.2621477842330933
19-03-1990,1.8518520593643188,1.8703700304031372,243675,1.9074070453643799,1.888888955116272,1.2621477842330933
20-03-1990,1.8518520593643188,1.888888955116272,351000,1.9074070453643799,1.888888955116272,1.2621477842330933
21-03-1990,1.888888955116272,1.888888955116272,198450,1.944443941116333,1.9259259700775146,1.2868951559066772
22-03-1990,1.9259259700775146,1.9259259700775146,164700,1.944443941116333,1.9259259700775146,1.2868951559066772
23-03-1990,1.944443941116333,1.944443941116333,263925,1.9814809560775757,1.9629629850387573,1.3116436004638672
26-03-1990,1.944443941116333,1.9814809560775757,323325,2.0,1.9814809560775757,1.32401704788208
27-03-1990,1.9629629850387573,1.9814809560775757,155925,2.0,2.0,1.3363913297653198
28-03-1990,1.9629629850387573,2.0,242325,2.0,1.9814809560775757,1.32401704788208
29-03-1990,1.944443941116333,1.9629629850387573,87750,1.9814809560775757,1.944443941116333,1.2992687225341797
30-03-1990,1.9074070453643799,1.9629629850387573,232200,1.9629629850387573,1.9074070453643799,1.274521827697754
02-04-1990,1.888888955116272,1.9074070453643799,480600,1.9259259700775146,1.9259259700775146,1.2868951559066772
03-04-1990,1.888888955116272,1.888888955116272,94500,1.9814809560775757,1.9629629850387573,1.3116436004638672
04-04-1990,1.9259259700775146,1.9814809560775757,395550,1.9814809560775757,1.944443941116333,1.2992687225341797
05-04-1990,1.944443941116333,1.9629629850387573,135675,1.9814809560775757,1.9629629850387573,1.3116436004638672
06-04-1990,1.944443941116333,1.9629629850387573,91800,1.9629629850387573,1.9629629850387573,1.3116436004638672
09-04-1990,1.944443941116333,1.944443941116333,75600,1.9629629850387573,1.944443941116333,1.2992687225341797
10-04-1990,1.9259259700775146,1.9259259700775146,108675,1.944443941116333,1.9259259700775146,1.2868951559066772
11-04-1990,1.9259259700775146,1.9629629850387573,384750,1.9629629850387573,1.944443941116333,1.2992687225341797
12-04-1990,1.9259259700775146,1.9259259700775146,154575,1.9814809560775757,1.944443941116333,1.2992687225341797
16-04-1990,1.9074070453643799,1.9629629850387573,310500,1.9629629850387573,1.9074070453643799,1.274521827697754
17-04-1990,1.9074070453643799,1.9074070453643799,378000,1.9814809560775757,1.9814809560775757,1.32401704788208
18-04-1990,1.9074070453643799,1.9629629850387573,179550,1.9629629850387573,1.944443941116333,1.2992687225341797
19-04-1990,1.9074070453643799,1.944443941116333,84375,1.944443941116333,1.9074070453643799,1.274521827697754
20-04-1990,1.9074070453643799,1.9259259700775146,422550,1.9259259700775146,1.9074070453643799,1.274521827697754
23-04-1990,1.9074070453643799,1.9074070453643799,220050,1.9629629850387573,1.9629629850387573,1.3116436004638672
24-04-1990,1.9259259700775146,1.9629629850387573,136350,1.9814809560775757,1.944443941116333,1.2992687225341797
25-04-1990,1.9074070453643799,1.9259259700775146,118125,1.944443941116333,1.9074070453643799,1.274521827697754
26-04-1990,1.9259259700775146,1.944443941116333,165375,1.944443941116333,1.9259259700775146,1.2868951559066772
27-04-1990,1.9074070453643799,1.944443941116333,963900,1.9629629850387573,1.9074070453643799,1.274521827697754
30-04-1990,1.888888955116272,1.9259259700775146,436725,1.9259259700775146,1.9074070453643799,1.274521827697754
01-05-1990,1.9074070453643799,1.9074070453643799,249075,1.944443941116333,1.9259259700775146,1.2868951559066772
02-05-1990,1.8703700304031372,1.9259259700775146,143100,1.9259259700775146,1.888888955116272,1.2621477842330933
03-05-1990,1.8703700304031372,1.8703700304031372,232875,1.9259259700775146,1.9259259700775146,1.2868951559066772
04-05-1990,1.9074070453643799,1.9259259700775146,381375,1.944443941116333,1.9259259700775146,1.2868951559066772
07-05-1990,1.9259259700775146,1.9259259700775146,148500,1.9629629850387573,1.9259259700775146,1.2868951559066772
08-05-1990,1.9259259700775146,1.944443941116333,169425,1.9814809560775757,1.944443941116333,1.2992687225341797
09-05-1990,1.944443941116333,1.944443941116333,116775,1.9814809560775757,1.944443941116333,1.2992687225341797
10-05-1990,1.944443941116333,1.944443941116333,476550,2.0,2.0,1.3363913297653198
11-05-1990,2.0,2.0,417825,2.0185189247131348,2.0185189247131348,1.3487660884857178
14-05-1990,2.0,2.0,461700,2.0185189247131348,2.0185189247131348,1.3487660884857178
15-05-1990,2.0,2.0,120150,2.037036895751953,2.0,1.3363913297653198
16-05-1990,1.9814809560775757,2.0,430650,2.0185189247131348,2.0185189247131348,1.3487660884857178
17-05-1990,2.0,2.0,216000,2.0185189247131348,2.0185189247131348,1.3487660884857178
18-05-1990,2.0,2.0185189247131348,449550,2.055556058883667,2.055556058883667,1.3735145330429077
21-05-1990,2.037036895751953,2.037036895751953,187650,2.09259295463562,2.0740740299224854,1.3858879804611206
22-05-1990,2.0185189247131348,2.09259295463562,153900,2.09259295463562,2.0185189247131348,1.3487660884857178
23-05-1990,2.0,2.0,675675,2.09259295463562,2.055556058883667,1.3735145330429077
24-05-1990,2.055556058883667,2.0740740299224854,677700,2.09259295463562,2.055556058883667,1.3735145330429077
25-05-1990,2.055556058883667,2.055556058883667,212625,2.1111109256744385,2.0740740299224854,1.3858879804611206
29-05-1990,2.055556058883667,2.055556058883667,198450,2.09259295463562,2.09259295463562,1.3982610702514648
30-05-1990,2.0740740299224854,2.0740740299224854,172125,2.09259295463562,2.09259295463562,1.3982610702514648
31-05-1990,2.037036895751953,2.055556058883667,375300,2.0740740299224854,2.055556058883667,1.3735145330429077
01-06-1990,2.037036895751953,2.037036895751953,263250,2.09259295463562,2.0740740299224854,1.3858879804611206
04-06-1990,2.0740740299224854,2.0740740299224854,247725,2.1481480598449707,2.1296300888061523,1.4230095148086548
05-06-1990,2.1111109256744385,2.1296300888061523,384075,2.1481480598449707,2.1111109256744385,1.4106355905532837
06-06-1990,2.09259295463562,2.1111109256744385,831600,2.1481480598449707,2.1111109256744385,1.4106355905532837
07-06-1990,2.0740740299224854,2.09259295463562,1407375,2.09259295463562,2.0740740299224854,1.3858879804611206
08-06-1990,2.0740740299224854,2.09259295463562,2811375,2.09259295463562,2.0740740299224854,1.3858879804611206
11-06-1990,1.9814809560775757,2.0185189247131348,446175,2.037036895751953,1.9814809560775757,1.3393241167068481
12-06-1990,1.9629629850387573,2.0,233550,2.0185189247131348,2.0185189247131348,1.364358901977539
13-06-1990,1.9629629850387573,1.9814809560775757,184950,2.0185189247131348,2.0185189247131348,1.364358901977539
14-06-1990,1.9629629850387573,2.0185189247131348,140400,2.0185189247131348,1.9629629850387573,1.3268074989318848
15-06-1990,1.944443941116333,1.944443941116333,470475,1.9814809560775757,1.944443941116333,1.3142898082733154
18-06-1990,1.9259259700775146,1.9629629850387573,127575,1.9629629850387573,1.9259259700775146,1.3017734289169312
19-06-1990,1.9259259700775146,1.9259259700775146,194400,1.944443941116333,1.9259259700775146,1.3017734289169312
20-06-1990,1.9074070453643799,1.9259259700775146,1534950,1.944443941116333,1.944443941116333,1.3142898082733154
21-06-1990,1.9259259700775146,1.9629629850387573,430650,1.9629629850387573,1.9629629850387573,1.3268074989318848
22-06-1990,1.9259259700775146,1.9629629850387573,378675,1.9629629850387573,1.9259259700775146,1.3017734289169312
25-06-1990,1.9074070453643799,1.9074070453643799,227475,1.9259259700775146,1.9074070453643799,1.2892557382583618
26-06-1990,1.888888955116272,1.9074070453643799,130950,1.9629629850387573,1.9629629850387573,1.3268074989318848
27-06-1990,1.9074070453643799,1.9629629850387573,479250,1.9629629850387573,1.9259259700775146,1.3017734289169312
28-06-1990,1.888888955116272,1.9074070453643799,471150,1.944443941116333,1.944443941116333,1.3142898082733154
29-06-1990,1.9074070453643799,1.944443941116333,2686500,1.9814809560775757,1.944443941116333,1.3142898082733154
02-07-1990,1.888888955116272,1.944443941116333,170100,1.944443941116333,1.9074070453643799,1.2892557382583618
03-07-1990,1.888888955116272,1.888888955116272,481275,1.9259259700775146,1.9074070453643799,1.2892557382583618
05-07-1990,1.8703700304031372,1.9074070453643799,94500,1.9074070453643799,1.888888955116272,1.2767390012741089
06-07-1990,1.8703700304031372,1.888888955116272,56700,1.9629629850387573,1.9629629850387573,1.3268074989318848
09-07-1990,1.888888955116272,1.9814809560775757,199125,1.9814809560775757,1.9259259700775146,1.3017734289169312
10-07-1990,1.9074070453643799,1.9259259700775146,1238625,1.944443941116333,1.944443941116333,1.3142898082733154
11-07-1990,1.9074070453643799,1.9259259700775146,901800,1.944443941116333,1.9259259700775146,1.3017734289169312
12-07-1990,1.888888955116272,1.9259259700775146,135675,1.9259259700775146,1.9074070453643799,1.2892557382583618
13-07-1990,1.8518520593643188,1.888888955116272,193050,1.9074070453643799,1.9074070453643799,1.2892557382583618
16-07-1990,1.8333330154418945,1.888888955116272,875475,1.888888955116272,1.8703700304031372,1.2642216682434082
17-07-1990,1.8333330154418945,1.8703700304031372,739800,1.8703700304031372,1.8333330154418945,1.2391873598098755
18-07-1990,1.8148150444030762,1.8333330154418945,92475,1.8518520593643188,1.8148150444030762,1.2266710996627808
19-07-1990,1.8148150444030762,1.8148150444030762,387450,1.8333330154418945,1.8333330154418945,1.2391873598098755
20-07-1990,1.7592589855194092,1.8148150444030762,537300,1.8518520593643188,1.7777780294418335,1.201636791229248
23-07-1990,1.7222219705581665,1.7777780294418335,944325,1.7962960004806519,1.7777780294418335,1.201636791229248
24-07-1990,1.7592589855194092,1.7777780294418335,641925,1.7962960004806519,1.7592589855194092,1.1891191005706787
25-07-1990,1.7592589855194092,1.7777780294418335,115425,1.7777780294418335,1.7592589855194092,1.1891191005706787
26-07-1990,1.7407410144805908,1.7592589855194092,152550,1.7777780294418335,1.7777780294418335,1.201636791229248
27-07-1990,1.7222219705581665,1.7592589855194092,280800,1.7777780294418335,1.7222219705581665,1.1640857458114624
30-07-1990,1.6296299695968628,1.7037039995193481,726975,1.7037039995193481,1.6851849555969238,1.1390514373779297
31-07-1990,1.6666669845581055,1.6851849555969238,951750,1.7037039995193481,1.6851849555969238,1.1390514373779297
01-08-1990,1.6481479406356812,1.6666669845581055,1118475,1.6851849555969238,1.6666669845581055,1.1265347003936768
02-08-1990,1.5925929546356201,1.6481479406356812,811350,1.6481479406356812,1.611111044883728,1.088983178138733
03-08-1990,1.555556058883667,1.5925929546356201,407025,1.611111044883728,1.5925929546356201,1.0764665603637695
06-08-1990,1.444443941116333,1.555556058883667,436050,1.5740740299224854,1.555556058883667,1.0514329671859741
07-08-1990,1.5370370149612427,1.555556058883667,243000,1.5925929546356201,1.5740740299224854,1.0639491081237793
08-08-1990,1.555556058883667,1.5740740299224854,207225,1.611111044883728,1.555556058883667,1.0514329671859741
09-08-1990,1.5185190439224243,1.5740740299224854,350325,1.5740740299224854,1.555556058883667,1.0514329671859741
10-08-1990,1.5370370149612427,1.555556058883667,918675,1.5925929546356201,1.555556058883667,1.0514329671859741
13-08-1990,1.5370370149612427,1.555556058883667,137700,1.555556058883667,1.555556058883667,1.0514329671859741
14-08-1990,1.5370370149612427,1.5370370149612427,87750,1.555556058883667,1.555556058883667,1.0514329671859741
15-08-1990,1.555556058883667,1.5740740299224854,308475,1.6296299695968628,1.6296299695968628,1.1015005111694336
16-08-1990,1.5740740299224854,1.611111044883728,275400,1.6296299695968628,1.5925929546356201,1.0764665603637695
17-08-1990,1.5370370149612427,1.5740740299224854,440775,1.5740740299224854,1.5370370149612427,1.0389151573181152
20-08-1990,1.5370370149612427,1.555556058883667,416475,1.5740740299224854,1.555556058883667,1.0514329671859741
21-08-1990,1.5185190439224243,1.5740740299224854,524475,1.5740740299224854,1.5370370149612427,1.0389151573181152
22-08-1990,1.5185190439224243,1.5185190439224243,399600,1.555556058883667,1.5185190439224243,1.0263986587524414
23-08-1990,1.444443941116333,1.5,572400,1.5,1.4814809560775757,1.0013630390167236
24-08-1990,1.4814809560775757,1.4814809560775757,159975,1.555556058883667,1.5370370149612427,1.0389151573181152
27-08-1990,1.555556058883667,1.5740740299224854,98550,1.5740740299224854,1.555556058883667,1.0514329671859741
28-08-1990,1.5370370149612427,1.5740740299224854,87750,1.5740740299224854,1.5370370149612427,1.0389151573181152
29-08-1990,1.5370370149612427,1.5370370149612427,205200,1.5925929546356201,1.555556058883667,1.0514329671859741
30-08-1990,1.5185190439224243,1.5370370149612427,749925,1.555556058883667,1.5185190439224243,1.0263986587524414
31-08-1990,1.5185190439224243,1.5370370149612427,770850,1.5370370149612427,1.5370370149612427,1.0389151573181152
04-09-1990,1.4814809560775757,1.5370370149612427,96525,1.5370370149612427,1.5185190439224243,1.0263986587524414
05-09-1990,1.4629629850387573,1.5,298350,1.5,1.4814809560775757,1.0013630390167236
06-09-1990,1.4259259700775146,1.4629629850387573,345600,1.4814809560775757,1.4629629850387573,0.9888464212417603
07-09-1990,1.444443941116333,1.444443941116333,95850,1.4629629850387573,1.4629629850387573,0.9888464212417603
10-09-1990,1.4259259700775146,1.4814809560775757,704025,1.4814809560775757,1.4629629850387573,1.0051324367523193
11-09-1990,1.444443941116333,1.4814809560775757,168750,1.4814809560775757,1.4814809560775757,1.0178550481796265
12-09-1990,1.4629629850387573,1.4629629850387573,198450,1.4814809560775757,1.4814809560775757,1.0178550481796265
13-09-1990,1.444443941116333,1.4814809560775757,108675,1.4814809560775757,1.444443941116333,0.9924086332321167
14-09-1990,1.444443941116333,1.4629629850387573,173475,1.4814809560775757,1.4629629850387573,1.0051324367523193
17-09-1990,1.4629629850387573,1.4629629850387573,203175,1.5,1.4629629850387573,1.0051324367523193
18-09-1990,1.4629629850387573,1.4814809560775757,159975,1.4814809560775757,1.4814809560775757,1.0178550481796265
19-09-1990,1.5,1.5,169425,1.5740740299224854,1.5185190439224243,1.04330313205719
20-09-1990,1.4814809560775757,1.5,126225,1.5185190439224243,1.4814809560775757,1.0178550481796265
21-09-1990,1.4629629850387573,1.5,163350,1.5185190439224243,1.5,1.0305793285369873
24-09-1990,1.4629629850387573,1.4629629850387573,204525,1.5,1.4814809560775757,1.0178550481796265
25-09-1990,1.388888955116272,1.5,689175,1.5,1.4074070453643799,0.9669626951217651
26-09-1990,1.3518520593643188,1.4259259700775146,689850,1.4259259700775146,1.3703700304031372,0.9415162205696106
27-09-1990,1.2962960004806519,1.388888955116272,209250,1.388888955116272,1.2962960004806519,0.890623927116394
28-09-1990,1.2222219705581665,1.2592589855194092,434025,1.3148150444030762,1.2777780294418335,0.877901017665863
01-10-1990,1.2777780294418335,1.2962960004806519,225450,1.4074070453643799,1.4074070453643799,0.9669626951217651
02-10-1990,1.4074070453643799,1.4074070453643799,167400,1.4629629850387573,1.444443941116333,0.9924086332321167
03-10-1990,1.4074070453643799,1.444443941116333,1810350,1.444443941116333,1.4259259700775146,0.9796862602233887
04-10-1990,1.444443941116333,1.4629629850387573,157275,1.4629629850387573,1.4629629850387573,1.0051324367523193
05-10-1990,1.4259259700775146,1.444443941116333,189000,1.4629629850387573,1.4629629850387573,1.0051324367523193
08-10-1990,1.4629629850387573,1.4814809560775757,156600,1.4814809560775757,1.4629629850387573,1.0051324367523193
09-10-1990,1.4259259700775146,1.444443941116333,137700,1.444443941116333,1.444443941116333,0.9924086332321167
10-10-1990,1.3518520593643188,1.4074070453643799,268650,1.4074070453643799,1.3703700304031372,0.9415162205696106
11-10-1990,1.3703700304031372,1.388888955116272,605475,1.4074070453643799,1.388888955116272,0.954240083694458
12-10-1990,1.3518520593643188,1.3703700304031372,116775,1.388888955116272,1.3703700304031372,0.9415162205696106
15-10-1990,1.3333330154418945,1.388888955116272,203850,1.388888955116272,1.3333330154418945,0.9160702228546143
16-10-1990,1.3148150444030762,1.3333330154418945,165375,1.3518520593643188,1.3333330154418945,0.9160702228546143
17-10-1990,1.2962960004806519,1.3148150444030762,353700,1.3333330154418945,1.2962960004806519,0.890623927116394
18-10-1990,1.2962960004806519,1.2962960004806519,1025325,1.3518520593643188,1.3518520593643188,0.9287939071655273
19-10-1990,1.3333330154418945,1.3333330154418945,111375,1.388888955116272,1.388888955116272,0.954240083694458
22-10-1990,1.2962960004806519,1.4074070453643799,469800,1.444443941116333,1.2962960004806519,0.890623927116394
23-10-1990,1.2962960004806519,1.2962960004806519,149850,1.3703700304031372,1.3703700304031372,0.9415162205696106
24-10-1990,1.3333330154418945,1.3518520593643188,164700,1.4259259700775146,1.4259259700775146,0.9796862602233887
25-10-1990,1.3333330154418945,1.4074070453643799,147150,1.4074070453643799,1.3518520593643188,0.9287939071655273
26-10-1990,1.3148150444030762,1.3333330154418945,188325,1.3518520593643188,1.3333330154418945,0.9160702228546143
29-10-1990,1.3333330154418945,1.3518520593643188,226800,1.388888955116272,1.3518520593643188,0.9287939071655273
30-10-1990,1.2962960004806519,1.3333330154418945,197775,1.3703700304031372,1.3333330154418945,0.9160702228546143
31-10-1990,1.3148150444030762,1.3333330154418945,50625,1.3518520593643188,1.3333330154418945,0.9160702228546143
01-11-1990,1.2962960004806519,1.3333330154418945,153225,1.3518520593643188,1.3333330154418945,0.9160702228546143
02-11-1990,1.3333330154418945,1.3518520593643188,485325,1.3518520593643188,1.3518520593643188,0.9287939071655273
05-11-1990,1.2777780294418335,1.3518520593643188,230175,1.3518520593643188,1.3148150444030762,0.903346836566925
06-11-1990,1.2777780294418335,1.3148150444030762,228150,1.3148150444030762,1.2962960004806519,0.890623927116394
07-11-1990,1.2962960004806519,1.2962960004806519,423900,1.3148150444030762,1.3148150444030762,0.903346836566925
08-11-1990,1.2777780294418335,1.2962960004806519,238275,1.3518520593643188,1.3333330154418945,0.9160702228546143
09-11-1990,1.2962960004806519,1.3333330154418945,99225,1.3518520593643188,1.3333330154418945,0.9160702228546143
12-11-1990,1.3148150444030762,1.3333330154418945,378000,1.3518520593643188,1.3333330154418945,0.9160702228546143
13-11-1990,1.3148150444030762,1.3518520593643188,220725,1.3518520593643188,1.3148150444030762,0.903346836566925
14-11-1990,1.3148150444030762,1.3333330154418945,460350,1.3518520593643188,1.3518520593643188,0.9287939071655273
15-11-1990,1.3333330154418945,1.3518520593643188,349650,1.3518520593643188,1.3333330154418945,0.9160702228546143
16-11-1990,1.3148150444030762,1.3333330154418945,270000,1.3333330154418945,1.3333330154418945,0.9160702228546143
19-11-1990,1.2777780294418335,1.3333330154418945,1055700,1.3333330154418945,1.2962960004806519,0.890623927116394
20-11-1990,1.2962960004806519,1.3148150444030762,438075,1.3518520593643188,1.2962960004806519,0.890623927116394
21-11-1990,1.2962960004806519,1.2962960004806519,159300,1.3333330154418945,1.3333330154418945,0.9160702228546143
23-11-1990,1.3148150444030762,1.3333330154418945,75600,1.3333330154418945,1.3148150444030762,0.903346836566925
26-11-1990,1.2962960004806519,1.3148150444030762,270675,1.3333330154418945,1.3333330154418945,0.9160702228546143
27-11-1990,1.3148150444030762,1.3148150444030762,167400,1.3333330154418945,1.3148150444030762,0.903346836566925
28-11-1990,1.3148150444030762,1.3148150444030762,695925,1.3518520593643188,1.3333330154418945,0.9160702228546143
29-11-1990,1.3148150444030762,1.3333330154418945,801225,1.3518520593643188,1.3518520593643188,0.9287939071655273
30-11-1990,1.3333330154418945,1.3333330154418945,681075,1.4259259700775146,1.4259259700775146,0.9796862602233887
03-12-1990,1.444443941116333,1.4629629850387573,732375,1.5185190439224243,1.4814809560775757,1.0350617170333862
04-12-1990,1.5,1.5,591975,1.5370370149612427,1.5185190439224243,1.060939908027649
05-12-1990,1.5,1.5185190439224243,79650,1.5185190439224243,1.5,1.0480009317398071
06-12-1990,1.4814809560775757,1.5185190439224243,318600,1.5185190439224243,1.4814809560775757,1.0350617170333862
07-12-1990,1.444443941116333,1.4814809560775757,174825,1.5,1.4814809560775757,1.0350617170333862
10-12-1990,1.4629629850387573,1.4814809560775757,237600,1.5,1.5,1.0480009317398071
11-12-1990,1.4814809560775757,1.4814809560775757,207225,1.5,1.4814809560775757,1.0350617170333862
12-12-1990,1.4814809560775757,1.5,139725,1.5,1.4814809560775757,1.0350617170333862
13-12-1990,1.5,1.5,203175,1.5370370149612427,1.5185190439224243,1.060939908027649
14-12-1990,1.4814809560775757,1.5,484650,1.5185190439224243,1.4814809560775757,1.0350617170333862
17-12-1990,1.4259259700775146,1.4629629850387573,154575,1.4814809560775757,1.444443941116333,1.0091848373413086
18-12-1990,1.444443941116333,1.444443941116333,140400,1.4814809560775757,1.4814809560775757,1.0350617170333862
19-12-1990,1.4074070453643799,1.4629629850387573,417150,1.4814809560775757,1.444443941116333,1.0091848373413086
20-12-1990,1.4259259700775146,1.4259259700775146,311175,1.4629629850387573,1.4629629850387573,1.02212393283844
21-12-1990,1.444443941116333,1.4629629850387573,566325,1.4629629850387573,1.444443941116333,1.0091848373413086
24-12-1990,1.444443941116333,1.444443941116333,91125,1.4629629850387573,1.4629629850387573,1.02212393283844
26-12-1990,1.444443941116333,1.444443941116333,100575,1.4814809560775757,1.444443941116333,1.0091848373413086
27-12-1990,1.444443941116333,1.444443941116333,350325,1.4629629850387573,1.444443941116333,1.0091848373413086
28-12-1990,1.4259259700775146,1.4259259700775146,398925,1.5370370149612427,1.444443941116333,1.0091848373413086
31-12-1990,1.3148150444030762,1.4259259700775146,520425,1.444443941116333,1.4074070453643799,0.9833088517189026
02-01-1991,1.4259259700775146,1.4259259700775146,421875,1.4629629850387573,1.444443941116333,1.0091848373413086
03-01-1991,1.4074070453643799,1.444443941116333,162675,1.4629629850387573,1.4074070453643799,0.9833088517189026
04-01-1991,1.388888955116272,1.4259259700775146,263250,1.4259259700775146,1.388888955116272,0.9703710079193115
07-01-1991,1.3518520593643188,1.388888955116272,552150,1.4074070453643799,1.3703700304031372,0.957432210445404
08-01-1991,1.3333330154418945,1.3518520593643188,423225,1.3703700304031372,1.3333330154418945,0.931555986404419
09-01-1991,1.3148150444030762,1.3518520593643188,377325,1.3703700304031372,1.3333330154418945,0.931555986404419
10-01-1991,1.2962960004806519,1.3333330154418945,169425,1.3333330154418945,1.3148150444030762,0.9186174273490906
11-01-1991,1.2962960004806519,1.2962960004806519,125550,1.3148150444030762,1.2962960004806519,0.9056795239448547
14-01-1991,1.2592589855194092,1.2777780294418335,336825,1.2962960004806519,1.2777780294418335,0.8927415013313293
15-01-1991,1.2777780294418335,1.2777780294418335,147825,1.2962960004806519,1.2962960004806519,0.9056795239448547
16-01-1991,1.2592589855194092,1.2777780294418335,502200,1.2962960004806519,1.2777780294418335,0.8927415013313293
17-01-1991,1.3148150444030762,1.3333330154418945,1692225,1.3703700304031372,1.3148150444030762,0.9186174273490906
18-01-1991,1.2592589855194092,1.2592589855194092,517050,1.3703700304031372,1.3703700304031372,0.957432210445404
21-01-1991,1.3703700304031372,1.388888955116272,118800,1.4074070453643799,1.388888955116272,0.9703710079193115
22-01-1991,1.3703700304031372,1.3703700304031372,293625,1.4259259700775146,1.4074070453643799,0.9833088517189026
23-01-1991,1.4259259700775146,1.4259259700775146,494100,1.5,1.4629629850387573,1.02212393283844
24-01-1991,1.4629629850387573,1.4814809560775757,247050,1.5,1.4814809560775757,1.0350617170333862
25-01-1991,1.444443941116333,1.5,282150,1.5,1.444443941116333,1.0091848373413086
28-01-1991,1.444443941116333,1.4629629850387573,54000,1.4814809560775757,1.444443941116333,1.0091848373413086
29-01-1991,1.444443941116333,1.4629629850387573,230175,1.4814809560775757,1.4814809560775757,1.0350617170333862
30-01-1991,1.4814809560775757,1.4814809560775757,593325,1.5185190439224243,1.5,1.0480009317398071
31-01-1991,1.5185190439224243,1.5185190439224243,330075,1.5370370149612427,1.5370370149612427,1.0738774538040161
01-02-1991,1.5185190439224243,1.5370370149612427,190350,1.555556058883667,1.555556058883667,1.0868163108825684
04-02-1991,1.5370370149612427,1.555556058883667,371925,1.6481479406356812,1.6481479406356812,1.151506781578064
05-02-1991,1.6296299695968628,1.6296299695968628,1134675,1.7407410144805908,1.6851849555969238,1.177383303642273
06-02-1991,1.611111044883728,1.6851849555969238,396900,1.6851849555969238,1.6296299695968628,1.13856840133667
07-02-1991,1.611111044883728,1.611111044883728,389475,1.6296299695968628,1.6296299695968628,1.13856840133667
08-02-1991,1.611111044883728,1.6296299695968628,151200,1.6296299695968628,1.611111044883728,1.125630259513855
11-02-1991,1.611111044883728,1.6296299695968628,765450,1.6851849555969238,1.6851849555969238,1.177383303642273
12-02-1991,1.6666669845581055,1.6851849555969238,560250,1.7037039995193481,1.6851849555969238,1.177383303642273
13-02-1991,1.6666669845581055,1.6851849555969238,566325,1.7592589855194092,1.7407410144805908,1.2161980867385864
14-02-1991,1.6851849555969238,1.7407410144805908,502200,1.7592589855194092,1.7037039995193481,1.190321445465088
15-02-1991,1.7037039995193481,1.7037039995193481,245025,1.7407410144805908,1.7407410144805908,1.2161980867385864
19-02-1991,1.7037039995193481,1.7407410144805908,311175,1.7407410144805908,1.7222219705581665,1.2032601833343506
20-02-1991,1.7037039995193481,1.7222219705581665,448875,1.7592589855194092,1.7407410144805908,1.2161980867385864
21-02-1991,1.7037039995193481,1.7407410144805908,627750,1.7407410144805908,1.7222219705581665,1.2032601833343506
22-02-1991,1.7222219705581665,1.7222219705581665,974700,1.7962960004806519,1.7962960004806519,1.2550125122070312
25-02-1991,1.7777780294418335,1.8148150444030762,563625,1.8333330154418945,1.7777780294418335,1.242074728012085
26-02-1991,1.7592589855194092,1.7777780294418335,402975,1.7962960004806519,1.7592589855194092,1.2291359901428223
27-02-1991,1.7407410144805908,1.7407410144805908,180225,1.7777780294418335,1.7592589855194092,1.2291359901428223
28-02-1991,1.7592589855194092,1.7777780294418335,450225,1.7962960004806519,1.7777780294418335,1.242074728012085
01-03-1991,1.7592589855194092,1.7777780294418335,318600,1.7777780294418335,1.7592589855194092,1.2291359901428223
04-03-1991,1.7777780294418335,1.7777780294418335,469800,1.8518520593643188,1.8333330154418945,1.2808893918991089
05-03-1991,1.8333330154418945,1.8518520593643188,683100,1.888888955116272,1.8518520593643188,1.2938275337219238
06-03-1991,1.8333330154418945,1.888888955116272,1117125,1.888888955116272,1.8333330154418945,1.2808893918991089
07-03-1991,1.7777780294418335,1.8518520593643188,767475,1.8518520593643188,1.7962960004806519,1.2550125122070312
08-03-1991,1.7592589855194092,1.7777780294418335,278775,1.8148150444030762,1.8148150444030762,1.2679517269134521
11-03-1991,1.7592589855194092,1.7962960004806519,221400,1.8148150444030762,1.8148150444030762,1.2847323417663574
12-03-1991,1.7962960004806519,1.7962960004806519,600750,1.8518520593643188,1.8148150444030762,1.2847323417663574
13-03-1991,1.7592589855194092,1.8333330154418945,336825,1.8333330154418945,1.7592589855194092,1.245402455329895
14-03-1991,1.7592589855194092,1.7777780294418335,474525,1.8148150444030762,1.7777780294418335,1.258512020111084
15-03-1991,1.7407410144805908,1.7777780294418335,218025,1.7777780294418335,1.7407410144805908,1.2322940826416016
18-03-1991,1.7407410144805908,1.7407410144805908,184275,1.7777780294418335,1.7777780294418335,1.258512020111084
19-03-1991,1.7407410144805908,1.7592589855194092,201150,1.7777780294418335,1.7592589855194092,1.245402455329895
20-03-1991,1.7037039995193481,1.7592589855194092,349650,1.7592589855194092,1.7222219705581665,1.2191839218139648
21-03-1991,1.7222219705581665,1.7222219705581665,529875,1.7592589855194092,1.7592589855194092,1.245402455329895
22-03-1991,1.7222219705581665,1.7222219705581665,90450,1.7592589855194092,1.7407410144805908,1.2322940826416016
25-03-1991,1.7407410144805908,1.7407410144805908,243675,1.7777780294418335,1.7777780294418335,1.258512020111084
26-03-1991,1.7407410144805908,1.7592589855194092,558900,1.7592589855194092,1.7592589855194092,1.245402455329895
27-03-1991,1.7407410144805908,1.7407410144805908,594000,1.7777780294418335,1.7777780294418335,1.258512020111084
28-03-1991,1.7592589855194092,1.7592589855194092,139050,1.7777780294418335,1.7777780294418335,1.258512020111084
01-04-1991,1.7407410144805908,1.7777780294418335,294975,1.7777780294418335,1.7777780294418335,1.258512020111084
02-04-1991,1.7592589855194092,1.7777780294418335,266625,1.7962960004806519,1.7592589855194092,1.245402455329895
03-04-1991,1.7407410144805908,1.7777780294418335,96525,1.7777780294418335,1.7777780294418335,1.258512020111084
04-04-1991,1.7592589855194092,1.7777780294418335,511650,1.8148150444030762,1.7777780294418335,1.258512020111084
05-04-1991,1.7592589855194092,1.7962960004806519,159300,1.7962960004806519,1.7777780294418335,1.258512020111084
08-04-1991,1.7592589855194092,1.7777780294418335,348300,1.7777780294418335,1.7777780294418335,1.258512020111084
09-04-1991,1.7407410144805908,1.7592589855194092,163350,1.7777780294418335,1.7407410144805908,1.2322940826416016
10-04-1991,1.7407410144805908,1.7407410144805908,972675,1.7962960004806519,1.7962960004806519,1.271621584892273
11-04-1991,1.7777780294418335,1.7962960004806519,407025,1.8333330154418945,1.8148150444030762,1.2847323417663574
12-04-1991,1.7777780294418335,1.7962960004806519,639900,1.8148150444030762,1.7962960004806519,1.271621584892273
15-04-1991,1.8148150444030762,1.8148150444030762,523125,1.888888955116272,1.888888955116272,1.3371692895889282
16-04-1991,1.888888955116272,1.9074070453643799,409725,1.9629629850387573,1.9629629850387573,1.3896080255508423
17-04-1991,1.9074070453643799,1.9259259700775146,560250,1.944443941116333,1.9259259700775146,1.3633884191513062
18-04-1991,1.888888955116272,1.9259259700775146,757350,1.9629629850387573,1.9259259700775146,1.3633884191513062
19-04-1991,1.888888955116272,1.9074070453643799,594675,1.9074070453643799,1.888888955116272,1.3371692895889282
22-04-1991,1.7777780294418335,1.888888955116272,677700,1.888888955116272,1.7962960004806519,1.271621584892273
23-04-1991,1.8148150444030762,1.8148150444030762,685800,1.8518520593643188,1.8518520593643188,1.3109511137008667
24-04-1991,1.8148150444030762,1.8703700304031372,385425,1.8703700304031372,1.8333330154418945,1.2978408336639404
25-04-1991,1.7962960004806519,1.8148150444030762,598725,1.888888955116272,1.8703700304031372,1.324060082435608
26-04-1991,1.8333330154418945,1.8518520593643188,186300,1.8518520593643188,1.8518520593643188,1.3109511137008667
29-04-1991,1.8333330154418945,1.8518520593643188,196425,1.8518520593643188,1.8518520593643188,1.3109511137008667
30-04-1991,1.7777780294418335,1.8333330154418945,1742175,1.8703700304031372,1.7777780294418335,1.258512020111084
01-05-1991,1.7592589855194092,1.7962960004806519,390150,1.7962960004806519,1.7777780294418335,1.258512020111084
02-05-1991,1.7592589855194092,1.7592589855194092,255150,1.7777780294418335,1.7777780294418335,1.258512020111084
03-05-1991,1.7592589855194092,1.7777780294418335,132300,1.7777780294418335,1.7777780294418335,1.258512020111084
06-05-1991,1.7407410144805908,1.7777780294418335,2000025,1.7777780294418335,1.7592589855194092,1.245402455329895
07-05-1991,1.7407410144805908,1.7592589855194092,257175,1.7592589855194092,1.7407410144805908,1.2322940826416016
08-05-1991,1.7407410144805908,1.7407410144805908,291600,1.7592589855194092,1.7592589855194092,1.245402455329895
09-05-1991,1.7407410144805908,1.7592589855194092,1550475,1.7777780294418335,1.7592589855194092,1.245402455329895
10-05-1991,1.7592589855194092,1.7777780294418335,475875,1.7777780294418335,1.7777780294418335,1.258512020111084
13-05-1991,1.7777780294418335,1.7777780294418335,297000,1.7962960004806519,1.7777780294418335,1.258512020111084
14-05-1991,1.7777780294418335,1.7777780294418335,415800,1.7962960004806519,1.7962960004806519,1.271621584892273
15-05-1991,1.7777780294418335,1.7962960004806519,355050,1.7962960004806519,1.7777780294418335,1.258512020111084
16-05-1991,1.7777780294418335,1.7962960004806519,303075,1.8148150444030762,1.8148150444030762,1.2847323417663574
17-05-1991,1.7777780294418335,1.8148150444030762,205200,1.8148150444030762,1.8148150444030762,1.2847323417663574
20-05-1991,1.7777780294418335,1.8148150444030762,387450,1.8148150444030762,1.7777780294418335,1.258512020111084
21-05-1991,1.7592589855194092,1.7777780294418335,572400,1.7777780294418335,1.7592589855194092,1.245402455329895
22-05-1991,1.7592589855194092,1.7592589855194092,1071225,1.7777780294418335,1.7592589855194092,1.245402455329895
23-05-1991,1.7407410144805908,1.7592589855194092,706725,1.7777780294418335,1.7777780294418335,1.258512020111084
24-05-1991,1.7592589855194092,1.7592589855194092,211275,1.7777780294418335,1.7592589855194092,1.245402455329895
28-05-1991,1.7592589855194092,1.7777780294418335,276075,1.7962960004806519,1.7962960004806519,1.271621584892273
29-05-1991,1.7777780294418335,1.7962960004806519,487350,1.8333330154418945,1.8148150444030762,1.2847323417663574
30-05-1991,1.8333330154418945,1.8333330154418945,947700,1.9629629850387573,1.9629629850387573,1.3896080255508423
31-05-1991,1.888888955116272,1.944443941116333,649350,1.9629629850387573,1.9629629850387573,1.3896080255508423
03-06-1991,1.888888955116272,1.944443941116333,574425,1.9629629850387573,1.944443941116333,1.376497745513916
04-06-1991,1.888888955116272,1.9259259700775146,1512000,1.944443941116333,1.944443941116333,1.376497745513916
05-06-1991,1.9259259700775146,1.944443941116333,269325,1.9814809560775757,1.944443941116333,1.376497745513916
06-06-1991,1.9074070453643799,1.944443941116333,510300,1.9814809560775757,1.9814809560775757,1.402716875076294
07-06-1991,1.944443941116333,1.9629629850387573,361800,1.9814809560775757,1.9814809560775757,1.402716875076294
10-06-1991,1.8703700304031372,1.9259259700775146,523125,1.9259259700775146,1.888888955116272,1.3533598184585571
11-06-1991,1.8518520593643188,1.8703700304031372,219375,1.888888955116272,1.8703700304031372,1.3400907516479492
12-06-1991,1.7962960004806519,1.8703700304031372,295650,1.8703700304031372,1.8518520593643188,1.326823353767395
13-06-1991,1.8333330154418945,1.8703700304031372,371250,1.8703700304031372,1.8703700304031372,1.3400907516479492
14-06-1991,1.8703700304031372,1.8703700304031372,164025,1.9074070453643799,1.9074070453643799,1.3666274547576904
17-06-1991,1.888888955116272,1.9074070453643799,72900,1.9074070453643799,1.888888955116272,1.3533598184585571
18-06-1991,1.888888955116272,1.9074070453643799,361800,1.9259259700775146,1.9074070453643799,1.3666274547576904
19-06-1991,1.7962960004806519,1.9074070453643799,184950,1.9074070453643799,1.8333330154418945,1.3135546445846558
20-06-1991,1.7777780294418335,1.8333330154418945,319950,1.8518520593643188,1.7962960004806519,1.287018060684204
21-06-1991,1.7777780294418335,1.7777780294418335,130275,1.8333330154418945,1.8148150444030762,1.300287127494812
24-06-1991,1.7777780294418335,1.7962960004806519,138375,1.8333330154418945,1.8148150444030762,1.300287127494812
25-06-1991,1.7962960004806519,1.8333330154418945,82350,1.8333330154418945,1.7962960004806519,1.287018060684204
26-06-1991,1.7037039995193481,1.7592589855194092,641250,1.7962960004806519,1.7777780294418335,1.2737497091293335
27-06-1991,1.7592589855194092,1.7592589855194092,465750,1.8518520593643188,1.8518520593643188,1.326823353767395
28-06-1991,1.8333330154418945,1.8333330154418945,273375,1.8703700304031372,1.8518520593643188,1.326823353767395
01-07-1991,1.7962960004806519,1.8518520593643188,93825,1.8518520593643188,1.8148150444030762,1.300287127494812
02-07-1991,1.7592589855194092,1.8148150444030762,203175,1.8148150444030762,1.7777780294418335,1.2737497091293335
03-07-1991,1.7407410144805908,1.7407410144805908,199125,1.7962960004806519,1.7777780294418335,1.2737497091293335
05-07-1991,1.7777780294418335,1.7777780294418335,89775,1.8148150444030762,1.7962960004806519,1.287018060684204
08-07-1991,1.7962960004806519,1.8148150444030762,84375,1.8148150444030762,1.8148150444030762,1.300287127494812
09-07-1991,1.7962960004806519,1.7962960004806519,95175,1.8333330154418945,1.8333330154418945,1.3135546445846558
10-07-1991,1.7962960004806519,1.8148150444030762,137700,1.8518520593643188,1.7962960004806519,1.287018060684204
11-07-1991,1.7777780294418335,1.8148150444030762,268650,1.8333330154418945,1.8148150444030762,1.300287127494812
12-07-1991,1.7962960004806519,1.8333330154418945,97200,1.8518520593643188,1.8148150444030762,1.300287127494812
15-07-1991,1.8148150444030762,1.8333330154418945,583200,1.8518520593643188,1.8333330154418945,1.3135546445846558
16-07-1991,1.8333330154418945,1.8518520593643188,181575,1.8518520593643188,1.8333330154418945,1.3135546445846558
17-07-1991,1.8148150444030762,1.8333330154418945,231525,1.8518520593643188,1.8333330154418945,1.3135546445846558
18-07-1991,1.8518520593643188,1.8518520593643188,276750,1.9074070453643799,1.888888955116272,1.3533598184585571
19-07-1991,1.888888955116272,1.888888955116272,366525,1.9259259700775146,1.9259259700775146,1.3798962831497192
22-07-1991,1.9074070453643799,1.9074070453643799,137025,1.9259259700775146,1.9074070453643799,1.3666274547576904
23-07-1991,1.8518520593643188,1.888888955116272,178200,1.888888955116272,1.8518520593643188,1.326823353767395
24-07-1991,1.8333330154418945,1.8518520593643188,132300,1.8703700304031372,1.8518520593643188,1.326823353767395
25-07-1991,1.8333330154418945,1.8333330154418945,68850,1.8518520593643188,1.8518520593643188,1.326823353767395
26-07-1991,1.8333330154418945,1.8518520593643188,168075,1.8703700304031372,1.8703700304031372,1.3400907516479492
29-07-1991,1.8148150444030762,1.8518520593643188,147825,1.8518520593643188,1.8333330154418945,1.3135546445846558
30-07-1991,1.8148150444030762,1.8518520593643188,175500,1.8518520593643188,1.8148150444030762,1.300287127494812
31-07-1991,1.7962960004806519,1.8148150444030762,288225,1.8333330154418945,1.8148150444030762,1.300287127494812
01-08-1991,1.7962960004806519,1.7962960004806519,228150,1.8148150444030762,1.7962960004806519,1.287018060684204
02-08-1991,1.8148150444030762,1.8333330154418945,286200,1.8518520593643188,1.8518520593643188,1.326823353767395
05-08-1991,1.8148150444030762,1.8518520593643188,280125,1.8518520593643188,1.8333330154418945,1.3135546445846558
06-08-1991,1.8148150444030762,1.8148150444030762,49275,1.8333330154418945,1.8148150444030762,1.300287127494812
07-08-1991,1.7962960004806519,1.8148150444030762,278100,1.8518520593643188,1.8148150444030762,1.300287127494812
08-08-1991,1.8148150444030762,1.8148150444030762,271350,1.888888955116272,1.888888955116272,1.3533598184585571
09-08-1991,1.8333330154418945,1.9259259700775146,602775,1.9259259700775146,1.8333330154418945,1.3135546445846558
12-08-1991,1.8333330154418945,1.8333330154418945,100575,1.8518520593643188,1.8333330154418945,1.3135546445846558
13-08-1991,1.8333330154418945,1.8333330154418945,131625,1.8703700304031372,1.8518520593643188,1.326823353767395
14-08-1991,1.8148150444030762,1.8518520593643188,286875,1.8518520593643188,1.8148150444030762,1.300287127494812
15-08-1991,1.8148150444030762,1.8148150444030762,98550,1.8333330154418945,1.8148150444030762,1.300287127494812
16-08-1991,1.8148150444030762,1.8333330154418945,282825,1.8333330154418945,1.8333330154418945,1.3135546445846558
19-08-1991,1.7407410144805908,1.7777780294418335,317250,1.8148150444030762,1.8148150444030762,1.300287127494812
20-08-1991,1.7592589855194092,1.8148150444030762,450900,1.8148150444030762,1.7962960004806519,1.287018060684204
21-08-1991,1.7962960004806519,1.8148150444030762,313200,1.8148150444030762,1.7962960004806519,1.287018060684204
22-08-1991,1.7962960004806519,1.7962960004806519,222075,1.8148150444030762,1.7962960004806519,1.287018060684204
23-08-1991,1.7962960004806519,1.7962960004806519,245025,1.8333330154418945,1.8333330154418945,1.3135546445846558
26-08-1991,1.8148150444030762,1.8148150444030762,310500,1.8703700304031372,1.8333330154418945,1.3135546445846558
27-08-1991,1.7962960004806519,1.8333330154418945,247050,1.8333330154418945,1.8333330154418945,1.3135546445846558
28-08-1991,1.8148150444030762,1.8148150444030762,223425,1.8518520593643188,1.8333330154418945,1.3135546445846558
29-08-1991,1.8148150444030762,1.8333330154418945,309825,1.8333330154418945,1.8148150444030762,1.300287127494812
30-08-1991,1.7962960004806519,1.8333330154418945,241650,1.8333330154418945,1.8148150444030762,1.300287127494812
03-09-1991,1.7777780294418335,1.8148150444030762,425250,1.8148150444030762,1.7962960004806519,1.287018060684204
04-09-1991,1.7592589855194092,1.7962960004806519,147150,1.7962960004806519,1.7777780294418335,1.2737497091293335
05-09-1991,1.7592589855194092,1.7962960004806519,319275,1.8148150444030762,1.8148150444030762,1.300287127494812
06-09-1991,1.7777780294418335,1.7962960004806519,221400,1.7962960004806519,1.7962960004806519,1.287018060684204
09-09-1991,1.7962960004806519,1.7962960004806519,224100,1.8148150444030762,1.7962960004806519,1.287018060684204
10-09-1991,1.7777780294418335,1.7962960004806519,380025,1.8333330154418945,1.8148150444030762,1.318777322769165
11-09-1991,1.7962960004806519,1.8148150444030762,265950,1.8148150444030762,1.7962960004806519,1.3053193092346191
12-09-1991,1.7962960004806519,1.7962960004806519,907200,1.8518520593643188,1.8518520593643188,1.3456904888153076
13-09-1991,1.8518520593643188,1.8518520593643188,424575,1.8703700304031372,1.8703700304031372,1.3591468334197998
16-09-1991,1.8518520593643188,1.8518520593643188,394875,1.888888955116272,1.8703700304031372,1.3591468334197998
17-09-1991,1.8518520593643188,1.8703700304031372,303750,1.888888955116272,1.888888955116272,1.372604250907898
18-09-1991,1.8518520593643188,1.888888955116272,164700,1.888888955116272,1.8703700304031372,1.3591468334197998
19-09-1991,1.8703700304031372,1.8703700304031372,260550,1.9074070453643799,1.888888955116272,1.372604250907898
20-09-1991,1.8703700304031372,1.9074070453643799,348975,1.9074070453643799,1.8703700304031372,1.3591468334197998
23-09-1991,1.8703700304031372,1.888888955116272,234900,1.9074070453643799,1.9074070453643799,1.3860608339309692
24-09-1991,1.8703700304031372,1.9074070453643799,189000,1.9074070453643799,1.9074070453643799,1.3860608339309692
25-09-1991,1.8703700304031372,1.9074070453643799,1237275,1.9074070453643799,1.8703700304031372,1.3591468334197998
26-09-1991,1.8703700304031372,1.888888955116272,151200,1.9074070453643799,1.9074070453643799,1.3860608339309692
27-09-1991,1.8703700304031372,1.9074070453643799,147825,1.9074070453643799,1.888888955116272,1.372604250907898
30-09-1991,1.8703700304031372,1.888888955116272,315900,1.9259259700775146,1.9074070453643799,1.3860608339309692
01-10-1991,1.8703700304031372,1.9259259700775146,307800,1.9259259700775146,1.8703700304031372,1.3591468334197998
02-10-1991,1.8333330154418945,1.8703700304031372,134325,1.8703700304031372,1.8333330154418945,1.33223295211792
03-10-1991,1.8518520593643188,1.8703700304031372,133650,1.888888955116272,1.888888955116272,1.372604250907898
04-10-1991,1.8703700304031372,1.8703700304031372,215325,1.888888955116272,1.8703700304031372,1.3591468334197998
07-10-1991,1.8333330154418945,1.8518520593643188,137700,1.8703700304031372,1.8333330154418945,1.33223295211792
08-10-1991,1.8518520593643188,1.8703700304031372,227475,1.888888955116272,1.888888955116272,1.372604250907898
09-10-1991,1.8703700304031372,1.888888955116272,124200,1.9074070453643799,1.9074070453643799,1.3860608339309692
10-10-1991,1.8703700304031372,1.888888955116272,222075,1.9074070453643799,1.9074070453643799,1.3860608339309692
11-10-1991,1.888888955116272,1.9074070453643799,70200,1.9074070453643799,1.9074070453643799,1.3860608339309692
14-10-1991,1.888888955116272,1.9074070453643799,114750,1.9074070453643799,1.888888955116272,1.372604250907898
15-10-1991,1.888888955116272,1.888888955116272,184950,1.9074070453643799,1.9074070453643799,1.3860608339309692
16-10-1991,1.888888955116272,1.9074070453643799,1034775,1.9629629850387573,1.9629629850387573,1.4264318943023682
17-10-1991,1.9259259700775146,1.944443941116333,600075,1.9629629850387573,1.944443941116333,1.4129743576049805
18-10-1991,1.888888955116272,1.9629629850387573,277425,1.9629629850387573,1.9074070453643799,1.3860608339309692
21-10-1991,1.9074070453643799,1.9259259700775146,269325,1.944443941116333,1.944443941116333,1.4129743576049805
22-10-1991,1.9074070453643799,1.9259259700775146,538650,1.9629629850387573,1.944443941116333,1.4129743576049805
23-10-1991,1.9259259700775146,1.9259259700775146,157950,1.944443941116333,1.9259259700775146,1.3995182514190674
24-10-1991,1.8518520593643188,1.9074070453643799,136350,1.9259259700775146,1.8703700304031372,1.3591468334197998
25-10-1991,1.8518520593643188,1.8703700304031372,112050,1.9074070453643799,1.8518520593643188,1.3456904888153076
28-10-1991,1.888888955116272,1.888888955116272,114750,1.9074070453643799,1.888888955116272,1.372604250907898
29-10-1991,1.888888955116272,1.888888955116272,126225,1.944443941116333,1.9259259700775146,1.3995182514190674
30-10-1991,1.8333330154418945,1.9259259700775146,321300,1.9259259700775146,1.8333330154418945,1.33223295211792
31-10-1991,1.8518520593643188,1.8518520593643188,157950,1.9074070453643799,1.8703700304031372,1.3591468334197998
01-11-1991,1.8703700304031372,1.8703700304031372,100575,1.888888955116272,1.888888955116272,1.372604250907898
04-11-1991,1.8703700304031372,1.8703700304031372,91125,1.9074070453643799,1.8703700304031372,1.3591468334197998
05-11-1991,1.8703700304031372,1.8703700304031372,184950,1.888888955116272,1.8703700304031372,1.3591468334197998
06-11-1991,1.8518520593643188,1.888888955116272,438075,1.888888955116272,1.8518520593643188,1.3456904888153076
07-11-1991,1.8333330154418945,1.8518520593643188,428625,1.8518520593643188,1.8518520593643188,1.3456904888153076
08-11-1991,1.8518520593643188,1.8518520593643188,229500,1.888888955116272,1.8703700304031372,1.3591468334197998
11-11-1991,1.8703700304031372,1.888888955116272,315225,1.9814809560775757,1.9814809560775757,1.4398882389068604
12-11-1991,1.9629629850387573,1.9814809560775757,297000,1.9814809560775757,1.9629629850387573,1.4264318943023682
13-11-1991,1.944443941116333,1.9629629850387573,299700,1.9814809560775757,1.9629629850387573,1.4264318943023682
14-11-1991,1.9629629850387573,1.9629629850387573,438750,1.9814809560775757,1.9629629850387573,1.4264318943023682
15-11-1991,1.888888955116272,1.9629629850387573,900450,1.9814809560775757,1.888888955116272,1.372604250907898
18-11-1991,1.8333330154418945,1.888888955116272,504900,1.9074070453643799,1.8333330154418945,1.33223295211792
19-11-1991,1.7962960004806519,1.8148150444030762,478575,1.8518520593643188,1.8518520593643188,1.3456904888153076
20-11-1991,1.8148150444030762,1.8333330154418945,174825,1.8703700304031372,1.8518520593643188,1.3456904888153076
21-11-1991,1.8703700304031372,1.8703700304031372,202500,1.9074070453643799,1.8703700304031372,1.3591468334197998
22-11-1991,1.8703700304031372,1.8703700304031372,135675,1.9074070453643799,1.9074070453643799,1.3860608339309692
25-11-1991,1.8333330154418945,1.888888955116272,238950,1.9074070453643799,1.9074070453643799,1.3860608339309692
26-11-1991,1.8518520593643188,1.888888955116272,105300,1.888888955116272,1.8703700304031372,1.3591468334197998
27-11-1991,1.8518520593643188,1.8518520593643188,61425,1.888888955116272,1.8703700304031372,1.3591468334197998
29-11-1991,1.8518520593643188,1.8518520593643188,91125,1.888888955116272,1.8518520593643188,1.3456904888153076
02-12-1991,1.8703700304031372,1.8703700304031372,70875,1.888888955116272,1.888888955116272,1.372604250907898
03-12-1991,1.8333330154418945,1.8703700304031372,132300,1.888888955116272,1.8518520593643188,1.3638752698898315
04-12-1991,1.8333330154418945,1.8703700304031372,184950,1.8703700304031372,1.8333330154418945,1.350236415863037
05-12-1991,1.8333330154418945,1.8333330154418945,55350,1.8518520593643188,1.8333330154418945,1.350236415863037
06-12-1991,1.7962960004806519,1.8333330154418945,374625,1.8333330154418945,1.8148150444030762,1.3365981578826904
09-12-1991,1.7962960004806519,1.8333330154418945,131625,1.8333330154418945,1.7962960004806519,1.322959065437317
10-12-1991,1.7777780294418335,1.7777780294418335,149175,1.8148150444030762,1.7777780294418335,1.309320092201233
11-12-1991,1.7777780294418335,1.7962960004806519,145125,1.8148150444030762,1.8148150444030762,1.3365981578826904
12-12-1991,1.7962960004806519,1.7962960004806519,344250,1.8333330154418945,1.8333330154418945,1.350236415863037
13-12-1991,1.8333330154418945,1.8518520593643188,932850,1.8518520593643188,1.8333330154418945,1.350236415863037
16-12-1991,1.7777780294418335,1.8333330154418945,464400,1.8333330154418945,1.7777780294418335,1.309320092201233
17-12-1991,1.7777780294418335,1.7962960004806519,421200,1.8148150444030762,1.8148150444030762,1.3365981578826904
18-12-1991,1.7777780294418335,1.8333330154418945,475875,1.8333330154418945,1.7777780294418335,1.309320092201233
19-12-1991,1.7592589855194092,1.7592589855194092,270000,1.8333330154418945,1.8333330154418945,1.350236415863037
20-12-1991,1.7777780294418335,1.8518520593643188,305100,1.8518520593643188,1.7777780294418335,1.309320092201233
23-12-1991,1.7592589855194092,1.7777780294418335,465750,1.7962960004806519,1.7962960004806519,1.322959065437317
24-12-1991,1.8148150444030762,1.8148150444030762,310500,1.9259259700775146,1.9074070453643799,1.4047917127609253
26-12-1991,1.9259259700775146,1.9259259700775146,222750,1.9814809560775757,1.9629629850387573,1.4457080364227295
27-12-1991,1.944443941116333,1.944443941116333,222075,1.9814809560775757,1.9814809560775757,1.4593467712402344
30-12-1991,2.0,2.0,758700,2.0740740299224854,2.055556058883667,1.5139024257659912
31-12-1991,2.0,2.055556058883667,2944350,2.055556058883667,2.0185189247131348,1.486624836921692
02-01-1992,1.944443941116333,2.0,537300,2.0185189247131348,2.0185189247131348,1.486624836921692
03-01-1992,2.0,2.0,266625,2.055556058883667,2.0185189247131348,1.486624836921692
06-01-1992,2.0185189247131348,2.037036895751953,533925,2.055556058883667,2.055556058883667,1.5139024257659912
07-01-1992,2.0185189247131348,2.055556058883667,497475,2.055556058883667,2.055556058883667,1.5139024257659912
08-01-1992,2.055556058883667,2.0740740299224854,397575,2.1111109256744385,2.1111109256744385,1.5548187494277954
09-01-1992,2.1111109256744385,2.1296300888061523,695250,2.1666669845581055,2.1296300888061523,1.5684565305709839
10-01-1992,2.037036895751953,2.1111109256744385,397575,2.1111109256744385,2.0740740299224854,1.527540683746338
13-01-1992,2.055556058883667,2.0740740299224854,437400,2.1481480598449707,2.1111109256744385,1.5548187494277954
14-01-1992,2.1111109256744385,2.1111109256744385,394875,2.1481480598449707,2.1296300888061523,1.5684565305709839
15-01-1992,2.1111109256744385,2.1296300888061523,687825,2.2037041187286377,2.2037041187286377,1.6230119466781616
16-01-1992,2.1666669845581055,2.2037041187286377,408375,2.2037041187286377,2.2037041187286377,1.6230119466781616
17-01-1992,2.1481480598449707,2.1666669845581055,578475,2.2037041187286377,2.185184955596924,1.6093721389770508
20-01-1992,2.1111109256744385,2.1666669845581055,238950,2.185184955596924,2.185184955596924,1.6093721389770508
21-01-1992,2.1296300888061523,2.1666669845581055,286875,2.1666669845581055,2.1666669845581055,1.595734715461731
22-01-1992,2.1666669845581055,2.222222089767456,553500,2.240741014480591,2.222222089767456,1.6366504430770874
23-01-1992,2.185184955596924,2.222222089767456,228825,2.259258985519409,2.185184955596924,1.6093721389770508
24-01-1992,2.1481480598449707,2.185184955596924,173475,2.185184955596924,2.1666669845581055,1.595734715461731
27-01-1992,2.1666669845581055,2.185184955596924,287550,2.2037041187286377,2.2037041187286377,1.6230119466781616
28-01-1992,2.1481480598449707,2.2037041187286377,290925,2.2037041187286377,2.1666669845581055,1.595734715461731
29-01-1992,2.1666669845581055,2.185184955596924,658125,2.240741014480591,2.1666669845581055,1.595734715461731
30-01-1992,2.1481480598449707,2.1666669845581055,338850,2.222222089767456,2.185184955596924,1.6093721389770508
31-01-1992,2.2037041187286377,2.2037041187286377,488025,2.222222089767456,2.2037041187286377,1.6230119466781616
03-02-1992,2.2037041187286377,2.222222089767456,352350,2.240741014480591,2.2037041187286377,1.6230119466781616
04-02-1992,2.2037041187286377,2.222222089767456,430650,2.259258985519409,2.259258985519409,1.663927435874939
05-02-1992,2.240741014480591,2.240741014480591,644625,2.277777910232544,2.259258985519409,1.663927435874939
06-02-1992,2.2037041187286377,2.259258985519409,386100,2.259258985519409,2.2037041187286377,1.6230119466781616
07-02-1992,2.185184955596924,2.2037041187286377,1254150,2.277777910232544,2.277777910232544,1.6775668859481812
10-02-1992,2.277777910232544,2.277777910232544,721575,2.3703699111938477,2.3333330154418945,1.7184826135635376
11-02-1992,2.2962958812713623,2.3518519401550293,562275,2.3703699111938477,2.3333330154418945,1.7184826135635376
12-02-1992,2.3333330154418945,2.3518519401550293,255150,2.3518519401550293,2.3333330154418945,1.7184826135635376
13-02-1992,2.277777910232544,2.3518519401550293,304425,2.3518519401550293,2.277777910232544,1.6775668859481812
14-02-1992,2.240741014480591,2.259258985519409,322650,2.277777910232544,2.259258985519409,1.663927435874939
18-02-1992,2.259258985519409,2.259258985519409,474525,2.2962958812713623,2.277777910232544,1.6775668859481812
19-02-1992,2.277777910232544,2.277777910232544,1318950,2.3333330154418945,2.2962958812713623,1.6912051439285278
20-02-1992,2.2962958812713623,2.2962958812713623,1109700,2.3888890743255615,2.3888890743255615,1.7593994140625
21-02-1992,2.3703699111938477,2.3703699111938477,335475,2.4259259700775146,2.4259259700775146,1.7866765260696411
24-02-1992,2.444443941116333,2.4814810752868652,1211625,2.4814810752868652,2.4814810752868652,1.8275926113128662
25-02-1992,2.3888890743255615,2.4814810752868652,481950,2.4814810752868652,2.444443941116333,1.800315499305725
26-02-1992,2.444443941116333,2.444443941116333,633825,2.5,2.4814810752868652,1.8275926113128662
27-02-1992,2.4259259700775146,2.462963104248047,341550,2.4814810752868652,2.444443941116333,1.800315499305725
28-02-1992,2.4259259700775146,2.4259259700775146,678375,2.5185189247131348,2.5185189247131348,1.8548709154129028
02-03-1992,2.4814810752868652,2.537036895751953,771525,2.5740740299224854,2.4814810752868652,1.8275926113128662
03-03-1992,2.462963104248047,2.5185189247131348,765450,2.5185189247131348,2.4814810752868652,1.8275926113128662
04-03-1992,2.40740704536438,2.5,429975,2.5185189247131348,2.40740704536438,1.773038387298584
05-03-1992,2.40740704536438,2.40740704536438,534600,2.4814810752868652,2.462963104248047,1.8139537572860718
06-03-1992,2.4814810752868652,2.5,944325,2.537036895751953,2.5,1.8412319421768188
09-03-1992,2.4814810752868652,2.4814810752868652,341550,2.5,2.4814810752868652,1.8275926113128662
10-03-1992,2.462963104248047,2.5185189247131348,758700,2.5185189247131348,2.462963104248047,1.8139537572860718
11-03-1992,2.40740704536438,2.4259259700775146,527175,2.444443941116333,2.4259259700775146,1.805134892463684
12-03-1992,2.4259259700775146,2.444443941116333,795150,2.5,2.444443941116333,1.8189144134521484
13-03-1992,2.444443941116333,2.444443941116333,740475,2.4814810752868652,2.462963104248047,1.8326942920684814
16-03-1992,2.40740704536438,2.444443941116333,363150,2.444443941116333,2.4259259700775146,1.805134892463684
17-03-1992,2.4259259700775146,2.444443941116333,2179575,2.462963104248047,2.444443941116333,1.8189144134521484
18-03-1992,2.444443941116333,2.444443941116333,459000,2.4814810752868652,2.4814810752868652,1.8464734554290771
19-03-1992,2.462963104248047,2.462963104248047,317250,2.5,2.4814810752868652,1.8464734554290771
20-03-1992,2.462963104248047,2.5,430650,2.5,2.4814810752868652,1.8464734554290771
23-03-1992,2.444443941116333,2.4814810752868652,201825,2.4814810752868652,2.4814810752868652,1.8464734554290771
24-03-1992,2.462963104248047,2.462963104248047,436725,2.5,2.4814810752868652,1.8464734554290771
25-03-1992,2.4814810752868652,2.4814810752868652,566325,2.5185189247131348,2.5,1.8602533340454102
26-03-1992,2.444443941116333,2.5,417825,2.5,2.444443941116333,1.8189144134521484
27-03-1992,2.444443941116333,2.444443941116333,295650,2.4814810752868652,2.4814810752868652,1.8464734554290771
30-03-1992,2.444443941116333,2.5,243675,2.5,2.444443941116333,1.8189144134521484
31-03-1992,2.4259259700775146,2.444443941116333,327375,2.4814810752868652,2.4814810752868652,1.8464734554290771
01-04-1992,2.444443941116333,2.462963104248047,616275,2.462963104248047,2.444443941116333,1.8189144134521484
02-04-1992,2.40740704536438,2.4259259700775146,392175,2.444443941116333,2.40740704536438,1.791355013847351
03-04-1992,2.40740704536438,2.4259259700775146,380700,2.4259259700775146,2.40740704536438,1.791355013847351
06-04-1992,2.3518519401550293,2.4259259700775146,1071900,2.4259259700775146,2.3703699111938477,1.7637962102890015
07-04-1992,2.240741014480591,2.3703699111938477,675000,2.3703699111938477,2.277777910232544,1.6948984861373901
08-04-1992,2.240741014480591,2.240741014480591,553500,2.3888890743255615,2.3703699111938477,1.7637962102890015
09-04-1992,2.314815044403076,2.3518519401550293,304425,2.3703699111938477,2.3518519401550293,1.750016450881958
10-04-1992,2.3518519401550293,2.3703699111938477,532575,2.3703699111938477,2.3518519401550293,1.750016450881958
13-04-1992,2.3518519401550293,2.3703699111938477,455625,2.3703699111938477,2.3703699111938477,1.7637962102890015
14-04-1992,2.3518519401550293,2.3703699111938477,370575,2.3703699111938477,2.3518519401550293,1.750016450881958
15-04-1992,2.3518519401550293,2.3518519401550293,618300,2.40740704536438,2.3703699111938477,1.7637962102890015
16-04-1992,2.3518519401550293,2.3703699111938477,292950,2.3703699111938477,2.3703699111938477,1.7637962102890015
20-04-1992,2.3333330154418945,2.3703699111938477,116775,2.3703699111938477,2.3333330154418945,1.7362366914749146
21-04-1992,2.277777910232544,2.3518519401550293,438075,2.3518519401550293,2.3333330154418945,1.7362366914749146
22-04-1992,2.314815044403076,2.314815044403076,1023300,2.4814810752868652,2.444443941116333,1.8189144134521484
23-04-1992,2.444443941116333,2.444443941116333,1067175,2.5,2.4814810752868652,1.8464734554290771
24-04-1992,2.4814810752868652,2.4814810752868652,774900,2.537036895751953,2.5,1.8602533340454102
27-04-1992,2.462963104248047,2.5,265950,2.5,2.4814810752868652,1.8464734554290771
28-04-1992,2.4259259700775146,2.462963104248047,965925,2.4814810752868652,2.4259259700775146,1.805134892463684
29-04-1992,2.4259259700775146,2.4259259700775146,198450,2.5,2.5,1.8602533340454102
30-04-1992,2.5,2.5185189247131348,637875,2.555556058883667,2.555556058883667,1.9015940427780151
01-05-1992,2.5185189247131348,2.555556058883667,177525,2.555556058883667,2.5185189247131348,1.8740330934524536
04-05-1992,2.5185189247131348,2.5185189247131348,186300,2.555556058883667,2.555556058883667,1.9015940427780151
05-05-1992,2.5185189247131348,2.5185189247131348,752625,2.59259295463562,2.5740740299224854,1.915372610092163
06-05-1992,2.555556058883667,2.555556058883667,932175,2.6481480598449707,2.6296300888061523,1.956712007522583
07-05-1992,2.6111109256744385,2.6111109256744385,1455300,2.6666669845581055,2.6666669845581055,1.9842710494995117
08-05-1992,2.6481480598449707,2.6481480598449707,1265625,2.685184955596924,2.6666669845581055,1.9842710494995117
11-05-1992,2.59259295463562,2.6296300888061523,1127925,2.6666669845581055,2.6666669845581055,1.9842710494995117
12-05-1992,2.6111109256744385,2.6481480598449707,1116450,2.6666669845581055,2.6481480598449707,1.9704917669296265
13-05-1992,2.555556058883667,2.6296300888061523,434025,2.6296300888061523,2.5740740299224854,1.915372610092163
14-05-1992,2.555556058883667,2.5740740299224854,957825,2.6111109256744385,2.59259295463562,1.9291517734527588
15-05-1992,2.555556058883667,2.5740740299224854,1799550,2.685184955596924,2.6481480598449707,1.9704917669296265
18-05-1992,2.6296300888061523,2.6666669845581055,1169775,2.6666669845581055,2.6296300888061523,1.956712007522583
19-05-1992,2.555556058883667,2.6296300888061523,310500,2.6296300888061523,2.5740740299224854,1.915372610092163
20-05-1992,2.5,2.555556058883667,872775,2.59259295463562,2.59259295463562,1.9291517734527588
21-05-1992,2.537036895751953,2.59259295463562,803925,2.59259295463562,2.537036895751953,1.8878122568130493
22-05-1992,2.5,2.537036895751953,434025,2.537036895751953,2.5185189247131348,1.8740330934524536
26-05-1992,2.5,2.5185189247131348,94500,2.5740740299224854,2.5740740299224854,1.915372610092163
27-05-1992,2.5740740299224854,2.5740740299224854,532575,2.6666669845581055,2.6481480598449707,1.9704917669296265
28-05-1992,2.5740740299224854,2.6481480598449707,440775,2.6481480598449707,2.6111109256744385,1.9429327249526978
29-05-1992,2.59259295463562,2.6111109256744385,463050,2.6481480598449707,2.6296300888061523,1.956712007522583
01-06-1992,2.59259295463562,2.6296300888061523,1327050,2.6296300888061523,2.6111109256744385,1.9429327249526978
02-06-1992,2.59259295463562,2.6111109256744385,1178550,2.6296300888061523,2.6296300888061523,1.956712007522583
03-06-1992,2.59259295463562,2.6111109256744385,425925,2.6111109256744385,2.6111109256744385,1.9429327249526978
04-06-1992,2.59259295463562,2.59259295463562,304425,2.6666669845581055,2.6666669845581055,1.9842710494995117
05-06-1992,2.59259295463562,2.6666669845581055,702000,2.6666669845581055,2.6111109256744385,1.9429327249526978
08-06-1992,2.59259295463562,2.59259295463562,638550,2.6296300888061523,2.6111109256744385,1.9429327249526978
09-06-1992,2.6111109256744385,2.6111109256744385,366525,2.6481480598449707,2.6296300888061523,1.956712007522583
10-06-1992,2.6111109256744385,2.6111109256744385,387450,2.6481480598449707,2.6296300888061523,1.9756325483322144
11-06-1992,2.59259295463562,2.6111109256744385,1237275,2.6296300888061523,2.6111109256744385,1.9617209434509277
12-06-1992,2.5740740299224854,2.59259295463562,159975,2.6296300888061523,2.59259295463562,1.9478075504302979
15-06-1992,2.5740740299224854,2.59259295463562,301050,2.6481480598449707,2.59259295463562,1.9478075504302979
16-06-1992,2.59259295463562,2.59259295463562,3202875,2.6111109256744385,2.6111109256744385,1.9617209434509277
17-06-1992,2.5,2.59259295463562,891675,2.59259295463562,2.5185189247131348,1.8921557664871216
18-06-1992,2.462963104248047,2.5185189247131348,157275,2.5185189247131348,2.5,1.8782415390014648
19-06-1992,2.462963104248047,2.5,195075,2.5185189247131348,2.4814810752868652,1.8643290996551514
22-06-1992,2.3333330154418945,2.462963104248047,321300,2.462963104248047,2.3888890743255615,1.7947652339935303
23-06-1992,2.3888890743255615,2.40740704536438,353700,2.5185189247131348,2.4814810752868652,1.8643290996551514
24-06-1992,2.3333330154418945,2.4814810752868652,614250,2.4814810752868652,2.3333330154418945,1.7530263662338257
25-06-1992,2.2962958812713623,2.3333330154418945,347625,2.3518519401550293,2.2962958812713623,1.7251999378204346
26-06-1992,2.277777910232544,2.2962958812713623,244350,2.3518519401550293,2.3333330154418945,1.7530263662338257
29-06-1992,2.314815044403076,2.3333330154418945,1333800,2.3888890743255615,2.3333330154418945,1.7530263662338257
30-06-1992,2.259258985519409,2.3333330154418945,602100,2.3333330154418945,2.314815044403076,1.7391138076782227
01-07-1992,2.277777910232544,2.314815044403076,424575,2.3703699111938477,2.3703699111938477,1.7808512449264526
02-07-1992,2.2962958812713623,2.3703699111938477,357750,2.3703699111938477,2.3333330154418945,1.7530263662338257
06-07-1992,2.277777910232544,2.3333330154418945,378675,2.3333330154418945,2.314815044403076,1.7391138076782227
07-07-1992,2.259258985519409,2.3333330154418945,654750,2.3333330154418945,2.277777910232544,1.711288332939148
08-07-1992,2.2037041187286377,2.277777910232544,1111725,2.277777910232544,2.240741014480591,1.6834626197814941
09-07-1992,2.240741014480591,2.240741014480591,600075,2.314815044403076,2.314815044403076,1.7391138076782227
10-07-1992,2.277777910232544,2.3333330154418945,295650,2.3333330154418945,2.314815044403076,1.7391138076782227
13-07-1992,2.314815044403076,2.314815044403076,606150,2.3518519401550293,2.3518519401550293,1.7669391632080078
14-07-1992,2.3333330154418945,2.3333330154418945,587250,2.3518519401550293,2.3518519401550293,1.7669391632080078
15-07-1992,2.314815044403076,2.3518519401550293,308475,2.3518519401550293,2.3518519401550293,1.7669391632080078
16-07-1992,2.259258985519409,2.3518519401550293,1582200,2.3518519401550293,2.2962958812713623,1.7251999378204346
17-07-1992,2.222222089767456,2.2962958812713623,1324350,2.2962958812713623,2.240741014480591,1.6834626197814941
20-07-1992,2.2037041187286377,2.2037041187286377,403650,2.222222089767456,2.222222089767456,1.6695480346679688
21-07-1992,2.222222089767456,2.240741014480591,182925,2.259258985519409,2.240741014480591,1.6834626197814941
22-07-1992,2.2037041187286377,2.2037041187286377,716175,2.259258985519409,2.259258985519409,1.6973744630813599
23-07-1992,2.259258985519409,2.277777910232544,272025,2.277777910232544,2.277777910232544,1.711288332939148
24-07-1992,2.259258985519409,2.2962958812713623,945675,2.3333330154418945,2.259258985519409,1.6973744630813599
27-07-1992,2.277777910232544,2.277777910232544,508275,2.2962958812713623,2.2962958812713623,1.7251999378204346
28-07-1992,2.259258985519409,2.277777910232544,553500,2.314815044403076,2.314815044403076,1.7391138076782227
29-07-1992,2.314815044403076,2.3333330154418945,199125,2.3333330154418945,2.314815044403076,1.7391138076782227
30-07-1992,2.277777910232544,2.3333330154418945,189675,2.3333330154418945,2.314815044403076,1.7391138076782227
31-07-1992,2.2962958812713623,2.314815044403076,472500,2.314815044403076,2.2962958812713623,1.7251999378204346
03-08-1992,2.2962958812713623,2.2962958812713623,131625,2.314815044403076,2.314815044403076,1.7391138076782227
04-08-1992,2.2962958812713623,2.314815044403076,508275,2.314815044403076,2.2962958812713623,1.7251999378204346
05-08-1992,2.2962958812713623,2.3333330154418945,689175,2.3333330154418945,2.2962958812713623,1.7251999378204346
06-08-1992,2.2962958812713623,2.314815044403076,1782000,2.314815044403076,2.2962958812713623,1.7251999378204346
07-08-1992,2.277777910232544,2.2962958812713623,2579850,2.314815044403076,2.2962958812713623,1.7251999378204346
10-08-1992,2.277777910232544,2.2962958812713623,162675,2.2962958812713623,2.2962958812713623,1.7251999378204346
11-08-1992,2.277777910232544,2.2962958812713623,241650,2.2962958812713623,2.277777910232544,1.711288332939148
12-08-1992,2.259258985519409,2.259258985519409,926775,2.2962958812713623,2.277777910232544,1.711288332939148
13-08-1992,2.259258985519409,2.277777910232544,149175,2.2962958812713623,2.259258985519409,1.6973744630813599
14-08-1992,2.240741014480591,2.259258985519409,215325,2.277777910232544,2.277777910232544,1.711288332939148
17-08-1992,2.240741014480591,2.259258985519409,2571750,2.277777910232544,2.277777910232544,1.711288332939148
18-08-1992,2.259258985519409,2.277777910232544,174825,2.277777910232544,2.277777910232544,1.711288332939148
19-08-1992,2.222222089767456,2.277777910232544,3015225,2.277777910232544,2.222222089767456,1.6695480346679688
20-08-1992,2.240741014480591,2.240741014480591,529875,2.277777910232544,2.240741014480591,1.6834626197814941
21-08-1992,2.240741014480591,2.240741014480591,607500,2.277777910232544,2.259258985519409,1.6973744630813599
24-08-1992,2.222222089767456,2.222222089767456,521775,2.259258985519409,2.259258985519409,1.6973744630813599
25-08-1992,2.240741014480591,2.240741014480591,218700,2.259258985519409,2.259258985519409,1.6973744630813599
26-08-1992,2.259258985519409,2.259258985519409,534600,2.277777910232544,2.277777910232544,1.711288332939148
27-08-1992,2.2962958812713623,2.2962958812713623,882225,2.314815044403076,2.2962958812713623,1.7251999378204346
28-08-1992,2.277777910232544,2.2962958812713623,59400,2.2962958812713623,2.2962958812713623,1.7251999378204346
31-08-1992,2.277777910232544,2.2962958812713623,342900,2.2962958812713623,2.2962958812713623,1.7251999378204346
01-09-1992,2.277777910232544,2.2962958812713623,91125,2.2962958812713623,2.2962958812713623,1.7251999378204346
02-09-1992,2.277777910232544,2.2962958812713623,234900,2.2962958812713623,2.2962958812713623,1.7251999378204346
03-09-1992,2.277777910232544,2.2962958812713623,199125,2.314815044403076,2.314815044403076,1.7391138076782227
04-09-1992,2.2962958812713623,2.314815044403076,201150,2.314815044403076,2.2962958812713623,1.7251999378204346
08-09-1992,2.222222089767456,2.2962958812713623,162675,2.2962958812713623,2.240741014480591,1.6834626197814941
09-09-1992,2.240741014480591,2.240741014480591,203850,2.259258985519409,2.240741014480591,1.6834626197814941
10-09-1992,2.222222089767456,2.222222089767456,386100,2.240741014480591,2.240741014480591,1.7025994062423706
11-09-1992,2.2037041187286377,2.259258985519409,334800,2.259258985519409,2.240741014480591,1.7025994062423706
14-09-1992,2.222222089767456,2.240741014480591,270000,2.259258985519409,2.259258985519409,1.716668963432312
15-09-1992,2.222222089767456,2.240741014480591,474525,2.259258985519409,2.222222089767456,1.6885268688201904
16-09-1992,2.222222089767456,2.222222089767456,111375,2.240741014480591,2.222222089767456,1.6885268688201904
17-09-1992,2.2037041187286377,2.222222089767456,1000350,2.222222089767456,2.2037041187286377,1.6744556427001953
18-09-1992,2.1666669845581055,2.1666669845581055,352350,2.2037041187286377,2.185184955596924,1.6603845357894897
21-09-1992,2.1666669845581055,2.1666669845581055,280800,2.185184955596924,2.1666669845581055,1.6463141441345215
22-09-1992,2.1666669845581055,2.1666669845581055,1233900,2.2037041187286377,2.185184955596924,1.6603845357894897
23-09-1992,2.185184955596924,2.2037041187286377,363150,2.2037041187286377,2.2037041187286377,1.6744556427001953
24-09-1992,2.185184955596924,2.2037041187286377,56700,2.2037041187286377,2.185184955596924,1.6603845357894897
25-09-1992,2.1666669845581055,2.185184955596924,378000,2.185184955596924,2.1666669845581055,1.6463141441345215
28-09-1992,2.1666669845581055,2.1666669845581055,389475,2.1666669845581055,2.1666669845581055,1.6463141441345215
29-09-1992,2.1666669845581055,2.1666669845581055,364500,2.2037041187286377,2.185184955596924,1.6603845357894897
30-09-1992,2.185184955596924,2.2037041187286377,340875,2.240741014480591,2.222222089767456,1.6885268688201904
01-10-1992,2.185184955596924,2.240741014480591,103950,2.240741014480591,2.185184955596924,1.6603845357894897
02-10-1992,2.1111109256744385,2.185184955596924,279450,2.185184955596924,2.1111109256744385,1.6041009426116943
05-10-1992,2.0740740299224854,2.09259295463562,423900,2.1111109256744385,2.0740740299224854,1.5759588479995728
06-10-1992,2.055556058883667,2.0740740299224854,731700,2.09259295463562,2.0740740299224854,1.5759588479995728
07-10-1992,2.0740740299224854,2.0740740299224854,87075,2.1296300888061523,2.1296300888061523,1.6181716918945312
08-10-1992,2.1111109256744385,2.1111109256744385,213975,2.1481480598449707,2.1296300888061523,1.6181716918945312
09-10-1992,2.1111109256744385,2.1296300888061523,700650,2.1481480598449707,2.1481480598449707,1.6322424411773682
12-10-1992,2.1296300888061523,2.1481480598449707,59400,2.1481480598449707,2.1481480598449707,1.6322424411773682
13-10-1992,2.1296300888061523,2.1296300888061523,279450,2.2037041187286377,2.185184955596924,1.6603845357894897
14-10-1992,2.1666669845581055,2.185184955596924,108675,2.2037041187286377,2.185184955596924,1.6603845357894897
15-10-1992,2.1666669845581055,2.1666669845581055,84375,2.185184955596924,2.185184955596924,1.6603845357894897
16-10-1992,2.1666669845581055,2.185184955596924,101925,2.2037041187286377,2.185184955596924,1.6603845357894897
19-10-1992,2.1481480598449707,2.1666669845581055,319275,2.1666669845581055,2.1666669845581055,1.6463141441345215
20-10-1992,2.1481480598449707,2.185184955596924,195750,2.185184955596924,2.185184955596924,1.6603845357894897
21-10-1992,2.1481480598449707,2.1666669845581055,338175,2.2037041187286377,2.1481480598449707,1.6322424411773682
22-10-1992,2.1111109256744385,2.1481480598449707,463725,2.1666669845581055,2.1481480598449707,1.6322424411773682
23-10-1992,2.1296300888061523,2.1481480598449707,436050,2.1666669845581055,2.1481480598449707,1.6322424411773682
26-10-1992,2.1666669845581055,2.1666669845581055,240975,2.240741014480591,2.222222089767456,1.6885268688201904
27-10-1992,2.2037041187286377,2.2037041187286377,139050,2.222222089767456,2.2037041187286377,1.6744556427001953
28-10-1992,2.2037041187286377,2.2037041187286377,126225,2.240741014480591,2.240741014480591,1.7025994062423706
29-10-1992,2.1481480598449707,2.222222089767456,277425,2.240741014480591,2.1666669845581055,1.6463141441345215
30-10-1992,2.1481480598449707,2.1481480598449707,405675,2.222222089767456,2.222222089767456,1.6885268688201904
02-11-1992,2.185184955596924,2.185184955596924,253125,2.240741014480591,2.240741014480591,1.7025994062423706
03-11-1992,2.185184955596924,2.222222089767456,213300,2.222222089767456,2.2037041187286377,1.6744556427001953
04-11-1992,2.185184955596924,2.2037041187286377,145125,2.222222089767456,2.222222089767456,1.6885268688201904
05-11-1992,2.2037041187286377,2.2037041187286377,174825,2.259258985519409,2.259258985519409,1.716668963432312
06-11-1992,2.240741014480591,2.259258985519409,172125,2.277777910232544,2.277777910232544,1.730741262435913
09-11-1992,2.259258985519409,2.277777910232544,182250,2.277777910232544,2.277777910232544,1.730741262435913
10-11-1992,2.240741014480591,2.2962958812713623,399600,2.2962958812713623,2.259258985519409,1.716668963432312
11-11-1992,2.240741014480591,2.240741014480591,394875,2.2962958812713623,2.2962958812713623,1.7448114156723022
12-11-1992,2.277777910232544,2.277777910232544,368550,2.3703699111938477,2.3703699111938477,1.8010956048965454
13-11-1992,2.3518519401550293,2.3703699111938477,258525,2.3888890743255615,2.3888890743255615,1.815166711807251
16-11-1992,2.3518519401550293,2.3703699111938477,977400,2.3703699111938477,2.3703699111938477,1.8010956048965454
17-11-1992,2.277777910232544,2.3703699111938477,600075,2.3703699111938477,2.314815044403076,1.7588831186294556
18-11-1992,2.314815044403076,2.314815044403076,475200,2.3333330154418945,2.3333330154418945,1.7729536294937134
19-11-1992,2.2962958812713623,2.3333330154418945,278100,2.3333330154418945,2.314815044403076,1.7588831186294556
20-11-1992,2.2962958812713623,2.314815044403076,228150,2.314815044403076,2.314815044403076,1.7588831186294556
23-11-1992,2.259258985519409,2.314815044403076,205875,2.314815044403076,2.259258985519409,1.716668963432312
24-11-1992,2.259258985519409,2.259258985519409,272700,2.314815044403076,2.314815044403076,1.7588831186294556
25-11-1992,2.277777910232544,2.2962958812713623,197100,2.3333330154418945,2.3333330154418945,1.7729536294937134
27-11-1992,2.314815044403076,2.314815044403076,151875,2.3703699111938477,2.3703699111938477,1.8010956048965454
30-11-1992,2.3703699111938477,2.3703699111938477,467775,2.40740704536438,2.3888890743255615,1.815166711807251
01-12-1992,2.3703699111938477,2.3888890743255615,334125,2.40740704536438,2.3888890743255615,1.815166711807251
02-12-1992,2.3703699111938477,2.40740704536438,240975,2.40740704536438,2.40740704536438,1.8292378187179565
03-12-1992,2.3518519401550293,2.3703699111938477,110700,2.3703699111938477,2.3703699111938477,1.8201369047164917
04-12-1992,2.3518519401550293,2.3888890743255615,392850,2.3888890743255615,2.3703699111938477,1.8201369047164917
07-12-1992,2.3518519401550293,2.3703699111938477,245025,2.3888890743255615,2.3888890743255615,1.834356427192688
08-12-1992,2.3703699111938477,2.3888890743255615,332775,2.3888890743255615,2.3888890743255615,1.834356427192688
09-12-1992,2.3703699111938477,2.3888890743255615,562950,2.40740704536438,2.3703699111938477,1.8201369047164917
10-12-1992,2.3888890743255615,2.40740704536438,301050,2.40740704536438,2.3888890743255615,1.834356427192688
11-12-1992,2.3888890743255615,2.40740704536438,245700,2.40740704536438,2.40740704536438,1.8485770225524902
14-12-1992,2.3888890743255615,2.4259259700775146,203175,2.4259259700775146,2.3888890743255615,1.834356427192688
15-12-1992,2.3518519401550293,2.3888890743255615,192375,2.3888890743255615,2.3703699111938477,1.8201369047164917
16-12-1992,2.2962958812713623,2.3703699111938477,319950,2.3703699111938477,2.314815044403076,1.7774782180786133
17-12-1992,2.3333330154418945,2.3518519401550293,160650,2.3703699111938477,2.3703699111938477,1.8201369047164917
18-12-1992,2.3703699111938477,2.3888890743255615,274725,2.3888890743255615,2.3888890743255615,1.834356427192688
21-12-1992,2.3703699111938477,2.3888890743255615,384750,2.40740704536438,2.40740704536438,1.8485770225524902
22-12-1992,2.3703699111938477,2.3888890743255615,207225,2.40740704536438,2.40740704536438,1.8485770225524902
23-12-1992,2.3888890743255615,2.40740704536438,456975,2.4259259700775146,2.4259259700775146,1.862795352935791
24-12-1992,2.40740704536438,2.4259259700775146,43875,2.4259259700775146,2.4259259700775146,1.862795352935791
28-12-1992,2.3888890743255615,2.40740704536438,92475,2.40740704536438,2.40740704536438,1.8485770225524902
29-12-1992,2.3703699111938477,2.40740704536438,341550,2.40740704536438,2.3703699111938477,1.8201369047164917
30-12-1992,2.3888890743255615,2.3888890743255615,98550,2.40740704536438,2.3888890743255615,1.834356427192688
31-12-1992,2.3703699111938477,2.3888890743255615,117450,2.40740704536438,2.40740704536438,1.8485770225524902
04-01-1993,2.3888890743255615,2.3888890743255615,263925,2.4259259700775146,2.40740704536438,1.8485770225524902
05-01-1993,2.3703699111938477,2.3888890743255615,526500,2.4259259700775146,2.40740704536438,1.8485770225524902
06-01-1993,2.3888890743255615,2.40740704536438,696600,2.462963104248047,2.444443941116333,1.8770155906677246
07-01-1993,2.4259259700775146,2.444443941116333,309825,2.5,2.462963104248047,1.891236424446106
08-01-1993,2.40740704536438,2.444443941116333,388125,2.444443941116333,2.4259259700775146,1.862795352935791
11-01-1993,2.40740704536438,2.4259259700775146,413775,2.444443941116333,2.444443941116333,1.8770155906677246
12-01-1993,2.444443941116333,2.462963104248047,3688200,2.5,2.5,1.9196754693984985
13-01-1993,2.462963104248047,2.4814810752868652,438075,2.537036895751953,2.4814810752868652,1.9054559469223022
14-01-1993,2.444443941116333,2.5,999000,2.5,2.5,1.9196754693984985
15-01-1993,2.5,2.5,686475,2.5185189247131348,2.5185189247131348,1.9338955879211426
18-01-1993,2.5185189247131348,2.5185189247131348,240975,2.537036895751953,2.5185189247131348,1.9338955879211426
19-01-1993,2.5185189247131348,2.5185189247131348,106650,2.537036895751953,2.537036895751953,1.948114275932312
20-01-1993,2.5,2.5185189247131348,93150,2.5185189247131348,2.5,1.9196754693984985
21-01-1993,2.4814810752868652,2.5185189247131348,240975,2.5185189247131348,2.5,1.9196754693984985
22-01-1993,2.4814810752868652,2.4814810752868652,83700,2.5,2.5,1.9196754693984985
25-01-1993,2.4814810752868652,2.5,137025,2.5,2.5,1.9196754693984985
26-01-1993,2.462963104248047,2.5,296325,2.5,2.462963104248047,1.891236424446106
27-01-1993,2.40740704536438,2.444443941116333,144450,2.462963104248047,2.40740704536438,1.8485770225524902
28-01-1993,2.3703699111938477,2.4259259700775146,350325,2.4259259700775146,2.3888890743255615,1.834356427192688
29-01-1993,2.3518519401550293,2.3703699111938477,253800,2.4259259700775146,2.40740704536438,1.8485770225524902
01-02-1993,2.40740704536438,2.4259259700775146,270675,2.4259259700775146,2.40740704536438,1.8485770225524902
02-02-1993,2.40740704536438,2.4259259700775146,214650,2.4259259700775146,2.40740704536438,1.8485770225524902
03-02-1993,2.40740704536438,2.4259259700775146,471825,2.444443941116333,2.40740704536438,1.8485770225524902
04-02-1993,2.40740704536438,2.4259259700775146,2450925,2.5,2.40740704536438,1.8485770225524902
05-02-1993,2.3703699111938477,2.4259259700775146,569700,2.4259259700775146,2.3888890743255615,1.834356427192688
08-02-1993,2.3333330154418945,2.3703699111938477,511650,2.3888890743255615,2.3703699111938477,1.8201369047164917
09-02-1993,2.3518519401550293,2.3518519401550293,351000,2.444443941116333,2.4259259700775146,1.862795352935791
10-02-1993,2.40740704536438,2.4259259700775146,152550,2.462963104248047,2.4259259700775146,1.862795352935791
11-02-1993,2.40740704536438,2.4259259700775146,490050,2.462963104248047,2.444443941116333,1.8770155906677246
12-02-1993,2.3703699111938477,2.40740704536438,280800,2.40740704536438,2.3703699111938477,1.8201369047164917
16-02-1993,2.3518519401550293,2.3703699111938477,425250,2.3703699111938477,2.3518519401550293,1.805917739868164
17-02-1993,2.3333330154418945,2.3518519401550293,162675,2.3703699111938477,2.3518519401550293,1.805917739868164
18-02-1993,2.314815044403076,2.3703699111938477,1016550,2.3888890743255615,2.314815044403076,1.7774782180786133
19-02-1993,2.314815044403076,2.3333330154418945,475200,2.3703699111938477,2.3703699111938477,1.8201369047164917
22-02-1993,2.3703699111938477,2.3703699111938477,315900,2.4259259700775146,2.4259259700775146,1.862795352935791
23-02-1993,2.40740704536438,2.4259259700775146,262575,2.444443941116333,2.444443941116333,1.8770155906677246
24-02-1993,2.240741014480591,2.3333330154418945,817425,2.3333330154418945,2.259258985519409,1.7348175048828125
25-02-1993,2.1666669845581055,2.240741014480591,797175,2.240741014480591,2.2037041187286377,1.6921583414077759
26-02-1993,2.185184955596924,2.222222089767456,331425,2.240741014480591,2.2037041187286377,1.6921583414077759
01-03-1993,2.1481480598449707,2.2037041187286377,582525,2.222222089767456,2.185184955596924,1.6779381036758423
02-03-1993,2.1111109256744385,2.185184955596924,761400,2.185184955596924,2.1111109256744385,1.6210596561431885
03-03-1993,2.1481480598449707,2.1666669845581055,715500,2.185184955596924,2.1481480598449707,1.6494989395141602
04-03-1993,2.1481480598449707,2.1666669845581055,1109700,2.1666669845581055,2.1481480598449707,1.6494989395141602
05-03-1993,2.1481480598449707,2.1666669845581055,255825,2.2037041187286377,2.1481480598449707,1.6494989395141602
08-03-1993,2.1296300888061523,2.1481480598449707,1424250,2.1666669845581055,2.1296300888061523,1.6352792978286743
09-03-1993,2.1296300888061523,2.1481480598449707,476550,2.185184955596924,2.1481480598449707,1.6494989395141602
10-03-1993,2.1666669845581055,2.1666669845581055,378000,2.2962958812713623,2.2962958812713623,1.763257622718811
11-03-1993,2.2037041187286377,2.277777910232544,470475,2.277777910232544,2.240741014480591,1.739679217338562
12-03-1993,2.185184955596924,2.240741014480591,612900,2.240741014480591,2.2037041187286377,1.710923194885254
15-03-1993,2.222222089767456,2.222222089767456,2282175,2.259258985519409,2.240741014480591,1.739679217338562
16-03-1993,2.259258985519409,2.259258985519409,1085400,2.2962958812713623,2.277777910232544,1.768433928489685
17-03-1993,2.259258985519409,2.277777910232544,371925,2.2962958812713623,2.2962958812713623,1.7828105688095093
18-03-1993,2.314815044403076,2.314815044403076,747225,2.3888890743255615,2.3888890743255615,1.8546981811523438
19-03-1993,2.3333330154418945,2.3888890743255615,396225,2.3888890743255615,2.3518519401550293,1.8259432315826416
22-03-1993,2.2962958812713623,2.3333330154418945,636525,2.3703699111938477,2.3703699111938477,1.8403207063674927
23-03-1993,2.3888890743255615,2.3888890743255615,822825,2.444443941116333,2.444443941116333,1.897830843925476
24-03-1993,2.444443941116333,2.444443941116333,966600,2.537036895751953,2.5185189247131348,1.9553416967391968
25-03-1993,2.5185189247131348,2.5185189247131348,1429650,2.537036895751953,2.537036895751953,1.9697176218032837
26-03-1993,2.5,2.537036895751953,858600,2.537036895751953,2.5,1.9409633874893188
29-03-1993,2.5,2.5,881550,2.5740740299224854,2.5740740299224854,1.998473882675171
30-03-1993,2.5740740299224854,2.5740740299224854,578475,2.59259295463562,2.59259295463562,2.012850761413574
31-03-1993,2.555556058883667,2.5740740299224854,353700,2.59259295463562,2.59259295463562,2.012850761413574
01-04-1993,2.537036895751953,2.59259295463562,2795175,2.59259295463562,2.555556058883667,1.9840974807739258
02-04-1993,2.444443941116333,2.5185189247131348,390825,2.5185189247131348,2.444443941116333,1.897830843925476
05-04-1993,2.4259259700775146,2.444443941116333,236925,2.4814810752868652,2.462963104248047,1.9122090339660645
06-04-1993,2.444443941116333,2.462963104248047,47250,2.462963104248047,2.462963104248047,1.9122090339660645
07-04-1993,2.40740704536438,2.462963104248047,1500525,2.4814810752868652,2.40740704536438,1.8690756559371948
08-04-1993,2.259258985519409,2.40740704536438,1132650,2.40740704536438,2.259258985519409,1.7540556192398071
12-04-1993,2.240741014480591,2.259258985519409,1168425,2.3888890743255615,2.3888890743255615,1.8546981811523438
13-04-1993,2.3333330154418945,2.3703699111938477,884250,2.3703699111938477,2.3333330154418945,1.8115652799606323
14-04-1993,2.3333330154418945,2.3518519401550293,620325,2.3703699111938477,2.3333330154418945,1.8115652799606323
15-04-1993,2.2962958812713623,2.314815044403076,251100,2.314815044403076,2.314815044403076,1.7971893548965454
16-04-1993,2.277777910232544,2.2962958812713623,701325,2.3333330154418945,2.3333330154418945,1.8115652799606323
19-04-1993,2.2962958812713623,2.2962958812713623,569700,2.3888890743255615,2.3703699111938477,1.8403207063674927
20-04-1993,2.3518519401550293,2.3888890743255615,701325,2.3888890743255615,2.3518519401550293,1.8259432315826416
21-04-1993,2.3333330154418945,2.3518519401550293,482625,2.3888890743255615,2.3888890743255615,1.8546981811523438
22-04-1993,2.3518519401550293,2.3703699111938477,116100,2.3888890743255615,2.3888890743255615,1.8546981811523438
23-04-1993,2.3518519401550293,2.3703699111938477,174825,2.3888890743255615,2.3703699111938477,1.8403207063674927
26-04-1993,2.277777910232544,2.3703699111938477,195750,2.3703699111938477,2.277777910232544,1.768433928489685
27-04-1993,2.240741014480591,2.259258985519409,1434375,2.2962958812713623,2.277777910232544,1.768433928489685
28-04-1993,2.240741014480591,2.277777910232544,1113750,2.277777910232544,2.240741014480591,1.739679217338562
29-04-1993,2.185184955596924,2.240741014480591,210600,2.240741014480591,2.2037041187286377,1.710923194885254
30-04-1993,2.2037041187286377,2.222222089767456,621000,2.259258985519409,2.259258985519409,1.7540556192398071
03-05-1993,2.185184955596924,2.240741014480591,290925,2.259258985519409,2.185184955596924,1.6965453624725342
04-05-1993,2.185184955596924,2.185184955596924,461025,2.240741014480591,2.222222089767456,1.7253001928329468
05-05-1993,2.2037041187286377,2.2037041187286377,101925,2.222222089767456,2.222222089767456,1.7253001928329468
06-05-1993,2.2037041187286377,2.2037041187286377,65475,2.222222089767456,2.2037041187286377,1.710923194885254
07-05-1993,2.2037041187286377,2.222222089767456,174825,2.240741014480591,2.240741014480591,1.739679217338562
10-05-1993,2.222222089767456,2.240741014480591,338850,2.2962958812713623,2.277777910232544,1.768433928489685
11-05-1993,2.259258985519409,2.259258985519409,376650,2.2962958812713623,2.277777910232544,1.768433928489685
12-05-1993,2.277777910232544,2.277777910232544,250425,2.2962958812713623,2.2962958812713623,1.7828105688095093
13-05-1993,2.277777910232544,2.2962958812713623,242325,2.3333330154418945,2.3333330154418945,1.8115652799606323
14-05-1993,2.277777910232544,2.314815044403076,172125,2.314815044403076,2.277777910232544,1.768433928489685
17-05-1993,2.259258985519409,2.277777910232544,157950,2.277777910232544,2.259258985519409,1.7540556192398071
18-05-1993,2.259258985519409,2.259258985519409,79650,2.277777910232544,2.277777910232544,1.768433928489685
19-05-1993,2.259258985519409,2.277777910232544,254475,2.277777910232544,2.259258985519409,1.7540556192398071
20-05-1993,2.240741014480591,2.259258985519409,255150,2.277777910232544,2.240741014480591,1.739679217338562
21-05-1993,2.222222089767456,2.259258985519409,187650,2.259258985519409,2.240741014480591,1.739679217338562
24-05-1993,2.222222089767456,2.222222089767456,243675,2.277777910232544,2.259258985519409,1.7540556192398071
25-05-1993,2.240741014480591,2.240741014480591,113400,2.259258985519409,2.259258985519409,1.7540556192398071
26-05-1993,2.240741014480591,2.259258985519409,148500,2.259258985519409,2.259258985519409,1.7540556192398071
27-05-1993,2.222222089767456,2.240741014480591,179550,2.259258985519409,2.240741014480591,1.739679217338562
28-05-1993,2.240741014480591,2.240741014480591,209925,2.259258985519409,2.259258985519409,1.7540556192398071
01-06-1993,2.222222089767456,2.277777910232544,298350,2.277777910232544,2.222222089767456,1.7253001928329468
02-06-1993,2.185184955596924,2.222222089767456,295650,2.222222089767456,2.185184955596924,1.6965453624725342
03-06-1993,2.1666669845581055,2.185184955596924,626400,2.222222089767456,2.2037041187286377,1.710923194885254
04-06-1993,2.1666669845581055,2.185184955596924,479250,2.185184955596924,2.185184955596924,1.6965453624725342
07-06-1993,2.185184955596924,2.2037041187286377,211275,2.2037041187286377,2.2037041187286377,1.710923194885254
08-06-1993,2.1666669845581055,2.185184955596924,240300,2.185184955596924,2.1666669845581055,1.6821690797805786
09-06-1993,2.185184955596924,2.185184955596924,140400,2.2037041187286377,2.185184955596924,1.6965453624725342
10-06-1993,2.1481480598449707,2.1666669845581055,159975,2.185184955596924,2.185184955596924,1.7163273096084595
11-06-1993,2.1666669845581055,2.185184955596924,218025,2.2037041187286377,2.185184955596924,1.7163273096084595
14-06-1993,2.1666669845581055,2.2037041187286377,152550,2.2037041187286377,2.185184955596924,1.7163273096084595
15-06-1993,1.944443941116333,2.037036895751953,1753650,2.037036895751953,1.944443941116333,1.5272397994995117
16-06-1993,1.9259259700775146,1.944443941116333,2254500,1.9629629850387573,1.944443941116333,1.5272397994995117
17-06-1993,1.9074070453643799,1.944443941116333,10154025,1.944443941116333,1.9259259700775146,1.512695074081421
18-06-1993,1.9259259700775146,1.9259259700775146,1056375,1.9629629850387573,1.9259259700775146,1.512695074081421
21-06-1993,1.944443941116333,1.944443941116333,544725,1.9629629850387573,1.944443941116333,1.5272397994995117
22-06-1993,1.9259259700775146,1.944443941116333,522450,1.9629629850387573,1.9259259700775146,1.512695074081421
23-06-1993,1.9259259700775146,1.944443941116333,209925,1.9814809560775757,1.944443941116333,1.5272397994995117
24-06-1993,1.9259259700775146,1.944443941116333,496800,1.9629629850387573,1.9259259700775146,1.512695074081421
25-06-1993,1.9259259700775146,1.944443941116333,361800,1.944443941116333,1.944443941116333,1.5272397994995117
28-06-1993,1.944443941116333,1.944443941116333,174150,1.9814809560775757,1.9814809560775757,1.5563302040100098
29-06-1993,1.9629629850387573,1.9814809560775757,576450,2.0185189247131348,1.9814809560775757,1.5563302040100098
30-06-1993,1.9814809560775757,1.9814809560775757,292275,2.0185189247131348,2.0,1.570876121520996
01-07-1993,1.9814809560775757,2.0185189247131348,264600,2.037036895751953,2.0,1.570876121520996
02-07-1993,1.9814809560775757,2.0,199800,2.037036895751953,2.037036895751953,1.5999656915664673
06-07-1993,1.9629629850387573,2.037036895751953,251100,2.037036895751953,1.9814809560775757,1.5563302040100098
07-07-1993,1.9814809560775757,1.9814809560775757,153900,2.0185189247131348,2.0185189247131348,1.585420846939087
08-07-1993,1.9814809560775757,2.0185189247131348,122175,2.0185189247131348,2.0,1.570876121520996
09-07-1993,1.8703700304031372,2.0,2257875,2.0,2.0,1.570876121520996
12-07-1993,1.9814809560775757,2.0,97200,2.0,2.0,1.570876121520996
13-07-1993,1.9629629850387573,1.9814809560775757,712125,2.0185189247131348,2.0,1.570876121520996
14-07-1993,2.0,2.0,715500,2.0185189247131348,2.0185189247131348,1.585420846939087
15-07-1993,1.9814809560775757,2.0185189247131348,286875,2.0185189247131348,1.9814809560775757,1.5563302040100098
16-07-1993,1.9814809560775757,2.0,483975,2.0185189247131348,2.0185189247131348,1.585420846939087
19-07-1993,1.9629629850387573,2.0185189247131348,207225,2.0185189247131348,1.9814809560775757,1.5563302040100098
20-07-1993,1.9629629850387573,1.9814809560775757,157275,1.9814809560775757,1.9629629850387573,1.5417860746383667
21-07-1993,1.9259259700775146,1.9629629850387573,573075,1.9629629850387573,1.944443941116333,1.5272397994995117
22-07-1993,1.944443941116333,1.944443941116333,895725,1.9814809560775757,1.944443941116333,1.5272397994995117
23-07-1993,1.944443941116333,1.9629629850387573,215325,2.0,1.944443941116333,1.5272397994995117
26-07-1993,1.944443941116333,1.9629629850387573,723600,2.0185189247131348,2.0185189247131348,1.585420846939087
27-07-1993,1.9814809560775757,2.0,1659150,2.0185189247131348,2.0,1.570876121520996
28-07-1993,2.0,2.0,371925,2.0185189247131348,2.0,1.570876121520996
29-07-1993,2.0,2.0185189247131348,478575,2.055556058883667,2.055556058883667,1.6145116090774536
30-07-1993,2.0185189247131348,2.037036895751953,454275,2.055556058883667,2.0185189247131348,1.585420846939087
02-08-1993,1.9629629850387573,2.0185189247131348,391500,2.0185189247131348,2.0185189247131348,1.585420846939087
03-08-1993,2.0,2.037036895751953,282150,2.037036895751953,2.0185189247131348,1.585420846939087
04-08-1993,2.0,2.0185189247131348,413100,2.037036895751953,2.037036895751953,1.5999656915664673
05-08-1993,2.0,2.0185189247131348,469125,2.0185189247131348,2.0185189247131348,1.585420846939087
06-08-1993,2.0185189247131348,2.0185189247131348,751950,2.037036895751953,2.0185189247131348,1.585420846939087
09-08-1993,2.0,2.0185189247131348,1665900,2.037036895751953,2.0185189247131348,1.585420846939087
10-08-1993,1.9814809560775757,2.0185189247131348,284175,2.0185189247131348,2.0,1.570876121520996
11-08-1993,1.9814809560775757,2.0,1382400,2.0185189247131348,2.0185189247131348,1.585420846939087
12-08-1993,2.0,2.0185189247131348,679050,2.037036895751953,2.037036895751953,1.5999656915664673
13-08-1993,2.0,2.0185189247131348,182925,2.0185189247131348,2.0185189247131348,1.585420846939087
16-08-1993,1.9814809560775757,2.0,167400,2.0,1.9814809560775757,1.5563302040100098
17-08-1993,1.9814809560775757,1.9814809560775757,1175175,2.0185189247131348,2.0,1.570876121520996
18-08-1993,1.9814809560775757,2.0,1329075,2.0185189247131348,2.0,1.570876121520996
19-08-1993,2.0,2.0,265275,2.0185189247131348,2.0185189247131348,1.585420846939087
20-08-1993,1.9814809560775757,2.0,522450,2.0185189247131348,2.0,1.570876121520996
23-08-1993,1.9629629850387573,1.9814809560775757,287550,2.0,2.0,1.570876121520996
24-08-1993,1.9814809560775757,1.9814809560775757,252450,2.0185189247131348,2.0,1.570876121520996
25-08-1993,2.0,2.0,957825,2.037036895751953,2.037036895751953,1.5999656915664673
26-08-1993,2.0185189247131348,2.0185189247131348,220725,2.0185189247131348,2.0185189247131348,1.585420846939087
27-08-1993,1.9814809560775757,2.0,124875,2.0185189247131348,2.0,1.570876121520996
30-08-1993,2.0,2.0,272700,2.055556058883667,2.037036895751953,1.5999656915664673
31-08-1993,2.037036895751953,2.055556058883667,168075,2.055556058883667,2.055556058883667,1.6145116090774536
01-09-1993,2.0185189247131348,2.037036895751953,557550,2.055556058883667,2.0185189247131348,1.585420846939087
02-09-1993,2.0,2.0185189247131348,157275,2.0185189247131348,2.0,1.570876121520996
03-09-1993,1.9814809560775757,1.9814809560775757,128925,2.0185189247131348,2.0,1.570876121520996
07-09-1993,2.0,2.0,317925,2.0185189247131348,2.0185189247131348,1.585420846939087
08-09-1993,2.0,2.0185189247131348,305100,2.0185189247131348,2.0185189247131348,1.585420846939087
09-09-1993,2.0,2.0,510300,2.0185189247131348,2.0185189247131348,1.585420846939087
10-09-1993,2.0,2.0,260550,2.0,2.0,1.5907236337661743
13-09-1993,2.0185189247131348,2.0185189247131348,498150,2.09259295463562,2.055556058883667,1.6349105834960938
14-09-1993,2.0185189247131348,2.055556058883667,68850,2.055556058883667,2.037036895751953,1.6201808452606201
15-09-1993,2.0,2.0185189247131348,218025,2.055556058883667,2.055556058883667,1.6349105834960938
16-09-1993,2.0185189247131348,2.037036895751953,12960675,2.055556058883667,2.037036895751953,1.6201808452606201
17-09-1993,2.0,2.0,190350,2.0185189247131348,2.0,1.5907236337661743
20-09-1993,1.9814809560775757,2.0,821475,2.0185189247131348,1.9814809560775757,1.5759937763214111
21-09-1993,1.9629629850387573,1.9814809560775757,595350,2.0,2.0,1.5907236337661743
22-09-1993,1.9814809560775757,1.9814809560775757,232200,2.0185189247131348,1.9814809560775757,1.5759937763214111
23-09-1993,1.9814809560775757,1.9814809560775757,199125,2.0185189247131348,2.0,1.5907236337661743
24-09-1993,2.0,2.0,105975,2.0185189247131348,2.0,1.5907236337661743
27-09-1993,2.0,2.0185189247131348,726975,2.0185189247131348,2.0,1.5907236337661743
28-09-1993,2.0,2.0,115425,2.0185189247131348,2.0,1.5907236337661743
29-09-1993,2.0,2.0,224100,2.0185189247131348,2.0185189247131348,1.605452537536621
30-09-1993,2.0185189247131348,2.0185189247131348,417150,2.037036895751953,2.0185189247131348,1.605452537536621
01-10-1993,2.0,2.037036895751953,269325,2.037036895751953,2.037036895751953,1.6201808452606201
04-10-1993,2.037036895751953,2.037036895751953,203175,2.055556058883667,2.055556058883667,1.6349105834960938
05-10-1993,2.055556058883667,2.055556058883667,243675,2.09259295463562,2.09259295463562,1.6643680334091187
06-10-1993,2.0740740299224854,2.0740740299224854,681075,2.09259295463562,2.09259295463562,1.6643680334091187
07-10-1993,2.055556058883667,2.0740740299224854,48600,2.0740740299224854,2.055556058883667,1.6349105834960938
08-10-1993,2.037036895751953,2.0740740299224854,91125,2.0740740299224854,2.055556058883667,1.6349105834960938
11-10-1993,2.037036895751953,2.055556058883667,122850,2.0740740299224854,2.0740740299224854,1.649639368057251
12-10-1993,2.0185189247131348,2.055556058883667,702675,2.0740740299224854,2.0185189247131348,1.605452537536621
13-10-1993,2.0185189247131348,2.0185189247131348,157275,2.037036895751953,2.0185189247131348,1.605452537536621
14-10-1993,2.0185189247131348,2.037036895751953,267975,2.037036895751953,2.0185189247131348,1.605452537536621
15-10-1993,2.0185189247131348,2.037036895751953,255150,2.055556058883667,2.0185189247131348,1.605452537536621
18-10-1993,2.0185189247131348,2.037036895751953,235575,2.0740740299224854,2.0740740299224854,1.649639368057251
19-10-1993,2.055556058883667,2.055556058883667,72900,2.0740740299224854,2.0740740299224854,1.649639368057251
20-10-1993,2.055556058883667,2.0740740299224854,81675,2.0740740299224854,2.0740740299224854,1.649639368057251
21-10-1993,1.9259259700775146,2.055556058883667,2920725,2.055556058883667,1.9629629850387573,1.5612655878067017
22-10-1993,1.9259259700775146,1.9629629850387573,445500,1.9629629850387573,1.9629629850387573,1.5612655878067017
25-10-1993,1.9814809560775757,1.9814809560775757,640575,2.0,2.0,1.5907236337661743
26-10-1993,1.9814809560775757,2.0,436725,2.0,2.0,1.5907236337661743
27-10-1993,1.9814809560775757,1.9814809560775757,105975,2.0,2.0,1.5907236337661743
28-10-1993,1.9814809560775757,2.0,209250,2.0,1.9814809560775757,1.5759937763214111
29-10-1993,1.9814809560775757,1.9814809560775757,492075,2.037036895751953,2.037036895751953,1.6201808452606201
01-11-1993,1.9814809560775757,2.037036895751953,832275,2.037036895751953,2.037036895751953,1.6201808452606201
02-11-1993,2.0,2.037036895751953,81000,2.037036895751953,2.0185189247131348,1.605452537536621
03-11-1993,2.0,2.0185189247131348,171450,2.0185189247131348,2.0,1.5907236337661743
04-11-1993,1.9814809560775757,2.0,523800,2.0185189247131348,1.9814809560775757,1.5759937763214111
05-11-1993,1.944443941116333,1.9629629850387573,294975,1.9814809560775757,1.9629629850387573,1.5612655878067017
08-11-1993,1.9629629850387573,1.9814809560775757,169425,1.9814809560775757,1.9814809560775757,1.5759937763214111
09-11-1993,1.944443941116333,1.9814809560775757,282150,1.9814809560775757,1.9629629850387573,1.5612655878067017
10-11-1993,1.944443941116333,1.944443941116333,571725,1.9814809560775757,1.9814809560775757,1.5759937763214111
11-11-1993,1.9629629850387573,1.9814809560775757,606825,1.9814809560775757,1.9629629850387573,1.5612655878067017
12-11-1993,1.944443941116333,1.9629629850387573,421200,1.9814809560775757,1.9629629850387573,1.5612655878067017
15-11-1993,1.9259259700775146,1.9814809560775757,139725,1.9814809560775757,1.9259259700775146,1.53180730342865
16-11-1993,1.9259259700775146,1.944443941116333,386775,1.944443941116333,1.9259259700775146,1.53180730342865
17-11-1993,1.9259259700775146,1.9259259700775146,305100,1.9629629850387573,1.9629629850387573,1.5612655878067017
18-11-1993,1.7037039995193481,1.9074070453643799,6517800,1.9074070453643799,1.7037039995193481,1.3550602197647095
19-11-1993,1.6296299695968628,1.7037039995193481,4878225,1.7037039995193481,1.6481479406356812,1.3108737468719482
22-11-1993,1.5740740299224854,1.6296299695968628,3100950,1.6296299695968628,1.611111044883728,1.2814154624938965
23-11-1993,1.611111044883728,1.611111044883728,1131975,1.6851849555969238,1.6296299695968628,1.2961450815200806
24-11-1993,1.6481479406356812,1.6481479406356812,3209625,1.6851849555969238,1.6666669845581055,1.325602650642395
26-11-1993,1.6666669845581055,1.6666669845581055,306450,1.6666669845581055,1.6666669845581055,1.325602650642395
29-11-1993,1.6851849555969238,1.6851849555969238,1120500,1.7407410144805908,1.7407410144805908,1.3845192193984985
30-11-1993,1.7222219705581665,1.7407410144805908,3541050,1.8518520593643188,1.8518520593643188,1.4728920459747314
01-12-1993,1.7592589855194092,1.8333330154418945,287550,1.8333330154418945,1.7592589855194092,1.3992469310760498
02-12-1993,1.7222219705581665,1.7592589855194092,408375,1.7592589855194092,1.7407410144805908,1.3845192193984985
03-12-1993,1.7222219705581665,1.7407410144805908,1678050,1.7407410144805908,1.7407410144805908,1.3845192193984985
06-12-1993,1.7222219705581665,1.7222219705581665,642600,1.7222219705581665,1.7222219705581665,1.3768199682235718
07-12-1993,1.7037039995193481,1.7222219705581665,380700,1.7407410144805908,1.7222219705581665,1.3768199682235718
08-12-1993,1.7407410144805908,1.7407410144805908,1404000,1.7777780294418335,1.7777780294418335,1.4212337732315063
09-12-1993,1.7777780294418335,1.7777780294418335,2397600,1.7962960004806519,1.7962960004806519,1.4360374212265015
10-12-1993,1.7777780294418335,1.7777780294418335,618975,1.7777780294418335,1.7777780294418335,1.4212337732315063
13-12-1993,1.7777780294418335,1.7777780294418335,739125,1.8148150444030762,1.8148150444030762,1.4508424997329712
14-12-1993,1.7962960004806519,1.7962960004806519,641925,1.8148150444030762,1.7962960004806519,1.4360374212265015
15-12-1993,1.7962960004806519,1.8148150444030762,597375,1.8148150444030762,1.8148150444030762,1.4508424997329712
16-12-1993,1.8148150444030762,1.8148150444030762,3235275,1.8518520593643188,1.8518520593643188,1.4804526567459106
17-12-1993,1.8518520593643188,1.8518520593643188,2284875,1.9259259700775146,1.888888955116272,1.5100606679916382
20-12-1993,1.8703700304031372,1.8703700304031372,6124275,1.888888955116272,1.8703700304031372,1.495255947113037
21-12-1993,1.8518520593643188,1.8518520593643188,692550,1.888888955116272,1.888888955116272,1.5100606679916382
22-12-1993,1.888888955116272,1.888888955116272,1374975,1.9074070453643799,1.888888955116272,1.5100606679916382
23-12-1993,1.888888955116272,1.888888955116272,468450,1.9074070453643799,1.888888955116272,1.5100606679916382
27-12-1993,1.8703700304031372,1.9074070453643799,420525,1.9074070453643799,1.8703700304031372,1.495255947113037
28-12-1993,1.8518520593643188,1.8518520593643188,314550,1.8703700304031372,1.8518520593643188,1.4804526567459106
29-12-1993,1.8518520593643188,1.8518520593643188,558225,1.888888955116272,1.8703700304031372,1.495255947113037
30-12-1993,1.8518520593643188,1.8518520593643188,394200,1.888888955116272,1.888888955116272,1.5100606679916382
31-12-1993,1.888888955116272,1.888888955116272,6363225,1.9259259700775146,1.888888955116272,1.5100606679916382
03-01-1994,1.8703700304031372,1.8703700304031372,1483650,1.9259259700775146,1.888888955116272,1.5100606679916382
04-01-1994,1.888888955116272,1.888888955116272,293625,1.9074070453643799,1.9074070453643799,1.5248651504516602
05-01-1994,1.888888955116272,1.888888955116272,1485000,1.9074070453643799,1.9074070453643799,1.5248651504516602
06-01-1994,1.888888955116272,1.9074070453643799,949725,1.9074070453643799,1.888888955116272,1.5100606679916382
07-01-1994,1.888888955116272,1.9074070453643799,73575,1.9074070453643799,1.888888955116272,1.5100606679916382
10-01-1994,1.888888955116272,1.888888955116272,1019925,1.9074070453643799,1.9074070453643799,1.5248651504516602
11-01-1994,1.888888955116272,1.888888955116272,1439100,1.9074070453643799,1.888888955116272,1.5100606679916382
12-01-1994,1.888888955116272,1.888888955116272,1934550,1.9074070453643799,1.888888955116272,1.5100606679916382
13-01-1994,1.8518520593643188,1.888888955116272,1628100,1.9074070453643799,1.8518520593643188,1.4804526567459106
14-01-1994,1.8148150444030762,1.8333330154418945,1237950,1.888888955116272,1.8703700304031372,1.495255947113037
17-01-1994,1.8518520593643188,1.8703700304031372,261225,1.8703700304031372,1.8703700304031372,1.495255947113037
18-01-1994,1.8518520593643188,1.8703700304031372,893025,1.888888955116272,1.8518520593643188,1.4804526567459106
19-01-1994,1.8518520593643188,1.8518520593643188,162000,1.8703700304031372,1.8703700304031372,1.495255947113037
20-01-1994,1.8518520593643188,1.8518520593643188,211950,1.8703700304031372,1.8518520593643188,1.4804526567459106
21-01-1994,1.8148150444030762,1.8703700304031372,334800,1.8703700304031372,1.8148150444030762,1.4508424997329712
24-01-1994,1.8148150444030762,1.8148150444030762,1460700,1.8518520593643188,1.8333330154418945,1.4656466245651245
25-01-1994,1.8148150444030762,1.8333330154418945,1152225,1.8518520593643188,1.8333330154418945,1.4656466245651245
26-01-1994,1.8148150444030762,1.8148150444030762,357075,1.8333330154418945,1.8333330154418945,1.4656466245651245
27-01-1994,1.8148150444030762,1.8148150444030762,435375,1.8333330154418945,1.8333330154418945,1.4656466245651245
28-01-1994,1.8148150444030762,1.8333330154418945,298350,1.8518520593643188,1.8518520593643188,1.4804526567459106
31-01-1994,1.8148150444030762,1.8333330154418945,294300,1.8518520593643188,1.8148150444030762,1.4508424997329712
01-02-1994,1.8148150444030762,1.8148150444030762,1968300,1.8333330154418945,1.8148150444030762,1.4508424997329712
02-02-1994,1.7592589855194092,1.8148150444030762,685125,1.8333330154418945,1.7777780294418335,1.4212337732315063
03-02-1994,1.7407410144805908,1.7777780294418335,614925,1.7962960004806519,1.7592589855194092,1.4064288139343262
04-02-1994,1.7407410144805908,1.7407410144805908,884925,1.7962960004806519,1.7962960004806519,1.4360374212265015
07-02-1994,1.7407410144805908,1.7777780294418335,365175,1.7777780294418335,1.7592589855194092,1.4064288139343262
08-02-1994,1.7222219705581665,1.7592589855194092,1235250,1.7962960004806519,1.7407410144805908,1.3916254043579102
09-02-1994,1.7407410144805908,1.7407410144805908,421200,1.7592589855194092,1.7592589855194092,1.4064288139343262
10-02-1994,1.7777780294418335,1.7777780294418335,531225,1.8333330154418945,1.8148150444030762,1.4508424997329712
11-02-1994,1.7592589855194092,1.7962960004806519,89775,1.7962960004806519,1.7592589855194092,1.4064288139343262
14-02-1994,1.7777780294418335,1.7777780294418335,319275,1.7962960004806519,1.7962960004806519,1.4360374212265015
15-02-1994,1.7777780294418335,1.7962960004806519,538650,1.8148150444030762,1.8148150444030762,1.4508424997329712
16-02-1994,1.7592589855194092,1.8148150444030762,1074600,1.8148150444030762,1.7777780294418335,1.4212337732315063
17-02-1994,1.7592589855194092,1.7777780294418335,1185300,1.7962960004806519,1.7777780294418335,1.4212337732315063
18-02-1994,1.7592589855194092,1.7592589855194092,795825,1.7962960004806519,1.7962960004806519,1.4360374212265015
22-02-1994,1.7592589855194092,1.7777780294418335,314550,1.7777780294418335,1.7777780294418335,1.4212337732315063
23-02-1994,1.7407410144805908,1.7777780294418335,485325,1.7777780294418335,1.7407410144805908,1.3916254043579102
24-02-1994,1.7222219705581665,1.7592589855194092,243675,1.7592589855194092,1.7222219705581665,1.3768199682235718
25-02-1994,1.7222219705581665,1.7222219705581665,362475,1.7407410144805908,1.7407410144805908,1.3916254043579102
28-02-1994,1.7407410144805908,1.7407410144805908,1021275,1.7962960004806519,1.7592589855194092,1.4064288139343262
01-03-1994,1.7592589855194092,1.7592589855194092,5925825,1.7777780294418335,1.7777780294418335,1.4212337732315063
02-03-1994,1.7777780294418335,1.7777780294418335,972675,1.7962960004806519,1.7962960004806519,1.4360374212265015
03-03-1994,1.7962960004806519,1.7962960004806519,1207575,1.8148150444030762,1.8148150444030762,1.4508424997329712
04-03-1994,1.7962960004806519,1.7962960004806519,558900,1.8333330154418945,1.7962960004806519,1.4360374212265015
07-03-1994,1.7777780294418335,1.7962960004806519,744525,1.8703700304031372,1.8703700304031372,1.495255947113037
08-03-1994,1.8518520593643188,1.8518520593643188,1933200,1.9074070453643799,1.888888955116272,1.5100606679916382
09-03-1994,1.9074070453643799,1.9259259700775146,1988550,1.9629629850387573,1.9074070453643799,1.5248651504516602
10-03-1994,1.888888955116272,1.9074070453643799,421875,1.9074070453643799,1.888888955116272,1.5100606679916382
11-03-1994,1.8518520593643188,1.888888955116272,88425,1.888888955116272,1.8703700304031372,1.5023261308670044
14-03-1994,1.8518520593643188,1.8518520593643188,641925,1.9074070453643799,1.8703700304031372,1.5023261308670044
15-03-1994,1.8518520593643188,1.8518520593643188,444825,1.9074070453643799,1.9074070453643799,1.5320754051208496
16-03-1994,1.8703700304031372,1.888888955116272,238275,1.9074070453643799,1.888888955116272,1.5172008275985718
17-03-1994,1.8703700304031372,1.8703700304031372,315900,1.888888955116272,1.8703700304031372,1.5023261308670044
18-03-1994,1.8518520593643188,1.888888955116272,712125,1.888888955116272,1.8518520593643188,1.4874519109725952
21-03-1994,1.8518520593643188,1.8518520593643188,1376325,1.888888955116272,1.8703700304031372,1.5023261308670044
22-03-1994,1.8148150444030762,1.8703700304031372,392175,1.8703700304031372,1.8703700304031372,1.5023261308670044
23-03-1994,1.8518520593643188,1.8703700304031372,1742850,1.8703700304031372,1.8703700304031372,1.5023261308670044
24-03-1994,1.8518520593643188,1.8518520593643188,1223100,1.888888955116272,1.8703700304031372,1.5023261308670044
25-03-1994,1.8518520593643188,1.8518520593643188,1250775,1.9074070453643799,1.8703700304031372,1.5023261308670044
28-03-1994,1.8518520593643188,1.8703700304031372,481275,1.888888955116272,1.8703700304031372,1.5023261308670044
29-03-1994,1.8703700304031372,1.888888955116272,464400,1.9259259700775146,1.8703700304031372,1.5023261308670044
30-03-1994,1.7962960004806519,1.8703700304031372,234900,1.8703700304031372,1.7962960004806519,1.4428274631500244
31-03-1994,1.7777780294418335,1.7777780294418335,294300,1.8333330154418945,1.8333330154418945,1.4725767374038696
04-04-1994,1.7777780294418335,1.7962960004806519,202500,1.8148150444030762,1.7962960004806519,1.4428274631500244
05-04-1994,1.7962960004806519,1.7962960004806519,2027025,1.8333330154418945,1.8148150444030762,1.4577027559280396
06-04-1994,1.8148150444030762,1.8148150444030762,1132650,1.8333330154418945,1.8333330154418945,1.4725767374038696
07-04-1994,1.7962960004806519,1.8333330154418945,172125,1.8333330154418945,1.8333330154418945,1.4725767374038696
08-04-1994,1.7962960004806519,1.8148150444030762,604125,1.8333330154418945,1.7962960004806519,1.4428274631500244
11-04-1994,1.7962960004806519,1.8148150444030762,775575,1.8148150444030762,1.7962960004806519,1.4428274631500244
12-04-1994,1.7777780294418335,1.7962960004806519,201825,1.7962960004806519,1.7962960004806519,1.4428274631500244
13-04-1994,1.7777780294418335,1.7777780294418335,120825,1.7962960004806519,1.7777780294418335,1.427954077720642
14-04-1994,1.7777780294418335,1.7777780294418335,1520100,1.8333330154418945,1.8333330154418945,1.4725767374038696
15-04-1994,1.8148150444030762,1.8333330154418945,484650,1.8703700304031372,1.8148150444030762,1.4577027559280396
18-04-1994,1.8148150444030762,1.8333330154418945,923400,1.8333330154418945,1.8148150444030762,1.4577027559280396
19-04-1994,1.8333330154418945,1.8333330154418945,654750,1.8703700304031372,1.8333330154418945,1.4725767374038696
20-04-1994,1.8148150444030762,1.8148150444030762,471825,1.8333330154418945,1.8148150444030762,1.4577027559280396
21-04-1994,1.8148150444030762,1.8148150444030762,55350,1.8333330154418945,1.8333330154418945,1.4725767374038696
22-04-1994,1.8518520593643188,1.8518520593643188,1563300,1.9629629850387573,1.944443941116333,1.5618234872817993
25-04-1994,1.9629629850387573,1.9814809560775757,718200,2.0,1.9814809560775757,1.5915724039077759
26-04-1994,1.9814809560775757,1.9814809560775757,498150,2.0185189247131348,2.0,1.6064473390579224
28-04-1994,1.9814809560775757,2.0,585225,2.037036895751953,2.037036895751953,1.6361972093582153
29-04-1994,2.037036895751953,2.037036895751953,764100,2.0740740299224854,2.0740740299224854,1.6659457683563232
02-05-1994,2.055556058883667,2.055556058883667,274050,2.064815044403076,2.055556058883667,1.6510722637176514
03-05-1994,2.055556058883667,2.055556058883667,399600,2.1111109256744385,2.1111109256744385,1.6956956386566162
04-05-1994,2.055556058883667,2.1111109256744385,811350,2.1111109256744385,2.0740740299224854,1.6659457683563232
05-05-1994,2.055556058883667,2.09259295463562,1892700,2.09259295463562,2.0740740299224854,1.6659457683563232
06-05-1994,2.0185189247131348,2.055556058883667,132975,2.055556058883667,2.037036895751953,1.6361972093582153
09-05-1994,2.055556058883667,2.055556058883667,234900,2.09259295463562,2.0740740299224854,1.6659457683563232
10-05-1994,2.0740740299224854,2.0740740299224854,1163700,2.09259295463562,2.09259295463562,1.6808209419250488
11-05-1994,2.0740740299224854,2.09259295463562,207900,2.1111109256744385,2.09259295463562,1.6808209419250488
12-05-1994,2.09259295463562,2.09259295463562,305100,2.1111109256744385,2.09259295463562,1.6808209419250488
13-05-1994,2.037036895751953,2.09259295463562,681075,2.09259295463562,2.0740740299224854,1.6659457683563232
16-05-1994,2.055556058883667,2.0740740299224854,211275,2.0740740299224854,2.055556058883667,1.6510722637176514
17-05-1994,2.037036895751953,2.0740740299224854,159300,2.0740740299224854,2.037036895751953,1.6361972093582153
18-05-1994,2.055556058883667,2.055556058883667,1008450,2.1111109256744385,2.1111109256744385,1.6956956386566162
19-05-1994,2.09259295463562,2.09259295463562,246375,2.1296300888061523,2.1296300888061523,1.7105693817138672
20-05-1994,2.1111109256744385,2.1296300888061523,395550,2.1481480598449707,2.1111109256744385,1.6956956386566162
23-05-1994,2.1111109256744385,2.1111109256744385,156600,2.1296300888061523,2.1296300888061523,1.7105693817138672
24-05-1994,2.0740740299224854,2.1111109256744385,632475,2.1481480598449707,2.0740740299224854,1.6659457683563232
25-05-1994,2.055556058883667,2.09259295463562,334800,2.09259295463562,2.0740740299224854,1.6659457683563232
26-05-1994,2.055556058883667,2.09259295463562,258525,2.09259295463562,2.0740740299224854,1.6659457683563232
27-05-1994,2.037036895751953,2.09259295463562,434025,2.09259295463562,2.055556058883667,1.6510722637176514
31-05-1994,2.0185189247131348,2.055556058883667,707400,2.055556058883667,2.037036895751953,1.6361972093582153
01-06-1994,2.037036895751953,2.037036895751953,3960900,2.0740740299224854,2.055556058883667,1.6510722637176514
02-06-1994,2.055556058883667,2.055556058883667,1770525,2.09259295463562,2.09259295463562,1.6808209419250488
03-06-1994,2.0740740299224854,2.0740740299224854,379350,2.1111109256744385,2.09259295463562,1.6808209419250488
06-06-1994,2.09259295463562,2.1111109256744385,450225,2.1296300888061523,2.1296300888061523,1.7105693817138672
07-06-1994,2.1111109256744385,2.1111109256744385,228150,2.1481480598449707,2.1296300888061523,1.7105693817138672
08-06-1994,2.1111109256744385,2.1296300888061523,316575,2.1481480598449707,2.1111109256744385,1.6956956386566162
09-06-1994,2.09259295463562,2.1111109256744385,170100,2.1296300888061523,2.1296300888061523,1.7105693817138672
10-06-1994,2.0185189247131348,2.1111109256744385,1517400,2.1111109256744385,2.0185189247131348,1.6281179189682007
13-06-1994,2.037036895751953,2.037036895751953,359100,2.09259295463562,2.09259295463562,1.6878663301467896
14-06-1994,2.09259295463562,2.09259295463562,315225,2.1296300888061523,2.1296300888061523,1.717739462852478
15-06-1994,2.1111109256744385,2.1296300888061523,396225,2.1666669845581055,2.1481480598449707,1.7326765060424805
16-06-1994,2.1481480598449707,2.1481480598449707,689850,2.277777910232544,2.277777910232544,1.8372337818145752
17-06-1994,2.185184955596924,2.277777910232544,289575,2.277777910232544,2.185184955596924,1.762549638748169
20-06-1994,2.1481480598449707,2.2037041187286377,189000,2.2037041187286377,2.2037041187286377,1.7774872779846191
21-06-1994,2.185184955596924,2.185184955596924,324000,2.2037041187286377,2.2037041187286377,1.7774872779846191
22-06-1994,2.2037041187286377,2.2037041187286377,411075,2.314815044403076,2.314815044403076,1.867108941078186
23-06-1994,2.259258985519409,2.2962958812713623,507600,2.2962958812713623,2.259258985519409,1.82229745388031
24-06-1994,2.1666669845581055,2.259258985519409,450225,2.259258985519409,2.2037041187286377,1.7774872779846191
27-06-1994,2.185184955596924,2.185184955596924,86400,2.222222089767456,2.2037041187286377,1.7774872779846191
28-06-1994,2.185184955596924,2.222222089767456,74250,2.222222089767456,2.222222089767456,1.7924237251281738
29-06-1994,2.2037041187286377,2.2037041187286377,409050,2.240741014480591,2.240741014480591,1.807361364364624
30-06-1994,2.185184955596924,2.2037041187286377,1728000,2.240741014480591,2.185184955596924,1.762549638748169
01-07-1994,2.2037041187286377,2.2037041187286377,280125,2.277777910232544,2.240741014480591,1.807361364364624
05-07-1994,2.240741014480591,2.240741014480591,168750,2.2962958812713623,2.277777910232544,1.8372337818145752
06-07-1994,2.259258985519409,2.277777910232544,400275,2.2962958812713623,2.277777910232544,1.8372337818145752
07-07-1994,2.259258985519409,2.277777910232544,160650,2.2962958812713623,2.277777910232544,1.8372337818145752
08-07-1994,2.277777910232544,2.277777910232544,141075,2.2962958812713623,2.277777910232544,1.8372337818145752
11-07-1994,2.240741014480591,2.2962958812713623,150525,2.2962958812713623,2.240741014480591,1.807361364364624
12-07-1994,2.240741014480591,2.240741014480591,558900,2.259258985519409,2.259258985519409,1.82229745388031
13-07-1994,2.277777910232544,2.277777910232544,1902150,2.3888890743255615,2.3703699111938477,1.9119176864624023
14-07-1994,2.3888890743255615,2.3888890743255615,683100,2.5,2.4814810752868652,2.0015392303466797
15-07-1994,2.444443941116333,2.462963104248047,624375,2.4814810752868652,2.4814810752868652,2.0015392303466797
18-07-1994,2.3703699111938477,2.462963104248047,184275,2.462963104248047,2.3703699111938477,1.9119176864624023
19-07-1994,2.314815044403076,2.3888890743255615,187650,2.3888890743255615,2.3333330154418945,1.8820446729660034
20-07-1994,2.3518519401550293,2.3518519401550293,519075,2.444443941116333,2.444443941116333,1.9716652631759644
21-07-1994,2.444443941116333,2.444443941116333,203850,2.444443941116333,2.444443941116333,1.9716652631759644
22-07-1994,2.40740704536438,2.4259259700775146,124200,2.4259259700775146,2.4259259700775146,1.9567296504974365
25-07-1994,2.3703699111938477,2.4259259700775146,446175,2.4259259700775146,2.3888890743255615,1.9268544912338257
26-07-1994,2.3518519401550293,2.3888890743255615,285525,2.3888890743255615,2.3703699111938477,1.9119176864624023
27-07-1994,2.314815044403076,2.3703699111938477,309825,2.3703699111938477,2.314815044403076,1.867108941078186
28-07-1994,2.2962958812713623,2.3333330154418945,213300,2.3518519401550293,2.3518519401550293,1.8969815969467163
29-07-1994,2.3518519401550293,2.3518519401550293,367200,2.40740704536438,2.3888890743255615,1.9268544912338257
01-08-1994,2.3703699111938477,2.3888890743255615,974700,2.3888890743255615,2.3703699111938477,1.9119176864624023
02-08-1994,2.3703699111938477,2.3703699111938477,272025,2.3888890743255615,2.3703699111938477,1.9119176864624023
03-08-1994,2.314815044403076,2.3703699111938477,1254150,2.3703699111938477,2.3518519401550293,1.8969815969467163
04-08-1994,2.3518519401550293,2.3518519401550293,346950,2.3703699111938477,2.3518519401550293,1.8969815969467163
05-08-1994,2.2962958812713623,2.3333330154418945,216675,2.3518519401550293,2.2962958812713623,1.8521713018417358
08-08-1994,2.2962958812713623,2.314815044403076,51975,2.3333330154418945,2.314815044403076,1.867108941078186
09-08-1994,2.2962958812713623,2.314815044403076,29025,2.3333330154418945,2.314815044403076,1.867108941078186
10-08-1994,2.2962958812713623,2.314815044403076,70200,2.314815044403076,2.2962958812713623,1.8521713018417358
11-08-1994,2.240741014480591,2.2962958812713623,63450,2.2962958812713623,2.259258985519409,1.82229745388031
12-08-1994,2.185184955596924,2.259258985519409,1317600,2.259258985519409,2.185184955596924,1.762549638748169
15-08-1994,2.2037041187286377,2.2037041187286377,523800,2.277777910232544,2.259258985519409,1.82229745388031
16-08-1994,2.240741014480591,2.240741014480591,295650,2.3703699111938477,2.3703699111938477,1.9119176864624023
17-08-1994,2.240741014480591,2.3703699111938477,453600,2.3888890743255615,2.277777910232544,1.8372337818145752
18-08-1994,2.277777910232544,2.277777910232544,396900,2.3703699111938477,2.3518519401550293,1.8969815969467163
19-08-1994,2.3333330154418945,2.3333330154418945,109350,2.3703699111938477,2.3703699111938477,1.9119176864624023
22-08-1994,2.3518519401550293,2.3703699111938477,129600,2.3888890743255615,2.3888890743255615,1.9268544912338257
23-08-1994,2.3703699111938477,2.3888890743255615,235575,2.3888890743255615,2.3888890743255615,1.9268544912338257
24-08-1994,2.3888890743255615,2.3888890743255615,164025,2.40740704536438,2.3888890743255615,1.9268544912338257
25-08-1994,2.3518519401550293,2.3888890743255615,152550,2.40740704536438,2.3703699111938477,1.9119176864624023
26-08-1994,2.3518519401550293,2.3518519401550293,213300,2.3888890743255615,2.3888890743255615,1.9268544912338257
29-08-1994,2.3888890743255615,2.3888890743255615,170100,2.4259259700775146,2.40740704536438,1.941792607307434
30-08-1994,2.3333330154418945,2.40740704536438,178875,2.40740704536438,2.3703699111938477,1.9119176864624023
31-08-1994,2.3518519401550293,2.3888890743255615,133650,2.3888890743255615,2.3888890743255615,1.9268544912338257
01-09-1994,2.2962958812713623,2.3703699111938477,192375,2.3703699111938477,2.314815044403076,1.867108941078186
02-09-1994,2.277777910232544,2.3518519401550293,267300,2.3518519401550293,2.2962958812713623,1.8521713018417358
06-09-1994,2.277777910232544,2.314815044403076,166050,2.314815044403076,2.2962958812713623,1.8521713018417358
07-09-1994,2.277777910232544,2.314815044403076,206550,2.3333330154418945,2.314815044403076,1.867108941078186
08-09-1994,2.314815044403076,2.314815044403076,199125,2.3703699111938477,2.314815044403076,1.867108941078186
09-09-1994,2.2962958812713623,2.314815044403076,39150,2.314815044403076,2.314815044403076,1.867108941078186
12-09-1994,2.2962958812713623,2.2962958812713623,212625,2.3333330154418945,2.3333330154418945,1.8892995119094849
13-09-1994,2.3333330154418945,2.3333330154418945,324675,2.3888890743255615,2.3703699111938477,1.9192875623703003
14-09-1994,2.3518519401550293,2.3703699111938477,183600,2.3703699111938477,2.3703699111938477,1.9192875623703003
15-09-1994,2.3518519401550293,2.3518519401550293,191700,2.4259259700775146,2.4259259700775146,1.9642716646194458
16-09-1994,2.3703699111938477,2.4259259700775146,263250,2.4259259700775146,2.3703699111938477,1.9192875623703003
19-09-1994,2.3703699111938477,2.3703699111938477,263925,2.3888890743255615,2.3703699111938477,1.9192875623703003
20-09-1994,2.314815044403076,2.3703699111938477,140400,2.3703699111938477,2.3518519401550293,1.9042941331863403
21-09-1994,2.314815044403076,2.314815044403076,122850,2.3333330154418945,2.314815044403076,1.8743058443069458
22-09-1994,2.2962958812713623,2.2962958812713623,2575800,2.6481480598449707,2.6296300888061523,2.1292104721069336
23-09-1994,2.4814810752868652,2.6296300888061523,1044900,2.6296300888061523,2.4814810752868652,2.0092546939849854
26-09-1994,2.4814810752868652,2.5,170775,2.5,2.5,2.024249792098999
27-09-1994,2.4814810752868652,2.5,1172475,2.5185189247131348,2.5185189247131348,2.0392448902130127
28-09-1994,2.5,2.5,1161000,2.6111109256744385,2.6111109256744385,2.1142160892486572
29-09-1994,2.5740740299224854,2.6111109256744385,261900,2.6111109256744385,2.5740740299224854,2.0842268466949463
30-09-1994,2.5740740299224854,2.59259295463562,351000,2.6296300888061523,2.6296300888061523,2.1292104721069336
03-10-1994,2.59259295463562,2.6111109256744385,218700,2.6111109256744385,2.6111109256744385,2.1142160892486572
04-10-1994,2.555556058883667,2.59259295463562,486675,2.6111109256744385,2.59259295463562,2.099222421646118
05-10-1994,2.5,2.5740740299224854,301050,2.5740740299224854,2.537036895751953,2.0542385578155518
06-10-1994,2.5185189247131348,2.5185189247131348,374625,2.59259295463562,2.5740740299224854,2.0842268466949463
07-10-1994,2.537036895751953,2.5740740299224854,511650,2.59259295463562,2.5740740299224854,2.0842268466949463
10-10-1994,2.555556058883667,2.5740740299224854,111375,2.6111109256744385,2.6111109256744385,2.1142160892486572
11-10-1994,2.6296300888061523,2.6296300888061523,534600,2.6481480598449707,2.6481480598449707,2.1442058086395264
12-10-1994,2.6481480598449707,2.6481480598449707,1140750,2.685184955596924,2.6481480598449707,2.1442058086395264
13-10-1994,2.6666669845581055,2.6666669845581055,1434375,2.685184955596924,2.6666669845581055,2.1591997146606445
14-10-1994,2.6481480598449707,2.6666669845581055,378675,2.685184955596924,2.6481480598449707,2.1442058086395264
17-10-1994,2.6481480598449707,2.6481480598449707,793800,2.685184955596924,2.685184955596924,2.1741943359375
18-10-1994,2.6666669845581055,2.6666669845581055,625050,2.685184955596924,2.6666669845581055,2.1591997146606445
19-10-1994,2.6481480598449707,2.6666669845581055,396900,2.685184955596924,2.685184955596924,2.1741943359375
20-10-1994,2.7037041187286377,2.7037041187286377,344925,2.759258985519409,2.7037041187286377,2.1891884803771973
21-10-1994,2.7037041187286377,2.7037041187286377,346275,2.740741014480591,2.740741014480591,2.2191765308380127
24-10-1994,2.722222089767456,2.740741014480591,610875,2.777777910232544,2.722222089767456,2.2041821479797363
25-10-1994,2.6481480598449707,2.685184955596924,362475,2.685184955596924,2.6481480598449707,2.1442058086395264
26-10-1994,2.6481480598449707,2.6666669845581055,169425,2.7037041187286377,2.685184955596924,2.1741943359375
27-10-1994,2.685184955596924,2.685184955596924,350325,2.722222089767456,2.722222089767456,2.2041821479797363
28-10-1994,2.7037041187286377,2.7037041187286377,899775,2.759258985519409,2.759258985519409,2.234171152114868
31-10-1994,2.685184955596924,2.740741014480591,196425,2.740741014480591,2.685184955596924,2.1741943359375
01-11-1994,2.6666669845581055,2.685184955596924,274050,2.7037041187286377,2.7037041187286377,2.1891884803771973
02-11-1994,2.6296300888061523,2.7037041187286377,270675,2.7037041187286377,2.6481480598449707,2.1442058086395264
03-11-1994,2.5740740299224854,2.6666669845581055,186300,2.6666669845581055,2.6296300888061523,2.1292104721069336
04-11-1994,2.6296300888061523,2.6296300888061523,189675,2.6666669845581055,2.6481480598449707,2.1442058086395264
07-11-1994,2.6666669845581055,2.6666669845581055,364500,2.7037041187286377,2.685184955596924,2.1741943359375
08-11-1994,2.685184955596924,2.685184955596924,197775,2.722222089767456,2.7037041187286377,2.1891884803771973
09-11-1994,2.6296300888061523,2.7037041187286377,353700,2.722222089767456,2.6296300888061523,2.1292104721069336
10-11-1994,2.555556058883667,2.6481480598449707,319950,2.6666669845581055,2.5740740299224854,2.0842268466949463
11-11-1994,2.5,2.5740740299224854,293625,2.5740740299224854,2.5185189247131348,2.0392448902130127
14-11-1994,2.5185189247131348,2.5185189247131348,857250,2.6666669845581055,2.6666669845581055,2.1591997146606445
15-11-1994,2.6296300888061523,2.6481480598449707,409725,2.6666669845581055,2.6481480598449707,2.1442058086395264
16-11-1994,2.6296300888061523,2.6296300888061523,72225,2.6481480598449707,2.6481480598449707,2.1442058086395264
17-11-1994,2.6296300888061523,2.6481480598449707,111375,2.6481480598449707,2.6481480598449707,2.1442058086395264
18-11-1994,2.6481480598449707,2.6481480598449707,603450,2.6666669845581055,2.6481480598449707,2.1442058086395264
21-11-1994,2.6481480598449707,2.6666669845581055,888975,2.6666669845581055,2.6666669845581055,2.1591997146606445
22-11-1994,2.6296300888061523,2.6481480598449707,585900,2.6666669845581055,2.6296300888061523,2.1292104721069336
23-11-1994,2.5,2.6296300888061523,476550,2.6481480598449707,2.6111109256744385,2.1142160892486572
25-11-1994,2.6111109256744385,2.6111109256744385,69525,2.6481480598449707,2.6481480598449707,2.1442058086395264
28-11-1994,2.6481480598449707,2.6481480598449707,1539000,2.685184955596924,2.685184955596924,2.1741943359375
29-11-1994,2.6481480598449707,2.6666669845581055,254475,2.7037041187286377,2.685184955596924,2.1741943359375
30-11-1994,2.6111109256744385,2.6666669845581055,191025,2.685184955596924,2.6111109256744385,2.1142160892486572
01-12-1994,2.6111109256744385,2.6296300888061523,104625,2.6481480598449707,2.6111109256744385,2.1142160892486572
02-12-1994,2.5740740299224854,2.5740740299224854,155925,2.6481480598449707,2.6481480598449707,2.1442058086395264
05-12-1994,2.6296300888061523,2.6296300888061523,470475,2.6481480598449707,2.6481480598449707,2.151427984237671
06-12-1994,2.6296300888061523,2.6296300888061523,219375,2.6666669845581055,2.6666669845581055,2.1664719581604004
07-12-1994,2.6296300888061523,2.6481480598449707,82350,2.6481480598449707,2.6296300888061523,2.1363816261291504
08-12-1994,2.555556058883667,2.6111109256744385,136350,2.6481480598449707,2.5740740299224854,2.091247320175171
09-12-1994,2.4814810752868652,2.537036895751953,159300,2.537036895751953,2.4814810752868652,2.016021728515625
12-12-1994,2.537036895751953,2.537036895751953,213300,2.5740740299224854,2.555556058883667,2.0762031078338623
13-12-1994,2.537036895751953,2.555556058883667,42525,2.555556058883667,2.537036895751953,2.0611557960510254
14-12-1994,2.555556058883667,2.555556058883667,252450,2.6296300888061523,2.5740740299224854,2.091247320175171
15-12-1994,2.537036895751953,2.59259295463562,143100,2.59259295463562,2.5740740299224854,2.091247320175171
16-12-1994,2.4814810752868652,2.5740740299224854,385425,2.5740740299224854,2.5,2.031067371368408
19-12-1994,2.3888890743255615,2.5,545400,2.5,2.3888890743255615,1.9407970905303955
20-12-1994,2.3888890743255615,2.40740704536438,178875,2.4814810752868652,2.462963104248047,2.000977039337158
21-12-1994,2.462963104248047,2.4814810752868652,300375,2.5,2.4814810752868652,2.016021728515625
22-12-1994,2.444443941116333,2.462963104248047,116775,2.4814810752868652,2.444443941116333,1.985931634902954
23-12-1994,2.462963104248047,2.462963104248047,71550,2.5,2.462963104248047,2.000977039337158
27-12-1994,2.4814810752868652,2.4814810752868652,49950,2.4814810752868652,2.4814810752868652,2.016021728515625
28-12-1994,2.462963104248047,2.462963104248047,76950,2.4814810752868652,2.4814810752868652,2.016021728515625
29-12-1994,2.4814810752868652,2.4814810752868652,58050,2.5,2.5,2.031067371368408
30-12-1994,2.462963104248047,2.5,93150,2.5,2.5,2.031067371368408
03-01-1995,2.444443941116333,2.5,116100,2.5,2.462963104248047,2.000977039337158
04-01-1995,2.40740704536438,2.444443941116333,174825,2.462963104248047,2.40740704536438,1.9558416604995728
05-01-1995,2.3518519401550293,2.40740704536438,235575,2.40740704536438,2.3518519401550293,1.910707950592041
06-01-1995,2.3518519401550293,2.3518519401550293,335475,2.40740704536438,2.3703699111938477,1.9257529973983765
09-01-1995,2.3518519401550293,2.3518519401550293,190350,2.3703699111938477,2.3518519401550293,1.910707950592041
10-01-1995,2.3703699111938477,2.3703699111938477,151875,2.444443941116333,2.4259259700775146,1.9708874225616455
11-01-1995,2.3888890743255615,2.444443941116333,164700,2.444443941116333,2.3888890743255615,1.9407970905303955
12-01-1995,2.3888890743255615,2.40740704536438,216000,2.40740704536438,2.40740704536438,1.9558416604995728
13-01-1995,2.3888890743255615,2.40740704536438,270000,2.462963104248047,2.462963104248047,2.000977039337158
16-01-1995,2.4259259700775146,2.462963104248047,194400,2.4814810752868652,2.4259259700775146,1.9708874225616455
17-01-1995,2.3518519401550293,2.40740704536438,354375,2.40740704536438,2.3703699111938477,1.9257529973983765
18-01-1995,2.3518519401550293,2.3703699111938477,152550,2.3703699111938477,2.3703699111938477,1.9257529973983765
19-01-1995,2.3518519401550293,2.3518519401550293,390150,2.40740704536438,2.3888890743255615,1.9407970905303955
20-01-1995,2.3703699111938477,2.3703699111938477,101925,2.40740704536438,2.40740704536438,1.9558416604995728
23-01-1995,2.3518519401550293,2.3888890743255615,95175,2.3888890743255615,2.3703699111938477,1.9257529973983765
24-01-1995,2.3518519401550293,2.3888890743255615,303075,2.3888890743255615,2.3703699111938477,1.9257529973983765
25-01-1995,2.3703699111938477,2.3703699111938477,482625,2.40740704536438,2.3703699111938477,1.9257529973983765
26-01-1995,2.3518519401550293,2.3888890743255615,237600,2.3888890743255615,2.3888890743255615,1.9407970905303955
27-01-1995,2.3703699111938477,2.40740704536438,151875,2.4259259700775146,2.3888890743255615,1.9407970905303955
30-01-1995,2.3333330154418945,2.3703699111938477,351675,2.3888890743255615,2.3518519401550293,1.910707950592041
31-01-1995,2.3333330154418945,2.3518519401550293,412425,2.3888890743255615,2.3888890743255615,1.9407970905303955
01-02-1995,2.3703699111938477,2.40740704536438,511650,2.4259259700775146,2.4259259700775146,1.9708874225616455
02-02-1995,2.40740704536438,2.4259259700775146,533250,2.444443941116333,2.40740704536438,1.9558416604995728
03-02-1995,2.4259259700775146,2.4259259700775146,270675,2.462963104248047,2.462963104248047,2.000977039337158
06-02-1995,2.4814810752868652,2.4814810752868652,492075,2.537036895751953,2.537036895751953,2.0611557960510254
07-02-1995,2.537036895751953,2.537036895751953,353025,2.6296300888061523,2.6111109256744385,2.121337413787842
08-02-1995,2.59259295463562,2.6111109256744385,102600,2.6111109256744385,2.59259295463562,2.1062917709350586
09-02-1995,2.59259295463562,2.6111109256744385,288225,2.6666669845581055,2.6666669845581055,2.1664719581604004
10-02-1995,2.6481480598449707,2.6481480598449707,625050,2.685184955596924,2.685184955596924,2.181515693664551
13-02-1995,2.6666669845581055,2.6666669845581055,476550,2.722222089767456,2.7037041187286377,2.1965620517730713
14-02-1995,2.7037041187286377,2.722222089767456,515025,2.740741014480591,2.7037041187286377,2.1965620517730713
15-02-1995,2.7037041187286377,2.7037041187286377,538650,2.740741014480591,2.740741014480591,2.2266526222229004
16-02-1995,2.7037041187286377,2.740741014480591,460350,2.759258985519409,2.722222089767456,2.211606979370117
17-02-1995,2.6666669845581055,2.685184955596924,888975,2.685184955596924,2.6666669845581055,2.1664719581604004
21-02-1995,2.59259295463562,2.6481480598449707,475200,2.6481480598449707,2.59259295463562,2.1062917709350586
22-02-1995,2.59259295463562,2.6111109256744385,477900,2.6481480598449707,2.6481480598449707,2.151427984237671
23-02-1995,2.6481480598449707,2.6666669845581055,4085775,2.6666669845581055,2.6481480598449707,2.151427984237671
24-02-1995,2.555556058883667,2.6666669845581055,423900,2.6666669845581055,2.555556058883667,2.0762031078338623
27-02-1995,2.537036895751953,2.537036895751953,115425,2.6296300888061523,2.5740740299224854,2.091247320175171
28-02-1995,2.5740740299224854,2.5740740299224854,273375,2.6481480598449707,2.6481480598449707,2.151427984237671
01-03-1995,2.59259295463562,2.6481480598449707,131625,2.6481480598449707,2.59259295463562,2.1062917709350586
02-03-1995,2.59259295463562,2.59259295463562,50625,2.6111109256744385,2.6111109256744385,2.121337413787842
03-03-1995,2.59259295463562,2.59259295463562,66150,2.6296300888061523,2.6111109256744385,2.121337413787842
06-03-1995,2.59259295463562,2.6481480598449707,243000,2.6481480598449707,2.59259295463562,2.1062917709350586
07-03-1995,2.59259295463562,2.59259295463562,159975,2.6481480598449707,2.6111109256744385,2.121337413787842
08-03-1995,2.6111109256744385,2.6296300888061523,97200,2.6296300888061523,2.6111109256744385,2.121337413787842
09-03-1995,2.59259295463562,2.6296300888061523,74925,2.6296300888061523,2.59259295463562,2.1062917709350586
10-03-1995,2.59259295463562,2.59259295463562,350325,2.6296300888061523,2.6296300888061523,2.1363816261291504
13-03-1995,2.6111109256744385,2.6111109256744385,190350,2.6481480598449707,2.6111109256744385,2.1285316944122314
14-03-1995,2.6111109256744385,2.6296300888061523,256500,2.6296300888061523,2.6111109256744385,2.1285316944122314
15-03-1995,2.59259295463562,2.6111109256744385,240300,2.6296300888061523,2.6111109256744385,2.1285316944122314
16-03-1995,2.59259295463562,2.59259295463562,134325,2.6296300888061523,2.6111109256744385,2.1285316944122314
17-03-1995,2.6111109256744385,2.6111109256744385,309150,2.6481480598449707,2.6481480598449707,2.1587233543395996
20-03-1995,2.6296300888061523,2.6666669845581055,202500,2.6666669845581055,2.6296300888061523,2.143627166748047
21-03-1995,2.6296300888061523,2.6296300888061523,92475,2.6481480598449707,2.6296300888061523,2.143627166748047
22-03-1995,2.59259295463562,2.6296300888061523,290925,2.6296300888061523,2.59259295463562,2.113435745239258
23-03-1995,2.555556058883667,2.6111109256744385,188325,2.6111109256744385,2.555556058883667,2.0832457542419434
24-03-1995,2.555556058883667,2.555556058883667,196425,2.5740740299224854,2.555556058883667,2.0832457542419434
27-03-1995,2.555556058883667,2.555556058883667,645975,2.59259295463562,2.555556058883667,2.0832457542419434
28-03-1995,2.555556058883667,2.555556058883667,202500,2.6111109256744385,2.6111109256744385,2.1285316944122314
29-03-1995,2.6111109256744385,2.6296300888061523,356400,2.6481480598449707,2.6111109256744385,2.1285316944122314
30-03-1995,2.6111109256744385,2.6111109256744385,481950,2.685184955596924,2.6666669845581055,2.1738195419311523
31-03-1995,2.6666669845581055,2.685184955596924,330750,2.7037041187286377,2.685184955596924,2.188915252685547
03-04-1995,2.6666669845581055,2.6666669845581055,95175,2.685184955596924,2.6666669845581055,2.1738195419311523
04-04-1995,2.6666669845581055,2.6666669845581055,147150,2.685184955596924,2.6666669845581055,2.1738195419311523
05-04-1995,2.6481480598449707,2.6481480598449707,822150,2.685184955596924,2.6666669845581055,2.1738195419311523
06-04-1995,2.6111109256744385,2.6481480598449707,433350,2.6666669845581055,2.6111109256744385,2.1285316944122314
07-04-1995,2.6111109256744385,2.6111109256744385,156600,2.6296300888061523,2.6111109256744385,2.1285316944122314
10-04-1995,2.59259295463562,2.6111109256744385,275400,2.6111109256744385,2.6111109256744385,2.1285316944122314
11-04-1995,2.5740740299224854,2.59259295463562,276075,2.6111109256744385,2.6111109256744385,2.1285316944122314
12-04-1995,2.59259295463562,2.6111109256744385,214650,2.6111109256744385,2.6111109256744385,2.1285316944122314
13-04-1995,2.59259295463562,2.59259295463562,354375,2.6296300888061523,2.6111109256744385,2.1285316944122314
17-04-1995,2.5740740299224854,2.6111109256744385,133650,2.6111109256744385,2.59259295463562,2.113435745239258
18-04-1995,2.555556058883667,2.6111109256744385,112050,2.6111109256744385,2.5740740299224854,2.0983402729034424
19-04-1995,2.555556058883667,2.59259295463562,207225,2.59259295463562,2.555556058883667,2.0832457542419434
20-04-1995,2.5185189247131348,2.5740740299224854,180900,2.5740740299224854,2.5185189247131348,2.053051710128784
21-04-1995,2.4814810752868652,2.537036895751953,170100,2.537036895751953,2.4814810752868652,2.0228588581085205
24-04-1995,2.462963104248047,2.4814810752868652,3588300,2.5,2.4814810752868652,2.0228588581085205
25-04-1995,2.444443941116333,2.4814810752868652,341550,2.5185189247131348,2.4814810752868652,2.0228588581085205
26-04-1995,2.444443941116333,2.4814810752868652,131625,2.5,2.444443941116333,1.9926685094833374
27-04-1995,2.4259259700775146,2.444443941116333,483300,2.4814810752868652,2.444443941116333,1.9926685094833374
28-04-1995,2.3888890743255615,2.4259259700775146,1599075,2.4259259700775146,2.3888890743255615,1.9473800659179688
01-05-1995,2.40740704536438,2.40740704536438,240300,2.5,2.5,2.0379562377929688
02-05-1995,2.4814810752868652,2.5,166725,2.555556058883667,2.4814810752868652,2.0228588581085205
03-05-1995,2.40740704536438,2.472222089767456,258525,2.472222089767456,2.40740704536438,1.9624755382537842
04-05-1995,2.40740704536438,2.40740704536438,151875,2.4814810752868652,2.462963104248047,2.0077645778656006
05-05-1995,2.444443941116333,2.444443941116333,182250,2.462963104248047,2.444443941116333,1.9926685094833374
08-05-1995,2.444443941116333,2.4537041187286377,202500,2.4814810752868652,2.4814810752868652,2.0228588581085205
09-05-1995,2.444443941116333,2.462963104248047,193725,2.462963104248047,2.444443941116333,1.9926685094833374
10-05-1995,2.40740704536438,2.40740704536438,385425,2.462963104248047,2.444443941116333,1.9926685094833374
11-05-1995,2.462963104248047,2.462963104248047,120150,2.5,2.5,2.0379562377929688
12-05-1995,2.5,2.5,198450,2.555556058883667,2.537036895751953,2.0681469440460205
15-05-1995,2.537036895751953,2.555556058883667,147150,2.555556058883667,2.537036895751953,2.0681469440460205
16-05-1995,2.537036895751953,2.537036895751953,406350,2.6111109256744385,2.5740740299224854,2.0983402729034424
17-05-1995,2.555556058883667,2.5740740299224854,66150,2.59259295463562,2.555556058883667,2.0832457542419434
18-05-1995,2.537036895751953,2.5740740299224854,323325,2.5740740299224854,2.537036895751953,2.0681469440460205
19-05-1995,2.5185189247131348,2.537036895751953,180900,2.5740740299224854,2.537036895751953,2.0681469440460205
22-05-1995,2.5185189247131348,2.5185189247131348,83025,2.5740740299224854,2.555556058883667,2.0832457542419434
23-05-1995,2.537036895751953,2.555556058883667,135000,2.555556058883667,2.555556058883667,2.0832457542419434
24-05-1995,2.537036895751953,2.555556058883667,101925,2.555556058883667,2.537036895751953,2.0681469440460205
25-05-1995,2.555556058883667,2.59259295463562,255825,2.59259295463562,2.59259295463562,2.113435745239258
26-05-1995,2.537036895751953,2.5740740299224854,31725,2.5740740299224854,2.537036895751953,2.0681469440460205
30-05-1995,2.5185189247131348,2.537036895751953,202500,2.555556058883667,2.555556058883667,2.0832457542419434
31-05-1995,2.537036895751953,2.5740740299224854,178200,2.5740740299224854,2.555556058883667,2.0832457542419434
01-06-1995,2.6111109256744385,2.6111109256744385,322650,2.6481480598449707,2.6481480598449707,2.1587233543395996
02-06-1995,2.555556058883667,2.6481480598449707,72900,2.6481480598449707,2.555556058883667,2.0832457542419434
05-06-1995,2.537036895751953,2.555556058883667,303075,2.59259295463562,2.5740740299224854,2.0983402729034424
06-06-1995,2.59259295463562,2.6296300888061523,100575,2.6296300888061523,2.6111109256744385,2.1285316944122314
07-06-1995,2.59259295463562,2.6111109256744385,37125,2.6296300888061523,2.59259295463562,2.113435745239258
08-06-1995,2.5740740299224854,2.5740740299224854,91800,2.59259295463562,2.59259295463562,2.113435745239258
09-06-1995,2.5185189247131348,2.5740740299224854,275400,2.59259295463562,2.5185189247131348,2.053051710128784
12-06-1995,2.537036895751953,2.537036895751953,166050,2.555556058883667,2.537036895751953,2.0681469440460205
13-06-1995,2.537036895751953,2.537036895751953,193050,2.5740740299224854,2.5740740299224854,2.0983402729034424
14-06-1995,2.5185189247131348,2.5740740299224854,82350,2.5740740299224854,2.5185189247131348,2.060166120529175
15-06-1995,2.5185189247131348,2.5185189247131348,256500,2.5740740299224854,2.5740740299224854,2.1056113243103027
16-06-1995,2.5740740299224854,2.5740740299224854,172800,2.6111109256744385,2.59259295463562,2.120759963989258
19-06-1995,2.59259295463562,2.59259295463562,91800,2.6111109256744385,2.6111109256744385,2.1359078884124756
20-06-1995,2.59259295463562,2.59259295463562,180900,2.6296300888061523,2.6296300888061523,2.151057481765747
21-06-1995,2.5740740299224854,2.6111109256744385,235575,2.6481480598449707,2.59259295463562,2.120759963989258
22-06-1995,2.5740740299224854,2.59259295463562,351000,2.59259295463562,2.5740740299224854,2.1056113243103027
23-06-1995,2.5740740299224854,2.59259295463562,227475,2.6111109256744385,2.6111109256744385,2.1359078884124756
26-06-1995,2.6111109256744385,2.6296300888061523,246375,2.6666669845581055,2.6481480598449707,2.1662042140960693
27-06-1995,2.6296300888061523,2.6481480598449707,99225,2.6481480598449707,2.6481480598449707,2.1662042140960693
28-06-1995,2.6111109256744385,2.6481480598449707,233550,2.6481480598449707,2.6296300888061523,2.151057481765747
29-06-1995,2.6111109256744385,2.6111109256744385,104625,2.6481480598449707,2.6111109256744385,2.1359078884124756
30-06-1995,2.6203699111938477,2.6203699111938477,87750,2.6666669845581055,2.6666669845581055,2.1813533306121826
03-07-1995,2.6111109256744385,2.6666669845581055,134325,2.6666669845581055,2.6296300888061523,2.151057481765747
05-07-1995,2.6296300888061523,2.6296300888061523,173475,2.6666669845581055,2.6296300888061523,2.151057481765747
06-07-1995,2.6111109256744385,2.6111109256744385,62100,2.6666669845581055,2.6666669845581055,2.1813533306121826
07-07-1995,2.6481480598449707,2.6666669845581055,541350,2.7962958812713623,2.740741014480591,2.2419466972351074
10-07-1995,2.6666669845581055,2.722222089767456,549450,2.7962958812713623,2.759258985519409,2.2570934295654297
11-07-1995,2.722222089767456,2.740741014480591,341550,2.7962958812713623,2.722222089767456,2.2267982959747314
12-07-1995,2.722222089767456,2.722222089767456,375975,2.759258985519409,2.759258985519409,2.2570934295654297
13-07-1995,2.740741014480591,2.759258985519409,636525,2.759258985519409,2.740741014480591,2.2419466972351074
14-07-1995,2.7037041187286377,2.759258985519409,102600,2.759258985519409,2.740741014480591,2.2419466972351074
17-07-1995,2.722222089767456,2.722222089767456,2452950,2.8888890743255615,2.814815044403076,2.3025386333465576
18-07-1995,2.7962958812713623,2.814815044403076,450225,2.8333330154418945,2.814815044403076,2.3025386333465576
19-07-1995,2.740741014480591,2.814815044403076,273375,2.814815044403076,2.777777910232544,2.2722420692443848
20-07-1995,2.777777910232544,2.7962958812713623,928800,2.7962958812713623,2.7962958812713623,2.287388801574707
21-07-1995,2.777777910232544,2.7962958812713623,172800,2.7962958812713623,2.777777910232544,2.2722420692443848
24-07-1995,2.740741014480591,2.777777910232544,206550,2.777777910232544,2.740741014480591,2.2419466972351074
25-07-1995,2.740741014480591,2.740741014480591,312525,2.759258985519409,2.759258985519409,2.2570934295654297
26-07-1995,2.7037041187286377,2.759258985519409,259200,2.759258985519409,2.7037041187286377,2.21164870262146
27-07-1995,2.7037041187286377,2.722222089767456,253125,2.722222089767456,2.7037041187286377,2.21164870262146
28-07-1995,2.6666669845581055,2.722222089767456,345600,2.740741014480591,2.722222089767456,2.2267982959747314
31-07-1995,2.6666669845581055,2.7037041187286377,5032125,2.7037041187286377,2.685184955596924,2.1965010166168213
01-08-1995,2.6296300888061523,2.685184955596924,163350,2.685184955596924,2.6296300888061523,2.151057481765747
02-08-1995,2.59259295463562,2.6296300888061523,500850,2.6481480598449707,2.59259295463562,2.120759963989258
03-08-1995,2.5740740299224854,2.5740740299224854,626400,2.6666669845581055,2.6666669845581055,2.1813533306121826
04-08-1995,2.6296300888061523,2.6481480598449707,500175,2.7037041187286377,2.6666669845581055,2.1813533306121826
07-08-1995,2.6296300888061523,2.6481480598449707,263925,2.6666669845581055,2.6296300888061523,2.151057481765747
08-08-1995,2.5740740299224854,2.6111109256744385,724275,2.6296300888061523,2.59259295463562,2.120759963989258
09-08-1995,2.5740740299224854,2.5740740299224854,344250,2.685184955596924,2.6481480598449707,2.1662042140960693
10-08-1995,2.6296300888061523,2.6666669845581055,242325,2.685184955596924,2.6296300888061523,2.151057481765747
11-08-1995,2.6296300888061523,2.6296300888061523,112050,2.6666669845581055,2.6296300888061523,2.151057481765747
14-08-1995,2.59259295463562,2.6481480598449707,152550,2.6481480598449707,2.6481480598449707,2.1662042140960693
15-08-1995,2.6296300888061523,2.6666669845581055,139050,2.6666669845581055,2.6666669845581055,2.1813533306121826
16-08-1995,2.5740740299224854,2.6296300888061523,423225,2.6481480598449707,2.6296300888061523,2.151057481765747
17-08-1995,2.6296300888061523,2.6481480598449707,330750,2.7037041187286377,2.7037041187286377,2.21164870262146
18-08-1995,2.6666669845581055,2.722222089767456,271350,2.722222089767456,2.685184955596924,2.1965010166168213
21-08-1995,2.6666669845581055,2.6666669845581055,348300,2.7037041187286377,2.685184955596924,2.1965010166168213
22-08-1995,2.5740740299224854,2.6666669845581055,267975,2.685184955596924,2.6111109256744385,2.1359078884124756
23-08-1995,2.59259295463562,2.59259295463562,464400,2.7037041187286377,2.7037041187286377,2.21164870262146
24-08-1995,2.6666669845581055,2.685184955596924,123525,2.7037041187286377,2.685184955596924,2.1965010166168213
25-08-1995,2.6481480598449707,2.685184955596924,102600,2.685184955596924,2.6666669845581055,2.1813533306121826
28-08-1995,2.6111109256744385,2.6666669845581055,139050,2.6666669845581055,2.6296300888061523,2.151057481765747
29-08-1995,2.5740740299224854,2.6111109256744385,110700,2.6111109256744385,2.6111109256744385,2.1359078884124756
30-08-1995,2.59259295463562,2.59259295463562,324675,2.6296300888061523,2.6111109256744385,2.1359078884124756
31-08-1995,2.5740740299224854,2.6111109256744385,203175,2.6111109256744385,2.59259295463562,2.120759963989258
01-09-1995,2.5740740299224854,2.59259295463562,250425,2.6111109256744385,2.59259295463562,2.120759963989258
05-09-1995,2.555556058883667,2.5740740299224854,537975,2.6481480598449707,2.59259295463562,2.120759963989258
06-09-1995,2.59259295463562,2.6296300888061523,256500,2.6296300888061523,2.6111109256744385,2.1359078884124756
07-09-1995,2.444443941116333,2.6111109256744385,474525,2.6111109256744385,2.537036895751953,2.07531476020813
08-09-1995,2.537036895751953,2.537036895751953,369900,2.5740740299224854,2.5740740299224854,2.1056113243103027
11-09-1995,2.555556058883667,2.5740740299224854,45900,2.59259295463562,2.5740740299224854,2.1056113243103027
12-09-1995,2.537036895751953,2.555556058883667,146475,2.5740740299224854,2.5740740299224854,2.1056113243103027
13-09-1995,2.59259295463562,2.59259295463562,124875,2.6111109256744385,2.59259295463562,2.128108501434326
14-09-1995,2.537036895751953,2.59259295463562,147825,2.59259295463562,2.537036895751953,2.0825068950653076
15-09-1995,2.4814810752868652,2.555556058883667,347625,2.555556058883667,2.537036895751953,2.0825068950653076
18-09-1995,2.5,2.5185189247131348,146475,2.537036895751953,2.5185189247131348,2.067305088043213
19-09-1995,2.5185189247131348,2.5185189247131348,262575,2.537036895751953,2.537036895751953,2.0825068950653076
20-09-1995,2.5,2.5185189247131348,135675,2.537036895751953,2.5,2.0521039962768555
21-09-1995,2.462963104248047,2.5185189247131348,325350,2.5185189247131348,2.462963104248047,2.021702527999878
22-09-1995,2.462963104248047,2.4814810752868652,283500,2.4814810752868652,2.4814810752868652,2.0369043350219727
25-09-1995,2.444443941116333,2.4814810752868652,48600,2.4814810752868652,2.462963104248047,2.021702527999878
26-09-1995,2.4259259700775146,2.444443941116333,126900,2.4814810752868652,2.4259259700775146,1.9913005828857422
27-09-1995,2.3888890743255615,2.40740704536438,301725,2.462963104248047,2.462963104248047,2.021702527999878
28-09-1995,2.462963104248047,2.4814810752868652,68850,2.4814810752868652,2.462963104248047,2.021702527999878
29-09-1995,2.444443941116333,2.444443941116333,432000,2.537036895751953,2.537036895751953,2.0825068950653076
02-10-1995,2.5185189247131348,2.5185189247131348,641925,2.555556058883667,2.537036895751953,2.0825068950653076
03-10-1995,2.4814810752868652,2.555556058883667,256500,2.555556058883667,2.4814810752868652,2.0369043350219727
04-10-1995,2.4814810752868652,2.5,265275,2.5185189247131348,2.4814810752868652,2.0369043350219727
05-10-1995,2.462963104248047,2.462963104248047,369225,2.5,2.4814810752868652,2.0369043350219727
06-10-1995,2.4814810752868652,2.4814810752868652,350325,2.5185189247131348,2.5185189247131348,2.067305088043213
09-10-1995,2.4814810752868652,2.5,120150,2.5,2.4814810752868652,2.0369043350219727
10-10-1995,2.462963104248047,2.462963104248047,405000,2.5,2.4814810752868652,2.0369043350219727
11-10-1995,2.462963104248047,2.462963104248047,89100,2.537036895751953,2.537036895751953,2.0825068950653076
12-10-1995,2.555556058883667,2.555556058883667,153900,2.5740740299224854,2.555556058883667,2.0977067947387695
13-10-1995,2.555556058883667,2.555556058883667,278100,2.59259295463562,2.59259295463562,2.128108501434326
16-10-1995,2.59259295463562,2.59259295463562,416475,2.6296300888061523,2.6296300888061523,2.1585114002227783
17-10-1995,2.6296300888061523,2.6481480598449707,194400,2.6481480598449707,2.6296300888061523,2.1585114002227783
18-10-1995,2.6296300888061523,2.6296300888061523,128250,2.6481480598449707,2.6481480598449707,2.173711061477661
19-10-1995,2.6111109256744385,2.6481480598449707,151875,2.6481480598449707,2.6111109256744385,2.1433091163635254
20-10-1995,2.6296300888061523,2.6296300888061523,406350,2.685184955596924,2.6481480598449707,2.173711061477661
23-10-1995,2.6296300888061523,2.6296300888061523,48600,2.6481480598449707,2.6296300888061523,2.1585114002227783
24-10-1995,2.59259295463562,2.6296300888061523,949050,2.6296300888061523,2.6111109256744385,2.1433091163635254
25-10-1995,2.6296300888061523,2.6296300888061523,103950,2.6481480598449707,2.6296300888061523,2.1585114002227783
26-10-1995,2.6111109256744385,2.6296300888061523,67500,2.6296300888061523,2.6296300888061523,2.1585114002227783
27-10-1995,2.6111109256744385,2.6111109256744385,81000,2.6296300888061523,2.6111109256744385,2.1433091163635254
30-10-1995,2.6111109256744385,2.6296300888061523,75600,2.6296300888061523,2.6111109256744385,2.1433091163635254
31-10-1995,2.6111109256744385,2.6296300888061523,385425,2.6481480598449707,2.6111109256744385,2.1433091163635254
01-11-1995,2.6111109256744385,2.6296300888061523,685125,2.6481480598449707,2.6296300888061523,2.1585114002227783
02-11-1995,2.6111109256744385,2.6111109256744385,265275,2.6481480598449707,2.6481480598449707,2.173711061477661
03-11-1995,2.6481480598449707,2.6666669845581055,318600,2.722222089767456,2.7037041187286377,2.219313144683838
06-11-1995,2.6666669845581055,2.7037041187286377,353700,2.7037041187286377,2.6666669845581055,2.1889119148254395
07-11-1995,2.6481480598449707,2.6666669845581055,49275,2.6666669845581055,2.6666669845581055,2.1889119148254395
08-11-1995,2.6296300888061523,2.6666669845581055,28350,2.6666669845581055,2.6296300888061523,2.1585114002227783
09-11-1995,2.6111109256744385,2.6296300888061523,201825,2.6296300888061523,2.6296300888061523,2.1585114002227783
10-11-1995,2.6296300888061523,2.6296300888061523,193050,2.685184955596924,2.6481480598449707,2.173711061477661
13-11-1995,2.6296300888061523,2.6481480598449707,192375,2.6666669845581055,2.6296300888061523,2.1585114002227783
14-11-1995,2.6111109256744385,2.6111109256744385,127575,2.6296300888061523,2.6296300888061523,2.1585114002227783
15-11-1995,2.6111109256744385,2.6111109256744385,172125,2.6296300888061523,2.6296300888061523,2.1585114002227783
16-11-1995,2.6111109256744385,2.6296300888061523,253800,2.6666669845581055,2.6296300888061523,2.1585114002227783
17-11-1995,2.6296300888061523,2.6296300888061523,87750,2.6481480598449707,2.6481480598449707,2.173711061477661
20-11-1995,2.6296300888061523,2.6296300888061523,119475,2.6666669845581055,2.6481480598449707,2.173711061477661
21-11-1995,2.6296300888061523,2.6481480598449707,118125,2.6481480598449707,2.6481480598449707,2.173711061477661
22-11-1995,2.6296300888061523,2.6481480598449707,279450,2.6666669845581055,2.6296300888061523,2.1585114002227783
24-11-1995,2.6666669845581055,2.6666669845581055,26325,2.685184955596924,2.6666669845581055,2.1889119148254395
27-11-1995,2.6481480598449707,2.6666669845581055,124875,2.6666669845581055,2.6666669845581055,2.1889119148254395
28-11-1995,2.6481480598449707,2.6666669845581055,78975,2.6666669845581055,2.6481480598449707,2.173711061477661
29-11-1995,2.6481480598449707,2.6666669845581055,46575,2.6666669845581055,2.6666669845581055,2.1889119148254395
30-11-1995,2.5740740299224854,2.6666669845581055,367875,2.6666669845581055,2.6111109256744385,2.1433091163635254
01-12-1995,2.6111109256744385,2.6296300888061523,502875,2.6666669845581055,2.6666669845581055,2.1889119148254395
04-12-1995,2.6111109256744385,2.6666669845581055,753300,2.6666669845581055,2.6481480598449707,2.173711061477661
05-12-1995,2.6111109256744385,2.6296300888061523,776250,2.6481480598449707,2.6296300888061523,2.1585114002227783
06-12-1995,2.6296300888061523,2.6296300888061523,284850,2.6296300888061523,2.6296300888061523,2.1658318042755127
07-12-1995,2.6296300888061523,2.6481480598449707,2136375,2.6481480598449707,2.6296300888061523,2.1658318042755127
08-12-1995,2.6296300888061523,2.6481480598449707,108675,2.6481480598449707,2.6481480598449707,2.181084394454956
11-12-1995,2.6111109256744385,2.6296300888061523,147150,2.6481480598449707,2.6111109256744385,2.150578260421753
12-12-1995,2.59259295463562,2.59259295463562,110700,2.6111109256744385,2.59259295463562,2.1353275775909424
13-12-1995,2.59259295463562,2.59259295463562,136350,2.6296300888061523,2.6296300888061523,2.1658318042755127
14-12-1995,2.6111109256744385,2.6296300888061523,78300,2.6296300888061523,2.6296300888061523,2.1658318042755127
15-12-1995,2.6296300888061523,2.6296300888061523,421200,2.6666669845581055,2.6481480598449707,2.181084394454956
18-12-1995,2.6296300888061523,2.6296300888061523,84375,2.6481480598449707,2.6481480598449707,2.181084394454956
19-12-1995,2.6296300888061523,2.6296300888061523,174150,2.6481480598449707,2.6481480598449707,2.181084394454956
20-12-1995,2.6296300888061523,2.6481480598449707,130950,2.6481480598449707,2.6296300888061523,2.1658318042755127
21-12-1995,2.6481480598449707,2.6481480598449707,250425,2.685184955596924,2.6666669845581055,2.1963372230529785
22-12-1995,2.6666669845581055,2.685184955596924,87750,2.685184955596924,2.685184955596924,2.21158766746521
26-12-1995,2.685184955596924,2.685184955596924,321975,2.740741014480591,2.740741014480591,2.2573463916778564
27-12-1995,2.722222089767456,2.740741014480591,491400,2.777777910232544,2.777777910232544,2.287849187850952
28-12-1995,2.777777910232544,2.777777910232544,379350,2.8333330154418945,2.8333330154418945,2.3336069583892822
29-12-1995,2.7037041187286377,2.8518519401550293,606825,2.8518519401550293,2.777777910232544,2.287849187850952
02-01-1996,2.740741014480591,2.759258985519409,276075,2.759258985519409,2.759258985519409,2.2725958824157715
03-01-1996,2.740741014480591,2.777777910232544,360450,2.7962958812713623,2.740741014480591,2.2573463916778564
04-01-1996,2.6666669845581055,2.759258985519409,320625,2.759258985519409,2.685184955596924,2.21158766746521
05-01-1996,2.6666669845581055,2.685184955596924,623700,2.7037041187286377,2.685184955596924,2.21158766746521
08-01-1996,2.685184955596924,2.685184955596924,25650,2.740741014480591,2.740741014480591,2.2573463916778564
09-01-1996,2.7037041187286377,2.740741014480591,31050,2.740741014480591,2.7037041187286377,2.226840019226074
10-01-1996,2.6481480598449707,2.685184955596924,414450,2.685184955596924,2.6666669845581055,2.1963372230529785
11-01-1996,2.6296300888061523,2.6481480598449707,186300,2.6666669845581055,2.6666669845581055,2.1963372230529785
12-01-1996,2.5740740299224854,2.6481480598449707,459000,2.6481480598449707,2.59259295463562,2.1353275775909424
15-01-1996,2.59259295463562,2.6111109256744385,143100,2.6296300888061523,2.6111109256744385,2.150578260421753
16-01-1996,2.5740740299224854,2.6296300888061523,922050,2.6296300888061523,2.59259295463562,2.1353275775909424
17-01-1996,2.5,2.59259295463562,588600,2.6111109256744385,2.6111109256744385,2.150578260421753
18-01-1996,2.5740740299224854,2.59259295463562,449550,2.6111109256744385,2.6111109256744385,2.150578260421753
19-01-1996,2.59259295463562,2.6111109256744385,184950,2.6111109256744385,2.6111109256744385,2.150578260421753
22-01-1996,2.59259295463562,2.59259295463562,294300,2.6296300888061523,2.6296300888061523,2.1658318042755127
23-01-1996,2.6111109256744385,2.6296300888061523,91800,2.6296300888061523,2.6111109256744385,2.150578260421753
24-01-1996,2.6111109256744385,2.6296300888061523,278775,2.6296300888061523,2.6111109256744385,2.150578260421753
25-01-1996,2.59259295463562,2.59259295463562,199125,2.6111109256744385,2.59259295463562,2.1353275775909424
26-01-1996,2.5185189247131348,2.59259295463562,677700,2.59259295463562,2.5185189247131348,2.074317693710327
29-01-1996,2.5185189247131348,2.5740740299224854,551475,2.5740740299224854,2.537036895751953,2.089569330215454
30-01-1996,2.5,2.537036895751953,436725,2.555556058883667,2.5,2.0590648651123047
31-01-1996,2.462963104248047,2.5,677025,2.5185189247131348,2.5,2.0590648651123047
01-02-1996,2.444443941116333,2.5,270000,2.5,2.4814810752868652,2.0438125133514404
02-02-1996,2.3703699111938477,2.4259259700775146,1563300,2.4814810752868652,2.462963104248047,2.028560161590576
05-02-1996,2.462963104248047,2.4814810752868652,317925,2.5,2.5,2.0590648651123047
06-02-1996,2.5,2.5185189247131348,508950,2.5740740299224854,2.5185189247131348,2.074317693710327
07-02-1996,2.5185189247131348,2.537036895751953,306450,2.5740740299224854,2.537036895751953,2.089569330215454
08-02-1996,2.5185189247131348,2.537036895751953,583875,2.537036895751953,2.537036895751953,2.089569330215454
09-02-1996,2.5,2.537036895751953,307800,2.537036895751953,2.537036895751953,2.089569330215454
12-02-1996,2.5,2.5185189247131348,375300,2.537036895751953,2.5185189247131348,2.074317693710327
13-02-1996,2.5,2.5185189247131348,265950,2.537036895751953,2.5185189247131348,2.074317693710327
14-02-1996,2.5,2.5185189247131348,336825,2.5185189247131348,2.5,2.0590648651123047
15-02-1996,2.4814810752868652,2.5,207900,2.5185189247131348,2.4814810752868652,2.0438125133514404
16-02-1996,2.444443941116333,2.444443941116333,349650,2.5185189247131348,2.5185189247131348,2.074317693710327
20-02-1996,2.4814810752868652,2.5185189247131348,290925,2.5185189247131348,2.5,2.0590648651123047
21-02-1996,2.462963104248047,2.4814810752868652,149850,2.4814810752868652,2.462963104248047,2.028560161590576
22-02-1996,2.4814810752868652,2.4814810752868652,426600,2.5740740299224854,2.5740740299224854,2.120074510574341
23-02-1996,2.5185189247131348,2.5740740299224854,353025,2.59259295463562,2.5740740299224854,2.120074510574341
26-02-1996,2.537036895751953,2.5740740299224854,187650,2.5740740299224854,2.555556058883667,2.104820728302002
27-02-1996,2.5185189247131348,2.537036895751953,742500,2.555556058883667,2.555556058883667,2.104820728302002
28-02-1996,2.5,2.555556058883667,431325,2.555556058883667,2.5,2.0590648651123047
29-02-1996,2.462963104248047,2.5185189247131348,203850,2.5185189247131348,2.462963104248047,2.028560161590576
01-03-1996,2.4814810752868652,2.4814810752868652,1074600,2.537036895751953,2.5185189247131348,2.074317693710327
04-03-1996,2.537036895751953,2.537036895751953,211275,2.59259295463562,2.59259295463562,2.1353275775909424
05-03-1996,2.59259295463562,2.6111109256744385,125550,2.6296300888061523,2.6111109256744385,2.150578260421753
06-03-1996,2.5740740299224854,2.6111109256744385,146475,2.6296300888061523,2.5740740299224854,2.120074510574341
07-03-1996,2.555556058883667,2.5740740299224854,290925,2.59259295463562,2.555556058883667,2.104820728302002
08-03-1996,2.4814810752868652,2.5185189247131348,348300,2.5185189247131348,2.4814810752868652,2.0438125133514404
11-03-1996,2.4814810752868652,2.4814810752868652,136350,2.5185189247131348,2.5,2.0590648651123047
12-03-1996,2.5185189247131348,2.5185189247131348,2830275,2.537036895751953,2.525463104248047,2.080037832260132
13-03-1996,2.5,2.5,143775,2.5185189247131348,2.5185189247131348,2.0816447734832764
14-03-1996,2.4814810752868652,2.5,691875,2.5185189247131348,2.5,2.0663375854492188
15-03-1996,2.5,2.5,325350,2.5185189247131348,2.5185189247131348,2.0816447734832764
18-03-1996,2.537036895751953,2.537036895751953,227475,2.5740740299224854,2.5740740299224854,2.1275627613067627
19-03-1996,2.5740740299224854,2.5740740299224854,619650,2.6666669845581055,2.6666669845581055,2.204094886779785
20-03-1996,2.6296300888061523,2.6481480598449707,122850,2.6481480598449707,2.6296300888061523,2.1734817028045654
21-03-1996,2.6296300888061523,2.6481480598449707,184950,2.6481480598449707,2.6296300888061523,2.1734817028045654
22-03-1996,2.6296300888061523,2.6296300888061523,43875,2.6296300888061523,2.6296300888061523,2.1734817028045654
25-03-1996,2.59259295463562,2.6296300888061523,65475,2.6296300888061523,2.6111109256744385,2.158174514770508
26-03-1996,2.555556058883667,2.59259295463562,97875,2.6111109256744385,2.59259295463562,2.1428699493408203
27-03-1996,2.5740740299224854,2.5740740299224854,89775,2.6296300888061523,2.6111109256744385,2.158174514770508
28-03-1996,2.5740740299224854,2.6111109256744385,230850,2.6111109256744385,2.59259295463562,2.1428699493408203
29-03-1996,2.5740740299224854,2.6111109256744385,141075,2.6296300888061523,2.6111109256744385,2.158174514770508
01-04-1996,2.59259295463562,2.59259295463562,83700,2.6296300888061523,2.6296300888061523,2.1734817028045654
02-04-1996,2.6111109256744385,2.6111109256744385,119475,2.6481480598449707,2.6481480598449707,2.1887881755828857
03-04-1996,2.6296300888061523,2.6296300888061523,436050,2.7037041187286377,2.6666669845581055,2.204094886779785
04-04-1996,2.6111109256744385,2.6481480598449707,128925,2.6481480598449707,2.6111109256744385,2.158174514770508
08-04-1996,2.5740740299224854,2.5740740299224854,390150,2.5740740299224854,2.5740740299224854,2.1275627613067627
09-04-1996,2.5740740299224854,2.59259295463562,124875,2.6111109256744385,2.6111109256744385,2.158174514770508
10-04-1996,2.59259295463562,2.59259295463562,268650,2.6111109256744385,2.59259295463562,2.1428699493408203
11-04-1996,2.59259295463562,2.59259295463562,55350,2.6111109256744385,2.59259295463562,2.1428699493408203
12-04-1996,2.59259295463562,2.59259295463562,147825,2.6481480598449707,2.6481480598449707,2.1887881755828857
15-04-1996,2.6111109256744385,2.6111109256744385,105975,2.6481480598449707,2.6481480598449707,2.1887881755828857
16-04-1996,2.6111109256744385,2.6296300888061523,261900,2.6481480598449707,2.6296300888061523,2.1734817028045654
17-04-1996,2.6111109256744385,2.6296300888061523,298350,2.6296300888061523,2.6296300888061523,2.1734817028045654
18-04-1996,2.6111109256744385,2.6296300888061523,120150,2.6296300888061523,2.6296300888061523,2.1734817028045654
19-04-1996,2.6111109256744385,2.6296300888061523,113400,2.6481480598449707,2.6296300888061523,2.1734817028045654
22-04-1996,2.6111109256744385,2.6666669845581055,554175,2.7037041187286377,2.6481480598449707,2.1887881755828857
23-04-1996,2.6111109256744385,2.6666669845581055,320625,2.6666669845581055,2.6111109256744385,2.158174514770508
24-04-1996,2.6111109256744385,2.6111109256744385,321300,2.7037041187286377,2.685184955596924,2.2193992137908936
25-04-1996,2.6666669845581055,2.685184955596924,510300,2.7962958812713623,2.777777910232544,2.2959303855895996
26-04-1996,2.759258985519409,2.7962958812713623,210600,2.7962958812713623,2.759258985519409,2.2806236743927
29-04-1996,2.740741014480591,2.759258985519409,594675,2.8703699111938477,2.814815044403076,2.3265433311462402
30-04-1996,2.7962958812713623,2.7962958812713623,342225,2.8703699111938477,2.8518519401550293,2.3571557998657227
01-05-1996,2.814815044403076,2.8518519401550293,272700,2.8518519401550293,2.8333330154418945,2.3418498039245605
02-05-1996,2.814815044403076,2.814815044403076,180225,2.8333330154418945,2.814815044403076,2.3265433311462402
03-05-1996,2.759258985519409,2.8333330154418945,135675,2.8333330154418945,2.759258985519409,2.2806236743927
06-05-1996,2.777777910232544,2.777777910232544,1763100,2.814815044403076,2.814815044403076,2.3265433311462402
07-05-1996,2.814815044403076,2.8333330154418945,276750,2.8333330154418945,2.814815044403076,2.3265433311462402
08-05-1996,2.777777910232544,2.7962958812713623,494100,2.814815044403076,2.814815044403076,2.3265433311462402
09-05-1996,2.7962958812713623,2.7962958812713623,183600,2.814815044403076,2.814815044403076,2.3265433311462402
10-05-1996,2.814815044403076,2.814815044403076,342225,2.8518519401550293,2.8518519401550293,2.3571557998657227
13-05-1996,2.8333330154418945,2.8518519401550293,216675,2.8518519401550293,2.8518519401550293,2.3571557998657227
14-05-1996,2.8703699111938477,2.8703699111938477,517050,3.0,3.0,2.479604721069336
15-05-1996,2.9259259700775146,3.0,467775,3.0,2.962963104248047,2.448992967605591
16-05-1996,2.944443941116333,2.944443941116333,340200,3.037036895751953,3.037036895751953,2.510218620300293
17-05-1996,3.037036895751953,3.037036895751953,372600,3.0740740299224854,3.0740740299224854,2.540830612182617
20-05-1996,3.055556058883667,3.0740740299224854,505575,3.09259295463562,3.0740740299224854,2.540830612182617
21-05-1996,3.0,3.09259295463562,214650,3.09259295463562,3.0,2.479604721069336
22-05-1996,2.962963104248047,3.0185189247131348,95850,3.0185189247131348,2.9814810752868652,2.4642984867095947
23-05-1996,2.944443941116333,2.944443941116333,407700,3.0740740299224854,3.037036895751953,2.510218620300293
24-05-1996,3.0185189247131348,3.037036895751953,228825,3.0740740299224854,3.055556058883667,2.5255250930786133
28-05-1996,3.0185189247131348,3.055556058883667,64125,3.055556058883667,3.0185189247131348,2.4949114322662354
29-05-1996,3.0185189247131348,3.0185189247131348,819450,3.0740740299224854,3.0740740299224854,2.540830612182617
30-05-1996,3.055556058883667,3.055556058883667,447525,3.1111109256744385,3.1111109256744385,2.571441888809204
31-05-1996,3.1296300888061523,3.1296300888061523,456300,3.2037041187286377,3.185184955596924,2.632667303085327
03-06-1996,3.185184955596924,3.222222089767456,341550,3.222222089767456,3.2037041187286377,2.647972822189331
04-06-1996,3.222222089767456,3.240741014480591,689850,3.2962958812713623,3.2962958812713623,2.724503755569458
05-06-1996,3.222222089767456,3.2962958812713623,367200,3.2962958812713623,3.222222089767456,2.6632795333862305
06-06-1996,3.222222089767456,3.259258985519409,537975,3.259258985519409,3.259258985519409,2.6938929557800293
07-06-1996,3.222222089767456,3.222222089767456,463050,3.277777910232544,3.277777910232544,2.709198236465454
10-06-1996,3.2037041187286377,3.240741014480591,365850,3.240741014480591,3.222222089767456,2.6632795333862305
11-06-1996,3.2037041187286377,3.240741014480591,163350,3.240741014480591,3.240741014480591,2.678586006164551
12-06-1996,3.2037041187286377,3.222222089767456,473175,3.259258985519409,3.2037041187286377,2.6552574634552
13-06-1996,3.1481480598449707,3.2037041187286377,389475,3.2037041187286377,3.185184955596924,2.639909267425537
14-06-1996,3.1481480598449707,3.2037041187286377,268650,3.222222089767456,3.1481480598449707,2.6092119216918945
17-06-1996,3.1296300888061523,3.1481480598449707,210600,3.1481480598449707,3.1296300888061523,2.5938642024993896
18-06-1996,3.1111109256744385,3.1296300888061523,288900,3.1481480598449707,3.1481480598449707,2.6092119216918945
19-06-1996,3.1296300888061523,3.1666669845581055,345600,3.1666669845581055,3.1666669845581055,2.6245598793029785
20-06-1996,3.1481480598449707,3.1666669845581055,93150,3.1666669845581055,3.1666669845581055,2.6245598793029785
21-06-1996,3.1296300888061523,3.1296300888061523,189675,3.1481480598449707,3.1296300888061523,2.5938642024993896
24-06-1996,3.1296300888061523,3.1481480598449707,133650,3.185184955596924,3.185184955596924,2.639909267425537
25-06-1996,3.2037041187286377,3.2037041187286377,140400,3.240741014480591,3.222222089767456,2.6706037521362305
26-06-1996,3.1111109256744385,3.240741014480591,103275,3.240741014480591,3.1111109256744385,2.5785152912139893
27-06-1996,3.1111109256744385,3.1111109256744385,339525,3.1296300888061523,3.1111109256744385,2.5785152912139893
28-06-1996,3.1111109256744385,3.1111109256744385,504900,3.222222089767456,3.185184955596924,2.639909267425537
01-07-1996,3.1666669845581055,3.2037041187286377,397575,3.2037041187286377,3.2037041187286377,2.6552574634552
02-07-1996,3.1666669845581055,3.2037041187286377,146475,3.2037041187286377,3.185184955596924,2.639909267425537
03-07-1996,3.1481480598449707,3.1666669845581055,76950,3.185184955596924,3.1481480598449707,2.6092119216918945
05-07-1996,3.09259295463562,3.1481480598449707,81675,3.1666669845581055,3.09259295463562,2.563166618347168
08-07-1996,3.037036895751953,3.09259295463562,189675,3.09259295463562,3.055556058883667,2.532471179962158
09-07-1996,2.962963104248047,3.0185189247131348,218700,3.0185189247131348,2.9814810752868652,2.4710774421691895
10-07-1996,2.8703699111938477,2.962963104248047,339525,2.962963104248047,2.8888890743255615,2.394334554672241
11-07-1996,2.8333330154418945,2.8703699111938477,227475,2.944443941116333,2.8888890743255615,2.394334554672241
12-07-1996,2.8888890743255615,2.90740704536438,227475,2.944443941116333,2.9259259700775146,2.425032615661621
15-07-1996,2.9259259700775146,2.9259259700775146,646650,3.0,2.962963104248047,2.45572829246521
16-07-1996,2.8888890743255615,2.944443941116333,598050,2.944443941116333,2.9259259700775146,2.425032615661621
17-07-1996,2.9259259700775146,2.9259259700775146,76275,2.962963104248047,2.962963104248047,2.45572829246521
18-07-1996,2.962963104248047,2.962963104248047,192375,3.0185189247131348,2.962963104248047,2.45572829246521
19-07-1996,2.944443941116333,2.962963104248047,36450,2.962963104248047,2.944443941116333,2.4403796195983887
22-07-1996,2.8333330154418945,2.9259259700775146,177525,2.944443941116333,2.8518519401550293,2.363638401031494
23-07-1996,2.759258985519409,2.8888890743255615,310500,2.8888890743255615,2.759258985519409,2.2868971824645996
24-07-1996,2.7037041187286377,2.777777910232544,322650,2.777777910232544,2.759258985519409,2.2868971824645996
25-07-1996,2.759258985519409,2.777777910232544,143100,2.814815044403076,2.7962958812713623,2.317594528198242
26-07-1996,2.777777910232544,2.777777910232544,159300,2.7962958812713623,2.777777910232544,2.3022446632385254
29-07-1996,2.740741014480591,2.7962958812713623,353025,2.7962958812713623,2.759258985519409,2.2868971824645996
30-07-1996,2.740741014480591,2.759258985519409,198450,2.759258985519409,2.740741014480591,2.2715494632720947
31-07-1996,2.722222089767456,2.740741014480591,724275,2.759258985519409,2.759258985519409,2.2868971824645996
01-08-1996,2.722222089767456,2.777777910232544,357750,2.777777910232544,2.740741014480591,2.2715494632720947
02-08-1996,2.777777910232544,2.777777910232544,243000,2.8333330154418945,2.8333330154418945,2.34829044342041
05-08-1996,2.8703699111938477,2.8703699111938477,150525,2.8703699111938477,2.8703699111938477,2.3789870738983154
06-08-1996,2.814815044403076,2.8518519401550293,218700,2.8703699111938477,2.814815044403076,2.3329427242279053
07-08-1996,2.7962958812713623,2.814815044403076,269325,2.8518519401550293,2.8518519401550293,2.363638401031494
08-08-1996,2.814815044403076,2.8333330154418945,141075,2.8518519401550293,2.8518519401550293,2.363638401031494
09-08-1996,2.814815044403076,2.8703699111938477,71550,2.8703699111938477,2.814815044403076,2.3329427242279053
12-08-1996,2.7962958812713623,2.814815044403076,406350,2.814815044403076,2.7962958812713623,2.317594528198242
13-08-1996,2.7962958812713623,2.7962958812713623,148500,2.814815044403076,2.814815044403076,2.3329427242279053
14-08-1996,2.7962958812713623,2.814815044403076,66825,2.814815044403076,2.814815044403076,2.3329427242279053
15-08-1996,2.777777910232544,2.7962958812713623,198450,2.8518519401550293,2.8333330154418945,2.34829044342041
16-08-1996,2.8333330154418945,2.8333330154418945,50625,2.8888890743255615,2.8703699111938477,2.3789870738983154
19-08-1996,2.8333330154418945,2.8703699111938477,23625,2.8703699111938477,2.8333330154418945,2.34829044342041
20-08-1996,2.8333330154418945,2.8333330154418945,50625,2.8518519401550293,2.8333330154418945,2.34829044342041
21-08-1996,2.7962958812713623,2.814815044403076,213975,2.8333330154418945,2.8333330154418945,2.34829044342041
22-08-1996,2.814815044403076,2.8333330154418945,68175,2.8518519401550293,2.8518519401550293,2.363638401031494
23-08-1996,2.8333330154418945,2.8333330154418945,39150,2.8518519401550293,2.8518519401550293,2.363638401031494
26-08-1996,2.814815044403076,2.814815044403076,148500,2.8703699111938477,2.8518519401550293,2.363638401031494
27-08-1996,2.8518519401550293,2.8518519401550293,175500,2.90740704536438,2.8888890743255615,2.394334554672241
28-08-1996,2.8518519401550293,2.8888890743255615,84375,2.8888890743255615,2.8518519401550293,2.363638401031494
29-08-1996,2.8703699111938477,2.8703699111938477,156600,2.944443941116333,2.9259259700775146,2.425032615661621
30-08-1996,2.8518519401550293,2.8888890743255615,140400,2.9259259700775146,2.8703699111938477,2.3789870738983154
03-09-1996,2.8518519401550293,2.8703699111938477,40500,2.8888890743255615,2.8888890743255615,2.394334554672241
04-09-1996,2.8888890743255615,2.90740704536438,85050,2.9259259700775146,2.8888890743255615,2.394334554672241
05-09-1996,2.8888890743255615,2.90740704536438,47925,2.90740704536438,2.90740704536438,2.409684181213379
06-09-1996,2.8888890743255615,2.8888890743255615,53325,2.8981480598449707,2.8888890743255615,2.394334554672241
09-09-1996,2.8888890743255615,2.8888890743255615,172125,2.944443941116333,2.944443941116333,2.4403796195983887
10-09-1996,2.9259259700775146,2.9259259700775146,166050,2.962963104248047,2.962963104248047,2.45572829246521
11-09-1996,2.962963104248047,2.962963104248047,37125,2.9814810752868652,2.9814810752868652,2.4710774421691895
12-09-1996,2.944443941116333,2.962963104248047,139725,3.0,2.9814810752868652,2.4784669876098633
13-09-1996,2.9814810752868652,2.9814810752868652,47250,3.0,2.9814810752868652,2.4784669876098633
16-09-1996,2.9259259700775146,2.962963104248047,197775,2.962963104248047,2.9259259700775146,2.432283639907837
17-09-1996,2.8518519401550293,2.9259259700775146,78300,2.9259259700775146,2.8703699111938477,2.386101245880127
18-09-1996,2.8518519401550293,2.8703699111938477,102600,2.9259259700775146,2.90740704536438,2.4168894290924072
19-09-1996,2.8518519401550293,2.8888890743255615,328725,2.8888890743255615,2.8703699111938477,2.386101245880127
20-09-1996,2.814815044403076,2.8333330154418945,548775,2.8518519401550293,2.8518519401550293,2.370706558227539
23-09-1996,2.814815044403076,2.8333330154418945,297675,2.8333330154418945,2.8333330154418945,2.3553125858306885
24-09-1996,2.777777910232544,2.814815044403076,324675,2.8333330154418945,2.777777910232544,2.309129238128662
25-09-1996,2.740741014480591,2.740741014480591,2284200,2.7962958812713623,2.777777910232544,2.309129238128662
26-09-1996,2.777777910232544,2.777777910232544,231525,2.90740704536438,2.8703699111938477,2.386101245880127
27-09-1996,2.8518519401550293,2.8703699111938477,275400,2.9259259700775146,2.9259259700775146,2.432283639907837
30-09-1996,2.7962958812713623,2.9259259700775146,181575,2.9259259700775146,2.7962958812713623,2.324524402618408
01-10-1996,2.777777910232544,2.7962958812713623,263925,2.8333330154418945,2.7962958812713623,2.324524402618408
02-10-1996,2.8333330154418945,2.8333330154418945,81000,2.8703699111938477,2.8703699111938477,2.386101245880127
03-10-1996,2.740741014480591,2.8518519401550293,627750,2.8518519401550293,2.777777910232544,2.309129238128662
04-10-1996,2.759258985519409,2.777777910232544,206550,2.8333330154418945,2.814815044403076,2.339919090270996
07-10-1996,2.814815044403076,2.8333330154418945,513675,2.8518519401550293,2.814815044403076,2.339919090270996
08-10-1996,2.777777910232544,2.814815044403076,193725,2.814815044403076,2.7962958812713623,2.324524402618408
09-10-1996,2.777777910232544,2.777777910232544,139725,2.814815044403076,2.777777910232544,2.309129238128662
10-10-1996,2.777777910232544,2.777777910232544,137700,2.814815044403076,2.814815044403076,2.339919090270996
11-10-1996,2.7962958812713623,2.814815044403076,656100,2.814815044403076,2.7962958812713623,2.324524402618408
14-10-1996,2.740741014480591,2.7962958812713623,307800,2.7962958812713623,2.740741014480591,2.2783420085906982
15-10-1996,2.685184955596924,2.740741014480591,633825,2.759258985519409,2.685184955596924,2.23215913772583
16-10-1996,2.6296300888061523,2.685184955596924,489375,2.7037041187286377,2.7037041187286377,2.2475531101226807
17-10-1996,2.685184955596924,2.7037041187286377,168750,2.777777910232544,2.777777910232544,2.309129238128662
18-10-1996,2.759258985519409,2.777777910232544,161325,2.814815044403076,2.814815044403076,2.339919090270996
21-10-1996,2.814815044403076,2.8333330154418945,1110375,2.944443941116333,2.90740704536438,2.4168894290924072
22-10-1996,2.8703699111938477,2.8888890743255615,708075,2.90740704536438,2.8703699111938477,2.386101245880127
23-10-1996,2.8703699111938477,2.8703699111938477,207225,2.944443941116333,2.944443941116333,2.4476771354675293
24-10-1996,2.8888890743255615,2.9259259700775146,384750,2.9259259700775146,2.9259259700775146,2.432283639907837
25-10-1996,2.8333330154418945,2.9259259700775146,372600,2.9259259700775146,2.8703699111938477,2.386101245880127
28-10-1996,2.8518519401550293,2.8703699111938477,121500,2.8703699111938477,2.8518519401550293,2.370706558227539
29-10-1996,2.90740704536438,2.90740704536438,515025,3.0,3.0,2.493861198425293
30-10-1996,2.9814810752868652,3.0,349650,3.0,3.0,2.493861198425293
31-10-1996,2.944443941116333,3.0,454950,3.0,2.944443941116333,2.4476771354675293
01-11-1996,2.90740704536438,2.9259259700775146,194400,2.962963104248047,2.962963104248047,2.463071346282959
04-11-1996,2.90740704536438,2.90740704536438,168750,2.944443941116333,2.9259259700775146,2.432283639907837
05-11-1996,2.8888890743255615,2.944443941116333,364500,2.962963104248047,2.9259259700775146,2.432283639907837
06-11-1996,2.9259259700775146,2.9259259700775146,272700,2.9814810752868652,2.9814810752868652,2.4784669876098633
07-11-1996,2.962963104248047,2.962963104248047,187650,3.0,3.0,2.493861198425293
08-11-1996,2.962963104248047,3.0,271350,3.0185189247131348,2.9814810752868652,2.4784669876098633
11-11-1996,2.9814810752868652,3.0,378675,3.0185189247131348,3.0,2.493861198425293
12-11-1996,2.9814810752868652,3.0,96525,3.0185189247131348,3.0185189247131348,2.5092551708221436
13-11-1996,3.0,3.0,103950,3.0185189247131348,3.0,2.493861198425293
14-11-1996,2.9814810752868652,3.0,125550,3.0185189247131348,3.0,2.493861198425293
15-11-1996,3.0,3.0,309825,3.055556058883667,3.037036895751953,2.5246500968933105
18-11-1996,3.0185189247131348,3.037036895751953,145800,3.055556058883667,3.037036895751953,2.5246500968933105
19-11-1996,2.9814810752868652,3.0185189247131348,69525,3.0185189247131348,3.0,2.493861198425293
20-11-1996,2.962963104248047,2.9814810752868652,206550,3.037036895751953,3.037036895751953,2.5246500968933105
21-11-1996,3.0,3.037036895751953,132300,3.037036895751953,3.0,2.493861198425293
22-11-1996,2.90740704536438,3.0,272700,3.0,2.9814810752868652,2.4784669876098633
25-11-1996,2.944443941116333,2.962963104248047,155925,2.9814810752868652,2.9814810752868652,2.4784669876098633
26-11-1996,2.962963104248047,2.9814810752868652,305775,3.09259295463562,3.09259295463562,2.570830821990967
27-11-1996,3.0740740299224854,3.0740740299224854,115425,3.1111109256744385,3.1111109256744385,2.586226224899292
29-11-1996,3.1111109256744385,3.1111109256744385,127575,3.2037041187286377,3.1481480598449707,2.6170144081115723
02-12-1996,3.1296300888061523,3.185184955596924,365850,3.185184955596924,3.1666669845581055,2.632408380508423
03-12-1996,3.1111109256744385,3.1296300888061523,213975,3.1666669845581055,3.1111109256744385,2.586226224899292
04-12-1996,3.1111109256744385,3.1111109256744385,226125,3.1481480598449707,3.1481480598449707,2.6170144081115723
05-12-1996,3.1111109256744385,3.1481480598449707,47925,3.1666669845581055,3.1111109256744385,2.5935490131378174
06-12-1996,2.962963104248047,3.0185189247131348,342900,3.0185189247131348,3.0,2.5009233951568604
09-12-1996,2.9814810752868652,3.0,388125,3.1296300888061523,3.1111109256744385,2.5935490131378174
10-12-1996,3.1111109256744385,3.1111109256744385,113400,3.1666669845581055,3.1666669845581055,2.639862298965454
11-12-1996,3.09259295463562,3.1111109256744385,342225,3.1296300888061523,3.1296300888061523,2.60898756980896
12-12-1996,3.1111109256744385,3.1111109256744385,103950,3.1296300888061523,3.1296300888061523,2.60898756980896
13-12-1996,3.0740740299224854,3.1111109256744385,61425,3.1111109256744385,3.0740740299224854,2.5626742839813232
16-12-1996,3.0,3.0740740299224854,79650,3.0740740299224854,3.0185189247131348,2.516360282897949
17-12-1996,2.9814810752868652,3.0,460350,3.037036895751953,3.0185189247131348,2.516360282897949
18-12-1996,2.9814810752868652,3.0,322650,3.055556058883667,3.0185189247131348,2.516360282897949
19-12-1996,2.9814810752868652,3.0,508275,3.055556058883667,3.0185189247131348,2.516360282897949
20-12-1996,2.9814810752868652,3.055556058883667,363825,3.055556058883667,3.0185189247131348,2.516360282897949
23-12-1996,2.9814810752868652,3.0,301725,3.037036895751953,3.0,2.5009233951568604
24-12-1996,3.0,3.0,391500,3.1481480598449707,3.1481480598449707,2.624424934387207
26-12-1996,3.055556058883667,3.1296300888061523,403650,3.1666669845581055,3.09259295463562,2.578110694885254
27-12-1996,3.055556058883667,3.055556058883667,292275,3.2037041187286377,3.2037041187286377,2.6707379817962646
30-12-1996,3.1481480598449707,3.185184955596924,184950,3.240741014480591,3.240741014480591,2.7016139030456543
31-12-1996,3.185184955596924,3.2037041187286377,321300,3.2962958812713623,3.2962958812713623,2.7479262351989746
02-01-1997,3.1666669845581055,3.259258985519409,243675,3.259258985519409,3.1666669845581055,2.639862298965454
03-01-1997,3.185184955596924,3.185184955596924,521100,3.259258985519409,3.222222089767456,2.6861743927001953
06-01-1997,3.185184955596924,3.222222089767456,122175,3.240741014480591,3.2037041187286377,2.6707379817962646
07-01-1997,3.1666669845581055,3.185184955596924,334125,3.2037041187286377,3.2037041187286377,2.6707379817962646
08-01-1997,3.1296300888061523,3.2037041187286377,163350,3.222222089767456,3.1296300888061523,2.60898756980896
09-01-1997,3.037036895751953,3.1111109256744385,346275,3.1296300888061523,3.09259295463562,2.578110694885254
10-01-1997,3.055556058883667,3.055556058883667,149175,3.1111109256744385,3.09259295463562,2.578110694885254
13-01-1997,3.0740740299224854,3.09259295463562,221400,3.1111109256744385,3.1111109256744385,2.5935490131378174
14-01-1997,3.09259295463562,3.09259295463562,145125,3.1111109256744385,3.1111109256744385,2.5935490131378174
15-01-1997,3.055556058883667,3.09259295463562,159300,3.1111109256744385,3.0740740299224854,2.5626742839813232
16-01-1997,3.055556058883667,3.055556058883667,392175,3.1666669845581055,3.1111109256744385,2.5935490131378174
17-01-1997,3.0740740299224854,3.0740740299224854,224100,3.185184955596924,3.1666669845581055,2.639862298965454
20-01-1997,3.1666669845581055,3.1666669845581055,316575,3.240741014480591,3.240741014480591,2.7016139030456543
21-01-1997,3.222222089767456,3.259258985519409,311850,3.277777910232544,3.259258985519409,2.7170522212982178
22-01-1997,3.2037041187286377,3.277777910232544,287550,3.277777910232544,3.2037041187286377,2.6707379817962646
23-01-1997,3.0740740299224854,3.222222089767456,247050,3.222222089767456,3.0740740299224854,2.5626742839813232
24-01-1997,2.962963104248047,3.055556058883667,353025,3.0740740299224854,2.962963104248047,2.470045804977417
27-01-1997,2.944443941116333,2.962963104248047,621675,3.037036895751953,3.0185189247131348,2.516360282897949
28-01-1997,2.944443941116333,3.0185189247131348,560250,3.055556058883667,3.0,2.5009233951568604
29-01-1997,2.944443941116333,2.9814810752868652,338850,3.055556058883667,3.0185189247131348,2.516360282897949
30-01-1997,3.0,3.0,141075,3.055556058883667,3.037036895751953,2.5317986011505127
31-01-1997,3.0185189247131348,3.0185189247131348,291600,3.0740740299224854,3.0740740299224854,2.5626742839813232
03-02-1997,3.055556058883667,3.09259295463562,182250,3.09259295463562,3.09259295463562,2.578110694885254
04-02-1997,3.0740740299224854,3.0740740299224854,447525,3.1481480598449707,3.1296300888061523,2.60898756980896
05-02-1997,3.1481480598449707,3.1481480598449707,481275,3.222222089767456,3.185184955596924,2.6553003787994385
06-02-1997,3.185184955596924,3.185184955596924,485325,3.240741014480591,3.222222089767456,2.6861743927001953
07-02-1997,3.1481480598449707,3.240741014480591,199125,3.240741014480591,3.185184955596924,2.6553003787994385
10-02-1997,3.2037041187286377,3.222222089767456,300375,3.2962958812713623,3.2962958812713623,2.7479262351989746
11-02-1997,3.185184955596924,3.277777910232544,213300,3.277777910232544,3.2037041187286377,2.6707379817962646
12-02-1997,3.1666669845581055,3.240741014480591,219375,3.240741014480591,3.185184955596924,2.6553003787994385
13-02-1997,3.185184955596924,3.2037041187286377,131625,3.222222089767456,3.2037041187286377,2.6707379817962646
14-02-1997,3.185184955596924,3.185184955596924,472500,3.2962958812713623,3.277777910232544,2.7324893474578857
18-02-1997,3.222222089767456,3.259258985519409,278775,3.259258985519409,3.240741014480591,2.7016139030456543
19-02-1997,3.1481480598449707,3.222222089767456,909900,3.277777910232544,3.222222089767456,2.6861743927001953
20-02-1997,3.037036895751953,3.2037041187286377,361800,3.240741014480591,3.0740740299224854,2.5626742839813232
21-02-1997,3.037036895751953,3.09259295463562,198450,3.1296300888061523,3.1296300888061523,2.60898756980896
24-02-1997,3.055556058883667,3.1111109256744385,222750,3.185184955596924,3.185184955596924,2.6553003787994385
25-02-1997,3.1666669845581055,3.222222089767456,373275,3.222222089767456,3.185184955596924,2.6553003787994385
26-02-1997,3.185184955596924,3.185184955596924,383400,3.240741014480591,3.222222089767456,2.6861743927001953
27-02-1997,3.1666669845581055,3.222222089767456,130950,3.240741014480591,3.2037041187286377,2.6707379817962646
28-02-1997,3.1666669845581055,3.1666669845581055,227475,3.185184955596924,3.185184955596924,2.6553003787994385
03-03-1997,3.185184955596924,3.185184955596924,235575,3.259258985519409,3.259258985519409,2.7170522212982178
04-03-1997,3.240741014480591,3.259258985519409,861975,3.3333330154418945,3.2962958812713623,2.7479262351989746
05-03-1997,3.222222089767456,3.277777910232544,527175,3.2962958812713623,3.222222089767456,2.6861743927001953
06-03-1997,3.222222089767456,3.222222089767456,126900,3.2962958812713623,3.2962958812713623,2.7479262351989746
07-03-1997,3.259258985519409,3.277777910232544,156600,3.314815044403076,3.259258985519409,2.7170522212982178
10-03-1997,3.277777910232544,3.2962958812713623,127575,3.314815044403076,3.2962958812713623,2.7479262351989746
11-03-1997,3.240741014480591,3.2962958812713623,197775,3.3333330154418945,3.3333330154418945,2.778801918029785
12-03-1997,3.222222089767456,3.314815044403076,141075,3.314815044403076,3.240741014480591,2.7016139030456543
13-03-1997,3.222222089767456,3.222222089767456,228825,3.2962958812713623,3.259258985519409,2.724524736404419
14-03-1997,3.240741014480591,3.277777910232544,255150,3.3333330154418945,3.3333330154418945,2.786445379257202
17-03-1997,3.240741014480591,3.2962958812713623,153900,3.2962958812713623,3.259258985519409,2.724524736404419
18-03-1997,3.222222089767456,3.222222089767456,359775,3.277777910232544,3.240741014480591,2.709045171737671
19-03-1997,3.222222089767456,3.240741014480591,330075,3.259258985519409,3.259258985519409,2.724524736404419
20-03-1997,3.222222089767456,3.222222089767456,228825,3.277777910232544,3.240741014480591,2.709045171737671
21-03-1997,3.240741014480591,3.259258985519409,245700,3.277777910232544,3.240741014480591,2.709045171737671
24-03-1997,3.2037041187286377,3.2037041187286377,438075,3.259258985519409,3.259258985519409,2.724524736404419
25-03-1997,3.240741014480591,3.240741014480591,60075,3.259258985519409,3.240741014480591,2.709045171737671
26-03-1997,3.240741014480591,3.240741014480591,873450,3.2962958812713623,3.259258985519409,2.724524736404419
27-03-1997,3.1666669845581055,3.259258985519409,155925,3.277777910232544,3.1666669845581055,2.6471238136291504
31-03-1997,3.1296300888061523,3.185184955596924,456300,3.185184955596924,3.1296300888061523,2.6161632537841797
01-04-1997,3.1481480598449707,3.1481480598449707,85725,3.1666669845581055,3.1666669845581055,2.6471238136291504
02-04-1997,3.1481480598449707,3.1666669845581055,432675,3.185184955596924,3.1666669845581055,2.6471238136291504
03-04-1997,3.1296300888061523,3.1666669845581055,213300,3.185184955596924,3.1666669845581055,2.6471238136291504
04-04-1997,3.1666669845581055,3.1666669845581055,102600,3.185184955596924,3.185184955596924,2.6626029014587402
07-04-1997,3.1666669845581055,3.185184955596924,222750,3.222222089767456,3.185184955596924,2.6626029014587402
08-04-1997,3.1666669845581055,3.185184955596924,222750,3.222222089767456,3.185184955596924,2.6626029014587402
09-04-1997,3.2037041187286377,3.2037041187286377,355050,3.259258985519409,3.259258985519409,2.724524736404419
10-04-1997,3.240741014480591,3.240741014480591,152550,3.259258985519409,3.240741014480591,2.709045171737671
11-04-1997,3.1481480598449707,3.222222089767456,188325,3.222222089767456,3.1481480598449707,2.631643533706665
14-04-1997,3.1481480598449707,3.1666669845581055,308475,3.1666669845581055,3.1481480598449707,2.631643533706665
15-04-1997,3.1481480598449707,3.1666669845581055,312525,3.240741014480591,3.240741014480591,2.709045171737671
16-04-1997,3.185184955596924,3.222222089767456,132975,3.222222089767456,3.185184955596924,2.6626029014587402
17-04-1997,3.185184955596924,3.185184955596924,240975,3.222222089767456,3.2037041187286377,2.678083896636963
18-04-1997,3.2037041187286377,3.222222089767456,93150,3.222222089767456,3.222222089767456,2.6935620307922363
21-04-1997,3.185184955596924,3.2037041187286377,53325,3.2037041187286377,3.185184955596924,2.6626029014587402
22-04-1997,3.185184955596924,3.185184955596924,51300,3.2037041187286377,3.2037041187286377,2.678083896636963
23-04-1997,3.185184955596924,3.2037041187286377,64125,3.222222089767456,3.185184955596924,2.6626029014587402
24-04-1997,3.185184955596924,3.185184955596924,105975,3.222222089767456,3.222222089767456,2.6935620307922363
25-04-1997,3.222222089767456,3.222222089767456,321975,3.259258985519409,3.259258985519409,2.724524736404419
28-04-1997,3.259258985519409,3.2962958812713623,93825,3.314815044403076,3.259258985519409,2.724524736404419
29-04-1997,3.259258985519409,3.259258985519409,94500,3.2962958812713623,3.259258985519409,2.724524736404419
30-04-1997,3.277777910232544,3.277777910232544,206550,3.314815044403076,3.314815044403076,2.770965099334717
01-05-1997,3.3333330154418945,3.3333330154418945,386100,3.4814810752868652,3.4814810752868652,2.910287857055664
02-05-1997,3.40740704536438,3.4814810752868652,282150,3.5,3.4814810752868652,2.910287857055664
05-05-1997,3.462963104248047,3.4814810752868652,525825,3.59259295463562,3.5740740299224854,2.9876880645751953
06-05-1997,3.5,3.537036895751953,273375,3.5740740299224854,3.537036895751953,2.956728458404541
07-05-1997,3.5185189247131348,3.537036895751953,602100,3.59259295463562,3.555556058883667,2.9722094535827637
08-05-1997,3.5,3.537036895751953,63450,3.537036895751953,3.5,2.925767183303833
09-05-1997,3.3703699111938477,3.5,152550,3.5185189247131348,3.3888890743255615,2.8328864574432373
12-05-1997,3.3888890743255615,3.40740704536438,286200,3.444443941116333,3.444443941116333,2.8793258666992188
13-05-1997,3.4259259700775146,3.444443941116333,303075,3.444443941116333,3.444443941116333,2.8793258666992188
14-05-1997,3.3703699111938477,3.4259259700775146,362475,3.444443941116333,3.40740704536438,2.848365306854248
15-05-1997,3.40740704536438,3.40740704536438,638550,3.444443941116333,3.40740704536438,2.848365306854248
16-05-1997,3.40740704536438,3.444443941116333,182250,3.444443941116333,3.40740704536438,2.848365306854248
19-05-1997,3.40740704536438,3.4259259700775146,256500,3.462963104248047,3.462963104248047,2.8948071002960205
20-05-1997,3.444443941116333,3.4814810752868652,154575,3.4814810752868652,3.462963104248047,2.8948071002960205
21-05-1997,3.462963104248047,3.462963104248047,66150,3.4814810752868652,3.462963104248047,2.8948071002960205
22-05-1997,3.444443941116333,3.444443941116333,288225,3.4814810752868652,3.444443941116333,2.8793258666992188
23-05-1997,3.444443941116333,3.444443941116333,139050,3.5185189247131348,3.5185189247131348,2.9412474632263184
27-05-1997,3.462963104248047,3.4814810752868652,151200,3.5185189247131348,3.4814810752868652,2.910287857055664
28-05-1997,3.4259259700775146,3.462963104248047,227475,3.462963104248047,3.4259259700775146,2.8638477325439453
29-05-1997,3.40740704536438,3.4259259700775146,627750,3.444443941116333,3.4259259700775146,2.8638477325439453
30-05-1997,3.40740704536438,3.40740704536438,162675,3.462963104248047,3.462963104248047,2.8948071002960205
02-06-1997,3.444443941116333,3.462963104248047,127575,3.4814810752868652,3.462963104248047,2.8948071002960205
03-06-1997,3.4259259700775146,3.4814810752868652,134325,3.4814810752868652,3.462963104248047,2.8948071002960205
04-06-1997,3.4259259700775146,3.444443941116333,81000,3.462963104248047,3.444443941116333,2.8793258666992188
05-06-1997,3.444443941116333,3.444443941116333,218025,3.4814810752868652,3.444443941116333,2.8793258666992188
06-06-1997,3.444443941116333,3.462963104248047,264600,3.5,3.462963104248047,2.8948071002960205
09-06-1997,3.462963104248047,3.462963104248047,178200,3.5,3.462963104248047,2.8948071002960205
10-06-1997,3.4259259700775146,3.4259259700775146,324000,3.5185189247131348,3.4814810752868652,2.910287857055664
11-06-1997,3.4814810752868652,3.4814810752868652,1052325,3.537036895751953,3.5185189247131348,2.9412474632263184
12-06-1997,3.462963104248047,3.4814810752868652,330750,3.5185189247131348,3.5185189247131348,2.948697090148926
13-06-1997,3.5185189247131348,3.537036895751953,259200,3.5740740299224854,3.5185189247131348,2.948697090148926
16-06-1997,3.5185189247131348,3.5185189247131348,247725,3.5740740299224854,3.5740740299224854,2.9952552318573
17-06-1997,3.537036895751953,3.555556058883667,217350,3.5740740299224854,3.537036895751953,2.964216709136963
18-06-1997,3.5185189247131348,3.537036895751953,122175,3.5740740299224854,3.5740740299224854,2.9952552318573
19-06-1997,3.5740740299224854,3.5740740299224854,277425,3.6111109256744385,3.59259295463562,3.010775327682495
20-06-1997,3.462963104248047,3.4814810752868652,530550,3.537036895751953,3.5,2.9331774711608887
23-06-1997,3.5,3.5185189247131348,386100,3.5185189247131348,3.5,2.9331774711608887
24-06-1997,3.4814810752868652,3.5,240300,3.5185189247131348,3.490741014480591,2.9254183769226074
25-06-1997,3.4814810752868652,3.5,267975,3.5185189247131348,3.490741014480591,2.9254183769226074
26-06-1997,3.4814810752868652,3.5185189247131348,213300,3.537036895751953,3.4814810752868652,2.9176583290100098
27-06-1997,3.490741014480591,3.490741014480591,649350,3.5740740299224854,3.555556058883667,2.9797370433807373
30-06-1997,3.4814810752868652,3.5,753300,3.555556058883667,3.4814810752868652,2.9176583290100098
01-07-1997,3.4814810752868652,3.4814810752868652,483300,3.6666669845581055,3.6666669845581055,3.0728533267974854
02-07-1997,3.6481480598449707,3.6666669845581055,353025,3.7037041187286377,3.685184955596924,3.0883731842041016
03-07-1997,3.6759259700775146,3.694443941116333,255150,3.694443941116333,3.694443941116333,3.0961320400238037
07-07-1997,3.6666669845581055,3.6666669845581055,329400,3.777777910232544,3.777777910232544,3.1659698486328125
08-07-1997,3.759258985519409,3.759258985519409,911925,3.777777910232544,3.777777910232544,3.1659698486328125
09-07-1997,3.7037041187286377,3.777777910232544,212625,3.777777910232544,3.7037041187286377,3.1038925647735596
10-07-1997,3.7037041187286377,3.7037041187286377,213975,3.777777910232544,3.777777910232544,3.1659698486328125
11-07-1997,3.6759259700775146,3.759258985519409,1599075,3.7962958812713623,3.7037041187286377,3.1038925647735596
14-07-1997,3.6481480598449707,3.7037041187286377,450900,3.722222089767456,3.685184955596924,3.0883731842041016
15-07-1997,3.6666669845581055,3.6666669845581055,263250,3.7685189247131348,3.759258985519409,3.1504502296447754
16-07-1997,3.7685189247131348,3.7685189247131348,632475,3.8333330154418945,3.8333330154418945,3.212527275085449
17-07-1997,3.7962958812713623,3.8333330154418945,411075,3.84259295463562,3.84259295463562,3.220288038253784
18-07-1997,3.759258985519409,3.8240740299224854,193725,3.8240740299224854,3.7685189247131348,3.158210277557373
21-07-1997,3.7685189247131348,3.7685189247131348,325350,3.814815044403076,3.7962958812713623,3.181488037109375
22-07-1997,3.8333330154418945,3.8333330154418945,791100,3.8981480598449707,3.8888890743255615,3.2590863704681396
23-07-1997,3.8518519401550293,3.8981480598449707,366525,3.8981480598449707,3.8703699111938477,3.2435669898986816
24-07-1997,3.8611109256744385,3.8611109256744385,363150,3.90740704536438,3.8981480598449707,3.2668464183807373
25-07-1997,3.8888890743255615,3.90740704536438,521775,3.9259259700775146,3.8981480598449707,3.2668464183807373
28-07-1997,3.7962958812713623,3.8981480598449707,573075,3.8981480598449707,3.8703699111938477,3.2435669898986816
29-07-1997,3.814815044403076,3.8518519401550293,332100,3.8981480598449707,3.8981480598449707,3.2668464183807373
30-07-1997,3.8888890743255615,3.8888890743255615,509625,3.962963104248047,3.962963104248047,3.3211638927459717
31-07-1997,3.962963104248047,3.962963104248047,322650,4.0,4.0,3.352203845977783
01-08-1997,3.240741014480591,3.259258985519409,140400,3.277777910232544,3.240741014480591,2.7159063816070557
04-08-1997,3.240741014480591,3.240741014480591,109350,3.314815044403076,3.314815044403076,2.7779831886291504
05-08-1997,3.277777910232544,3.2962958812713623,251775,3.314815044403076,3.314815044403076,2.7779831886291504
06-08-1997,3.305556058883667,3.305556058883667,47925,3.3888890743255615,3.3888890743255615,2.8400611877441406
07-08-1997,3.3796300888061523,3.3796300888061523,195075,3.5185189247131348,3.5,2.9331774711608887
08-08-1997,3.444443941116333,3.5185189247131348,310500,3.5740740299224854,3.4537041187286377,2.894379138946533
11-08-1997,3.3981480598449707,3.4537041187286377,260550,3.462963104248047,3.444443941116333,2.8866183757781982
12-08-1997,3.4537041187286377,3.4537041187286377,379350,3.490741014480591,3.4537041187286377,2.894379138946533
13-08-1997,3.3703699111938477,3.462963104248047,240975,3.462963104248047,3.40740704536438,2.855579376220703
14-08-1997,3.3888890743255615,3.435184955596924,133650,3.435184955596924,3.3888890743255615,2.8400611877441406
15-08-1997,3.3796300888061523,3.40740704536438,182250,3.40740704536438,3.3888890743255615,2.8400611877441406
18-08-1997,3.314815044403076,3.3796300888061523,221400,3.3796300888061523,3.3240740299224854,2.785743236541748
19-08-1997,3.3333330154418945,3.3333330154418945,645975,3.435184955596924,3.4166669845581055,2.8633410930633545
20-08-1997,3.40740704536438,3.4166669845581055,167400,3.444443941116333,3.435184955596924,2.8788609504699707
21-08-1997,3.3888890743255615,3.444443941116333,720900,3.472222089767456,3.40740704536438,2.855579376220703
22-08-1997,3.3796300888061523,3.40740704536438,330750,3.40740704536438,3.40740704536438,2.855579376220703
25-08-1997,3.3703699111938477,3.3981480598449707,822825,3.444443941116333,3.4166669845581055,2.8633410930633545
26-08-1997,3.3981480598449707,3.435184955596924,358425,3.462963104248047,3.4166669845581055,2.8633410930633545
27-08-1997,3.3518519401550293,3.3981480598449707,459675,3.40740704536438,3.3981480598449707,2.8478214740753174
28-08-1997,3.3796300888061523,3.3796300888061523,237600,3.4537041187286377,3.4259259700775146,2.871100902557373
29-08-1997,3.40740704536438,3.40740704536438,180225,3.4537041187286377,3.40740704536438,2.855579376220703
02-09-1997,3.4166669845581055,3.4166669845581055,334800,3.555556058883667,3.435184955596924,2.8788609504699707
03-09-1997,3.4259259700775146,3.462963104248047,493425,3.472222089767456,3.4537041187286377,2.894379138946533
04-09-1997,3.4537041187286377,3.4537041187286377,47925,3.5185189247131348,3.5,2.9331774711608887
05-09-1997,3.4166669845581055,3.4814810752868652,135675,3.4814810752868652,3.4537041187286377,2.894379138946533
08-09-1997,3.3888890743255615,3.4814810752868652,379350,3.4814810752868652,3.40740704536438,2.855579376220703
09-09-1997,3.3796300888061523,3.3796300888061523,452925,3.4259259700775146,3.4259259700775146,2.871100902557373
10-09-1997,3.3981480598449707,3.40740704536438,481950,3.472222089767456,3.472222089767456,2.9098989963531494
11-09-1997,3.40740704536438,3.462963104248047,389475,3.472222089767456,3.444443941116333,2.8866183757781982
12-09-1997,3.4166669845581055,3.4166669845581055,168750,3.527777910232544,3.527777910232544,2.964107036590576
15-09-1997,3.490741014480591,3.5185189247131348,212625,3.527777910232544,3.5185189247131348,2.956326723098755
16-09-1997,3.527777910232544,3.537036895751953,248400,3.555556058883667,3.5462958812713623,2.979665994644165
17-09-1997,3.5185189247131348,3.5462958812713623,76950,3.5462958812713623,3.527777910232544,2.964107036590576
18-09-1997,3.509258985519409,3.509258985519409,104625,3.537036895751953,3.537036895751953,2.97188663482666
19-09-1997,3.509258985519409,3.527777910232544,368550,3.5462958812713623,3.527777910232544,2.964107036590576
22-09-1997,3.5,3.509258985519409,361125,3.537036895751953,3.537036895751953,2.97188663482666
23-09-1997,3.5,3.509258985519409,367200,3.6203699111938477,3.6018519401550293,3.026346206665039
24-09-1997,3.5185189247131348,3.5833330154418945,130275,3.5833330154418945,3.5185189247131348,2.956326723098755
25-09-1997,3.5185189247131348,3.527777910232544,126225,3.5740740299224854,3.5740740299224854,3.0030057430267334
26-09-1997,3.555556058883667,3.6018519401550293,275400,3.6018519401550293,3.6018519401550293,3.026346206665039
29-09-1997,3.537036895751953,3.5740740299224854,202500,3.5740740299224854,3.537036895751953,2.97188663482666
30-09-1997,3.444443941116333,3.509258985519409,655425,3.5462958812713623,3.4814810752868652,2.9252078533172607
01-10-1997,3.472222089767456,3.4814810752868652,380700,3.6296300888061523,3.555556058883667,2.9874467849731445
02-10-1997,3.5185189247131348,3.537036895751953,427275,3.6666669845581055,3.6111109256744385,3.0341246128082275
03-10-1997,3.555556058883667,3.6203699111938477,486000,3.6203699111938477,3.555556058883667,2.9874467849731445
06-10-1997,3.5,3.555556058883667,911250,3.555556058883667,3.5,2.940767288208008
07-10-1997,3.444443941116333,3.5,820800,3.555556058883667,3.555556058883667,2.9874467849731445
08-10-1997,3.5185189247131348,3.537036895751953,108675,3.6018519401550293,3.5833330154418945,3.01078462600708
09-10-1997,3.490741014480591,3.564815044403076,247050,3.564815044403076,3.5,2.940767288208008
10-10-1997,3.4814810752868652,3.4814810752868652,251775,3.6018519401550293,3.5185189247131348,2.956326723098755
13-10-1997,3.5185189247131348,3.5185189247131348,359100,3.6388890743255615,3.5833330154418945,3.01078462600708
14-10-1997,3.527777910232544,3.555556058883667,172800,3.555556058883667,3.537036895751953,2.97188663482666
15-10-1997,3.5185189247131348,3.5185189247131348,140400,3.5740740299224854,3.555556058883667,2.9874467849731445
16-10-1997,3.527777910232544,3.537036895751953,187650,3.5462958812713623,3.527777910232544,2.964107036590576
17-10-1997,3.4537041187286377,3.527777910232544,683100,3.564815044403076,3.555556058883667,2.9874467849731445
20-10-1997,3.4814810752868652,3.537036895751953,152550,3.537036895751953,3.509258985519409,2.948546886444092
21-10-1997,3.5,3.5,74925,3.5740740299224854,3.564815044403076,2.995224952697754
22-10-1997,3.509258985519409,3.5462958812713623,173475,3.564815044403076,3.537036895751953,2.97188663482666
23-10-1997,3.462963104248047,3.462963104248047,166725,3.5,3.4814810752868652,2.9252078533172607
24-10-1997,3.4814810752868652,3.490741014480591,203175,3.527777910232544,3.509258985519409,2.948546886444092
27-10-1997,3.34259295463562,3.4537041187286377,415800,3.537036895751953,3.34259295463562,2.8085103034973145
28-10-1997,3.2037041187286377,3.2685189247131348,504900,3.3518519401550293,3.314815044403076,2.7851717472076416
29-10-1997,3.3240740299224854,3.3240740299224854,1850850,3.3796300888061523,3.3611109256744385,2.8240694999694824
30-10-1997,3.34259295463562,3.34259295463562,164025,3.4259259700775146,3.4166669845581055,2.8707492351531982
31-10-1997,3.4259259700775146,3.4259259700775146,388800,3.5185189247131348,3.490741014480591,2.932987928390503
03-11-1997,3.4814810752868652,3.490741014480591,193725,3.5462958812713623,3.537036895751953,2.97188663482666
04-11-1997,3.4814810752868652,3.5185189247131348,257175,3.5185189247131348,3.490741014480591,2.932987928390503
05-11-1997,3.490741014480591,3.490741014480591,184275,3.5462958812713623,3.5462958812713623,2.979665994644165
06-11-1997,3.5185189247131348,3.5185189247131348,185625,3.555556058883667,3.537036895751953,2.97188663482666
07-11-1997,3.490741014480591,3.5185189247131348,376650,3.5185189247131348,3.509258985519409,2.948546886444092
10-11-1997,3.462963104248047,3.509258985519409,158625,3.537036895751953,3.509258985519409,2.948546886444092
11-11-1997,3.4814810752868652,3.509258985519409,62775,3.5185189247131348,3.4814810752868652,2.9252078533172607
12-11-1997,3.462963104248047,3.490741014480591,152550,3.5,3.472222089767456,2.9174275398254395
13-11-1997,3.444443941116333,3.472222089767456,180900,3.537036895751953,3.509258985519409,2.948546886444092
14-11-1997,3.490741014480591,3.509258985519409,235575,3.5185189247131348,3.5,2.940767288208008
17-11-1997,3.5185189247131348,3.5185189247131348,130950,3.5462958812713623,3.5462958812713623,2.979665994644165
18-11-1997,3.490741014480591,3.5462958812713623,272025,3.555556058883667,3.537036895751953,2.97188663482666
19-11-1997,3.5185189247131348,3.5185189247131348,115425,3.555556058883667,3.5185189247131348,2.956326723098755
20-11-1997,3.490741014480591,3.5185189247131348,105975,3.537036895751953,3.490741014480591,2.932987928390503
21-11-1997,3.490741014480591,3.490741014480591,76950,3.537036895751953,3.5,2.940767288208008
24-11-1997,3.435184955596924,3.4814810752868652,122850,3.4814810752868652,3.4537041187286377,2.9018685817718506
25-11-1997,3.4537041187286377,3.4537041187286377,90450,3.5,3.490741014480591,2.932987928390503
26-11-1997,3.4814810752868652,3.5,113400,3.537036895751953,3.527777910232544,2.964107036590576
28-11-1997,3.5185189247131348,3.5462958812713623,155250,3.5833330154418945,3.5185189247131348,2.956326723098755
01-12-1997,3.5185189247131348,3.527777910232544,121500,3.59259295463562,3.59259295463562,3.018566370010376
02-12-1997,3.59259295463562,3.59259295463562,105975,3.6203699111938477,3.6111109256744385,3.0341246128082275
03-12-1997,3.6111109256744385,3.6111109256744385,446175,3.6296300888061523,3.6296300888061523,3.0496857166290283
04-12-1997,3.5833330154418945,3.6203699111938477,147150,3.6203699111938477,3.6203699111938477,3.041905641555786
05-12-1997,3.5740740299224854,3.5740740299224854,192375,3.6296300888061523,3.6296300888061523,3.057192325592041
08-12-1997,3.6018519401550293,3.6111109256744385,359100,3.65740704536438,3.65740704536438,3.0805881023406982
09-12-1997,3.6296300888061523,3.6388890743255615,65475,3.65740704536438,3.65740704536438,3.0805881023406982
10-12-1997,3.6018519401550293,3.6388890743255615,84375,3.6388890743255615,3.6018519401550293,3.033794641494751
11-12-1997,3.5185189247131348,3.5740740299224854,126225,3.5740740299224854,3.527777910232544,2.9714033603668213
12-12-1997,3.5185189247131348,3.537036895751953,39825,3.537036895751953,3.527777910232544,2.9714033603668213
15-12-1997,3.490741014480591,3.527777910232544,222075,3.537036895751953,3.509258985519409,2.955803632736206
16-12-1997,3.509258985519409,3.527777910232544,159300,3.6296300888061523,3.6296300888061523,3.057192325592041
17-12-1997,3.555556058883667,3.6111109256744385,97200,3.7037041187286377,3.6111109256744385,3.041592597961426
18-12-1997,3.6388890743255615,3.685184955596924,258525,3.7037041187286377,3.6666669845581055,3.088387966156006
19-12-1997,3.6018519401550293,3.6296300888061523,592650,3.7037041187286377,3.7037041187286377,3.1195836067199707
22-12-1997,3.7037041187286377,3.7037041187286377,590625,3.7962958812713623,3.740741014480591,3.150777578353882
23-12-1997,3.7314810752868652,3.740741014480591,318600,3.759258985519409,3.7314810752868652,3.142979383468628
24-12-1997,3.722222089767456,3.740741014480591,14850,3.740741014480591,3.722222089767456,3.1351795196533203
26-12-1997,3.712963104248047,3.740741014480591,58050,3.740741014480591,3.740741014480591,3.150777578353882
29-12-1997,3.740741014480591,3.740741014480591,567675,3.944443941116333,3.9259259700775146,3.3067569732666016
30-12-1997,3.9259259700775146,3.9259259700775146,539325,4.148148059844971,4.064815044403076,3.423741340637207
31-12-1997,3.8981480598449707,4.046296119689941,207900,4.046296119689941,4.0,3.3691487312316895
02-01-1998,3.90740704536438,3.9814810752868652,210600,3.990741014480591,3.9166669845581055,3.2989580631256104
05-01-1998,3.8333330154418945,3.8981480598449707,157950,3.944443941116333,3.90740704536438,3.291158676147461
06-01-1998,3.8888890743255615,3.9166669845581055,668250,4.0,4.0,3.3691487312316895
07-01-1998,3.8518519401550293,3.9814810752868652,239625,3.9814810752868652,3.8888890743255615,3.275561571121216
08-01-1998,3.8981480598449707,3.90740704536438,278775,3.9537041187286377,3.90740704536438,3.291158676147461
09-01-1998,3.8333330154418945,3.8888890743255615,259200,3.9166669845581055,3.8333330154418945,3.2287673950195312
12-01-1998,3.759258985519409,3.8240740299224854,324675,3.8518519401550293,3.759258985519409,3.1663765907287598
13-01-1998,3.777777910232544,3.7962958812713623,280125,3.8888890743255615,3.8703699111938477,3.2599637508392334
14-01-1998,3.8888890743255615,3.8888890743255615,288900,3.962963104248047,3.9259259700775146,3.3067569732666016
15-01-1998,3.787036895751953,3.9166669845581055,187650,3.9259259700775146,3.814815044403076,3.213170051574707
16-01-1998,3.814815044403076,3.814815044403076,217350,3.9814810752868652,3.9259259700775146,3.3067569732666016
20-01-1998,3.8611109256744385,3.9166669845581055,154575,3.944443941116333,3.9166669845581055,3.2989580631256104
21-01-1998,3.8611109256744385,3.8981480598449707,267975,3.9259259700775146,3.9166669845581055,3.2989580631256104
22-01-1998,3.90740704536438,3.9166669845581055,442125,4.0,4.0,3.3691487312316895
23-01-1998,3.972222089767456,4.0,121500,4.027778148651123,4.009259223937988,3.376948833465576
26-01-1998,3.8518519401550293,4.0,280125,4.018518924713135,3.8518519401550293,3.2443645000457764
27-01-1998,3.8518519401550293,3.8611109256744385,209250,3.9259259700775146,3.90740704536438,3.291158676147461
28-01-1998,3.9259259700775146,3.9259259700775146,197100,3.972222089767456,3.962963104248047,3.3379526138305664
29-01-1998,3.962963104248047,3.962963104248047,162675,3.990741014480591,3.990741014480591,3.361349582672119
30-01-1998,3.8611109256744385,3.972222089767456,211275,3.972222089767456,3.8611109256744385,3.252163887023926
02-02-1998,3.814815044403076,3.8796300888061523,765450,3.8888890743255615,3.8611109256744385,3.252163887023926
03-02-1998,3.8703699111938477,3.8703699111938477,278100,3.962963104248047,3.935184955596924,3.314556360244751
04-02-1998,3.9166669845581055,3.935184955596924,208575,3.990741014480591,3.990741014480591,3.361349582672119
05-02-1998,3.962963104248047,4.0,250425,4.0,3.990741014480591,3.361349582672119
06-02-1998,3.9537041187286377,3.962963104248047,562275,4.0,4.0,3.3691487312316895
09-02-1998,3.9814810752868652,4.0,750600,4.064815044403076,4.055555820465088,3.415942907333374
10-02-1998,4.009259223937988,4.055555820465088,375300,4.055555820465088,4.037036895751953,3.4003446102142334
11-02-1998,4.018518924713135,4.037036895751953,159975,4.055555820465088,4.018518924713135,3.3847477436065674
12-02-1998,3.9537041187286377,4.0,213300,4.046296119689941,4.037036895751953,3.4003446102142334
13-02-1998,3.990741014480591,4.037036895751953,278775,4.037036895751953,4.018518924713135,3.3847477436065674
17-02-1998,3.9259259700775146,4.0,180900,4.0,3.9814810752868652,3.353550672531128
18-02-1998,3.9537041187286377,3.962963104248047,363150,4.037036895751953,4.037036895751953,3.4003446102142334
19-02-1998,4.0,4.037036895751953,814725,4.046296119689941,4.018518924713135,3.3847477436065674
20-02-1998,4.009259223937988,4.027778148651123,143100,4.027778148651123,4.018518924713135,3.3847477436065674
23-02-1998,4.0,4.009259223937988,178875,4.027778148651123,4.027778148651123,3.392545461654663
24-02-1998,4.0,4.037036895751953,1881225,4.037036895751953,4.018518924713135,3.3847477436065674
25-02-1998,4.009259223937988,4.018518924713135,739800,4.018518924713135,4.018518924713135,3.3847477436065674
26-02-1998,4.018518924713135,4.027778148651123,413775,4.037036895751953,4.037036895751953,3.4003446102142334
27-02-1998,3.9814810752868652,4.009259223937988,591300,4.027778148651123,3.9814810752868652,3.353550672531128
02-03-1998,3.990741014480591,3.990741014480591,1353375,4.055555820465088,4.027778148651123,3.392545461654663
03-03-1998,4.018518924713135,4.037036895751953,201825,4.037036895751953,4.027778148651123,3.392545461654663
04-03-1998,4.0,4.027778148651123,228825,4.027778148651123,4.018518924713135,3.3847477436065674
05-03-1998,3.9537041187286377,3.990741014480591,266625,4.009259223937988,3.962963104248047,3.3379526138305664
06-03-1998,3.9537041187286377,3.9537041187286377,338850,4.018518924713135,3.9814810752868652,3.353550672531128
09-03-1998,3.962963104248047,3.962963104248047,1384425,4.027778148651123,4.009259223937988,3.376948833465576
10-03-1998,4.018518924713135,4.018518924713135,870750,4.120369911193848,4.064815044403076,3.423741340637207
11-03-1998,4.055555820465088,4.055555820465088,328725,4.129630088806152,4.111111164093018,3.462736129760742
12-03-1998,4.092593193054199,4.092593193054199,276075,4.175926208496094,4.1666669845581055,3.5095295906066895
13-03-1998,4.1666669845581055,4.1666669845581055,627075,4.296296119689941,4.296296119689941,3.6264514923095703
16-03-1998,4.296296119689941,4.296296119689941,577800,4.398148059844971,4.370369911193848,3.688977003097534
17-03-1998,4.3333330154418945,4.3333330154418945,1327725,4.388888835906982,4.342593193054199,3.6655304431915283
18-03-1998,4.3333330154418945,4.3333330154418945,592650,4.388888835906982,4.379630088806152,3.6967928409576416
19-03-1998,4.379630088806152,4.388888835906982,307125,4.4166669845581055,4.388888835906982,3.7046101093292236
20-03-1998,4.370369911193848,4.379630088806152,528525,4.398148059844971,4.370369911193848,3.688977003097534
23-03-1998,4.324073791503906,4.351851940155029,387450,4.398148059844971,4.342593193054199,3.6655304431915283
24-03-1998,4.3333330154418945,4.3333330154418945,392175,4.398148059844971,4.388888835906982,3.7046101093292236
25-03-1998,4.370369911193848,4.398148059844971,130275,4.398148059844971,4.388888835906982,3.7046101093292236
26-03-1998,4.361111164093018,4.379630088806152,370575,4.388888835906982,4.388888835906982,3.7046101093292236
27-03-1998,4.370369911193848,4.388888835906982,245025,4.398148059844971,4.370369911193848,3.688977003097534
30-03-1998,4.240740776062012,4.351851940155029,497475,4.361111164093018,4.351851940155029,3.6733474731445312
31-03-1998,4.361111164093018,4.361111164093018,226125,4.435184955596924,4.435184955596924,3.743685245513916
01-04-1998,4.388888835906982,4.444444179534912,421875,4.444444179534912,4.4166669845581055,3.7280542850494385
02-04-1998,4.398148059844971,4.4166669845581055,149850,4.444444179534912,4.435184955596924,3.743685245513916
03-04-1998,4.388888835906982,4.425926208496094,293625,4.425926208496094,4.4166669845581055,3.7280542850494385
06-04-1998,4.379630088806152,4.4166669845581055,169425,4.435184955596924,4.398148059844971,3.7124249935150146
07-04-1998,4.314815044403076,4.379630088806152,286200,4.388888835906982,4.324073791503906,3.649898052215576
08-04-1998,4.277778148651123,4.324073791503906,621675,4.361111164093018,4.277778148651123,3.6108202934265137
09-04-1998,4.287036895751953,4.296296119689941,2862000,4.435184955596924,4.407406806945801,3.720238208770752
13-04-1998,4.361111164093018,4.379630088806152,965250,4.398148059844971,4.370369911193848,3.688977003097534
14-04-1998,4.370369911193848,4.388888835906982,1526850,4.555555820465088,4.527778148651123,3.821843385696411
15-04-1998,4.4166669845581055,4.555555820465088,425925,4.574073791503906,4.4166669845581055,3.7280542850494385
16-04-1998,4.4166669845581055,4.435184955596924,237600,4.462963104248047,4.462963104248047,3.7671334743499756
17-04-1998,4.425926208496094,4.425926208496094,165375,4.472221851348877,4.472221851348877,3.774947166442871
20-04-1998,4.472221851348877,4.472221851348877,496800,4.648148059844971,4.592593193054199,3.8765549659729004
21-04-1998,4.527778148651123,4.592593193054199,328725,4.611111164093018,4.5833330154418945,3.8687362670898438
22-04-1998,4.537036895751953,4.564815044403076,134325,4.592593193054199,4.546296119689941,3.8374738693237305
23-04-1998,4.435184955596924,4.518518924713135,295650,4.546296119689941,4.453703880310059,3.7593178749084473
24-04-1998,4.407406806945801,4.462963104248047,288225,4.481481075286865,4.407406806945801,3.720238208770752
27-04-1998,4.203703880310059,4.388888835906982,423900,4.398148059844971,4.277778148651123,3.6108202934265137
28-04-1998,4.296296119689941,4.314815044403076,257850,4.351851940155029,4.3333330154418945,3.6577136516571045
29-04-1998,4.314815044403076,4.3333330154418945,262575,4.361111164093018,4.351851940155029,3.6733474731445312
30-04-1998,4.370369911193848,4.370369911193848,282825,4.518518924713135,4.509259223937988,3.806212902069092
01-05-1998,4.490740776062012,4.490740776062012,216675,4.518518924713135,4.509259223937988,3.806212902069092
04-05-1998,4.490740776062012,4.564815044403076,1023300,4.574073791503906,4.490740776062012,3.790580987930298
05-05-1998,4.407406806945801,4.472221851348877,203175,4.472221851348877,4.462963104248047,3.7671334743499756
06-05-1998,4.3333330154418945,4.462963104248047,365850,4.462963104248047,4.407406806945801,3.720238208770752
07-05-1998,4.370369911193848,4.388888835906982,315225,4.407406806945801,4.379630088806152,3.6967928409576416
08-05-1998,4.324073791503906,4.388888835906982,314550,4.388888835906982,4.351851940155029,3.6733474731445312
11-05-1998,4.277778148651123,4.351851940155029,254475,4.351851940155029,4.287036895751953,3.6186349391937256
12-05-1998,4.203703880310059,4.287036895751953,395550,4.287036895751953,4.287036895751953,3.6186349391937256
13-05-1998,4.268518924713135,4.268518924713135,218025,4.361111164093018,4.351851940155029,3.6733474731445312
14-05-1998,4.296296119689941,4.3333330154418945,130275,4.342593193054199,4.3333330154418945,3.6577136516571045
15-05-1998,4.351851940155029,4.351851940155029,309150,4.444444179534912,4.435184955596924,3.743685245513916
18-05-1998,4.324073791503906,4.435184955596924,450225,4.5,4.351851940155029,3.6733474731445312
19-05-1998,4.370369911193848,4.370369911193848,386775,4.453703880310059,4.379630088806152,3.6967928409576416
20-05-1998,4.222221851348877,4.379630088806152,431325,4.379630088806152,4.287036895751953,3.6186349391937256
21-05-1998,4.268518924713135,4.296296119689941,76950,4.3333330154418945,4.314815044403076,3.6420834064483643
22-05-1998,4.148148059844971,4.305555820465088,324000,4.305555820465088,4.194444179534912,3.540480852127075
26-05-1998,4.111111164093018,4.194444179534912,341550,4.277778148651123,4.111111164093018,3.4701404571533203
27-05-1998,4.092593193054199,4.092593193054199,190350,4.1666669845581055,4.138888835906982,3.493587017059326
28-05-1998,4.157406806945801,4.157406806945801,193725,4.268518924713135,4.231481075286865,3.5717415809631348
29-05-1998,4.259259223937988,4.259259223937988,240975,4.444444179534912,4.277778148651123,3.6108202934265137
01-06-1998,4.287036895751953,4.287036895751953,184950,4.3333330154418945,4.305555820465088,3.634267807006836
02-06-1998,4.277778148651123,4.305555820465088,314550,4.3333330154418945,4.314815044403076,3.6420834064483643
03-06-1998,4.314815044403076,4.314815044403076,430650,4.4166669845581055,4.379630088806152,3.6967928409576416
04-06-1998,4.351851940155029,4.351851940155029,189000,4.435184955596924,4.425926208496094,3.7358717918395996
05-06-1998,4.370369911193848,4.444444179534912,233550,4.481481075286865,4.379630088806152,3.6967928409576416
08-06-1998,4.305555820465088,4.398148059844971,523800,4.490740776062012,4.342593193054199,3.6655304431915283
09-06-1998,4.342593193054199,4.342593193054199,174150,4.444444179534912,4.370369911193848,3.688977003097534
10-06-1998,4.3333330154418945,4.351851940155029,367200,4.4166669845581055,4.370369911193848,3.688977003097534
11-06-1998,4.361111164093018,4.379630088806152,175500,4.388888835906982,4.370369911193848,3.688977003097534
12-06-1998,4.296296119689941,4.324073791503906,495450,4.3333330154418945,4.3333330154418945,3.6651690006256104
15-06-1998,4.259259223937988,4.305555820465088,542700,4.324073791503906,4.259259223937988,3.6025164127349854
16-06-1998,4.296296119689941,4.296296119689941,369900,4.342593193054199,4.342593193054199,3.6730003356933594
17-06-1998,4.277778148651123,4.3333330154418945,741150,4.398148059844971,4.324073791503906,3.657336473464966
18-06-1998,4.305555820465088,4.324073791503906,195075,4.324073791503906,4.314815044403076,3.6495065689086914
19-06-1998,4.296296119689941,4.296296119689941,384075,4.324073791503906,4.296296119689941,3.6338424682617188
22-06-1998,4.296296119689941,4.296296119689941,663525,4.407406806945801,4.388888835906982,3.712160587310791
23-06-1998,4.351851940155029,4.351851940155029,1121850,4.379630088806152,4.361111164093018,3.6886649131774902
24-06-1998,4.324073791503906,4.351851940155029,170100,4.370369911193848,4.3333330154418945,3.6651690006256104
25-06-1998,4.314815044403076,4.342593193054199,76275,4.342593193054199,4.324073791503906,3.657336473464966
26-06-1998,4.324073791503906,4.324073791503906,340875,4.361111164093018,4.3333330154418945,3.6651690006256104
29-06-1998,4.342593193054199,4.351851940155029,814725,4.388888835906982,4.361111164093018,3.6886649131774902
30-06-1998,4.342593193054199,4.351851940155029,230850,4.361111164093018,4.342593193054199,3.6730003356933594
01-07-1998,4.351851940155029,4.361111164093018,676350,4.388888835906982,4.379630088806152,3.7043280601501465
02-07-1998,4.268518924713135,4.379630088806152,290250,4.379630088806152,4.314815044403076,3.6495065689086914
06-07-1998,4.268518924713135,4.3333330154418945,549450,4.361111164093018,4.277778148651123,3.6181800365448
07-07-1998,4.240740776062012,4.287036895751953,1297350,4.342593193054199,4.342593193054199,3.6730003356933594
08-07-1998,4.277778148651123,4.3333330154418945,137700,4.444444179534912,4.435184955596924,3.751315116882324
09-07-1998,4.361111164093018,4.398148059844971,100575,4.407406806945801,4.398148059844971,3.719991445541382
10-07-1998,4.351851940155029,4.388888835906982,136350,4.398148059844971,4.370369911193848,3.696495771408081
13-07-1998,4.287036895751953,4.361111164093018,888300,4.370369911193848,4.296296119689941,3.6338424682617188
14-07-1998,4.287036895751953,4.296296119689941,519075,4.3333330154418945,4.3333330154418945,3.6651690006256104
15-07-1998,4.296296119689941,4.296296119689941,596700,4.388888835906982,4.388888835906982,3.712160587310791
16-07-1998,4.361111164093018,4.370369911193848,209925,4.4166669845581055,4.4166669845581055,3.735652446746826
17-07-1998,4.4166669845581055,4.4166669845581055,409050,4.592593193054199,4.592593193054199,3.8844547271728516
20-07-1998,4.361111164093018,4.592593193054199,371925,4.601851940155029,4.361111164093018,3.6886649131774902
21-07-1998,4.361111164093018,4.361111164093018,1290600,4.444444179534912,4.388888835906982,3.712160587310791
22-07-1998,4.120369911193848,4.361111164093018,200475,4.361111164093018,4.185184955596924,3.5398643016815186
23-07-1998,3.8888890743255615,4.185184955596924,285525,4.185184955596924,3.944443941116333,3.3362436294555664
24-07-1998,3.8888890743255615,3.962963104248047,262575,4.055555820465088,3.9259259700775146,3.320580244064331
27-07-1998,3.8518519401550293,3.9259259700775146,513675,3.9259259700775146,3.90740704536438,3.304917573928833
28-07-1998,3.8611109256744385,3.9259259700775146,499500,4.0,3.8611109256744385,3.265759229660034
29-07-1998,3.787036895751953,3.8518519401550293,278100,3.8611109256744385,3.787036895751953,3.2031073570251465
30-07-1998,3.712963104248047,3.787036895751953,1308825,3.7962958812713623,3.7962958812713623,3.210937976837158
31-07-1998,3.712963104248047,3.814815044403076,346950,3.9166669845581055,3.712963104248047,3.1404550075531006
03-08-1998,3.6296300888061523,3.685184955596924,485325,3.8240740299224854,3.805556058883667,3.218770980834961
04-08-1998,3.694443941116333,3.805556058883667,430650,3.814815044403076,3.694443941116333,3.124791145324707
05-08-1998,3.6666669845581055,3.7037041187286377,370575,3.740741014480591,3.7037041187286377,3.132624864578247
06-08-1998,3.694443941116333,3.694443941116333,167400,3.84259295463562,3.84259295463562,3.25009822845459
07-08-1998,3.759258985519409,3.84259295463562,607500,3.90740704536438,3.805556058883667,3.218770980834961
10-08-1998,3.685184955596924,3.805556058883667,273375,3.805556058883667,3.694443941116333,3.124791145324707
11-08-1998,3.5462958812713623,3.6203699111938477,299700,3.6203699111938477,3.59259295463562,3.0386435985565186
12-08-1998,3.6111109256744385,3.6111109256744385,154575,3.722222089767456,3.712963104248047,3.1404550075531006
13-08-1998,3.6296300888061523,3.694443941116333,572400,3.7037041187286377,3.6388890743255615,3.0778026580810547
14-08-1998,3.6111109256744385,3.6481480598449707,148500,3.694443941116333,3.685184955596924,3.116959571838379
17-08-1998,3.685184955596924,3.685184955596924,295650,3.7037041187286377,3.694443941116333,3.124791145324707
18-08-1998,3.685184955596924,3.685184955596924,547425,3.7037041187286377,3.694443941116333,3.124791145324707
19-08-1998,3.537036895751953,3.7037041187286377,392850,3.7037041187286377,3.5462958812713623,2.9994866847991943
20-08-1998,3.4537041187286377,3.564815044403076,137700,3.564815044403076,3.490741014480591,2.9524974822998047
21-08-1998,3.3518519401550293,3.472222089767456,212625,3.472222089767456,3.462963104248047,2.929002523422241
24-08-1998,3.435184955596924,3.4537041187286377,180900,3.490741014480591,3.4814810752868652,2.94466495513916
25-08-1998,3.3333330154418945,3.4814810752868652,475875,3.490741014480591,3.3703699111938477,2.8506877422332764
26-08-1998,3.305556058883667,3.3703699111938477,264600,3.3703699111938477,3.3240740299224854,2.8115296363830566
27-08-1998,3.1296300888061523,3.287036895751953,406350,3.287036895751953,3.1296300888061523,2.647066593170166
28-08-1998,3.037036895751953,3.1111109256744385,331425,3.1481480598449707,3.0740740299224854,2.600076675415039
31-08-1998,2.8888890743255615,3.09259295463562,413775,3.09259295463562,2.8888890743255615,2.443445920944214
01-09-1998,2.805556058883667,2.8888890743255615,696600,3.0185189247131348,2.990741014480591,2.5295934677124023
02-09-1998,2.962963104248047,2.990741014480591,1017225,3.027777910232544,2.962963104248047,2.506098747253418
03-09-1998,2.8888890743255615,2.962963104248047,1025325,2.962963104248047,2.8981480598449707,2.4512782096862793
04-09-1998,2.8888890743255615,2.90740704536438,2598750,2.9537041187286377,2.8888890743255615,2.443445920944214
08-09-1998,2.90740704536438,2.90740704536438,574425,3.037036895751953,3.037036895751953,2.568751335144043
09-09-1998,2.962963104248047,3.037036895751953,452925,3.037036895751953,2.972222089767456,2.513930082321167
10-09-1998,2.9166669845581055,2.962963104248047,344250,2.962963104248047,2.944443941116333,2.490434169769287
11-09-1998,2.9259259700775146,2.9259259700775146,434025,3.0185189247131348,2.9814810752868652,2.521761894226074
14-09-1998,2.8703699111938477,2.962963104248047,818775,2.962963104248047,2.8703699111938477,2.435042142868042
15-09-1998,2.685184955596924,2.8611109256744385,1487700,2.8611109256744385,2.694443941116333,2.285797357559204
16-09-1998,2.3333330154418945,2.694443941116333,2927475,2.694443941116333,2.4814810752868652,2.1051342487335205
17-09-1998,2.3703699111938477,2.4259259700775146,2246400,2.509258985519409,2.490741014480591,2.1129891872406006
18-09-1998,2.435184955596924,2.509258985519409,1457325,2.509258985519409,2.509258985519409,2.128697633743286
21-09-1998,2.444443941116333,2.472222089767456,621000,2.537036895751953,2.537036895751953,2.1522645950317383
22-09-1998,2.5185189247131348,2.5185189247131348,340875,2.6481480598449707,2.6481480598449707,2.2465240955352783
23-09-1998,2.6481480598449707,2.6481480598449707,1212975,2.7314810752868652,2.722222089767456,2.309364080429077
24-09-1998,2.7037041187286377,2.712963104248047,963900,2.740741014480591,2.7037041187286377,2.293653726577759
25-09-1998,2.6481480598449707,2.685184955596924,557550,2.685184955596924,2.65740704536438,2.2543771266937256
28-09-1998,2.59259295463562,2.6666669845581055,569025,2.7037041187286377,2.6388890743255615,2.2386693954467773
29-09-1998,2.509258985519409,2.5185189247131348,1044900,2.5462958812713623,2.5185189247131348,2.13655424118042
30-09-1998,2.5,2.5185189247131348,812025,2.564815044403076,2.555556058883667,2.1679744720458984
01-10-1998,2.5,2.537036895751953,3237975,2.555556058883667,2.5185189247131348,2.13655424118042
02-10-1998,2.490741014480591,2.5185189247131348,255825,2.564815044403076,2.5,2.1208443641662598
05-10-1998,2.435184955596924,2.490741014480591,156600,2.490741014480591,2.435184955596924,2.0658583641052246
06-10-1998,2.444443941116333,2.444443941116333,342225,2.4814810752868652,2.472222089767456,2.097278356552124
07-10-1998,2.490741014480591,2.490741014480591,668925,2.5462958812713623,2.5462958812713623,2.160118341445923
08-10-1998,2.4537041187286377,2.527777910232544,417150,2.527777910232544,2.4814810752868652,2.1051342487335205
09-10-1998,2.5185189247131348,2.5185189247131348,423225,2.5833330154418945,2.527777910232544,2.144408702850342
12-10-1998,2.537036895751953,2.537036895751953,203850,2.5740740299224854,2.5462958812713623,2.160118341445923
13-10-1998,2.537036895751953,2.5462958812713623,456975,2.564815044403076,2.5462958812713623,2.160118341445923
14-10-1998,2.537036895751953,2.537036895751953,448200,2.5833330154418945,2.5462958812713623,2.160118341445923
15-10-1998,2.5185189247131348,2.537036895751953,1134000,2.555556058883667,2.537036895751953,2.1522645950317383
16-10-1998,2.509258985519409,2.537036895751953,666225,2.564815044403076,2.564815044403076,2.175827980041504
19-10-1998,2.59259295463562,2.59259295463562,449550,2.6759259700775146,2.6296300888061523,2.2308130264282227
20-10-1998,2.65740704536438,2.7037041187286377,653400,2.8333330154418945,2.6666669845581055,2.2622342109680176
21-10-1998,2.537036895751953,2.6481480598449707,557550,2.6666669845581055,2.6203699111938477,2.2229576110839844
22-10-1998,2.5740740299224854,2.59259295463562,216675,2.7037041187286377,2.7037041187286377,2.293653726577759
23-10-1998,2.694443941116333,2.7037041187286377,866700,3.064815044403076,2.90740704536438,2.4664621353149414
26-10-1998,2.8888890743255615,2.8888890743255615,438075,3.037036895751953,3.027777910232544,2.568577289581299
27-10-1998,3.0185189247131348,3.027777910232544,797850,3.1111109256744385,3.1111109256744385,2.6392722129821777
28-10-1998,3.0740740299224854,3.09259295463562,272025,3.1296300888061523,3.09259295463562,2.623563051223755
29-10-1998,3.0740740299224854,3.0740740299224854,435375,3.1203699111938477,3.1203699111938477,2.6471288204193115
30-10-1998,3.1203699111938477,3.1203699111938477,414450,3.1481480598449707,3.1388890743255615,2.662838935852051
02-11-1998,3.1111109256744385,3.1388890743255615,244350,3.1388890743255615,3.1388890743255615,2.662838935852051
03-11-1998,3.1203699111938477,3.1388890743255615,104625,3.1388890743255615,3.1296300888061523,2.654982328414917
04-11-1998,3.1064810752868652,3.1203699111938477,218025,3.1481480598449707,3.1203699111938477,2.6471288204193115
05-11-1998,3.1203699111938477,3.1203699111938477,311850,3.194443941116333,3.194443941116333,2.709967613220215
06-11-1998,3.09259295463562,3.1759259700775146,348975,3.240741014480591,3.15740704536438,2.678546905517578
09-11-1998,3.09259295463562,3.1388890743255615,305100,3.1481480598449707,3.1111109256744385,2.6392722129821777
10-11-1998,3.064815044403076,3.1296300888061523,386775,3.1296300888061523,3.0833330154418945,2.6157076358795166
11-11-1998,3.0740740299224854,3.09259295463562,211950,3.1018519401550293,3.0833330154418945,2.6157076358795166
12-11-1998,3.055556058883667,3.055556058883667,320625,3.0833330154418945,3.0740740299224854,2.6078526973724365
13-11-1998,3.0740740299224854,3.0740740299224854,366525,3.1388890743255615,3.09259295463562,2.623563051223755
16-11-1998,3.055556058883667,3.1111109256744385,270675,3.1388890743255615,3.0833330154418945,2.6157076358795166
17-11-1998,3.0462958812713623,3.064815044403076,301725,3.1111109256744385,3.1018519401550293,2.6314175128936768
18-11-1998,3.0833330154418945,3.1018519401550293,47925,3.1203699111938477,3.1018519401550293,2.6314175128936768
19-11-1998,3.0833330154418945,3.0833330154418945,81675,3.1018519401550293,3.09259295463562,2.623563051223755
20-11-1998,3.0833330154418945,3.0833330154418945,621675,3.1018519401550293,3.0833330154418945,2.6157076358795166
23-11-1998,3.09259295463562,3.09259295463562,366525,3.1111109256744385,3.1018519401550293,2.6314175128936768
24-11-1998,3.1018519401550293,3.1111109256744385,210600,3.1481480598449707,3.1111109256744385,2.6392722129821777
25-11-1998,3.009258985519409,3.09259295463562,126225,3.1018519401550293,3.055556058883667,2.59214448928833
27-11-1998,3.0740740299224854,3.0833330154418945,56700,3.1018519401550293,3.1018519401550293,2.6314175128936768
30-11-1998,3.055556058883667,3.0833330154418945,193725,3.09259295463562,3.0740740299224854,2.6078526973724365
01-12-1998,3.037036895751953,3.055556058883667,125550,3.1111109256744385,3.1111109256744385,2.6392722129821777
02-12-1998,3.0833330154418945,3.1203699111938477,2159325,3.1481480598449707,3.09259295463562,2.623563051223755
03-12-1998,3.009258985519409,3.0185189247131348,529875,3.055556058883667,3.027777910232544,2.568577289581299
04-12-1998,3.0185189247131348,3.0185189247131348,2016900,3.055556058883667,3.0462958812713623,2.584286689758301
07-12-1998,3.037036895751953,3.037036895751953,99225,3.0833330154418945,3.0833330154418945,2.6233632564544678
08-12-1998,3.064815044403076,3.064815044403076,210600,3.1111109256744385,3.0740740299224854,2.6154842376708984
09-12-1998,3.1111109256744385,3.1111109256744385,126225,3.1296300888061523,3.1111109256744385,2.6469948291778564
10-12-1998,3.1018519401550293,3.1111109256744385,220725,3.1203699111938477,3.1018519401550293,2.6391184329986572
11-12-1998,3.0740740299224854,3.1111109256744385,527850,3.1111109256744385,3.0833330154418945,2.6233632564544678
14-12-1998,3.0462958812713623,3.064815044403076,290250,3.0740740299224854,3.0462958812713623,2.5918495655059814
15-12-1998,2.9537041187286377,2.990741014480591,3684150,3.0462958812713623,2.962963104248047,2.5209484100341797
16-12-1998,2.962963104248047,2.962963104248047,450900,3.1203699111938477,3.1018519401550293,2.6391184329986572
17-12-1998,3.0833330154418945,3.0833330154418945,303075,3.1111109256744385,3.0833330154418945,2.6233632564544678
18-12-1998,3.0462958812713623,3.0833330154418945,1001700,3.09259295463562,3.055556058883667,2.599729537963867
21-12-1998,3.037036895751953,3.055556058883667,120825,3.064815044403076,3.055556058883667,2.599729537963867
22-12-1998,3.037036895751953,3.0462958812713623,145125,3.0740740299224854,3.064815044403076,2.60760760307312
23-12-1998,3.055556058883667,3.0833330154418945,121500,3.09259295463562,3.09259295463562,2.6312410831451416
24-12-1998,3.09259295463562,3.09259295463562,70200,3.1018519401550293,3.1018519401550293,2.6391184329986572
28-12-1998,3.0740740299224854,3.1111109256744385,103950,3.1481480598449707,3.1481480598449707,2.678508996963501
29-12-1998,3.1481480598449707,3.1481480598449707,196425,3.194443941116333,3.194443941116333,2.717898368835449
30-12-1998,3.1759259700775146,3.1759259700775146,110700,3.2037041187286377,3.2037041187286377,2.725775957107544
31-12-1998,3.2037041187286377,3.2037041187286377,280800,3.305556058883667,3.305556058883667,2.8124337196350098
04-01-1999,3.25,3.2685189247131348,607500,3.4166669845581055,3.3333330154418945,2.8360674381256104
05-01-1999,3.055556058883667,3.3333330154418945,1023300,3.3333330154418945,3.055556058883667,2.599729537963867
06-01-1999,3.037036895751953,3.1111109256744385,375975,3.1296300888061523,3.1018519401550293,2.6391184329986572
07-01-1999,3.037036895751953,3.064815044403076,264600,3.0833330154418945,3.0740740299224854,2.6154842376708984
08-01-1999,3.0185189247131348,3.0740740299224854,442125,3.0740740299224854,3.0462958812713623,2.5918495655059814
11-01-1999,3.0,3.0462958812713623,332775,3.0462958812713623,3.027777910232544,2.576094388961792
12-01-1999,2.962963104248047,3.0462958812713623,277425,3.064815044403076,2.962963104248047,2.5209484100341797
13-01-1999,2.9259259700775146,2.9259259700775146,276075,2.9814810752868652,2.9814810752868652,2.5367038249969482
14-01-1999,2.9537041187286377,2.962963104248047,336825,2.972222089767456,2.962963104248047,2.5209484100341797
15-01-1999,2.962963104248047,2.962963104248047,217350,3.055556058883667,2.990741014480591,2.5445826053619385
19-01-1999,2.8333330154418945,2.962963104248047,278100,2.962963104248047,2.8333330154418945,2.4106569290161133
20-01-1999,2.7314810752868652,2.814815044403076,1485675,2.8333330154418945,2.740741014480591,2.331878662109375
21-01-1999,2.722222089767456,2.740741014480591,1109025,2.777777910232544,2.722222089767456,2.316122055053711
22-01-1999,2.740741014480591,2.740741014480591,783675,2.787036895751953,2.75,2.3397555351257324
25-01-1999,2.7037041187286377,2.7685189247131348,827550,2.7685189247131348,2.7314810752868652,2.3239994049072266
26-01-1999,2.7037041187286377,2.722222089767456,955800,2.7685189247131348,2.740741014480591,2.331878662109375
27-01-1999,2.722222089767456,2.759258985519409,909225,2.777777910232544,2.722222089767456,2.316122055053711
28-01-1999,2.7037041187286377,2.740741014480591,333450,2.759258985519409,2.7037041187286377,2.300365924835205
29-01-1999,2.6666669845581055,2.722222089767456,250425,2.7314810752868652,2.694443941116333,2.2924864292144775
01-02-1999,2.685184955596924,2.712963104248047,228150,2.740741014480591,2.694443941116333,2.2924864292144775
02-02-1999,2.694443941116333,2.694443941116333,261225,2.7314810752868652,2.712963104248047,2.308243989944458
03-02-1999,2.685184955596924,2.694443941116333,276075,2.722222089767456,2.694443941116333,2.2924864292144775
04-02-1999,2.6666669845581055,2.6759259700775146,163350,2.7037041187286377,2.694443941116333,2.2924864292144775
05-02-1999,2.6666669845581055,2.712963104248047,159975,2.712963104248047,2.6666669845581055,2.2688543796539307
08-02-1999,2.6666669845581055,2.6666669845581055,176175,2.685184955596924,2.6759259700775146,2.276730537414551
09-02-1999,2.6759259700775146,2.694443941116333,114075,2.7037041187286377,2.685184955596924,2.2846102714538574
10-02-1999,2.5833330154418945,2.685184955596924,564975,2.7037041187286377,2.6111109256744385,2.221585512161255
11-02-1999,2.5740740299224854,2.5740740299224854,213975,2.6203699111938477,2.6203699111938477,2.229463815689087
12-02-1999,2.6018519401550293,2.6388890743255615,203175,2.6388890743255615,2.6111109256744385,2.221585512161255
16-02-1999,2.5,2.6111109256744385,666900,2.6296300888061523,2.537036895751953,2.158562660217285
17-02-1999,2.5185189247131348,2.5185189247131348,566325,2.555556058883667,2.5185189247131348,2.1428065299987793
18-02-1999,2.5185189247131348,2.537036895751953,377325,2.555556058883667,2.527777910232544,2.1506848335266113
19-02-1999,2.5185189247131348,2.537036895751953,261225,2.555556058883667,2.5185189247131348,2.1428065299987793
22-02-1999,2.5185189247131348,2.5185189247131348,216000,2.564815044403076,2.564815044403076,2.182197093963623
23-02-1999,2.564815044403076,2.5833330154418945,201825,2.5833330154418945,2.5740740299224854,2.190074920654297
24-02-1999,2.5,2.564815044403076,461025,2.59259295463562,2.5,2.1270499229431152
25-02-1999,2.444443941116333,2.462963104248047,127575,2.490741014480591,2.4814810752868652,2.1112940311431885
26-02-1999,2.462963104248047,2.462963104248047,308475,2.509258985519409,2.509258985519409,2.13492751121521
01-03-1999,2.444443941116333,2.5185189247131348,368550,2.537036895751953,2.527777910232544,2.1506848335266113
02-03-1999,2.527777910232544,2.5462958812713623,197100,2.5740740299224854,2.5462958812713623,2.166440010070801
03-03-1999,2.4814810752868652,2.5462958812713623,608850,2.5462958812713623,2.490741014480591,2.1191720962524414
04-03-1999,2.462963104248047,2.490741014480591,215325,2.509258985519409,2.509258985519409,2.13492751121521
05-03-1999,2.527777910232544,2.537036895751953,270675,2.564815044403076,2.537036895751953,2.158562660217285
08-03-1999,2.5185189247131348,2.555556058883667,240300,2.564815044403076,2.555556058883667,2.17431902885437
09-03-1999,2.509258985519409,2.537036895751953,434025,2.555556058883667,2.537036895751953,2.158562660217285
10-03-1999,2.555556058883667,2.5740740299224854,605475,2.6481480598449707,2.5833330154418945,2.1979527473449707
11-03-1999,2.5833330154418945,2.5833330154418945,584550,2.6481480598449707,2.6481480598449707,2.253098487854004
12-03-1999,2.6388890743255615,2.6388890743255615,403650,2.7037041187286377,2.694443941116333,2.2924864292144775
15-03-1999,2.694443941116333,2.7037041187286377,375300,2.740741014480591,2.712963104248047,2.3158841133117676
16-03-1999,2.7037041187286377,2.7314810752868652,303075,2.7314810752868652,2.7037041187286377,2.3079802989959717
17-03-1999,2.65740704536438,2.7037041187286377,637875,2.712963104248047,2.65740704536438,2.2684595584869385
18-03-1999,2.65740704536438,2.6759259700775146,231525,2.722222089767456,2.694443941116333,2.3000752925872803
19-03-1999,2.6666669845581055,2.685184955596924,363825,2.694443941116333,2.6759259700775146,2.284266710281372
22-03-1999,2.6666669845581055,2.685184955596924,294300,2.685184955596924,2.6759259700775146,2.284266710281372
23-03-1999,2.6481480598449707,2.6666669845581055,567675,2.6666669845581055,2.65740704536438,2.2684595584869385
24-03-1999,2.6481480598449707,2.6666669845581055,207225,2.6666669845581055,2.65740704536438,2.2684595584869385
25-03-1999,2.6481480598449707,2.65740704536438,36450,2.6666669845581055,2.6666669845581055,2.276364326477051
26-03-1999,2.6388890743255615,2.65740704536438,240975,2.6666669845581055,2.65740704536438,2.2684595584869385
29-03-1999,2.65740704536438,2.65740704536438,590625,2.740741014480591,2.740741014480591,2.339596748352051
30-03-1999,2.722222089767456,2.722222089767456,163350,2.787036895751953,2.7685189247131348,2.3633084297180176
31-03-1999,2.694443941116333,2.75,263925,2.75,2.7037041187286377,2.3079802989959717
01-04-1999,2.6666669845581055,2.712963104248047,85050,2.712963104248047,2.6759259700775146,2.284266710281372
05-04-1999,2.6666669845581055,2.694443941116333,182250,2.694443941116333,2.685184955596924,2.2921714782714844
06-04-1999,2.6666669845581055,2.685184955596924,274725,2.694443941116333,2.694443941116333,2.3000752925872803
07-04-1999,2.6481480598449707,2.694443941116333,571050,2.694443941116333,2.6481480598449707,2.260556221008301
08-04-1999,2.59259295463562,2.6388890743255615,672975,2.6481480598449707,2.6018519401550293,2.2210354804992676
09-04-1999,2.59259295463562,2.6111109256744385,309825,2.7037041187286377,2.6759259700775146,2.284266710281372
12-04-1999,2.65740704536438,2.65740704536438,639225,2.777777910232544,2.777777910232544,2.3712117671966553
13-04-1999,2.7962958812713623,2.7962958812713623,180900,2.84259295463562,2.8240740299224854,2.4107322692871094
14-04-1999,2.805556058883667,2.805556058883667,318600,2.9166669845581055,2.90740704536438,2.481867790222168
15-04-1999,2.90740704536438,2.90740704536438,549450,3.0185189247131348,3.0185189247131348,2.576716899871826
16-04-1999,3.0185189247131348,3.0185189247131348,519750,3.222222089767456,3.2037041187286377,2.734797716140747
19-04-1999,3.240741014480591,3.240741014480591,644625,3.3981480598449707,3.34259295463562,2.853358030319214
20-04-1999,3.277777910232544,3.3703699111938477,1213650,3.6296300888061523,3.34259295463562,2.853358030319214
21-04-1999,3.305556058883667,3.3240740299224854,371925,3.555556058883667,3.4537041187286377,2.9482061862945557
22-04-1999,3.3796300888061523,3.462963104248047,85725,3.462963104248047,3.3888890743255615,2.8928797245025635
23-04-1999,3.305556058883667,3.3518519401550293,149850,3.3703699111938477,3.34259295463562,2.853358030319214
26-04-1999,3.3333330154418945,3.40740704536438,153225,3.4166669845581055,3.3333330154418945,2.845453977584839
27-04-1999,3.2962958812713623,3.3333330154418945,367200,3.435184955596924,3.435184955596924,2.9323995113372803
28-04-1999,3.40740704536438,3.40740704536438,1131300,3.685184955596924,3.564815044403076,3.0430550575256348
29-04-1999,3.5185189247131348,3.555556058883667,455625,3.564815044403076,3.527777910232544,3.011439800262451
30-04-1999,3.3796300888061523,3.527777910232544,156600,3.537036895751953,3.3796300888061523,2.884974956512451
03-05-1999,3.3796300888061523,3.3796300888061523,707400,3.5740740299224854,3.537036895751953,3.0193428993225098
04-05-1999,3.537036895751953,3.537036895751953,423900,3.5740740299224854,3.5740740299224854,3.0509588718414307
05-05-1999,3.5462958812713623,3.5740740299224854,380025,3.5740740299224854,3.564815044403076,3.0430550575256348
06-05-1999,3.564815044403076,3.564815044403076,230175,3.6111109256744385,3.5833330154418945,3.0588631629943848
07-05-1999,3.6111109256744385,3.6111109256744385,707400,3.777777910232544,3.6759259700775146,3.137904167175293
10-05-1999,3.7037041187286377,3.7037041187286377,444825,3.814815044403076,3.740741014480591,3.1932332515716553
11-05-1999,3.6388890743255615,3.722222089767456,178875,3.722222089767456,3.6666669845581055,3.1300008296966553
12-05-1999,3.59259295463562,3.6481480598449707,340875,3.65740704536438,3.6296300888061523,3.0983853340148926
13-05-1999,3.6111109256744385,3.6388890743255615,242325,3.694443941116333,3.6666669845581055,3.1300008296966553
14-05-1999,3.6111109256744385,3.6296300888061523,140400,3.6388890743255615,3.6111109256744385,3.082575798034668
17-05-1999,3.5462958812713623,3.6111109256744385,267300,3.65740704536438,3.5833330154418945,3.0588631629943848
18-05-1999,3.5833330154418945,3.5833330154418945,97200,3.6111109256744385,3.6018519401550293,3.074671983718872
19-05-1999,3.555556058883667,3.6018519401550293,190350,3.6111109256744385,3.6018519401550293,3.074671983718872
20-05-1999,3.5740740299224854,3.5740740299224854,192375,3.694443941116333,3.6759259700775146,3.137904167175293
21-05-1999,3.6666669845581055,3.685184955596924,109350,3.7037041187286377,3.685184955596924,3.1458077430725098
24-05-1999,3.685184955596924,3.685184955596924,157950,3.722222089767456,3.7037041187286377,3.1616175174713135
25-05-1999,3.5185189247131348,3.6666669845581055,611550,3.6759259700775146,3.527777910232544,3.011439800262451
26-05-1999,3.4814810752868652,3.527777910232544,477225,3.527777910232544,3.5,2.987727165222168
27-05-1999,3.3333330154418945,3.4814810752868652,365175,3.4814810752868652,3.3888890743255615,2.8928797245025635
28-05-1999,3.3981480598449707,3.40740704536438,406350,3.5,3.3981480598449707,2.9007813930511475
01-06-1999,3.277777910232544,3.40740704536438,307125,3.4259259700775146,3.277777910232544,2.7980306148529053
02-06-1999,3.277777910232544,3.277777910232544,594000,3.527777910232544,3.527777910232544,3.011439800262451
03-06-1999,3.5185189247131348,3.5185189247131348,631125,3.6666669845581055,3.537036895751953,3.0193428993225098
04-06-1999,3.34259295463562,3.5185189247131348,176850,3.5185189247131348,3.4537041187286377,2.9482061862945557
07-06-1999,3.3240740299224854,3.4537041187286377,847125,3.4537041187286377,3.3888890743255615,2.8928797245025635
08-06-1999,3.2962958812713623,3.3888890743255615,371925,3.3888890743255615,3.3333330154418945,2.845453977584839
09-06-1999,3.3240740299224854,3.3333330154418945,373275,3.3518519401550293,3.3518519401550293,2.8612635135650635
10-06-1999,3.3240740299224854,3.3333330154418945,201150,3.40740704536438,3.3981480598449707,2.9007813930511475
11-06-1999,3.3611109256744385,3.40740704536438,274050,3.462963104248047,3.3981480598449707,2.9007813930511475
14-06-1999,3.3888890743255615,3.3888890743255615,357075,3.490741014480591,3.462963104248047,2.9638636112213135
15-06-1999,3.490741014480591,3.537036895751953,152550,3.537036895751953,3.490741014480591,2.987638235092163
16-06-1999,3.3888890743255615,3.509258985519409,166050,3.509258985519409,3.40740704536438,2.9163155555725098
17-06-1999,3.4259259700775146,3.4259259700775146,27000,3.4814810752868652,3.462963104248047,2.9638636112213135
18-06-1999,3.40740704536438,3.4259259700775146,361800,3.435184955596924,3.40740704536438,2.9163155555725098
21-06-1999,3.34259295463562,3.4166669845581055,106650,3.4166669845581055,3.3703699111938477,2.8846168518066406
22-06-1999,3.25,3.3518519401550293,178200,3.3518519401550293,3.277777910232544,2.8053689002990723
23-06-1999,3.2962958812713623,3.2962958812713623,167400,3.462963104248047,3.462963104248047,2.9638636112213135
24-06-1999,3.3333330154418945,3.444443941116333,293625,3.462963104248047,3.3333330154418945,2.8529162406921387
25-06-1999,3.2962958812713623,3.3518519401550293,205200,3.3611109256744385,3.3518519401550293,2.8687667846679688
28-06-1999,3.3518519401550293,3.3518519401550293,254475,3.4166669845581055,3.3981480598449707,2.9083893299102783
29-06-1999,3.287036895751953,3.40740704536438,210600,3.4166669845581055,3.4166669845581055,2.9242403507232666
30-06-1999,3.2962958812713623,3.4166669845581055,212625,3.444443941116333,3.40740704536438,2.9163155555725098
01-07-1999,3.3888890743255615,3.444443941116333,127575,3.444443941116333,3.4166669845581055,2.9242403507232666
02-07-1999,3.2962958812713623,3.40740704536438,140400,3.40740704536438,3.314815044403076,2.8370673656463623
06-07-1999,3.305556058883667,3.305556058883667,79650,3.3888890743255615,3.3518519401550293,2.8687667846679688
07-07-1999,3.2314810752868652,3.3240740299224854,138375,3.34259295463562,3.277777910232544,2.8053689002990723
08-07-1999,3.2037041187286377,3.277777910232544,185625,3.277777910232544,3.25,2.7815945148468018
09-07-1999,3.240741014480591,3.240741014480591,562950,3.2962958812713623,3.287036895751953,2.813293218612671
12-07-1999,3.305556058883667,3.314815044403076,81675,3.3796300888061523,3.34259295463562,2.8608412742614746
13-07-1999,3.305556058883667,3.34259295463562,72900,3.34259295463562,3.305556058883667,2.82914400100708
14-07-1999,3.305556058883667,3.305556058883667,297000,3.3333330154418945,3.3333330154418945,2.8529162406921387
15-07-1999,3.3240740299224854,3.3240740299224854,222075,3.435184955596924,3.4259259700775146,2.932163715362549
16-07-1999,3.2962958812713623,3.4166669845581055,108000,3.4259259700775146,3.34259295463562,2.8608412742614746
19-07-1999,3.3703699111938477,3.3703699111938477,277425,3.444443941116333,3.444443941116333,2.9480140209198
20-07-1999,3.3796300888061523,3.4259259700775146,251775,3.4259259700775146,3.4166669845581055,2.9242403507232666
21-07-1999,3.40740704536438,3.40740704536438,265275,3.444443941116333,3.444443941116333,2.9480140209198
22-07-1999,3.444443941116333,3.444443941116333,353700,3.555556058883667,3.5462958812713623,3.035187005996704
23-07-1999,3.537036895751953,3.5462958812713623,236925,3.6481480598449707,3.5462958812713623,3.035187005996704
26-07-1999,3.4259259700775146,3.4814810752868652,108675,3.490741014480591,3.435184955596924,2.940089702606201
27-07-1999,3.4166669845581055,3.4537041187286377,207225,3.5185189247131348,3.4814810752868652,2.979712963104248
28-07-1999,3.4814810752868652,3.4814810752868652,37125,3.509258985519409,3.5,2.995562791824341
29-07-1999,3.4166669845581055,3.4814810752868652,120150,3.4814810752868652,3.4259259700775146,2.932163715362549
30-07-1999,3.444443941116333,3.444443941116333,122850,3.462963104248047,3.462963104248047,2.9638636112213135
02-08-1999,3.4259259700775146,3.4259259700775146,244350,3.472222089767456,3.4537041187286377,2.9559383392333984
03-08-1999,3.4166669845581055,3.4537041187286377,182925,3.472222089767456,3.472222089767456,2.9717893600463867
04-08-1999,3.472222089767456,3.472222089767456,209925,3.490741014480591,3.4814810752868652,2.979712963104248
05-08-1999,3.444443941116333,3.490741014480591,159300,3.490741014480591,3.472222089767456,2.9717893600463867
06-08-1999,3.435184955596924,3.472222089767456,178875,3.490741014480591,3.4537041187286377,2.9559383392333984
09-08-1999,3.34259295463562,3.4537041187286377,120825,3.4537041187286377,3.34259295463562,2.8608412742614746
10-08-1999,3.2037041187286377,3.3518519401550293,257175,3.3518519401550293,3.277777910232544,2.8053689002990723
11-08-1999,3.2962958812713623,3.305556058883667,442800,3.34259295463562,3.3333330154418945,2.8529162406921387
12-08-1999,3.3240740299224854,3.3333330154418945,118125,3.444443941116333,3.4166669845581055,2.9242403507232666
13-08-1999,3.40740704536438,3.40740704536438,27675,3.4166669845581055,3.4166669845581055,2.9242403507232666
16-08-1999,3.40740704536438,3.40740704536438,37125,3.444443941116333,3.444443941116333,2.9480140209198
17-08-1999,3.3981480598449707,3.435184955596924,203850,3.435184955596924,3.3981480598449707,2.9083893299102783
18-08-1999,3.3333330154418945,3.3703699111938477,89775,3.3703699111938477,3.3333330154418945,2.8529162406921387
19-08-1999,3.25,3.2962958812713623,78300,3.2962958812713623,3.287036895751953,2.813293218612671
20-08-1999,3.2962958812713623,3.305556058883667,50625,3.34259295463562,3.3333330154418945,2.8529162406921387
23-08-1999,3.259258985519409,3.3333330154418945,168075,3.34259295463562,3.2962958812713623,2.8212177753448486
24-08-1999,3.15740704536438,3.277777910232544,189675,3.277777910232544,3.15740704536438,2.7023468017578125
25-08-1999,3.055556058883667,3.1666669845581055,210600,3.1666669845581055,3.1018519401550293,2.6547975540161133
26-08-1999,3.037036895751953,3.1111109256744385,120150,3.1111109256744385,3.064815044403076,2.6231000423431396
27-08-1999,3.055556058883667,3.055556058883667,132300,3.1666669845581055,3.1481480598449707,2.694422483444214
30-08-1999,3.037036895751953,3.1296300888061523,135000,3.1296300888061523,3.055556058883667,2.615175247192383
31-08-1999,3.0185189247131348,3.037036895751953,276750,3.1018519401550293,3.0833330154418945,2.638948917388916
01-09-1999,3.0740740299224854,3.0833330154418945,72900,3.1296300888061523,3.0740740299224854,2.6310231685638428
02-09-1999,3.055556058883667,3.064815044403076,105975,3.0740740299224854,3.0740740299224854,2.6310231685638428
03-09-1999,3.1018519401550293,3.1018519401550293,121500,3.1481480598449707,3.1111109256744385,2.662721872329712
07-09-1999,3.09259295463562,3.1111109256744385,261900,3.1388890743255615,3.1296300888061523,2.6785714626312256
08-09-1999,3.037036895751953,3.09259295463562,270000,3.1111109256744385,3.0833330154418945,2.638948917388916
09-09-1999,3.009258985519409,3.0740740299224854,211275,3.0833330154418945,3.037036895751953,2.59932541847229
10-09-1999,3.064815044403076,3.064815044403076,228150,3.15740704536438,3.1203699111938477,2.670647144317627
13-09-1999,3.1018519401550293,3.1111109256744385,145125,3.15740704536438,3.15740704536438,2.7023468017578125
14-09-1999,3.1296300888061523,3.1296300888061523,308475,3.2037041187286377,3.1481480598449707,2.7020294666290283
15-09-1999,3.1111109256744385,3.1666669845581055,102600,3.1759259700775146,3.1111109256744385,2.6702396869659424
16-09-1999,3.09259295463562,3.1203699111938477,76275,3.1203699111938477,3.1111109256744385,2.6702396869659424
17-09-1999,3.09259295463562,3.1111109256744385,839025,3.1203699111938477,3.1018519401550293,2.662292718887329
20-09-1999,3.09259295463562,3.09259295463562,49950,3.1203699111938477,3.1111109256744385,2.6702396869659424
21-09-1999,3.09259295463562,3.1018519401550293,118800,3.1203699111938477,3.09259295463562,2.654346227645874
22-09-1999,3.0833330154418945,3.0833330154418945,309825,3.1111109256744385,3.09259295463562,2.654346227645874
23-09-1999,3.0833330154418945,3.09259295463562,178875,3.1018519401550293,3.0833330154418945,2.6463992595672607
24-09-1999,3.027777910232544,3.09259295463562,59400,3.09259295463562,3.055556058883667,2.6225593090057373
27-09-1999,3.037036895751953,3.055556058883667,173475,3.1666669845581055,3.0462958812713623,2.614609718322754
28-09-1999,2.9259259700775146,3.027777910232544,82350,3.027777910232544,2.944443941116333,2.527190923690796
29-09-1999,2.8981480598449707,2.9259259700775146,83700,3.0,2.990741014480591,2.566926956176758
30-09-1999,2.8518519401550293,2.9814810752868652,250425,2.9814810752868652,2.935184955596924,2.5192441940307617
01-10-1999,2.90740704536438,2.90740704536438,196425,3.0185189247131348,3.0185189247131348,2.590769052505493
04-10-1999,2.972222089767456,3.0,115425,3.037036895751953,2.9814810752868652,2.558980703353882
05-10-1999,2.90740704536438,2.962963104248047,113400,3.0,2.944443941116333,2.527190923690796
06-10-1999,2.8240740299224854,2.944443941116333,141075,2.9537041187286377,2.8240740299224854,2.4238784313201904
07-10-1999,2.759258985519409,2.805556058883667,124875,2.805556058883667,2.787036895751953,2.392090320587158
08-10-1999,2.7314810752868652,2.787036895751953,289575,2.805556058883667,2.75,2.3603010177612305
11-10-1999,2.759258985519409,2.759258985519409,163350,2.814815044403076,2.805556058883667,2.407985210418701
12-10-1999,2.759258985519409,2.805556058883667,201150,2.805556058883667,2.787036895751953,2.392090320587158
13-10-1999,2.759258985519409,2.759258985519409,43200,2.7685189247131348,2.7685189247131348,2.3761963844299316
14-10-1999,2.759258985519409,2.759258985519409,120825,2.7962958812713623,2.777777910232544,2.3841428756713867
15-10-1999,2.7685189247131348,2.7962958812713623,130275,2.7962958812713623,2.777777910232544,2.3841428756713867
18-10-1999,2.75,2.7962958812713623,126225,2.7962958812713623,2.7685189247131348,2.3761963844299316
19-10-1999,2.685184955596924,2.7685189247131348,50625,2.777777910232544,2.694443941116333,2.3126180171966553
20-10-1999,2.6666669845581055,2.685184955596924,1409400,2.712963104248047,2.712963104248047,2.3285136222839355
21-10-1999,2.6759259700775146,2.694443941116333,99225,2.694443941116333,2.694443941116333,2.3126180171966553
22-10-1999,2.694443941116333,2.7037041187286377,82350,2.75,2.7314810752868652,2.3444066047668457
25-10-1999,2.685184955596924,2.722222089767456,94500,2.740741014480591,2.712963104248047,2.3285136222839355
26-10-1999,2.7037041187286377,2.712963104248047,71550,2.7314810752868652,2.722222089767456,2.336460828781128
27-10-1999,2.722222089767456,2.722222089767456,232200,2.8888890743255615,2.8611109256744385,2.4556660652160645
28-10-1999,2.8981480598449707,2.8981480598449707,164700,2.962963104248047,2.9259259700775146,2.5112974643707275
29-10-1999,2.90740704536438,2.9259259700775146,99225,2.9537041187286377,2.9259259700775146,2.5112974643707275
01-11-1999,2.935184955596924,2.935184955596924,89775,2.962963104248047,2.962963104248047,2.5430855751037598
02-11-1999,2.9537041187286377,2.9537041187286377,145125,2.990741014480591,2.972222089767456,2.5510318279266357
03-11-1999,2.935184955596924,2.9814810752868652,155250,2.9814810752868652,2.972222089767456,2.5510318279266357
04-11-1999,2.962963104248047,2.962963104248047,83025,2.990741014480591,2.990741014480591,2.566926956176758
05-11-1999,2.990741014480591,3.0,148500,3.037036895751953,3.0,2.5748751163482666
08-11-1999,2.9537041187286377,2.990741014480591,201825,3.009258985519409,2.972222089767456,2.5510318279266357
09-11-1999,2.962963104248047,2.962963104248047,93150,2.9814810752868652,2.9814810752868652,2.558980703353882
10-11-1999,2.962963104248047,2.9814810752868652,41175,2.9814810752868652,2.9814810752868652,2.558980703353882
11-11-1999,2.90740704536438,2.972222089767456,116775,2.972222089767456,2.9259259700775146,2.5112974643707275
12-11-1999,2.9166669845581055,2.9166669845581055,67500,2.9814810752868652,2.9814810752868652,2.558980703353882
15-11-1999,2.944443941116333,2.962963104248047,88425,2.9814810752868652,2.9814810752868652,2.558980703353882
16-11-1999,2.9537041187286377,2.962963104248047,311175,2.962963104248047,2.9537041187286377,2.5351390838623047
17-11-1999,2.962963104248047,2.962963104248047,162000,3.0,2.972222089767456,2.5510318279266357
18-11-1999,2.962963104248047,2.962963104248047,118125,3.0,3.0,2.5748751163482666
19-11-1999,2.9537041187286377,3.0,56025,3.009258985519409,2.9814810752868652,2.558980703353882
22-11-1999,2.8796300888061523,2.990741014480591,134325,2.990741014480591,2.8888890743255615,2.479509115219116
23-11-1999,2.8703699111938477,2.8888890743255615,172800,2.90740704536438,2.90740704536438,2.4954023361206055
24-11-1999,2.84259295463562,2.8981480598449707,90450,2.8981480598449707,2.8518519401550293,2.4477195739746094
26-11-1999,2.84259295463562,2.8518519401550293,70875,2.9166669845581055,2.9166669845581055,2.503350257873535
29-11-1999,2.8796300888061523,2.90740704536438,70200,2.90740704536438,2.8888890743255615,2.479509115219116
30-11-1999,2.8888890743255615,2.8888890743255615,230175,2.962963104248047,2.962963104248047,2.5430855751037598
01-12-1999,2.9166669845581055,2.944443941116333,206550,2.944443941116333,2.935184955596924,2.5192441940307617
02-12-1999,2.9259259700775146,2.9259259700775146,89100,2.9537041187286377,2.9537041187286377,2.5351390838623047
03-12-1999,2.935184955596924,2.944443941116333,158625,3.009258985519409,2.944443941116333,2.527190923690796
06-12-1999,2.944443941116333,2.944443941116333,213975,2.962963104248047,2.962963104248047,2.5430855751037598
07-12-1999,2.944443941116333,2.962963104248047,54675,2.962963104248047,2.9537041187286377,2.5427680015563965
08-12-1999,2.84259295463562,2.9259259700775146,196425,2.944443941116333,2.8796300888061523,2.478999614715576
09-12-1999,2.787036895751953,2.8611109256744385,161325,2.8611109256744385,2.84259295463562,2.447115421295166
10-12-1999,2.814815044403076,2.8240740299224854,180900,2.84259295463562,2.84259295463562,2.447115421295166
13-12-1999,2.8333330154418945,2.84259295463562,114750,2.8888890743255615,2.8888890743255615,2.4869706630706787
14-12-1999,2.7962958812713623,2.8703699111938477,222750,2.8796300888061523,2.84259295463562,2.447115421295166
15-12-1999,2.805556058883667,2.8240740299224854,437400,2.8611109256744385,2.8611109256744385,2.4630558490753174
16-12-1999,2.8518519401550293,2.8518519401550293,245700,2.9259259700775146,2.90740704536438,2.5029118061065674
17-12-1999,2.8981480598449707,2.9166669845581055,968625,2.9166669845581055,2.90740704536438,2.5029118061065674
20-12-1999,2.8333330154418945,2.8796300888061523,167400,2.90740704536438,2.8333330154418945,2.439143419265747
21-12-1999,2.7962958812713623,2.814815044403076,87750,2.8518519401550293,2.84259295463562,2.447115421295166
22-12-1999,2.712963104248047,2.84259295463562,261225,2.84259295463562,2.7314810752868652,2.351461172103882
23-12-1999,2.694443941116333,2.712963104248047,239625,2.7314810752868652,2.7037041187286377,2.3275492191314697
27-12-1999,2.6759259700775146,2.694443941116333,220050,2.7037041187286377,2.685184955596924,2.3116071224212646
28-12-1999,2.6666669845581055,2.685184955596924,972000,2.722222089767456,2.7037041187286377,2.3275492191314697
29-12-1999,2.7037041187286377,2.7037041187286377,370575,2.8333330154418945,2.787036895751953,2.3992879390716553
30-12-1999,2.7685189247131348,2.7685189247131348,184275,2.805556058883667,2.787036895751953,2.3992879390716553
31-12-1999,2.7685189247131348,2.787036895751953,159975,2.8333330154418945,2.8240740299224854,2.4311716556549072
03-01-2000,2.7962958812713623,2.814815044403076,576450,2.8240740299224854,2.814815044403076,2.423201084136963
04-01-2000,2.7962958812713623,2.814815044403076,254475,2.8333330154418945,2.805556058883667,2.415231466293335
05-01-2000,2.777777910232544,2.7962958812713623,141075,2.8611109256744385,2.8333330154418945,2.439143419265747
06-01-2000,2.740741014480591,2.8333330154418945,130275,2.84259295463562,2.814815044403076,2.423201084136963
07-01-2000,2.7962958812713623,2.7962958812713623,183600,2.8796300888061523,2.8518519401550293,2.4550859928131104
10-01-2000,2.8611109256744385,2.8703699111938477,89775,2.962963104248047,2.944443941116333,2.534794807434082
11-01-2000,2.84259295463562,2.9259259700775146,515700,2.9259259700775146,2.8611109256744385,2.4630558490753174
12-01-2000,2.8333330154418945,2.84259295463562,78975,2.8703699111938477,2.8703699111938477,2.4710278511047363
13-01-2000,2.814815044403076,2.8518519401550293,126225,2.8796300888061523,2.8333330154418945,2.439143419265747
14-01-2000,2.7962958812713623,2.8333330154418945,186300,2.8518519401550293,2.805556058883667,2.415231466293335
18-01-2000,2.805556058883667,2.814815044403076,274725,2.944443941116333,2.944443941116333,2.534794807434082
19-01-2000,2.8703699111938477,2.935184955596924,592650,2.9490740299224854,2.8888890743255615,2.4869706630706787
20-01-2000,2.8703699111938477,2.8888890743255615,235575,2.9166669845581055,2.90740704536438,2.5029118061065674
21-01-2000,2.8796300888061523,2.8888890743255615,452250,2.8981480598449707,2.8981480598449707,2.494940996170044
24-01-2000,2.787036895751953,2.8981480598449707,187650,2.90740704536438,2.787036895751953,2.3992879390716553
25-01-2000,2.694443941116333,2.759258985519409,248400,2.759258985519409,2.740741014480591,2.359433889389038
26-01-2000,2.7314810752868652,2.759258985519409,230175,2.814815044403076,2.814815044403076,2.423201084136963
27-01-2000,2.8333330154418945,2.8518519401550293,541350,2.9814810752868652,2.972222089767456,2.558708906173706
28-01-2000,2.9259259700775146,2.962963104248047,469800,3.027777910232544,3.027777910232544,2.6065359115600586
31-01-2000,3.055556058883667,3.0740740299224854,432675,3.259258985519409,3.259258985519409,2.8058128356933594
01-02-2000,2.9259259700775146,3.259258985519409,523125,3.277777910232544,2.9259259700775146,2.5188536643981934
02-02-2000,2.759258985519409,2.944443941116333,839700,2.944443941116333,2.759258985519409,2.3753743171691895
03-02-2000,2.6759259700775146,2.759258985519409,335475,2.7685189247131348,2.712963104248047,2.3355202674865723
04-02-2000,2.6666669845581055,2.7037041187286377,157275,2.722222089767456,2.694443941116333,2.3195765018463135
07-02-2000,2.6388890743255615,2.694443941116333,124200,2.694443941116333,2.65740704536438,2.287693738937378
08-02-2000,2.59259295463562,2.6666669845581055,639225,2.7037041187286377,2.6481480598449707,2.2797231674194336
09-02-2000,2.5462958812713623,2.65740704536438,237600,2.65740704536438,2.59259295463562,2.231895685195923
10-02-2000,2.4166669845581055,2.59259295463562,434025,2.59259295463562,2.444443941116333,2.1043572425842285
11-02-2000,2.444443941116333,2.444443941116333,1080675,2.65740704536438,2.65740704536438,2.287693738937378
14-02-2000,2.6203699111938477,2.6481480598449707,149175,2.65740704536438,2.65740704536438,2.287693738937378
15-02-2000,2.6388890743255615,2.6666669845581055,524475,2.694443941116333,2.65740704536438,2.287693738937378
16-02-2000,2.6203699111938477,2.6481480598449707,301725,2.6666669845581055,2.6388890743255615,2.271752119064331
17-02-2000,2.6111109256744385,2.6111109256744385,385425,2.6666669845581055,2.65740704536438,2.287693738937378
18-02-2000,2.6111109256744385,2.65740704536438,116100,2.65740704536438,2.6203699111938477,2.2558083534240723
22-02-2000,2.564815044403076,2.6203699111938477,197100,2.685184955596924,2.685184955596924,2.3116071224212646
23-02-2000,2.564815044403076,2.685184955596924,353700,2.685184955596924,2.59259295463562,2.231895685195923
24-02-2000,2.537036895751953,2.5833330154418945,228825,2.5833330154418945,2.537036895751953,2.184070587158203
25-02-2000,2.4814810752868652,2.5185189247131348,351000,2.6203699111938477,2.555556058883667,2.2000110149383545
28-02-2000,2.462963104248047,2.537036895751953,196425,2.537036895751953,2.490741014480591,2.144214630126953
29-02-2000,2.472222089767456,2.490741014480591,334125,2.527777910232544,2.509258985519409,2.160155773162842
01-03-2000,2.40740704536438,2.509258985519409,739125,2.740741014480591,2.740741014480591,2.359433889389038
02-03-2000,2.6296300888061523,2.722222089767456,250425,2.722222089767456,2.6388890743255615,2.271752119064331
03-03-2000,2.555556058883667,2.6296300888061523,258525,2.6296300888061523,2.5833330154418945,2.2239251136779785
06-03-2000,2.555556058883667,2.5833330154418945,308475,2.6018519401550293,2.6018519401550293,2.239867925643921
07-03-2000,2.555556058883667,2.6018519401550293,573075,2.6018519401550293,2.5833330154418945,2.2239251136779785
08-03-2000,2.564815044403076,2.564815044403076,322650,2.6388890743255615,2.6296300888061523,2.2637813091278076
09-03-2000,2.5740740299224854,2.6388890743255615,416475,2.6388890743255615,2.5833330154418945,2.2239251136779785
10-03-2000,2.4814810752868652,2.5462958812713623,314550,2.555556058883667,2.4814810752868652,2.1362431049346924
13-03-2000,2.4814810752868652,2.490741014480591,251100,2.5740740299224854,2.5462958812713623,2.19204044342041
14-03-2000,2.2962958812713623,2.564815044403076,1003050,2.564815044403076,2.3703699111938477,2.0405893325805664
15-03-2000,2.3333330154418945,2.3703699111938477,540000,2.3888890743255615,2.3888890743255615,2.064274311065674
16-03-2000,2.3888890743255615,2.3888890743255615,579825,2.527777910232544,2.527777910232544,2.1842901706695557
17-03-2000,2.4537041187286377,2.4537041187286377,508275,2.6388890743255615,2.6388890743255615,2.2803027629852295
20-03-2000,2.6203699111938477,2.6203699111938477,166050,2.65740704536438,2.6481480598449707,2.288304090499878
21-03-2000,2.564815044403076,2.6296300888061523,162675,2.6388890743255615,2.6018519401550293,2.2482988834381104
22-03-2000,2.6203699111938477,2.6203699111938477,440775,2.694443941116333,2.694443941116333,2.32830810546875
23-03-2000,2.712963104248047,2.712963104248047,431325,2.805556058883667,2.7314810752868652,2.3603122234344482
24-03-2000,2.75,2.787036895751953,327375,2.805556058883667,2.777777910232544,2.4003183841705322
27-03-2000,2.759258985519409,2.7962958812713623,383400,2.814815044403076,2.759258985519409,2.3843164443969727
28-03-2000,2.6111109256744385,2.740741014480591,171450,2.740741014480591,2.6203699111938477,2.264299154281616
29-03-2000,2.5462958812713623,2.6388890743255615,153225,2.6481480598449707,2.5833330154418945,2.2322967052459717
30-03-2000,2.59259295463562,2.59259295463562,434025,2.8796300888061523,2.814815044403076,2.4323225021362305
31-03-2000,2.8240740299224854,2.8240740299224854,644625,2.962963104248047,2.8518519401550293,2.464327096939087
03-04-2000,2.805556058883667,2.8240740299224854,675675,2.9259259700775146,2.9166669845581055,2.520334243774414
04-04-2000,2.8888890743255615,2.9166669845581055,309825,2.9259259700775146,2.90740704536438,2.512333393096924
05-04-2000,2.8981480598449707,2.90740704536438,256500,2.9537041187286377,2.90740704536438,2.512333393096924
06-04-2000,2.90740704536438,2.90740704536438,405675,2.962963104248047,2.962963104248047,2.5603394508361816
07-04-2000,2.962963104248047,2.962963104248047,94500,3.0,2.990741014480591,2.5843422412872314
10-04-2000,2.9814810752868652,3.0185189247131348,398925,3.1481480598449707,2.9814810752868652,2.576341390609741
11-04-2000,2.90740704536438,2.962963104248047,176850,2.9814810752868652,2.9537041187286377,2.5523383617401123
12-04-2000,2.9259259700775146,2.9537041187286377,55350,2.9814810752868652,2.944443941116333,2.5443360805511475
13-04-2000,2.9259259700775146,2.962963104248047,101925,2.9814810752868652,2.944443941116333,2.5443360805511475
14-04-2000,2.9166669845581055,2.944443941116333,156600,2.962963104248047,2.962963104248047,2.5603394508361816
17-04-2000,2.8333330154418945,2.944443941116333,490725,2.962963104248047,2.8796300888061523,2.4883315563201904
18-04-2000,2.8981480598449707,2.9166669845581055,172800,2.9814810752868652,2.944443941116333,2.5443360805511475
19-04-2000,2.944443941116333,2.962963104248047,276075,3.037036895751953,3.027777910232544,2.616347074508667
20-04-2000,3.009258985519409,3.027777910232544,582525,3.09259295463562,3.0740740299224854,2.6563527584075928
24-04-2000,2.9814810752868652,3.09259295463562,213975,3.09259295463562,2.990741014480591,2.5843422412872314
25-04-2000,2.990741014480591,3.027777910232544,1278450,3.0740740299224854,3.055556058883667,2.640350580215454
26-04-2000,3.0462958812713623,3.064815044403076,317250,3.0740740299224854,3.0462958812713623,2.63234806060791
27-04-2000,2.9814810752868652,3.027777910232544,184275,3.064815044403076,3.055556058883667,2.640350580215454
28-04-2000,3.0,3.064815044403076,294300,3.0740740299224854,3.0462958812713623,2.63234806060791
01-05-2000,2.990741014480591,2.990741014480591,481275,3.194443941116333,3.0833330154418945,2.664353609085083
02-05-2000,3.0185189247131348,3.064815044403076,309825,3.0740740299224854,3.0462958812713623,2.63234806060791
03-05-2000,2.9537041187286377,3.009258985519409,203850,3.027777910232544,2.9537041187286377,2.5523383617401123
04-05-2000,2.9537041187286377,2.972222089767456,514350,3.1111109256744385,3.064815044403076,2.6483523845672607
05-05-2000,3.055556058883667,3.055556058883667,255150,3.1296300888061523,3.1111109256744385,2.6883559226989746
08-05-2000,3.0462958812713623,3.1111109256744385,259200,3.1111109256744385,3.0740740299224854,2.6563527584075928
09-05-2000,3.0185189247131348,3.09259295463562,413775,3.09259295463562,3.064815044403076,2.6483523845672607
10-05-2000,2.962963104248047,3.0462958812713623,97200,3.055556058883667,3.009258985519409,2.60034441947937
11-05-2000,2.990741014480591,3.027777910232544,157275,3.055556058883667,3.0,2.59234356880188
12-05-2000,2.962963104248047,3.009258985519409,170100,3.0185189247131348,3.0,2.59234356880188
15-05-2000,2.9814810752868652,3.0,227475,3.0462958812713623,3.0462958812713623,2.63234806060791
16-05-2000,3.064815044403076,3.064815044403076,363150,3.1388890743255615,3.1111109256744385,2.6883559226989746
17-05-2000,3.055556058883667,3.1018519401550293,202500,3.1018519401550293,3.0740740299224854,2.6563527584075928
18-05-2000,3.027777910232544,3.064815044403076,133650,3.1111109256744385,3.0462958812713623,2.63234806060791
19-05-2000,2.9537041187286377,3.027777910232544,83700,3.027777910232544,2.962963104248047,2.5603394508361816
22-05-2000,2.8333330154418945,2.944443941116333,239625,2.962963104248047,2.962963104248047,2.5603394508361816
23-05-2000,2.8611109256744385,2.962963104248047,157275,2.962963104248047,2.8611109256744385,2.472327470779419
24-05-2000,2.805556058883667,2.8611109256744385,236250,2.90740704536438,2.8888890743255615,2.496331214904785
25-05-2000,2.8703699111938477,2.8888890743255615,122850,2.90740704536438,2.8888890743255615,2.496331214904785
26-05-2000,2.8333330154418945,2.8888890743255615,66150,2.8888890743255615,2.8333330154418945,2.44832444190979
30-05-2000,2.8703699111938477,2.8703699111938477,226125,3.0,3.0,2.59234356880188
31-05-2000,2.962963104248047,3.0185189247131348,809325,3.0833330154418945,3.0833330154418945,2.664353609085083
01-06-2000,3.055556058883667,3.0740740299224854,636525,3.1111109256744385,3.0833330154418945,2.664353609085083
02-06-2000,3.0833330154418945,3.1018519401550293,336150,3.1296300888061523,3.1018519401550293,2.6803553104400635
05-06-2000,3.037036895751953,3.1111109256744385,86400,3.1111109256744385,3.037036895751953,2.6243486404418945
06-06-2000,3.055556058883667,3.055556058883667,106650,3.1018519401550293,3.0740740299224854,2.6563527584075928
07-06-2000,3.0185189247131348,3.037036895751953,105975,3.055556058883667,3.037036895751953,2.6243486404418945
08-06-2000,2.972222089767456,3.027777910232544,116100,3.027777910232544,2.990741014480591,2.5843422412872314
09-06-2000,3.0,3.0,67500,3.055556058883667,3.037036895751953,2.6243486404418945
12-06-2000,3.0,3.055556058883667,299025,3.0740740299224854,3.027777910232544,2.616347074508667
13-06-2000,2.9537041187286377,2.972222089767456,1057725,3.0185189247131348,2.9537041187286377,2.5523383617401123
14-06-2000,2.8888890743255615,2.8888890743255615,413100,2.962963104248047,2.8981480598449707,2.5118916034698486
15-06-2000,2.8796300888061523,2.8981480598449707,199800,2.9814810752868652,2.972222089767456,2.57609224319458
16-06-2000,2.8981480598449707,2.935184955596924,555525,2.9814810752868652,2.9259259700775146,2.5359671115875244
19-06-2000,2.9259259700775146,2.944443941116333,430650,2.962963104248047,2.944443941116333,2.552016258239746
20-06-2000,2.90740704536438,2.962963104248047,167400,2.962963104248047,2.944443941116333,2.552016258239746
21-06-2000,2.9166669845581055,2.9537041187286377,135675,2.962963104248047,2.962963104248047,2.568068265914917
22-06-2000,2.935184955596924,2.9537041187286377,351675,2.962963104248047,2.935184955596924,2.5439913272857666
23-06-2000,2.9259259700775146,2.9537041187286377,70200,2.9537041187286377,2.935184955596924,2.5439913272857666
26-06-2000,2.962963104248047,2.962963104248047,54675,3.0185189247131348,3.009258985519409,2.6081931591033936
27-06-2000,3.0185189247131348,3.027777910232544,307125,3.055556058883667,3.0185189247131348,2.6162195205688477
28-06-2000,2.990741014480591,3.037036895751953,61425,3.037036895751953,3.0,2.6001694202423096
29-06-2000,3.009258985519409,3.009258985519409,78300,3.09259295463562,3.064815044403076,2.656346321105957
30-06-2000,2.59259295463562,3.0740740299224854,981450,3.0740740299224854,2.59259295463562,2.2470591068267822
03-07-2000,2.740741014480591,2.740741014480591,793125,3.0,2.962963104248047,2.568068265914917
05-07-2000,2.90740704536438,2.9537041187286377,237600,2.962963104248047,2.9166669845581055,2.527942419052124
06-07-2000,2.8796300888061523,2.935184955596924,265950,2.990741014480591,2.8981480598449707,2.5118916034698486
07-07-2000,2.814815044403076,2.8796300888061523,172125,2.8888890743255615,2.8703699111938477,2.4878153800964355
10-07-2000,2.814815044403076,2.8703699111938477,91125,2.8703699111938477,2.84259295463562,2.463740348815918
11-07-2000,2.814815044403076,2.8518519401550293,312525,2.9814810752868652,2.9537041187286377,2.5600426197052
12-07-2000,2.972222089767456,2.990741014480591,534600,3.1111109256744385,3.0833330154418945,2.672396183013916
13-07-2000,3.064815044403076,3.1111109256744385,276075,3.1111109256744385,3.0740740299224854,2.6643707752227783
14-07-2000,3.055556058883667,3.055556058883667,670275,3.0833330154418945,3.0833330154418945,2.672396183013916
17-07-2000,3.09259295463562,3.1111109256744385,124200,3.1296300888061523,3.09259295463562,2.6804206371307373
18-07-2000,3.09259295463562,3.09259295463562,164700,3.1203699111938477,3.1018519401550293,2.688445806503296
19-07-2000,3.0833330154418945,3.1018519401550293,137025,3.1296300888061523,3.09259295463562,2.6804206371307373
20-07-2000,3.055556058883667,3.09259295463562,181575,3.1296300888061523,3.055556058883667,2.6483211517333984
21-07-2000,3.055556058883667,3.09259295463562,87750,3.1388890743255615,3.055556058883667,2.6483211517333984
24-07-2000,2.962963104248047,3.0462958812713623,87075,3.0462958812713623,2.962963104248047,2.568068265914917
25-07-2000,2.9537041187286377,2.962963104248047,134325,3.0185189247131348,3.0185189247131348,2.6162195205688477
26-07-2000,2.90740704536438,3.037036895751953,213300,3.037036895751953,2.90740704536438,2.51991605758667
27-07-2000,2.8796300888061523,2.90740704536438,169425,2.9537041187286377,2.8796300888061523,2.4958419799804688
28-07-2000,2.8796300888061523,2.8796300888061523,178875,2.962963104248047,2.8981480598449707,2.5118916034698486
31-07-2000,2.935184955596924,2.935184955596924,307125,3.1111109256744385,3.0833330154418945,2.672396183013916
01-08-2000,2.9537041187286377,3.1018519401550293,491400,3.1296300888061523,2.972222089767456,2.57609224319458
02-08-2000,2.935184955596924,2.9537041187286377,243675,3.1018519401550293,3.064815044403076,2.656346321105957
03-08-2000,3.037036895751953,3.0462958812713623,132975,3.0833330154418945,3.064815044403076,2.656346321105957
04-08-2000,3.055556058883667,3.1018519401550293,183600,3.1018519401550293,3.0833330154418945,2.672396183013916
07-08-2000,3.0740740299224854,3.09259295463562,765450,3.1388890743255615,3.1388890743255615,2.7205474376678467
08-08-2000,3.1481480598449707,3.1481480598449707,197775,3.185184955596924,3.1759259700775146,2.752648115158081
09-08-2000,3.1203699111938477,3.185184955596924,95175,3.185184955596924,3.15740704536438,2.736598014831543
10-08-2000,3.09259295463562,3.1481480598449707,95850,3.1481480598449707,3.09259295463562,2.6804206371307373
11-08-2000,3.09259295463562,3.1018519401550293,213300,3.185184955596924,3.1759259700775146,2.752648115158081
14-08-2000,3.1388890743255615,3.1759259700775146,928125,3.185184955596924,3.15740704536438,2.736598014831543
15-08-2000,3.15740704536438,3.194443941116333,191025,3.222222089767456,3.15740704536438,2.736598014831543
16-08-2000,3.1666669845581055,3.1759259700775146,188325,3.222222089767456,3.194443941116333,2.7686984539031982
17-08-2000,3.1481480598449707,3.194443941116333,108675,3.194443941116333,3.1481480598449707,2.728572130203247
18-08-2000,3.1666669845581055,3.1666669845581055,643950,3.222222089767456,3.212963104248047,2.7847483158111572
21-08-2000,3.212963104248047,3.2314810752868652,41850,3.240741014480591,3.222222089767456,2.792774200439453
22-08-2000,3.1296300888061523,3.194443941116333,174150,3.2037041187286377,3.1481480598449707,2.728572130203247
23-08-2000,3.037036895751953,3.15740704536438,241650,3.15740704536438,3.037036895751953,2.6322710514068604
24-08-2000,3.0740740299224854,3.0740740299224854,170775,3.185184955596924,3.1759259700775146,2.752648115158081
25-08-2000,3.1481480598449707,3.1759259700775146,427275,3.185184955596924,3.1666669845581055,2.7446227073669434
28-08-2000,3.15740704536438,3.1666669845581055,162000,3.185184955596924,3.1666669845581055,2.7446227073669434
29-08-2000,3.1666669845581055,3.1666669845581055,175500,3.2037041187286377,3.185184955596924,2.7606732845306396
30-08-2000,3.1481480598449707,3.1666669845581055,203850,3.185184955596924,3.1666669845581055,2.7446227073669434
31-08-2000,3.037036895751953,3.15740704536438,2018250,3.222222089767456,3.1666669845581055,2.7446227073669434
01-09-2000,3.1481480598449707,3.185184955596924,487350,3.185184955596924,3.1481480598449707,2.728572130203247
05-09-2000,3.1481480598449707,3.1666669845581055,141750,3.185184955596924,3.1759259700775146,2.752648115158081
06-09-2000,3.15740704536438,3.1666669845581055,282150,3.1759259700775146,3.1666669845581055,2.7446227073669434
07-09-2000,3.185184955596924,3.2037041187286377,1366875,3.3888890743255615,3.3796300888061523,2.929203987121582
08-09-2000,3.185184955596924,3.34259295463562,504225,3.34259295463562,3.194443941116333,2.7686984539031982
11-09-2000,3.2037041187286377,3.212963104248047,640575,3.277777910232544,3.25,2.816849946975708
12-09-2000,3.1666669845581055,3.240741014480591,2705400,3.25,3.212963104248047,2.7847483158111572
13-09-2000,3.0185189247131348,3.2037041187286377,1030725,3.2037041187286377,3.1759259700775146,2.760284662246704
14-09-2000,3.1296300888061523,3.185184955596924,982800,3.2037041187286377,3.185184955596924,2.7683310508728027
15-09-2000,3.0833330154418945,3.1481480598449707,383400,3.1481480598449707,3.0833330154418945,2.679810047149658
18-09-2000,3.0462958812713623,3.055556058883667,238275,3.09259295463562,3.0462958812713623,2.647618293762207
19-09-2000,3.0462958812713623,3.0462958812713623,474525,3.1111109256744385,3.1111109256744385,2.703951597213745
20-09-2000,3.037036895751953,3.1111109256744385,203850,3.1203699111938477,3.055556058883667,2.6556670665740967
21-09-2000,2.972222089767456,3.0185189247131348,319275,3.0462958812713623,2.9814810752868652,2.591287851333618
22-09-2000,2.944443941116333,2.944443941116333,156600,3.064815044403076,3.037036895751953,2.639572858810425
25-09-2000,2.990741014480591,3.037036895751953,100575,3.037036895751953,3.0185189247131348,2.6234779357910156
26-09-2000,3.027777910232544,3.037036895751953,223425,3.1759259700775146,3.1018519401550293,2.6959054470062256
27-09-2000,2.990741014480591,3.0833330154418945,504900,3.0833330154418945,3.0185189247131348,2.6234779357910156
28-09-2000,3.009258985519409,3.0185189247131348,232200,3.1388890743255615,3.1111109256744385,2.703951597213745
29-09-2000,3.037036895751953,3.0740740299224854,495450,3.2037041187286377,3.1388890743255615,2.7280943393707275
02-10-2000,3.064815044403076,3.1388890743255615,293625,3.1388890743255615,3.0740740299224854,2.671762704849243
03-10-2000,3.055556058883667,3.055556058883667,135675,3.1296300888061523,3.0833330154418945,2.679810047149658
04-10-2000,3.064815044403076,3.0833330154418945,170775,3.1111109256744385,3.09259295463562,2.687856912612915
05-10-2000,3.0833330154418945,3.1018519401550293,255150,3.1203699111938477,3.1111109256744385,2.703951597213745
06-10-2000,3.055556058883667,3.0740740299224854,122850,3.1111109256744385,3.064815044403076,2.663715362548828
09-10-2000,3.037036895751953,3.0833330154418945,358425,3.0833330154418945,3.055556058883667,2.6556670665740967
10-10-2000,2.9814810752868652,3.055556058883667,997650,3.055556058883667,3.009258985519409,2.6154298782348633
11-10-2000,2.990741014480591,3.009258985519409,315225,3.1111109256744385,3.09259295463562,2.687856912612915
12-10-2000,2.9814810752868652,3.0740740299224854,204525,3.0833330154418945,2.9814810752868652,2.591287851333618
13-10-2000,2.962963104248047,2.9814810752868652,350325,3.0462958812713623,3.0462958812713623,2.647618293762207
16-10-2000,3.0462958812713623,3.055556058883667,116100,3.1111109256744385,3.1018519401550293,2.6959054470062256
17-10-2000,3.0740740299224854,3.1388890743255615,1408725,3.2037041187286377,3.194443941116333,2.7763798236846924
18-10-2000,3.1481480598449707,3.1666669845581055,211275,3.194443941116333,3.1666669845581055,2.7522380352020264
19-10-2000,3.1759259700775146,3.1759259700775146,513000,3.212963104248047,3.194443941116333,2.7763798236846924
20-10-2000,3.194443941116333,3.194443941116333,379350,3.25,3.25,2.8246634006500244
23-10-2000,3.1666669845581055,3.2314810752868652,963225,3.240741014480591,3.212963104248047,2.792475461959839
24-10-2000,3.1666669845581055,3.185184955596924,420525,3.2037041187286377,3.2037041187286377,2.7844269275665283
25-10-2000,3.1388890743255615,3.2037041187286377,183600,3.2037041187286377,3.15740704536438,2.744190216064453
26-10-2000,3.1388890743255615,3.1388890743255615,1226475,3.222222089767456,3.194443941116333,2.7763798236846924
27-10-2000,3.1388890743255615,3.194443941116333,168750,3.2037041187286377,3.1388890743255615,2.7280943393707275
30-10-2000,3.1111109256744385,3.1388890743255615,720225,3.1388890743255615,3.1203699111938477,2.7119998931884766
31-10-2000,3.037036895751953,3.1203699111938477,478575,3.222222089767456,3.222222089767456,2.8005218505859375
01-11-2000,3.1759259700775146,3.2037041187286377,189000,3.212963104248047,3.2037041187286377,2.7844269275665283
02-11-2000,3.1666669845581055,3.1666669845581055,747900,3.2314810752868652,3.222222089767456,2.8005218505859375
03-11-2000,3.185184955596924,3.222222089767456,469800,3.25,3.240741014480591,2.816617488861084
06-11-2000,3.185184955596924,3.25,685800,3.25,3.222222089767456,2.8005218505859375
07-11-2000,3.185184955596924,3.222222089767456,1046925,3.277777910232544,3.259258985519409,2.8327105045318604
08-11-2000,3.2314810752868652,3.25,1622025,3.259258985519409,3.240741014480591,2.816617488861084
09-11-2000,3.1111109256744385,3.25,291600,3.25,3.1666669845581055,2.7522380352020264
10-11-2000,3.1111109256744385,3.1388890743255615,1468800,3.1666669845581055,3.1666669845581055,2.7522380352020264
13-11-2000,3.15740704536438,3.185184955596924,525825,3.194443941116333,3.1759259700775146,2.760284662246704
14-11-2000,3.1666669845581055,3.185184955596924,348975,3.2037041187286377,3.194443941116333,2.7763798236846924
15-11-2000,3.185184955596924,3.194443941116333,516375,3.259258985519409,3.259258985519409,2.8327105045318604
16-11-2000,3.2037041187286377,3.240741014480591,431325,3.259258985519409,3.212963104248047,2.792475461959839
17-11-2000,3.240741014480591,3.240741014480591,309150,3.305556058883667,3.287036895751953,2.8568532466888428
20-11-2000,3.259258985519409,3.287036895751953,224775,3.287036895751953,3.2685189247131348,2.840759038925171
21-11-2000,3.240741014480591,3.2685189247131348,252450,3.277777910232544,3.259258985519409,2.8327105045318604
22-11-2000,3.2314810752868652,3.240741014480591,302400,3.259258985519409,3.259258985519409,2.8327105045318604
24-11-2000,3.259258985519409,3.259258985519409,434700,3.314815044403076,3.314815044403076,2.8809969425201416
27-11-2000,3.2962958812713623,3.2962958812713623,2567025,3.3888890743255615,3.3796300888061523,2.9373295307159424
28-11-2000,3.3333330154418945,3.3703699111938477,652725,3.3888890743255615,3.3796300888061523,2.9373295307159424
29-11-2000,3.3333330154418945,3.3518519401550293,567000,3.3703699111938477,3.3703699111938477,2.9292805194854736
30-11-2000,3.3611109256744385,3.3703699111938477,1782675,3.3796300888061523,3.3703699111938477,2.9292805194854736
01-12-2000,3.2962958812713623,3.3703699111938477,847800,3.3703699111938477,3.3611109256744385,2.921234607696533
04-12-2000,3.314815044403076,3.3703699111938477,1394550,3.3703699111938477,3.3333330154418945,2.8970911502838135
05-12-2000,3.3333330154418945,3.3333330154418945,582525,3.40740704536438,3.3796300888061523,2.9373295307159424
06-12-2000,3.3888890743255615,3.3888890743255615,1615275,3.435184955596924,3.40740704536438,2.9692811965942383
07-12-2000,3.3888890743255615,3.3888890743255615,282825,3.490741014480591,3.4537041187286377,3.009625196456909
08-12-2000,3.462963104248047,3.462963104248047,383400,3.537036895751953,3.537036895751953,3.082242727279663
11-12-2000,3.5185189247131348,3.5185189247131348,783000,3.6666669845581055,3.6666669845581055,3.1952052116394043
12-12-2000,3.6388890743255615,3.65740704536438,663525,3.685184955596924,3.6481480598449707,3.1790668964385986
13-12-2000,3.6018519401550293,3.6481480598449707,907875,3.65740704536438,3.6111109256744385,3.1467928886413574
14-12-2000,3.6296300888061523,3.6481480598449707,722925,3.65740704536438,3.6388890743255615,3.17099928855896
15-12-2000,3.6111109256744385,3.6203699111938477,940275,3.6296300888061523,3.6296300888061523,3.1629300117492676
18-12-2000,3.6296300888061523,3.6666669845581055,370575,3.740741014480591,3.712963104248047,3.235548496246338
19-12-2000,3.6759259700775146,3.712963104248047,511650,3.712963104248047,3.694443941116333,3.2194104194641113
20-12-2000,3.6759259700775146,3.694443941116333,312525,3.7314810752868652,3.712963104248047,3.235548496246338
21-12-2000,3.7037041187286377,3.7037041187286377,662175,3.7685189247131348,3.759258985519409,3.275892734527588
22-12-2000,3.759258985519409,3.759258985519409,244350,3.8703699111938477,3.8703699111938477,3.372715473175049
26-12-2000,3.8703699111938477,3.8703699111938477,337500,3.8888890743255615,3.8796300888061523,3.3807854652404785
27-12-2000,3.8796300888061523,3.8888890743255615,388125,3.990741014480591,3.990741014480591,3.4776086807250977
28-12-2000,3.759258985519409,3.9814810752868652,1247400,3.990741014480591,3.9166669845581055,3.413060426712036
29-12-2000,3.84259295463562,3.9166669845581055,1082700,3.9259259700775146,3.84259295463562,3.3485095500946045
02-01-2001,3.509258985519409,3.694443941116333,1503225,3.7037041187286377,3.65740704536438,3.187135696411133
03-01-2001,3.6296300888061523,3.6296300888061523,969975,3.84259295463562,3.805556058883667,3.3162357807159424
04-01-2001,3.75,3.787036895751953,449550,3.8518519401550293,3.8240740299224854,3.3323726654052734
05-01-2001,3.777777910232544,3.814815044403076,674325,3.814815044403076,3.7962958812713623,3.3081653118133545
08-01-2001,3.759258985519409,3.759258985519409,1111050,4.064815044403076,4.064815044403076,3.5421602725982666
09-01-2001,3.8888890743255615,4.009259223937988,1095525,4.037036895751953,3.9166669845581055,3.413060426712036
10-01-2001,3.8981480598449707,3.8981480598449707,768825,4.101851940155029,4.101851940155029,3.574432849884033
11-01-2001,3.990741014480591,4.064815044403076,523800,4.064815044403076,4.009259223937988,3.4937472343444824
12-01-2001,3.8888890743255615,3.962963104248047,1441125,4.0,3.990741014480591,3.4776086807250977
16-01-2001,3.8333330154418945,3.990741014480591,762750,3.990741014480591,3.8703699111938477,3.372715473175049
17-01-2001,3.8611109256744385,3.8703699111938477,729675,4.092593193054199,4.064815044403076,3.5421602725982666
18-01-2001,3.8981480598449707,4.064815044403076,635175,4.064815044403076,3.9259259700775146,3.421128988265991
19-01-2001,3.8888890743255615,3.90740704536438,417825,4.009259223937988,3.990741014480591,3.4776086807250977
22-01-2001,3.9259259700775146,3.990741014480591,503550,3.990741014480591,3.944443941116333,3.437265634536743
23-01-2001,3.9166669845581055,3.944443941116333,473175,3.944443941116333,3.944443941116333,3.437265634536743
24-01-2001,3.935184955596924,3.944443941116333,274050,3.972222089767456,3.9537041187286377,3.44533634185791
25-01-2001,3.8981480598449707,3.935184955596924,535950,3.935184955596924,3.935184955596924,3.429197072982788
26-01-2001,3.8518519401550293,3.935184955596924,248400,3.935184955596924,3.90740704536438,3.4049906730651855
29-01-2001,3.8666670322418213,3.8962960243225098,301725,3.917037010192871,3.9111111164093018,3.4082188606262207
30-01-2001,3.8770370483398438,3.8814809322357178,528525,3.9259259700775146,3.917037010192871,3.4133825302124023
31-01-2001,3.914073944091797,3.9185190200805664,960525,3.9925930500030518,3.946666955947876,3.439201593399048
01-02-2001,3.9111111164093018,3.946666955947876,742500,3.954073905944824,3.954073905944824,3.445657253265381
02-02-2001,3.8725929260253906,3.970370054244995,287550,3.970370054244995,3.887407064437866,3.3875620365142822
05-02-2001,3.8888890743255615,3.8962960243225098,193725,3.9185190200805664,3.9111111164093018,3.4082188606262207
06-02-2001,3.8962960243225098,3.9185190200805664,678375,3.954073905944824,3.9111111164093018,3.4082188606262207
07-02-2001,3.8918519020080566,3.9111111164093018,270000,3.9200000762939453,3.9185190200805664,3.4146742820739746
08-02-2001,3.880000114440918,3.9185190200805664,312525,3.9259259700775146,3.899259090423584,3.39789080619812
09-02-2001,3.8962960243225098,3.899259090423584,273375,3.9259259700775146,3.909630060195923,3.4069290161132812
12-02-2001,3.909630060195923,3.909630060195923,555525,4.014814853668213,4.007407188415527,3.4921326637268066
13-02-2001,4.0444440841674805,4.0444440841674805,479925,4.128889083862305,4.059258937835693,3.537317991256714
14-02-2001,4.059258937835693,4.074073791503906,370575,4.148148059844971,4.142221927642822,3.609612464904785
15-02-2001,4.111111164093018,4.148148059844971,340200,4.195556163787842,4.157036781311035,3.622523546218872
16-02-2001,4.0,4.148148059844971,585225,4.148148059844971,4.002963066101074,3.48826003074646
20-02-2001,3.8222219944000244,3.8888890743255615,459675,4.0,3.9644439220428467,3.454693078994751
21-02-2001,3.962963104248047,3.9925930500030518,444825,4.074073791503906,4.02222204208374,3.5050418376922607
22-02-2001,3.985184907913208,4.007407188415527,221400,4.020740985870361,4.010369777679443,3.4947140216827393
23-02-2001,3.9555559158325195,4.010369777679443,233550,4.016295909881592,4.016295909881592,3.499878168106079
26-02-2001,4.001481056213379,4.001481056213379,361800,4.137777805328369,4.10370397567749,3.5760459899902344
27-02-2001,4.111111164093018,4.133333206176758,287550,4.216296195983887,4.115555763244629,3.5863754749298096
28-02-2001,4.042963027954102,4.10370397567749,410400,4.10370397567749,4.088889122009277,3.5631368160247803
01-03-2001,4.041481018066406,4.088889122009277,278100,4.090370178222656,4.081480979919434,3.5566821098327637
02-03-2001,4.074073791503906,4.074073791503906,542025,4.162962913513184,4.128889083862305,3.597994327545166
05-03-2001,4.122962951660156,4.1259260177612305,307125,4.239999771118164,4.207406997680664,3.666417360305786
06-03-2001,4.192593097686768,4.192593097686768,205875,4.225184917449951,4.199999809265137,3.6599621772766113
07-03-2001,4.1555562019348145,4.185184955596924,398250,4.257778167724609,4.1644439697265625,3.6289780139923096
08-03-2001,4.140740871429443,4.170370101928711,193725,4.1777777671813965,4.157036781311035,3.622523546218872
09-03-2001,4.081480979919434,4.133333206176758,498150,4.148148059844971,4.1451849937438965,3.612194776535034
12-03-2001,4.102221965789795,4.133333206176758,339525,4.133333206176758,4.10370397567749,3.5760459899902344
13-03-2001,3.9111111164093018,4.118518829345703,338175,4.118518829345703,4.007407188415527,3.4921326637268066
14-03-2001,3.970370054244995,3.970370054244995,297000,4.062222003936768,4.014814853668213,3.5063657760620117
15-03-2001,3.9200000762939453,3.9777779579162598,453600,4.0,4.0,3.4934260845184326
16-03-2001,3.7762959003448486,3.985184907913208,538650,3.9866669178009033,3.7881479263305664,3.3084044456481934
19-03-2001,3.7185189723968506,3.7511110305786133,518400,3.8903698921203613,3.878519058227539,3.38733172416687
20-03-2001,3.79555606842041,3.875555992126465,288900,3.8814809322357178,3.79555606842041,3.314873695373535
21-03-2001,3.6696300506591797,3.780740976333618,218700,3.780740976333618,3.6859259605407715,3.219127893447876
22-03-2001,3.503704071044922,3.6829628944396973,697950,3.725925922393799,3.7185189723968506,3.247593879699707
23-03-2001,3.7022221088409424,3.7496299743652344,627750,3.8518519401550293,3.850369930267334,3.362746238708496
26-03-2001,3.853332996368408,3.853332996368408,820800,4.029630184173584,3.965925931930542,3.463667154312134
27-03-2001,3.928889036178589,3.9555559158325195,579825,4.0,3.9644439220428467,3.462373733520508
28-03-2001,3.9259259700775146,3.9600000381469727,1782675,3.9925930500030518,3.970370054244995,3.4675488471984863
29-03-2001,3.9585189819335938,3.962963104248047,487350,4.014814853668213,3.998518943786621,3.4921340942382812
30-03-2001,3.9925930500030518,3.9925930500030518,826200,4.088889122009277,4.088889122009277,3.571058511734009
02-04-2001,3.9925930500030518,4.088889122009277,450225,4.118518829345703,3.995556116104126,3.489544630050659
03-04-2001,3.8962960243225098,4.007407188415527,759375,4.008889198303223,3.962963104248047,3.4610800743103027
04-04-2001,3.9555559158325195,3.970370054244995,955125,3.998518943786621,3.9925930500030518,3.4869582653045654
05-04-2001,4.0,4.0,525150,4.059258937835693,4.0444440841674805,3.532243251800537
06-04-2001,3.985184907913208,4.0444440841674805,629100,4.0444440841674805,3.9911110401153564,3.485663652420044
09-04-2001,4.001481056213379,4.007407188415527,459675,4.087407112121582,4.0725932121276855,3.556825637817383
10-04-2001,4.007407188415527,4.081480979919434,504225,4.109630107879639,4.029630184173584,3.5193049907684326
11-04-2001,4.007407188415527,4.059258937835693,519075,4.131852149963379,4.037036895751953,3.525773525238037
12-04-2001,4.014814853668213,4.037036895751953,352350,4.065185070037842,4.060740947723389,3.5464751720428467
16-04-2001,3.9777779579162598,4.0237040519714355,525150,4.0237040519714355,3.9940741062164307,3.4882516860961914
17-04-2001,4.0,4.007407188415527,527175,4.134815216064453,4.134815216064453,3.6111693382263184
18-04-2001,4.0962958335876465,4.118518829345703,695250,4.1555562019348145,4.133333206176758,3.6098742485046387
19-04-2001,4.1259260177612305,4.137777805328369,425250,4.222221851348877,4.222221851348877,3.6875052452087402
20-04-2001,3.9925930500030518,4.185184955596924,1297350,4.199999809265137,4.0,3.4934260845184326
23-04-2001,3.9777779579162598,4.0,535950,4.02222204208374,4.013332843780518,3.5050711631774902
24-04-2001,3.998518943786621,4.013332843780518,377325,4.029630184173584,4.007407188415527,3.4998950958251953
25-04-2001,4.0,4.011851787567139,888975,4.074073791503906,4.029630184173584,3.5193049907684326
26-04-2001,4.029630184173584,4.029630184173584,854550,4.0725932121276855,4.07111120223999,3.555532693862915
27-04-2001,4.016295909881592,4.085926055908203,425250,4.085926055908203,4.069630146026611,3.5542378425598145
30-04-2001,4.066667079925537,4.075555801391602,909900,4.162962913513184,4.090370178222656,3.5723519325256348
01-05-2001,4.007407188415527,4.074073791503906,491400,4.134815216064453,4.0962958335876465,3.577528238296509
02-05-2001,4.010369777679443,4.074073791503906,322650,4.087407112121582,4.010369777679443,3.5024826526641846
03-05-2001,4.004444122314453,4.014814853668213,244350,4.031110763549805,4.014814853668213,3.5063657760620117
04-05-2001,3.9925930500030518,4.0,535275,4.146667003631592,4.146667003631592,3.621518611907959
07-05-2001,4.088889122009277,4.133333206176758,342225,4.162962913513184,4.090370178222656,3.5723519325256348
08-05-2001,3.9792590141296387,4.090370178222656,1444500,4.099258899688721,4.010369777679443,3.5024826526641846
09-05-2001,3.962963104248047,4.0,701325,4.039999961853027,3.9644439220428467,3.462373733520508
10-05-2001,3.814815044403076,3.9644439220428467,936225,3.9644439220428467,3.8385190963745117,3.352396249771118
11-05-2001,3.755556106567383,3.829629898071289,761400,3.829629898071289,3.8251850605010986,3.3407514095306396
14-05-2001,3.79555606842041,3.8251850605010986,346950,3.829629898071289,3.814815044403076,3.331693649291992
15-05-2001,3.792593002319336,3.8370370864868164,416475,3.8370370864868164,3.8044440746307373,3.322636842727661
16-05-2001,3.792593002319336,3.8074069023132324,614250,3.848889112472534,3.8222219944000244,3.3381621837615967
17-05-2001,3.811851978302002,3.814815044403076,1223100,3.933332920074463,3.8859260082244873,3.393799304962158
18-05-2001,3.814815044403076,3.8859260082244873,703350,3.887407064437866,3.8222219944000244,3.3381621837615967
21-05-2001,3.8074069023132324,3.829629898071289,1310175,3.8666670322418213,3.8666670322418213,3.376981258392334
22-05-2001,3.8696300983428955,3.8696300983428955,818100,3.9185190200805664,3.8962960243225098,3.4028565883636475
23-05-2001,3.8074069023132324,3.8814809322357178,832950,3.9777779579162598,3.965925931930542,3.463667154312134
24-05-2001,3.7851850986480713,3.980741024017334,911250,3.980741024017334,3.8222219944000244,3.3381621837615967
25-05-2001,3.8281478881835938,3.8370370864868164,654075,3.8548150062561035,3.848889112472534,3.3614537715911865
29-05-2001,3.8429629802703857,3.850369930267334,825525,3.9185190200805664,3.897778034210205,3.4041502475738525
30-05-2001,3.8962960243225098,3.899259090423584,1459350,3.9911110401153564,3.897778034210205,3.4041502475738525
31-05-2001,3.9259259700775146,3.934814929962158,716175,3.998518943786621,3.948148012161255,3.4481418132781982
01-06-2001,3.9259259700775146,3.94963002204895,585225,3.998518943786621,3.9748148918151855,3.471431255340576
04-06-2001,3.912592887878418,3.9407410621643066,702000,4.051852226257324,3.9925930500030518,3.4869582653045654
05-06-2001,3.9925930500030518,3.9940741062164307,664875,4.137777805328369,4.112593173980713,3.5917611122131348
06-06-2001,4.074073791503906,4.111111164093018,1347300,4.1555562019348145,4.140740871429443,3.616344451904297
07-06-2001,4.115555763244629,4.1259260177612305,681750,4.229629993438721,4.207406997680664,3.6745669841766357
08-06-2001,4.207406997680664,4.207406997680664,1358775,4.370369911193848,4.306666851043701,3.761256694793701
11-06-2001,4.207406997680664,4.306666851043701,2110050,4.50963020324707,4.447406768798828,3.8841710090637207
12-06-2001,4.355556011199951,4.444444179534912,1143450,4.444444179534912,4.426667213439941,3.8660590648651123
13-06-2001,4.416296005249023,4.417778015136719,891675,4.533332824707031,4.447406768798828,3.891986608505249
14-06-2001,4.4148149490356445,4.447406768798828,724950,4.459259033203125,4.431110858917236,3.8777272701263428
15-06-2001,4.4148149490356445,4.4148149490356445,1041525,4.511110782623291,4.477036952972412,3.917916774749756
18-06-2001,4.429629802703857,4.466667175292969,845100,4.562963008880615,4.429629802703857,3.8764307498931885
19-06-2001,4.377778053283691,4.466667175292969,683775,4.475555896759033,4.397037029266357,3.8479084968566895
20-06-2001,4.3629631996154785,4.3851847648620605,623700,4.474073886871338,4.4637041091918945,3.9062509536743164
21-06-2001,4.437036991119385,4.465185165405273,544050,4.481481075286865,4.445926189422607,3.890692710876465
22-06-2001,4.400000095367432,4.451851844787598,1000350,4.474073886871338,4.441481113433838,3.8868026733398438
25-06-2001,4.402963161468506,4.429629802703857,672300,4.466667175292969,4.447406768798828,3.891986608505249
26-06-2001,4.437036991119385,4.444444179534912,563625,4.61037015914917,4.548148155212402,3.9801485538482666
27-06-2001,4.442963123321533,4.546667098999023,1133325,4.548148155212402,4.444444179534912,3.8893961906433105
28-06-2001,4.229629993438721,4.444444179534912,1275750,4.444444179534912,4.3659257888793945,3.8206822872161865
29-06-2001,4.3659257888793945,4.3659257888793945,778275,4.533332824707031,4.525926113128662,3.960700511932373
02-07-2001,4.466667175292969,4.540740966796875,522450,4.540740966796875,4.4829630851745605,3.923105239868164
03-07-2001,4.466667175292969,4.4829630851745605,471825,4.56148099899292,4.548148155212402,3.9801485538482666
05-07-2001,4.519999980926514,4.548148155212402,347625,4.592593193054199,4.562963008880615,3.9931161403656006
06-07-2001,4.402963161468506,4.525926113128662,540000,4.527407169342041,4.4148149490356445,3.8634650707244873
09-07-2001,4.4148149490356445,4.429629802703857,370575,4.444444179534912,4.437036991119385,3.8829140663146973
10-07-2001,4.441481113433838,4.441481113433838,758700,4.546667098999023,4.524444103240967,3.9594030380249023
11-07-2001,4.407406806945801,4.524444103240967,846450,4.524444103240967,4.474073886871338,3.91532301902771
12-07-2001,4.474073886871338,4.488889217376709,969300,4.607407093048096,4.562963008880615,3.9931161403656006
13-07-2001,4.496295928955078,4.562963008880615,665550,4.562963008880615,4.525926113128662,3.960700511932373
16-07-2001,4.444444179534912,4.525926113128662,417825,4.525926113128662,4.4844441413879395,3.924398422241211
17-07-2001,4.4844441413879395,4.4844441413879395,274050,4.592593193054199,4.586667060852051,4.013856887817383
18-07-2001,4.505185127258301,4.555555820465088,290925,4.629630088806152,4.562963008880615,3.9931161403656006
19-07-2001,4.488889217376709,4.570370197296143,823500,4.613333225250244,4.5155558586120605,3.9516263008117676
20-07-2001,4.4844441413879395,4.511110782623291,420525,4.511110782623291,4.485926151275635,3.9256958961486816
23-07-2001,4.422222137451172,4.485926151275635,490725,4.485926151275635,4.475555896759033,3.9166200160980225
24-07-2001,4.342222213745117,4.451851844787598,689850,4.466667175292969,4.392592906951904,3.844020366668701
25-07-2001,4.392592906951904,4.392592906951904,463725,4.49036979675293,4.49036979675293,3.9295847415924072
26-07-2001,4.496295928955078,4.496295928955078,1379700,4.548148155212402,4.525926113128662,3.960700511932373
27-07-2001,4.548148155212402,4.555555820465088,601425,4.622221946716309,4.602962970733643,4.028118133544922
30-07-2001,4.570370197296143,4.597036838531494,1102275,4.696296215057373,4.66963005065918,4.086459159851074
31-07-2001,4.6148152351379395,4.671111106872559,670275,4.671111106872559,4.632593154907227,4.054046630859375
01-08-2001,4.622221946716309,4.6370368003845215,803925,4.66518497467041,4.663703918457031,4.081274032592773
02-08-2001,4.6148152351379395,4.663703918457031,313200,4.682962894439697,4.631111145019531,4.052750110626221
03-08-2001,4.629630088806152,4.632593154907227,318600,4.733333110809326,4.71851921081543,4.129241466522217
06-08-2001,4.629630088806152,4.71851921081543,671625,4.71851921081543,4.6666669845581055,4.08386754989624
07-08-2001,4.659258842468262,4.668148040771484,614250,4.814815044403076,4.800000190734863,4.20054817199707
08-08-2001,4.731852054595947,4.800000190734863,712125,4.814815044403076,4.777778148651123,4.181099891662598
09-08-2001,4.703703880310059,4.755556106567383,509625,4.798519134521484,4.748147964477539,4.155169486999512
10-08-2001,4.740740776062012,4.748147964477539,438750,5.014814853668213,4.958518981933594,4.339268684387207
13-08-2001,4.751111030578613,4.958518981933594,1066500,4.992592811584473,4.7688889503479,4.173320293426514
14-08-2001,4.785184860229492,4.785184860229492,594675,4.998518943786621,4.968889236450195,4.3483452796936035
15-08-2001,4.9037041664123535,4.968889236450195,600075,4.992592811584473,4.9274067878723145,4.312042236328125
16-08-2001,4.890369892120361,4.918519020080566,606150,5.037036895751953,5.037036895751953,4.4079813957214355
17-08-2001,4.89629602432251,5.037036895751953,461700,5.037036895751953,4.930369853973389,4.314636707305908
20-08-2001,4.829629898071289,4.930369853973389,637875,4.962963104248047,4.962963104248047,4.343157768249512
21-08-2001,4.888888835906982,4.948147773742676,579825,4.949629783630371,4.897778034210205,4.2861127853393555
22-08-2001,4.733333110809326,4.914073944091797,702000,4.914073944091797,4.881481170654297,4.2718505859375
23-08-2001,4.681480884552002,4.881481170654297,1209600,4.881481170654297,4.814815044403076,4.213510513305664
24-08-2001,4.608889102935791,4.800000190734863,2079675,4.800000190734863,4.6666669845581055,4.08386754989624
27-08-2001,4.540740966796875,4.6370368003845215,1634175,4.7540740966796875,4.674074172973633,4.090347766876221
28-08-2001,4.629630088806152,4.651852130889893,465075,4.711111068725586,4.681480884552002,4.096828937530518
29-08-2001,4.503704071044922,4.6370368003845215,2473200,4.6370368003845215,4.546667098999023,3.9788506031036377
30-08-2001,4.474073886871338,4.518518924713135,782325,4.540740966796875,4.534814834594727,3.968478202819824
31-08-2001,4.392592906951904,4.534814834594727,1523475,4.534814834594727,4.519999980926514,3.955517530441284
04-09-2001,4.413332939147949,4.503704071044922,550800,4.53925895690918,4.432592868804932,3.879025459289551
05-09-2001,4.311110973358154,4.437036991119385,714150,4.437036991119385,4.386666774749756,3.838832139968872
06-09-2001,4.259259223937988,4.400000095367432,2043225,4.503704071044922,4.376296043395996,3.8297595977783203
07-09-2001,4.237037181854248,4.376296043395996,1309500,4.422222137451172,4.388147830963135,3.840127944946289
10-09-2001,4.37925910949707,4.386666774749756,1683450,4.533332824707031,4.400000095367432,3.8505022525787354
17-09-2001,4.059258937835693,4.355556011199951,766125,4.355556011199951,4.195556163787842,3.6790218353271484
18-09-2001,4.059258937835693,4.192593097686768,2002725,4.266666889190674,4.066667079925537,3.5660006999969482
19-09-2001,3.6148149967193604,4.051852226257324,2815425,4.051852226257324,3.813333034515381,3.343855857849121
20-09-2001,3.475555896759033,3.792593002319336,1566000,3.8074069023132324,3.477036952972412,3.0489628314971924
21-09-2001,3.165925979614258,3.185184955596924,2554200,3.3318519592285156,3.288888931274414,2.8839802742004395
24-09-2001,3.290369987487793,3.2962958812713623,1904850,3.555556058883667,3.5540740489959717,3.1165153980255127
25-09-2001,3.474073886871338,3.555556058883667,1075275,3.5970370769500732,3.576296091079712,3.136002779006958
26-09-2001,3.525926113128662,3.5851850509643555,1418850,3.6518518924713135,3.5481479167938232,3.1113200187683105
27-09-2001,3.5496299266815186,3.5496299266815186,1772550,3.733333110809326,3.6888890266418457,3.234734058380127
28-09-2001,3.6903700828552246,3.6903700828552246,1900125,3.9777779579162598,3.8933329582214355,3.4140074253082275
01-10-2001,3.7851850986480713,3.8918519020080566,882900,3.902221918106079,3.8222219944000244,3.351651191711426
02-10-2001,3.8207409381866455,3.829629898071289,1038825,3.9185190200805664,3.8740739822387695,3.3971195220947266
03-10-2001,3.8888890743255615,3.8888890743255615,693225,4.081480979919434,4.066667079925537,3.5660006999969482
04-10-2001,4.04888916015625,4.066667079925537,796500,4.170370101928711,4.100740909576416,3.595881938934326
05-10-2001,4.014814853668213,4.111111164093018,612225,4.1259260177612305,4.038518905639648,3.5413193702697754
08-10-2001,3.985184907913208,4.014814853668213,403650,4.031110763549805,4.029630184173584,3.533524751663208
09-10-2001,3.962963104248047,4.0444440841674805,440100,4.074073791503906,4.002963066101074,3.5101401805877686
10-10-2001,3.985184907913208,4.014814853668213,469125,4.081480979919434,4.037036895751953,3.5400192737579346
11-10-2001,3.9555559158325195,4.066667079925537,578475,4.10370397567749,4.017777919769287,3.5231316089630127
12-10-2001,3.9777779579162598,4.014814853668213,677700,4.035555839538574,4.014814853668213,3.520533323287964
15-10-2001,3.8814809322357178,3.9777779579162598,606150,3.982222080230713,3.9777779579162598,3.488055944442749
16-10-2001,3.9733328819274902,3.9777779579162598,271350,4.0444440841674805,3.997036933898926,3.504943370819092
17-10-2001,3.962963104248047,4.02222204208374,447525,4.02222204208374,3.970370054244995,3.4815595149993896
18-10-2001,3.834074020385742,3.933332920074463,333450,3.934814929962158,3.834074020385742,3.3620433807373047
19-10-2001,3.829629898071289,3.8444440364837646,285525,3.9555559158325195,3.928889036178589,3.4451866149902344
22-10-2001,3.9185190200805664,3.928889036178589,423900,4.029630184173584,3.985184907913208,3.494550943374634
23-10-2001,3.9777779579162598,3.9925930500030518,941625,4.0444440841674805,4.0,3.5075414180755615
24-10-2001,3.8888890743255615,4.0,720900,4.0,3.9111111164093018,3.4295969009399414
25-10-2001,3.865185022354126,3.8888890743255615,684450,3.9777779579162598,3.948148012161255,3.462074041366577
26-10-2001,3.9407410621643066,3.9407410621643066,600750,4.148148059844971,4.074073791503906,3.572496175765991
29-10-2001,3.9407410621643066,4.0725932121276855,581175,4.0770368576049805,3.9911110401153564,3.4997477531433105
30-10-2001,3.897778034210205,3.985184907913208,481950,4.020740985870361,3.9051849842071533,3.4244003295898438
31-10-2001,3.9200000762939453,3.9200000762939453,663525,4.066667079925537,4.0,3.5075414180755615
01-11-2001,3.9911110401153564,3.998518943786621,550125,4.1555562019348145,4.128889083862305,3.62056303024292
02-11-2001,4.124444007873535,4.130370140075684,628425,4.199999809265137,4.128889083862305,3.62056303024292
05-11-2001,4.118518829345703,4.118518829345703,1084725,4.259259223937988,4.118518829345703,3.611469268798828
06-11-2001,4.111111164093018,4.1259260177612305,469800,4.266666889190674,4.248888969421387,3.7257890701293945
07-11-2001,4.20444393157959,4.222221851348877,549450,4.251852035522461,4.217778205871582,3.6985108852386475
08-11-2001,4.28148078918457,4.28148078918457,1593000,4.437036991119385,4.400000095367432,3.8582968711853027
09-11-2001,4.268147945404053,4.3851847648620605,461025,4.3851847648620605,4.2755560874938965,3.7491729259490967
12-11-2001,4.1777777671813965,4.238519191741943,447525,4.368888854980469,4.306666851043701,3.776454210281372
13-11-2001,4.30814790725708,4.30814790725708,405675,4.368888854980469,4.340741157531738,3.8063337802886963
14-11-2001,4.3437042236328125,4.348147869110107,391500,4.5155558586120605,4.481481075286865,3.9297468662261963
15-11-2001,4.38962984085083,4.481481075286865,805950,4.481481075286865,4.43851900100708,3.8920724391937256
16-11-2001,4.423704147338867,4.429629802703857,639900,4.503704071044922,4.465185165405273,3.9154577255249023
19-11-2001,4.429629802703857,4.450369834899902,934875,4.562963008880615,4.562963008880615,4.001199722290039
20-11-2001,4.3629631996154785,4.562963008880615,786375,4.562963008880615,4.3851847648620605,3.8453047275543213
21-11-2001,4.337778091430664,4.407406806945801,310500,4.444444179534912,4.444444179534912,3.8972694873809814
23-11-2001,4.459259033203125,4.459259033203125,137025,4.557036876678467,4.557036876678467,3.996000051498413
26-11-2001,4.542222023010254,4.559999942779541,237600,4.61629581451416,4.5985188484191895,4.03237247467041
27-11-2001,4.392592906951904,4.518518924713135,591975,4.5362958908081055,4.429629802703857,3.884277820587158
28-11-2001,4.3851847648620605,4.429629802703857,500175,4.466667175292969,4.392592906951904,3.851801872253418
29-11-2001,4.211852073669434,4.3851847648620605,670950,4.407406806945801,4.402963161468506,3.860894203186035
30-11-2001,4.259259223937988,4.404444217681885,953100,4.4148149490356445,4.274074077606201,3.747873067855835
03-12-2001,4.176296234130859,4.288888931274414,724950,4.318519115447998,4.318519115447998,3.786846876144409
04-12-2001,4.325925827026367,4.325925827026367,881550,4.444444179534912,4.437036991119385,3.8907742500305176
05-12-2001,4.444444179534912,4.444444179534912,1058400,4.607407093048096,4.573332786560059,4.018341541290283
06-12-2001,4.518518924713135,4.573332786560059,647325,4.6148152351379395,4.570370197296143,4.015737056732178
07-12-2001,4.511110782623291,4.540740966796875,679725,4.586667060852051,4.574814796447754,4.0196428298950195
10-12-2001,4.407406806945801,4.5659260749816895,438075,4.5659260749816895,4.456295967102051,3.91550612449646
11-12-2001,4.422222137451172,4.444444179534912,899100,4.451851844787598,4.444444179534912,3.9050934314727783
12-12-2001,4.4340739250183105,4.444444179534912,451575,4.496295928955078,4.496295928955078,3.950650691986084
13-12-2001,4.487407207489014,4.488889217376709,469800,4.570370197296143,4.518518924713135,3.97017765045166
14-12-2001,4.518518924713135,4.518518924713135,479925,4.5851850509643555,4.577777862548828,4.02224588394165
17-12-2001,4.555555820465088,4.555555820465088,576450,4.688889026641846,4.678518772125244,4.1107611656188965
18-12-2001,4.6666669845581055,4.6666669845581055,918000,4.770370006561279,4.733333110809326,4.1589226722717285
19-12-2001,4.592593193054199,4.703703880310059,531900,4.728888988494873,4.61629581451416,4.056087970733643
20-12-2001,4.586667060852051,4.629630088806152,400275,4.711111068725586,4.651852130889893,4.08732795715332
21-12-2001,4.6859259605407715,4.688889026641846,1830600,4.792593002319336,4.792593002319336,4.210990905761719
24-12-2001,4.681480884552002,4.792593002319336,223425,4.792593002319336,4.739258766174316,4.164129734039307
26-12-2001,4.6666669845581055,4.739258766174316,334800,4.740740776062012,4.740740776062012,4.165431976318359
27-12-2001,4.675556182861328,4.725925922393799,321975,4.783703804016113,4.779259204864502,4.199276447296143
28-12-2001,4.733333110809326,4.792593002319336,276075,4.8222222328186035,4.7348151206970215,4.160226345062256
31-12-2001,4.668148040771484,4.71851921081543,691875,4.800000190734863,4.7244439125061035,4.151113510131836
02-01-2002,4.570370197296143,4.733333110809326,867375,4.733333110809326,4.6666669845581055,4.100350379943848
03-01-2002,4.623703956604004,4.651852130889893,840375,4.739258766174316,4.7348151206970215,4.160226345062256
04-01-2002,4.6370368003845215,4.725925922393799,630450,4.733333110809326,4.641480922698975,4.078218936920166
07-01-2002,4.533332824707031,4.651852130889893,795150,4.6562957763671875,4.58814811706543,4.031355857849121
08-01-2002,4.444444179534912,4.589630126953125,996975,4.591111183166504,4.488889217376709,3.9441442489624023
09-01-2002,4.511110782623291,4.511110782623291,469800,4.6666669845581055,4.607407093048096,4.04827880859375
10-01-2002,4.481481075286865,4.62074089050293,380700,4.6562957763671875,4.496295928955078,3.950650691986084
11-01-2002,4.422222137451172,4.503704071044922,917325,4.548148155212402,4.429629802703857,3.892075777053833
14-01-2002,4.3629631996154785,4.431110858917236,598725,4.462222099304199,4.3629631996154785,3.833498239517212
15-01-2002,4.31259298324585,4.3629631996154785,274725,4.371851921081543,4.3333330154418945,3.807464838027954
16-01-2002,4.223703861236572,4.3333330154418945,444150,4.3333330154418945,4.2266669273376465,3.713742971420288
17-01-2002,4.222221851348877,4.237037181854248,378000,4.3629631996154785,4.3629631996154785,3.833498239517212
18-01-2002,4.3629631996154785,4.377778053283691,584550,4.447406768798828,4.368888854980469,3.838707685470581
22-01-2002,4.324443817138672,4.370369911193848,274050,4.4014811515808105,4.324443817138672,3.7996532917022705
23-01-2002,4.303703784942627,4.3333330154418945,534600,4.388147830963135,4.3629631996154785,3.833498239517212
24-01-2002,4.348147869110107,4.348147869110107,249075,4.407406806945801,4.386666774749756,3.854325532913208
25-01-2002,4.302221775054932,4.38962984085083,303750,4.400000095367432,4.311110973358154,3.787937879562378
28-01-2002,4.266666889190674,4.340741157531738,231525,4.348147869110107,4.325925827026367,3.8009562492370605
29-01-2002,4.257778167724609,4.327406883239746,265275,4.340741157531738,4.2948150634765625,3.773621082305908
30-01-2002,4.237037181854248,4.311110973358154,484650,4.340741157531738,4.3333330154418945,3.807464838027954
31-01-2002,4.327406883239746,4.340741157531738,1082025,4.474073886871338,4.472592830657959,3.929823398590088
01-02-2002,4.468148231506348,4.468148231506348,409725,4.524444103240967,4.512592792510986,3.964970111846924
04-02-2002,4.398519039154053,4.497777938842773,315225,4.497777938842773,4.402963161468506,3.868642807006836
05-02-2002,4.4014811515808105,4.402963161468506,474525,4.487407207489014,4.432592868804932,3.894680976867676
06-02-2002,4.413332939147949,4.466667175292969,776250,4.485926151275635,4.451851844787598,3.9115982055664062
07-02-2002,4.400000095367432,4.451851844787598,953775,4.457777976989746,4.422222137451172,3.8855667114257812
08-02-2002,4.407406806945801,4.429629802703857,1065825,4.540740966796875,4.533332824707031,3.9831948280334473
11-02-2002,4.525926113128662,4.533332824707031,582525,4.696296215057373,4.66963005065918,4.102951526641846
12-02-2002,4.6562957763671875,4.6666669845581055,813375,4.816296100616455,4.794074058532715,4.21229362487793
13-02-2002,4.7540740966796875,4.777778148651123,421200,4.813333034515381,4.811851978302002,4.227911949157715
14-02-2002,4.730370044708252,4.807406902313232,251775,4.807406902313232,4.731852054595947,4.157622814178467
15-02-2002,4.717037200927734,4.740740776062012,477225,4.859259128570557,4.801480770111084,4.218801975250244
19-02-2002,4.770370006561279,4.792593002319336,312525,4.856296062469482,4.783703804016113,4.203181266784668
20-02-2002,4.733333110809326,4.792593002319336,437400,4.84740686416626,4.804443836212158,4.221405029296875
21-02-2002,4.6370368003845215,4.807406902313232,491400,4.8222222328186035,4.644443988800049,4.0808210372924805
22-02-2002,4.6370368003845215,4.644443988800049,496125,4.770370006561279,4.757037162780762,4.179749488830566
25-02-2002,4.674074172973633,4.771852016448975,267975,4.792593002319336,4.696296215057373,4.126382350921631
26-02-2002,4.622221946716309,4.733333110809326,569025,4.740740776062012,4.648889064788818,4.084728240966797
27-02-2002,4.6666669845581055,4.6666669845581055,623025,4.918519020080566,4.915555953979492,4.319031238555908
28-02-2002,4.940741062164307,4.940741062164307,1624725,5.18222188949585,5.114074230194092,4.493457794189453
01-03-2002,5.111111164093018,5.111111164093018,2270025,5.311110973358154,5.239999771118164,4.604102611541748
04-03-2002,5.037036895751953,5.259259223937988,1001700,5.259259223937988,5.133333206176758,4.510382175445557
05-03-2002,5.014814853668213,5.0962958335876465,691200,5.154074192047119,5.02222204208374,4.4127516746521
06-03-2002,5.037036895751953,5.037036895751953,1341225,5.28148078918457,5.262221813201904,4.623630046844482
07-03-2002,5.179258823394775,5.186666965484619,2025000,5.41185188293457,5.377778053283691,4.725160598754883
08-03-2002,5.3851847648620605,5.451851844787598,928800,5.551111221313477,5.426667213439941,4.768118858337402
11-03-2002,5.321481227874756,5.426667213439941,1090800,5.557036876678467,5.480000019073486,4.814979553222656
12-03-2002,5.419259071350098,5.459259033203125,621000,5.466667175292969,5.442963123321533,4.782436847686768
13-03-2002,5.3851847648620605,5.4340739250183105,1110375,5.554073810577393,5.545185089111328,4.880222797393799
14-03-2002,5.524444103240967,5.540740966796875,1146825,5.681480884552002,5.679999828338623,4.998871326446533
15-03-2002,5.644443988800049,5.644443988800049,2477925,5.881481170654297,5.84740686416626,5.146204948425293
18-03-2002,5.71851921081543,5.848888874053955,3821850,5.9555559158325195,5.831110954284668,5.131863117218018
19-03-2002,5.7051849365234375,5.774815082550049,963225,5.774815082550049,5.725925922393799,5.039291858673096
20-03-2002,5.6370368003845215,5.725925922393799,805275,5.725925922393799,5.6562957763671875,4.978009223937988
21-03-2002,5.576295852661133,5.6370368003845215,587925,5.659258842468262,5.580740928649902,4.9115166664123535
22-03-2002,5.503704071044922,5.511110782623291,931500,5.5851850509643555,5.5851850509643555,4.915427207946777
25-03-2002,5.555555820465088,5.5851850509643555,1358775,5.711111068725586,5.564444065093994,4.897174835205078
26-03-2002,5.435555934906006,5.542222023010254,895725,5.583703994750977,5.508148193359375,4.847629547119141
27-03-2002,5.496295928955078,5.508148193359375,1205550,5.6148152351379395,5.554073810577393,4.888045787811279
28-03-2002,5.496295928955078,5.554073810577393,652725,5.555555820465088,5.512592792510986,4.8515400886535645
01-04-2002,5.462222099304199,5.481481075286865,2202525,5.6177778244018555,5.601480960845947,4.929769992828369
02-04-2002,5.540740966796875,5.570370197296143,1086750,5.762962818145752,5.688889026641846,5.006695747375488
03-04-2002,5.570370197296143,5.688889026641846,781650,5.748147964477539,5.622221946716309,4.948022365570068
04-04-2002,5.400000095367432,5.629630088806152,881550,5.631111145019531,5.445926189422607,4.7928667068481445
05-04-2002,5.422222137451172,5.466667175292969,466425,5.514073848724365,5.450369834899902,4.796777725219727
08-04-2002,5.348147869110107,5.422222137451172,548100,5.555555820465088,5.533332824707031,4.869792938232422
09-04-2002,5.537777900695801,5.53925895690918,581850,5.635556221008301,5.592593193054199,4.921945571899414
10-04-2002,5.570370197296143,5.589630126953125,726300,5.684443950653076,5.684443950653076,5.002783298492432
11-04-2002,5.68740701675415,5.68740701675415,532575,5.749629974365234,5.725925922393799,5.039291858673096
12-04-2002,5.700740814208984,5.740740776062012,687825,5.758519172668457,5.758519172668457,5.067975997924805
15-04-2002,5.599999904632568,5.743703842163086,702675,5.762962818145752,5.61037015914917,4.937592506408691
16-04-2002,5.586667060852051,5.599999904632568,569025,5.762962818145752,5.721480846405029,5.035379409790039
17-04-2002,5.530370235443115,5.740740776062012,581850,5.740740776062012,5.5362958908081055,4.87239933013916
18-04-2002,5.3851847648620605,5.518518924713135,538650,5.518518924713135,5.404444217681885,4.756361484527588
19-04-2002,5.407406806945801,5.407406806945801,379350,5.522963047027588,5.496295928955078,4.837197780609131
22-04-2002,5.3333330154418945,5.481481075286865,392175,5.496295928955078,5.371851921081543,4.727676868438721
23-04-2002,5.205925941467285,5.355556011199951,1195425,5.377778053283691,5.348147869110107,4.706813812255859
24-04-2002,5.318519115447998,5.377778053283691,758025,5.440000057220459,5.348147869110107,4.706813812255859
25-04-2002,5.315556049346924,5.348147869110107,926775,5.503704071044922,5.485926151275635,4.828069686889648
26-04-2002,5.441481113433838,5.474073886871338,782325,5.505185127258301,5.505185127258301,4.845019817352295
29-04-2002,5.437036991119385,5.49036979675293,801900,5.540740966796875,5.519999980926514,4.858060836791992
30-04-2002,5.5659260749816895,5.570370197296143,934200,5.755556106567383,5.737778186798096,5.049721717834473
01-05-2002,5.613333225250244,5.737778186798096,669600,5.758519172668457,5.721480846405029,5.035379409790039
02-05-2002,5.721480846405029,5.7362961769104,652725,5.814815044403076,5.762962818145752,5.071885585784912
03-05-2002,5.748147964477539,5.762962818145752,1074600,5.851851940155029,5.851851940155029,5.150118350982666
06-05-2002,5.820741176605225,5.837037086486816,874800,5.911110877990723,5.8355560302734375,5.135775089263916
07-05-2002,5.69185209274292,5.850369930267334,543375,5.850369930267334,5.711111068725586,5.026252746582031
08-05-2002,5.629630088806152,5.733333110809326,857250,5.782221794128418,5.7244439125061035,5.037984848022461
09-05-2002,5.703703880310059,5.725925922393799,799200,5.8444437980651855,5.737778186798096,5.049721717834473
10-05-2002,5.551111221313477,5.733333110809326,648675,5.733333110809326,5.66518497467041,4.985832214355469
13-05-2002,5.62074089050293,5.644443988800049,555525,5.789629936218262,5.785184860229492,5.0914435386657715
14-05-2002,5.770370006561279,5.8222222328186035,1021950,6.031110763549805,6.020740985870361,5.298750877380371
15-05-2002,5.663703918457031,6.020740985870361,1221075,6.020740985870361,5.771852016448975,5.079709053039551
16-05-2002,5.694815158843994,5.740740776062012,602100,5.792593002319336,5.7155561447143555,5.030161380767822
17-05-2002,5.659258842468262,5.725925922393799,488025,5.777778148651123,5.755556106567383,5.065369129180908
20-05-2002,5.66963005065918,5.755556106567383,859950,5.851851940155029,5.800000190734863,5.104482173919678
21-05-2002,5.497777938842773,5.792593002319336,1334475,5.800000190734863,5.559999942779541,4.893260955810547
22-05-2002,5.503704071044922,5.545185089111328,861300,5.648889064788818,5.554073810577393,4.888045787811279
23-05-2002,5.444444179534912,5.540740966796875,830925,5.592593193054199,5.591111183166504,4.920639991760254
24-05-2002,5.50963020324707,5.599999904632568,670950,5.599999904632568,5.5155558586120605,4.854147434234619
28-05-2002,5.3629631996154785,5.503704071044922,452250,5.506667137145996,5.435555934906006,4.7837419509887695
29-05-2002,5.290369987487793,5.370369911193848,545400,5.370369911193848,5.30814790725708,4.671610355377197
30-05-2002,5.259259223937988,5.30814790725708,2011500,5.35703706741333,5.35703706741333,4.714638710021973
31-05-2002,5.35703706741333,5.35703706741333,1877850,5.6370368003845215,5.59407377243042,4.923248767852783
03-06-2002,5.570370197296143,5.577777862548828,2408400,5.662221908569336,5.613333225250244,4.940199375152588
04-06-2002,5.419259071350098,5.599999904632568,1615950,5.599999904632568,5.474073886871338,4.817640781402588
05-06-2002,5.445926189422607,5.466667175292969,1433025,5.518518924713135,5.480000019073486,4.8228559494018555
06-06-2002,5.327406883239746,5.480000019073486,1156275,5.480000019073486,5.337778091430664,4.697688579559326
07-06-2002,5.262221813201904,5.300741195678711,1232550,5.373332977294922,5.370369911193848,4.7263712882995605
10-06-2002,5.358519077301025,5.3629631996154785,739800,5.537777900695801,5.472592830657959,4.816336154937744
11-06-2002,5.423704147338867,5.472592830657959,1801575,5.496295928955078,5.474073886871338,4.817640781402588
12-06-2002,5.407406806945801,5.466667175292969,645300,5.508148193359375,5.508148193359375,4.855513095855713
13-06-2002,5.426667213439941,5.503704071044922,731700,5.508148193359375,5.426667213439941,4.783685684204102
14-06-2002,5.373332977294922,5.397037029266357,636525,5.496295928955078,5.445926189422607,4.800661087036133
17-06-2002,5.422222137451172,5.422222137451172,760050,5.589630126953125,5.589630126953125,4.927337169647217
18-06-2002,5.688889026641846,5.703703880310059,771525,5.770370006561279,5.740740776062012,5.060544490814209
19-06-2002,5.626667022705078,5.725925922393799,1199475,5.762962818145752,5.651852130889893,4.982189178466797
20-06-2002,5.6370368003845215,5.651852130889893,991575,5.758519172668457,5.659258842468262,4.988720417022705
21-06-2002,5.629630088806152,5.659258842468262,991575,5.693333148956299,5.638518810272217,4.970438003540039
24-06-2002,5.582221984863281,5.651852130889893,1046925,5.7051849365234375,5.644443988800049,4.97566032409668
25-06-2002,5.548148155212402,5.672593116760254,771525,5.733333110809326,5.570370197296143,4.910361289978027
26-06-2002,5.474073886871338,5.555555820465088,694575,5.579258918762207,5.562963008880615,4.903831481933594
27-06-2002,5.505185127258301,5.5659260749816895,803925,5.641480922698975,5.574814796447754,4.914278030395508
28-06-2002,5.477036952972412,5.562963008880615,1480275,5.6370368003845215,5.518518924713135,4.864654064178467
01-07-2002,5.318519115447998,5.503704071044922,754650,5.518518924713135,5.348147869110107,4.714469909667969
02-07-2002,5.266666889190674,5.311110973358154,1332450,5.370369911193848,5.327406883239746,4.6961870193481445
03-07-2002,5.244443893432617,5.311110973358154,1148175,5.318519115447998,5.300741195678711,4.672679424285889
05-07-2002,5.311110973358154,5.311110973358154,230175,5.540740966796875,5.527407169342041,4.872488975524902
08-07-2002,5.35703706741333,5.518518924713135,1998675,5.518518924713135,5.420741081237793,4.778462886810303
09-07-2002,5.324443817138672,5.407406806945801,654750,5.451851844787598,5.340741157531738,4.707941055297852
10-07-2002,4.962963104248047,5.340741157531738,1421550,5.340741157531738,4.988148212432861,4.397124290466309
11-07-2002,4.814815044403076,4.985185146331787,2053350,5.013332843780518,5.010369777679443,4.416714191436768
12-07-2002,4.995555877685547,5.037036895751953,1298025,5.118518829345703,5.007407188415527,4.4141011238098145
15-07-2002,4.848888874053955,4.970369815826416,1502550,4.986667156219482,4.958518981933594,4.371006488800049
16-07-2002,4.848888874053955,4.921481132507324,940950,5.007407188415527,4.878519058227539,4.300484657287598
17-07-2002,4.789629936218262,4.878519058227539,1094175,4.9674072265625,4.930369853973389,4.346193790435791
18-07-2002,4.823703765869141,4.925926208496094,742500,5.008889198303223,4.837037086486816,4.263917446136475
19-07-2002,4.760000228881836,4.829629898071289,1161675,4.850369930267334,4.785184860229492,4.2182087898254395
22-07-2002,4.503704071044922,4.770370006561279,1314225,4.776296138763428,4.548148155212402,4.009257793426514
23-07-2002,4.325925827026367,4.325925827026367,1952775,4.505185127258301,4.386666774749756,3.8669097423553467
24-07-2002,4.157036781311035,4.355556011199951,2287575,4.518518924713135,4.518518924713135,3.983139753341675
25-07-2002,4.477036952972412,4.481481075286865,1978425,4.59407377243042,4.577777862548828,4.035378456115723
26-07-2002,4.577777862548828,4.577777862548828,984825,4.727406978607178,4.696296215057373,4.139854431152344
29-07-2002,4.6666669845581055,4.6666669845581055,750600,4.915555953979492,4.915555953979492,4.333132266998291
30-07-2002,4.717037200927734,4.900741100311279,677025,4.9555559158325195,4.931851863861084,4.347497940063477
31-07-2002,4.832592964172363,4.917037010192871,689175,4.940741062164307,4.869629859924316,4.292646884918213
01-08-2002,4.727406978607178,4.869629859924316,667575,4.881481170654297,4.748147964477539,4.185561656951904
02-08-2002,4.540740966796875,4.748147964477539,464400,4.762962818145752,4.543704032897949,4.005340576171875
05-08-2002,4.46074104309082,4.548148155212402,1167075,4.599999904632568,4.519999980926514,3.9844470024108887
06-08-2002,4.549630165100098,4.549630165100098,1290600,4.9037041664123535,4.848888874053955,4.274366855621338
07-08-2002,4.792593002319336,4.859259128570557,1754325,4.925926208496094,4.917037010192871,4.334438323974609
08-08-2002,4.829629898071289,4.8444437980651855,967950,4.925926208496094,4.909629821777344,4.327908992767334
09-08-2002,4.8222222328186035,4.9037041664123535,685800,4.980741024017334,4.936295986175537,4.351416110992432
12-08-2002,4.807406902313232,4.933332920074463,1374300,4.933332920074463,4.905185222625732,4.323991775512695
13-08-2002,4.804443836212158,4.9422221183776855,1296000,4.9422221183776855,4.804443836212158,4.235186576843262
14-08-2002,4.678518772125244,4.804443836212158,754650,4.851851940155029,4.8444437980651855,4.270446300506592
15-08-2002,4.7733330726623535,4.848888874053955,1250775,4.862222194671631,4.814815044403076,4.244330883026123
16-08-2002,4.8059258460998535,4.814815044403076,1709775,4.888888835906982,4.8355560302734375,4.262612819671631
19-08-2002,4.851851940155029,4.851851940155029,1114425,5.065185070037842,5.065185070037842,4.465034484863281
20-08-2002,5.004444122314453,5.065185070037842,887625,5.170370101928711,5.037036895751953,4.440219879150391
21-08-2002,5.038518905639648,5.038518905639648,859275,5.183703899383545,5.173333168029785,4.560367584228516
22-08-2002,5.185184955596924,5.185184955596924,1115100,5.296296119689941,5.241480827331543,4.6204423904418945
23-08-2002,5.176296234130859,5.222221851348877,1057725,5.228147983551025,5.185184955596924,4.57081413269043
26-08-2002,5.128889083862305,5.185184955596924,1101600,5.259259223937988,5.229629993438721,4.609994411468506
27-08-2002,5.171852111816406,5.229629993438721,927450,5.274074077606201,5.171852111816406,4.5590620040893555
28-08-2002,5.034073829650879,5.168889045715332,490725,5.168889045715332,5.04888916015625,4.450667381286621
29-08-2002,4.961481094360352,5.1555562019348145,399600,5.1555562019348145,5.109630107879639,4.504213333129883
30-08-2002,5.082962989807129,5.118518829345703,574425,5.219258785247803,5.0962958335876465,4.492457866668701
03-09-2002,4.862222194671631,5.074073791503906,707400,5.074073791503906,4.862222194671631,4.286118030548096
04-09-2002,4.859259128570557,4.863704204559326,843075,5.008889198303223,5.008889198303223,4.415405750274658
05-09-2002,4.89629602432251,5.008889198303223,502875,5.0251851081848145,4.89629602432251,4.31615686416626
06-09-2002,4.911110877990723,4.911110877990723,638550,5.045926094055176,4.985185146331787,4.394510746002197
09-09-2002,4.924444198608398,5.0,513000,5.078518867492676,5.045926094055176,4.448055744171143
10-09-2002,4.888888835906982,5.051852226257324,1048275,5.053332805633545,4.939259052276611,4.354028701782227
11-09-2002,4.918519020080566,4.952592849731445,388800,5.007407188415527,4.982222080230713,4.391900062561035
12-09-2002,4.829629898071289,4.943704128265381,567675,4.948147773742676,4.851851940155029,4.284623146057129
13-09-2002,4.733333110809326,4.829629898071289,945000,4.8444437980651855,4.739258766174316,4.185191631317139
16-09-2002,4.6562957763671875,4.725925922393799,670275,4.785184860229492,4.6562957763671875,4.111928462982178
17-09-2002,4.518518924713135,4.657777786254883,1357425,4.674074172973633,4.545185089111328,4.013806343078613
18-09-2002,4.444444179534912,4.546667098999023,1576125,4.574814796447754,4.451851844787598,3.931385040283203
19-09-2002,4.360000133514404,4.437036991119385,980775,4.462222099304199,4.3629631996154785,3.8528876304626465
20-09-2002,4.339259147644043,4.361481189727783,2124900,4.4148149490356445,4.354074001312256,3.845038414001465
23-09-2002,4.139258861541748,4.348147869110107,1433025,4.349629878997803,4.189630031585693,3.699819803237915
24-09-2002,4.118518829345703,4.170370101928711,1054350,4.211852073669434,4.133333206176758,3.6501049995422363
25-09-2002,4.140740871429443,4.170370101928711,1129950,4.268147945404053,4.239999771118164,3.7443010807037354
26-09-2002,4.232593059539795,4.232593059539795,805275,4.497777938842773,4.448888778686523,3.928769588470459
27-09-2002,4.322963237762451,4.422222137451172,947700,4.466667175292969,4.3333330154418945,3.8267228603363037
30-09-2002,4.222221851348877,4.296296119689941,1101600,4.370369911193848,4.3140740394592285,3.8097150325775146
01-10-2002,4.2133331298828125,4.299259185791016,1246725,4.407406806945801,4.404444217681885,3.8895199298858643
02-10-2002,4.342222213745117,4.4014811515808105,967950,4.451851844787598,4.348147869110107,3.8398053646087646
03-10-2002,4.311110973358154,4.355556011199951,940950,4.451851844787598,4.327406883239746,3.8214879035949707
04-10-2002,4.162962913513184,4.348147869110107,1032750,4.3629631996154785,4.171852111816406,3.684119939804077
07-10-2002,4.088889122009277,4.1777777671813965,612900,4.219258785247803,4.0962958335876465,3.617398738861084
08-10-2002,4.016295909881592,4.109630107879639,633825,4.173333168029785,4.131852149963379,3.648796558380127
09-10-2002,3.894814968109131,4.094814777374268,895725,4.108148097991943,3.9037039279937744,3.447321891784668
10-10-2002,3.8740739822387695,3.8740739822387695,974025,4.02222204208374,4.020740985870361,3.550675868988037
11-10-2002,4.088889122009277,4.088889122009277,1732050,4.318519115447998,4.262221813201904,3.7639248371124268
14-10-2002,4.244443893432617,4.251852035522461,1053675,4.3851847648620605,4.345184803009033,3.8371877670288086
15-10-2002,4.407406806945801,4.407406806945801,1370250,4.6666669845581055,4.59407377243042,4.056983947753906
16-10-2002,4.407406806945801,4.577777862548828,1157625,4.577777862548828,4.49036979675293,3.965400457382202
17-10-2002,4.522963047027588,4.548148155212402,942300,4.6148152351379395,4.53925895690918,4.008574485778809
18-10-2002,4.49036979675293,4.530370235443115,498150,4.6148152351379395,4.6148152351379395,4.075297832489014
21-10-2002,4.555555820465088,4.599999904632568,521100,4.681480884552002,4.678518772125244,4.1315531730651855
22-10-2002,4.619258880615234,4.693333148956299,1090125,4.777778148651123,4.717037200927734,4.165570259094238
23-10-2002,4.733333110809326,4.740740776062012,1672650,4.911110877990723,4.911110877990723,4.336952209472656
24-10-2002,4.819259166717529,4.933332920074463,640575,4.954073905944824,4.851851940155029,4.284623146057129
25-10-2002,4.813333034515381,4.8444437980651855,739125,4.982222080230713,4.982222080230713,4.399749755859375
28-10-2002,4.911110877990723,5.019258975982666,878850,5.019258975982666,4.961481094360352,4.381432056427002
29-10-2002,4.831110954284668,4.925926208496094,1033425,5.016295909881592,4.988148212432861,4.4049835205078125
30-10-2002,4.992592811584473,4.992592811584473,1985850,5.28148078918457,5.2755560874938965,4.658790111541748
31-10-2002,5.142221927642822,5.2755560874938965,903825,5.30814790725708,5.228147983551025,4.6169257164001465
01-11-2002,5.1555562019348145,5.225184917449951,965925,5.413332939147949,5.402963161468506,4.771304607391357
04-11-2002,5.355556011199951,5.437036991119385,776925,5.459259033203125,5.377778053283691,4.74906063079834
05-11-2002,5.229629993438721,5.340741157531738,724275,5.340741157531738,5.257778167724609,4.643091678619385
06-11-2002,5.248888969421387,5.266666889190674,752625,5.426667213439941,5.408888816833496,4.776535511016846
07-11-2002,5.229629993438721,5.3333330154418945,583200,5.3333330154418945,5.239999771118164,4.627392292022705
08-11-2002,5.0,5.111111164093018,1296000,5.257778167724609,5.1940741539001465,4.586834907531738
11-11-2002,5.091852188110352,5.199999809265137,899775,5.199999809265137,5.1259260177612305,4.526654243469238
12-11-2002,5.133333206176758,5.162962913513184,519750,5.288888931274414,5.216296195983887,4.606459140777588
13-11-2002,5.142221927642822,5.229629993438721,454950,5.321481227874756,5.195556163787842,4.5881452560424805
14-11-2002,5.199999809265137,5.214815139770508,1065150,5.302221775054932,5.2948150634765625,4.675798416137695
15-11-2002,5.293333053588867,5.311110973358154,952425,5.416296005249023,5.355556011199951,4.729438781738281
18-11-2002,5.282962799072266,5.481481075286865,738450,5.503704071044922,5.360000133514404,4.73336124420166
19-11-2002,5.340741157531738,5.355556011199951,693225,5.49036979675293,5.391110897064209,4.760836124420166
20-11-2002,5.3333330154418945,5.377778053283691,432000,5.453332901000977,5.431110858917236,4.796159744262695
21-11-2002,5.419259071350098,5.437036991119385,521100,5.576295852661133,5.564444065093994,4.913906097412109
22-11-2002,5.502222061157227,5.56148099899292,569700,5.6177778244018555,5.6148152351379395,4.95838737487793
25-11-2002,5.358519077301025,5.607407093048096,1576800,5.632593154907227,5.371851921081543,4.743830680847168
26-11-2002,5.237037181854248,5.348147869110107,915975,5.402963161468506,5.3629631996154785,4.735980033874512
27-11-2002,5.377778053283691,5.377778053283691,654075,5.59407377243042,5.586667060852051,4.933529853820801
29-11-2002,5.506667137145996,5.58814811706543,205200,5.599999904632568,5.506667137145996,4.862884521484375
02-12-2002,5.466667175292969,5.525926113128662,1377675,5.71851921081543,5.639999866485596,4.980627536773682
03-12-2002,5.589630126953125,5.6148152351379395,993600,5.671111106872559,5.61037015914917,4.954461574554443
04-12-2002,5.518518924713135,5.592593193054199,620325,5.635556221008301,5.59407377243042,4.947911262512207
05-12-2002,5.471110820770264,5.599999904632568,521100,5.607407093048096,5.554073810577393,4.912530899047852
06-12-2002,5.480000019073486,5.5170369148254395,1281150,5.570370197296143,5.555555820465088,4.9138407707214355
09-12-2002,5.4148149490356445,5.540740966796875,546750,5.552593231201172,5.440000057220459,4.811633586883545
10-12-2002,5.41185188293457,5.429629802703857,961875,5.543704032897949,5.53925895690918,4.89942741394043
11-12-2002,5.514073848724365,5.540740966796875,705375,5.592593193054199,5.592593193054199,4.946599960327148
12-12-2002,5.548148155212402,5.5851850509643555,518400,5.672593116760254,5.635556221008301,4.984601974487305
13-12-2002,5.462222099304199,5.622221946716309,453600,5.622221946716309,5.465185165405273,4.833907127380371
16-12-2002,5.451851844787598,5.451851844787598,974700,5.6533331871032715,5.608889102935791,4.9610137939453125
17-12-2002,5.6148152351379395,5.6148152351379395,899775,5.711111068725586,5.696296215057373,5.038324356079102
18-12-2002,5.570370197296143,5.693333148956299,1649700,5.728888988494873,5.5851850509643555,4.940047264099121
19-12-2002,5.5851850509643555,5.599999904632568,599400,5.681480884552002,5.611852169036865,4.963634014129639
20-12-2002,5.494814872741699,5.607407093048096,996300,5.607407093048096,5.5659260749816895,4.923015117645264
23-12-2002,5.525926113128662,5.570370197296143,790425,5.641480922698975,5.62074089050293,4.971497535705566
24-12-2002,5.592593193054199,5.62074089050293,265275,5.623703956604004,5.597036838531494,4.950530529022217
26-12-2002,5.531851768493652,5.5851850509643555,411750,5.6533331871032715,5.549630165100098,4.908597946166992
27-12-2002,5.472592830657959,5.555555820465088,377325,5.555555820465088,5.472592830657959,4.840460777282715
30-12-2002,5.475555896759033,5.503704071044922,1148175,5.558518886566162,5.543704032897949,4.903358459472656
31-12-2002,5.496295928955078,5.548148155212402,1316250,5.762962818145752,5.702221870422363,5.043566703796387
02-01-2003,5.694815158843994,5.725925922393799,1246050,5.7733330726623535,5.762962818145752,5.097291469573975
03-01-2003,5.650370121002197,5.762962818145752,537300,5.764443874359131,5.688889026641846,5.031772613525391
06-01-2003,5.647407054901123,5.651852130889893,1182600,5.813333034515381,5.785184860229492,5.116946697235107
07-01-2003,5.6148152351379395,5.785184860229492,591975,5.785184860229492,5.725925922393799,5.064533233642578
08-01-2003,5.6370368003845215,5.725925922393799,1113750,5.758519172668457,5.728888988494873,5.067153453826904
09-01-2003,5.731852054595947,5.731852054595947,503550,5.850369930267334,5.816296100616455,5.144465446472168
10-01-2003,5.776296138763428,5.792593002319336,668250,5.851851940155029,5.838519096374512,5.164120674133301
13-01-2003,5.758519172668457,5.851851940155029,1165725,5.884444236755371,5.770370006561279,5.103843688964844
14-01-2003,5.733333110809326,5.770370006561279,542025,5.810369968414307,5.800000190734863,5.130051612854004
15-01-2003,5.674074172973633,5.814815044403076,1078650,5.878519058227539,5.767406940460205,5.101222515106201
16-01-2003,5.777778148651123,5.777778148651123,1539000,5.940741062164307,5.853332996368408,5.17722225189209
17-01-2003,5.71851921081543,5.840000152587891,1019925,5.840000152587891,5.757037162780762,5.092050075531006
21-01-2003,5.675556182861328,5.757037162780762,1721925,5.757037162780762,5.728888988494873,5.067153453826904
22-01-2003,5.502222061157227,5.71851921081543,1262925,5.71851921081543,5.56148099899292,4.91908073425293
23-01-2003,5.527407169342041,5.5851850509643555,1023975,5.677036762237549,5.639999866485596,4.988531112670898
24-01-2003,5.500741004943848,5.644443988800049,1065825,5.645925998687744,5.554073810577393,4.912530899047852
27-01-2003,5.361481189727783,5.518518924713135,770175,5.518518924713135,5.3955559730529785,4.772322177886963
28-01-2003,5.33481502532959,5.422222137451172,840375,5.503704071044922,5.496295928955078,4.8614277839660645
29-01-2003,5.0444440841674805,5.422222137451172,3943350,5.422222137451172,5.3333330154418945,4.717286586761475
30-01-2003,5.108148097991943,5.3333330154418945,1761075,5.340741157531738,5.114074230194092,4.523354530334473
31-01-2003,5.016295909881592,5.099258899688721,2114100,5.127407073974609,5.111111164093018,4.520732402801514
03-02-2003,5.066667079925537,5.117036819458008,1003725,5.131852149963379,5.090370178222656,4.502388954162598
04-02-2003,4.985185146331787,5.090370178222656,1775250,5.090370178222656,5.081480979919434,4.494525909423828
05-02-2003,4.979259014129639,5.081480979919434,1362825,5.081480979919434,4.980741024017334,4.405421733856201
06-02-2003,4.829629898071289,4.980741024017334,1169100,5.031110763549805,4.962963104248047,4.389699935913086
07-02-2003,4.878519058227539,5.0,494100,5.007407188415527,4.878519058227539,4.315009593963623
10-02-2003,4.853332996368408,4.863704204559326,625725,4.940741062164307,4.894814968109131,4.329422473907471
11-02-2003,4.872592926025391,4.9037041664123535,666225,4.97777795791626,4.911110877990723,4.343835353851318
12-02-2003,4.807406902313232,4.911110877990723,595350,4.920000076293945,4.807406902313232,4.252111911773682
13-02-2003,4.706666946411133,4.801480770111084,942975,4.840000152587891,4.794074058532715,4.240318775177002
14-02-2003,4.760000228881836,4.800000190734863,930825,4.9037041664123535,4.851851940155029,4.291421413421631
18-02-2003,4.881481170654297,4.881481170654297,681075,4.995555877685547,4.992592811584473,4.4159064292907715
19-02-2003,4.880000114440918,4.992592811584473,619650,4.992592811584473,4.899259090423584,4.333352088928223
20-02-2003,4.838519096374512,4.8740739822387695,602775,4.940741062164307,4.840000152587891,4.280941009521484
21-02-2003,4.819259166717529,4.829629898071289,475875,4.961481094360352,4.911110877990723,4.343835353851318
24-02-2003,4.802962779998779,4.9037041664123535,603450,4.9037041664123535,4.802962779998779,4.248180389404297
25-02-2003,4.728888988494873,4.794074058532715,580500,4.891851902008057,4.877037048339844,4.313697338104248
26-02-2003,4.765925884246826,4.866666793823242,678375,4.9037041664123535,4.767406940460205,4.216730117797852
27-02-2003,4.785184860229492,4.785184860229492,612225,4.9555559158325195,4.863704204559326,4.301904678344727
28-02-2003,4.866666793823242,4.866666793823242,770175,4.949629783630371,4.885925769805908,4.321559906005859
03-03-2003,4.7540740966796875,4.866666793823242,614250,4.952592849731445,4.764443874359131,4.214109420776367
04-03-2003,4.740740776062012,4.764443874359131,539325,4.884444236755371,4.785184860229492,4.232455253601074
05-03-2003,4.7362961769104,4.800000190734863,630450,4.853332996368408,4.762962818145752,4.212799549102783
06-03-2003,4.53925895690918,4.748147964477539,1146150,4.748147964477539,4.613333225250244,4.080452919006348
07-03-2003,4.591111183166504,4.592593193054199,1892700,4.631111145019531,4.6044440269470215,4.0725908279418945
10-03-2003,4.471110820770264,4.589630126953125,1415475,4.589630126953125,4.485926151275635,3.967763662338257
11-03-2003,4.4148149490356445,4.485926151275635,1374300,4.533332824707031,4.429629802703857,3.9179697036743164
12-03-2003,4.368888854980469,4.429629802703857,1258875,4.445926189422607,4.400000095367432,3.8917617797851562
13-03-2003,4.447406768798828,4.450369834899902,4051350,4.9422221183776855,4.912592887878418,4.35394287109375
14-03-2003,4.850369930267334,5.037036895751953,2129625,5.059258937835693,4.862222194671631,4.309298992156982
17-03-2003,4.829629898071289,4.862222194671631,2353725,5.1940741539001465,5.186666965484619,4.5968475341796875
18-03-2003,5.088889122009277,5.1940741539001465,1484325,5.202962875366211,5.146667003631592,4.561397075653076
19-03-2003,5.0237040519714355,5.161480903625488,902475,5.161480903625488,5.109630107879639,4.528573989868164
20-03-2003,4.9762959480285645,5.109630107879639,1474875,5.109630107879639,5.0,4.43140983581543
21-03-2003,5.010369777679443,5.02222204208374,1380375,5.176296234130859,5.1644439697265625,4.577154636383057
24-03-2003,4.937777996063232,5.090370178222656,702675,5.090370178222656,5.017777919769287,4.4471635818481445
25-03-2003,4.9762959480285645,5.019258975982666,747900,5.0725932121276855,5.07111120223999,4.4944329261779785
26-03-2003,4.997036933898926,5.07111120223999,1054350,5.0725932121276855,5.014814853668213,4.444540023803711
27-03-2003,4.992592811584473,5.007407188415527,676350,5.066667079925537,5.02666711807251,4.455045223236084
28-03-2003,4.925926208496094,5.02666711807251,619650,5.031110763549805,4.954073905944824,4.390707969665527
31-03-2003,4.829629898071289,4.924444198608398,932850,4.924444198608398,4.890369892120361,4.3342461585998535
01-04-2003,4.859259128570557,4.890369892120361,994950,4.982222080230713,4.97777795791626,4.411717414855957
02-04-2003,5.014814853668213,5.074073791503906,830925,5.1644439697265625,5.142221927642822,4.557458400726318
03-04-2003,5.159999847412109,5.173333168029785,1466100,5.242962837219238,5.180740833282471,4.591595649719238
04-04-2003,5.1644439697265625,5.197037220001221,766800,5.259259223937988,5.211852073669434,4.619167804718018
07-04-2003,5.225184917449951,5.296296119689941,929475,5.429629802703857,5.2459259033203125,4.649369239807129
08-04-2003,5.214815139770508,5.251852035522461,580500,5.288888931274414,5.237037181854248,4.6414923667907715
09-04-2003,5.121480941772461,5.250370025634766,989550,5.3333330154418945,5.149630069732666,4.564023494720459
10-04-2003,5.117036819458008,5.149630069732666,678375,5.195556163787842,5.162962913513184,4.575840473175049
11-04-2003,5.102221965789795,5.199999809265137,707400,5.259259223937988,5.151111125946045,4.565336227416992
14-04-2003,5.15259313583374,5.1555562019348145,656775,5.305184841156006,5.305184841156006,4.701889514923096
15-04-2003,5.208889007568359,5.290369987487793,689850,5.400000095367432,5.38962984085083,4.7767333984375
16-04-2003,5.260741233825684,5.407406806945801,884925,5.437036991119385,5.262221813201904,4.66381311416626
17-04-2003,5.2948150634765625,5.318519115447998,1270350,5.377778053283691,5.340741157531738,4.733402252197266
21-04-2003,5.296296119689941,5.348147869110107,838350,5.3629631996154785,5.3333330154418945,4.726834297180176
22-04-2003,5.2755560874938965,5.311110973358154,1719225,5.327406883239746,5.296296119689941,4.69401216506958
23-04-2003,5.241480827331543,5.311110973358154,2818800,5.380741119384766,5.374814987182617,4.763602256774902
24-04-2003,5.238519191741943,5.311110973358154,1304775,5.345184803009033,5.297778129577637,4.69532585144043
25-04-2003,5.189630031585693,5.290369987487793,736425,5.2948150634765625,5.199999809265137,4.6086649894714355
28-04-2003,5.207406997680664,5.214815139770508,851850,5.465185165405273,5.43851900100708,4.820060729980469
29-04-2003,5.428147792816162,5.451851844787598,881550,5.551111221313477,5.525926113128662,4.89752721786499
30-04-2003,5.5155558586120605,5.540740966796875,1274400,5.6340742111206055,5.5851850509643555,4.950048923492432
01-05-2003,5.493332862854004,5.622221946716309,1025325,5.622221946716309,5.602962970733643,4.9658050537109375
02-05-2003,5.5985188484191895,5.622221946716309,1036800,5.709630012512207,5.694815158843994,5.047210216522217
05-05-2003,5.608889102935791,5.711111068725586,673650,5.745184898376465,5.64296293258667,5.001256465911865
06-05-2003,5.644443988800049,5.651852130889893,877500,5.791110992431641,5.762962818145752,5.107610702514648
07-05-2003,5.725925922393799,5.748147964477539,1053675,5.811851978302002,5.745184898376465,5.091853141784668
08-05-2003,5.613333225250244,5.725925922393799,673650,5.733333110809326,5.671111106872559,5.026205539703369
09-05-2003,5.674074172973633,5.688889026641846,1293975,5.804443836212158,5.727406978607178,5.076098442077637
12-05-2003,5.696296215057373,5.727406978607178,573750,5.777778148651123,5.767406940460205,5.11154842376709
13-05-2003,5.659258842468262,5.765925884246826,513000,5.765925884246826,5.696296215057373,5.048524856567383
14-05-2003,5.570370197296143,5.711111068725586,772875,5.71851921081543,5.592593193054199,4.956615447998047
15-05-2003,5.534814834594727,5.622221946716309,1112400,5.659258842468262,5.577777862548828,4.943481922149658
16-05-2003,5.496295928955078,5.570370197296143,1040850,5.608889102935791,5.527407169342041,4.898842811584473
19-05-2003,5.282962799072266,5.496295928955078,1651725,5.511110782623291,5.361481189727783,4.751784801483154
20-05-2003,5.293333053588867,5.377778053283691,1846800,5.410369873046875,5.38962984085083,4.7767333984375
21-05-2003,5.302221775054932,5.38962984085083,1094175,5.397037029266357,5.3629631996154785,4.7530975341796875
22-05-2003,5.296296119689941,5.3629631996154785,1102275,5.376296043395996,5.340741157531738,4.733402252197266
23-05-2003,5.266666889190674,5.3333330154418945,845775,5.3333330154418945,5.272593021392822,4.673001766204834
27-05-2003,5.222221851348877,5.272593021392822,1139400,5.404444217681885,5.392592906951904,4.779357433319092
28-05-2003,5.374814987182617,5.377778053283691,1041525,5.441481113433838,5.422222137451172,4.8056159019470215
29-05-2003,5.388147830963135,5.422222137451172,727650,5.496295928955078,5.425185203552246,4.8082451820373535
30-05-2003,5.440000057220459,5.440000057220459,760050,5.5170369148254395,5.512592792510986,4.885711669921875
02-06-2003,5.488889217376709,5.549630165100098,800550,5.5851850509643555,5.499258995056152,4.873891830444336
03-06-2003,5.222221851348877,5.462222099304199,1052325,5.555555820465088,5.533332824707031,4.904092788696289
04-06-2003,5.512592792510986,5.533332824707031,743850,5.619258880615234,5.6148152351379395,4.976310729980469
05-06-2003,5.555555820465088,5.599999904632568,721575,5.635556221008301,5.622221946716309,4.982872009277344
06-06-2003,5.548148155212402,5.644443988800049,1327725,5.6666669845581055,5.570370197296143,4.936919212341309
09-06-2003,5.468148231506348,5.557036876678467,640575,5.599999904632568,5.469629764556885,4.8476338386535645
10-06-2003,5.474073886871338,5.481481075286865,491400,5.548148155212402,5.548148155212402,4.917224407196045
11-06-2003,5.499258995056152,5.533332824707031,857250,5.662221908569336,5.660740852355957,5.017012596130371
12-06-2003,5.678518772125244,5.6859259605407715,1040175,5.801480770111084,5.7155561447143555,5.073561668395996
13-06-2003,5.629630088806152,5.696296215057373,898425,5.71999979019165,5.631111145019531,4.998601913452148
16-06-2003,5.59407377243042,5.59407377243042,749250,5.703703880310059,5.699258804321289,5.059094429016113
17-06-2003,5.601480960845947,5.703703880310059,571050,5.703703880310059,5.657777786254883,5.022273063659668
18-06-2003,5.622221946716309,5.6562957763671875,1111725,5.681480884552002,5.6666669845581055,5.0301618576049805
19-06-2003,5.629630088806152,5.659258842468262,995625,5.71851921081543,5.66963005065918,5.032795429229736
20-06-2003,5.681480884552002,5.696296215057373,947025,5.733333110809326,5.700740814208984,5.060409069061279
23-06-2003,5.571852207183838,5.688889026641846,1019925,5.688889026641846,5.586667060852051,4.959149360656738
24-06-2003,5.564444065093994,5.586667060852051,1362150,5.657777786254883,5.5851850509643555,4.957834243774414
25-06-2003,5.562963008880615,5.577777862548828,909225,5.688889026641846,5.625185012817383,4.9933390617370605
26-06-2003,5.59407377243042,5.61629581451416,1261575,5.703703880310059,5.644443988800049,5.010437965393066
27-06-2003,5.577777862548828,5.644443988800049,1131300,5.696296215057373,5.599999904632568,4.970986843109131
30-06-2003,5.429629802703857,5.59407377243042,4887000,5.611852169036865,5.429629802703857,4.81974983215332
01-07-2003,5.437036991119385,5.444444179534912,2115450,5.573332786560059,5.555555820465088,4.93153190612793
02-07-2003,5.552593231201172,5.555555820465088,1181250,5.650370121002197,5.647407054901123,5.013068199157715
03-07-2003,5.641480922698975,5.641480922698975,1254150,5.748147964477539,5.731852054595947,5.088028430938721
07-07-2003,5.71407413482666,5.731852054595947,1273050,5.837037086486816,5.7155561447143555,5.073561668395996
08-07-2003,5.696296215057373,5.696296215057373,1163700,5.9037041664123535,5.881481170654297,5.220849990844727
09-07-2003,5.797037124633789,5.884444236755371,1424925,5.884444236755371,5.845925807952881,5.189284801483154
10-07-2003,5.801480770111084,5.8222222328186035,1495800,5.912592887878418,5.869629859924316,5.210330009460449
11-07-2003,5.890369892120361,5.89629602432251,818775,5.952592849731445,5.952592849731445,5.283974647521973
14-07-2003,5.834074020385742,6.014814853668213,819450,6.014814853668213,5.866666793823242,5.207698822021484
15-07-2003,5.838519096374512,5.8740739822387695,1009125,5.936295986175537,5.925926208496094,5.260301113128662
16-07-2003,5.828147888183594,5.918519020080566,645300,5.939259052276611,5.880000114440918,5.219533920288086
17-07-2003,5.708148002624512,5.851851940155029,1787400,5.891851902008057,5.71851921081543,5.0761919021606445
18-07-2003,5.74666690826416,5.748147964477539,612225,5.884444236755371,5.882963180541992,5.222164630889893
21-07-2003,5.743703842163086,5.851851940155029,820800,5.9229631423950195,5.8222222328186035,5.168246746063232
22-07-2003,5.6666669845581055,5.748147964477539,1269000,5.866666793823242,5.851851940155029,5.194547176361084
23-07-2003,5.742221832275391,5.851851940155029,1082025,5.866666793823242,5.863704204559326,5.205068588256836
24-07-2003,5.837037086486816,5.888888835906982,820800,5.888888835906982,5.84740686416626,5.190602779388428
25-07-2003,5.829629898071289,5.8444437980651855,830250,5.925926208496094,5.9037041664123535,5.240574359893799
28-07-2003,5.848888874053955,5.888888835906982,574425,5.921481132507324,5.888888835906982,5.227424144744873
29-07-2003,5.851851940155029,5.8933329582214355,769500,5.925926208496094,5.925926208496094,5.260301113128662
30-07-2003,5.851851940155029,5.925926208496094,515025,5.925926208496094,5.878519058227539,5.21821928024292
31-07-2003,5.848888874053955,5.888888835906982,975375,5.89629602432251,5.860741138458252,5.202436923980713
01-08-2003,5.8444437980651855,5.8548150062561035,1010475,5.881481170654297,5.872592926025391,5.212958812713623
04-08-2003,5.829629898071289,5.857778072357178,677025,5.902222156524658,5.872592926025391,5.212958812713623
05-08-2003,5.8251848220825195,5.872592926025391,823500,5.8740739822387695,5.829629898071289,5.174822807312012
06-08-2003,5.7866668701171875,5.8222222328186035,605475,5.851851940155029,5.8222222328186035,5.168246746063232
07-08-2003,5.785184860229492,5.807406902313232,620325,5.842963218688965,5.829629898071289,5.174822807312012
08-08-2003,5.814815044403076,5.814815044403076,625050,5.880000114440918,5.875555992126465,5.215588092803955
11-08-2003,5.856296062469482,5.866666793823242,457650,5.890369892120361,5.880000114440918,5.219533920288086
12-08-2003,5.866666793823242,5.8740739822387695,618300,5.908147811889648,5.899259090423584,5.236629486083984
13-08-2003,5.89629602432251,5.9037041664123535,831600,5.985185146331787,5.985185146331787,5.312905311584473
14-08-2003,5.933332920074463,5.998518943786621,969300,6.065185070037842,6.051852226257324,5.37208366394043
15-08-2003,6.038518905639648,6.066667079925537,321300,6.069630146026611,6.0577778816223145,5.377342700958252
18-08-2003,6.037036895751953,6.0577778816223145,1067175,6.244443893432617,6.239999771118164,5.539098262786865
19-08-2003,6.198519229888916,6.237037181854248,969975,6.28592586517334,6.219258785247803,5.5206828117370605
20-08-2003,6.118518829345703,6.148148059844971,1350000,6.288888931274414,6.251852035522461,5.549619674682617
21-08-2003,6.244443893432617,6.251852035522461,882900,6.3333330154418945,6.318519115447998,5.608797073364258
22-08-2003,6.244443893432617,6.318519115447998,1340550,6.324443817138672,6.259259223937988,5.556192398071289
25-08-2003,6.165925979614258,6.251852035522461,988200,6.25333309173584,6.205925941467285,5.508851051330566
26-08-2003,6.118518829345703,6.195556163787842,544050,6.210370063781738,6.165925979614258,5.473341464996338
27-08-2003,6.118518829345703,6.1555562019348145,816750,6.1555562019348145,6.139258861541748,5.449672222137451
28-08-2003,6.0725932121276855,6.137777805328369,391500,6.211852073669434,6.207406997680664,5.510166645050049
29-08-2003,6.1777777671813965,6.199999809265137,342225,6.220740795135498,6.216296195983887,5.518056869506836
02-09-2003,6.207406997680664,6.220740795135498,710775,6.3629631996154785,6.337778091430664,5.6258931159973145
03-09-2003,6.28148078918457,6.325925827026367,871425,6.3466668128967285,6.288888931274414,5.582493782043457
04-09-2003,6.266666889190674,6.28148078918457,780975,6.303703784942627,6.291851997375488,5.585124492645264
05-09-2003,6.18222188949585,6.254815101623535,577125,6.254815101623535,6.1940741539001465,5.498330116271973
08-09-2003,6.162962913513184,6.207406997680664,775575,6.251852035522461,6.176296234130859,5.482547283172607
09-09-2003,6.148148059844971,6.185184955596924,675675,6.210370063781738,6.1555562019348145,5.464137554168701
10-09-2003,5.9762959480285645,6.133333206176758,1109025,6.133333206176758,6.0,5.326056480407715
11-09-2003,6.0,6.007407188415527,816075,6.094814777374268,6.091852188110352,5.4075927734375
12-09-2003,6.0237040519714355,6.068148136138916,867375,6.124444007873535,6.085926055908203,5.41022253036499
15-09-2003,6.075555801391602,6.085926055908203,1165050,6.167407035827637,6.1585187911987305,5.474757194519043
16-09-2003,6.1585187911987305,6.1585187911987305,1199475,6.3333330154418945,6.320000171661377,5.61830997467041
17-09-2003,6.320000171661377,6.320000171661377,1979100,6.488889217376709,6.457777976989746,5.740792751312256
18-09-2003,6.462222099304199,6.518518924713135,1534950,6.555555820465088,6.525926113128662,5.801372051239014
19-09-2003,6.503704071044922,6.525926113128662,899775,6.623703956604004,6.562963008880615,5.834296703338623
22-09-2003,6.4844441413879395,6.540740966796875,1399950,6.631111145019531,6.548148155212402,5.8211259841918945
23-09-2003,6.548148155212402,6.548148155212402,1649025,6.625185012817383,6.607407093048096,5.873807430267334
24-09-2003,6.5170369148254395,6.607407093048096,1288575,6.622221946716309,6.533332824707031,5.807956695556641
25-09-2003,6.444444179534912,6.548148155212402,621000,6.554073810577393,6.445926189422607,5.730254173278809
26-09-2003,6.400000095367432,6.444444179534912,1084725,6.466667175292969,6.444444179534912,5.72893762588501
29-09-2003,6.4148149490356445,6.474073886871338,995625,6.503704071044922,6.440000057220459,5.724985122680664
30-09-2003,6.278519153594971,6.4340739250183105,1141425,6.4340739250183105,6.349629878997803,5.644649505615234
01-10-2003,6.35703706741333,6.370369911193848,1239300,6.629630088806152,6.629630088806152,5.893561840057373
02-10-2003,6.5659260749816895,6.629630088806152,723600,6.659258842468262,6.5851850509643555,5.854052543640137
03-10-2003,6.629630088806152,6.644443988800049,603450,6.711111068725586,6.6562957763671875,5.917265892028809
06-10-2003,6.638518810272217,6.651852130889893,415125,6.748147964477539,6.725925922393799,5.979165554046631
07-10-2003,6.702221870422363,6.703703880310059,1390500,6.918519020080566,6.808888912200928,6.052919387817383
08-10-2003,6.770370006561279,6.8222222328186035,523125,6.8444437980651855,6.770370006561279,6.0186767578125
09-10-2003,6.749629974365234,6.807406902313232,452250,6.887406826019287,6.770370006561279,6.0186767578125
10-10-2003,6.770370006561279,6.785184860229492,305100,6.840000152587891,6.782221794128418,6.029211044311523
13-10-2003,6.767406940460205,6.767406940460205,300375,6.857778072357178,6.823703765869141,6.066087245941162
14-10-2003,6.777778148651123,6.800000190734863,527175,6.837037086486816,6.8222222328186035,6.0647735595703125
15-10-2003,6.829629898071289,6.859259128570557,1273725,7.051852226257324,7.002963066101074,6.22544527053833
16-10-2003,6.9748148918151855,6.985185146331787,1339200,7.171852111816406,7.07111120223999,6.286027908325195
17-10-2003,6.915555953979492,7.0725932121276855,581850,7.0725932121276855,6.917037010192871,6.149058818817139
20-10-2003,6.740740776062012,6.9037041664123535,577125,6.988148212432861,6.95111083984375,6.179348945617676
21-10-2003,6.592593193054199,6.6666669845581055,1937250,6.851851940155029,6.800000190734863,6.045013427734375
22-10-2003,6.69185209274292,6.711111068725586,847800,6.767406940460205,6.725925922393799,5.979165554046631
23-10-2003,6.599999904632568,6.703703880310059,789075,6.703703880310059,6.6370368003845215,5.900146484375
24-10-2003,6.525926113128662,6.629630088806152,1777950,6.694815158843994,6.555555820465088,5.827713489532471
27-10-2003,6.533332824707031,6.533332824707031,1336500,6.777778148651123,6.7540740966796875,6.004189968109131
28-10-2003,6.733333110809326,6.777778148651123,1073250,6.888888835906982,6.884444236755371,6.120083808898926
29-10-2003,6.884444236755371,6.884444236755371,1367550,7.037036895751953,7.0251851081848145,6.245199680328369
30-10-2003,6.97777795791626,7.037036895751953,691875,7.037036895751953,7.014814853668213,6.235980987548828
31-10-2003,6.894814968109131,7.014814853668213,1418850,7.037036895751953,6.970369815826416,6.19647216796875
03-11-2003,6.940741062164307,6.940741062164307,1130625,7.111111164093018,7.111111164093018,6.321585655212402
04-11-2003,7.066667079925537,7.0962958335876465,1303425,7.148148059844971,7.093332767486572,6.305779457092285
05-11-2003,7.010369777679443,7.078518867492676,820125,7.109630107879639,7.07111120223999,6.286027908325195
06-11-2003,7.0,7.063704013824463,1563300,7.091852188110352,7.066667079925537,6.282074928283691
07-11-2003,7.037036895751953,7.088889122009277,868725,7.118518829345703,7.118518829345703,6.328170299530029
10-11-2003,6.979259014129639,7.066667079925537,803250,7.087407112121582,7.007407188415527,6.229395389556885
11-11-2003,6.933332920074463,6.970369815826416,671625,6.997036933898926,6.962963104248047,6.189885139465332
12-11-2003,6.961481094360352,6.962963104248047,806625,7.059258937835693,7.0444440841674805,6.262320518493652
13-11-2003,6.994073867797852,7.0444440841674805,984150,7.051852226257324,7.005926132202148,6.228079319000244
14-11-2003,6.888888835906982,6.992592811584473,1281825,7.005926132202148,6.900741100311279,6.134573936462402
17-11-2003,6.755556106567383,6.785184860229492,1652400,6.894814968109131,6.881481170654297,6.117450714111328
18-11-2003,6.8740739822387695,6.8740739822387695,848475,6.948147773742676,6.900741100311279,6.134573936462402
19-11-2003,6.8251848220825195,6.888888835906982,1071225,6.909629821777344,6.8548150062561035,6.093745231628418
20-11-2003,6.7244439125061035,6.837037086486816,1387800,6.8444437980651855,6.762962818145752,6.012093544006348
21-11-2003,6.762962818145752,6.777778148651123,550125,6.866666793823242,6.8222222328186035,6.0647735595703125
24-11-2003,6.8444437980651855,6.8444437980651855,501525,6.962963104248047,6.962963104248047,6.189885139465332
25-11-2003,6.899259090423584,6.948147773742676,612900,6.97333288192749,6.961481094360352,6.188568592071533
26-11-2003,6.912592887878418,6.962963104248047,345600,6.964444160461426,6.9422221183776855,6.171446800231934
28-11-2003,6.917037010192871,6.940741062164307,165375,7.007407188415527,7.007407188415527,6.229395389556885
01-12-2003,7.007407188415527,7.007407188415527,1059075,7.109630107879639,7.0962958335876465,6.308416366577148
02-12-2003,7.02222204208374,7.037036895751953,1260225,7.161480903625488,7.133333206176758,6.341341495513916
03-12-2003,7.060740947723389,7.118518829345703,986850,7.133333206176758,7.084444046020508,6.305737018585205
04-12-2003,6.992592811584473,7.074073791503906,512325,7.074073791503906,7.005926132202148,6.235848903656006
05-12-2003,6.946667194366455,6.991110801696777,284850,7.002963066101074,6.964444160461426,6.198927402496338
08-12-2003,6.9037041664123535,6.9555559158325195,778275,6.995555877685547,6.989630222320557,6.221343517303467
09-12-2003,6.902222156524658,7.007407188415527,569025,7.02222204208374,6.911110877990723,6.151457786560059
10-12-2003,6.789629936218262,6.9037041664123535,1110375,6.937777996063232,6.791110992431641,6.044646263122559
11-12-2003,6.777778148651123,6.777778148651123,867375,6.902222156524658,6.875555992126465,6.119808673858643
12-12-2003,6.840000152587891,6.888888835906982,963900,6.943704128265381,6.943704128265381,6.180466175079346
15-12-2003,6.925926208496094,6.980741024017334,481950,7.019258975982666,6.952592849731445,6.188377857208252
16-12-2003,6.84740686416626,6.962963104248047,398250,6.962963104248047,6.900741100311279,6.142226696014404
17-12-2003,6.8933329582214355,6.933332920074463,758700,7.028148174285889,7.028148174285889,6.25562858581543
18-12-2003,7.007407188415527,7.017777919769287,695250,7.185184955596924,7.185184955596924,6.395401954650879
19-12-2003,7.078518867492676,7.170370101928711,494775,7.1777777671813965,7.168889045715332,6.380899906158447
22-12-2003,7.1451849937438965,7.168889045715332,589950,7.232593059539795,7.232593059539795,6.437601089477539
23-12-2003,7.1644439697265625,7.222221851348877,543375,7.222221851348877,7.192593097686768,6.401998996734619
24-12-2003,7.1777777671813965,7.185184955596924,193050,7.216296195983887,7.202962875366211,6.411229133605957
26-12-2003,7.185184955596924,7.202962875366211,110700,7.219258785247803,7.210370063781738,6.417820930480957
29-12-2003,7.1555562019348145,7.225184917449951,465750,7.237037181854248,7.192593097686768,6.401998996734619
30-12-2003,7.1585187911987305,7.202962875366211,314550,7.202962875366211,7.176296234130859,6.387494087219238
31-12-2003,7.128889083862305,7.170370101928711,465075,7.185184955596924,7.149630069732666,6.363759994506836
02-01-2004,7.148148059844971,7.162962913513184,621675,7.259259223937988,7.250370025634766,6.453422546386719
05-01-2004,7.247406959533691,7.28148078918457,826200,7.407406806945801,7.407406806945801,6.593199729919434
06-01-2004,7.331851959228516,7.38962984085083,869400,7.38962984085083,7.336296081542969,6.529904842376709
07-01-2004,7.3333330154418945,7.337778091430664,390825,7.391110897064209,7.37925910949707,6.568145275115967
08-01-2004,7.342222213745117,7.394073963165283,434700,7.400000095367432,7.392592906951904,6.580015182495117
09-01-2004,7.348147869110107,7.392592906951904,893025,7.425185203552246,7.407406806945801,6.593199729919434
12-01-2004,7.367406845092773,7.392592906951904,583875,7.407406806945801,7.407406806945801,6.593199729919434
13-01-2004,7.348147869110107,7.370369911193848,663525,7.402963161468506,7.400000095367432,6.58660888671875
14-01-2004,7.38962984085083,7.400000095367432,398250,7.456295967102051,7.413332939147949,6.598474502563477
15-01-2004,7.37925910949707,7.3851847648620605,854550,7.435555934906006,7.435555934906006,6.618256092071533
16-01-2004,7.392592906951904,7.435555934906006,368550,7.451851844787598,7.429629802703857,6.61298131942749
20-01-2004,7.400000095367432,7.429629802703857,1505250,7.548148155212402,7.546667098999023,6.7171525955200195
21-01-2004,7.494814872741699,7.546667098999023,764775,7.552593231201172,7.540740966796875,6.711877346038818
22-01-2004,7.468148231506348,7.525926113128662,573750,7.543704032897949,7.488889217376709,6.665727138519287
23-01-2004,7.425185203552246,7.481481075286865,698625,7.524444103240967,7.453332901000977,6.6340765953063965
26-01-2004,7.388147830963135,7.437036991119385,476550,7.474073886871338,7.46074104309082,6.640671730041504
27-01-2004,7.413332939147949,7.448888778686523,632475,7.488889217376709,7.441481113433838,6.623528480529785
28-01-2004,7.407406806945801,7.481481075286865,1457325,7.552593231201172,7.428147792816162,6.611660957336426
29-01-2004,7.4148149490356445,7.451851844787598,938925,7.503704071044922,7.49036979675293,6.6670451164245605
30-01-2004,7.43851900100708,7.518518924713135,1255500,7.6340742111206055,7.629630088806152,6.790994644165039
02-02-2004,7.505185127258301,7.628148078918457,1140750,7.668148040771484,7.518518924713135,6.692099571228027
03-02-2004,7.472592830657959,7.511110782623291,762750,7.525926113128662,7.4844441413879395,6.661769390106201
04-02-2004,7.453332901000977,7.481481075286865,1197450,7.505185127258301,7.481481075286865,6.659133434295654
05-02-2004,7.407406806945801,7.481481075286865,847125,7.49036979675293,7.429629802703857,6.61298131942749
06-02-2004,7.392592906951904,7.407406806945801,886275,7.466667175292969,7.465185165405273,6.644628047943115
09-02-2004,7.337778091430664,7.451851844787598,883575,7.491851806640625,7.339259147644043,6.532542705535889
10-02-2004,7.262221813201904,7.340741157531738,1493775,7.348147869110107,7.325925827026367,6.520674228668213
11-02-2004,7.272593021392822,7.311110973358154,948375,7.386666774749756,7.325925827026367,6.520674228668213
12-02-2004,7.325925827026367,7.325925827026367,1077975,7.425185203552246,7.4148149490356445,6.59979772567749
13-02-2004,7.388147830963135,7.400000095367432,864675,7.478518962860107,7.40592622756958,6.591882705688477
17-02-2004,7.392592906951904,7.392592906951904,393525,7.465185165405273,7.465185165405273,6.644628047943115
18-02-2004,7.400000095367432,7.456295967102051,384075,7.505185127258301,7.419259071350098,6.603749752044678
19-02-2004,7.348147869110107,7.444444179534912,496125,7.4844441413879395,7.351110935211182,6.543091297149658
20-02-2004,7.296296119689941,7.3629631996154785,487350,7.386666774749756,7.3629631996154785,6.553640842437744
23-02-2004,7.2459259033203125,7.348147869110107,551475,7.397037029266357,7.260741233825684,6.462656497955322
24-02-2004,7.229629993438721,7.262221813201904,549450,7.354074001312256,7.259259223937988,6.461337566375732
25-02-2004,7.229629993438721,7.244443893432617,626400,7.3822221755981445,7.349629878997803,6.541772842407227
26-02-2004,7.33036994934082,7.3333330154418945,358425,7.402963161468506,7.38370418548584,6.572101593017578
27-02-2004,7.2948150634765625,7.400000095367432,727650,7.400000095367432,7.355556011199951,6.547048568725586
01-03-2004,7.318519115447998,7.321481227874756,1017900,7.487407207489014,7.437036991119385,6.619574069976807
02-03-2004,7.339259147644043,7.457777976989746,488700,7.605926036834717,7.38370418548584,6.572101593017578
03-03-2004,7.214815139770508,7.348147869110107,739800,7.3629631996154785,7.33036994934082,6.524630546569824
04-03-2004,7.229629993438721,7.303703784942627,844088,7.348147869110107,7.3333330154418945,6.527266979217529
05-03-2004,7.288888931274414,7.31259298324585,464063,7.448888778686523,7.404444217681885,6.590564727783203
08-03-2004,7.241480827331543,7.368888854980469,571725,7.368888854980469,7.244443893432617,6.448149681091309
09-03-2004,7.188148021697998,7.229629993438721,469800,7.250370025634766,7.202962875366211,6.411229133605957
10-03-2004,7.170370101928711,7.259259223937988,816413,7.274074077606201,7.185184955596924,6.411226272583008
11-03-2004,6.995555877685547,7.185184955596924,650025,7.185184955596924,6.998518943786621,6.244668960571289
12-03-2004,6.97777795791626,6.998518943786621,354713,7.161480903625488,7.1555562019348145,6.384793758392334
15-03-2004,6.9748148918151855,7.140740871429443,734738,7.185184955596924,6.97777795791626,6.226162433624268
16-03-2004,6.968889236450195,6.97777795791626,425588,7.066667079925537,6.986667156219482,6.23409366607666
17-03-2004,7.02222204208374,7.037036895751953,453938,7.128889083862305,7.093332767486572,6.329270839691162
18-03-2004,6.954073905944824,7.117036819458008,466763,7.1259260177612305,7.081480979919434,6.318694591522217
19-03-2004,6.962963104248047,7.0962958335876465,1231538,7.0962958335876465,6.983704090118408,6.231450080871582
22-03-2004,6.811851978302002,6.909629821777344,568350,6.936295986175537,6.832592964172363,6.096617221832275
23-03-2004,6.829629898071289,6.891851902008057,291938,6.924444198608398,6.871110916137695,6.130984783172607
24-03-2004,6.856296062469482,6.856296062469482,388125,6.95111083984375,6.856296062469482,6.117765426635742
25-03-2004,6.888888835906982,6.900741100311279,721238,7.093332767486572,7.051852226257324,6.292256832122803
26-03-2004,7.051852226257324,7.081480979919434,1178213,7.2266669273376465,7.2266669273376465,6.448243618011475
29-03-2004,7.232593059539795,7.232593059539795,1530225,7.576295852661133,7.537777900695801,6.725841045379639
30-03-2004,7.451851844787598,7.496295928955078,867713,7.555555820465088,7.555555820465088,6.741705417633057
31-03-2004,7.4844441413879395,7.555555820465088,1370925,7.650370121002197,7.597036838531494,6.7787184715271
01-04-2004,7.644443988800049,7.644443988800049,678713,7.798519134521484,7.7540740966796875,6.918838977813721
02-04-2004,7.842963218688965,7.851851940155029,588938,7.925926208496094,7.878519058227539,7.029879093170166
05-04-2004,7.842963218688965,7.851851940155029,567000,7.9762959480285645,7.914073944091797,7.061604022979736
06-04-2004,7.828147888183594,7.881481170654297,464400,7.940741062164307,7.908147811889648,7.056315898895264
07-04-2004,7.804443836212158,7.911110877990723,470475,7.943704128265381,7.884444236755371,7.0351667404174805
08-04-2004,7.887406826019287,7.931851863861084,430313,7.97333288192749,7.9555559158325195,7.098618984222412
12-04-2004,7.914073944091797,7.970369815826416,571050,8.059259414672852,7.985185146331787,7.125057220458984
13-04-2004,7.884444236755371,7.970369815826416,915975,8.029629707336426,7.884444236755371,7.0351667404174805
14-04-2004,7.834074020385742,7.887406826019287,541350,7.982222080230713,7.917037010192871,7.0642499923706055
15-04-2004,7.8548150062561035,7.920000076293945,650700,7.994073867797852,7.917037010192871,7.0642499923706055
16-04-2004,7.79555606842041,7.89629602432251,515700,7.964444160461426,7.940741062164307,7.085397243499756
19-04-2004,7.819259166717529,7.970369815826416,280125,8.0,8.0,7.138273239135742
20-04-2004,7.991110801696777,7.997036933898926,1237950,8.103704452514648,8.088889122009277,7.217589378356934
21-04-2004,8.162962913513184,8.162962913513184,2727675,8.562962532043457,8.222222328186035,7.33656120300293
22-04-2004,8.177778244018555,8.222222328186035,1472513,8.239999771118164,8.207406997680664,7.323342323303223
23-04-2004,8.177778244018555,8.251852035522461,1208925,8.251852035522461,8.183704376220703,7.302190780639648
26-04-2004,7.979259014129639,8.094815254211426,1503225,8.133333206176758,8.0,7.138273239135742
27-04-2004,7.982222080230713,8.0,1026000,8.133333206176758,8.06222152709961,7.193793773651123
28-04-2004,7.940741062164307,8.0,950063,8.085926055908203,8.011852264404297,7.148852348327637
29-04-2004,7.816296100616455,8.035555839538574,411413,8.047407150268555,7.869629859924316,7.021946907043457
30-04-2004,7.792593002319336,7.866666793823242,552150,7.911110877990723,7.851851940155029,7.006086349487305
03-05-2004,7.762962818145752,7.851851940155029,922050,7.878519058227539,7.860741138458252,7.014016151428223
04-05-2004,7.842963218688965,7.860741138458252,1503900,7.985185146331787,7.863704204559326,7.01666259765625
05-05-2004,7.863704204559326,7.863704204559326,689850,8.041481018066406,8.014815330505371,7.151493549346924
06-05-2004,7.762962818145752,7.970369815826416,972000,7.970369815826416,7.875555992126465,7.0272369384765625
07-05-2004,7.671111106872559,7.801480770111084,402975,7.914073944091797,7.677036762237549,6.85009765625
10-05-2004,7.448888778686523,7.671111106872559,716850,7.721480846405029,7.638518810272217,6.815732479095459
11-05-2004,7.579258918762207,7.638518810272217,1005413,7.7866668701171875,7.7866668701171875,6.947920799255371
12-05-2004,7.511110782623291,7.733333110809326,966938,7.733333110809326,7.644443988800049,6.821018695831299
13-05-2004,7.5851850509643555,7.5851850509643555,672300,7.789629936218262,7.71851921081543,6.887113094329834
14-05-2004,7.650370121002197,7.7362961769104,854550,7.789629936218262,7.682962894439697,6.85538911819458
17-05-2004,7.6148152351379395,7.644443988800049,863663,7.819259166717529,7.679999828338623,6.852744102478027
18-05-2004,7.688889026641846,7.733333110809326,794475,7.8222222328186035,7.69185209274292,6.863318920135498
19-05-2004,7.623703956604004,7.703703880310059,603788,7.863704204559326,7.629630088806152,6.807797431945801
20-05-2004,7.62074089050293,7.674074172973633,363825,7.7540740966796875,7.674074172973633,6.847456455230713
21-05-2004,7.635556221008301,7.677036762237549,774225,7.819259166717529,7.816296100616455,6.974360466003418
24-05-2004,7.760000228881836,7.79555606842041,496125,7.866666793823242,7.8251848220825195,6.982289791107178
25-05-2004,7.748147964477539,7.8251848220825195,633150,7.946667194366455,7.848888874053955,7.003442287445068
26-05-2004,7.765925884246826,7.807406902313232,678375,7.925926208496094,7.925926208496094,7.0721821784973145
27-05-2004,7.851851940155029,7.925926208496094,649013,7.970369815826416,7.9229631423950195,7.069535732269287
28-05-2004,7.872592926025391,7.9229631423950195,924750,8.02074146270752,8.002963066101074,7.140921592712402
01-06-2004,7.931851863861084,7.931851863861084,671963,8.074073791503906,8.0325927734375,7.167355537414551
02-06-2004,8.035555839538574,8.091852188110352,855225,8.154073715209961,8.130370140075684,7.254603385925293
03-06-2004,7.964444160461426,8.088889122009277,645638,8.088889122009277,7.964444160461426,7.106550693511963
04-06-2004,7.940741062164307,7.979259014129639,523800,8.106666564941406,8.04444408416748,7.177933216094971
07-06-2004,8.06222152709961,8.118518829345703,530213,8.260741233825684,8.25777816772461,7.368288040161133
08-06-2004,8.133333206176758,8.183704376220703,1038488,8.331851959228516,8.296296119689941,7.402655124664307
09-06-2004,8.15999984741211,8.266667366027832,479925,8.290369987487793,8.162962913513184,7.283685684204102
10-06-2004,8.177778244018555,8.19259262084961,585225,8.331851959228516,8.28148078918457,7.389436721801758
14-06-2004,8.186667442321777,8.207406997680664,695925,8.275555610656738,8.219259262084961,7.3496928215026855
15-06-2004,8.207406997680664,8.22518539428711,1715850,8.666666984558105,8.61629581451416,7.704726696014404
16-06-2004,8.548148155212402,8.5925931930542,1564988,8.826666831970215,8.805926322937012,7.874296188354492
17-06-2004,8.622221946716309,8.755556106567383,1779300,8.785184860229492,8.71407413482666,7.792160987854004
18-06-2004,8.705184936523438,8.711111068725586,1008450,8.817777633666992,8.725926399230957,7.80275821685791
21-06-2004,8.5600004196167,8.711111068725586,816750,8.711111068725586,8.583703994750977,7.675583839416504
22-06-2004,8.574814796447754,8.607406616210938,1232550,8.785184860229492,8.749629974365234,7.823955535888672
23-06-2004,8.702221870422363,8.800000190734863,1246050,8.942221641540527,8.877037048339844,7.937882423400879
24-06-2004,8.814814567565918,8.942221641540527,894713,8.942221641540527,8.847407341003418,7.911389350891113
25-06-2004,8.850370407104492,8.882963180541992,1961213,8.977778434753418,8.942221641540527,7.996173858642578
28-06-2004,8.882963180541992,8.909629821777344,1253813,8.974815368652344,8.915555953979492,7.97232723236084
29-06-2004,8.909629821777344,8.933333396911621,1172138,9.179259300231934,9.15851879119873,8.189581871032715
30-06-2004,9.087407112121582,9.11111068725586,1476225,9.185185432434082,9.155555725097656,8.186928749084473
01-07-2004,8.995555877685547,9.11111068725586,1249425,9.155555725097656,9.114073753356934,8.149842262268066
02-07-2004,8.859258651733398,9.051852226257324,1163025,9.069629669189453,8.942221641540527,7.996173858642578
06-07-2004,8.885926246643066,8.942221641540527,941625,9.010370254516602,8.885926246643066,7.945831775665283
07-07-2004,8.862221717834473,8.918519020080566,1632825,9.02814769744873,8.918519020080566,7.974971294403076
08-07-2004,8.871110916137695,8.957036972045898,1108350,9.096296310424805,9.037036895751953,8.080952644348145
09-07-2004,9.037036895751953,9.037036895751953,997988,9.214815139770508,9.108147621154785,8.144540786743164
12-07-2004,8.936296463012695,9.108147621154785,940613,9.108147621154785,9.060741424560547,8.10214900970459
13-07-2004,9.054815292358398,9.060741424560547,1195425,9.194073677062988,9.096296310424805,8.133943557739258
14-07-2004,8.992592811584473,9.051852226257324,1155938,9.15851879119873,9.084444046020508,8.123346328735352
15-07-2004,9.037036895751953,9.084444046020508,1730025,9.114073753356934,9.090370178222656,8.128645896911621
16-07-2004,9.004444122314453,9.090370178222656,742163,9.146666526794434,9.004444122314453,8.051811218261719
19-07-2004,8.960000038146973,9.034073829650879,882563,9.045926094055176,9.007407188415527,8.054461479187012
20-07-2004,8.977778434753418,9.037036895751953,1409400,9.075555801391602,9.007407188415527,8.054461479187012
21-07-2004,9.022221565246582,9.022221565246582,3080700,9.463704109191895,9.437037467956543,8.438637733459473
22-07-2004,9.232592582702637,9.4399995803833,1350338,9.517037391662598,9.395556449890137,8.401543617248535
23-07-2004,9.143704414367676,9.36296272277832,1406025,9.36296272277832,9.15851879119873,8.189581871032715
26-07-2004,8.97185230255127,9.161480903625488,1394550,9.31851863861084,9.072592735290527,8.112746238708496
27-07-2004,8.97185230255127,9.072592735290527,1626750,9.072592735290527,9.010370254516602,8.057107925415039
28-07-2004,8.871110916137695,9.022221565246582,789075,9.137778282165527,9.045926094055176,8.088898658752441
29-07-2004,9.054815292358398,9.066666603088379,835988,9.182222366333008,9.155555725097656,8.186928749084473
30-07-2004,8.977778434753418,9.11111068725586,648338,9.146666526794434,9.137778282165527,8.171036720275879
02-08-2004,8.957036972045898,9.12592601776123,701325,9.155555725097656,9.155555725097656,8.186928749084473
03-08-2004,8.95111083984375,9.12592601776123,651713,9.12592601776123,9.037036895751953,8.080952644348145
04-08-2004,8.954073905944824,9.037036895751953,532913,9.11111068725586,9.096296310424805,8.133943557739258
05-08-2004,8.850370407104492,9.102222442626953,893700,9.102222442626953,8.88888931274414,7.948481559753418
06-08-2004,8.518519401550293,8.859258651733398,715838,8.859258651733398,8.574814796447754,7.667634010314941
09-08-2004,8.518519401550293,8.574814796447754,1117125,8.654814720153809,8.542222023010254,7.638484477996826
10-08-2004,8.557037353515625,8.557037353515625,1423913,8.782221794128418,8.74666690826416,7.821305751800537
11-08-2004,8.447406768798828,8.696295738220215,1115775,8.696295738220215,8.57185173034668,7.664985656738281
12-08-2004,8.352593421936035,8.57185173034668,814725,8.57185173034668,8.47703742980957,7.5802001953125
13-08-2004,8.447406768798828,8.474074363708496,601425,8.545185089111328,8.503704071044922,7.604046821594238
16-08-2004,8.414814949035645,8.503704071044922,717863,8.5925931930542,8.515556335449219,7.614645957946777
17-08-2004,8.512593269348145,8.533332824707031,436725,8.678519248962402,8.542222023010254,7.638484477996826
18-08-2004,8.41185188293457,8.482962608337402,694913,8.634074211120605,8.628148078918457,7.715324878692627
19-08-2004,8.465185165405273,8.63703727722168,535275,8.657777786254883,8.506667137145996,7.606696128845215
20-08-2004,8.459259033203125,8.506667137145996,499500,8.640000343322754,8.634074211120605,7.7206268310546875
23-08-2004,8.651851654052734,8.666666984558105,544050,8.740740776062012,8.666666984558105,7.749769687652588
24-08-2004,8.63703727722168,8.740740776062012,541013,8.770369529724121,8.696295738220215,7.776266098022461
25-08-2004,8.598519325256348,8.66963005065918,373613,8.755556106567383,8.699258804321289,7.7789154052734375
26-08-2004,8.57185173034668,8.666666984558105,500850,8.687406539916992,8.577777862548828,7.670281410217285
27-08-2004,8.533332824707031,8.545185089111328,536625,8.663703918457031,8.598519325256348,7.6888275146484375
30-08-2004,8.465185165405273,8.536295890808105,397575,8.622221946716309,8.533332824707031,7.6305437088012695
31-08-2004,8.343704223632812,8.55407428741455,740813,8.574814796447754,8.459259033203125,7.564306735992432
01-09-2004,8.450369834899902,8.503704071044922,524138,8.562962532043457,8.459259033203125,7.564306735992432
02-09-2004,8.423704147338867,8.43259334564209,660488,8.678519248962402,8.663703918457031,7.74711799621582
03-09-2004,8.482962608337402,8.589630126953125,361463,8.5925931930542,8.50963020324707,7.609344959259033
07-09-2004,8.562962532043457,8.562962532043457,749250,8.663703918457031,8.64888858795166,7.733867645263672
08-09-2004,8.651851654052734,8.651851654052734,505575,8.722963333129883,8.675556182861328,7.757716178894043
09-09-2004,8.663703918457031,8.678519248962402,559575,8.814814567565918,8.794074058532715,7.863694190979004
10-09-2004,8.737777709960938,8.829629898071289,1448213,8.921481132507324,8.88888931274414,7.948481559753418
13-09-2004,8.903703689575195,8.933333396911621,680063,9.054815292358398,8.942221641540527,7.996173858642578
14-09-2004,8.835556030273438,8.88888931274414,494438,8.962963104248047,8.933333396911621,8.004137992858887
15-09-2004,8.832592964172363,8.903703689575195,710438,8.992592811584473,8.977778434753418,8.043954849243164
16-09-2004,8.977778434753418,8.977778434753418,684450,9.131852149963379,9.04888916015625,8.107673645019531
17-09-2004,8.965926170349121,9.11111068725586,793463,9.170370101928711,9.096296310424805,8.150146484375
20-09-2004,9.007407188415527,9.096296310424805,678038,9.15851879119873,9.051852226257324,8.11032772064209
21-09-2004,9.042963027954102,9.096296310424805,432338,9.155555725097656,9.072592735290527,8.128911018371582
22-09-2004,8.948147773742676,9.069629669189453,822825,9.069629669189453,8.980740547180176,8.046609878540039
23-09-2004,8.805926322937012,8.948147773742676,794813,8.948147773742676,8.820740699768066,7.903254985809326
24-09-2004,8.749629974365234,8.820740699768066,529200,8.880000114440918,8.770369529724121,7.858123779296875
27-09-2004,8.622221946716309,8.737777709960938,566325,8.805926322937012,8.731851577758789,7.823611259460449
28-09-2004,8.678519248962402,8.696295738220215,379013,8.817777633666992,8.800000190734863,7.884670734405518
29-09-2004,8.770369529724121,8.770369529724121,523800,8.980740547180176,8.968889236450195,8.035991668701172
30-09-2004,8.912592887878418,8.918519020080566,746213,9.010370254516602,8.98370361328125,8.04926586151123
01-10-2004,8.962963104248047,9.057778358459473,1271700,9.057778358459473,9.022221565246582,8.083778381347656
04-10-2004,9.051852226257324,9.081480979919434,1009800,9.182222366333008,9.122962951660156,8.174040794372559
05-10-2004,9.025184631347656,9.128889083862305,753300,9.140741348266602,9.081480979919434,8.136874198913574
06-10-2004,9.04888916015625,9.081480979919434,491738,9.185185432434082,9.185185432434082,8.229790687561035
07-10-2004,9.09333324432373,9.155555725097656,811688,9.202962875366211,9.149629592895508,8.19793701171875
08-10-2004,9.007407188415527,9.11111068725586,818775,9.164443969726562,9.025184631347656,8.086433410644531
11-10-2004,8.924444198608398,9.013333320617676,387788,9.051852226257324,8.960000038146973,8.028029441833496
12-10-2004,8.880000114440918,8.933333396911621,603450,9.114073753356934,9.057778358459473,8.11563777923584
13-10-2004,9.072592735290527,9.081480979919434,1104300,9.143704414367676,9.108147621154785,8.1607666015625
14-10-2004,9.054815292358398,9.099259376525879,1004738,9.20888900756836,9.054815292358398,8.11298656463623
15-10-2004,8.995555877685547,9.084444046020508,817763,9.140741348266602,9.007407188415527,8.070507049560547
18-10-2004,8.820740699768066,9.007407188415527,460013,9.054815292358398,9.022221565246582,8.083778381347656
19-10-2004,8.918519020080566,9.037036895751953,711788,9.11111068725586,8.974815368652344,8.041303634643555
20-10-2004,8.992592811584473,8.992592811584473,2011163,9.493332862854004,9.410369873046875,8.431559562683105
21-10-2004,9.303704261779785,9.410369873046875,1981463,9.765926361083984,9.748147964477539,8.734197616577148
22-10-2004,9.688888549804688,9.748147964477539,2853225,9.822221755981445,9.780740737915039,8.763401985168457
25-10-2004,9.549630165100098,9.706666946411133,3075638,9.71851921081543,9.71851921081543,8.707649230957031
26-10-2004,9.668148040771484,9.688888549804688,1180238,9.771851539611816,9.727407455444336,8.715614318847656
27-10-2004,9.680000305175781,9.688888549804688,998663,9.866666793823242,9.822221755981445,8.80057144165039
28-10-2004,9.653332710266113,9.822221755981445,780975,9.822221755981445,9.700740814208984,8.691718101501465
29-10-2004,9.641481399536133,9.688888549804688,576450,9.771851539611816,9.754074096679688,8.739505767822266
01-11-2004,9.659258842468262,9.71851921081543,758363,9.866666793823242,9.822221755981445,8.80057144165039
02-11-2004,9.715556144714355,9.851852416992188,955463,9.92296314239502,9.736295700073242,8.723578453063965
03-11-2004,9.816295623779297,9.851852416992188,504900,9.925926208496094,9.851852416992188,8.827112197875977
04-11-2004,9.688888549804688,9.851852416992188,1120500,9.860740661621094,9.860740661621094,8.835078239440918
05-11-2004,9.863703727722168,9.911110877990723,742500,9.982221603393555,9.928889274597168,8.896141052246094
08-11-2004,9.792593002319336,9.896295547485352,488363,9.925926208496094,9.887407302856445,8.85897445678711
09-11-2004,9.89037036895752,9.896295547485352,1017563,10.07703685760498,10.059259414672852,9.012948036193848
10-11-2004,9.887407302856445,10.02074146270752,606150,10.035555839538574,9.896295547485352,8.866935729980469
11-11-2004,9.87259292602539,9.940740585327148,588600,10.014815330505371,9.92296314239502,8.890828132629395
12-11-2004,9.866666793823242,9.928889274597168,499838,10.068147659301758,10.059259414672852,9.012948036193848
15-11-2004,9.949629783630371,10.04444408416748,556538,10.053333282470703,10.053333282470703,9.007636070251465
16-11-2004,9.899258613586426,9.985184669494629,485663,10.0,9.925926208496094,8.893486022949219
17-11-2004,9.95555591583252,9.95555591583252,807300,10.180741310119629,10.053333282470703,9.007636070251465
18-11-2004,10.0,10.014815330505371,816413,10.245925903320312,10.19259262084961,9.132415771484375
19-11-2004,10.04444408416748,10.180741310119629,1075613,10.189629554748535,10.088889122009277,9.039496421813965
22-11-2004,9.896295547485352,10.04444408416748,862650,10.04444408416748,9.943703651428223,8.90941333770752
23-11-2004,9.869629859924316,9.973333358764648,736763,10.023703575134277,9.9022216796875,8.872248649597168
24-11-2004,9.85777759552002,9.95555591583252,543038,10.038518905639648,9.920000076293945,8.888176918029785
26-11-2004,9.869629859924316,9.925926208496094,116100,9.931852340698242,9.931852340698242,8.898792266845703
29-11-2004,9.777777671813965,9.911110877990723,642600,9.970370292663574,9.85777759552002,8.832426071166992
30-11-2004,9.653332710266113,9.84000015258789,679050,9.866666793823242,9.682963371276855,8.675792694091797
01-12-2004,9.641481399536133,9.757037162780762,1243688,9.804444313049316,9.674074172973633,8.667827606201172
02-12-2004,9.68592643737793,9.694814682006836,967950,9.80740737915039,9.688888549804688,8.681100845336914
03-12-2004,9.600000381469727,9.644444465637207,861975,9.783703804016113,9.751111030578613,8.736854553222656
06-12-2004,9.546667098999023,9.777777671813965,1105313,9.777777671813965,9.611851692199707,8.627809524536133
07-12-2004,9.659258842468262,9.659258842468262,1437750,9.994073867797852,9.765926361083984,8.766107559204102
08-12-2004,9.715556144714355,9.748147964477539,1377338,9.893333435058594,9.875555992126465,8.864513397216797
09-12-2004,9.878519058227539,9.925926208496094,1544738,10.133333206176758,10.088889122009277,9.056004524230957
10-12-2004,10.002963066101074,10.088889122009277,1924088,10.355555534362793,10.287406921386719,9.234201431274414
13-12-2004,10.251852035522461,10.355555534362793,1480275,10.385185241699219,10.28148078918457,9.228883743286133
14-12-2004,10.157036781311035,10.31407356262207,815738,10.317036628723145,10.234073638916016,9.18632698059082
15-12-2004,10.207406997680664,10.266667366027832,648338,10.328888893127441,10.293333053588867,9.239521026611328
16-12-2004,10.23703670501709,10.293333053588867,2967638,10.734814643859863,10.625185012817383,9.537405014038086
17-12-2004,10.465185165405273,10.518519401550293,1275075,10.5600004196167,10.530369758605957,9.452287673950195
20-12-2004,10.48888874053955,10.518519401550293,827888,10.583703994750977,10.512593269348145,9.436334609985352
21-12-2004,10.358518600463867,10.512593269348145,1065150,10.512593269348145,10.370369911193848,9.308670997619629
22-12-2004,10.3970365524292,10.429630279541016,565988,10.545185089111328,10.474074363708496,9.401758193969727
23-12-2004,10.444443702697754,10.444443702697754,338850,10.619258880615234,10.518519401550293,9.441652297973633
27-12-2004,10.340741157531738,10.482962608337402,402975,10.503704071044922,10.358518600463867,9.29803466796875
28-12-2004,10.399999618530273,10.399999618530273,392175,10.604443550109863,10.604443550109863,9.518775939941406
29-12-2004,10.545185089111328,10.577777862548828,957825,10.711111068725586,10.57185173034668,9.489527702331543
30-12-2004,10.497777938842773,10.589630126953125,1262588,10.631111145019531,10.562962532043457,9.481549263000488
31-12-2004,10.545185089111328,10.622221946716309,615263,10.654814720153809,10.568888664245605,9.48686408996582
03-01-2005,10.545185089111328,10.607406616210938,818775,10.657777786254883,10.562962532043457,9.481549263000488
04-01-2005,10.047407150268555,10.55407428741455,904500,10.598519325256348,10.290369987487793,9.236860275268555
05-01-2005,10.071110725402832,10.290369987487793,1370250,10.290369987487793,10.0977783203125,9.06399154663086
06-01-2005,10.047407150268555,10.100741386413574,1195425,10.228148460388184,10.183704376220703,9.141119956970215
07-01-2005,10.07703685760498,10.213333129882812,662513,10.222222328186035,10.177778244018555,9.135798454284668
10-01-2005,10.074073791503906,10.074073791503906,878175,10.343704223632812,10.239999771118164,9.191648483276367
11-01-2005,10.059259414672852,10.201480865478516,1480950,10.28148078918457,10.19259262084961,9.149094581604004
12-01-2005,10.035555839538574,10.195555686950684,1462725,10.308148384094238,10.293333053588867,9.239521026611328
13-01-2005,10.20444393157959,10.293333053588867,915638,10.370369911193848,10.254815101623535,9.204947471618652
14-01-2005,10.19259262084961,10.299259185791016,1573088,10.373332977294922,10.370369911193848,9.308670997619629
18-01-2005,10.248888969421387,10.376296043395996,1139063,10.548148155212402,10.438518524169922,9.369842529296875
19-01-2005,10.355555534362793,10.414814949035645,982463,10.444443702697754,10.37925910949707,9.316651344299316
20-01-2005,10.22518539428711,10.37925910949707,804263,10.37925910949707,10.275555610656738,9.223563194274902
21-01-2005,10.154073715209961,10.296296119689941,436050,10.346667289733887,10.154073715209961,9.114521026611328
24-01-2005,10.026666641235352,10.177778244018555,990900,10.19259262084961,10.074073791503906,9.042707443237305
25-01-2005,10.074073791503906,10.074073791503906,1234913,10.322962760925293,10.31407356262207,9.258137702941895
26-01-2005,10.370369911193848,10.370369911193848,2872463,11.214815139770508,11.081480979919434,9.946979522705078
27-01-2005,11.075555801391602,11.084444046020508,2824200,11.51111125946045,11.232592582702637,10.082618713378906
28-01-2005,10.992592811584473,11.250370025634766,1613925,11.28592586517334,11.019259452819824,9.891129493713379
31-01-2005,11.051852226257324,11.081480979919434,1443150,11.333333015441895,11.31851863861084,10.159745216369629
01-02-2005,11.294815063476562,11.333333015441895,1243013,11.4074068069458,11.333333015441895,10.173044204711914
02-02-2005,11.265185356140137,11.297778129577637,962888,11.448888778686523,11.38370418548584,10.218262672424316
03-02-2005,11.250370025634766,11.36296272277832,715163,11.377778053283691,11.365925788879395,10.20230484008789
04-02-2005,11.309630393981934,11.321480751037598,2914988,11.881481170654297,11.724444389343262,10.52411937713623
07-02-2005,11.555556297302246,11.688888549804688,640238,11.76296329498291,11.671111106872559,10.476247787475586
08-02-2005,11.671111106872559,11.671111106872559,1047938,11.819258689880371,11.69777774810791,10.5001802444458
09-02-2005,11.454814910888672,11.680000305175781,1079663,11.680000305175781,11.481480598449707,10.306026458740234
10-02-2005,11.194073677062988,11.481480598449707,1911938,11.5051851272583,11.229630470275879,10.079963684082031
11-02-2005,11.170370101928711,11.229630470275879,1375313,11.44592571258545,11.377778053283691,10.21294116973877
14-02-2005,11.365925788879395,11.380741119384766,655425,11.478519439697266,11.398518562316895,10.23155689239502
15-02-2005,11.300741195678711,11.36296272277832,729338,11.496295928955078,11.386667251586914,10.22092056274414
16-02-2005,11.31851863861084,11.31851863861084,1040175,11.416296005249023,11.392593383789062,10.226240158081055
17-02-2005,11.191110610961914,11.374814987182617,1026338,11.377778053283691,11.205925941467285,10.058683395385742
18-02-2005,11.119999885559082,11.235555648803711,357750,11.259259223937988,11.15851879119873,10.016128540039062
22-02-2005,10.960000038146973,11.084444046020508,563288,11.25333309173584,11.060741424560547,9.928361892700195
23-02-2005,11.051852226257324,11.081480979919434,497138,11.164443969726562,11.054815292358398,9.923047065734863
24-02-2005,11.004444122314453,11.051852226257324,716850,11.173333168029785,11.12592601776123,9.986875534057617
25-02-2005,11.12592601776123,11.12592601776123,1018238,11.279999732971191,11.268148422241211,10.11453628540039
28-02-2005,11.25333309173584,11.259259223937988,930825,11.416296005249023,11.359999656677246,10.196988105773926
01-03-2005,11.241480827331543,11.359999656677246,966938,11.442962646484375,11.386667251586914,10.22092056274414
02-03-2005,11.359999656677246,11.377778053283691,715838,11.576295852661133,11.499258995056152,10.321985244750977
03-03-2005,11.493332862854004,11.496295928955078,1430663,11.733332633972168,11.694814682006836,10.497519493103027
04-03-2005,11.638519287109375,11.71851921081543,1135688,11.85777759552002,11.848889350891113,10.635823249816895
07-03-2005,11.887407302856445,11.911110877990723,910575,12.011852264404297,12.011852264404297,10.782103538513184
08-03-2005,12.06222152709961,12.07703685760498,1411425,12.201480865478516,12.12740707397461,10.885828971862793
09-03-2005,11.908147811889648,12.0,863663,12.059259414672852,11.93777847290039,10.715617179870605
10-03-2005,11.786666870117188,11.896295547485352,515700,12.04444408416748,11.946666717529297,10.723591804504395
11-03-2005,11.911110877990723,11.917037010192871,478913,12.124444007873535,11.976296424865723,10.750188827514648
14-03-2005,12.035555839538574,12.04444408416748,1229850,12.28148078918457,12.136296272277832,10.893803596496582
15-03-2005,12.053333282470703,12.19259262084961,534600,12.216296195983887,12.12740707397461,10.9017915725708
16-03-2005,11.792593002319336,12.059259414672852,691200,12.088889122009277,11.934815406799316,10.728667259216309
17-03-2005,11.911110877990723,11.970370292663574,583200,12.112592697143555,12.047407150268555,10.829880714416504
18-03-2005,12.103704452514648,12.370369911193848,1212300,12.385185241699219,12.189629554748535,10.957725524902344
21-03-2005,11.9674072265625,12.15999984741211,839025,12.15999984741211,12.029629707336426,10.813899040222168
22-03-2005,11.82518482208252,11.982221603393555,665550,12.059259414672852,11.87259292602539,10.672730445861816
23-03-2005,11.703703880310059,11.798519134521484,851850,11.914073944091797,11.866666793823242,10.667405128479004
24-03-2005,11.82518482208252,11.896295547485352,388463,12.035555839538574,11.9674072265625,10.757969856262207
28-03-2005,11.940740585327148,11.970370292663574,1011488,12.133333206176758,11.985184669494629,10.77394962310791
29-03-2005,11.851852416992188,11.985184669494629,911588,12.059259414672852,11.884444236755371,10.68338680267334
30-03-2005,11.851852416992188,11.884444236755371,934875,11.991110801696777,11.881481170654297,10.680724143981934
31-03-2005,11.816295623779297,11.881481170654297,1611563,11.925926208496094,11.925926208496094,10.720675468444824
01-04-2005,11.760000228881836,11.911110877990723,751613,11.925926208496094,11.842963218688965,10.646099090576172
04-04-2005,11.66518497467041,11.87259292602539,744525,11.896295547485352,11.848889350891113,10.651426315307617
05-04-2005,11.801481246948242,11.866666793823242,827550,11.866666793823242,11.834074020385742,10.638106346130371
06-04-2005,11.80740737915039,11.851852416992188,679050,11.925926208496094,11.822221755981445,10.62745475769043
07-04-2005,11.780740737915039,11.837037086486816,817088,11.875555992126465,11.866666793823242,10.667405128479004
08-04-2005,11.819258689880371,11.866666793823242,969300,11.896295547485352,11.85777759552002,10.659414291381836
11-04-2005,11.851852416992188,11.887407302856445,1349325,11.931852340698242,11.896295547485352,10.694045066833496
12-04-2005,11.733332633972168,11.893333435058594,737775,12.02074146270752,11.970370292663574,10.76063060760498
13-04-2005,11.834074020385742,11.925926208496094,779963,12.0,11.887407302856445,10.686050415039062
14-04-2005,11.561481475830078,11.881481170654297,1439775,11.881481170654297,11.700740814208984,10.518251419067383
15-04-2005,11.013333320617676,11.570369720458984,3723300,11.6355562210083,11.274073600769043,10.134702682495117
18-04-2005,11.131852149963379,11.262222290039062,1355063,11.327406883239746,11.279999732971191,10.14002799987793
19-04-2005,11.288888931274414,11.288888931274414,917325,11.531851768493652,11.525925636291504,10.361098289489746
20-04-2005,10.962963104248047,11.674074172973633,3204900,11.739258766174316,11.244443893432617,10.108070373535156
21-04-2005,11.155555725097656,11.288888931274414,1573088,11.496295928955078,11.481480598449707,10.321145057678223
22-04-2005,11.309630393981934,11.466667175292969,1687838,11.561481475830078,11.395556449890137,10.243905067443848
25-04-2005,11.4074068069458,11.4074068069458,1082363,11.555556297302246,11.546667098999023,10.379741668701172
26-04-2005,11.377778053283691,11.525925636291504,750600,11.594074249267578,11.377778053283691,10.227923393249512
27-04-2005,11.128889083862305,11.348148345947266,1801575,11.348148345947266,11.134815216064453,10.009515762329102
28-04-2005,10.977778434753418,11.134815216064453,2236613,11.191110610961914,11.173333168029785,10.044142723083496
29-04-2005,10.992592811584473,11.173333168029785,1281150,11.229630470275879,11.220741271972656,10.08675765991211
02-05-2005,11.164443969726562,11.199999809265137,803250,11.327406883239746,11.321480751037598,10.177315711975098
03-05-2005,11.250370025634766,11.339259147644043,969300,11.4074068069458,11.348148345947266,10.201290130615234
04-05-2005,11.199999809265137,11.339259147644043,1485000,11.386667251586914,11.199999809265137,10.068110466003418
05-05-2005,11.128889083862305,11.170370101928711,1560938,11.431111335754395,11.368888854980469,10.219929695129395
06-05-2005,11.321480751037598,11.437037467956543,786375,11.49036979675293,11.365925788879395,10.217273712158203
09-05-2005,11.33036994934082,11.395556449890137,1040850,11.475556373596191,11.475556373596191,10.315821647644043
10-05-2005,11.202962875366211,11.437037467956543,519075,11.437037467956543,11.271110534667969,10.132040023803711
11-05-2005,11.173333168029785,11.265185356140137,950063,11.333333015441895,11.288888931274414,10.148018836975098
12-05-2005,10.998518943786621,11.291851997375488,894713,11.324443817138672,11.001481056213379,9.889657020568848
13-05-2005,10.785184860229492,11.001481056213379,1135013,11.007407188415527,10.88888931274414,9.788442611694336
16-05-2005,10.81185245513916,10.88888931274414,792113,10.960000038146973,10.945184707641602,9.839046478271484
17-05-2005,10.770369529724121,10.927407264709473,873450,10.927407264709473,10.882963180541992,9.783116340637207
18-05-2005,10.877037048339844,10.948147773742676,675675,11.20888900756836,11.119999885559082,9.996198654174805
19-05-2005,11.300741195678711,11.555556297302246,1921388,11.79555606842041,11.422222137451172,10.267876625061035
20-05-2005,11.202962875366211,11.419259071350098,947363,11.431111335754395,11.425185203552246,10.270541191101074
23-05-2005,11.463704109191895,11.466667175292969,1108013,11.58814811706543,11.525925636291504,10.361098289489746
24-05-2005,11.466667175292969,11.525925636291504,591638,11.579258918762207,11.5051851272583,10.34245491027832
25-05-2005,11.28592586517334,11.466667175292969,543713,11.49036979675293,11.303704261779785,10.161336898803711
26-05-2005,11.377778053283691,11.377778053283691,745875,11.614814758300781,11.608888626098633,10.43568229675293
27-05-2005,11.481480598449707,11.585185050964355,509625,11.597037315368652,11.508148193359375,10.345121383666992
31-05-2005,11.327406883239746,11.508148193359375,704025,11.508148193359375,11.327406883239746,10.182645797729492
01-06-2005,11.259259223937988,11.348148345947266,748913,11.555556297302246,11.4074068069458,10.254562377929688
02-06-2005,11.333333015441895,11.4074068069458,557888,11.54370403289795,11.434074401855469,10.278532981872559
03-06-2005,11.288888931274414,11.410369873046875,269325,11.472593307495117,11.324443817138672,10.179981231689453
06-06-2005,11.274073600769043,11.31851863861084,351675,11.377778053283691,11.377778053283691,10.227923393249512
07-06-2005,11.345185279846191,11.348148345947266,879863,11.481480598449707,11.434074401855469,10.278532981872559
08-06-2005,11.41333293914795,11.4399995803833,735750,11.5051851272583,11.448888778686523,10.291851043701172
09-06-2005,11.38370418548584,11.44592571258545,585225,11.484443664550781,11.466667175292969,10.307832717895508
10-06-2005,11.410369873046875,11.466667175292969,686475,11.514074325561523,11.51111125946045,10.34778118133545
13-06-2005,11.51111125946045,11.51111125946045,1020600,11.730369567871094,11.727407455444336,10.54222297668457
14-06-2005,11.69777774810791,11.709630012512207,1182263,11.860740661621094,11.860740661621094,10.678264617919922
15-06-2005,11.688888549804688,11.85777759552002,920363,11.85777759552002,11.845926284790039,10.664928436279297
16-06-2005,11.819258689880371,11.851852416992188,682088,11.943703651428223,11.940740585327148,10.750287055969238
17-06-2005,12.0,12.0,1572413,12.207406997680664,12.162962913513184,10.950356483459473
20-06-2005,12.038518905639648,12.162962913513184,627750,12.162962913513184,12.079999923706055,10.875665664672852
21-06-2005,12.04444408416748,12.074073791503906,806288,12.213333129882812,12.201480865478516,10.985036849975586
22-06-2005,12.136296272277832,12.275555610656738,1137375,12.296296119689941,12.239999771118164,11.01971435546875
23-06-2005,12.094815254211426,12.239999771118164,1426275,12.251852035522461,12.165925979614258,10.953025817871094
24-06-2005,11.677037239074707,12.148147583007812,1812713,12.162962913513184,11.896295547485352,10.710277557373047
27-06-2005,11.804444313049316,11.866666793823242,746550,11.92296314239502,11.89037036895752,10.704940795898438
28-06-2005,11.973333358764648,12.029629707336426,725963,12.115555763244629,12.115555763244629,10.90768051147461
29-06-2005,11.997036933898926,12.115555763244629,1155938,12.130370140075684,12.088889122009277,10.8836669921875
30-06-2005,12.388148307800293,12.399999618530273,1981463,12.551111221313477,12.399999618530273,11.163765907287598
01-07-2005,12.3644437789917,12.402962684631348,1127250,12.634074211120605,12.542222023010254,11.291808128356934
05-07-2005,12.468148231506348,12.545185089111328,759038,12.5925931930542,12.5600004196167,11.307817459106445
06-07-2005,12.391111373901367,12.5600004196167,535613,12.5925931930542,12.402962684631348,11.166434288024902
07-07-2005,12.180741310119629,12.328888893127441,744863,12.37925910949707,12.355555534362793,11.123747825622559
08-07-2005,12.242962837219238,12.28148078918457,1105988,12.50963020324707,12.450369834899902,11.209111213684082
11-07-2005,12.402962684631348,12.450369834899902,667238,12.574814796447754,12.527406692504883,11.27846622467041
12-07-2005,12.272592544555664,12.548148155212402,806625,12.548148155212402,12.388148307800293,11.153092384338379
13-07-2005,12.12740707397461,12.328888893127441,1684125,12.343704223632812,12.299259185791016,11.073064804077148
14-07-2005,12.139259338378906,12.284443855285645,1456650,12.331851959228516,12.331851959228516,11.102407455444336
15-07-2005,12.234073638916016,12.325925827026367,1502213,12.503704071044922,12.414814949035645,11.177101135253906
18-07-2005,12.28148078918457,12.370369911193848,1169775,12.512593269348145,12.471111297607422,11.22778606414795
19-07-2005,12.388148307800293,12.474074363708496,1375313,12.610369682312012,12.607406616210938,11.350491523742676
20-07-2005,12.562962532043457,12.68148136138916,2325713,12.856295585632324,12.666666984558105,11.40384578704834
21-07-2005,12.065184593200684,12.518519401550293,2856263,12.521480560302734,12.145185470581055,10.934350967407227
22-07-2005,12.124444007873535,12.136296272277832,981788,12.305185317993164,12.287406921386719,11.062394142150879
25-07-2005,11.9022216796875,12.251852035522461,1119488,12.251852035522461,12.02074146270752,10.822315216064453
26-07-2005,12.035555839538574,12.035555839538574,2087100,12.154073715209961,12.151110649108887,10.93968677520752
27-07-2005,11.973333358764648,12.148147583007812,533250,12.148147583007812,12.145185470581055,10.934350967407227
28-07-2005,12.059259414672852,12.130370140075684,919013,12.352593421936035,12.305185317993164,11.078398704528809
29-07-2005,12.06222152709961,12.296296119689941,672300,12.299259185791016,12.207406997680664,10.990371704101562
01-08-2005,11.925926208496094,11.925926208496094,797513,12.370369911193848,12.284443855285645,11.05972671508789
02-08-2005,11.893333435058594,12.284443855285645,1312538,12.308148384094238,12.0,10.80363941192627
03-08-2005,11.851852416992188,12.0,1056713,12.0,11.911110877990723,10.723614692687988
04-08-2005,11.76296329498291,11.9022216796875,987525,11.9022216796875,11.822221755981445,10.643588066101074
05-08-2005,11.638519287109375,11.822221755981445,454613,11.822221755981445,11.677037239074707,10.512885093688965
08-08-2005,11.25333309173584,11.259259223937988,920700,11.691851615905762,11.638519287109375,10.47819709777832
09-08-2005,11.58814811706543,11.638519287109375,754313,11.703703880310059,11.626667022705078,10.467529296875
10-08-2005,11.44592571258545,11.600000381469727,796500,11.641481399536133,11.555556297302246,10.403507232666016
11-08-2005,11.579258918762207,11.579258918762207,499838,11.76296329498291,11.757037162780762,10.584897994995117
12-08-2005,11.66518497467041,11.748147964477539,756000,11.881481170654297,11.79555606842041,10.619576454162598
15-08-2005,11.540740966796875,11.822221755981445,536963,11.837037086486816,11.653332710266113,10.491532325744629
16-08-2005,11.496295928955078,11.656295776367188,495788,11.656295776367188,11.496295928955078,10.350156784057617
17-08-2005,11.496295928955078,11.525925636291504,666225,11.641481399536133,11.623703956604004,10.464859962463379
18-08-2005,11.457777976989746,11.570369720458984,607500,11.573332786560059,11.499258995056152,10.352821350097656
19-08-2005,11.469630241394043,11.540740966796875,337163,11.638519287109375,11.6355562210083,10.475531578063965
22-08-2005,11.674074172973633,11.688888549804688,856575,11.816295623779297,11.765926361083984,10.592902183532715
23-08-2005,11.71851921081543,11.748147964477539,1092825,11.854814529418945,11.792593002319336,10.616913795471191
24-08-2005,11.691851615905762,11.748147964477539,807300,11.896295547485352,11.74222183227539,10.571563720703125
25-08-2005,11.768889427185059,11.792593002319336,905850,11.9022216796875,11.837037086486816,10.656926155090332
26-08-2005,11.706666946411133,11.851852416992188,479250,11.866666793823242,11.777777671813965,10.603575706481934
29-08-2005,11.677037239074707,11.71851921081543,784688,11.911110877990723,11.9022216796875,10.715615272521973
30-08-2005,11.792593002319336,11.87259292602539,578138,11.89037036895752,11.866666793823242,10.683601379394531
31-08-2005,11.798519134521484,11.896295547485352,744863,11.93777847290039,11.93777847290039,10.747626304626465
01-09-2005,11.89037036895752,11.911110877990723,521775,11.985184669494629,11.940740585327148,10.750287055969238
02-09-2005,11.777777671813965,11.925926208496094,553163,11.970370292663574,11.85777759552002,10.675600051879883
06-09-2005,11.804444313049316,11.881481170654297,999000,12.017778396606445,11.991110801696777,10.795637130737305
07-09-2005,11.84000015258789,11.994073867797852,581175,12.082962989807129,11.899258613586426,10.712944984436035
08-09-2005,11.765926361083984,11.896295547485352,607500,11.899258613586426,11.887407302856445,10.702278137207031
09-09-2005,11.881481170654297,11.9022216796875,519750,12.071110725402832,12.038518905639648,10.8383207321167
12-09-2005,11.851852416992188,11.851852416992188,1285875,11.991110801696777,11.896295547485352,10.710277557373047
13-09-2005,11.739258766174316,11.896295547485352,661838,11.908147811889648,11.854814529418945,10.672928810119629
14-09-2005,11.617777824401855,11.792593002319336,977063,11.84000015258789,11.626667022705078,10.48324966430664
15-09-2005,11.478519439697266,11.674074172973633,1795838,11.703703880310059,11.496295928955078,10.365699768066406
16-09-2005,11.680000305175781,11.688888549804688,4207613,12.19259262084961,12.02074146270752,10.838568687438965
19-09-2005,11.899258613586426,11.911110877990723,1385438,12.12740707397461,12.005926132202148,10.825209617614746
20-09-2005,11.887407302856445,12.079999923706055,1245375,12.15999984741211,12.0,10.819865226745605
21-09-2005,11.961481094360352,12.0,1575788,12.100741386413574,11.994073867797852,10.81452751159668
22-09-2005,11.920000076293945,11.970370292663574,933188,12.06222152709961,12.059259414672852,10.873297691345215
23-09-2005,11.925926208496094,12.029629707336426,1447875,12.530369758605957,12.355555534362793,11.14045524597168
26-09-2005,12.296296119689941,12.385185241699219,992925,12.479999542236328,12.399999618530273,11.18053150177002
27-09-2005,12.272592544555664,12.414814949035645,1031738,12.450369834899902,12.3644437789917,11.148470878601074
28-09-2005,12.251852035522461,12.340741157531738,784350,12.426667213439941,12.305185317993164,11.095038414001465
29-09-2005,12.28148078918457,12.28148078918457,686138,12.577777862548828,12.565925598144531,11.33013916015625
30-09-2005,12.5600004196167,12.565925598144531,658800,12.737777709960938,12.731851577758789,11.479747772216797
03-10-2005,12.711111068725586,12.711111068725586,1192388,13.119999885559082,12.998518943786621,11.720187187194824
04-10-2005,12.998518943786621,12.998518943786621,1976400,13.28592586517334,13.066666603088379,11.781636238098145
05-10-2005,12.767407417297363,13.022221565246582,1873800,13.146666526794434,12.770369529724121,11.514472961425781
06-10-2005,12.589630126953125,12.770369529724121,1209600,12.868147850036621,12.725926399230957,11.474407196044922
07-10-2005,12.71407413482666,12.740740776062012,1456650,12.859258651733398,12.782221794128418,11.525161743164062
10-10-2005,12.55407428741455,12.785184860229492,861300,12.802963256835938,12.660740852355957,11.415627479553223
11-10-2005,12.604443550109863,12.660740852355957,1148513,12.856295585632324,12.690369606018066,11.442346572875977
12-10-2005,12.583703994750977,12.63703727722168,1173488,12.954073905944824,12.666666984558105,11.420970916748047
13-10-2005,12.444443702697754,12.666666984558105,768150,12.672593116760254,12.521480560302734,11.29006290435791
14-10-2005,12.444443702697754,12.533332824707031,899438,12.71407413482666,12.71407413482666,11.463717460632324
17-10-2005,12.690369606018066,12.737777709960938,1206225,12.829629898071289,12.773332595825195,11.517143249511719
18-10-2005,12.58666706085205,12.740740776062012,1050300,12.752593040466309,12.69333267211914,11.44502067565918
19-10-2005,12.429630279541016,12.651851654052734,1133663,12.903703689575195,12.871110916137695,11.605307579040527
20-10-2005,11.970370292663574,12.296296119689941,4118850,12.672593116760254,12.106666564941406,10.916044235229492
21-10-2005,12.106666564941406,12.106666564941406,2030063,12.444443702697754,12.287406921386719,11.079007148742676
24-10-2005,12.14222240447998,12.284443855285645,2008125,12.358518600463867,12.219259262084961,11.01756477355957
25-10-2005,11.964444160461426,12.219259262084961,1847138,12.219259262084961,12.085926055908203,10.897342681884766
26-10-2005,11.958518981933594,12.029629707336426,1628438,12.165925979614258,12.130370140075684,10.937416076660156
27-10-2005,11.79555606842041,12.133333206176758,1551488,12.133333206176758,11.920000076293945,10.747730255126953
28-10-2005,11.804444313049316,11.925926208496094,2066175,12.008889198303223,11.970370292663574,10.79315185546875
31-10-2005,11.93777847290039,11.970370292663574,732375,12.100741386413574,12.068147659301758,10.881314277648926
01-11-2005,11.659258842468262,12.023703575134277,1488375,12.023703575134277,11.804444313049316,10.643546104431152
02-11-2005,11.730369567871094,11.816295623779297,1526850,11.997036933898926,11.931852340698242,10.7584228515625
03-11-2005,11.952592849731445,11.991110801696777,1686488,12.299259185791016,12.210370063781738,11.009549140930176
04-11-2005,12.10962963104248,12.22518539428711,1166063,12.28148078918457,12.28148078918457,11.073664665222168
07-11-2005,12.085926055908203,12.296296119689941,906188,12.296296119689941,12.23703670501709,11.033589363098145
08-11-2005,12.088889122009277,12.177778244018555,1007438,12.358518600463867,12.290369987487793,11.081681251525879
09-11-2005,12.195555686950684,12.28148078918457,996975,12.417778015136719,12.399999618530273,11.18053150177002
10-11-2005,12.322962760925293,12.399999618530273,1104300,12.545185089111328,12.533332824707031,11.300750732421875
11-11-2005,12.542222023010254,12.548148155212402,849825,12.708148002624512,12.672593116760254,11.426319122314453
14-11-2005,12.5925931930542,12.660740852355957,993600,12.856295585632324,12.805926322937012,11.546529769897461
15-11-2005,12.640000343322754,12.79111099243164,1221075,12.88888931274414,12.640000343322754,11.396929740905762
16-11-2005,12.385185241699219,12.631111145019531,1094175,12.657777786254883,12.444443702697754,11.220598220825195
17-11-2005,12.361480712890625,12.450369834899902,1195425,12.565925598144531,12.551111221313477,11.316779136657715
18-11-2005,12.47703742980957,12.580740928649902,902475,12.672593116760254,12.518519401550293,11.287393569946289
21-11-2005,12.465185165405273,12.565925598144531,577463,12.622221946716309,12.622221946716309,11.38089656829834
22-11-2005,12.4622220993042,12.622221946716309,537638,12.687406539916992,12.631111145019531,11.38891315460205
23-11-2005,12.5925931930542,12.622221946716309,534938,12.737777709960938,12.705184936523438,11.455702781677246
25-11-2005,12.68148136138916,12.725926399230957,152550,12.755556106567383,12.725926399230957,11.474407196044922
28-11-2005,12.565925598144531,12.725926399230957,541350,12.74666690826416,12.660740852355957,11.415627479553223
29-11-2005,12.645926475524902,12.68148136138916,726300,12.948147773742676,12.705184936523438,11.455702781677246
30-11-2005,12.5925931930542,12.705184936523438,703688,12.79111099243164,12.625185012817383,11.38356876373291
01-12-2005,12.654814720153809,12.654814720153809,814725,12.933333396911621,12.800000190734863,11.541193962097168
02-12-2005,12.711111068725586,12.740740776062012,614925,12.95111083984375,12.897777557373047,11.629352569580078
05-12-2005,12.5925931930542,12.868147850036621,621675,12.918519020080566,12.634074211120605,11.391587257385254
06-12-2005,12.645926475524902,12.645926475524902,504900,12.865184783935547,12.696295738220215,11.463814735412598
07-12-2005,12.601481437683105,12.770369529724121,673988,12.838519096374512,12.711111068725586,11.477195739746094
08-12-2005,12.545185089111328,12.696295738220215,679050,12.77629566192627,12.705184936523438,11.471848487854004
09-12-2005,12.595556259155273,12.68148136138916,928800,12.832592964172363,12.832592964172363,11.586883544921875
12-12-2005,12.814814567565918,12.844444274902344,1193738,12.933333396911621,12.921481132507324,11.667143821716309
13-12-2005,12.921481132507324,12.921481132507324,1937250,13.229630470275879,13.173333168029785,11.894550323486328
14-12-2005,12.924444198608398,13.199999809265137,985500,13.291851997375488,12.992592811584473,11.731350898742676
15-12-2005,12.87407398223877,12.962963104248047,485325,13.004444122314453,12.930370330810547,11.675169944763184
16-12-2005,12.684444427490234,12.942221641540527,1064813,12.98370361328125,12.684444427490234,11.453120231628418
19-12-2005,12.47703742980957,12.69333267211914,765788,12.717037200927734,12.577777862548828,11.356806755065918
20-12-2005,12.367406845092773,12.57185173034668,1344600,12.607406616210938,12.399999618530273,11.196288108825684
21-12-2005,12.367406845092773,12.444443702697754,1056038,12.536295890808105,12.4622220993042,11.25246810913086
22-12-2005,12.444443702697754,12.521480560302734,515363,12.628148078918457,12.628148078918457,11.4022855758667
23-12-2005,12.663703918457031,12.672593116760254,514350,12.814814567565918,12.696295738220215,11.463814735412598
27-12-2005,12.524443626403809,12.696295738220215,688838,12.752593040466309,12.5925931930542,11.370182991027832
28-12-2005,12.58666706085205,12.622221946716309,467438,12.696295738220215,12.687406539916992,11.455791473388672
29-12-2005,12.651851654052734,12.696295738220215,680063,12.847407341003418,12.725926399230957,11.490574836730957
30-12-2005,12.497777938842773,12.696295738220215,882225,12.696295738220215,12.604443550109863,11.380880355834961
03-01-2006,12.420741081237793,12.595556259155273,1325025,12.684444427490234,12.598519325256348,11.375536918640137
04-01-2006,12.601481437683105,12.622221946716309,582863,12.740740776062012,12.731851577758789,11.495925903320312
05-01-2006,12.740740776062012,12.740740776062012,1151888,12.968889236450195,12.960000038146973,11.701923370361328
06-01-2006,12.939258575439453,13.007407188415527,1103288,13.22370433807373,13.199999809265137,11.91862678527832
09-01-2006,13.15851879119873,13.179259300231934,1524488,13.451851844787598,13.451851844787598,12.146025657653809
10-01-2006,13.274073600769043,13.451851844787598,636188,13.451851844787598,13.312593460083008,12.020291328430176
11-01-2006,13.057778358459473,13.327406883239746,1359788,13.354073524475098,13.149629592895508,11.873147964477539
12-01-2006,12.957036972045898,13.149629592895508,1002038,13.274073600769043,12.965926170349121,11.707273483276367
13-01-2006,12.921481132507324,12.992592811584473,482963,13.205925941467285,13.170370101928711,11.891875267028809
17-01-2006,12.939258575439453,13.12592601776123,342563,13.12592601776123,12.962963104248047,11.704601287841797
18-01-2006,12.844444274902344,12.903703689575195,338513,13.054815292358398,12.989629745483398,11.728679656982422
19-01-2006,13.007407188415527,13.007407188415527,561600,13.182222366333008,13.117036819458008,11.843716621398926
20-01-2006,12.607406616210938,13.11111068725586,827550,13.11111068725586,12.63703727722168,11.410311698913574
23-01-2006,12.527406692504883,12.622221946716309,621000,12.660740852355957,12.568888664245605,11.348776817321777
24-01-2006,12.583703994750977,12.5925931930542,1077638,12.903703689575195,12.859258651733398,11.610960960388184
25-01-2006,11.765926361083984,12.607406616210938,7047675,12.782221794128418,12.296296119689941,11.102648735046387
26-01-2006,12.296296119689941,12.355555534362793,2444850,12.479999542236328,12.444443702697754,11.236416816711426
27-01-2006,11.982221603393555,12.444443702697754,2796188,12.444443702697754,12.059259414672852,10.888620376586914
30-01-2006,12.059259414672852,12.059259414672852,1352363,12.429630279541016,12.308148384094238,11.113347053527832
31-01-2006,12.15999984741211,12.23703670501709,1845788,12.275555610656738,12.189629554748535,11.006335258483887
01-02-2006,11.940740585327148,12.133333206176758,3169463,12.219259262084961,12.19259262084961,11.009011268615723
02-02-2006,12.029629707336426,12.19259262084961,2180250,12.20444393157959,12.148147583007812,10.96888256072998
03-02-2006,12.082962989807129,12.148147583007812,2117138,12.28148078918457,12.20444393157959,11.0197114944458
06-02-2006,12.106666564941406,12.148147583007812,992925,12.299259185791016,12.266667366027832,11.075894355773926
07-02-2006,12.12740707397461,12.260741233825684,1024650,12.355555534362793,12.148147583007812,10.96888256072998
08-02-2006,12.154073715209961,12.154073715209961,923738,12.305185317993164,12.30222225189209,11.107999801635742
09-02-2006,12.331851959228516,12.331851959228516,1683113,12.687406539916992,12.408888816833496,11.204313278198242
10-02-2006,12.168889045715332,12.388148307800293,1438425,12.444443702697754,12.358518600463867,11.158829689025879
13-02-2006,12.130370140075684,12.358518600463867,1440788,12.474074363708496,12.429630279541016,11.223039627075195
14-02-2006,12.385185241699219,12.474074363708496,1526850,12.57185173034668,12.503704071044922,11.289921760559082
15-02-2006,12.4948148727417,12.503704071044922,742500,12.672593116760254,12.610369682312012,11.386235237121582
16-02-2006,12.583703994750977,12.63703727722168,765450,12.758519172668457,12.755556106567383,11.517326354980469
17-02-2006,12.663703918457031,12.770369529724121,613913,12.79111099243164,12.666666984558105,11.437067031860352
21-02-2006,12.530369758605957,12.666666984558105,666563,12.69333267211914,12.628148078918457,11.4022855758667
22-02-2006,12.607406616210938,12.68148136138916,640575,12.737777709960938,12.720000267028809,11.485219955444336
23-02-2006,12.515556335449219,12.660740852355957,810675,12.68148136138916,12.57185173034668,11.351452827453613
24-02-2006,12.512593269348145,12.562962532043457,623700,12.755556106567383,12.755556106567383,11.517326354980469
27-02-2006,12.634074211120605,12.770369529724121,1044900,12.903703689575195,12.68148136138916,11.450438499450684
28-02-2006,12.524443626403809,12.63703727722168,878513,12.758519172668457,12.69333267211914,11.461139678955078
01-03-2006,12.734814643859863,12.743703842163086,1953113,13.244443893432617,13.199999809265137,11.91862678527832
02-03-2006,13.039999961853027,13.155555725097656,1443488,13.282962799072266,13.220741271972656,11.937353134155273
03-03-2006,13.179259300231934,13.22370433807373,1118138,13.41333293914795,13.277036666870117,11.98818588256836
06-03-2006,13.063703536987305,13.256296157836914,960188,13.348148345947266,13.20888900756836,11.92664909362793
07-03-2006,12.459259033203125,12.666666984558105,2960888,12.758519172668457,12.577777862548828,11.356806755065918
08-03-2006,12.479999542236328,12.533332824707031,1339200,12.696295738220215,12.568888664245605,11.348776817321777
09-03-2006,12.55407428741455,12.577777862548828,1126575,12.84148120880127,12.74666690826416,11.509302139282227
10-03-2006,12.675556182861328,12.725926399230957,860288,12.856295585632324,12.752593040466309,11.51465129852295
13-03-2006,12.728889465332031,12.752593040466309,1020600,12.88888931274414,12.794074058532715,11.552106857299805
14-03-2006,12.708148002624512,12.740740776062012,916988,12.903703689575195,12.88888931274414,11.637715339660645
15-03-2006,12.755556106567383,12.877037048339844,942638,12.927407264709473,12.891852378845215,11.656466484069824
16-03-2006,12.802963256835938,12.933333396911621,928463,12.933333396911621,12.832592964172363,11.602892875671387
17-03-2006,12.770369529724121,12.832592964172363,1255500,12.948147773742676,12.903703689575195,11.66718578338623
20-03-2006,12.868147850036621,12.924444198608398,1083038,13.12592601776123,13.099259376525879,11.844000816345215
21-03-2006,12.826666831970215,13.037036895751953,1980788,13.099259376525879,12.87407398223877,11.64039421081543
22-03-2006,12.829629898071289,12.856295585632324,1134000,12.954073905944824,12.942221641540527,11.702011108398438
23-03-2006,12.802963256835938,12.942221641540527,647663,12.942221641540527,12.835556030273438,11.605567932128906
24-03-2006,12.794074058532715,12.832592964172363,547425,12.915555953979492,12.835556030273438,11.605567932128906
27-03-2006,12.672593116760254,12.800000190734863,667913,12.871110916137695,12.737777709960938,11.517156600952148
28-03-2006,12.68148136138916,12.722963333129883,1374975,12.903703689575195,12.820740699768066,11.592170715332031
29-03-2006,12.805926322937012,12.805926322937012,1081013,13.037036895751953,13.001481056213379,11.755594253540039
30-03-2006,13.022221565246582,13.022221565246582,1443150,13.241480827331543,13.217778205871582,11.951162338256836
31-03-2006,13.235555648803711,13.333333015441895,1395563,13.466667175292969,13.321480751037598,12.044925689697266
03-04-2006,13.259259223937988,13.321480751037598,978075,13.4399995803833,13.309630393981934,12.034213066101074
04-04-2006,13.288888931274414,13.357036590576172,1008450,13.46074104309082,13.4074068069458,12.122618675231934
05-04-2006,13.386667251586914,13.4074068069458,796500,13.626667022705078,13.573332786560059,12.272648811340332
06-04-2006,13.484443664550781,13.564443588256836,804938,13.650369644165039,13.647406578063965,12.33962345123291
07-04-2006,13.579258918762207,13.694814682006836,1293300,13.724444389343262,13.69777774810791,12.385161399841309
10-04-2006,13.52296257019043,13.736295700073242,1371263,13.736295700073242,13.540740966796875,12.243176460266113
11-04-2006,13.51111125946045,13.525925636291504,1623038,13.6029634475708,13.534814834594727,12.237817764282227
12-04-2006,13.425185203552246,13.525925636291504,1957163,13.534814834594727,13.44592571258545,12.157447814941406
13-04-2006,13.422222137451172,13.448888778686523,1191038,13.5377779006958,13.44592571258545,12.157447814941406
17-04-2006,13.271110534667969,13.434074401855469,1221075,13.52296257019043,13.371851921081543,12.090471267700195
18-04-2006,13.359999656677246,13.377778053283691,1605825,13.647406578063965,13.626667022705078,12.32087230682373
19-04-2006,13.570369720458984,13.576295852661133,1486013,13.875555992126465,13.792593002319336,12.470892906188965
20-04-2006,13.822221755981445,13.866666793823242,4291988,14.992592811584473,14.844444274902344,13.421950340270996
21-04-2006,14.74666690826416,14.844444274902344,1808325,14.977778434753418,14.88888931274414,13.462140083312988
24-04-2006,14.773332595825195,14.87407398223877,1555875,14.995555877685547,14.847407341003418,13.424630165100098
25-04-2006,14.684444427490234,14.847407341003418,970650,14.921481132507324,14.690369606018066,13.28264045715332
26-04-2006,14.651851654052734,14.749629974365234,681750,14.918519020080566,14.696295738220215,13.288002967834473
27-04-2006,14.577777862548828,14.651851654052734,1035450,14.95111083984375,14.794074058532715,13.376407623291016
28-04-2006,14.536295890808105,14.722963333129883,1158638,14.764444351196289,14.598519325256348,13.199592590332031
01-05-2006,14.530369758605957,14.607406616210938,922050,14.767407417297363,14.562962532043457,13.167444229125977
02-05-2006,14.479999542236328,14.622221946716309,600750,14.651851654052734,14.601481437683105,13.2022705078125
03-05-2006,14.622221946716309,14.622221946716309,861638,14.785184860229492,14.660740852355957,13.255849838256836
04-05-2006,14.687406539916992,14.699258804321289,832275,14.930370330810547,14.921481132507324,13.491607666015625
05-05-2006,14.960000038146973,15.037036895751953,873113,15.149629592895508,14.974815368652344,13.539827346801758
08-05-2006,14.897777557373047,14.98370361328125,494100,15.084444046020508,14.900740623474121,13.472856521606445
09-05-2006,14.77629566192627,14.933333396911621,599738,15.019259452819824,14.785184860229492,13.36837100982666
10-05-2006,14.71407413482666,14.785184860229492,436388,14.912592887878418,14.797037124633789,13.379088401794434
11-05-2006,14.287406921386719,14.81185245513916,1232213,14.894815444946289,14.405925750732422,13.025453567504883
12-05-2006,14.263704299926758,14.382222175598145,1054350,14.444443702697754,14.263704299926758,12.896862983703613
15-05-2006,14.082962989807129,14.245925903320312,818100,14.299259185791016,14.245925903320312,12.880789756774902
16-05-2006,13.994073867797852,14.207406997680664,658125,14.337778091430664,14.02074146270752,12.677177429199219
17-05-2006,13.76296329498291,13.925926208496094,978413,13.985184669494629,13.777777671813965,12.457500457763672
18-05-2006,13.783703804016113,13.80740737915039,644288,13.970370292663574,13.85777759552002,12.529831886291504
19-05-2006,13.961481094360352,14.148147583007812,1796175,14.322962760925293,14.02074146270752,12.677177429199219
22-05-2006,13.600000381469727,13.896295547485352,1017563,13.961481094360352,13.77481460571289,12.454822540283203
23-05-2006,13.54370403289795,13.925926208496094,1243688,13.946666717529297,13.555556297302246,12.256572723388672
24-05-2006,13.084444046020508,13.451851844787598,1734413,13.561481475830078,13.359999656677246,12.079755783081055
25-05-2006,13.42814826965332,13.656295776367188,1064475,13.66518497467041,13.555556297302246,12.256572723388672
26-05-2006,13.496295928955078,13.585185050964355,859613,13.611851692199707,13.573332786560059,12.272648811340332
30-05-2006,13.291851997375488,13.499258995056152,671288,13.514074325561523,13.309630393981934,12.034213066101074
31-05-2006,13.336296081542969,13.339259147644043,1023975,13.528888702392578,13.520000457763672,12.224425315856934
01-06-2006,13.579258918762207,13.579258918762207,729675,13.798519134521484,13.798519134521484,12.476249694824219
02-06-2006,13.822221755981445,13.822221755981445,1108013,13.982221603393555,13.958518981933594,12.620920181274414
05-06-2006,13.493332862854004,13.946666717529297,759713,13.961481094360352,13.51111125946045,12.216385841369629
06-06-2006,13.131852149963379,13.51111125946045,1186313,13.55851936340332,13.339259147644043,12.061001777648926
07-06-2006,13.066666603088379,13.333333015441895,905175,13.398518562316895,13.084444046020508,11.830608367919922
08-06-2006,12.343704223632812,12.87407398223877,2521800,12.903703689575195,12.619258880615234,11.410001754760742
09-06-2006,12.5600004196167,12.622221946716309,1485000,12.838519096374512,12.740740776062012,11.519835472106934
12-06-2006,12.343704223632812,12.785184860229492,1574775,12.785184860229492,12.343704223632812,11.160850524902344
13-06-2006,12.737777709960938,12.740740776062012,2906888,13.205925941467285,13.04888916015625,11.798457145690918
14-06-2006,12.977778434753418,13.034073829650879,1978425,13.152592658996582,13.066666603088379,11.83065128326416
15-06-2006,12.960000038146973,13.037036895751953,2025338,13.454814910888672,13.4399995803833,12.168670654296875
16-06-2006,13.25333309173584,13.451851844787598,1014188,13.469630241394043,13.321480751037598,12.061362266540527
19-06-2006,13.117036819458008,13.324443817138672,862988,13.35111141204834,13.15851879119873,11.913813591003418
20-06-2006,13.01629638671875,13.155555725097656,1061775,13.256296157836914,13.197036743164062,11.948688507080078
21-06-2006,13.146666526794434,13.197036743164062,1049625,13.4399995803833,13.42814826965332,12.157936096191406
22-06-2006,13.386667251586914,13.585185050964355,2142788,13.828147888183594,13.410369873046875,12.141843795776367
23-06-2006,13.303704261779785,13.410369873046875,575438,13.662221908569336,13.534814834594727,12.254514694213867
26-06-2006,13.46074104309082,13.564443588256836,435375,13.608888626098633,13.531851768493652,12.251832962036133
27-06-2006,13.277036666870117,13.555556297302246,715500,13.594074249267578,13.327406883239746,12.066727638244629
28-06-2006,13.244443893432617,13.377778053283691,568350,13.38370418548584,13.36296272277832,12.098920822143555
29-06-2006,13.51111125946045,13.540740966796875,1269675,14.148147583007812,14.12740707397461,12.79105281829834
30-06-2006,13.9674072265625,14.136296272277832,823163,14.19259262084961,14.038518905639648,12.710573196411133
03-07-2006,13.95555591583252,14.074073791503906,218700,14.100741386413574,14.100741386413574,12.76690673828125
05-07-2006,13.573332786560059,14.088889122009277,1382063,14.088889122009277,13.623703956604004,12.334994316101074
06-07-2006,13.552593231201172,13.682963371276855,1287900,13.777777671813965,13.611851692199707,12.324263572692871
07-07-2006,13.345185279846191,13.647406578063965,1627425,13.674074172973633,13.398518562316895,12.131111145019531
10-07-2006,13.20888900756836,13.466667175292969,1684125,13.481480598449707,13.247406959533691,11.994293212890625
11-07-2006,12.933333396911621,13.199999809265137,2318288,13.238518714904785,13.034073829650879,11.80113697052002
12-07-2006,12.654814720153809,12.992592811584473,1904175,12.995555877685547,12.820740699768066,11.60798454284668
13-07-2006,12.583703994750977,12.770369529724121,1429313,12.859258651733398,12.675556182861328,11.476534843444824
14-07-2006,12.311111450195312,12.666666984558105,974363,12.666666984558105,12.444443702697754,11.267284393310547
17-07-2006,12.385185241699219,12.814814567565918,3648713,13.096296310424805,12.385185241699219,11.213635444641113
18-07-2006,12.195555686950684,12.444443702697754,1522463,12.562962532043457,12.423704147338867,11.248502731323242
19-07-2006,12.414814949035645,12.429630279541016,2275425,12.731851577758789,12.55407428741455,11.366543769836426
20-07-2006,12.346667289733887,12.814814567565918,1605488,12.954073905944824,12.346667289733887,11.178760528564453
21-07-2006,11.887407302856445,12.305185317993164,1276088,12.308148384094238,12.014815330505371,10.8782958984375
24-07-2006,12.056296348571777,12.082962989807129,1674675,12.340741157531738,12.331851959228516,11.165343284606934
25-07-2006,12.346667289733887,12.474074363708496,1298363,12.654814720153809,12.465185165405273,11.28606128692627
26-07-2006,12.299259185791016,12.471111297607422,1203188,12.53925895690918,12.482962608337402,11.302157402038574
27-07-2006,12.33481502532959,12.5925931930542,1216350,12.63703727722168,12.343704223632812,11.17607593536377
28-07-2006,12.44148063659668,12.44148063659668,817088,12.672593116760254,12.610369682312012,11.41751480102539
31-07-2006,12.515556335449219,12.610369682312012,528188,12.66963005065918,12.568888664245605,11.379959106445312
01-08-2006,12.352593421936035,12.562962532043457,585225,12.580740928649902,12.399999618530273,11.227046966552734
02-08-2006,12.417778015136719,12.429630279541016,724950,12.651851654052734,12.607406616210938,11.414830207824707
03-08-2006,12.474074363708496,12.503704071044922,793463,12.767407417297363,12.663703918457031,11.465802192687988
04-08-2006,12.43259334564209,12.800000190734863,914288,12.885926246643066,12.548148155212402,11.361183166503906
07-08-2006,12.231110572814941,12.48888874053955,1648350,12.5600004196167,12.251852035522461,11.092909812927246
08-08-2006,11.920000076293945,12.296296119689941,1315575,12.296296119689941,11.958518981933594,10.827326774597168
09-08-2006,11.899258613586426,12.029629707336426,788738,12.12740707397461,11.905184745788574,10.779035568237305
10-08-2006,11.730369567871094,12.047407150268555,1420538,12.245925903320312,12.154073715209961,11.004379272460938
11-08-2006,12.065184593200684,12.154073715209961,693225,12.186667442321777,12.124444007873535,10.977556228637695
14-08-2006,12.171852111816406,12.183704376220703,771525,12.358518600463867,12.171852111816406,11.02048110961914
15-08-2006,12.25777816772461,12.296296119689941,653738,12.444443702697754,12.444443702697754,11.267284393310547
16-08-2006,12.453332901000977,12.503704071044922,942975,12.785184860229492,12.755556106567383,11.548970222473145
17-08-2006,12.690369606018066,12.761481285095215,724613,12.87407398223877,12.690369606018066,11.489951133728027
18-08-2006,12.346667289733887,12.651851654052734,739463,12.654814720153809,12.479999542236328,11.299473762512207
21-08-2006,12.219259262084961,12.444443702697754,430988,12.444443702697754,12.242962837219238,11.084864616394043
22-08-2006,12.162962913513184,12.213333129882812,464063,12.331851959228516,12.260741233825684,11.100959777832031
23-08-2006,12.180741310119629,12.245925903320312,715838,12.349630355834961,12.317036628723145,11.151930809020996
24-08-2006,12.074073791503906,12.385185241699219,884250,12.408888816833496,12.12740707397461,10.980236053466797
25-08-2006,12.038518905639648,12.088889122009277,356738,12.242962837219238,12.177778244018555,11.025847434997559
28-08-2006,12.177778244018555,12.189629554748535,844425,12.435556411743164,12.435556411743164,11.25924301147461
29-08-2006,12.438518524169922,12.48888874053955,1292963,12.607406616210938,12.557037353515625,11.369226455688477
30-08-2006,12.515556335449219,12.565925598144531,1112738,12.69333267211914,12.675556182861328,11.476534843444824
31-08-2006,12.574814796447754,12.705184936523438,1078650,12.740740776062012,12.705184936523438,11.503361701965332
01-09-2006,12.705184936523438,12.740740776062012,881550,12.903703689575195,12.761481285095215,11.554335594177246
05-09-2006,12.595556259155273,12.761481285095215,855225,12.930370330810547,12.912592887878418,11.691152572631836
06-09-2006,12.598519325256348,12.88888931274414,869063,12.954073905944824,12.625185012817383,11.43093204498291
07-09-2006,12.414814949035645,12.5925931930542,860288,12.69333267211914,12.61629581451416,11.422883033752441
08-09-2006,12.645926475524902,12.645926475524902,771525,12.79111099243164,12.740740776062012,11.535552978515625
11-09-2006,12.613332748413086,12.651851654052734,699638,12.817777633666992,12.737777709960938,11.532870292663574
12-09-2006,12.619258880615234,12.71407413482666,1164713,12.782221794128418,12.773332595825195,11.565062522888184
13-09-2006,12.734814643859863,12.740740776062012,731363,13.037036895751953,13.01629638671875,11.801470756530762
14-09-2006,12.764444351196289,12.977778434753418,1086750,12.977778434753418,12.871110916137695,11.66983699798584
15-09-2006,12.859258651733398,12.942221641540527,837338,12.977778434753418,12.865184783935547,11.664458274841309
18-09-2006,12.868147850036621,12.868147850036621,831263,13.057778358459473,12.97185230255127,11.761177062988281
19-09-2006,12.740740776062012,12.965926170349121,693900,12.965926170349121,12.891852378845215,11.688637733459473
20-09-2006,12.960000038146973,12.965926170349121,713813,13.185185432434082,12.986666679382324,11.774608612060547
21-09-2006,12.699258804321289,13.037036895751953,1056038,13.122962951660156,12.725926399230957,11.53820514678955
22-09-2006,12.55407428741455,12.725926399230957,608513,12.725926399230957,12.711111068725586,11.524765968322754
25-09-2006,12.607406616210938,12.740740776062012,814725,12.832592964172363,12.802963256835938,11.608047485351562
26-09-2006,12.731851577758789,12.770369529724121,911588,13.031110763549805,13.010370254516602,11.796093940734863
27-09-2006,12.773332595825195,12.965926170349121,1138050,13.013333320617676,12.856295585632324,11.656404495239258
28-09-2006,12.68148136138916,12.868147850036621,884588,12.924444198608398,12.87407398223877,11.672520637512207
29-09-2006,12.74666690826416,12.930370330810547,1245038,13.013333320617676,12.903703689575195,11.699384689331055
02-10-2006,12.788147926330566,12.903703689575195,798525,13.063703536987305,12.856295585632324,11.656404495239258
03-10-2006,12.568888664245605,12.826666831970215,1397250,12.853333473205566,12.782221794128418,11.589242935180664
04-10-2006,12.755556106567383,12.755556106567383,715500,13.037036895751953,13.01629638671875,11.801470756530762
05-10-2006,13.01629638671875,13.01629638671875,989888,13.431111335754395,13.401480674743652,12.150703430175781
06-10-2006,13.229630470275879,13.401480674743652,544050,13.401480674743652,13.33036994934082,12.08623218536377
09-10-2006,13.274073600769043,13.288888931274414,707738,13.540740966796875,13.496295928955078,12.236674308776855
10-10-2006,13.4399995803833,13.51111125946045,482625,13.570369720458984,13.528888702392578,12.266221046447754
11-10-2006,13.478519439697266,13.528888702392578,645975,13.644444465637207,13.591111183166504,12.322637557983398
12-10-2006,13.62074089050293,13.66518497467041,621338,13.866666793823242,13.845926284790039,12.553670883178711
13-10-2006,14.299259185791016,14.663703918457031,3514725,14.814814567565918,14.438518524169922,13.090957641601562
16-10-2006,14.3970365524292,14.438518524169922,1953450,14.5925931930542,14.44148063659668,13.093636512756348
17-10-2006,14.19259262084961,14.44148063659668,1292963,14.45629596710205,14.278518676757812,12.945887565612793
18-10-2006,14.154073715209961,14.340741157531738,1075950,14.474074363708496,14.228148460388184,12.90021800994873
19-10-2006,13.768889427185059,13.970370292663574,2260575,14.124444007873535,13.925926208496094,12.626204490661621
20-10-2006,13.573332786560059,13.875555992126465,2058750,13.878519058227539,13.733332633972168,12.451581001281738
23-10-2006,13.653332710266113,13.688888549804688,1190363,13.822221755981445,13.822221755981445,12.532179832458496
24-10-2006,13.77481460571289,13.822221755981445,1457325,13.97925853729248,13.925926208496094,12.626204490661621
25-10-2006,13.765926361083984,13.925926208496094,648000,13.940740585327148,13.863703727722168,12.56978988647461
26-10-2006,14.029629707336426,14.222222328186035,2257875,14.500741004943848,14.100741386413574,12.784706115722656
27-10-2006,13.869629859924316,14.100741386413574,1799888,14.103704452514648,13.914073944091797,12.615457534790039
30-10-2006,13.736295700073242,13.84000015258789,1534275,13.887407302856445,13.819258689880371,12.529488563537598
31-10-2006,13.751111030578613,13.87259292602539,1445175,13.914073944091797,13.831110954284668,12.54023551940918
01-11-2006,13.6029634475708,13.925926208496094,745200,13.970370292663574,13.617777824401855,12.346814155578613
02-11-2006,13.42814826965332,13.546667098999023,1543725,13.614814758300781,13.487406730651855,12.22861099243164
03-11-2006,13.448888778686523,13.546667098999023,1093163,13.694814682006836,13.662221908569336,12.387110710144043
06-11-2006,13.576295852661133,13.629630088806152,995288,13.875555992126465,13.798519134521484,12.510689735412598
07-11-2006,13.80740737915039,13.80740737915039,1116450,14.121480941772461,13.934815406799316,12.63426399230957
08-11-2006,13.816295623779297,13.860740661621094,1132313,14.0,13.920000076293945,12.620828628540039
09-11-2006,13.801481246948242,13.931852340698242,773888,13.949629783630371,13.887407302856445,12.591279983520508
10-11-2006,13.878519058227539,14.071110725402832,1140750,14.133333206176758,14.0,12.693363189697266
13-11-2006,13.792593002319336,13.997036933898926,691200,14.008889198303223,13.908147811889648,12.610081672668457
14-11-2006,13.860740661621094,13.92296314239502,616613,14.518519401550293,14.094815254211426,12.77933120727539
15-11-2006,14.07703685760498,14.07703685760498,473175,14.275555610656738,14.201480865478516,12.876036643981934
16-11-2006,14.103704452514648,14.260741233825684,395888,14.311111450195312,14.195555686950684,12.870667457580566
17-11-2006,14.026666641235352,14.251852035522461,533925,14.370369911193848,14.19259262084961,12.867981910705566
20-11-2006,14.079999923706055,14.162962913513184,623363,14.272592544555664,14.239999771118164,12.910962104797363
21-11-2006,14.148147583007812,14.254815101623535,506250,14.33481502532959,14.33481502532959,12.996930122375488
22-11-2006,14.25777816772461,14.33481502532959,1513350,14.542222023010254,14.468148231506348,13.117817878723145
24-11-2006,14.358518600463867,14.408888816833496,969638,14.767407417297363,14.589630126953125,13.227962493896484
27-11-2006,14.201480865478516,14.479999542236328,1643288,14.48888874053955,14.23703670501709,12.90827751159668
28-11-2006,14.0,14.213333129882812,1177650,14.30666732788086,14.128889083862305,12.810222625732422
29-11-2006,14.146666526794434,14.15999984741211,1320525,14.368888854980469,14.368888854980469,13.027824401855469
30-11-2006,14.266667366027832,14.368888854980469,1379475,14.58666706085205,14.493332862854004,13.140650749206543
01-12-2006,14.115555763244629,14.493332862854004,652725,14.5377779006958,14.25333309173584,12.923054695129395
04-12-2006,14.266667366027832,14.266667366027832,715950,14.555556297302246,14.475556373596191,13.12453556060791
05-12-2006,14.346667289733887,14.48888874053955,850500,14.653332710266113,14.386667251586914,13.043941497802734
06-12-2006,14.30666732788086,14.3644437789917,302175,14.4622220993042,14.346667289733887,13.031831741333008
07-12-2006,14.06222152709961,14.342222213745117,654300,14.422222137451172,14.199999809265137,12.898608207702637
08-12-2006,14.106666564941406,14.199999809265137,373050,14.319999694824219,14.199999809265137,12.898608207702637
11-12-2006,14.106666564941406,14.199999809265137,526950,14.355555534362793,14.14222240447998,12.84611988067627
12-12-2006,13.968889236450195,14.14222240447998,412425,14.155555725097656,14.031110763549805,12.745196342468262
13-12-2006,14.004444122314453,14.0977783203125,504450,14.244443893432617,14.04888916015625,12.761340141296387
14-12-2006,14.06222152709961,14.0977783203125,813375,14.333333015441895,14.244443893432617,12.938979148864746
15-12-2006,14.066666603088379,14.262222290039062,654975,14.288888931274414,14.084444046020508,12.793638229370117
18-12-2006,13.90666675567627,14.11111068725586,849150,14.342222213745117,13.95111083984375,12.672523498535156
19-12-2006,13.835556030273438,13.93777847290039,556425,14.115555763244629,14.04444408416748,12.757304191589355
20-12-2006,13.920000076293945,14.017778396606445,639000,14.195555686950684,13.973333358764648,12.692713737487793
21-12-2006,13.831110954284668,13.977778434753418,717750,14.057778358459473,13.853333473205566,12.583710670471191
22-12-2006,13.64888858795166,13.844444274902344,932625,13.928889274597168,13.866666793823242,12.595824241638184
26-12-2006,13.844444274902344,13.844444274902344,442575,14.106666564941406,14.04444408416748,12.757304191589355
27-12-2006,14.102222442626953,14.124444007873535,538425,14.266667366027832,14.173333168029785,12.874385833740234
28-12-2006,14.102222442626953,14.177778244018555,437175,14.222222328186035,14.155555725097656,12.858236312866211
29-12-2006,14.09333324432373,14.155555725097656,671625,14.222222328186035,14.151110649108887,12.854196548461914
03-01-2007,14.022221565246582,14.262222290039062,1740375,14.382222175598145,14.124444007873535,12.829974174499512
04-01-2007,13.853333473205566,14.084444046020508,1346625,14.15999984741211,14.035555839538574,12.749235153198242
05-01-2007,13.6355562210083,13.644444465637207,625275,14.0,13.773332595825195,12.511039733886719
08-01-2007,13.684444427490234,13.74666690826416,751275,13.884444236755371,13.79555606842041,12.531229972839355
09-01-2007,13.688888549804688,13.755556106567383,742725,13.88888931274414,13.79555606842041,12.531229972839355
10-01-2007,13.631111145019531,13.728889465332031,532350,13.786666870117188,13.751111030578613,12.490856170654297
11-01-2007,13.822221755981445,13.822221755981445,670725,14.0,13.95555591583252,12.676568031311035
12-01-2007,13.893333435058594,13.893333435058594,500850,14.079999923706055,14.026666641235352,12.741159439086914
16-01-2007,14.088889122009277,14.088889122009277,901125,14.288888931274414,14.20888900756836,12.9066801071167
17-01-2007,14.15999984741211,14.177778244018555,457200,14.324443817138672,14.222222328186035,12.918794631958008
18-01-2007,14.146666526794434,14.266667366027832,1064700,14.337778091430664,14.15999984741211,12.862268447875977
19-01-2007,14.133333206176758,14.173333168029785,783675,14.266667366027832,14.191110610961914,12.890534400939941
22-01-2007,14.071110725402832,14.213333129882812,734625,14.297778129577637,14.124444007873535,12.829974174499512
23-01-2007,14.071110725402832,14.124444007873535,585900,14.311111450195312,14.271110534667969,12.963199615478516
24-01-2007,14.431111335754395,14.622221946716309,2659275,15.20444393157959,15.186667442321777,13.794845581054688
25-01-2007,15.066666603088379,15.186667442321777,1467225,15.382222175598145,15.235555648803711,13.839256286621094
26-01-2007,15.031110763549805,15.244443893432617,759825,15.288888931274414,15.182222366333008,13.790812492370605
29-01-2007,15.06222152709961,15.244443893432617,729000,15.333333015441895,15.151110649108887,13.762551307678223
30-01-2007,15.133333206176758,15.151110649108887,717075,15.311111450195312,15.244443893432617,13.847329139709473
31-01-2007,15.137778282165527,15.25333309173584,859275,15.422222137451172,15.404443740844727,13.992667198181152
01-02-2007,15.359999656677246,15.493332862854004,749025,15.555556297302246,15.444443702697754,14.029000282287598
02-02-2007,15.377778053283691,15.502222061157227,841500,15.555556297302246,15.542222023010254,14.117819786071777
05-02-2007,15.297778129577637,15.5377779006958,746100,15.555556297302246,15.359999656677246,13.952292442321777
06-02-2007,15.319999694824219,15.382222175598145,873900,15.568888664245605,15.568888664245605,14.142040252685547
07-02-2007,15.431111335754395,15.622221946716309,993825,15.644444465637207,15.475556373596191,14.057259559631348
08-02-2007,15.333333015441895,15.475556373596191,770175,15.475556373596191,15.386667251586914,13.976516723632812
09-02-2007,15.25333309173584,15.408888816833496,627075,15.444443702697754,15.333333015441895,13.928069114685059
12-02-2007,15.333333015441895,15.386667251586914,624825,15.466667175292969,15.359999656677246,13.952292442321777
13-02-2007,15.386667251586914,15.404443740844727,357975,15.542222023010254,15.528888702392578,14.10570240020752
14-02-2007,15.542222023010254,15.542222023010254,835875,15.782221794128418,15.715556144714355,14.275263786315918
15-02-2007,15.666666984558105,15.733332633972168,630900,15.915555953979492,15.853333473205566,14.400413513183594
16-02-2007,15.577777862548828,15.853333473205566,871425,15.853333473205566,15.608888626098633,14.178373336791992
20-02-2007,15.386667251586914,15.533332824707031,511650,15.79111099243164,15.715556144714355,14.275263786315918
21-02-2007,15.595556259155273,15.715556144714355,605475,15.822221755981445,15.79111099243164,14.343897819519043
22-02-2007,15.626667022705078,15.79111099243164,625275,15.831110954284668,15.666666984558105,14.230860710144043
23-02-2007,15.64888858795166,15.666666984558105,799650,15.915555953979492,15.911110877990723,14.452898025512695
26-02-2007,15.640000343322754,15.95555591583252,861075,15.960000038146973,15.733332633972168,14.29141616821289
27-02-2007,14.973333358764648,15.51111125946045,1190475,15.51111125946045,15.06222152709961,13.681804656982422
28-02-2007,14.764444351196289,15.066666603088379,1140525,15.346667289733887,15.182222366333008,13.790812492370605
01-03-2007,14.866666793823242,15.0,647325,15.25333309173584,15.14222240447998,13.754476547241211
02-03-2007,14.74222183227539,15.066666603088379,660375,15.124444007873535,14.768889427185059,13.41535758972168
05-03-2007,14.377778053283691,14.444443702697754,1100700,14.74222183227539,14.422222137451172,13.10046672821045
06-03-2007,14.444443702697754,14.453332901000977,674775,14.804444313049316,14.764444351196289,13.411320686340332
07-03-2007,14.600000381469727,14.755556106567383,442350,14.84000015258789,14.768889427185059,13.41535758972168
08-03-2007,14.822221755981445,14.880000114440918,591975,15.0,14.88888931274414,13.524361610412598
09-03-2007,14.813332557678223,14.977778434753418,544725,15.04444408416748,15.008889198303223,13.633362770080566
12-03-2007,14.968889236450195,14.977778434753418,496350,15.25777816772461,15.235555648803711,13.839256286621094
13-03-2007,15.102222442626953,15.177778244018555,1621125,15.315555572509766,15.151110649108887,13.762551307678223
14-03-2007,14.844444274902344,15.168889045715332,1205325,15.222222328186035,15.15999984741211,13.794902801513672
15-03-2007,15.066666603088379,15.155555725097656,870075,15.315555572509766,15.311111450195312,13.932411193847656
16-03-2007,15.235555648803711,15.346667289733887,821925,15.399999618530273,15.333333015441895,13.952628135681152
19-03-2007,15.337778091430664,15.422222137451172,442350,15.506667137145996,15.382222175598145,13.997119903564453
20-03-2007,15.377778053283691,15.382222175598145,477900,15.546667098999023,15.51111125946045,14.114399909973145
21-03-2007,15.386667251586914,15.533332824707031,457650,15.715556144714355,15.671111106872559,14.259991645812988
22-03-2007,15.502222061157227,15.728889465332031,618075,15.777777671813965,15.644444465637207,14.235727310180664
23-03-2007,15.568888664245605,15.613332748413086,310500,15.662221908569336,15.577777862548828,14.175061225891113
26-03-2007,15.404443740844727,15.600000381469727,400500,15.640000343322754,15.555556297302246,14.1548433303833
27-03-2007,15.311111450195312,15.48888874053955,733050,15.5377779006958,15.386667251586914,14.0011625289917
28-03-2007,15.20444393157959,15.3644437789917,360900,15.399999618530273,15.3644437789917,13.980938911437988
29-03-2007,15.266667366027832,15.475556373596191,827100,15.533332824707031,15.333333015441895,13.952628135681152
30-03-2007,15.146666526794434,15.333333015441895,791325,15.457777976989746,15.35111141204834,13.968807220458984
02-04-2007,15.337778091430664,15.417778015136719,335475,15.533332824707031,15.4399995803833,14.049692153930664
03-04-2007,15.4399995803833,15.524443626403809,592875,15.5600004196167,15.448888778686523,14.057781219482422
04-04-2007,15.382222175598145,15.475556373596191,503325,15.533332824707031,15.524443626403809,14.126531600952148
05-04-2007,15.377778053283691,15.542222023010254,628425,15.568888664245605,15.382222175598145,13.997119903564453
09-04-2007,15.30222225189209,15.377778053283691,448200,15.471111297607422,15.324443817138672,13.944538116455078
10-04-2007,15.182222366333008,15.333333015441895,708525,15.391111373901367,15.213333129882812,13.843435287475586
11-04-2007,14.915555953979492,15.173333168029785,766350,15.226667404174805,14.991110801696777,13.641220092773438
12-04-2007,14.893333435058594,14.991110801696777,562050,15.199999809265137,15.195555686950684,13.82725715637207
13-04-2007,15.102222442626953,15.195555686950684,503775,15.217778205871582,15.217778205871582,13.847482681274414
16-04-2007,15.315555572509766,15.315555572509766,737550,15.662221908569336,15.662221908569336,14.251906394958496
17-04-2007,15.622221946716309,15.680000305175781,749250,15.768889427185059,15.715556144714355,14.300433158874512
18-04-2007,15.555556297302246,15.644444465637207,613125,15.755556106567383,15.662221908569336,14.251906394958496
19-04-2007,15.404443740844727,15.662221908569336,1535625,15.973333358764648,15.831110954284668,14.405582427978516
20-04-2007,15.737777709960938,15.964444160461426,840600,16.12444305419922,16.12444305419922,14.672500610351562
23-04-2007,16.057777404785156,16.12444305419922,616050,16.22222137451172,16.177778244018555,14.721035957336426
24-04-2007,16.1200008392334,16.217777252197266,671625,16.253332138061523,16.195556640625,14.73720932006836
25-04-2007,16.155555725097656,16.266666412353516,1018350,16.29777717590332,16.27111053466797,14.805963516235352
26-04-2007,16.17333221435547,16.244443893432617,578475,16.333332061767578,16.333332061767578,14.86258316040039
27-04-2007,16.15999984741211,16.30666732788086,560925,16.30666732788086,16.23555564880371,14.773608207702637
30-04-2007,16.1200008392334,16.302221298217773,622800,16.302221298217773,16.12444305419922,14.672500610351562
01-05-2007,15.960000038146973,16.155555725097656,790425,16.231111526489258,16.177778244018555,14.721035957336426
02-05-2007,16.200000762939453,16.213333129882812,540225,16.44444465637207,16.41777801513672,14.939428329467773
03-05-2007,16.35555648803711,16.46666717529297,420075,16.46666717529297,16.404443740844727,14.927291870117188
04-05-2007,16.422222137451172,16.49333381652832,882000,16.511110305786133,16.511110305786133,15.024349212646484
07-05-2007,16.29777717590332,16.46666717529297,636750,16.511110305786133,16.35555648803711,14.882803916931152
08-05-2007,16.0977783203125,16.262222290039062,731025,16.262222290039062,16.244443893432617,14.781699180603027
09-05-2007,16.177778244018555,16.182222366333008,496125,16.377777099609375,16.373332977294922,14.898982048034668
10-05-2007,16.0,16.288888931274414,555300,16.288888931274414,16.066667556762695,14.619930267333984
11-05-2007,16.0755558013916,16.08888816833496,372150,16.195556640625,16.177778244018555,14.721035957336426
14-05-2007,15.982221603393555,16.155555725097656,454725,16.244443893432617,16.0755558013916,14.628018379211426
15-05-2007,15.90666675567627,16.04888916015625,612450,16.164443969726562,16.02666664123535,14.583529472351074
16-05-2007,15.93777847290039,16.07111167907715,506700,16.231111526489258,16.231111526489258,14.76956844329834
17-05-2007,16.004444122314453,16.177778244018555,489600,16.239999771118164,16.18666648864746,14.72912311553955
18-05-2007,16.14666748046875,16.25777816772461,746775,16.462221145629883,16.426666259765625,14.94751262664795
21-05-2007,16.34666633605957,16.391111373901367,917775,16.595556259155273,16.528888702392578,15.04052734375
22-05-2007,16.39555549621582,16.528888702392578,366525,16.528888702392578,16.44444465637207,14.963693618774414
23-05-2007,16.324443817138672,16.44444465637207,611775,16.551111221313477,16.328889846801758,14.858541488647461
24-05-2007,16.084444046020508,16.351110458374023,595125,16.462221145629883,16.0977783203125,14.648237228393555
25-05-2007,16.066667556762695,16.133333206176758,422550,16.293333053588867,16.253332138061523,14.789788246154785
29-05-2007,16.22222137451172,16.262222290039062,582525,16.497777938842773,16.497777938842773,15.012219429016113
30-05-2007,16.333332061767578,16.448888778686523,750150,16.844444274902344,16.844444274902344,15.327675819396973
31-05-2007,16.755556106567383,16.884443283081055,3524400,16.955556869506836,16.773332595825195,15.262967109680176
01-06-2007,16.733333587646484,16.844444274902344,746775,16.982221603393555,16.982221603393555,15.45305061340332
04-06-2007,16.8799991607666,16.97333335876465,488475,17.06222152709961,17.044443130493164,15.509658813476562
05-06-2007,16.848888397216797,17.031110763549805,412425,17.08888816833496,16.942222595214844,15.416646957397461
06-06-2007,16.76444435119629,16.88888931274414,545400,16.88888931274414,16.82666778564453,15.311492919921875
07-06-2007,16.657777786254883,16.782222747802734,1081800,16.884443283081055,16.657777786254883,15.15781307220459
08-06-2007,16.697778701782227,16.70222282409668,901125,16.9777774810791,16.97333335876465,15.44495677947998
11-06-2007,16.844444274902344,16.96444320678711,632025,17.106666564941406,16.991111755371094,15.461128234863281
12-06-2007,16.835556030273438,16.959999084472656,626625,17.079999923706055,16.920000076293945,15.3964262008667
13-06-2007,16.9244441986084,16.942222595214844,877500,17.280000686645508,17.266666412353516,15.736678123474121
14-06-2007,17.266666412353516,17.266666412353516,1363500,17.600000381469727,17.479999542236328,15.931108474731445
15-06-2007,17.302221298217773,17.577777862548828,894375,17.577777862548828,17.360000610351562,15.821739196777344
18-06-2007,17.17333221435547,17.360000610351562,568125,17.360000610351562,17.25777816772461,15.728572845458984
19-06-2007,17.093332290649414,17.226667404174805,776925,17.226667404174805,17.115556716918945,15.598954200744629
20-06-2007,16.848888397216797,17.115556716918945,781650,17.128889083862305,16.87555694580078,15.38022232055664
21-06-2007,16.55555534362793,16.808889389038086,1371600,16.884443283081055,16.844444274902344,15.3518705368042
22-06-2007,16.58222198486328,16.835556030273438,881100,16.85333251953125,16.626667022705078,15.153390884399414
25-06-2007,16.471111297607422,16.626667022705078,1406025,16.724443435668945,16.48444366455078,15.02376651763916
26-06-2007,16.404443740844727,16.50666618347168,1327050,16.591110229492188,16.44444465637207,14.987312316894531
27-06-2007,16.226667404174805,16.315555572509766,1179450,16.85333251953125,16.84000015258789,15.347819328308105
28-06-2007,16.9244441986084,16.9244441986084,3949650,18.195556640625,17.711111068725586,16.141740798950195
29-06-2007,17.537778854370117,17.737777709960938,1243125,17.84000015258789,17.635555267333984,16.072877883911133
02-07-2007,17.795555114746094,17.799999237060547,1181700,18.213333129882812,17.968889236450195,16.376670837402344
03-07-2007,17.893333435058594,18.0,455625,18.08888816833496,17.9777774810791,16.38477325439453
05-07-2007,17.9022216796875,18.044443130493164,1520550,18.044443130493164,18.004444122314453,16.409082412719727
06-07-2007,17.92888832092285,18.017778396606445,563400,18.0977783203125,18.079999923706055,16.47793960571289
09-07-2007,18.0755558013916,18.133333206176758,1036125,18.30666732788086,18.226667404174805,16.61161231994629
10-07-2007,17.915555953979492,18.204444885253906,1626525,18.266666412353516,17.942222595214844,16.352373123168945
11-07-2007,17.822221755981445,17.9244441986084,619200,18.04888916015625,18.0222225189209,16.425283432006836
12-07-2007,18.08888816833496,18.155555725097656,755325,18.520000457763672,18.520000457763672,16.878955841064453
13-07-2007,18.315555572509766,18.46666717529297,540000,18.600000381469727,18.591110229492188,16.943761825561523
16-07-2007,18.333332061767578,18.573333740234375,768825,18.608888626098633,18.497777938842773,16.858694076538086
17-07-2007,18.546667098999023,18.577777862548828,867600,18.751110076904297,18.70222282409668,17.045026779174805
18-07-2007,18.457778930664062,18.511110305786133,1370250,18.8799991607666,18.866666793823242,17.194900512695312
19-07-2007,18.204444885253906,18.88888931274414,2192175,19.213333129882812,18.528888702392578,16.887046813964844
20-07-2007,18.266666412353516,18.53333282470703,986175,18.688888549804688,18.404443740844727,16.773630142211914
23-07-2007,18.23555564880371,18.79111099243164,1517175,18.79111099243164,18.253332138061523,16.635923385620117
24-07-2007,17.835556030273438,18.11111068725586,1408950,18.128889083862305,17.88888931274414,16.30375862121582
25-07-2007,17.51555633544922,18.0,1648350,18.200000762939453,17.684444427490234,16.117431640625
26-07-2007,17.040000915527344,17.479999542236328,1668150,17.666667938232422,17.231111526489258,15.704268455505371
27-07-2007,16.848888397216797,17.115556716918945,1408725,17.324443817138672,17.079999923706055,15.56655502319336
30-07-2007,17.017778396606445,17.11111068725586,1197225,17.564443588256836,17.457778930664062,15.910860061645508
31-07-2007,17.31999969482422,17.577777862548828,1536975,17.906667709350586,17.342222213745117,15.8055419921875
01-08-2007,17.11111068725586,17.31999969482422,1290825,17.497777938842773,17.399999618530273,15.858198165893555
02-08-2007,17.275556564331055,17.448888778686523,1200150,17.648889541625977,17.648889541625977,16.08503532409668
03-08-2007,17.31999969482422,17.671110153198242,1699200,17.79111099243164,17.333332061767578,15.797426223754883
06-08-2007,17.01333236694336,17.377777099609375,1373850,17.399999618530273,17.399999618530273,15.858198165893555
07-08-2007,17.164443969726562,17.391111373901367,1540800,17.64444351196289,17.511110305786133,15.959460258483887
08-08-2007,17.440000534057617,17.488889694213867,1611225,17.982221603393555,17.9777774810791,16.38477325439453
09-08-2007,17.426666259765625,17.733333587646484,1544625,18.128889083862305,17.546667098999023,15.991869926452637
10-08-2007,17.04888916015625,17.399999618530273,2077875,17.755556106567383,17.31999969482422,15.785284042358398
13-08-2007,17.511110305786133,17.564443588256836,1813500,18.360000610351562,17.688888549804688,16.121488571166992
14-08-2007,17.177778244018555,17.755556106567383,1298475,17.84000015258789,17.244443893432617,15.716423034667969
15-08-2007,16.71555519104004,17.244443893432617,679275,17.41777801513672,16.77777862548828,15.291109085083008
16-08-2007,16.168888092041016,16.600000381469727,1332675,17.093332290649414,16.82666778564453,15.335662841796875
17-08-2007,16.684444427490234,17.253332138061523,1211175,17.288888931274414,16.96444320678711,15.46123218536377
20-08-2007,17.044443130493164,17.084444046020508,973125,17.55555534362793,17.399999618530273,15.858198165893555
21-08-2007,17.12444305419922,17.422222137451172,1172025,17.586666107177734,17.351110458374023,15.813639640808105
22-08-2007,17.377777099609375,17.422222137451172,834300,17.897777557373047,17.84000015258789,16.259212493896484
23-08-2007,17.266666412353516,17.82666778564453,896175,17.893333435058594,17.408889770507812,15.866293907165527
24-08-2007,17.35555648803711,17.35555648803711,671625,17.648889541625977,17.63111114501953,16.06882667541504
27-08-2007,17.440000534057617,17.635555267333984,799875,17.760000228881836,17.600000381469727,16.040475845336914
28-08-2007,17.18666648864746,17.511110305786133,758250,17.55555534362793,17.213333129882812,15.688068389892578
29-08-2007,17.25777816772461,17.333332061767578,1605825,17.64444351196289,17.453332901000977,15.9068021774292
30-08-2007,17.31999969482422,17.35555648803711,764550,17.666667938232422,17.586666107177734,16.028318405151367
31-08-2007,17.63111114501953,17.77777862548828,974025,17.85333251953125,17.773332595825195,16.198442459106445
04-09-2007,17.755556106567383,17.755556106567383,814725,18.0,17.871110916137695,16.287559509277344
05-09-2007,17.600000381469727,17.77777862548828,1162800,17.84000015258789,17.804443359375,16.226806640625
06-09-2007,17.68000030517578,17.835556030273438,593100,17.97333335876465,17.942222595214844,16.352373123168945
07-09-2007,17.626667022705078,17.799999237060547,984600,17.848888397216797,17.724443435668945,16.153894424438477
10-09-2007,17.453332901000977,17.77777862548828,1030275,17.844444274902344,17.613332748413086,16.052623748779297
11-09-2007,17.608888626098633,17.65333366394043,1239075,17.897777557373047,17.724443435668945,16.153894424438477
12-09-2007,17.511110305786133,17.697778701782227,958275,17.786666870117188,17.711111068725586,16.16606330871582
13-09-2007,17.626667022705078,17.79111099243164,1050750,18.0,17.906667709350586,16.344552993774414
14-09-2007,17.733333587646484,17.786666870117188,785475,17.92888832092285,17.906667709350586,16.344552993774414
17-09-2007,17.706666946411133,17.87555694580078,558225,17.87555694580078,17.71555519104004,16.170120239257812
18-09-2007,17.799999237060547,17.848888397216797,977850,18.577777862548828,18.577777862548828,16.957130432128906
19-09-2007,18.471111297607422,18.622222900390625,821475,18.871110916137695,18.55555534362793,16.936838150024414
20-09-2007,18.328889846801758,18.60444450378418,418500,18.63111114501953,18.44444465637207,16.835418701171875
21-09-2007,18.462221145629883,18.462221145629883,1238850,18.822221755981445,18.639999389648438,17.013919830322266
24-09-2007,18.58222198486328,18.733333587646484,997425,18.751110076904297,18.64444351196289,17.017972946166992
25-09-2007,18.520000457763672,18.635555267333984,1088550,18.786666870117188,18.768888473510742,17.13156509399414
26-09-2007,18.82666778564453,18.82666778564453,916650,19.217777252197266,19.15999984741211,17.48855209350586
27-09-2007,19.14666748046875,19.262222290039062,557775,19.351110458374023,19.351110458374023,17.662996292114258
28-09-2007,19.079999923706055,19.377777099609375,579150,19.462221145629883,19.20888900756836,17.533174514770508
01-10-2007,19.18666648864746,19.253332138061523,1128600,19.373332977294922,19.280000686645508,17.598093032836914
02-10-2007,19.28444480895996,19.302221298217773,884700,19.600000381469727,19.568889617919922,17.861774444580078
03-10-2007,19.44444465637207,19.51555633544922,1175175,19.71555519104004,19.591110229492188,17.882055282592773
04-10-2007,19.382221221923828,19.69333267211914,1241325,19.737777709960938,19.44444465637207,17.74818992614746
05-10-2007,19.471111297607422,19.55555534362793,938025,19.87555694580078,19.799999237060547,18.07271957397461
08-10-2007,19.733333587646484,19.799999237060547,613575,20.0222225189209,20.0222225189209,18.275564193725586
09-10-2007,19.97333335876465,20.0222225189209,907200,20.15999984741211,20.14666748046875,18.38914680480957
10-10-2007,19.386667251586914,19.91111183166504,1592550,19.91111183166504,19.639999389648438,17.926673889160156
11-10-2007,19.413333892822266,19.688888549804688,1018800,19.88888931274414,19.639999389648438,17.926673889160156
12-10-2007,19.586666107177734,19.675556182861328,931725,20.0,19.920000076293945,18.182249069213867
15-10-2007,19.49333381652832,19.91111183166504,882000,19.97333335876465,19.755556106567383,18.032161712646484
16-10-2007,19.377777099609375,19.755556106567383,1105875,19.84000015258789,19.457778930664062,17.76036262512207
17-10-2007,18.88888931274414,19.662221908569336,1936575,19.719999313354492,19.248889923095703,17.56969451904297
18-10-2007,19.55555534362793,19.55555534362793,1350675,20.093332290649414,20.004444122314453,18.259326934814453
19-10-2007,20.02666664123535,20.02666664123535,1729575,20.559999465942383,20.040000915527344,18.29178810119629
22-10-2007,19.760000228881836,19.906667709350586,1369575,20.44444465637207,20.34666633605957,18.571693420410156
23-10-2007,20.20888900756836,20.457778930664062,831150,20.53333282470703,20.413333892822266,18.63256072998047
24-10-2007,20.084444046020508,20.311111450195312,993825,20.546667098999023,20.315555572509766,18.54330062866211
25-10-2007,20.057777404785156,20.44444465637207,1115325,20.53333282470703,20.20888900756836,18.445938110351562
26-10-2007,20.30666732788086,20.471111297607422,686025,20.70222282409668,20.626667022705078,18.82727813720703
29-10-2007,20.399999618530273,20.751110076904297,598500,20.831111907958984,20.564443588256836,18.77048683166504
30-10-2007,20.262222290039062,20.546667098999023,855900,20.635555267333984,20.275556564331055,18.506792068481445
31-10-2007,20.213333129882812,20.31999969482422,1059525,20.88888931274414,20.88888931274414,19.066627502441406
01-11-2007,20.60444450378418,20.77777862548828,1485225,20.959999084472656,20.72888946533203,18.920581817626953
02-11-2007,20.58222198486328,21.084444046020508,1172925,21.084444046020508,20.71555519104004,18.90841293334961
05-11-2007,20.497777938842773,20.497777938842773,1915200,21.244443893432617,21.151111602783203,19.30597496032715
06-11-2007,20.995555877685547,21.07111167907715,1059300,21.333332061767578,21.25777816772461,19.403331756591797
07-11-2007,20.782222747802734,21.11111068725586,918000,21.200000762939453,20.84000015258789,19.021997451782227
08-11-2007,19.995555877685547,21.008888244628906,2069550,21.06222152709961,20.906667709350586,19.082849502563477
09-11-2007,20.733333587646484,20.817777633666992,2066175,21.142221450805664,20.920000076293945,19.095014572143555
12-11-2007,20.311111450195312,20.86222267150879,2305350,21.106666564941406,20.511110305786133,18.721799850463867
13-11-2007,20.595556259155273,20.608888626098633,1175175,21.0755558013916,21.040000915527344,19.20454978942871
14-11-2007,20.795555114746094,21.11111068725586,918900,21.244443893432617,20.848888397216797,19.030118942260742
15-11-2007,20.106666564941406,20.848888397216797,1461825,20.8799991607666,20.244443893432617,18.478391647338867
16-11-2007,19.733333587646484,20.315555572509766,1968300,20.453332901000977,19.942222595214844,18.202543258666992
19-11-2007,19.253332138061523,19.835556030273438,2123100,19.844444274902344,19.293333053588867,17.610258102416992
20-11-2007,18.666667938232422,19.31999969482422,1681650,19.68000030517578,19.248889923095703,17.56969451904297
21-11-2007,18.9244441986084,19.12444305419922,1476225,19.248889923095703,18.9244441986084,17.27354621887207
23-11-2007,18.955556869506836,19.01333236694336,256275,19.164443969726562,19.08888816833496,17.42364501953125
26-11-2007,18.91111183166504,19.133333206176758,893025,19.608888626098633,18.93777847290039,17.28571891784668
27-11-2007,18.92888832092285,18.98666763305664,1079775,19.25777816772461,19.248889923095703,17.56969451904297
28-11-2007,19.288888931274414,19.333332061767578,1609875,19.760000228881836,19.60444450378418,17.894235610961914
29-11-2007,19.39555549621582,19.559999465942383,1038600,19.74222183227539,19.475555419921875,17.776578903198242
30-11-2007,19.448888778686523,19.662221908569336,1634175,19.8799991607666,19.55555534362793,17.849597930908203
03-12-2007,19.386667251586914,19.60444450378418,1947600,20.12444305419922,20.01333236694336,18.267454147338867
04-12-2007,19.822221755981445,19.831111907958984,1733625,20.239999771118164,20.151111602783203,18.393203735351562
05-12-2007,20.266666412353516,20.382221221923828,1477125,20.622222900390625,20.591110229492188,18.81972312927246
06-12-2007,20.591110229492188,20.591110229492188,1432125,21.217777252197266,21.14666748046875,19.327491760253906
07-12-2007,21.004444122314453,21.14666748046875,811125,21.262222290039062,21.128889083862305,19.31124496459961
10-12-2007,21.151111602783203,21.200000762939453,983475,21.53333282470703,21.293333053588867,19.4615421295166
11-12-2007,20.431110382080078,21.386667251586914,1431450,21.386667251586914,20.58222198486328,18.811599731445312
12-12-2007,20.31999969482422,21.031110763549805,2132550,21.031110763549805,20.60444450378418,18.831912994384766
13-12-2007,20.431110382080078,20.55555534362793,1089675,20.760000228881836,20.706666946411133,18.92534637451172
14-12-2007,20.0,20.82666778564453,1578375,20.82666778564453,20.69333267211914,18.913156509399414
17-12-2007,20.55555534362793,20.635555267333984,1633050,20.9777774810791,20.568889617919922,18.799415588378906
18-12-2007,20.502222061157227,20.719999313354492,1328625,20.768888473510742,20.613332748413086,18.84003448486328
19-12-2007,20.546667098999023,20.608888626098633,691650,20.857778549194336,20.55555534362793,18.7872314453125
20-12-2007,20.34666633605957,20.666667938232422,1222425,20.70222282409668,20.502222061157227,18.738481521606445
21-12-2007,20.542221069335938,20.719999313354492,1661850,20.96444320678711,20.9244441986084,19.124378204345703
24-12-2007,20.915555953979492,20.9244441986084,274950,21.231111526489258,21.17333221435547,19.351858139038086
26-12-2007,21.017778396606445,21.11111068725586,424350,21.191110610961914,21.13777732849121,19.319360733032227
27-12-2007,20.666667938232422,21.133333206176758,402975,21.217777252197266,20.733333587646484,18.949710845947266
28-12-2007,20.639999389648438,20.857778549194336,739575,20.96444320678711,20.808889389038086,19.018766403198242
31-12-2007,20.711111068725586,20.822221755981445,1087650,20.86222267150879,20.817777633666992,19.02688980102539
02-01-2008,20.324443817138672,20.799999237060547,1224450,20.866666793823242,20.475555419921875,18.714111328125
03-01-2008,20.44444465637207,20.586666107177734,1241550,20.857778549194336,20.657777786254883,18.880657196044922
04-01-2008,19.955556869506836,20.422222137451172,1380600,20.435556411743164,20.079999923706055,18.35257911682129
07-01-2008,19.76444435119629,20.128889083862305,2069550,20.293333053588867,20.008888244628906,18.287578582763672
08-01-2008,19.128889083862305,20.0222225189209,1482525,20.204444885253906,19.142221450805664,17.495487213134766
09-01-2008,18.671110153198242,19.079999923706055,2053350,19.342222213745117,19.04888916015625,17.41016960144043
10-01-2008,18.53333282470703,18.822221755981445,2805300,19.133333206176758,18.955556869506836,17.32487678527832
11-01-2008,18.50666618347168,18.76444435119629,1927350,19.031110763549805,18.63111114501953,17.028337478637695
14-01-2008,18.51555633544922,18.724443435668945,1608300,18.760000228881836,18.617778778076172,17.016151428222656
15-01-2008,18.29777717590332,18.377777099609375,1429875,18.626667022705078,18.391111373901367,16.808988571166992
16-01-2008,18.115556716918945,18.280000686645508,1505475,18.586666107177734,18.248889923095703,16.678997039794922
17-01-2008,17.497777938842773,18.288888931274414,1797300,18.546667098999023,17.53333282470703,16.025001525878906
18-01-2008,17.14666748046875,17.617778778076172,2243025,17.85333251953125,17.311111450195312,15.821893692016602
22-01-2008,16.48444366455078,16.55555534362793,2423250,17.65333366394043,17.377777099609375,15.882827758789062
23-01-2008,16.72888946533203,16.72888946533203,4936500,18.666667938232422,18.03555679321289,16.4840145111084
24-01-2008,18.41777801513672,18.41777801513672,3920400,19.586666107177734,19.28444480895996,17.625463485717773
25-01-2008,19.315555572509766,19.457778930664062,2927700,19.844444274902344,19.440000534057617,17.76763916015625
28-01-2008,19.22222137451172,19.404443740844727,2173950,19.697778701782227,19.648889541625977,17.958560943603516
29-01-2008,19.408889770507812,19.795555114746094,2232000,20.102222442626953,19.608888626098633,17.921998977661133
30-01-2008,19.391111373901367,19.53333282470703,1644975,19.866666793823242,19.422222137451172,17.75139617919922
31-01-2008,19.02666664123535,19.102222442626953,2965725,19.64444351196289,19.573333740234375,17.889497756958008
01-02-2008,19.351110458374023,19.65333366394043,3290850,19.81333351135254,19.773332595825195,18.072296142578125
04-02-2008,19.520000457763672,20.14666748046875,1370025,20.14666748046875,19.542221069335938,17.861064910888672
05-02-2008,19.106666564941406,19.231111526489258,1683900,19.440000534057617,19.200000762939453,17.548288345336914
06-02-2008,18.9244441986084,19.29777717590332,1587375,19.435556411743164,18.97333335876465,17.34111213684082
07-02-2008,18.475555419921875,18.897777557373047,2132325,18.9244441986084,18.671110153198242,17.06489372253418
08-02-2008,18.586666107177734,18.648889541625977,1424925,19.040000915527344,18.920000076293945,17.292375564575195
11-02-2008,18.768888473510742,18.857778549194336,1065375,19.231111526489258,19.164443969726562,17.51580047607422
12-02-2008,19.066667556762695,19.226667404174805,1761525,19.377777099609375,19.22222137451172,17.568603515625
13-02-2008,19.253332138061523,19.324443817138672,835650,19.51555633544922,19.50666618347168,17.828575134277344
14-02-2008,19.244443893432617,19.573333740234375,1255725,19.591110229492188,19.342222213745117,17.678279876708984
15-02-2008,18.82666778564453,19.226667404174805,823500,19.266666412353516,18.9777774810791,17.345182418823242
19-02-2008,18.684444427490234,19.13777732849121,1104075,19.31999969482422,18.711111068725586,17.10145378112793
20-02-2008,18.151111602783203,18.657777786254883,1937475,18.920000076293945,18.848888397216797,17.227378845214844
21-02-2008,18.87555694580078,18.995555877685547,1913400,19.040000915527344,19.004444122314453,17.369556427001953
22-02-2008,18.87555694580078,19.093332290649414,1606275,19.231111526489258,19.231111526489258,17.57672119140625
25-02-2008,19.084444046020508,19.182222366333008,1076175,19.511110305786133,19.457778930664062,17.783897399902344
26-02-2008,19.382221221923828,19.422222137451172,1222425,19.933332443237305,19.87555694580078,18.165721893310547
27-02-2008,19.751110076904297,19.751110076904297,1518975,20.288888931274414,19.884443283081055,18.17385482788086
28-02-2008,19.48444366455078,19.746667861938477,947700,19.746667861938477,19.60444450378418,17.917938232421875
29-02-2008,18.8799991607666,19.435556411743164,1175850,19.435556411743164,18.92888832092285,17.300500869750977
03-03-2008,18.808889389038086,18.92888832092285,1504125,19.351110458374023,19.34666633605957,17.68233871459961
04-03-2008,18.71555519104004,19.248889923095703,2069550,19.280000686645508,18.9777774810791,17.345182418823242
05-03-2008,18.96444320678711,19.0222225189209,1129725,19.431110382080078,19.057777404785156,17.418298721313477
06-03-2008,18.844444274902344,18.995555877685547,1212075,19.217777252197266,18.844444274902344,17.22332191467285
07-03-2008,18.462221145629883,18.666667938232422,1036800,18.844444274902344,18.542221069335938,16.947097778320312
10-03-2008,18.22222137451172,18.53333282470703,1406700,18.617778778076172,18.266666412353516,16.695241928100586
11-03-2008,18.31999969482422,18.65333366394043,1396350,18.8799991607666,18.844444274902344,17.22332191467285
12-03-2008,18.831111907958984,18.9244441986084,1182375,19.231111526489258,18.85333251953125,17.2314395904541
13-03-2008,18.440000534057617,18.586666107177734,1056600,19.106666564941406,18.995555877685547,17.386016845703125
14-03-2008,18.46666717529297,19.18666648864746,1401300,19.275556564331055,18.635555267333984,17.0565242767334
17-03-2008,18.07111167907715,18.426666259765625,2203200,18.53333282470703,18.373332977294922,16.816526412963867
18-03-2008,18.502222061157227,18.719999313354492,1337625,19.102222442626953,19.03555679321289,17.422636032104492
19-03-2008,18.635555267333984,19.253332138061523,1471050,19.328889846801758,18.635555267333984,17.0565242767334
20-03-2008,18.399999618530273,18.591110229492188,1213425,18.822221755981445,18.817777633666992,17.223308563232422
24-03-2008,18.822221755981445,18.857778549194336,966150,19.568889617919922,19.30666732788086,17.670774459838867
25-03-2008,19.200000762939453,19.351110458374023,1027350,19.648889541625977,19.568889617919922,17.91077995300293
26-03-2008,19.217777252197266,19.51555633544922,717525,19.51555633544922,19.386667251586914,17.743995666503906
27-03-2008,19.008888244628906,19.431110382080078,1166625,19.431110382080078,19.102222442626953,17.48365592956543
28-03-2008,19.084444046020508,19.142221450805664,972000,19.399999618530273,19.155555725097656,17.532468795776367
31-03-2008,19.0,19.226667404174805,1392750,19.53333282470703,19.51555633544922,17.861963272094727
01-04-2008,19.53333282470703,19.70222282409668,954900,20.14666748046875,20.12444305419922,18.41925621032715
02-04-2008,20.008888244628906,20.168888092041016,1115100,20.457778930664062,20.262222290039062,18.545364379882812
03-04-2008,20.040000915527344,20.164443969726562,921150,20.288888931274414,20.266666412353516,18.54942512512207
04-04-2008,19.755556106567383,20.262222290039062,1078650,20.262222290039062,20.044443130493164,18.34603500366211
07-04-2008,19.92888832092285,20.044443130493164,733275,20.311111450195312,19.946666717529297,18.25653839111328
08-04-2008,19.65333366394043,19.768888473510742,584325,20.053333282470703,20.017778396606445,18.32162857055664
09-04-2008,19.595556259155273,20.004444122314453,854775,20.040000915527344,19.737777709960938,18.065353393554688
10-04-2008,19.58222198486328,19.77777862548828,1122525,19.9777774810791,19.884443283081055,18.199600219726562
11-04-2008,19.46666717529297,19.71555519104004,1192950,19.72888946533203,19.520000457763672,17.866025924682617
14-04-2008,19.46666717529297,19.479999542236328,1176300,19.79111099243164,19.68000030517578,18.012470245361328
15-04-2008,19.542221069335938,19.831111907958984,999000,19.831111907958984,19.751110076904297,18.077556610107422
16-04-2008,19.893333435058594,19.933332443237305,812700,20.44444465637207,20.39555549621582,18.667396545410156
17-04-2008,20.040000915527344,20.351110458374023,596475,20.408889770507812,20.14666748046875,18.439598083496094
18-04-2008,20.440000534057617,20.49333381652832,1440450,21.03555679321289,20.85333251953125,19.086380004882812
21-04-2008,21.435556411743164,21.435556411743164,3922425,22.568889617919922,22.08888816833496,20.21725082397461
22-04-2008,21.537778854370117,21.626667022705078,1961100,22.15999984741211,21.68000030517578,19.843006134033203
23-04-2008,21.537778854370117,21.737777709960938,1400175,21.844444274902344,21.600000381469727,19.769798278808594
24-04-2008,21.337778091430664,21.53333282470703,1081575,21.760000228881836,21.617778778076172,19.786054611206055
25-04-2008,21.46666717529297,21.64444351196289,1160325,21.835556030273438,21.795555114746094,19.948768615722656
28-04-2008,21.844444274902344,21.91111183166504,1397700,22.11111068725586,21.88888931274414,20.034202575683594
29-04-2008,21.63111114501953,21.88888931274414,708750,21.942222595214844,21.671110153198242,19.83487319946289
30-04-2008,21.497777938842773,21.760000228881836,1919925,21.893333435058594,21.564443588256836,19.73724365234375
01-05-2008,21.537778854370117,21.564443588256836,1071900,22.03555679321289,22.0222225189209,20.156234741210938
02-05-2008,21.639999389648438,22.22222137451172,1108125,22.22222137451172,21.746667861938477,19.904022216796875
05-05-2008,21.608888626098633,21.608888626098633,823725,21.91111183166504,21.848888397216797,19.997583389282227
06-05-2008,21.639999389648438,21.8799991607666,1687500,22.471111297607422,22.315555572509766,20.42470932006836
07-05-2008,21.688888549804688,22.30666732788086,991125,22.39555549621582,21.746667861938477,19.904022216796875
08-05-2008,21.72888946533203,21.799999237060547,874575,22.03555679321289,22.008888244628906,20.144027709960938
09-05-2008,21.635555267333984,21.9022216796875,673650,21.98666763305664,21.848888397216797,19.997583389282227
12-05-2008,21.848888397216797,21.915555953979492,832500,22.328889846801758,22.324443817138672,20.432849884033203
13-05-2008,22.11111068725586,22.399999618530273,1158525,22.502222061157227,22.502222061157227,20.595561981201172
14-05-2008,22.53333282470703,22.53333282470703,1315125,22.88888931274414,22.662221908569336,20.74201011657715
15-05-2008,22.724443435668945,22.724443435668945,1917675,23.41777801513672,23.413333892822266,21.429471969604492
16-05-2008,23.200000762939453,23.511110305786133,1695150,23.608888626098633,23.546667098999023,21.551509857177734
19-05-2008,22.49333381652832,23.511110305786133,2380725,23.511110305786133,22.65333366394043,20.733861923217773
20-05-2008,21.87555694580078,22.53333282470703,2333250,22.586666107177734,22.133333206176758,20.25792694091797
21-05-2008,21.831111907958984,22.128889083862305,1176975,22.333332061767578,21.9244441986084,20.066736221313477
22-05-2008,21.844444274902344,21.9244441986084,979875,22.164443969726562,22.106666564941406,20.233518600463867
23-05-2008,21.706666946411133,21.991111755371094,1162575,22.04888916015625,21.85333251953125,20.001649856567383
27-05-2008,21.58222198486328,21.9022216796875,1563300,21.955556869506836,21.893333435058594,20.03826904296875
28-05-2008,21.884443283081055,21.91111183166504,1970100,22.488889694213867,22.479999542236328,20.57521629333496
29-05-2008,22.20888900756836,22.49333381652832,1644300,22.613332748413086,22.479999542236328,20.57521629333496
30-05-2008,22.324443817138672,22.479999542236328,1282500,22.817777633666992,22.799999237060547,20.86810302734375
02-06-2008,22.426666259765625,22.773332595825195,1086975,22.866666793823242,22.648889541625977,20.72980499267578
03-06-2008,22.497777938842773,22.751110076904297,1029600,22.884443283081055,22.711111068725586,20.786746978759766
04-06-2008,22.528888702392578,22.675556182861328,1218150,22.8799991607666,22.782222747802734,20.85183334350586
05-06-2008,22.835556030273438,22.835556030273438,1260900,23.577777862548828,23.577777862548828,21.57998275756836
06-06-2008,22.733333587646484,23.44444465637207,1120050,23.44444465637207,22.76444435119629,20.83556365966797
09-06-2008,22.311111450195312,22.786666870117188,1205100,22.871110916137695,22.551111221313477,20.640310287475586
10-06-2008,22.30666732788086,22.377777099609375,1678500,22.9244441986084,22.782222747802734,20.85183334350586
11-06-2008,22.573333740234375,22.81333351135254,1677150,22.88888931274414,22.773332595825195,20.843692779541016
12-06-2008,22.288888931274414,22.844444274902344,1884825,23.13777732849121,22.382221221923828,20.509742736816406
13-06-2008,22.511110305786133,22.63111114501953,1467675,22.942222595214844,22.920000076293945,21.00253677368164
16-06-2008,22.666667938232422,22.666667938232422,953775,23.057777404785156,22.9244441986084,21.00660514831543
17-06-2008,22.639999389648438,22.955556869506836,1064925,23.053333282470703,22.711111068725586,20.81112289428711
18-06-2008,22.431110382080078,22.55555534362793,1095750,22.773332595825195,22.64444351196289,20.75003433227539
19-06-2008,22.546667098999023,22.64444351196289,751275,22.87555694580078,22.799999237060547,20.892566680908203
20-06-2008,22.639999389648438,22.91111183166504,2178225,23.23555564880371,22.795555114746094,20.888505935668945
23-06-2008,22.559999465942383,22.946666717529297,1335375,22.946666717529297,22.608888626098633,20.717451095581055
24-06-2008,22.1200008392334,22.551111221313477,2435175,22.551111221313477,22.333332061767578,20.464941024780273
25-06-2008,22.191110610961914,22.333332061767578,2536200,22.639999389648438,22.315555572509766,20.44865608215332
26-06-2008,21.066667556762695,22.244443893432617,1975500,22.244443893432617,21.164443969726562,19.393848419189453
27-06-2008,20.86222267150879,21.204444885253906,2314575,21.435556411743164,20.9777774810791,19.22279930114746
30-06-2008,20.737777709960938,20.9777774810791,1738575,21.360000610351562,20.98666763305664,19.230939865112305
01-07-2008,20.577777862548828,20.82666778564453,1751400,21.226667404174805,21.13777732849121,19.369413375854492
02-07-2008,20.48444366455078,21.18666648864746,1640025,21.324443817138672,20.551111221313477,18.83182144165039
03-07-2008,20.31999969482422,20.586666107177734,1027125,20.746667861938477,20.46666717529297,18.75444221496582
07-07-2008,20.315555572509766,20.617778778076172,1484550,20.955556869506836,20.537778854370117,18.819608688354492
08-07-2008,20.457778930664062,20.622222900390625,1327275,21.1200008392334,21.1200008392334,19.353113174438477
09-07-2008,20.559999465942383,21.204444885253906,1661850,21.542221069335938,20.70222282409668,18.97029685974121
10-07-2008,20.479999542236328,20.755556106567383,1511775,20.884443283081055,20.799999237060547,19.059885025024414
11-07-2008,20.337778091430664,20.551111221313477,2090475,21.151111602783203,20.959999084472656,19.206506729125977
14-07-2008,20.511110305786133,21.151111602783203,1732050,21.22222137451172,20.915555953979492,19.165782928466797
15-07-2008,20.457778930664062,20.751110076904297,1553175,21.155555725097656,20.84000015258789,19.096546173095703
16-07-2008,20.497777938842773,20.857778549194336,1085400,21.25777816772461,21.231111526489258,19.454936981201172
17-07-2008,21.311111450195312,21.311111450195312,1914075,22.23555564880371,22.23555564880371,20.375347137451172
18-07-2008,21.666667938232422,22.28444480895996,2733750,22.497777938842773,22.35555648803711,20.48531723022461
21-07-2008,22.0,23.293333053588867,3474675,23.333332061767578,22.168888092041016,20.314258575439453
22-07-2008,22.044443130493164,22.1200008392334,3584250,22.657777786254883,22.440000534057617,20.562692642211914
23-07-2008,22.004444122314453,22.413333892822266,2726550,22.50666618347168,22.0755558013916,20.228740692138672
24-07-2008,21.502222061157227,22.18666648864746,2284650,22.657777786254883,21.546667098999023,19.744091033935547
25-07-2008,21.568889617919922,21.71555519104004,1728675,21.906667709350586,21.724443435668945,19.906997680664062
28-07-2008,21.333332061767578,21.706666946411133,1195425,21.844444274902344,21.46666717529297,19.670787811279297
29-07-2008,21.426666259765625,21.48444366455078,1407150,21.72888946533203,21.64444351196289,19.833690643310547
30-07-2008,21.168888092041016,21.79111099243164,2423025,21.82666778564453,21.53333282470703,19.731876373291016
31-07-2008,21.266666412353516,21.382221221923828,1895625,21.528888702392578,21.27111053466797,19.491586685180664
01-08-2008,20.724443435668945,21.142221450805664,1530900,21.328889846801758,21.084444046020508,19.320531845092773
04-08-2008,20.551111221313477,21.115556716918945,1247625,21.115556716918945,20.608888626098633,18.884765625
05-08-2008,20.760000228881836,20.768888473510742,1338525,21.213333129882812,21.182222366333008,19.410137176513672
06-08-2008,21.057777404785156,21.182222366333008,2380050,21.34666633605957,21.22222137451172,19.446792602539062
07-08-2008,20.542221069335938,21.040000915527344,2079675,21.057777404785156,20.573333740234375,18.852190017700195
08-08-2008,20.53333282470703,20.595556259155273,1443825,21.164443969726562,21.133333206176758,19.365339279174805
11-08-2008,20.657777786254883,20.9244441986084,1620225,21.0977783203125,21.057777404785156,19.29610824584961
12-08-2008,20.595556259155273,20.91111183166504,1213200,21.11111068725586,20.706666946411133,18.974367141723633
13-08-2008,20.542221069335938,20.617778778076172,1777050,20.88888931274414,20.85333251953125,19.108760833740234
14-08-2008,20.697778701782227,20.77777862548828,997650,21.28444480895996,21.239999771118164,19.463075637817383
15-08-2008,21.333332061767578,21.333332061767578,2371500,21.666667938232422,21.475555419921875,19.678926467895508
18-08-2008,21.315555572509766,21.542221069335938,1463850,21.77777862548828,21.524444580078125,19.723730087280273
19-08-2008,21.164443969726562,21.471111297607422,1381050,21.622222900390625,21.248889923095703,19.471229553222656
20-08-2008,21.239999771118164,21.333332061767578,1232100,21.688888549804688,21.49333381652832,19.695226669311523
21-08-2008,21.364444732666016,21.377777099609375,1126800,21.77777862548828,21.622222900390625,19.81332778930664
22-08-2008,21.626667022705078,21.77777862548828,775350,21.86222267150879,21.844444274902344,20.01695442199707
25-08-2008,21.275556564331055,21.71555519104004,1327050,21.71555519104004,21.311111450195312,19.528240203857422
26-08-2008,21.22222137451172,21.382221221923828,1096650,21.426666259765625,21.41777801513672,19.625991821289062
27-08-2008,21.328889846801758,21.426666259765625,802575,21.684444427490234,21.50666618347168,19.707439422607422
28-08-2008,21.497777938842773,21.65333366394043,1282950,22.03555679321289,22.01333236694336,20.17172622680664
29-08-2008,21.502222061157227,21.968889236450195,751050,21.968889236450195,21.573333740234375,19.768531799316406
02-09-2008,21.226667404174805,21.817777633666992,1439325,22.1200008392334,21.29777717590332,19.516023635864258
03-09-2008,21.25777816772461,21.266666412353516,1605825,21.573333740234375,21.440000534057617,19.64634895324707
04-09-2008,20.200000762939453,21.333332061767578,2205900,21.35555648803711,20.20888900756836,18.518230438232422
05-09-2008,19.657777786254883,20.093332290649414,1665675,20.15999984741211,20.031110763549805,18.355323791503906
08-09-2008,19.946666717529297,20.600000381469727,1264950,20.662221908569336,20.25777816772461,18.563026428222656
09-09-2008,19.462221145629883,20.151111602783203,2064600,20.293333053588867,19.471111297607422,17.84218406677246
10-09-2008,19.520000457763672,19.600000381469727,1486800,19.9777774810791,19.857778549194336,18.196489334106445
11-09-2008,19.204444885253906,19.657777786254883,1852650,19.799999237060547,19.671110153198242,18.02544403076172
12-09-2008,19.413333892822266,19.586666107177734,1502325,19.915555953979492,19.884443283081055,18.245662689208984
15-09-2008,18.9022216796875,19.51555633544922,2223000,19.573333740234375,18.955556869506836,17.393333435058594
16-09-2008,18.280000686645508,18.58222198486328,3371175,19.177778244018555,19.177778244018555,17.59723663330078
17-09-2008,18.448888778686523,18.857778549194336,2232000,18.98666763305664,18.457778930664062,16.936580657958984
18-09-2008,17.311111450195312,18.671110153198242,2535525,19.07111167907715,18.991111755371094,17.425952911376953
19-09-2008,19.17333221435547,21.600000381469727,4145175,22.266666412353516,19.64444351196289,18.025455474853516
22-09-2008,18.751110076904297,19.497777938842773,1209825,19.608888626098633,18.808889389038086,17.258747100830078
23-09-2008,18.315555572509766,18.808889389038086,1438650,19.079999923706055,18.426666259765625,16.908031463623047
24-09-2008,18.057777404785156,18.426666259765625,1314900,18.577777862548828,18.31999969482422,16.810155868530273
25-09-2008,18.351110458374023,18.422222137451172,1334475,18.737777709960938,18.39555549621582,16.879480361938477
26-09-2008,17.77777862548828,18.08888816833496,1662525,18.13777732849121,18.106666564941406,16.61440086364746
29-09-2008,16.817777633666992,17.82666778564453,2587500,17.82666778564453,17.07111167907715,15.664186477661133
30-09-2008,16.773332595825195,17.266666412353516,3148200,18.360000610351562,18.1200008392334,16.626632690429688
01-10-2008,17.897777557373047,18.040000915527344,2130975,18.328889846801758,18.066667556762695,16.577701568603516
02-10-2008,16.831111907958984,17.942222595214844,1159200,17.968889236450195,16.884443283081055,15.492908477783203
03-10-2008,16.586666107177734,17.155555725097656,2389050,17.382221221923828,16.591110229492188,15.223752975463867
06-10-2008,14.724444389343262,16.128889083862305,3539475,16.128889083862305,15.475556373596191,14.200136184692383
07-10-2008,14.533332824707031,15.74666690826416,2294775,15.808889389038086,14.564443588256836,13.364113807678223
08-10-2008,13.982221603393555,14.119999885559082,3768750,15.724444389343262,15.008889198303223,13.771925926208496
09-10-2008,14.057778358459473,15.177778244018555,2460825,15.422222137451172,14.444443702697754,13.254003524780273
10-10-2008,13.20888900756836,13.706666946411133,3599775,15.30222225189209,14.813332557678223,13.592491149902344
13-10-2008,15.30666732788086,15.41333293914795,3847500,17.133333206176758,17.133333206176758,15.721288681030273
14-10-2008,16.040000915527344,17.84000015258789,3136275,17.915555953979492,16.413333892822266,15.06062126159668
15-10-2008,14.804444313049316,16.01333236694336,1731150,16.568889617919922,14.804444313049316,13.584332466125488
16-10-2008,14.053333282470703,14.786666870117188,3352950,15.41333293914795,15.359999656677246,14.09410285949707
17-10-2008,14.69777774810791,14.835556030273438,2781000,16.0977783203125,15.30222225189209,14.041084289550781
20-10-2008,15.195555686950684,15.217778205871582,3003075,15.74222183227539,15.324443817138672,14.061476707458496
21-10-2008,15.355555534362793,15.506667137145996,4346775,15.875555992126465,15.671111106872559,14.379573822021484
22-10-2008,14.702221870422363,15.30222225189209,2688975,15.48888874053955,15.008889198303223,13.771925926208496
23-10-2008,14.06222152709961,15.11111068725586,1818675,15.271110534667969,14.564443588256836,13.364113807678223
24-10-2008,12.933333396911621,13.284443855285645,2803725,13.920000076293945,13.577777862548828,12.458762168884277
27-10-2008,12.591111183166504,13.333333015441895,3940650,13.671111106872559,12.604443550109863,11.565642356872559
28-10-2008,12.213333129882812,12.622221946716309,2701575,13.311111450195312,13.311111450195312,12.214076042175293
29-10-2008,13.04444408416748,13.359999656677246,2103075,14.066666603088379,13.533332824707031,12.417980194091797
30-10-2008,13.915555953979492,13.915555953979492,2368575,14.822221755981445,14.524443626403809,13.327407836914062
31-10-2008,14.239999771118164,14.617777824401855,3684375,14.897777557373047,14.777777671813965,13.55986499786377
03-11-2008,14.448888778686523,14.715556144714355,1722600,14.924444198608398,14.69333267211914,13.482378959655762
04-11-2008,14.786666870117188,15.039999961853027,1793925,15.235555648803711,15.20888900756836,13.955446243286133
05-11-2008,14.271110534667969,14.977778434753418,1238400,15.133333206176758,14.333333015441895,13.152048110961914
06-11-2008,13.431111335754395,14.191110610961914,1676025,14.568888664245605,13.4622220993042,12.352733612060547
07-11-2008,13.342222213745117,13.564443588256836,1409400,13.862221717834473,13.715556144714355,12.585186004638672
10-11-2008,13.51111125946045,14.06222152709961,1163250,14.284443855285645,13.684444427490234,12.55663776397705
11-11-2008,13.124444007873535,13.5377779006958,1887075,13.835556030273438,13.444443702697754,12.336413383483887
12-11-2008,12.768889427185059,13.151110649108887,2312550,13.266667366027832,12.995555877685547,11.924529075622559
13-11-2008,12.733332633972168,13.066666603088379,5345550,14.11111068725586,13.946666717529297,12.797250747680664
14-11-2008,13.217778205871582,13.724444389343262,3375675,14.319999694824219,13.244443893432617,12.15290355682373
17-11-2008,13.004444122314453,13.0977783203125,2700000,13.964444160461426,13.515556335449219,12.4016695022583
18-11-2008,13.533332824707031,13.675556182861328,3811500,14.328888893127441,14.106666564941406,12.944062232971191
19-11-2008,13.008889198303223,14.106666564941406,2859075,14.30666732788086,13.053333282470703,11.977543830871582
20-11-2008,12.457777976989746,12.95555591583252,3720375,13.262222290039062,12.595556259155273,11.55749225616455
21-11-2008,12.435556411743164,12.835556030273438,4976775,13.5377779006958,13.333333015441895,12.234464645385742
24-11-2008,13.466667175292969,13.533332824707031,5125500,14.342222213745117,14.09333324432373,12.931828498840332
25-11-2008,13.88888931274414,14.124444007873535,8951175,14.688888549804688,14.368888854980469,13.184674263000488
26-11-2008,13.964444160461426,14.09333324432373,2596725,15.346667289733887,15.173333168029785,13.922818183898926
28-11-2008,15.022221565246582,15.088889122009277,1150650,15.524443626403809,15.524443626403809,14.2449951171875
01-12-2008,13.666666984558105,14.724444389343262,2367000,15.119999885559082,13.768889427185059,12.634121894836426
02-12-2008,13.933333396911621,14.079999923706055,3773025,14.631111145019531,14.319999694824219,13.139811515808105
03-12-2008,13.671111106872559,13.880000114440918,3633525,14.595556259155273,14.528888702392578,13.356361389160156
04-12-2008,13.151110649108887,14.319999694824219,3413700,14.675556182861328,13.479999542236328,12.392119407653809
05-12-2008,12.95555591583252,13.315555572509766,3085200,13.93777847290039,13.924444198608398,12.800699234008789
08-12-2008,13.95555591583252,14.484443664550781,3717900,14.520000457763672,14.106666564941406,12.968212127685547
09-12-2008,13.515556335449219,13.946666717529297,2180250,14.284443855285645,13.64888858795166,12.547379493713379
10-12-2008,13.444443702697754,13.5600004196167,3282975,14.04444408416748,13.582221984863281,12.486093521118164
11-12-2008,12.69333267211914,13.506667137145996,3415500,13.804444313049316,12.942221641540527,11.897745132446289
12-12-2008,12.199999809265137,12.622221946716309,2779200,13.09333324432373,12.786666870117188,11.754741668701172
15-12-2008,12.333333015441895,12.946666717529297,2654775,12.995555877685547,12.497777938842773,11.489161491394043
16-12-2008,12.444443702697754,12.622221946716309,2473650,13.373332977294922,13.284443855285645,12.212347030639648
17-12-2008,13.04444408416748,13.14222240447998,2201400,13.9022216796875,13.684444427490234,12.58006763458252
18-12-2008,13.115555763244629,13.680000305175781,3005775,13.822221755981445,13.382222175598145,12.30223274230957
19-12-2008,13.084444046020508,13.395556449890137,3132000,13.524443626403809,13.266667366027832,12.196004867553711
22-12-2008,12.14222240447998,13.222222328186035,3856725,13.222222328186035,12.613332748413086,11.5953950881958
23-12-2008,12.626667022705078,12.666666984558105,3859425,12.964444160461426,12.813332557678223,11.779255867004395
24-12-2008,12.604443550109863,12.866666793823242,782325,12.911110877990723,12.826666831970215,11.791512489318848
26-12-2008,12.640000343322754,12.831110954284668,1474875,12.95555591583252,12.915555953979492,11.873231887817383
29-12-2008,12.671111106872559,12.928889274597168,1565100,13.031110763549805,12.804444313049316,11.771085739135742
30-12-2008,12.760000228881836,12.848889350891113,1402875,13.168889045715332,13.168889045715332,12.106117248535156
31-12-2008,13.235555648803711,13.235555648803711,1381500,13.533332824707031,13.426667213439941,12.343095779418945
02-01-2009,13.328888893127441,13.444443702697754,1519200,14.137778282165527,14.075555801391602,12.939619064331055
05-01-2009,13.533332824707031,14.035555839538574,1966275,14.053333282470703,13.69333267211914,12.588235855102539
06-01-2009,13.69333267211914,13.755556106567383,2247075,13.977778434753418,13.831110954284668,12.714895248413086
07-01-2009,13.506667137145996,13.617777824401855,2040525,13.862221717834473,13.653332710266113,12.551464080810547
08-01-2009,13.422222137451172,13.640000343322754,1558800,13.773332595825195,13.755556106567383,12.645439147949219
09-01-2009,13.11111068725586,13.733332633972168,1555200,13.755556106567383,13.431111335754395,12.347173690795898
12-01-2009,12.808889389038086,13.342222213745117,1158525,13.4399995803833,12.946666717529297,11.901833534240723
13-01-2009,12.773332595825195,12.853333473205566,2293875,13.146666526794434,13.102222442626953,12.044829368591309
14-01-2009,12.848889350891113,12.986666679382324,4675275,13.333333015441895,13.20888900756836,12.142889022827148
15-01-2009,13.022221565246582,13.022221565246582,3882825,14.244443893432617,14.11111068725586,12.97230052947998
16-01-2009,14.0,14.502222061157227,2752200,14.555556297302246,14.444443702697754,13.278730392456055
20-01-2009,13.93777847290039,14.319999694824219,3117375,14.58666706085205,14.04444408416748,12.911011695861816
21-01-2009,13.968889236450195,14.079999923706055,2489175,14.595556259155273,14.555556297302246,13.380877494812012
22-01-2009,13.848889350891113,14.25333309173584,1840500,14.448888778686523,14.146666526794434,13.004986763000488
23-01-2009,13.817777633666992,13.835556030273438,2575800,14.382222175598145,14.102222442626953,12.964129447937012
26-01-2009,13.826666831970215,14.151110649108887,3191625,14.315555572509766,14.017778396606445,12.886497497558594
27-01-2009,13.862221717834473,14.133333206176758,2674800,14.191110610961914,13.986666679382324,12.857900619506836
28-01-2009,14.04444408416748,14.11111068725586,3424725,14.399999618530273,14.368888854980469,13.209271430969238
29-01-2009,13.991110801696777,14.191110610961914,1416825,14.386667251586914,14.14222240447998,13.000896453857422
30-01-2009,13.946666717529297,14.0,3107925,14.564443588256836,14.20444393157959,13.058099746704102
02-02-2009,13.822221755981445,14.031110763549805,3285900,14.546667098999023,14.408888816833496,13.246049880981445
03-02-2009,14.022221565246582,14.377778053283691,2583675,14.520000457763672,14.315555572509766,13.16024398803711
04-02-2009,14.039999961853027,14.391111373901367,2150550,14.69777774810791,14.079999923706055,12.943696022033691
05-02-2009,13.822221755981445,14.004444122314453,1668600,14.471111297607422,14.315555572509766,13.16024398803711
06-02-2009,14.275555610656738,14.3644437789917,1837350,14.826666831970215,14.706666946411133,13.519794464111328
09-02-2009,14.346667289733887,14.506667137145996,1869975,14.74666690826416,14.475556373596191,13.307330131530762
10-02-2009,13.9022216796875,14.319999694824219,2314575,14.640000343322754,14.026666641235352,12.894669532775879
11-02-2009,13.95555591583252,14.146666526794434,1235250,14.275555610656738,14.115555763244629,12.976384162902832
12-02-2009,13.604443550109863,13.782221794128418,1794600,14.075555801391602,14.04888916015625,12.91510009765625
13-02-2009,14.035555839538574,14.199999809265137,2664000,14.328888893127441,14.119999885559082,12.980467796325684
17-02-2009,13.4622220993042,13.74666690826416,1936575,14.262222290039062,13.524443626403809,12.432978630065918
18-02-2009,13.25333309173584,13.622221946716309,1758150,13.657777786254883,13.51111125946045,12.420719146728516
19-02-2009,13.079999923706055,13.591111183166504,1818900,13.666666984558105,13.133333206176758,12.073430061340332
20-02-2009,12.395556449890137,12.875555992126465,2356425,13.657777786254883,12.613332748413086,11.5953950881958
23-02-2009,11.982221603393555,12.680000305175781,1791225,12.84000015258789,12.013333320617676,11.043818473815918
24-02-2009,11.928889274597168,12.146666526794434,1620450,12.368888854980469,12.311111450195312,11.31756591796875
25-02-2009,11.93777847290039,12.288888931274414,1383075,12.377778053283691,12.128889083862305,11.150050163269043
26-02-2009,11.835556030273438,12.279999732971191,915975,12.3644437789917,11.880000114440918,10.921241760253906
27-02-2009,11.684444427490234,11.69777774810791,2753775,12.128889083862305,11.760000228881836,10.810931205749512
02-03-2009,10.90666675567627,11.528888702392578,2209500,11.564443588256836,10.960000038146973,10.075494766235352
03-03-2009,10.93777847290039,11.106666564941406,2360700,11.399999618530273,11.231110572814941,10.324723243713379
04-03-2009,11.337778091430664,11.3644437789917,4476150,12.431111335754395,12.266667366027832,11.276707649230957
05-03-2009,11.733332633972168,11.924444198608398,4586625,12.226667404174805,12.182222366333008,11.199078559875488
06-03-2009,11.79111099243164,12.30666732788086,3467925,12.368888854980469,12.137778282165527,11.158218383789062
09-03-2009,11.79555606842041,12.04888916015625,2967525,12.297778129577637,11.866666793823242,10.908987998962402
10-03-2009,12.057778358459473,12.115555763244629,2560725,12.622221946716309,12.506667137145996,11.49734115600586
11-03-2009,12.4622220993042,12.626667022705078,1355400,12.848889350891113,12.688888549804688,11.664855003356934
12-03-2009,12.457777976989746,12.706666946411133,1426950,13.235555648803711,13.195555686950684,12.13062858581543
13-03-2009,12.817777633666992,13.293333053588867,1537200,13.293333053588867,12.968889236450195,11.946398735046387
16-03-2009,12.928889274597168,13.09333324432373,1675125,13.324443817138672,13.102222442626953,12.069222450256348
17-03-2009,12.95555591583252,13.071110725402832,1329075,13.382222175598145,13.382222175598145,12.327143669128418
18-03-2009,12.933333396911621,13.279999732971191,1591200,13.653332710266113,13.582221984863281,12.511375427246094
19-03-2009,13.422222137451172,13.782221794128418,1112625,13.79555606842041,13.542222023010254,12.474534034729004
20-03-2009,13.311111450195312,13.74222183227539,2075850,13.74222183227539,13.3644437789917,12.310768127441406
23-03-2009,13.64888858795166,13.653332710266113,1857375,14.342222213745117,14.30222225189209,13.17461109161377
24-03-2009,13.897777557373047,14.04444408416748,1584900,14.25333309173584,14.0,12.89621639251709
25-03-2009,13.542222023010254,14.079999923706055,2050875,14.422222137451172,13.924444198608398,12.826620101928711
26-03-2009,14.039999961853027,14.155555725097656,2564550,14.608888626098633,14.528888702392578,13.383406639099121
27-03-2009,14.04888916015625,14.346667289733887,1616850,14.444443702697754,14.186667442321777,13.06816577911377
30-03-2009,13.4622220993042,13.880000114440918,1467000,13.90666675567627,13.751111030578613,12.666949272155762
31-03-2009,13.822221755981445,13.924444198608398,1908000,14.191110610961914,13.897777557373047,12.802053451538086
01-04-2009,13.51111125946045,13.666666984558105,2328975,14.199999809265137,14.128889083862305,13.014944076538086
02-04-2009,14.355555534362793,14.448888778686523,2099025,14.946666717529297,14.715556144714355,13.555357933044434
03-04-2009,14.493332862854004,14.760000228881836,1991025,14.884444236755371,14.880000114440918,13.706835746765137
06-04-2009,14.493332862854004,14.702221870422363,1608075,14.884444236755371,14.826666831970215,13.657705307006836
07-04-2009,14.244443893432617,14.5600004196167,1884825,14.666666984558105,14.288888931274414,13.162327766418457
08-04-2009,14.084444046020508,14.342222213745117,1429200,14.493332862854004,14.293333053588867,13.166425704956055
09-04-2009,14.542222023010254,14.564443588256836,1253250,15.084444046020508,15.057778358459473,13.870599746704102
13-04-2009,14.564443588256836,14.880000114440918,1513350,14.982221603393555,14.85777759552002,13.686366081237793
14-04-2009,14.546667098999023,14.64888858795166,1371600,14.88888931274414,14.755556106567383,13.592205047607422
15-04-2009,14.69333267211914,14.69777774810791,1661400,15.11111068725586,14.911110877990723,13.735494613647461
16-04-2009,14.991110801696777,15.066666603088379,1934550,15.813332557678223,15.760000228881836,14.517457008361816
17-04-2009,15.568888664245605,15.773332595825195,1519875,15.9022216796875,15.871110916137695,14.619806289672852
20-04-2009,15.004444122314453,15.551111221313477,2054250,15.551111221313477,15.017778396606445,13.833751678466797
21-04-2009,13.075555801391602,14.568888664245605,6032700,14.568888664245605,14.031110763549805,12.924877166748047
22-04-2009,13.653332710266113,13.804444313049316,3060900,14.85777759552002,14.528888702392578,13.383406639099121
23-04-2009,14.20444393157959,14.528888702392578,3802725,14.720000267028809,14.5377779006958,13.391593933105469
24-04-2009,14.493332862854004,14.706666946411133,2607525,14.777777671813965,14.613332748413086,13.46119213104248
27-04-2009,14.293333053588867,14.493332862854004,2240325,14.79111099243164,14.493332862854004,13.350652694702148
28-04-2009,13.960000038146973,14.493332862854004,2831625,14.493332862854004,14.14222240447998,13.027225494384766
29-04-2009,14.155555725097656,14.217778205871582,2343600,14.41333293914795,14.217778205871582,13.096826553344727
30-04-2009,14.191110610961914,14.191110610961914,3037950,14.533332824707031,14.315555572509766,13.186895370483398
01-05-2009,14.0,14.195555686950684,1548450,14.417778015136719,14.231110572814941,13.109105110168457
04-05-2009,14.177778244018555,14.386667251586914,1541700,14.444443702697754,14.426667213439941,13.289249420166016
05-05-2009,14.09333324432373,14.435556411743164,1487925,14.497777938842773,14.275555610656738,13.150047302246094
06-05-2009,14.106666564941406,14.435556411743164,1487700,14.475556373596191,14.426667213439941,13.289249420166016
07-05-2009,14.266667366027832,14.577777862548828,1955925,14.773332595825195,14.546667098999023,13.39978313446045
08-05-2009,14.222222328186035,14.666666984558105,2254500,14.853333473205566,14.69777774810791,13.538980484008789
11-05-2009,14.075555801391602,14.4622220993042,2470950,14.502222061157227,14.0977783203125,12.986287117004395
12-05-2009,13.777777671813965,14.15999984741211,1765350,14.217778205871582,13.911110877990723,12.814335823059082
13-05-2009,13.315555572509766,13.653332710266113,1517850,13.755556106567383,13.377778053283691,12.323054313659668
14-05-2009,13.275555610656738,13.355555534362793,1328850,13.591111183166504,13.386667251586914,12.3312406539917
15-05-2009,13.168889045715332,13.262222290039062,1467000,13.573332786560059,13.328888893127441,12.278017044067383
18-05-2009,13.217778205871582,13.417778015136719,1990350,13.533332824707031,13.417778015136719,12.35990047454834
19-05-2009,13.182222366333008,13.293333053588867,1881225,13.657777786254883,13.542222023010254,12.474534034729004
20-05-2009,13.604443550109863,13.604443550109863,2874375,13.991110801696777,13.764444351196289,12.679231643676758
21-05-2009,13.177778244018555,13.551111221313477,1235700,13.626667022705078,13.297778129577637,12.249359130859375
22-05-2009,13.164443969726562,13.328888893127441,1682550,13.6355562210083,13.431111335754395,12.372179985046387
26-05-2009,13.279999732971191,13.279999732971191,1820925,14.173333168029785,14.119999885559082,13.006758689880371
27-05-2009,13.684444427490234,14.106666564941406,2060775,14.217778205871582,13.702221870422363,12.621917724609375
28-05-2009,13.373332977294922,13.768889427185059,2025450,13.920000076293945,13.79555606842041,12.707894325256348
29-05-2009,13.69333267211914,13.884444236755371,1300050,13.977778434753418,13.977778434753418,12.87574577331543
01-06-2009,14.04888916015625,14.128889083862305,1308375,14.813332557678223,14.777777671813965,13.612671852111816
02-06-2009,14.662221908569336,14.728889465332031,1394100,14.897777557373047,14.800000190734863,13.63314437866211
03-06-2009,14.640000343322754,14.64888858795166,2007225,14.90666675567627,14.79111099243164,13.624954223632812
04-06-2009,14.662221908569336,14.706666946411133,1544175,15.11111068725586,15.106666564941406,13.915630340576172
05-06-2009,15.04444408416748,15.14222240447998,1865025,15.48888874053955,15.368888854980469,14.157176971435547
08-06-2009,14.924444198608398,15.346667289733887,1583325,15.346667289733887,15.124444007873535,13.932008743286133
09-06-2009,15.173333168029785,15.177778244018555,1710450,15.542222023010254,15.506667137145996,14.284095764160156
10-06-2009,15.342222213745117,15.573332786560059,1696275,15.69333267211914,15.666666984558105,14.43148422241211
11-06-2009,15.515556335449219,15.640000343322754,1129275,15.808889389038086,15.706666946411133,14.468328475952148
12-06-2009,15.30666732788086,15.444443702697754,1230750,15.644444465637207,15.640000343322754,14.431419372558594
15-06-2009,15.008889198303223,15.506667137145996,1646775,15.533332824707031,15.231110572814941,14.054122924804688
16-06-2009,15.039999961853027,15.293333053588867,1710900,15.604443550109863,15.088889122009277,13.922893524169922
17-06-2009,15.088889122009277,15.146666526794434,2339550,15.426667213439941,15.222222328186035,14.045924186706543
18-06-2009,15.004444122314453,15.25333309173584,1349550,15.25333309173584,15.11111068725586,13.943400382995605
19-06-2009,15.017778396606445,15.199999809265137,1307700,15.262222290039062,15.128889083862305,13.95980453491211
22-06-2009,14.684444427490234,15.013333320617676,1039500,15.017778396606445,14.69333267211914,13.557907104492188
23-06-2009,14.444443702697754,14.555556297302246,1589625,14.768889427185059,14.573332786560059,13.44717788696289
24-06-2009,14.724444389343262,14.724444389343262,1151775,15.20444393157959,14.960000038146973,13.80396556854248
25-06-2009,14.808889389038086,14.844444274902344,1316475,15.506667137145996,15.404443740844727,14.214064598083496
26-06-2009,15.191110610961914,15.368888854980469,1055250,15.484443664550781,15.293333053588867,14.111543655395508
29-06-2009,15.239999771118164,15.386667251586914,1057275,15.51111125946045,15.395556449890137,14.205866813659668
30-06-2009,15.311111450195312,15.475556373596191,2344050,15.613332748413086,15.368888854980469,14.181258201599121
01-07-2009,15.520000457763672,15.520000457763672,1707300,15.84000015258789,15.760000228881836,14.542146682739258
02-07-2009,15.133333206176758,15.582221984863281,1411650,15.582221984863281,15.133333206176758,13.963902473449707
06-07-2009,14.928889274597168,15.09333324432373,1010700,15.182222366333008,15.168889045715332,13.996713638305664
07-07-2009,14.74666690826416,15.20444393157959,1364400,15.235555648803711,14.760000228881836,13.61942195892334
08-07-2009,14.395556449890137,14.74222183227539,1415475,14.808889389038086,14.653332710266113,13.520994186401367
09-07-2009,14.542222023010254,14.74222183227539,1115775,14.786666870117188,14.555556297302246,13.430777549743652
10-07-2009,14.444443702697754,14.444443702697754,1149525,14.711111068725586,14.600000381469727,13.471785545349121
13-07-2009,14.373332977294922,14.622221946716309,1084500,14.982221603393555,14.977778434753418,13.820371627807617
14-07-2009,14.848889350891113,14.977778434753418,1335825,15.199999809265137,15.199999809265137,14.025416374206543
15-07-2009,15.275555610656738,15.275555610656738,906075,15.58666706085205,15.564443588256836,14.361701011657715
16-07-2009,15.404443740844727,15.471111297607422,954000,15.786666870117188,15.711111068725586,14.497034072875977
17-07-2009,15.515556335449219,15.662221908569336,900000,15.835556030273438,15.817777633666992,14.59546184539795
20-07-2009,15.884444236755371,15.960000038146973,1222200,16.22222137451172,16.12444305419922,14.878425598144531
21-07-2009,16.23555564880371,16.35555648803711,1222200,16.448888778686523,16.386667251586914,15.12038803100586
22-07-2009,16.262222290039062,16.315555572509766,1003275,16.648889541625977,16.386667251586914,15.12038803100586
23-07-2009,16.275556564331055,16.333332061767578,1230300,16.76444435119629,16.733333587646484,15.440263748168945
24-07-2009,16.60444450378418,16.64444351196289,1015200,17.093332290649414,17.07111167907715,15.751933097839355
27-07-2009,16.817777633666992,16.991111755371094,1254150,17.168888092041016,16.906667709350586,15.600202560424805
28-07-2009,14.48888874053955,15.377778053283691,7101900,15.982221603393555,14.822221755981445,13.676834106445312
29-07-2009,14.186667442321777,14.800000190734863,3225600,14.897777557373047,14.324443817138672,13.217525482177734
30-07-2009,13.982221603393555,14.479999542236328,5238675,14.640000343322754,14.391111373901367,13.27903938293457
31-07-2009,14.346667289733887,14.386667251586914,4067100,14.595556259155273,14.382222175598145,13.27083683013916
03-08-2009,14.102222442626953,14.600000381469727,2590875,14.600000381469727,14.3644437789917,13.254430770874023
04-08-2009,14.15999984741211,14.262222290039062,1668600,14.4399995803833,14.30222225189209,13.197015762329102
05-08-2009,13.79111099243164,14.239999771118164,1603575,14.284443855285645,13.946666717529297,12.868940353393555
06-08-2009,13.813332557678223,14.039999961853027,1141200,14.04444408416748,13.880000114440918,12.80742073059082
07-08-2009,13.862221717834473,14.017778396606445,1444050,14.102222442626953,13.95555591583252,12.877141952514648
10-08-2009,13.751111030578613,13.808889389038086,1017000,13.960000038146973,13.835556030273438,12.766410827636719
11-08-2009,13.591111183166504,13.728889465332031,1228275,13.85777759552002,13.617777824401855,12.565464973449707
12-08-2009,13.502222061157227,13.711111068725586,3612150,13.813332557678223,13.5600004196167,12.512152671813965
13-08-2009,13.595556259155273,13.604443550109863,2589300,13.968889236450195,13.968889236450195,12.88944149017334
14-08-2009,13.764444351196289,13.880000114440918,2033775,13.986666679382324,13.85777759552002,12.786919593811035
17-08-2009,13.444443702697754,13.644444465637207,1377450,13.657777786254883,13.528888702392578,12.483443260192871
18-08-2009,13.551111221313477,13.551111221313477,1341225,13.773332595825195,13.74666690826416,12.684393882751465
19-08-2009,13.600000381469727,13.600000381469727,989775,13.871110916137695,13.79555606842041,12.729507446289062
20-08-2009,13.715556144714355,13.74666690826416,852975,13.93777847290039,13.915555953979492,12.840229034423828
21-08-2009,13.88888931274414,13.9022216796875,751725,14.222222328186035,14.164443969726562,13.069890022277832
24-08-2009,14.079999923706055,14.155555725097656,967500,14.25777816772461,14.155555725097656,13.061683654785156
25-08-2009,14.075555801391602,14.182222366333008,1830600,14.284443855285645,14.177778244018555,13.082189559936523
26-08-2009,13.964444160461426,14.088889122009277,873225,14.168889045715332,14.057778358459473,12.971466064453125
27-08-2009,13.773332595825195,14.084444046020508,2180250,14.084444046020508,13.960000038146973,12.881242752075195
28-08-2009,13.733332633972168,14.09333324432373,966150,14.182222366333008,13.968889236450195,12.88944149017334
31-08-2009,13.751111030578613,13.90666675567627,2011950,14.04888916015625,13.991110801696777,12.90994644165039
01-09-2009,13.755556106567383,13.924444198608398,1678050,14.057778358459473,13.84000015258789,12.770515441894531
02-09-2009,13.773332595825195,13.831110954284668,1037025,13.982221603393555,13.924444198608398,12.848435401916504
03-09-2009,13.915555953979492,14.026666641235352,2218275,14.079999923706055,13.95555591583252,12.877141952514648
04-09-2009,13.853333473205566,13.853333473205566,1021500,14.155555725097656,14.137778282165527,13.045281410217285
08-09-2009,14.182222366333008,14.199999809265137,1693800,14.408888816833496,14.399999618530273,13.287237167358398
09-09-2009,14.3644437789917,14.3644437789917,1915425,14.90666675567627,14.853333473205566,13.705540657043457
10-09-2009,14.728889465332031,14.924444198608398,1852425,15.3644437789917,15.324443817138672,14.140247344970703
11-09-2009,15.311111450195312,15.311111450195312,2286900,15.622221946716309,15.502222061157227,14.304287910461426
14-09-2009,15.15999984741211,15.333333015441895,1760850,15.4622220993042,15.399999618530273,14.234452247619629
15-09-2009,15.444443702697754,15.466667175292969,1056600,15.74666690826416,15.528888702392578,14.353583335876465
16-09-2009,15.373332977294922,15.5600004196167,870525,15.64888858795166,15.64888858795166,14.464505195617676
17-09-2009,15.58666706085205,15.640000343322754,1290375,15.871110916137695,15.848889350891113,14.649368286132812
18-09-2009,15.720000267028809,16.266666412353516,1206900,16.266666412353516,15.777777671813965,14.583638191223145
21-09-2009,15.502222061157227,15.64888858795166,1353375,15.804444313049316,15.733332633972168,14.542555809020996
22-09-2009,15.675556182861328,15.831110954284668,953775,15.928889274597168,15.88888931274414,14.686341285705566
23-09-2009,15.808889389038086,15.875555992126465,915750,15.995555877685547,15.808889389038086,14.612394332885742
24-09-2009,15.391111373901367,15.822221755981445,1632600,15.880000114440918,15.555556297302246,14.378236770629883
25-09-2009,15.311111450195312,15.48888874053955,1280250,15.542222023010254,15.404443740844727,14.238556861877441
28-09-2009,15.386667251586914,15.431111335754395,1201050,15.671111106872559,15.555556297302246,14.378236770629883
29-09-2009,15.542222023010254,15.622221946716309,921600,15.817777633666992,15.724444389343262,14.53433895111084
30-09-2009,15.453332901000977,15.760000228881836,1512000,15.88888931274414,15.515556335449219,14.341261863708496
01-10-2009,15.057778358459473,15.497777938842773,1203075,15.497777938842773,15.25777816772461,14.102993965148926
02-10-2009,14.79555606842041,15.182222366333008,1332450,15.262222290039062,14.813332557678223,13.69218921661377
05-10-2009,14.782221794128418,14.835556030273438,1086750,15.14222240447998,15.053333282470703,13.914022445678711
06-10-2009,15.119999885559082,15.199999809265137,721350,15.422222137451172,15.262222290039062,14.10710334777832
07-10-2009,15.124444007873535,15.244443893432617,904050,15.346667289733887,15.213333129882812,14.06191349029541
08-10-2009,15.25777816772461,15.324443817138672,1863900,15.5600004196167,15.444443702697754,14.275534629821777
09-10-2009,15.324443817138672,15.3644437789917,840150,15.453332901000977,15.422222137451172,14.254990577697754
12-10-2009,15.399999618530273,15.4622220993042,692550,15.600000381469727,15.582221984863281,14.40287971496582
13-10-2009,15.337778091430664,15.5600004196167,808425,15.5600004196167,15.4399995803833,14.2714204788208
14-10-2009,15.471111297607422,15.640000343322754,1162575,15.862221717834473,15.831110954284668,14.632930755615234
15-10-2009,15.662221908569336,15.662221908569336,899325,15.95555591583252,15.95111083984375,14.743851661682129
16-10-2009,15.69333267211914,15.880000114440918,858150,15.893333435058594,15.804444313049316,14.608285903930664
19-10-2009,15.79111099243164,15.84000015258789,594675,16.0755558013916,16.0222225189209,14.809579849243164
20-10-2009,15.862221717834473,15.991110801696777,1288800,16.15999984741211,16.151111602783203,14.928715705871582
21-10-2009,16.057777404785156,16.0755558013916,1072350,16.373332977294922,16.079999923706055,14.862985610961914
22-10-2009,15.93777847290039,16.12444305419922,884700,16.364444732666016,16.288888931274414,15.056059837341309
23-10-2009,16.13777732849121,16.28444480895996,1592550,16.386667251586914,16.342222213745117,15.105359077453613
26-10-2009,15.822221755981445,16.27111053466797,1572525,16.542221069335938,15.866666793823242,14.665796279907227
27-10-2009,15.617777824401855,16.49333381652832,2502225,16.751110076904297,15.79555606842041,14.600068092346191
28-10-2009,15.644444465637207,15.95111083984375,1955250,16.04888916015625,15.711111068725586,14.522015571594238
29-10-2009,15.706666946411133,15.822221755981445,1514700,15.875555992126465,15.79555606842041,14.600068092346191
30-10-2009,15.426667213439941,15.688888549804688,1957275,15.831110954284668,15.506667137145996,14.333044052124023
02-11-2009,15.422222137451172,15.577777862548828,1663875,15.964444160461426,15.702221870422363,14.513798713684082
03-11-2009,15.471111297607422,15.662221908569336,1901250,15.831110954284668,15.551111221313477,14.374126434326172
04-11-2009,15.373332977294922,15.564443588256836,2046600,15.622221946716309,15.417778015136719,14.250884056091309
05-11-2009,15.542222023010254,15.568888664245605,1998225,15.90666675567627,15.684444427490234,14.497368812561035
06-11-2009,15.555556297302246,15.644444465637207,1056825,15.920000076293945,15.871110916137695,14.669902801513672
09-11-2009,15.817777633666992,16.031110763549805,858375,16.066667556762695,16.004444122314453,14.793147087097168
10-11-2009,15.88888931274414,15.920000076293945,1285425,16.128889083862305,15.95111083984375,14.743851661682129
11-11-2009,16.004444122314453,16.02666664123535,2370150,16.231111526489258,16.079999923706055,14.862985610961914
12-11-2009,15.85777759552002,16.106666564941406,1393425,16.164443969726562,15.942221641540527,14.735635757446289
13-11-2009,15.85777759552002,16.02666664123535,787275,16.164443969726562,16.115556716918945,14.895851135253906
16-11-2009,16.164443969726562,16.17333221435547,1590300,16.551111221313477,16.546667098999023,15.294329643249512
17-11-2009,16.408889770507812,16.528888702392578,1866825,16.760000228881836,16.72888946533203,15.462763786315918
18-11-2009,16.435556411743164,16.684444427490234,2072475,16.69333267211914,16.453332901000977,15.208061218261719
19-11-2009,16.15999984741211,16.337778091430664,1225800,16.39555549621582,16.30666732788086,15.072492599487305
20-11-2009,16.155555725097656,16.213333129882812,882900,16.342222213745117,16.30666732788086,15.072492599487305
23-11-2009,16.431110382080078,16.431110382080078,665100,16.64444351196289,16.520000457763672,15.269686698913574
24-11-2009,16.351110458374023,16.48444366455078,796725,16.528888702392578,16.49333381652832,15.245037078857422
25-11-2009,16.44444465637207,16.51555633544922,376200,16.595556259155273,16.559999465942383,15.306657791137695
27-11-2009,16.093332290649414,16.177778244018555,417150,16.46666717529297,16.34666633605957,15.109472274780273
30-11-2009,16.03555679321289,16.280000686645508,1431000,16.39555549621582,16.248889923095703,15.019089698791504
01-12-2009,16.391111373901367,16.391111373901367,794925,16.608888626098633,16.46666717529297,15.220383644104004
02-12-2009,16.315555572509766,16.39555549621582,910800,16.537778854370117,16.479999542236328,15.257421493530273
03-12-2009,16.337778091430664,16.48444366455078,402525,16.608888626098633,16.342222213745117,15.129858016967773
04-12-2009,16.391111373901367,16.55555534362793,833175,16.77777862548828,16.626667022705078,15.393206596374512
07-12-2009,16.502222061157227,16.542221069335938,683775,16.724443435668945,16.697778701782227,15.459043502807617
08-12-2009,16.471111297607422,16.55555534362793,1152450,16.74222183227539,16.68000030517578,15.442584037780762
09-12-2009,16.617778778076172,16.626667022705078,815175,16.786666870117188,16.724443435668945,15.483721733093262
10-12-2009,16.657777786254883,16.844444274902344,683550,16.955556869506836,16.74222183227539,15.500192642211914
11-12-2009,16.72888946533203,16.857778549194336,689625,16.871110916137695,16.808889389038086,15.561909675598145
14-12-2009,16.773332595825195,16.893333435058594,593100,17.079999923706055,17.008888244628906,15.7470703125
15-12-2009,16.831111907958984,16.897777557373047,567225,17.040000915527344,16.96444320678711,15.705923080444336
16-12-2009,16.9022216796875,16.982221603393555,547650,17.0977783203125,16.95111083984375,15.693578720092773
17-12-2009,16.755556106567383,16.835556030273438,1073250,17.040000915527344,17.02666664123535,15.763531684875488
18-12-2009,16.98666763305664,17.031110763549805,3217275,17.35555648803711,17.35555648803711,16.06801986694336
21-12-2009,17.217777252197266,17.426666259765625,1446750,17.684444427490234,17.31999969482422,16.03509521484375
22-12-2009,17.30666732788086,17.30666732788086,629100,17.559999465942383,17.440000534057617,16.14620590209961
23-12-2009,17.280000686645508,17.413333892822266,1144125,17.622222900390625,17.399999618530273,16.109167098999023
24-12-2009,17.36888885498047,17.475555419921875,387675,17.488889694213867,17.488889694213867,16.19145965576172
28-12-2009,17.311111450195312,17.546667098999023,769950,17.577777862548828,17.351110458374023,16.063905715942383
29-12-2009,17.266666412353516,17.41777801513672,814725,17.422222137451172,17.28444480895996,16.002178192138672
30-12-2009,17.17333221435547,17.195556640625,389250,17.39555549621582,17.217777252197266,15.940464973449707
31-12-2009,16.995555877685547,17.18666648864746,606150,17.20888900756836,16.995555877685547,15.734731674194336
04-01-2010,17.08888816833496,17.08888816833496,876825,17.422222137451172,17.155555725097656,15.882859230041504
05-01-2010,17.057777404785156,17.177778244018555,714150,17.217777252197266,17.079999923706055,15.812910079956055
06-01-2010,17.044443130493164,17.11111068725586,725625,17.17333221435547,17.0977783203125,15.829367637634277
07-01-2010,16.968889236450195,16.9777774810791,799650,17.18666648864746,17.142221450805664,15.870512008666992
08-01-2010,16.98666763305664,17.13777732849121,991575,17.488889694213867,17.475555419921875,16.179122924804688
11-01-2010,17.324443817138672,17.488889694213867,446850,17.595556259155273,17.577777862548828,16.27375602722168
12-01-2010,17.195556640625,17.44444465637207,675225,17.479999542236328,17.217777252197266,15.940464973449707
13-01-2010,17.079999923706055,17.20888900756836,569250,17.28444480895996,17.266666412353516,15.98573112487793
14-01-2010,17.155555725097656,17.17333221435547,428400,17.471111297607422,17.27111053466797,15.989840507507324
15-01-2010,17.017778396606445,17.280000686645508,320850,17.373332977294922,17.084444046020508,15.817011833190918
19-01-2010,17.106666564941406,17.12444305419922,718650,17.453332901000977,17.191110610961914,15.915776252746582
20-01-2010,16.933332443237305,17.066667556762695,631125,17.13777732849121,17.031110763549805,15.767646789550781
21-01-2010,16.8799991607666,16.995555877685547,827550,17.244443893432617,16.9777774810791,15.718270301818848
22-01-2010,16.58222198486328,17.0222225189209,677700,17.04888916015625,16.608888626098633,15.376745223999023
25-01-2010,16.41777801513672,16.70222282409668,1804275,16.711111068725586,16.502222061157227,15.27798843383789
26-01-2010,16.044443130493164,16.528888702392578,2155725,16.53333282470703,16.293333053588867,15.084600448608398
27-01-2010,15.915555953979492,16.248889923095703,1091250,16.328889846801758,16.08888816833496,14.895325660705566
28-01-2010,15.95555591583252,16.093332290649414,1163250,16.253332138061523,16.204444885253906,15.00230598449707
29-01-2010,16.195556640625,16.302221298217773,1729350,16.635555267333984,16.195556640625,14.994074821472168
01-02-2010,16.25777816772461,16.280000686645508,869625,16.44444465637207,16.337778091430664,15.125749588012695
02-02-2010,16.262222290039062,16.311111450195312,981000,16.648889541625977,16.573333740234375,15.343828201293945
03-02-2010,16.408889770507812,16.49333381652832,715275,16.706666946411133,16.53333282470703,15.306793212890625
04-02-2010,16.07111167907715,16.377777099609375,1068975,16.399999618530273,16.07111167907715,14.878865242004395
05-02-2010,15.84000015258789,16.06222152709961,1216575,16.15999984741211,16.128889083862305,14.932353973388672
08-02-2010,16.004444122314453,16.08888816833496,1080225,16.302221298217773,16.12444305419922,14.928239822387695
09-02-2010,16.191110610961914,16.262222290039062,972900,16.39555549621582,16.342222213745117,15.129858016967773
10-02-2010,16.248889923095703,16.25777816772461,891000,16.50666618347168,16.311111450195312,15.101058959960938
11-02-2010,16.280000686645508,16.31999969482422,737550,16.591110229492188,16.55555534362793,15.327370643615723
12-02-2010,16.288888931274414,16.440000534057617,970200,16.737777709960938,16.733333587646484,15.491959571838379
16-02-2010,16.786666870117188,16.831111907958984,794925,16.9244441986084,16.9022216796875,15.648320198059082
17-02-2010,16.755556106567383,16.9244441986084,674550,17.040000915527344,16.871110916137695,15.619518280029297
18-02-2010,16.85333251953125,16.915555953979492,411525,17.066667556762695,17.053333282470703,15.788225173950195
19-02-2010,17.0,17.0,743850,17.275556564331055,17.253332138061523,15.973387718200684
22-02-2010,17.20888900756836,17.28444480895996,627075,17.333332061767578,17.275556564331055,15.9939546585083
23-02-2010,16.920000076293945,17.195556640625,578250,17.29777717590332,16.955556869506836,15.697696685791016
24-02-2010,16.91111183166504,17.03555679321289,770175,17.04888916015625,16.9777774810791,15.718270301818848
25-02-2010,16.648889541625977,16.688888549804688,1327275,17.280000686645508,17.244443893432617,15.9651517868042
26-02-2010,17.177778244018555,17.29777717590332,1030275,17.391111373901367,17.351110458374023,16.063905715942383
01-03-2010,17.34666633605957,17.364444732666016,618750,17.711111068725586,17.577777862548828,16.27375602722168
02-03-2010,17.53333282470703,17.559999465942383,652725,17.77777862548828,17.68000030517578,16.368391036987305
03-03-2010,17.666667938232422,17.760000228881836,699750,17.955556869506836,17.84000015258789,16.516529083251953
04-03-2010,17.639999389648438,17.84000015258789,783900,17.871110916137695,17.724443435668945,16.409543991088867
05-03-2010,17.662221908569336,17.751110076904297,989325,17.79111099243164,17.755556106567383,16.438344955444336
08-03-2010,17.58222198486328,17.70222282409668,596925,17.77777862548828,17.657777786254883,16.347820281982422
09-03-2010,17.626667022705078,17.65333366394043,617400,17.755556106567383,17.68000030517578,16.368391036987305
10-03-2010,17.58222198486328,17.617778778076172,1279575,17.817777633666992,17.755556106567383,16.438344955444336
11-03-2010,17.551111221313477,17.626667022705078,1041975,17.799999237060547,17.795555114746094,16.475372314453125
12-03-2010,17.65333366394043,17.82666778564453,820350,17.86222267150879,17.84000015258789,16.516529083251953
15-03-2010,17.600000381469727,17.82666778564453,594000,17.9022216796875,17.751110076904297,16.458826065063477
16-03-2010,17.586666107177734,17.760000228881836,1462725,17.799999237060547,17.684444427490234,16.39702033996582
17-03-2010,17.635555267333984,17.675556182861328,1151775,17.84000015258789,17.648889541625977,16.364057540893555
18-03-2010,17.462221145629883,17.64444351196289,1152000,17.688888549804688,17.613332748413086,16.331087112426758
19-03-2010,17.422222137451172,17.564443588256836,1333350,17.626667022705078,17.564443588256836,16.28575325012207
22-03-2010,17.440000534057617,17.440000534057617,1642500,17.804443359375,17.688888549804688,16.401142120361328
23-03-2010,17.639999389648438,17.746667861938477,1379925,17.897777557373047,17.857778549194336,16.557741165161133
24-03-2010,17.77777862548828,17.817777633666992,1820475,17.920000076293945,17.786666870117188,16.49179458618164
25-03-2010,17.63111114501953,17.84000015258789,1717875,17.915555953979492,17.63111114501953,16.347570419311523
26-03-2010,17.622222900390625,17.63111114501953,1452375,17.844444274902344,17.74222183227539,16.450593948364258
29-03-2010,17.76444435119629,17.76444435119629,865575,18.066667556762695,18.066667556762695,16.751413345336914
30-03-2010,18.057777404785156,18.07111167907715,1746450,18.48444366455078,18.44444465637207,17.10169219970703
31-03-2010,18.30666732788086,18.440000534057617,1576350,18.595556259155273,18.426666259765625,17.085205078125
01-04-2010,18.50666618347168,18.53333282470703,1021500,18.799999237060547,18.608888626098633,17.254167556762695
05-04-2010,18.568889617919922,18.60444450378418,602100,18.768888473510742,18.671110153198242,17.311857223510742
06-04-2010,18.568889617919922,18.600000381469727,586575,18.808889389038086,18.773332595825195,17.406639099121094
07-04-2010,18.591110229492188,18.795555114746094,753525,18.86222267150879,18.711111068725586,17.34894561767578
08-04-2010,18.542221069335938,18.69333267211914,671175,18.82666778564453,18.82666778564453,17.456092834472656
09-04-2010,18.737777709960938,18.844444274902344,632475,18.88888931274414,18.86222267150879,17.489055633544922
12-04-2010,18.786666870117188,18.933332443237305,433800,18.933332443237305,18.8799991607666,17.505537033081055
13-04-2010,18.773332595825195,18.835556030273438,609525,18.92888832092285,18.866666793823242,17.493173599243164
14-04-2010,18.822221755981445,18.942222595214844,844875,18.96444320678711,18.915555953979492,17.538511276245117
15-04-2010,18.71555519104004,18.906667709350586,1119150,18.906667709350586,18.72888946533203,17.365432739257812
16-04-2010,18.537778854370117,18.684444427490234,1143450,18.831111907958984,18.573333740234375,17.22120475769043
19-04-2010,18.391111373901367,18.577777862548828,916875,18.635555267333984,18.475555419921875,17.130538940429688
20-04-2010,18.502222061157227,18.58222198486328,1121175,18.706666946411133,18.524444580078125,17.175865173339844
21-04-2010,18.564443588256836,19.02666664123535,3826800,19.0977783203125,19.0755558013916,17.686864852905273
22-04-2010,18.920000076293945,18.9777774810791,1308825,19.213333129882812,19.168888092041016,17.773399353027344
23-04-2010,19.044443130493164,19.1200008392334,925200,19.426666259765625,19.34666633605957,17.938230514526367
26-04-2010,19.195556640625,19.35555648803711,1014075,19.426666259765625,19.22222137451172,17.822851181030273
27-04-2010,19.12444305419922,19.53333282470703,1768275,19.55555534362793,19.17333221435547,17.77751922607422
28-04-2010,19.302221298217773,19.724443435668945,1141200,19.724443435668945,19.36888885498047,17.958837509155273
29-04-2010,19.431110382080078,19.431110382080078,864000,19.639999389648438,19.586666107177734,18.160764694213867
30-04-2010,19.22222137451172,19.546667098999023,1000575,19.600000381469727,19.22222137451172,17.822851181030273
03-05-2010,19.360000610351562,19.373332977294922,782100,19.586666107177734,19.573333740234375,18.148406982421875
04-05-2010,18.959999084472656,19.39555549621582,1195650,19.422222137451172,19.11111068725586,17.719829559326172
05-05-2010,18.617778778076172,18.982221603393555,1184400,19.06222152709961,18.657777786254883,17.299497604370117
06-05-2010,16.88888931274414,18.568889617919922,2087325,18.746667861938477,18.093332290649414,16.776142120361328
07-05-2010,17.795555114746094,18.06222152709961,2695275,18.453332901000977,17.87555694580078,16.574220657348633
10-05-2010,18.142221450805664,18.280000686645508,1596150,18.933332443237305,18.9244441986084,17.546743392944336
11-05-2010,18.706666946411133,18.733333587646484,1398375,19.066667556762695,18.955556869506836,17.575597763061523
12-05-2010,18.91111183166504,19.008888244628906,920700,19.333332061767578,19.31999969482422,17.913509368896484
13-05-2010,19.204444885253906,19.27111053466797,710100,19.41777801513672,19.27111053466797,17.868179321289062
14-05-2010,18.822221755981445,19.15999984741211,1911825,19.191110610961914,19.14666748046875,17.752798080444336
17-05-2010,18.88888931274414,19.22222137451172,2117700,19.30666732788086,19.164443969726562,17.76927947998047
18-05-2010,18.85333251953125,19.34666633605957,949275,19.360000610351562,18.897777557373047,17.522022247314453
19-05-2010,18.239999771118164,18.77777862548828,1306800,18.848888397216797,18.440000534057617,17.097570419311523
20-05-2010,17.933332443237305,17.995555877685547,2263950,18.373332977294922,18.106666564941406,16.788503646850586
21-05-2010,17.817777633666992,17.817777633666992,2118600,18.200000762939453,18.03555679321289,16.722570419311523
24-05-2010,17.98666763305664,18.02666664123535,1035000,18.244443893432617,18.004444122314453,16.6937255859375
25-05-2010,17.30666732788086,17.657777786254883,1707300,18.004444122314453,17.968889236450195,16.660755157470703
26-05-2010,17.751110076904297,18.01333236694336,1507275,18.239999771118164,17.808889389038086,16.512405395507812
27-05-2010,17.991111755371094,18.115556716918945,1038600,18.408889770507812,18.408889770507812,17.068723678588867
28-05-2010,17.97333335876465,18.34666633605957,1020825,18.364444732666016,18.044443130493164,16.73081398010254
01-06-2010,17.871110916137695,17.991111755371094,848475,18.333332061767578,17.871110916137695,16.570098876953125
02-06-2010,17.92888832092285,17.92888832092285,1145475,18.46666717529297,18.457778930664062,17.11405372619629
03-06-2010,18.360000610351562,18.377777099609375,1135125,18.68000030517578,18.63111114501953,17.27476692199707
04-06-2010,17.81333351135254,18.311111450195312,2042325,18.382221221923828,17.85333251953125,16.55362319946289
07-06-2010,17.537778854370117,17.91111183166504,1293975,17.91111183166504,17.564443588256836,16.28575325012207
08-06-2010,17.377777099609375,17.559999465942383,1315800,17.737777709960938,17.662221908569336,16.376422882080078
09-06-2010,17.666667938232422,17.724443435668945,979875,18.151111602783203,17.74222183227539,16.450593948364258
10-06-2010,18.008888244628906,18.057777404785156,806850,18.23555564880371,18.191110610961914,16.866798400878906
11-06-2010,17.96444320678711,18.0,862425,18.457778930664062,18.399999618530273,17.060489654541016
14-06-2010,18.471111297607422,18.49333381652832,1291950,18.684444427490234,18.53333282470703,17.20905113220215
15-06-2010,18.622222900390625,18.70222282409668,1993050,18.81333351135254,18.804443359375,17.460792541503906
16-06-2010,18.648889541625977,18.648889541625977,1440450,19.0,18.844444274902344,17.49793815612793
17-06-2010,18.666667938232422,18.98666763305664,689850,19.017778396606445,18.831111907958984,17.485553741455078
18-06-2010,18.782222747802734,18.844444274902344,1394775,18.97333335876465,18.8799991607666,17.53093910217285
21-06-2010,18.760000228881836,19.053333282470703,442350,19.195556640625,18.844444274902344,17.49793815612793
22-06-2010,18.577777862548828,18.844444274902344,888975,19.040000915527344,18.577777862548828,17.250324249267578
23-06-2010,18.328889846801758,18.564443588256836,577575,18.675556182861328,18.546667098999023,17.221431732177734
24-06-2010,18.226667404174805,18.41777801513672,742275,18.497777938842773,18.253332138061523,16.94906234741211
25-06-2010,18.15999984741211,18.337778091430664,1225575,18.479999542236328,18.351110458374023,17.03985023498535
28-06-2010,18.18666648864746,18.29777717590332,753525,18.528888702392578,18.41777801513672,17.10175323486328
29-06-2010,17.866666793823242,18.22222137451172,1467900,18.23555564880371,17.995555877685547,16.709707260131836
30-06-2010,17.79111099243164,17.982221603393555,1562175,18.12444305419922,17.844444274902344,16.569387435913086
01-07-2010,17.639999389648438,17.844444274902344,2210400,17.92888832092285,17.822221755981445,16.548755645751953
02-07-2010,17.884443283081055,17.93777847290039,1241100,18.106666564941406,18.008888244628906,16.72208023071289
06-07-2010,17.808889389038086,18.226667404174805,1041525,18.391111373901367,17.942222595214844,16.660181045532227
07-07-2010,17.98666763305664,18.0222225189209,2051775,18.404443740844727,18.404443740844727,17.089372634887695
08-07-2010,18.448888778686523,18.551111221313477,1616400,18.706666946411133,18.595556259155273,17.266834259033203
09-07-2010,18.613332748413086,18.63111114501953,813375,18.8799991607666,18.8799991607666,17.53093910217285
12-07-2010,18.639999389648438,18.844444274902344,818550,18.88888931274414,18.81333351135254,17.469043731689453
13-07-2010,18.848888397216797,19.017778396606445,1118925,19.253332138061523,19.226667404174805,17.852846145629883
14-07-2010,19.106666564941406,19.164443969726562,783900,19.333332061767578,19.27111053466797,17.894119262695312
15-07-2010,18.88888931274414,19.231111526489258,783000,19.25777816772461,19.14666748046875,17.778564453125
16-07-2010,18.559999465942383,19.084444046020508,753750,19.084444046020508,18.591110229492188,17.262706756591797
19-07-2010,18.48444366455078,18.671110153198242,366975,18.835556030273438,18.79111099243164,17.448408126831055
20-07-2010,18.457778930664062,18.568889617919922,622125,19.04888916015625,18.995555877685547,17.63825035095215
21-07-2010,19.475555419921875,19.69333267211914,2263275,20.03555679321289,19.551111221313477,18.154104232788086
22-07-2010,19.719999313354492,19.773332595825195,1525950,20.066667556762695,19.804443359375,18.389333724975586
23-07-2010,19.542221069335938,19.808889389038086,2614725,20.15999984741211,20.106666564941406,18.66996192932129
26-07-2010,20.08888816833496,20.12444305419922,1440225,20.537778854370117,20.488889694213867,19.02487564086914
27-07-2010,19.822221755981445,20.662221908569336,1796625,20.662221908569336,19.897777557373047,18.475997924804688
28-07-2010,19.746667861938477,19.893333435058594,951750,20.0755558013916,19.799999237060547,18.385215759277344
29-07-2010,19.448888778686523,19.920000076293945,1156050,19.93777847290039,19.622222900390625,18.22013282775879
30-07-2010,19.29777717590332,19.453332901000977,757125,19.995555877685547,19.675556182861328,18.269657135009766
02-08-2010,19.831111907958984,20.0,1322325,20.0,19.933332443237305,18.50901985168457
03-08-2010,19.71555519104004,19.848888397216797,687825,20.01333236694336,19.897777557373047,18.475997924804688
04-08-2010,19.920000076293945,20.04888916015625,767250,20.20888900756836,20.08888816833496,18.653457641601562
05-08-2010,19.74222183227539,19.9022216796875,990000,20.239999771118164,20.17333221435547,18.731863021850586
06-08-2010,19.755556106567383,19.95111083984375,1040850,20.239999771118164,20.213333129882812,18.769006729125977
09-08-2010,20.213333129882812,20.25777816772461,855675,20.48444366455078,20.453332901000977,18.991867065429688
10-08-2010,19.942222595214844,20.164443969726562,666225,20.244443893432617,20.168888092041016,18.727745056152344
11-08-2010,19.324443817138672,19.74222183227539,1072800,19.79111099243164,19.559999465942383,18.1623592376709
12-08-2010,19.08888816833496,19.182222366333008,904950,19.440000534057617,19.29777717590332,17.918867111206055
13-08-2010,19.191110610961914,19.302221298217773,903375,19.391111373901367,19.226667404174805,17.852846145629883
16-08-2010,18.946666717529297,19.084444046020508,617625,19.342222213745117,19.275556564331055,17.898242950439453
17-08-2010,19.431110382080078,19.453332901000977,773325,19.799999237060547,19.666667938232422,18.26140594482422
18-08-2010,19.382221221923828,19.595556259155273,512775,19.684444427490234,19.608888626098633,18.207754135131836
19-08-2010,19.177778244018555,19.520000457763672,561600,19.546667098999023,19.253332138061523,17.877609252929688
20-08-2010,18.92888832092285,19.142221450805664,689625,19.231111526489258,19.164443969726562,17.79507064819336
23-08-2010,19.008888244628906,19.20888900756836,385425,19.373332977294922,19.0222225189209,17.66300392150879
24-08-2010,18.497777938842773,18.760000228881836,732600,19.017778396606445,18.835556030273438,17.489675521850586
25-08-2010,18.546667098999023,18.688888549804688,622125,18.942222595214844,18.866666793823242,17.518571853637695
26-08-2010,18.9244441986084,18.968889236450195,1188000,19.195556640625,19.07111167907715,17.708404541015625
27-08-2010,18.835556030273438,19.200000762939453,950400,19.48444366455078,19.435556411743164,18.046802520751953
30-08-2010,18.98666763305664,19.333332061767578,499500,19.404443740844727,19.004444122314453,17.646495819091797
31-08-2010,18.808889389038086,18.9244441986084,1601100,19.195556640625,19.106666564941406,17.741424560546875
01-09-2010,19.337778091430664,19.431110382080078,1227825,19.76444435119629,19.64444351196289,18.24077033996582
02-09-2010,19.635555267333984,19.724443435668945,995850,19.866666793823242,19.85333251953125,18.434734344482422
03-09-2010,20.031110763549805,20.031110763549805,971775,20.351110458374023,20.239999771118164,18.79376792907715
07-09-2010,19.8799991607666,20.231111526489258,602325,20.231111526489258,19.906667709350586,18.484254837036133
08-09-2010,19.9022216796875,19.91111183166504,743400,20.102222442626953,20.01333236694336,18.583303451538086
09-09-2010,19.893333435058594,20.29777717590332,560250,20.302221298217773,19.93777847290039,18.513147354125977
10-09-2010,19.96444320678711,20.0,991350,20.155555725097656,20.031110763549805,18.599809646606445
13-09-2010,20.0977783203125,20.15999984741211,1495125,20.35555648803711,20.302221298217773,18.851543426513672
14-09-2010,20.164443969726562,20.213333129882812,1545975,20.440000534057617,20.302221298217773,18.8763370513916
15-09-2010,20.17333221435547,20.27111053466797,782775,20.46666717529297,20.44444465637207,19.008583068847656
16-09-2010,20.342222213745117,20.364444732666016,726750,20.55555534362793,20.386667251586914,18.954858779907227
17-09-2010,20.31999969482422,20.377777099609375,905400,20.551111221313477,20.448888778686523,19.012712478637695
20-09-2010,20.440000534057617,20.488889694213867,788850,20.711111068725586,20.697778701782227,19.244117736816406
21-09-2010,20.537778854370117,20.697778701782227,659925,20.786666870117188,20.639999389648438,19.190393447875977
22-09-2010,20.248889923095703,20.559999465942383,696150,20.751110076904297,20.440000534057617,19.004444122314453
23-09-2010,20.14666748046875,20.262222290039062,747000,20.551111221313477,20.155555725097656,18.739971160888672
24-09-2010,20.408889770507812,20.408889770507812,763425,20.71555519104004,20.688888549804688,19.235849380493164
27-09-2010,20.471111297607422,20.688888549804688,910125,20.88888931274414,20.719999313354492,19.264772415161133
28-09-2010,20.559999465942383,20.768888473510742,1834650,21.275556564331055,21.191110610961914,19.702796936035156
29-09-2010,20.96444320678711,21.053333282470703,849375,21.22222137451172,21.093332290649414,19.611892700195312
30-09-2010,21.195556640625,21.195556640625,2423025,21.60444450378418,21.231111526489258,19.739992141723633
01-10-2010,21.031110763549805,21.29777717590332,1017225,21.408889770507812,21.337778091430664,19.839168548583984
04-10-2010,21.084444046020508,21.275556564331055,1058175,21.39555549621582,21.248889923095703,19.75652313232422
05-10-2010,21.41777801513672,21.44444465637207,1306125,21.946666717529297,21.8799991607666,20.343305587768555
06-10-2010,21.426666259765625,21.84000015258789,1468350,22.040000915527344,21.55555534362793,20.041645050048828
07-10-2010,21.29777717590332,21.617778778076172,703350,21.662221908569336,21.457778930664062,19.950735092163086
08-10-2010,21.29777717590332,21.457778930664062,942525,21.51555633544922,21.440000534057617,19.934213638305664
11-10-2010,21.39555549621582,21.48444366455078,627525,21.675556182861328,21.608888626098633,20.09123992919922
12-10-2010,21.302221298217773,21.564443588256836,1546650,21.755556106567383,21.675556182861328,20.153221130371094
13-10-2010,21.786666870117188,21.85333251953125,1055025,22.22222137451172,22.12444305419922,20.570581436157227
14-10-2010,21.82666778564453,22.128889083862305,825075,22.17333221435547,21.866666793823242,20.330913543701172
15-10-2010,21.68000030517578,22.07111167907715,1074825,22.115556716918945,21.76444435119629,20.235868453979492
18-10-2010,21.848888397216797,21.866666793823242,898200,22.079999923706055,22.053333282470703,20.504467010498047
19-10-2010,21.502222061157227,21.74222183227539,1135350,21.857778549194336,21.69333267211914,20.169748306274414
20-10-2010,21.72888946533203,21.773332595825195,747450,22.093332290649414,22.053333282470703,20.504467010498047
21-10-2010,22.03555679321289,22.102222442626953,1077300,22.377777099609375,22.302221298217773,20.73587417602539
22-10-2010,22.0222225189209,22.248889923095703,904500,22.324443817138672,22.164443969726562,20.607769012451172
25-10-2010,22.280000686645508,22.280000686645508,1035225,22.58222198486328,22.351110458374023,20.781333923339844
26-10-2010,22.337778091430664,22.44444465637207,4542750,24.08888816833496,23.84000015258789,22.165651321411133
27-10-2010,23.213333129882812,23.768888473510742,1871550,23.768888473510742,23.46666717529297,21.818544387817383
28-10-2010,23.36888885498047,23.58222198486328,1343700,23.688888549804688,23.657777786254883,21.99622917175293
29-10-2010,23.573333740234375,23.63111114501953,1718325,24.066667556762695,24.0222225189209,22.335079193115234
01-11-2010,24.03555679321289,24.066667556762695,2546325,24.666667938232422,24.266666412353516,22.562355041503906
02-11-2010,24.204444885253906,24.431110382080078,1045575,24.586666107177734,24.413333892822266,22.698720932006836
03-11-2010,24.20888900756836,24.44444465637207,1088775,24.595556259155273,24.46666717529297,22.74830436706543
04-11-2010,24.688888549804688,24.737777709960938,1251450,25.04888916015625,25.017778396606445,23.260709762573242
05-11-2010,24.942222595214844,24.942222595214844,717750,25.275556564331055,25.14666748046875,23.380550384521484
08-11-2010,24.866666793823242,24.98666763305664,1049175,25.128889083862305,24.9777774810791,23.22351837158203
09-11-2010,24.85333251953125,25.03555679321289,1250775,25.155555725097656,25.004444122314453,23.24831771850586
10-11-2010,24.817777633666992,25.04888916015625,822600,25.12444305419922,25.11111068725586,23.34747886657715
11-11-2010,24.360000610351562,24.719999313354492,1669950,24.848888397216797,24.51555633544922,22.79376220703125
12-11-2010,24.253332138061523,24.333332061767578,608625,24.622222900390625,24.373332977294922,22.661529541015625
15-11-2010,24.302221298217773,24.48444366455078,1033875,24.675556182861328,24.50666618347168,22.785493850708008
16-11-2010,23.85333251953125,24.36888885498047,801000,24.413333892822266,24.128889083862305,22.434253692626953
17-11-2010,24.057777404785156,24.15999984741211,580500,24.373332977294922,24.324443817138672,22.616069793701172
18-11-2010,24.58222198486328,24.58222198486328,982575,24.96444320678711,24.782222747802734,23.041702270507812
19-11-2010,24.573333740234375,24.746667861938477,418725,24.835556030273438,24.799999237060547,23.05823516845703
22-11-2010,24.657777786254883,24.768888473510742,1075275,25.30666732788086,25.253332138061523,23.479717254638672
23-11-2010,24.942222595214844,25.151111602783203,1023750,25.195556640625,25.15999984741211,23.392940521240234
24-11-2010,25.20888900756836,25.23555564880371,2590200,26.008888244628906,25.995555877685547,24.169816970825195
26-11-2010,25.639999389648438,25.822221755981445,468000,26.0977783203125,25.866666793823242,24.049983978271484
29-11-2010,25.502222061157227,25.69333267211914,1048725,25.835556030273438,25.822221755981445,24.008657455444336
30-11-2010,25.528888702392578,25.63111114501953,2504025,26.528888702392578,26.29777717590332,24.45081329345703
01-12-2010,26.68000030517578,26.688888549804688,2076975,27.559999465942383,27.46666717529297,25.53760528564453
02-12-2010,26.97333335876465,27.399999618530273,2218275,27.497777938842773,27.06222152709961,25.16156578063965
03-12-2010,26.804443359375,26.897777557373047,1890000,27.057777404785156,26.91111183166504,25.02107048034668
06-12-2010,26.600000381469727,26.844444274902344,1784925,26.995555877685547,26.626667022705078,24.756603240966797
07-12-2010,26.471111297607422,26.906667709350586,1609200,26.97333335876465,26.617778778076172,24.748334884643555
08-12-2010,26.46666717529297,26.63111114501953,1159650,26.76444435119629,26.511110305786133,24.68625259399414
09-12-2010,26.426666259765625,26.70222282409668,1216125,26.733333587646484,26.568889617919922,24.740062713623047
10-12-2010,26.53333282470703,26.688888549804688,1271700,26.755556106567383,26.70222282409668,24.864213943481445
13-12-2010,26.573333740234375,26.77777862548828,1702800,26.959999084472656,26.675556182861328,24.839385986328125
14-12-2010,26.573333740234375,26.711111068725586,1649250,26.768888473510742,26.688888549804688,24.8518009185791
15-12-2010,26.46666717529297,26.63111114501953,2041200,27.093332290649414,26.551111221313477,24.7235107421875
16-12-2010,26.46666717529297,26.626667022705078,1631025,26.9022216796875,26.866666793823242,25.01734161376953
17-12-2010,26.31999969482422,26.733333587646484,3719475,26.844444274902344,26.31999969482422,24.5082950592041
20-12-2010,25.82666778564453,26.50666618347168,2123550,26.595556259155273,26.328889846801758,24.516592025756836
21-12-2010,26.34666633605957,26.373332977294922,2525625,26.63111114501953,26.600000381469727,24.769031524658203
22-12-2010,26.18000030517578,26.97333335876465,1390200,26.97333335876465,26.200000762939453,24.39656639099121
23-12-2010,26.066667556762695,26.17333221435547,996450,26.34000015258789,26.273332595825195,24.464845657348633
27-12-2010,26.059999465942383,26.213333129882812,407700,26.31333351135254,26.213333129882812,24.408977508544922
28-12-2010,26.1200008392334,26.233333587646484,796500,26.413333892822266,26.3799991607666,24.564167022705078
29-12-2010,26.133333206176758,26.393333435058594,678150,26.420000076293945,26.31333351135254,24.502098083496094
30-12-2010,26.206666946411133,26.246667861938477,432450,26.47333335876465,26.213333129882812,24.408977508544922
31-12-2010,26.126667022705078,26.206666946411133,498450,26.34666633605957,26.166667938232422,24.365522384643555
03-01-2011,26.273332595825195,26.273332595825195,603300,26.666667938232422,26.440000534057617,24.620040893554688
04-01-2011,25.786666870117188,26.446666717529297,765600,26.50666618347168,26.053333282470703,24.259990692138672
05-01-2011,25.906667709350586,25.906667709350586,806850,26.3799991607666,26.206666946411133,24.402769088745117
06-01-2011,26.03333282470703,26.14666748046875,570000,26.34000015258789,26.226667404174805,24.421396255493164
07-01-2011,25.866666793823242,26.293333053588867,824700,26.373332977294922,26.206666946411133,24.402769088745117
10-01-2011,25.586666107177734,26.02666664123535,1430250,26.200000762939453,26.086666107177734,24.29102897644043
11-01-2011,26.093332290649414,26.1200008392334,592200,26.426666259765625,26.18000030517578,24.37793731689453
12-01-2011,26.253332138061523,26.393333435058594,620550,26.65999984741211,26.64666748046875,24.812488555908203
13-01-2011,26.540000915527344,26.69333267211914,1098150,26.85333251953125,26.85333251953125,25.004924774169922
14-01-2011,26.746667861938477,26.746667861938477,666000,26.979999542236328,26.886667251586914,25.03597068786621
18-01-2011,26.68666648864746,26.793333053588867,1343550,27.32666778564453,27.31999969482422,25.43946647644043
19-01-2011,26.559999465942383,27.239999771118164,780000,27.393333435058594,26.626667022705078,24.79386329650879
20-01-2011,26.106666564941406,26.52666664123535,895050,26.606666564941406,26.246667861938477,24.44001579284668
21-01-2011,26.219999313354492,26.266666412353516,1537050,27.459999084472656,26.946666717529297,25.09183692932129
24-01-2011,26.520000457763672,26.866666793823242,942450,26.940000534057617,26.8799991607666,25.029748916625977
25-01-2011,26.700000762939453,26.84666633605957,698100,27.03333282470703,27.03333282470703,25.17253875732422
26-01-2011,26.946666717529297,27.18000030517578,999300,27.333332061767578,27.18000030517578,25.309101104736328
27-01-2011,26.566667556762695,27.393333435058594,1427550,28.333332061767578,26.713333129882812,24.874561309814453
28-01-2011,25.80666732788086,26.780000686645508,1408650,26.866666793823242,26.00666618347168,24.216541290283203
31-01-2011,26.01333236694336,26.046667098999023,1574400,27.31999969482422,27.18666648864746,25.3153076171875
01-02-2011,27.253332138061523,27.360000610351562,1341900,27.96666717529297,27.899999618530273,25.979549407958984
02-02-2011,27.573333740234375,27.780000686645508,842550,27.99333381652832,27.633333206176758,25.731237411499023
03-02-2011,27.260000228881836,27.6200008392334,1095750,27.64666748046875,27.393333435058594,25.50775718688965
04-02-2011,27.406667709350586,27.5,590400,27.786666870117188,27.766666412353516,25.855390548706055
07-02-2011,27.84666633605957,27.85333251953125,680550,28.18666648864746,27.979999542236328,26.054046630859375
08-02-2011,28.02666664123535,28.02666664123535,1252800,28.733333587646484,28.69333267211914,26.718271255493164
09-02-2011,28.32666778564453,28.559999465942383,652500,28.84000015258789,28.446666717529297,26.488590240478516
10-02-2011,28.17333221435547,28.246667861938477,2361900,29.886667251586914,29.233333587646484,27.221101760864258
11-02-2011,28.96666717529297,29.106666564941406,750000,29.286666870117188,29.139999389648438,27.134187698364258
14-02-2011,28.53333282470703,29.079999923706055,1057200,29.18000030517578,28.96666717529297,26.972795486450195
15-02-2011,28.440000534057617,28.799999237060547,667650,28.873332977294922,28.666667938232422,26.69344139099121
16-02-2011,28.413333892822266,28.706666946411133,954300,28.946666717529297,28.613332748413086,26.643779754638672
17-02-2011,28.520000457763672,28.573333740234375,556350,28.753332138061523,28.626667022705078,26.656187057495117
18-02-2011,28.426666259765625,28.613332748413086,730050,28.773332595825195,28.746667861938477,26.7679386138916
22-02-2011,27.753332138061523,28.406667709350586,935100,28.53333282470703,27.793333053588867,25.880224227905273
23-02-2011,27.133333206176758,27.780000686645508,1426500,27.8799991607666,27.593332290649414,25.693988800048828
24-02-2011,27.286666870117188,27.606666564941406,1093050,27.81999969482422,27.459999084472656,25.56982421875
25-02-2011,27.593332290649414,27.64666748046875,981300,28.093332290649414,28.093332290649414,26.159570693969727
28-02-2011,27.860000610351562,28.166667938232422,756900,28.266666412353516,27.96666717529297,26.0416202545166
01-03-2011,27.360000610351562,28.1200008392334,769500,28.1200008392334,27.600000381469727,25.7001953125
02-03-2011,27.5,27.5,877500,28.32666778564453,28.066667556762695,26.134746551513672
03-03-2011,28.299999237060547,28.299999237060547,1015950,28.98666763305664,28.719999313354492,26.74310302734375
04-03-2011,27.98666763305664,28.733333587646484,607950,28.733333587646484,28.31333351135254,26.36443519592285
07-03-2011,27.713333129882812,28.48666763305664,541800,28.6200008392334,27.979999542236328,26.054046630859375
08-03-2011,27.82666778564453,28.059999465942383,507900,28.50666618347168,28.299999237060547,26.352012634277344
09-03-2011,28.00666618347168,28.299999237060547,978000,28.633333206176758,28.53333282470703,26.56927490234375
10-03-2011,27.479999542236328,28.14666748046875,728550,28.19333267211914,27.746667861938477,25.836772918701172
11-03-2011,27.49333381652832,27.53333282470703,713250,28.18666648864746,27.99333381652832,26.06645965576172
14-03-2011,27.079999923706055,27.633333206176758,1040100,27.81333351135254,27.299999237060547,25.420846939086914
15-03-2011,26.100000381469727,26.65333366394043,1317000,27.293333053588867,27.100000381469727,25.27164077758789
16-03-2011,26.68666648864746,27.020000457763672,1138350,27.14666748046875,26.799999237060547,24.991880416870117
17-03-2011,27.086666107177734,27.260000228881836,675450,27.446666717529297,27.166667938232422,25.333810806274414
18-03-2011,27.206666946411133,27.53333282470703,842400,27.69333267211914,27.32666778564453,25.483015060424805
21-03-2011,27.67333221435547,27.706666946411133,580050,28.333332061767578,28.206666946411133,26.303640365600586
22-03-2011,27.80666732788086,28.15999984741211,682200,28.233333587646484,27.82666778564453,25.94928550720215
23-03-2011,27.386667251586914,27.739999771118164,554700,28.00666618347168,27.893333435058594,26.011449813842773
24-03-2011,27.666667938232422,28.059999465942383,546900,28.239999771118164,28.18000030517578,26.278776168823242
25-03-2011,28.059999465942383,28.233333587646484,536400,28.68000030517578,28.440000534057617,26.5212345123291
28-03-2011,28.106666564941406,28.406667709350586,565350,28.459999084472656,28.19333267211914,26.291210174560547
29-03-2011,27.940000534057617,28.15333366394043,484500,28.65333366394043,28.613332748413086,26.682876586914062
30-03-2011,28.586666107177734,28.773332595825195,453600,28.886667251586914,28.866666793823242,26.91911506652832
31-03-2011,28.633333206176758,28.84000015258789,898500,29.246667861938477,29.246667861938477,27.273483276367188
01-04-2011,29.273332595825195,29.34666633605957,1186950,29.766666412353516,29.746667861938477,27.7397518157959
04-04-2011,29.420000076293945,29.739999771118164,610800,29.773332595825195,29.746667861938477,27.7397518157959
05-04-2011,29.47333335876465,29.68666648864746,648750,29.773332595825195,29.49333381652832,27.503503799438477
06-04-2011,29.34666633605957,29.666667938232422,691800,29.860000610351562,29.746667861938477,27.7397518157959
07-04-2011,29.1200008392334,29.700000762939453,926850,29.780000686645508,29.386667251586914,27.404033660888672
08-04-2011,28.713333129882812,29.540000915527344,692550,29.579999923706055,28.920000076293945,26.968856811523438
11-04-2011,28.406667709350586,28.920000076293945,709050,29.040000915527344,28.559999465942383,26.63313865661621
12-04-2011,28.02666664123535,28.393333435058594,603600,28.393333435058594,28.219999313354492,26.316076278686523
13-04-2011,28.293333053588867,28.31999969482422,675150,28.639999389648438,28.540000915527344,26.614492416381836
14-04-2011,28.01333236694336,28.293333053588867,923700,28.35333251953125,28.226667404174805,26.322290420532227
15-04-2011,29.226667404174805,29.799999237060547,5016450,30.17333221435547,29.860000610351562,27.84543228149414
18-04-2011,29.079999923706055,29.6200008392334,1173450,30.03333282470703,29.373332977294922,27.3915958404541
19-04-2011,29.113332748413086,29.459999084472656,1281750,29.65333366394043,29.626667022705078,27.62784767150879
20-04-2011,29.933332443237305,30.059999465942383,1076400,30.446666717529297,30.393333435058594,28.34278106689453
21-04-2011,30.433332443237305,30.566667556762695,639750,30.893333435058594,30.81333351135254,28.73444366455078
25-04-2011,30.32666778564453,30.50666618347168,1148550,30.8799991607666,30.786666870117188,28.70957374572754
26-04-2011,30.913333892822266,31.0,995250,31.32666778564453,31.18000030517578,29.07637596130371
27-04-2011,30.82666778564453,31.206666946411133,1804800,31.333332061767578,31.17333221435547,29.070152282714844
28-04-2011,30.226667404174805,30.84000015258789,968700,31.079999923706055,30.626667022705078,28.560379028320312
29-04-2011,30.600000381469727,30.760000228881836,1363500,30.933332443237305,30.69333267211914,28.622543334960938
02-05-2011,30.293333053588867,30.700000762939453,967200,30.713333129882812,30.366666793823242,28.317913055419922
03-05-2011,29.68666648864746,30.253332138061523,1003950,30.360000610351562,29.82666778564453,27.814346313476562
04-05-2011,29.1200008392334,29.85333251953125,1104300,29.920000076293945,29.49333381652832,27.503503799438477
05-05-2011,29.15999984741211,29.260000228881836,935400,29.84666633605957,29.333332061767578,27.354293823242188
06-05-2011,29.626667022705078,29.719999313354492,1170150,29.920000076293945,29.746667861938477,27.7397518157959
09-05-2011,29.586666107177734,29.586666107177734,852450,30.0,29.81999969482422,27.80813217163086
10-05-2011,29.739999771118164,29.85333251953125,2399700,30.086666107177734,29.959999084472656,27.938682556152344
11-05-2011,29.206666946411133,30.0,980250,30.166667938232422,29.360000610351562,27.379169464111328
12-05-2011,28.886667251586914,29.273332595825195,994500,29.553333282470703,29.393333435058594,27.410249710083008
13-05-2011,28.940000534057617,29.373332977294922,795900,29.566667556762695,29.046667098999023,27.086971282958984
16-05-2011,28.559999465942383,28.873332977294922,1177800,29.139999389648438,28.586666107177734,26.658008575439453
17-05-2011,27.860000610351562,28.386667251586914,1229250,28.433332443237305,28.113332748413086,26.21660614013672
18-05-2011,27.933332443237305,28.02666664123535,693900,28.760000228881836,28.700000762939453,26.763694763183594
19-05-2011,28.586666107177734,28.799999237060547,613200,29.106666564941406,28.739999771118164,26.800994873046875
20-05-2011,28.253332138061523,28.68666648864746,518400,28.739999771118164,28.406667709350586,26.490154266357422
23-05-2011,27.559999465942383,27.953332901000977,691650,28.079999923706055,27.98666763305664,26.098495483398438
24-05-2011,27.273332595825195,28.053333282470703,1230300,28.15333366394043,27.333332061767578,25.489225387573242
25-05-2011,26.920000076293945,27.126667022705078,1765650,28.246667861938477,28.219999313354492,26.316076278686523
26-05-2011,27.920000076293945,28.03333282470703,1003050,28.34000015258789,28.273332595825195,26.365814208984375
27-05-2011,28.020000457763672,28.200000762939453,608850,28.700000762939453,28.433332443237305,26.515016555786133
31-05-2011,28.49333381652832,28.733333587646484,1497600,29.0,28.99333381652832,27.037235260009766
01-06-2011,28.040000915527344,28.873332977294922,1417950,29.053333282470703,28.053333282470703,26.16065788269043
02-06-2011,28.02666664123535,28.040000915527344,972600,28.453332901000977,28.373332977294922,26.459068298339844
03-06-2011,27.82666778564453,27.873332977294922,1565850,28.566667556762695,28.219999313354492,26.316076278686523
06-06-2011,27.860000610351562,28.093332290649414,1046250,28.286666870117188,27.926666259765625,26.04253387451172
07-06-2011,27.959999084472656,28.126667022705078,1307700,28.553333282470703,28.280000686645508,26.372032165527344
08-06-2011,27.80666732788086,28.14666748046875,810600,28.15333366394043,27.860000610351562,25.980365753173828
09-06-2011,27.69333267211914,27.913333892822266,727650,28.14666748046875,28.040000915527344,26.14821434020996
10-06-2011,27.546667098999023,27.899999618530273,776850,27.920000076293945,27.700000762939453,25.831161499023438
13-06-2011,27.399999618530273,27.68000030517578,1027350,27.85333251953125,27.440000534057617,25.588699340820312
14-06-2011,27.64666748046875,27.719999313354492,746250,28.02666664123535,27.899999618530273,26.05565643310547
15-06-2011,27.520000457763672,27.613332748413086,1134600,27.84000015258789,27.67333221435547,25.843965530395508
16-06-2011,27.02666664123535,27.67333221435547,1149300,27.760000228881836,27.31999969482422,25.513988494873047
17-06-2011,27.200000762939453,27.566667556762695,1573950,27.719999313354492,27.266666412353516,25.464181900024414
20-06-2011,27.093332290649414,27.19333267211914,890400,27.546667098999023,27.51333236694336,25.694543838500977
21-06-2011,27.600000381469727,27.733333587646484,911700,28.50666618347168,28.32666778564453,26.45411491394043
22-06-2011,28.18000030517578,28.213333129882812,1107750,28.799999237060547,28.5,26.615989685058594
23-06-2011,27.64666748046875,28.086666107177734,1324350,28.753332138061523,28.68000030517578,26.784086227416992
24-06-2011,28.286666870117188,28.739999771118164,853050,28.84666633605957,28.34666633605957,26.472787857055664
27-06-2011,27.799999237060547,28.18000030517578,951900,28.426666259765625,28.239999771118164,26.373172760009766
28-06-2011,28.206666946411133,28.32666778564453,729900,29.086666107177734,29.020000457763672,27.10161018371582
29-06-2011,28.773332595825195,29.166667938232422,1268700,29.68000030517578,29.666667938232422,27.705533981323242
30-06-2011,29.546667098999023,29.733333587646484,1648650,30.1200008392334,29.933332443237305,27.954570770263672
01-07-2011,29.98666763305664,30.093332290649414,1411050,30.47333335876465,30.420000076293945,28.409055709838867
05-07-2011,30.219999313354492,30.299999237060547,795750,30.5,30.406667709350586,28.39661407470703
06-07-2011,30.15999984741211,30.373332977294922,857400,30.65999984741211,30.65999984741211,28.633201599121094
07-07-2011,30.68666648864746,30.833332061767578,963300,31.059999465942383,30.766666412353516,28.73281478881836
08-07-2011,30.100000381469727,30.386667251586914,786600,30.51333236694336,30.426666259765625,28.41529083251953
11-07-2011,29.65999984741211,30.046667098999023,1175250,30.35333251953125,29.713333129882812,27.749107360839844
12-07-2011,29.35333251953125,29.64666748046875,1072500,29.906667709350586,29.713333129882812,27.749107360839844
13-07-2011,29.67333221435547,29.82666778564453,947250,30.133333206176758,30.0,28.016836166381836
14-07-2011,29.226667404174805,30.126667022705078,950400,30.126667022705078,29.34666633605957,27.406681060791016
15-07-2011,28.926666259765625,29.46666717529297,872550,29.5,29.293333053588867,27.356874465942383
18-07-2011,28.579999923706055,29.126667022705078,751200,29.15999984741211,28.793333053588867,26.889930725097656
19-07-2011,28.893333435058594,28.96666717529297,582000,29.30666732788086,29.233333587646484,27.300846099853516
20-07-2011,29.01333236694336,29.34000015258789,563850,29.433332443237305,29.31333351135254,27.375553131103516
21-07-2011,29.31333351135254,29.420000076293945,764100,29.906667709350586,29.786666870117188,27.817596435546875
22-07-2011,29.593332290649414,29.766666412353516,582750,29.906667709350586,29.739999771118164,27.77402114868164
25-07-2011,29.15999984741211,29.373332977294922,1492950,30.19333267211914,30.073333740234375,28.085309982299805
26-07-2011,29.106666564941406,29.333332061767578,1775250,30.833332061767578,30.100000381469727,28.110219955444336
27-07-2011,28.99333381652832,30.406667709350586,1223400,30.67333221435547,29.113332748413086,27.188772201538086
28-07-2011,28.47333335876465,29.133333206176758,958500,29.206666946411133,28.49333381652832,26.609764099121094
29-07-2011,27.866666793823242,28.133333206176758,1058550,28.566667556762695,28.333332061767578,26.460336685180664
01-08-2011,28.0,28.666667938232422,894900,28.766666412353516,28.31999969482422,26.4478816986084
02-08-2011,27.073333740234375,27.97333335876465,1990800,28.360000610351562,27.113332748413086,25.32099151611328
03-08-2011,26.479999542236328,27.1200008392334,1308000,27.286666870117188,27.246667861938477,25.445510864257812
04-08-2011,25.47333335876465,26.773332595825195,1323000,26.893333435058594,25.49333381652832,23.80807876586914
05-08-2011,24.219999313354492,25.8799991607666,2747100,25.920000076293945,24.69333267211914,23.060962677001953
08-08-2011,22.48666763305664,23.65333366394043,2371350,24.200000762939453,22.49333381652832,21.006397247314453
09-08-2011,22.406667709350586,22.979999542236328,3137850,24.613332748413086,24.586666107177734,22.961341857910156
10-08-2011,23.51333236694336,23.873332977294922,2758200,24.253332138061523,23.613332748413086,22.052356719970703
11-08-2011,23.64666748046875,23.746667861938477,1270500,25.6200008392334,25.299999237060547,23.627525329589844
12-08-2011,24.959999084472656,25.420000076293945,1746000,25.64666748046875,25.51333236694336,23.82675552368164
15-08-2011,25.520000457763672,25.69333267211914,903450,26.0,25.899999618530273,24.1878662109375
16-08-2011,25.213333129882812,25.600000381469727,1050900,25.786666870117188,25.459999084472656,23.776945114135742
17-08-2011,25.00666618347168,25.633333206176758,763500,25.799999237060547,25.260000228881836,23.590167999267578
18-08-2011,23.386667251586914,24.459999084472656,891150,24.51333236694336,23.606666564941406,22.046131134033203
19-08-2011,23.15333366394043,23.18666648864746,1002000,24.100000381469727,23.246667861938477,21.709930419921875
22-08-2011,23.239999771118164,23.926666259765625,1135650,24.086666107177734,23.479999542236328,21.92783546447754
23-08-2011,23.373332977294922,23.64666748046875,607800,24.593332290649414,24.586666107177734,22.961341857910156
24-08-2011,24.366666793823242,24.520000457763672,1922400,25.0,24.626667022705078,22.998706817626953
25-08-2011,23.940000534057617,24.860000610351562,969600,25.053333282470703,24.093332290649414,22.500627517700195
26-08-2011,23.50666618347168,23.873332977294922,1162350,24.799999237060547,24.600000381469727,22.973796844482422
29-08-2011,24.873332977294922,24.873332977294922,1038300,25.520000457763672,25.459999084472656,23.776945114135742
30-08-2011,25.200000762939453,25.253332138061523,1261200,26.213333129882812,26.01333236694336,24.293699264526367
31-08-2011,25.726667404174805,26.18000030517578,1067250,26.733333587646484,26.053333282470703,24.331058502197266
01-09-2011,25.453332901000977,26.053333282470703,898200,26.32666778564453,25.540000915527344,23.851655960083008
02-09-2011,24.286666870117188,24.746667861938477,678300,25.126667022705078,24.459999084472656,22.843048095703125
06-09-2011,23.606666564941406,23.613332748413086,1305750,24.82666778564453,24.593332290649414,22.967567443847656
07-09-2011,24.959999084472656,25.073333740234375,649200,25.366666793823242,25.293333053588867,23.62129783630371
08-09-2011,24.97333335876465,25.046667098999023,1724700,25.366666793823242,25.253332138061523,23.583942413330078
09-09-2011,24.086666107177734,24.926666259765625,1390050,25.066667556762695,24.253332138061523,22.650043487548828
12-09-2011,23.406667709350586,23.746667861938477,1494900,24.059999465942383,23.99333381652832,22.407236099243164
13-09-2011,23.946666717529297,24.166667938232422,1517250,24.886667251586914,24.81333351135254,23.17302894592285
14-09-2011,24.34666633605957,25.059999465942383,1060950,25.753332138061523,25.446666717529297,23.8028621673584
15-09-2011,25.426666259765625,25.68000030517578,1116450,25.946666717529297,25.899999618530273,24.226919174194336
16-09-2011,25.520000457763672,25.700000762939453,1301250,26.053333282470703,25.626667022705078,23.97123908996582
19-09-2011,24.746667861938477,25.020000457763672,754350,25.626667022705078,25.453332901000977,23.80910301208496
20-09-2011,24.799999237060547,25.579999923706055,1185750,25.700000762939453,24.799999237060547,23.197978973388672
21-09-2011,23.886667251586914,24.773332595825195,1004850,24.979999542236328,23.893333435058594,22.349882125854492
22-09-2011,21.96666717529297,23.073333740234375,1866450,23.126667022705078,22.34666633605957,20.903125762939453
23-09-2011,21.780000686645508,22.286666870117188,2421150,22.5,21.946666717529297,20.52895736694336
26-09-2011,21.893333435058594,22.053333282470703,2100750,23.726667404174805,23.68000030517578,22.150325775146484
27-09-2011,23.3799991607666,24.073333740234375,1638600,24.18666648864746,23.586666107177734,22.063024520874023
28-09-2011,22.799999237060547,23.760000228881836,1700850,23.860000610351562,22.81999969482422,21.34587287902832
29-09-2011,22.459999084472656,23.413333892822266,1771500,23.64666748046875,22.953332901000977,21.47059440612793
30-09-2011,21.97333335876465,22.52666664123535,3436650,22.67333221435547,21.979999542236328,20.560138702392578
03-10-2011,20.899999618530273,21.739999771118164,2564850,22.219999313354492,20.953332901000977,19.59978675842285
04-10-2011,20.579999923706055,20.67333221435547,2250000,22.579999923706055,22.50666618347168,21.052776336669922
05-10-2011,22.31999969482422,22.626667022705078,1707900,23.53333282470703,23.399999618530273,21.888408660888672
06-10-2011,23.139999389648438,23.386667251586914,1092450,24.14666748046875,24.139999389648438,22.580608367919922
07-10-2011,23.426666259765625,24.17333221435547,1338600,24.17333221435547,23.639999389648438,22.112903594970703
10-10-2011,23.98666763305664,24.15999984741211,795600,24.600000381469727,24.600000381469727,23.010892868041992
11-10-2011,24.31999969482422,24.440000534057617,749550,24.833332061767578,24.600000381469727,23.010892868041992
12-10-2011,24.833332061767578,24.899999618530273,1347000,25.446666717529297,25.100000381469727,23.47859001159668
13-10-2011,24.606666564941406,24.893333435058594,1208250,25.113332748413086,25.0,23.385053634643555
14-10-2011,24.799999237060547,25.446666717529297,1197450,25.49333381652832,25.440000534057617,23.796628952026367
17-10-2011,24.606666564941406,25.333332061767578,766350,25.420000076293945,24.68666648864746,23.09195899963379
18-10-2011,24.426666259765625,24.80666732788086,900750,25.780000686645508,25.64666748046875,23.989953994750977
19-10-2011,25.0,25.47333335876465,753300,25.700000762939453,25.079999923706055,23.45988655090332
20-10-2011,24.586666107177734,25.073333740234375,616800,25.35333251953125,25.113332748413086,23.49106788635254
21-10-2011,25.17333221435547,25.48666763305664,566550,25.64666748046875,25.633333206176758,23.97747039794922
24-10-2011,25.713333129882812,25.80666732788086,1375200,26.733333587646484,26.626667022705078,24.906639099121094
25-10-2011,25.219999313354492,26.166667938232422,1482300,26.579999923706055,25.886667251586914,24.21445083618164
26-10-2011,25.19333267211914,26.366666793823242,865200,26.373332977294922,25.899999618530273,24.226919174194336
27-10-2011,26.81999969482422,27.020000457763672,1093950,27.726667404174805,27.3799991607666,25.611309051513672
28-10-2011,27.139999389648438,27.393333435058594,901350,27.52666664123535,27.32666778564453,25.561424255371094
31-10-2011,26.31999969482422,26.886667251586914,876150,26.946666717529297,26.34666633605957,24.644729614257812
01-11-2011,24.97333335876465,25.053333282470703,1267050,26.073333740234375,25.34000015258789,23.70309066772461
02-11-2011,25.65999984741211,25.799999237060547,996900,26.32666778564453,26.14666748046875,24.4576473236084
03-11-2011,26.286666870117188,26.606666564941406,1750650,27.666667938232422,27.5,25.723552703857422
04-11-2011,26.893333435058594,27.31333351135254,791400,27.35333251953125,27.19333267211914,25.436697006225586
07-11-2011,26.446666717529297,27.073333740234375,869400,27.15999984741211,27.100000381469727,25.349397659301758
08-11-2011,27.02666664123535,27.333332061767578,1194150,27.613332748413086,27.573333740234375,25.792156219482422
09-11-2011,26.113332748413086,26.82666778564453,610800,26.899999618530273,26.30666732788086,24.60730743408203
10-11-2011,26.35333251953125,26.760000228881836,1442250,27.100000381469727,26.979999542236328,25.237150192260742
11-11-2011,27.30666732788086,27.3799991607666,1202250,28.073333740234375,27.940000534057617,26.135133743286133
14-11-2011,27.34666633605957,27.773332595825195,754800,27.85333251953125,27.52666664123535,25.748510360717773
15-11-2011,27.34000015258789,27.413333892822266,742800,28.360000610351562,28.18666648864746,26.365867614746094
16-11-2011,27.479999542236328,27.780000686645508,620100,28.17333221435547,27.5,25.723552703857422
17-11-2011,26.713333129882812,27.3799991607666,607350,27.566667556762695,26.920000076293945,25.181026458740234
18-11-2011,26.866666793823242,27.166667938232422,568350,27.19333267211914,26.893333435058594,25.156078338623047
21-11-2011,26.18000030517578,26.393333435058594,803550,26.746667861938477,26.586666107177734,24.869230270385742
22-11-2011,26.1200008392334,26.47333335876465,453150,26.766666412353516,26.32666778564453,24.626022338867188
23-11-2011,25.446666717529297,25.946666717529297,680400,26.053333282470703,25.50666618347168,23.85899543762207
25-11-2011,25.226667404174805,25.35333251953125,400950,25.67333221435547,25.253332138061523,23.622020721435547
28-11-2011,26.01333236694336,26.226667404174805,926400,26.84666633605957,26.746667861938477,25.018890380859375
29-11-2011,26.6200008392334,26.81333351135254,1330500,27.393333435058594,26.979999542236328,25.237150192260742
30-11-2011,27.873332977294922,28.053333282470703,1585650,28.753332138061523,28.559999465942383,26.715091705322266
01-12-2011,28.18000030517578,28.406667709350586,712650,28.64666748046875,28.239999771118164,26.415756225585938
02-12-2011,28.373332977294922,28.68666648864746,906450,28.959999084472656,28.413333892822266,26.577892303466797
05-12-2011,28.446666717529297,28.82666778564453,754500,29.15333366394043,28.68666648864746,26.833572387695312
06-12-2011,28.30666732788086,28.65333366394043,473400,28.786666870117188,28.573333740234375,26.76488494873047
07-12-2011,27.766666412353516,28.293333053588867,421200,28.520000457763672,28.413333892822266,26.615005493164062
08-12-2011,27.459999084472656,28.079999923706055,667050,28.266666412353516,27.53333282470703,25.79069709777832
09-12-2011,27.559999465942383,27.739999771118164,636750,28.606666564941406,28.540000915527344,26.733654022216797
12-12-2011,27.50666618347168,28.126667022705078,664950,28.19333267211914,27.886667251586914,26.12166976928711
13-12-2011,27.073333740234375,28.17333221435547,685050,28.293333053588867,27.34666633605957,25.6158504486084
14-12-2011,26.53333282470703,27.34000015258789,889800,27.46666717529297,26.65999984741211,24.972644805908203
15-12-2011,26.280000686645508,26.933332443237305,1207500,26.946666717529297,26.739999771118164,25.04757308959961
16-12-2011,26.82666778564453,26.979999542236328,2203200,27.586666107177734,27.040000915527344,25.328594207763672
19-12-2011,26.386667251586914,27.233333587646484,722250,27.479999542236328,26.5,24.822763442993164
20-12-2011,26.940000534057617,27.086666107177734,1592700,27.399999618530273,27.34666633605957,25.6158504486084
21-12-2011,26.719999313354492,27.200000762939453,803700,27.386667251586914,27.3799991607666,25.647071838378906
22-12-2011,27.253332138061523,27.399999618530273,916650,27.85333251953125,27.82666778564453,26.06546974182129
23-12-2011,27.786666870117188,27.933332443237305,332850,28.106666564941406,28.02666664123535,26.252809524536133
27-12-2011,27.926666259765625,27.98666763305664,414150,28.433332443237305,28.293333053588867,26.502609252929688
28-12-2011,27.459999084472656,28.213333129882812,542850,28.246667861938477,27.520000457763672,25.778215408325195
29-12-2011,27.53333282470703,27.65999984741211,641700,27.926666259765625,27.85333251953125,26.09044647216797
30-12-2011,27.80666732788086,27.906667709350586,1035300,28.18666648864746,28.066667556762695,26.290279388427734
03-01-2012,27.940000534057617,28.873332977294922,956250,28.920000076293945,28.166667938232422,26.383955001831055
04-01-2012,27.926666259765625,27.96666717529297,687900,28.6200008392334,28.553333282470703,26.74614715576172
05-01-2012,28.01333236694336,28.34000015258789,938400,29.1200008392334,29.02666664123535,27.18952178955078
06-01-2012,28.626667022705078,28.946666717529297,613050,29.040000915527344,28.68000030517578,26.86479949951172
09-01-2012,28.613332748413086,28.84666633605957,897150,28.906667709350586,28.68666648864746,26.87103843688965
10-01-2012,28.96666717529297,29.059999465942383,935400,29.420000076293945,29.35333251953125,27.495508193969727
11-01-2012,29.253332138061523,29.30666732788086,865200,29.639999389648438,29.546667098999023,27.676607131958008
12-01-2012,29.726667404174805,29.979999542236328,1204050,30.579999923706055,30.479999542236328,28.55086898803711
13-01-2012,29.940000534057617,30.14666748046875,1475250,30.719999313354492,30.68000030517578,28.73820686340332
17-01-2012,30.32666778564453,30.899999618530273,1392450,31.166667938232422,30.333332061767578,28.41348648071289
18-01-2012,29.98666763305664,30.35333251953125,2261550,30.386667251586914,30.15999984741211,28.251123428344727
19-01-2012,30.1200008392334,30.213333129882812,1423950,31.1200008392334,30.760000228881836,28.813148498535156
20-01-2012,30.386667251586914,30.65999984741211,909300,30.760000228881836,30.446666717529297,28.5196533203125
23-01-2012,30.366666793823242,30.47333335876465,875550,30.913333892822266,30.733333587646484,28.788169860839844
24-01-2012,30.34000015258789,30.50666618347168,1018800,30.96666717529297,30.8799991607666,28.92555046081543
25-01-2012,30.793333053588867,30.860000610351562,1140000,31.333332061767578,31.219999313354492,29.244033813476562
26-01-2012,30.02666664123535,30.886667251586914,1505850,31.833332061767578,31.3799991607666,29.39389991760254
27-01-2012,31.0,31.17333221435547,1027200,31.559999465942383,31.03333282470703,29.06917953491211
30-01-2012,30.68000030517578,30.84000015258789,1129350,31.5,31.393333435058594,29.40639305114746
31-01-2012,31.1200008392334,31.566667556762695,1362000,31.600000381469727,31.333332061767578,29.350196838378906
01-02-2012,31.546667098999023,31.706666946411133,1540650,32.14666748046875,32.119998931884766,30.08707046508789
02-02-2012,31.5,32.11333465576172,982050,32.1533317565918,31.53333282470703,29.537532806396484
03-02-2012,31.953332901000977,32.099998474121094,1205250,32.34000015258789,32.133331298828125,30.09955406188965
06-02-2012,31.893333435058594,31.979999542236328,671250,32.28666687011719,32.14666748046875,30.112045288085938
07-02-2012,31.82666778564453,31.99333381652832,861300,32.40666580200195,32.17333221435547,30.13702964782715
08-02-2012,31.8799991607666,32.206668853759766,501900,32.413333892822266,32.12666702270508,30.093313217163086
09-02-2012,31.886667251586914,32.32666778564453,779700,32.43333435058594,32.3466682434082,30.299396514892578
10-02-2012,31.666667938232422,31.933332443237305,543000,32.04666519165039,31.84666633605957,29.831039428710938
13-02-2012,31.733333587646484,32.34000015258789,601200,32.393333435058594,32.266666412353516,30.22445297241211
14-02-2012,31.96666717529297,32.026668548583984,739500,32.40666580200195,32.400001525878906,30.349353790283203
15-02-2012,31.82666778564453,32.56666564941406,897600,32.586666107177734,31.96666717529297,29.943443298339844
16-02-2012,32.0,32.03333282470703,847800,32.866668701171875,32.720001220703125,30.649099349975586
17-02-2012,32.2599983215332,32.83333206176758,946650,33.13999938964844,32.48666763305664,30.430530548095703
21-02-2012,32.31999969482422,32.46666717529297,717900,32.6533317565918,32.41999816894531,30.368080139160156
22-02-2012,32.11333465576172,32.46666717529297,1074600,32.540000915527344,32.2400016784668,30.19947624206543
23-02-2012,31.81999969482422,32.293331146240234,623700,32.3466682434082,32.27333450317383,30.23070526123047
24-02-2012,32.086666107177734,32.30666732788086,727650,32.40666580200195,32.16666793823242,30.130786895751953
27-02-2012,31.440000534057617,31.84666633605957,1500150,32.12666702270508,31.780000686645508,29.768590927124023
28-02-2012,31.573333740234375,31.8799991607666,1443750,31.946666717529297,31.793333053588867,29.78108024597168
29-02-2012,31.733333587646484,31.893333435058594,1196100,32.17333221435547,31.733333587646484,29.72487449645996
01-03-2012,31.860000610351562,31.860000610351562,880350,32.246665954589844,32.086666107177734,30.055849075317383
02-03-2012,31.593332290649414,31.97333335876465,630300,32.206668853759766,31.65999984741211,29.65618896484375
05-03-2012,31.286666870117188,31.64666748046875,629400,31.65333366394043,31.579999923706055,29.581241607666016
06-03-2012,30.65999984741211,31.100000381469727,1186500,31.19333267211914,30.99333381652832,29.031709671020508
07-03-2012,31.046667098999023,31.086666107177734,759600,31.366666793823242,31.34000015258789,29.35643768310547
08-03-2012,31.19333267211914,31.546667098999023,772500,31.766666412353516,31.67333221435547,29.668668746948242
09-03-2012,31.553333282470703,31.65999984741211,955800,32.233333587646484,32.08000183105469,30.049602508544922
12-03-2012,31.833332061767578,32.040000915527344,676500,32.18000030517578,32.12666702270508,30.093313217163086
13-03-2012,32.186668395996094,32.366668701171875,1122900,32.619998931884766,32.619998931884766,30.555423736572266
14-03-2012,32.279998779296875,32.58000183105469,790800,32.58000183105469,32.45333480834961,30.436630249023438
15-03-2012,32.36000061035156,32.58000183105469,1050150,32.606666564941406,32.473331451416016,30.455387115478516
16-03-2012,32.393333435058594,32.50666809082031,1480350,32.6533317565918,32.43333435058594,30.417869567871094
19-03-2012,32.08000183105469,32.380001068115234,641100,32.606666564941406,32.400001525878906,30.38661766052246
20-03-2012,31.906667709350586,32.12666702270508,611700,32.253334045410156,32.086666107177734,30.092750549316406
21-03-2012,31.886667251586914,32.21333312988281,582900,32.293331146240234,32.13999938964844,30.142772674560547
22-03-2012,31.34666633605957,31.84000015258789,709200,31.926666259765625,31.786666870117188,29.811389923095703
23-03-2012,31.459999084472656,31.786666870117188,403350,31.946666717529297,31.84000015258789,29.861413955688477
26-03-2012,32.026668548583984,32.16666793823242,633600,32.38666534423828,32.3466682434082,30.336593627929688
27-03-2012,32.073333740234375,32.32666778564453,1244550,32.65999984741211,32.38666534423828,30.374103546142578
28-03-2012,31.586666107177734,32.400001525878906,953250,32.400001525878906,32.13999938964844,30.142772674560547
29-03-2012,31.453332901000977,31.946666717529297,1639950,32.246665954589844,32.22666549682617,30.22406005859375
30-03-2012,32.220001220703125,32.37333297729492,1330200,32.573333740234375,32.34000015258789,30.330339431762695
02-04-2012,32.14666748046875,32.253334045410156,1054650,32.91999816894531,32.67333221435547,30.64295768737793
03-04-2012,32.43333435058594,32.69333267211914,1235400,32.793331146240234,32.77333450317383,30.73674964904785
04-04-2012,31.926666259765625,32.49333190917969,586050,32.49333190917969,32.293331146240234,30.286571502685547
05-04-2012,32.073333740234375,32.13999938964844,555300,32.29999923706055,32.233333587646484,30.230302810668945
09-04-2012,31.446666717529297,31.766666412353516,852900,31.940000534057617,31.786666870117188,29.811389923095703
10-04-2012,31.18666648864746,31.760000228881836,1384950,31.760000228881836,31.34000015258789,29.392478942871094
11-04-2012,31.393333435058594,31.64666748046875,547500,31.68000030517578,31.613332748413086,29.64883041381836
12-04-2012,31.559999465942383,31.626667022705078,600300,32.3466682434082,32.16666793823242,30.16777992248535
13-04-2012,31.706666946411133,32.01333236694336,664200,32.20000076293945,31.766666412353516,29.792627334594727
16-04-2012,31.606666564941406,31.926666259765625,1491300,31.99333381652832,31.760000228881836,29.786376953125
17-04-2012,31.98666763305664,32.14666748046875,1041600,32.83333206176758,32.560001373291016,30.536670684814453
18-04-2012,32.2599983215332,32.41999816894531,902850,32.70000076293945,32.686668395996094,30.65545082092285
19-04-2012,32.246665954589844,32.61333465576172,1563450,32.973331451416016,32.540000915527344,30.517911911010742
20-04-2012,32.599998474121094,32.779998779296875,713250,33.026668548583984,32.65999984741211,30.63045310974121
23-04-2012,31.69333267211914,32.15999984741211,952800,32.253334045410156,32.2400016784668,30.23655128479004
24-04-2012,31.959999084472656,32.2599983215332,801150,32.3466682434082,32.34000015258789,30.330339431762695
25-04-2012,32.50666809082031,32.686668395996094,1222350,32.939998626708984,32.813331604003906,30.77425193786621
26-04-2012,32.233333587646484,32.6533317565918,1694700,33.81999969482422,33.426666259765625,31.349477767944336
27-04-2012,33.040000915527344,33.40666580200195,1378350,33.91999816894531,33.746665954589844,31.649595260620117
30-04-2012,33.35333251953125,33.686668395996094,1351500,33.77333450317383,33.5533332824707,31.46828269958496
01-05-2012,33.560001373291016,33.83333206176758,2020350,34.66666793823242,34.04666519165039,31.930952072143555
02-05-2012,33.54666519165039,33.686668395996094,1027800,34.119998931884766,34.086666107177734,31.96845817565918
03-05-2012,33.5533332824707,34.040000915527344,911700,34.086666107177734,33.686668395996094,31.593332290649414
04-05-2012,32.959999084472656,33.53333282470703,1159200,33.53333282470703,33.426666259765625,31.349477767944336
07-05-2012,33.186668395996094,33.29999923706055,1342350,33.439998626708984,33.36000061035156,31.286954879760742
08-05-2012,32.87333297729492,33.12666702270508,1587000,33.95333480834961,33.91999816894531,31.812156677246094
09-05-2012,33.133331298828125,33.53333282470703,808800,33.65999984741211,33.439998626708984,31.361974716186523
10-05-2012,33.279998779296875,33.70000076293945,854400,33.86000061035156,33.45333480834961,31.374492645263672
11-05-2012,33.13999938964844,33.13999938964844,721050,33.80666732788086,33.52000045776367,31.43701171875
14-05-2012,32.866668701171875,33.20000076293945,613500,33.52000045776367,33.17333221435547,31.11189079284668
15-05-2012,32.8466682434082,33.220001220703125,1022400,33.380001068115234,32.99333190917969,30.943069458007812
16-05-2012,32.90666580200195,33.15999984741211,1128450,33.38666534423828,32.95333480834961,30.90555763244629
17-05-2012,32.06666564941406,32.91999816894531,1919850,32.91999816894531,32.119998931884766,30.124011993408203
18-05-2012,32.01333236694336,32.21333312988281,1963200,32.633331298828125,32.20000076293945,30.19903564453125
21-05-2012,32.16666793823242,32.393333435058594,1690050,32.793331146240234,32.65999984741211,30.63045310974121
22-05-2012,32.5,32.65999984741211,1414650,33.040000915527344,32.78666687011719,30.749252319335938
23-05-2012,32.12666702270508,32.473331451416016,1036500,33.09333419799805,33.06666564941406,31.01184844970703
24-05-2012,32.70000076293945,33.073333740234375,873450,33.20000076293945,33.106666564941406,31.04936981201172
25-05-2012,32.70000076293945,33.073333740234375,564900,33.09333419799805,32.813331604003906,30.77425193786621
29-05-2012,33.14666748046875,33.16666793823242,1125000,33.6533317565918,33.56666564941406,31.48078155517578
30-05-2012,32.90666580200195,33.0533332824707,1648350,33.70000076293945,33.59333419799805,31.505788803100586
31-05-2012,33.313331604003906,33.53333282470703,2324400,33.96666717529297,33.80666732788086,31.705856323242188
01-06-2012,32.37333297729492,33.19333267211914,1520250,33.393333435058594,32.47999954223633,30.461633682250977
04-06-2012,31.959999084472656,32.47999954223633,1465200,32.88666534423828,32.49333190917969,30.474132537841797
05-06-2012,32.233333587646484,32.293331146240234,892800,32.866668701171875,32.793331146240234,30.75550079345703
06-06-2012,33.073333740234375,33.15999984741211,1641900,34.0,34.0,31.887178421020508
07-06-2012,34.20000076293945,34.50666809082031,1647600,34.599998474121094,34.253334045410156,32.12477493286133
08-06-2012,33.77333450317383,34.16666793823242,1268550,34.58000183105469,34.58000183105469,32.431148529052734
11-06-2012,34.040000915527344,35.04666519165039,1310850,35.15999984741211,34.073333740234375,31.95595932006836
12-06-2012,33.9466667175293,34.293331146240234,1230300,34.68000030517578,34.6533317565918,32.49990463256836
13-06-2012,33.53333282470703,34.473331451416016,1786650,34.5533332824707,33.62666702270508,31.59174919128418
14-06-2012,33.573333740234375,33.753334045410156,1335900,34.186668395996094,33.82666778564453,31.77964210510254
15-06-2012,33.72666549682617,33.98666763305664,1251750,34.426666259765625,34.279998779296875,32.20553970336914
18-06-2012,33.90666580200195,34.060001373291016,965100,34.59333419799805,34.54666519165039,32.45607376098633
19-06-2012,34.586666107177734,34.753334045410156,893850,35.206668853759766,34.98666763305664,32.86945724487305
20-06-2012,34.51333236694336,34.939998626708984,939450,35.026668548583984,34.67333221435547,32.57508087158203
21-06-2012,33.526668548583984,34.67333221435547,1114500,34.80666732788086,33.619998931884766,31.585481643676758
22-06-2012,33.28666687011719,33.49333190917969,1701150,33.753334045410156,33.540000915527344,31.510324478149414
25-06-2012,32.47999954223633,33.08000183105469,1827750,33.12666702270508,32.706668853759766,30.727432250976562
26-06-2012,32.380001068115234,32.733333587646484,2050500,33.11333465576172,32.97999954223633,30.984214782714844
27-06-2012,32.83333206176758,32.83333206176758,1081050,33.20000076293945,32.900001525878906,30.909067153930664
28-06-2012,31.586666107177734,32.540000915527344,2320650,32.633331298828125,32.026668548583984,30.088577270507812
29-06-2012,32.6533317565918,32.70000076293945,2235450,33.27333450317383,33.27333450317383,31.259801864624023
02-07-2012,33.0099983215332,33.31999969482422,1114000,33.66999816894531,33.5099983215332,31.482145309448242
03-07-2012,33.5099983215332,33.529998779296875,728900,34.189998626708984,34.119998931884766,32.05522537231445
05-07-2012,33.790000915527344,33.869998931884766,924200,34.52000045776367,34.380001068115234,32.299495697021484
06-07-2012,33.529998779296875,34.0099983215332,917800,34.15999984741211,33.90999984741211,31.857933044433594
09-07-2012,33.33000183105469,33.790000915527344,788700,33.95000076293945,33.65999984741211,31.623069763183594
10-07-2012,33.09000015258789,33.84000015258789,1123700,34.0,33.33000183105469,31.31302833557129
11-07-2012,32.83000183105469,33.34000015258789,1053500,33.47999954223633,33.06999969482422,31.06877326965332
12-07-2012,32.29999923706055,32.900001525878906,1165700,32.9900016784668,32.72999954223633,30.749338150024414
13-07-2012,32.83000183105469,32.93000030517578,1354700,33.529998779296875,33.25,31.237878799438477
16-07-2012,32.849998474121094,33.09000015258789,919000,33.349998474121094,33.209999084472656,31.200302124023438
17-07-2012,32.97999954223633,33.40999984741211,735300,33.540000915527344,33.33000183105469,31.31302833557129
18-07-2012,33.18000030517578,33.189998626708984,897400,34.22999954223633,34.119998931884766,32.05522537231445
19-07-2012,34.11000061035156,34.310001373291016,602100,34.5099983215332,34.2400016784668,32.16796875
20-07-2012,33.790000915527344,33.88999938964844,574700,34.209999084472656,33.790000915527344,31.745201110839844
23-07-2012,33.0,33.130001068115234,993300,33.650001525878906,33.31999969482422,31.303638458251953
24-07-2012,29.860000610351562,32.15999984741211,5295400,32.869998931884766,31.489999771118164,29.584386825561523
25-07-2012,31.0,31.649999618530273,2109600,32.099998474121094,31.09000015258789,29.208593368530273
26-07-2012,30.729999542236328,31.5,2798600,31.950000762939453,30.739999771118164,28.8797664642334
27-07-2012,30.780000686645508,31.020000457763672,1438100,31.950000762939453,31.690000534057617,29.772279739379883
30-07-2012,30.940000534057617,31.760000228881836,1344700,31.799999237060547,31.030000686645508,29.15221405029297
31-07-2012,30.729999542236328,30.940000534057617,1278000,31.239999771118164,31.0,29.12403106689453
01-08-2012,30.530000686645508,31.25,1159100,31.3799991607666,30.559999465942383,28.710664749145508
02-08-2012,30.209999084472656,30.350000381469727,858200,30.709999084472656,30.399999618530273,28.560338973999023
03-08-2012,30.809999465942383,30.969999313354492,864300,31.3799991607666,31.170000076293945,29.283748626708984
06-08-2012,31.309999465942383,31.360000610351562,909100,31.6200008392334,31.420000076293945,29.51862335205078
07-08-2012,31.469999313354492,31.690000534057617,1551100,32.40999984741211,32.20000076293945,30.251420974731445
08-08-2012,31.75,31.989999771118164,1382400,32.33000183105469,32.25,30.298398971557617
09-08-2012,32.06999969482422,32.310001373291016,897700,32.5099983215332,32.209999084472656,30.26081085205078
10-08-2012,31.860000610351562,32.0,817200,32.59000015258789,32.54999923706055,30.580238342285156
13-08-2012,32.16999816894531,32.41999816894531,771800,32.619998931884766,32.58000183105469,30.60842514038086
14-08-2012,32.59000015258789,32.81999969482422,648600,33.04999923706055,32.709999084472656,30.73055076599121
15-08-2012,32.560001373291016,32.619998931884766,972000,33.150001525878906,33.119998931884766,31.115745544433594
16-08-2012,33.0099983215332,33.20000076293945,930800,33.75,33.689998626708984,31.65123748779297
17-08-2012,33.66999816894531,33.75,894100,34.15999984741211,34.099998474121094,32.03643798828125
20-08-2012,33.79999923706055,33.95000076293945,1420200,34.20000076293945,34.16999816894531,32.10219955444336
21-08-2012,34.130001068115234,34.20000076293945,1311400,34.689998626708984,34.470001220703125,32.384056091308594
22-08-2012,34.189998626708984,34.29999923706055,902100,34.52000045776367,34.349998474121094,32.27130889892578
23-08-2012,34.16999816894531,34.2400016784668,835400,34.5,34.2599983215332,32.1867561340332
24-08-2012,34.04999923706055,34.16999816894531,901700,34.66999816894531,34.459999084472656,32.37465286254883
27-08-2012,34.380001068115234,34.4900016784668,1055000,34.68000030517578,34.58000183105469,32.48740005493164
28-08-2012,34.11000061035156,34.41999816894531,1105100,34.63999938964844,34.40999984741211,32.32767868041992
29-08-2012,34.34000015258789,34.40999984741211,1086100,34.630001068115234,34.5,32.41222381591797
30-08-2012,33.939998626708984,34.31999969482422,963900,34.41999816894531,34.189998626708984,32.12098693847656
31-08-2012,33.900001525878906,34.43000030517578,1159900,34.75,34.310001373291016,32.233734130859375
04-09-2012,33.83000183105469,34.38999938964844,1207200,34.63999938964844,34.5,32.41222381591797
05-09-2012,33.970001220703125,34.560001373291016,1311200,34.58000183105469,34.11000061035156,32.04582977294922
06-09-2012,34.380001068115234,34.459999084472656,1348600,35.22999954223633,35.22999954223633,33.09805679321289
07-09-2012,35.20000076293945,35.38999938964844,1408700,35.709999084472656,35.47999954223633,33.33293151855469
10-09-2012,35.2599983215332,35.380001068115234,674800,35.65999984741211,35.47999954223633,33.33293151855469
11-09-2012,35.13999938964844,35.45000076293945,914600,35.68000030517578,35.220001220703125,33.08865737915039
12-09-2012,35.13999938964844,35.31999969482422,801900,35.540000915527344,35.45000076293945,33.36157989501953
13-09-2012,34.9900016784668,35.459999084472656,507500,35.72999954223633,35.529998779296875,33.43686294555664
14-09-2012,35.65999984741211,35.75,1399400,36.189998626708984,36.13999938964844,34.01093292236328
17-09-2012,35.7400016784668,36.13999938964844,879800,36.13999938964844,35.849998474121094,33.738006591796875
18-09-2012,35.650001525878906,35.7400016784668,1299400,35.97999954223633,35.880001068115234,33.76625061035156
19-09-2012,35.75,35.810001373291016,680600,36.13999938964844,36.04999923706055,33.92622756958008
20-09-2012,35.7400016784668,35.849998474121094,679000,36.22999954223633,36.220001220703125,34.086212158203125
21-09-2012,36.11000061035156,36.439998626708984,1647100,36.560001373291016,36.2400016784668,34.105037689208984
24-09-2012,35.41999816894531,35.939998626708984,1198300,36.0,35.470001220703125,33.38039016723633
25-09-2012,35.290000915527344,35.66999816894531,1709700,36.040000915527344,35.34000015258789,33.258060455322266
26-09-2012,35.08000183105469,35.41999816894531,1134800,35.5099983215332,35.279998779296875,33.20159149169922
27-09-2012,35.189998626708984,35.43000030517578,869800,35.779998779296875,35.779998779296875,33.67213439941406
28-09-2012,35.40999984741211,35.560001373291016,2191800,35.70000076293945,35.45000076293945,33.36157989501953
01-10-2012,34.38999938964844,35.470001220703125,2597000,35.4900016784668,34.72999954223633,32.683990478515625
02-10-2012,34.130001068115234,34.79999923706055,1337800,34.86000061035156,34.56999969482422,32.533409118652344
03-10-2012,33.75,34.63999938964844,1819300,34.70000076293945,33.9900016784668,31.987585067749023
04-10-2012,33.779998779296875,34.0,2377800,35.540000915527344,35.52000045776367,33.42745590209961
05-10-2012,35.0,35.689998626708984,1790300,35.84000015258789,35.09000015258789,33.02278518676758
08-10-2012,34.79999923706055,34.970001220703125,996000,35.2599983215332,35.189998626708984,33.11688995361328
09-10-2012,34.540000915527344,35.13999938964844,964100,35.189998626708984,34.81999969482422,32.76869583129883
10-10-2012,34.43000030517578,34.7599983215332,811800,34.79999923706055,34.630001068115234,32.58987808227539
11-10-2012,34.459999084472656,34.9900016784668,763600,35.029998779296875,34.58000183105469,32.54283905029297
12-10-2012,33.970001220703125,34.439998626708984,936300,34.4900016784668,34.11000061035156,32.100521087646484
15-10-2012,34.09000015258789,34.220001220703125,674100,34.86000061035156,34.81999969482422,32.76869583129883
16-10-2012,34.93000030517578,34.97999954223633,790000,35.47999954223633,35.439998626708984,33.35216522216797
17-10-2012,35.34000015258789,35.439998626708984,863200,35.66999816894531,35.54999923706055,33.45569610595703
18-10-2012,35.130001068115234,35.470001220703125,1515300,35.54999923706055,35.369998931884766,33.286293029785156
19-10-2012,33.959999084472656,35.220001220703125,1621100,35.25,34.040000915527344,32.034645080566406
22-10-2012,33.59000015258789,33.97999954223633,1320500,34.29999923706055,33.95000076293945,31.94994354248047
23-10-2012,32.66999816894531,33.63999938964844,1603500,34.70000076293945,34.63999938964844,32.59928894042969
24-10-2012,34.75,34.84000015258789,1378800,35.34000015258789,35.290000915527344,33.211002349853516
25-10-2012,35.27000045776367,35.380001068115234,933900,35.650001525878906,35.5,33.408634185791016
26-10-2012,35.5,35.54999923706055,1049200,35.900001525878906,35.81999969482422,33.709781646728516
31-10-2012,35.189998626708984,35.75,1287000,36.0,35.54999923706055,33.45569610595703
01-11-2012,35.439998626708984,35.54999923706055,1908000,37.34000015258789,37.11000061035156,34.92378234863281
02-11-2012,36.529998779296875,37.310001373291016,1150400,37.310001373291016,36.599998474121094,34.4438362121582
05-11-2012,36.29999923706055,36.599998474121094,1161300,36.7400016784668,36.65999984741211,34.50029754638672
06-11-2012,36.4900016784668,36.810001373291016,1120900,36.84000015258789,36.58000183105469,34.425018310546875
07-11-2012,35.68000030517578,35.95000076293945,1079900,36.439998626708984,36.099998474121094,33.973289489746094
08-11-2012,36.0,36.060001373291016,1317000,36.36000061035156,36.0099983215332,33.88856887817383
09-11-2012,35.79999923706055,35.79999923706055,868600,36.290000915527344,36.040000915527344,33.916812896728516
12-11-2012,36.02000045776367,36.13999938964844,348000,36.27000045776367,36.060001373291016,33.93565368652344
13-11-2012,35.7599983215332,35.810001373291016,579900,36.29999923706055,36.0099983215332,33.88856887817383
14-11-2012,35.41999816894531,36.029998779296875,1328600,36.310001373291016,35.59000015258789,33.49332809448242
15-11-2012,34.849998474121094,35.45000076293945,998600,35.7400016784668,35.02000045776367,32.956912994384766
16-11-2012,34.65999984741211,35.02000045776367,876100,35.310001373291016,35.25,33.17335891723633
19-11-2012,35.41999816894531,35.59000015258789,1028800,36.31999969482422,36.310001373291016,34.17091369628906
20-11-2012,35.900001525878906,36.279998779296875,1230000,36.79999923706055,36.75,34.58498764038086
21-11-2012,36.54999923706055,36.790000915527344,546700,36.90999984741211,36.72999954223633,34.566162109375
23-11-2012,36.84000015258789,36.959999084472656,356800,37.38999938964844,37.2599983215332,35.06494140625
26-11-2012,36.650001525878906,36.88999938964844,806600,37.400001525878906,37.25,35.0555419921875
27-11-2012,36.619998931884766,37.11000061035156,927000,37.189998626708984,36.650001525878906,34.490882873535156
28-11-2012,36.36000061035156,36.400001525878906,724200,37.04999923706055,37.04999923706055,34.86732864379883
29-11-2012,36.720001220703125,37.25,767900,37.27000045776367,37.150001525878906,34.9614372253418
30-11-2012,36.95000076293945,37.22999954223633,1038100,37.380001068115234,37.33000183105469,35.13082504272461
03-12-2012,37.150001525878906,37.5,1026100,37.68000030517578,37.33000183105469,35.13082504272461
04-12-2012,36.9900016784668,37.27000045776367,774500,37.52000045776367,37.290000915527344,35.09318923950195
05-12-2012,37.11000061035156,37.36000061035156,974800,37.849998474121094,37.709999084472656,35.54563903808594
06-12-2012,37.400001525878906,37.7400016784668,1016600,37.7599983215332,37.540000915527344,35.38539123535156
07-12-2012,37.11000061035156,37.619998931884766,735800,37.72999954223633,37.72999954223633,35.56447982788086
10-12-2012,37.65999984741211,37.849998474121094,1015800,38.09000015258789,38.02000045776367,35.83783721923828
11-12-2012,37.52000045776367,38.209999084472656,1255100,38.209999084472656,37.52000045776367,35.366539001464844
12-12-2012,37.61000061035156,37.709999084472656,914400,38.0,37.75,35.58332443237305
13-12-2012,37.43000030517578,37.7400016784668,978600,37.93000030517578,37.470001220703125,35.31941223144531
14-12-2012,37.18000030517578,37.380001068115234,896400,37.4900016784668,37.31999969482422,35.178016662597656
17-12-2012,36.939998626708984,37.209999084472656,940800,37.459999084472656,37.439998626708984,35.29111862182617
18-12-2012,37.45000076293945,37.54999923706055,1124300,37.90999984741211,37.72999954223633,35.56447982788086
19-12-2012,37.470001220703125,37.83000183105469,1529000,38.0,37.540000915527344,35.38539123535156
20-12-2012,37.29999923706055,37.619998931884766,846100,37.72999954223633,37.650001525878906,35.489070892333984
21-12-2012,36.91999816894531,36.93000030517578,1438000,37.5,37.34000015258789,35.196861267089844
24-12-2012,37.08000183105469,37.20000076293945,251400,37.5,37.45000076293945,35.3005485534668
26-12-2012,36.95000076293945,37.45000076293945,600500,37.56999969482422,36.970001220703125,34.84810256958008
27-12-2012,36.790000915527344,36.970001220703125,752300,37.470001220703125,37.310001373291016,35.1685791015625
28-12-2012,37.040000915527344,37.060001373291016,601500,37.45000076293945,37.08000183105469,34.95178985595703
31-12-2012,36.86000061035156,36.97999954223633,885600,37.619998931884766,37.56999969482422,35.41367721557617
02-01-2013,38.0,38.41999816894531,1259700,38.790000915527344,38.650001525878906,36.43166732788086
03-01-2013,38.33000183105469,38.599998474121094,851300,38.849998474121094,38.470001220703125,36.26202392578125
04-01-2013,38.369998931884766,38.619998931884766,969300,38.970001220703125,38.91999816894531,36.686180114746094
07-01-2013,38.40999984741211,38.75,862400,38.810001373291016,38.59000015258789,36.375125885009766
08-01-2013,38.20000076293945,38.45000076293945,837400,38.83000183105469,38.540000915527344,36.3279914855957
09-01-2013,38.459999084472656,38.59000015258789,541600,38.880001068115234,38.75,36.525943756103516
10-01-2013,38.279998779296875,38.779998779296875,1247900,38.900001525878906,38.790000915527344,36.56364440917969
11-01-2013,38.599998474121094,38.790000915527344,1207300,38.970001220703125,38.77000045776367,36.544803619384766
14-01-2013,38.52000045776367,38.7599983215332,606500,38.97999954223633,38.599998474121094,36.384544372558594
15-01-2013,38.2400016784668,38.31999969482422,872100,38.619998931884766,38.529998779296875,36.31856918334961
16-01-2013,38.310001373291016,38.52000045776367,1069200,38.72999954223633,38.5,36.2902946472168
17-01-2013,38.540000915527344,38.689998626708984,916700,39.189998626708984,39.150001525878906,36.9029655456543
18-01-2013,38.86000061035156,39.099998474121094,546400,39.38999938964844,39.36000061035156,37.10091781616211
22-01-2013,39.33000183105469,39.36000061035156,1215500,39.91999816894531,39.83000183105469,37.54396057128906
23-01-2013,39.61000061035156,39.66999816894531,825100,39.88999938964844,39.70000076293945,37.42141342163086
24-01-2013,39.47999954223633,39.66999816894531,2566200,41.220001220703125,41.099998474121094,38.741050720214844
25-01-2013,40.72999954223633,41.459999084472656,1856200,41.54999923706055,41.06999969482422,38.71278381347656
28-01-2013,40.81999969482422,41.2400016784668,894700,41.33000183105469,40.9900016784668,38.637367248535156
29-01-2013,40.83000183105469,40.90999984741211,939800,41.290000915527344,41.290000915527344,38.920162200927734
30-01-2013,40.849998474121094,41.290000915527344,776600,41.29999923706055,40.91999816894531,38.57139587402344
31-01-2013,40.630001068115234,40.81999969482422,938000,41.029998779296875,40.9900016784668,38.637367248535156
01-02-2013,41.02000045776367,41.16999816894531,777700,41.61000061035156,41.470001220703125,39.08982467651367
04-02-2013,40.63999938964844,41.150001525878906,1013000,41.2599983215332,40.779998779296875,38.439414978027344
05-02-2013,40.72999954223633,40.939998626708984,972000,40.939998626708984,40.900001525878906,38.55255126953125
06-02-2013,40.689998626708984,40.77000045776367,559100,41.43000030517578,41.36000061035156,38.98614501953125
07-02-2013,40.68000030517578,41.45000076293945,639000,41.45000076293945,41.13999938964844,38.77876663208008
08-02-2013,41.0099983215332,41.220001220703125,315600,41.56999969482422,41.459999084472656,39.08040237426758
11-02-2013,40.93000030517578,41.369998931884766,773800,41.52000045776367,41.5099983215332,39.12751770019531
12-02-2013,41.310001373291016,41.5099983215332,794100,41.97999954223633,41.81999969482422,39.41973876953125
13-02-2013,41.689998626708984,41.869998931884766,669600,42.040000915527344,42.0,39.58940887451172
14-02-2013,41.77000045776367,41.810001373291016,332700,42.0099983215332,41.90999984741211,39.504573822021484
15-02-2013,41.7599983215332,41.83000183105469,504300,42.060001373291016,41.90999984741211,39.504573822021484
19-02-2013,41.90999984741211,41.9900016784668,936300,42.45000076293945,42.43000030517578,39.99473190307617
20-02-2013,41.68000030517578,42.38999938964844,673000,42.43000030517578,41.70000076293945,39.30663299560547
21-02-2013,41.45000076293945,41.689998626708984,1037300,41.95000076293945,41.4900016784668,39.108680725097656
22-02-2013,41.630001068115234,41.630001068115234,974800,42.29999923706055,42.2400016784668,39.81562042236328
25-02-2013,41.040000915527344,42.34000015258789,871600,42.38999938964844,41.040000915527344,38.684505462646484
26-02-2013,41.040000915527344,41.119998931884766,919200,41.61000061035156,41.4900016784668,39.108680725097656
27-02-2013,40.689998626708984,41.369998931884766,1276300,42.20000076293945,41.9900016784668,39.57998275756836
28-02-2013,41.810001373291016,41.97999954223633,1057200,42.45000076293945,41.83000183105469,39.42915725708008
01-03-2013,41.0099983215332,41.66999816894531,1553000,41.790000915527344,41.4900016784668,39.108680725097656
04-03-2013,41.22999954223633,41.459999084472656,669000,41.779998779296875,41.70000076293945,39.30663299560547
05-03-2013,41.95000076293945,41.95000076293945,657800,42.529998779296875,42.220001220703125,39.79678726196289
06-03-2013,42.060001373291016,42.060001373291016,690800,42.61000061035156,42.209999084472656,39.787353515625
07-03-2013,41.900001525878906,42.290000915527344,877700,42.41999816894531,42.04999923706055,39.636539459228516
08-03-2013,41.88999938964844,42.25,1097600,42.470001220703125,42.41999816894531,39.98529815673828
11-03-2013,42.15999984741211,42.349998474121094,717000,42.5,42.439998626708984,40.004154205322266
12-03-2013,42.09000015258789,42.40999984741211,639400,42.439998626708984,42.33000183105469,39.95695114135742
13-03-2013,42.099998474121094,42.349998474121094,766600,42.560001373291016,42.560001373291016,40.1740608215332
14-03-2013,42.47999954223633,42.619998931884766,663000,42.790000915527344,42.779998779296875,40.38172149658203
15-03-2013,42.599998474121094,42.599998474121094,966100,42.88999938964844,42.810001373291016,40.4100456237793
18-03-2013,42.209999084472656,42.31999969482422,843700,42.88999938964844,42.61000061035156,40.22126388549805
19-03-2013,42.31999969482422,42.790000915527344,573700,43.040000915527344,42.7599983215332,40.36285400390625
20-03-2013,42.68000030517578,42.970001220703125,591000,43.150001525878906,42.86000061035156,40.45724105834961
21-03-2013,42.189998626708984,42.599998474121094,543700,42.709999084472656,42.29999923706055,39.92863845825195
22-03-2013,42.209999084472656,42.5,618000,42.7599983215332,42.75,40.353424072265625
25-03-2013,42.189998626708984,42.779998779296875,589500,42.790000915527344,42.38999938964844,40.013587951660156
26-03-2013,42.189998626708984,42.5099983215332,619400,42.70000076293945,42.689998626708984,40.296775817871094
27-03-2013,42.060001373291016,42.380001068115234,422500,42.900001525878906,42.79999923706055,40.40060806274414
28-03-2013,42.630001068115234,42.689998626708984,799500,43.459999084472656,43.36000061035156,40.92920684814453
01-04-2013,42.4900016784668,43.31999969482422,717200,43.31999969482422,42.560001373291016,40.1740608215332
02-04-2013,42.04999923706055,42.84000015258789,850300,42.86000061035156,42.20000076293945,39.834251403808594
03-04-2013,41.22999954223633,42.27000045776367,1131100,42.31999969482422,41.400001525878906,39.07908248901367
04-04-2013,41.279998779296875,41.47999954223633,780300,41.7400016784668,41.439998626708984,39.116859436035156
05-04-2013,40.41999816894531,40.959999084472656,920200,41.029998779296875,40.9900016784668,38.692073822021484
08-04-2013,40.400001525878906,40.95000076293945,863800,41.0,40.90999984741211,38.61655807495117
09-04-2013,40.529998779296875,40.97999954223633,1191800,41.04999923706055,40.77000045776367,38.484413146972656
10-04-2013,40.93000030517578,41.0099983215332,968900,41.91999816894531,41.7400016784668,39.40003204345703
11-04-2013,41.040000915527344,41.63999938964844,1428500,41.68000030517578,41.189998626708984,38.88086700439453
12-04-2013,40.86000061035156,41.099998474121094,810900,41.41999816894531,40.95000076293945,38.654319763183594
15-04-2013,39.59000015258789,40.70000076293945,2837800,40.7599983215332,39.75,37.52158737182617
16-04-2013,39.97999954223633,40.150001525878906,1971900,40.70000076293945,40.689998626708984,38.40889358520508
17-04-2013,39.849998474121094,40.290000915527344,1237900,40.52000045776367,40.2599983215332,38.00299835205078
18-04-2013,39.63999938964844,40.25,1085300,40.369998931884766,39.900001525878906,37.663185119628906
19-04-2013,39.540000915527344,39.95000076293945,885600,40.40999984741211,40.20000076293945,37.94636535644531
22-04-2013,39.79999923706055,40.20000076293945,800600,40.459999084472656,40.33000183105469,38.0690803527832
23-04-2013,40.290000915527344,40.5,1530000,40.849998474121094,40.81999969482422,38.53160095214844
24-04-2013,40.65999984741211,40.93000030517578,703500,41.20000076293945,41.150001525878906,38.84310531616211
25-04-2013,40.630001068115234,41.20000076293945,1130800,41.36000061035156,40.939998626708984,38.6448860168457
26-04-2013,40.349998474121094,40.900001525878906,1160300,40.900001525878906,40.540000915527344,38.26731491088867
29-04-2013,40.45000076293945,40.790000915527344,1508800,40.79999923706055,40.54999923706055,38.27674102783203
30-04-2013,40.36000061035156,40.630001068115234,1645000,40.720001220703125,40.709999084472656,38.42776107788086
01-05-2013,39.81999969482422,40.400001525878906,1108200,40.720001220703125,39.81999969482422,37.58768081665039
02-05-2013,39.95000076293945,40.040000915527344,1270600,40.459999084472656,40.08000183105469,37.833099365234375
03-05-2013,40.43000030517578,40.560001373291016,1205600,41.119998931884766,40.869998931884766,38.578800201416016
06-05-2013,40.619998931884766,40.77000045776367,633100,40.9900016784668,40.849998474121094,38.55992889404297
07-05-2013,40.86000061035156,40.959999084472656,679300,41.27000045776367,41.189998626708984,38.88086700439453
08-05-2013,41.540000915527344,41.59000015258789,1266000,41.880001068115234,41.7400016784668,39.40003204345703
09-05-2013,41.630001068115234,41.7400016784668,789100,42.0,41.790000915527344,39.44721603393555
10-05-2013,41.470001220703125,41.790000915527344,1067200,41.95000076293945,41.84000015258789,39.49443435668945
13-05-2013,41.45000076293945,41.68000030517578,819600,41.9900016784668,41.79999923706055,39.45665740966797
14-05-2013,41.790000915527344,41.790000915527344,923300,42.75,42.689998626708984,40.296775817871094
15-05-2013,42.560001373291016,42.61000061035156,932600,43.040000915527344,42.93000030517578,40.523311614990234
16-05-2013,42.650001525878906,42.880001068115234,862100,43.209999084472656,42.720001220703125,40.325103759765625
17-05-2013,42.83000183105469,42.83000183105469,811100,43.5,43.36000061035156,40.92920684814453
20-05-2013,43.15999984741211,43.15999984741211,703100,43.84000015258789,43.5,41.061363220214844
21-05-2013,43.2400016784668,43.459999084472656,1102000,43.939998626708984,43.689998626708984,41.24071502685547
22-05-2013,43.029998779296875,43.63999938964844,1254300,43.880001068115234,43.2599983215332,40.83481216430664
23-05-2013,42.68000030517578,42.900001525878906,985600,43.189998626708984,43.11000061035156,40.69322204589844
24-05-2013,42.5099983215332,42.77000045776367,615800,43.02000045776367,42.93000030517578,40.523311614990234
28-05-2013,43.15999984741211,43.43000030517578,736000,43.790000915527344,43.38999938964844,40.95753479003906
29-05-2013,42.7400016784668,43.0,887900,43.29999923706055,42.939998626708984,40.53274917602539
30-05-2013,43.029998779296875,43.08000183105469,880900,43.709999084472656,43.5,41.061363220214844
31-05-2013,43.130001068115234,43.33000183105469,1055100,43.97999954223633,43.150001525878906,40.73099136352539
03-06-2013,42.790000915527344,43.27000045776367,1028900,43.5099983215332,43.34000015258789,40.91032791137695
04-06-2013,42.84000015258789,43.29999923706055,1177200,43.61000061035156,42.970001220703125,40.561073303222656
05-06-2013,42.400001525878906,42.81999969482422,2092000,43.150001525878906,42.66999816894531,40.27789306640625
06-06-2013,42.2599983215332,42.59000015258789,1418900,42.9900016784668,42.540000915527344,40.15517807006836
07-06-2013,42.61000061035156,42.79999923706055,661100,43.2599983215332,43.099998474121094,40.683799743652344
10-06-2013,42.65999984741211,43.20000076293945,678000,43.31999969482422,42.93000030517578,40.523311614990234
11-06-2013,41.9900016784668,42.16999816894531,1171600,42.86000061035156,42.540000915527344,40.15517807006836
12-06-2013,42.189998626708984,42.77000045776367,841400,42.88999938964844,42.220001220703125,39.9094123840332
13-06-2013,41.970001220703125,42.25,975500,42.849998474121094,42.72999954223633,40.3914909362793
14-06-2013,42.2400016784668,42.599998474121094,1042300,42.779998779296875,42.7599983215332,40.41986846923828
17-06-2013,41.68000030517578,43.209999084472656,1895200,43.209999084472656,41.900001525878906,39.606929779052734
18-06-2013,41.84000015258789,41.9900016784668,1347600,42.45000076293945,42.36000061035156,40.04175567626953
19-06-2013,41.81999969482422,42.25,956300,42.650001525878906,41.83000183105469,39.540748596191406
20-06-2013,40.619998931884766,41.439998626708984,758100,41.439998626708984,40.65999984741211,38.43478775024414
21-06-2013,40.06999969482422,40.70000076293945,1243000,40.869998931884766,40.380001068115234,38.17011642456055
24-06-2013,39.459999084472656,39.810001373291016,1427300,40.720001220703125,40.41999816894531,38.207923889160156
25-06-2013,40.38999938964844,40.7400016784668,1126800,41.08000183105469,40.880001068115234,38.64274978637695
26-06-2013,40.939998626708984,41.18000030517578,1204500,41.36000061035156,41.06999969482422,38.82234573364258
27-06-2013,41.33000183105469,41.439998626708984,707900,42.060001373291016,42.0,39.701454162597656
28-06-2013,41.70000076293945,42.0,1932700,42.4900016784668,42.29999923706055,39.985042572021484
01-07-2013,42.439998626708984,42.439998626708984,1449700,43.459999084472656,43.220001220703125,40.85468292236328
02-07-2013,43.16999816894531,43.2400016784668,1774200,43.90999984741211,43.2599983215332,40.89249038696289
03-07-2013,43.0,43.130001068115234,761000,43.66999816894531,43.45000076293945,41.07209396362305
05-07-2013,43.599998474121094,43.650001525878906,878800,44.16999816894531,44.150001525878906,41.733787536621094
08-07-2013,44.099998474121094,44.31999969482422,908200,44.61000061035156,44.22999954223633,41.80940628051758
09-07-2013,44.2599983215332,44.5,814800,44.68000030517578,44.540000915527344,42.10244369506836
10-07-2013,44.279998779296875,44.459999084472656,928000,44.79999923706055,44.540000915527344,42.10244369506836
11-07-2013,44.720001220703125,44.849998474121094,1185200,45.150001525878906,44.90999984741211,42.452186584472656
12-07-2013,44.75,44.939998626708984,731500,45.36000061035156,45.33000183105469,42.849212646484375
15-07-2013,45.189998626708984,45.29999923706055,729000,45.560001373291016,45.40999984741211,42.92483139038086
16-07-2013,45.02000045776367,45.4900016784668,640900,45.54999923706055,45.130001068115234,42.66014862060547
17-07-2013,45.189998626708984,45.34000015258789,756000,45.59000015258789,45.27000045776367,42.79248809814453
18-07-2013,45.33000183105469,45.349998474121094,481300,45.779998779296875,45.75,43.24622344970703
19-07-2013,45.61000061035156,45.72999954223633,467000,45.95000076293945,45.810001373291016,43.302955627441406
22-07-2013,45.7400016784668,45.79999923706055,552100,46.31999969482422,46.04999923706055,43.52980041503906
23-07-2013,45.90999984741211,46.13999938964844,625600,46.27000045776367,45.939998626708984,43.42583465576172
24-07-2013,45.599998474121094,46.189998626708984,498100,46.279998779296875,45.779998779296875,43.274593353271484
25-07-2013,45.4900016784668,45.66999816894531,829900,45.81999969482422,45.63999938964844,43.14224624633789
26-07-2013,45.380001068115234,45.380001068115234,1128100,46.0,45.7599983215332,43.25566864013672
29-07-2013,45.540000915527344,45.68000030517578,598300,45.959999084472656,45.72999954223633,43.22732162475586
30-07-2013,45.75,45.959999084472656,526800,46.16999816894531,46.04999923706055,43.52980041503906
31-07-2013,46.189998626708984,46.189998626708984,1101600,46.77000045776367,46.279998779296875,43.7471923828125
01-08-2013,46.709999084472656,46.7400016784668,1962200,47.849998474121094,47.70000076293945,45.08951187133789
02-08-2013,47.279998779296875,47.380001068115234,880400,47.84000015258789,47.779998779296875,45.16511917114258
05-08-2013,47.540000915527344,47.599998474121094,981200,48.0099983215332,47.79999923706055,45.18402862548828
06-08-2013,46.9900016784668,47.650001525878906,1718900,47.970001220703125,47.150001525878906,44.56961441040039
07-08-2013,43.869998931884766,45.63999938964844,2996800,46.380001068115234,45.54999923706055,43.05718231201172
08-08-2013,45.349998474121094,45.5,727300,46.0099983215332,45.7400016784668,43.236778259277344
09-08-2013,45.34000015258789,45.7599983215332,995800,45.90999984741211,45.41999816894531,42.934295654296875
12-08-2013,45.16999816894531,45.16999816894531,576500,46.040000915527344,45.7599983215332,43.25566864013672
13-08-2013,45.40999984741211,45.900001525878906,527500,45.900001525878906,45.72999954223633,43.22732162475586
14-08-2013,44.959999084472656,45.7599983215332,954000,45.83000183105469,44.97999954223633,42.518348693847656
15-08-2013,43.599998474121094,44.59000015258789,1460500,44.599998474121094,43.70000076293945,41.308406829833984
16-08-2013,43.310001373291016,43.70000076293945,1671400,44.13999938964844,43.43000030517578,41.05318832397461
19-08-2013,43.439998626708984,43.459999084472656,1031600,44.040000915527344,43.790000915527344,41.393489837646484
20-08-2013,43.63999938964844,43.849998474121094,771900,44.290000915527344,44.130001068115234,41.71487808227539
21-08-2013,43.7400016784668,43.93000030517578,796700,44.2400016784668,43.779998779296875,41.38404083251953
22-08-2013,43.77000045776367,43.95000076293945,457800,44.33000183105469,44.22999954223633,41.80940628051758
23-08-2013,44.11000061035156,44.380001068115234,882000,44.45000076293945,44.25,41.82831573486328
26-08-2013,44.220001220703125,44.38999938964844,588300,44.65999984741211,44.369998931884766,41.941741943359375
27-08-2013,43.27000045776367,44.130001068115234,989600,44.150001525878906,43.27000045776367,40.901947021484375
28-08-2013,43.099998474121094,43.279998779296875,538900,43.61000061035156,43.45000076293945,41.07209396362305
29-08-2013,43.31999969482422,43.31999969482422,844700,43.65999984741211,43.47999954223633,41.1004524230957
30-08-2013,42.84000015258789,43.4900016784668,1185200,43.52000045776367,42.91999816894531,40.57110595703125
03-09-2013,42.22999954223633,43.5099983215332,2121000,43.619998931884766,42.599998474121094,40.26861572265625
04-09-2013,42.47999954223633,42.650001525878906,1503700,43.47999954223633,43.369998931884766,40.996482849121094
05-09-2013,43.34000015258789,43.470001220703125,669900,44.029998779296875,43.86000061035156,41.45966339111328
06-09-2013,43.38999938964844,43.880001068115234,884100,44.279998779296875,43.97999954223633,41.573081970214844
09-09-2013,43.869998931884766,44.18000030517578,1683600,44.310001373291016,43.900001525878906,41.49747085571289
10-09-2013,44.060001373291016,44.22999954223633,1587300,44.43000030517578,44.310001373291016,41.88502883911133
11-09-2013,44.09000015258789,44.31999969482422,1178100,44.4900016784668,44.4900016784668,42.05518341064453
12-09-2013,45.16999816894531,45.599998474121094,4202000,47.0,45.56999969482422,43.13424301147461
13-09-2013,44.880001068115234,45.88999938964844,2075700,45.93000030517578,45.13999938964844,42.72724151611328
16-09-2013,45.130001068115234,45.619998931884766,1073200,45.88999938964844,45.31999969482422,42.89760208129883
17-09-2013,45.11000061035156,45.2599983215332,1703700,45.470001220703125,45.470001220703125,43.039588928222656
18-09-2013,45.189998626708984,45.36000061035156,1469100,45.95000076293945,45.779998779296875,43.333030700683594
19-09-2013,45.83000183105469,45.939998626708984,1729300,46.4900016784668,46.02000045776367,43.5601921081543
20-09-2013,45.459999084472656,46.27000045776367,27213500,46.52000045776367,46.0,43.5412712097168
23-09-2013,45.810001373291016,45.849998474121094,3233500,46.189998626708984,46.029998779296875,43.569664001464844
24-09-2013,45.88999938964844,45.970001220703125,2640200,46.40999984741211,46.220001220703125,43.74949645996094
25-09-2013,46.02000045776367,46.25,2892900,46.61000061035156,46.16999816894531,43.70217514038086
26-09-2013,45.81999969482422,46.209999084472656,1758400,46.349998474121094,46.209999084472656,43.74003219604492
27-09-2013,45.59000015258789,45.880001068115234,1384600,45.9900016784668,45.63999938964844,43.20050811767578
30-09-2013,45.150001525878906,45.150001525878906,1671500,46.099998474121094,46.02000045776367,43.5601921081543
01-10-2013,45.43000030517578,46.130001068115234,1806800,46.380001068115234,45.689998626708984,43.24783706665039
02-10-2013,44.970001220703125,45.58000183105469,1169000,45.58000183105469,45.439998626708984,43.01118850708008
03-10-2013,44.439998626708984,45.20000076293945,1570900,45.41999816894531,44.83000183105469,42.43380355834961
04-10-2013,44.66999816894531,44.84000015258789,1329000,45.22999954223633,44.97999954223633,42.575767517089844
07-10-2013,44.38999938964844,44.47999954223633,894800,44.97999954223633,44.7400016784668,42.34859848022461
08-10-2013,43.90999984741211,44.689998626708984,1577700,44.90999984741211,43.93000030517578,41.58189392089844
09-10-2013,43.400001525878906,43.95000076293945,1881300,44.15999984741211,43.709999084472656,41.373653411865234
10-10-2013,44.13999938964844,44.25,1068700,45.150001525878906,45.09000015258789,42.679893493652344
11-10-2013,45.0099983215332,45.09000015258789,830100,45.560001373291016,45.43000030517578,43.001739501953125
14-10-2013,44.9900016784668,45.11000061035156,723100,45.709999084472656,45.61000061035156,43.17210006713867
15-10-2013,44.83000183105469,45.43000030517578,738600,45.59000015258789,44.93000030517578,42.52846145629883
16-10-2013,44.93000030517578,45.189998626708984,896000,45.349998474121094,45.13999938964844,42.72724151611328
17-10-2013,45.0,45.04999923706055,854900,45.709999084472656,45.65999984741211,43.21945571899414
18-10-2013,45.91999816894531,45.91999816894531,1584900,46.36000061035156,46.06999969482422,43.60751724243164
21-10-2013,46.189998626708984,46.209999084472656,1147500,46.529998779296875,46.310001373291016,43.83469009399414
22-10-2013,46.38999938964844,46.38999938964844,1026100,46.970001220703125,46.869998931884766,44.364749908447266
23-10-2013,46.400001525878906,46.779998779296875,871600,46.9900016784668,46.720001220703125,44.22277069091797
24-10-2013,46.66999816894531,46.7599983215332,768400,47.0,46.68000030517578,44.184913635253906
25-10-2013,46.689998626708984,46.689998626708984,1865200,47.25,47.09000015258789,44.572994232177734
28-10-2013,45.97999954223633,47.0099983215332,1919800,47.119998931884766,46.119998931884766,43.65486145019531
29-10-2013,47.06999969482422,47.79999923706055,2186000,47.81999969482422,47.81999969482422,45.26398849487305
30-10-2013,47.41999816894531,48.189998626708984,1270600,48.400001525878906,47.619998931884766,45.074668884277344
31-10-2013,47.33000183105469,47.65999984741211,931500,48.11000061035156,47.83000183105469,45.27344512939453
01-11-2013,47.40999984741211,47.849998474121094,960700,47.939998626708984,47.79999923706055,45.24504852294922
04-11-2013,47.720001220703125,47.93000030517578,945700,48.20000076293945,48.029998779296875,45.4627571105957
05-11-2013,47.34000015258789,47.7599983215332,767300,48.060001373291016,47.90999984741211,45.34917068481445
06-11-2013,47.900001525878906,48.0,1012600,48.650001525878906,48.380001068115234,45.79405212402344
07-11-2013,47.91999816894531,48.61000061035156,2126800,49.029998779296875,47.939998626708984,45.3775520324707
08-11-2013,47.83000183105469,47.9900016784668,878300,48.54999923706055,48.529998779296875,45.93601989746094
11-11-2013,48.2599983215332,48.61000061035156,684600,48.7400016784668,48.650001525878906,46.04961013793945
12-11-2013,48.34000015258789,48.52000045776367,1044800,48.720001220703125,48.709999084472656,46.10641098022461
13-11-2013,48.38999938964844,48.43000030517578,917000,49.08000183105469,49.06999969482422,46.4471549987793
14-11-2013,48.83000183105469,49.119998931884766,574900,49.310001373291016,49.099998474121094,46.47555923461914
15-11-2013,48.97999954223633,49.06999969482422,822200,49.31999969482422,49.25,46.6175537109375
18-11-2013,48.880001068115234,49.560001373291016,913700,49.599998474121094,49.029998779296875,46.4093017578125
19-11-2013,48.41999816894531,49.040000915527344,953800,49.11000061035156,48.599998474121094,46.00229263305664
20-11-2013,48.33000183105469,48.810001373291016,1019800,48.83000183105469,48.45000076293945,45.86030960083008
21-11-2013,48.45000076293945,48.65999984741211,563500,49.349998474121094,49.33000183105469,46.693260192871094
22-11-2013,49.27000045776367,49.5,911400,49.77000045776367,49.75,47.09082794189453
25-11-2013,49.31999969482422,49.83000183105469,1007000,49.959999084472656,49.439998626708984,46.79739761352539
26-11-2013,49.369998931884766,49.54999923706055,1082600,49.90999984741211,49.380001068115234,46.7406005859375
27-11-2013,49.27000045776367,49.43000030517578,499200,49.58000183105469,49.4900016784668,46.84473419189453
29-11-2013,49.11000061035156,49.5099983215332,609200,49.70000076293945,49.220001220703125,46.589149475097656
02-12-2013,48.7599983215332,49.15999984741211,784300,49.349998474121094,48.84000015258789,46.22946548461914
03-12-2013,48.5099983215332,48.59000015258789,861300,48.900001525878906,48.720001220703125,46.11587905883789
04-12-2013,48.130001068115234,48.47999954223633,863700,49.33000183105469,49.130001068115234,46.561309814453125
05-12-2013,48.77000045776367,48.849998474121094,658300,49.18000030517578,48.900001525878906,46.34333038330078
06-12-2013,49.11000061035156,49.34000015258789,871500,49.5099983215332,49.47999954223633,46.89299774169922
09-12-2013,49.290000915527344,49.68000030517578,1039600,49.790000915527344,49.380001068115234,46.79823303222656
10-12-2013,49.099998474121094,49.22999954223633,811500,49.560001373291016,49.15999984741211,46.5897216796875
11-12-2013,48.56999969482422,49.130001068115234,1028600,49.25,48.61000061035156,46.06848907470703
12-12-2013,48.38999938964844,48.540000915527344,995500,49.0099983215332,48.97999954223633,46.41914367675781
13-12-2013,48.97999954223633,48.97999954223633,1231500,49.5099983215332,49.279998779296875,46.70345687866211
16-12-2013,49.40999984741211,49.40999984741211,1359700,49.97999954223633,49.83000183105469,47.22470474243164
17-12-2013,49.560001373291016,49.79999923706055,1703500,50.290000915527344,50.119998931884766,47.49954605102539
18-12-2013,49.869998931884766,50.130001068115234,1544200,51.290000915527344,51.2400016784668,48.56098937988281
19-12-2013,51.02000045776367,51.209999084472656,929500,51.470001220703125,51.369998931884766,48.68417739868164
20-12-2013,51.439998626708984,51.5,1797300,52.349998474121094,52.029998779296875,49.3096809387207
23-12-2013,51.97999954223633,52.290000915527344,846800,52.290000915527344,52.060001373291016,49.33811569213867
24-12-2013,52.04999923706055,52.04999923706055,412800,52.66999816894531,52.54999923706055,49.802494049072266
26-12-2013,52.09000015258789,52.61000061035156,370700,52.65999984741211,52.56999969482422,49.82145309448242
27-12-2013,52.33000183105469,52.529998779296875,339800,52.88999938964844,52.45000076293945,49.707725524902344
30-12-2013,52.25,52.45000076293945,466600,52.630001068115234,52.52000045776367,49.77406311035156
31-12-2013,52.470001220703125,52.63999938964844,474900,52.81999969482422,52.66999816894531,49.916221618652344
02-01-2014,51.900001525878906,52.43000030517578,570200,52.52000045776367,52.09000015258789,49.36653518676758
03-01-2014,52.0099983215332,52.09000015258789,673200,52.599998474121094,52.16999816894531,49.44236373901367
06-01-2014,51.689998626708984,52.599998474121094,659100,52.72999954223633,51.880001068115234,49.167518615722656
07-01-2014,51.779998779296875,52.0,1032000,52.5,52.099998474121094,49.37602996826172
08-01-2014,51.63999938964844,52.13999938964844,944500,52.25,51.97999954223633,49.26228332519531
09-01-2014,51.81999969482422,52.22999954223633,909300,52.2400016784668,52.189998626708984,49.4613151550293
10-01-2014,51.880001068115234,52.25,593600,52.54999923706055,52.529998779296875,49.78352355957031
13-01-2014,51.540000915527344,52.290000915527344,605300,52.599998474121094,51.65999984741211,48.95902633666992
14-01-2014,51.400001525878906,51.7400016784668,780700,52.25,52.2400016784668,49.508697509765625
15-01-2014,52.220001220703125,52.220001220703125,609000,52.849998474121094,52.7599983215332,50.001522064208984
16-01-2014,52.52000045776367,52.689998626708984,816700,53.15999984741211,52.599998474121094,49.84988021850586
17-01-2014,51.81999969482422,52.349998474121094,1185700,52.540000915527344,52.02000045776367,49.30019760131836
21-01-2014,51.56999969482422,52.36000061035156,1039300,52.4900016784668,52.119998931884766,49.39496612548828
22-01-2014,51.790000915527344,51.93000030517578,549000,52.31999969482422,52.09000015258789,49.36653518676758
23-01-2014,51.11000061035156,51.84000015258789,725400,51.93000030517578,51.369998931884766,48.68417739868164
24-01-2014,49.619998931884766,50.81999969482422,1320200,51.16999816894531,49.630001068115234,47.03517150878906
27-01-2014,49.36000061035156,49.880001068115234,1465900,50.099998474121094,49.38999938964844,46.807708740234375
28-01-2014,49.5,49.56999969482422,1570000,50.18000030517578,49.900001525878906,47.29104995727539
29-01-2014,48.59000015258789,50.459999084472656,2043000,50.65999984741211,49.7400016784668,47.13941955566406
30-01-2014,49.810001373291016,50.220001220703125,964600,50.36000061035156,50.060001373291016,47.44266891479492
31-01-2014,49.27000045776367,49.52000045776367,841300,49.84000015258789,49.41999816894531,46.836143493652344
03-02-2014,47.630001068115234,49.599998474121094,1225900,49.720001220703125,47.65999984741211,45.16816329956055
04-02-2014,47.38999938964844,47.779998779296875,1453100,48.290000915527344,48.09000015258789,45.57568359375
05-02-2014,47.529998779296875,47.91999816894531,1154800,48.119998931884766,47.939998626708984,45.43352127075195
06-02-2014,48.0099983215332,48.0099983215332,834900,48.900001525878906,48.75,46.201171875
07-02-2014,48.970001220703125,49.099998474121094,628200,49.709999084472656,49.65999984741211,47.063602447509766
10-02-2014,49.119998931884766,49.630001068115234,717000,49.7400016784668,49.439998626708984,46.8550910949707
11-02-2014,49.45000076293945,49.630001068115234,712000,50.150001525878906,50.02000045776367,47.404781341552734
12-02-2014,50.119998931884766,50.220001220703125,780800,50.84000015258789,50.720001220703125,48.06816101074219
13-02-2014,50.15999984741211,50.36000061035156,768100,51.25,51.220001220703125,48.54202651977539
14-02-2014,50.91999816894531,51.15999984741211,615300,51.41999816894531,51.380001068115234,48.693668365478516
18-02-2014,51.119998931884766,51.54999923706055,1275900,51.720001220703125,51.45000076293945,48.75999450683594
19-02-2014,51.349998474121094,51.349998474121094,1329100,51.95000076293945,51.61000061035156,48.911643981933594
20-02-2014,51.619998931884766,51.619998931884766,894700,52.369998931884766,52.2599983215332,49.52764129638672
21-02-2014,52.18000030517578,52.290000915527344,1101600,52.720001220703125,52.349998474121094,49.61294937133789
24-02-2014,52.400001525878906,52.5,725200,53.369998931884766,52.86000061035156,50.09629440307617
25-02-2014,52.720001220703125,52.790000915527344,785700,53.470001220703125,52.88999938964844,50.12470626831055
26-02-2014,52.56999969482422,53.0,836200,53.16999816894531,52.689998626708984,49.9351806640625
27-02-2014,52.56999969482422,52.66999816894531,749500,53.029998779296875,53.0,50.22895812988281
28-02-2014,52.84000015258789,53.08000183105469,569800,53.56999969482422,53.2400016784668,50.45641326904297
03-03-2014,52.18000030517578,52.77000045776367,549600,52.959999084472656,52.61000061035156,49.85934829711914
04-03-2014,53.189998626708984,53.189998626708984,641000,53.79999923706055,53.72999954223633,50.920806884765625
05-03-2014,53.56999969482422,53.810001373291016,611300,53.9900016784668,53.619998931884766,50.81654739379883
06-03-2014,53.54999923706055,53.79999923706055,473200,53.91999816894531,53.75,50.939754486083984
07-03-2014,53.77000045776367,53.93000030517578,715800,54.400001525878906,54.150001525878906,51.31884002685547
10-03-2014,53.380001068115234,53.959999084472656,710000,54.08000183105469,53.619998931884766,50.81654739379883
11-03-2014,52.75,53.65999984741211,515800,53.7599983215332,52.970001220703125,50.200531005859375
12-03-2014,52.119998931884766,52.529998779296875,804300,53.2599983215332,53.22999954223633,50.446937561035156
13-03-2014,52.4900016784668,53.47999954223633,899000,53.68000030517578,52.72999954223633,50.029483795166016
14-03-2014,52.5,52.58000183105469,705500,53.15999984741211,52.619998931884766,49.92510986328125
17-03-2014,52.970001220703125,53.0099983215332,516500,53.709999084472656,53.650001525878906,50.902347564697266
18-03-2014,53.650001525878906,53.68000030517578,436700,53.959999084472656,53.900001525878906,51.13954544067383
19-03-2014,52.599998474121094,53.90999984741211,745200,53.959999084472656,53.02000045776367,50.30461883544922
20-03-2014,52.720001220703125,52.7599983215332,697000,53.15999984741211,53.029998779296875,50.31410598754883
21-03-2014,52.900001525878906,53.5099983215332,1424600,53.779998779296875,52.91999816894531,50.209739685058594
24-03-2014,52.15999984741211,53.040000915527344,570100,53.209999084472656,52.4900016784668,49.801761627197266
25-03-2014,52.40999984741211,52.81999969482422,951100,53.13999938964844,52.68000030517578,49.98203659057617
26-03-2014,51.72999954223633,52.86000061035156,903100,53.16999816894531,51.72999954223633,49.0806884765625
27-03-2014,51.18000030517578,51.59000015258789,729400,51.81999969482422,51.31999969482422,48.69167709350586
28-03-2014,51.18000030517578,51.290000915527344,1029900,51.68000030517578,51.33000183105469,48.70117950439453
31-03-2014,51.209999084472656,51.7599983215332,1419800,51.88999938964844,51.4900016784668,48.85298156738281
01-04-2014,51.43000030517578,51.720001220703125,926900,52.52000045776367,52.5099983215332,49.82073211669922
02-04-2014,52.4900016784668,52.5099983215332,732400,53.09000015258789,52.84000015258789,50.13383102416992
03-04-2014,52.34000015258789,53.0,733200,53.060001373291016,52.689998626708984,49.99152755737305
04-04-2014,51.38999938964844,53.0,828900,53.0,51.400001525878906,48.76759719848633
07-04-2014,50.349998474121094,51.290000915527344,975700,51.29999923706055,50.4900016784668,47.90419387817383
08-04-2014,50.060001373291016,50.45000076293945,1097000,50.970001220703125,50.630001068115234,48.037025451660156
09-04-2014,50.5099983215332,50.900001525878906,1278800,51.06999969482422,50.77000045776367,48.169857025146484
10-04-2014,49.650001525878906,50.810001373291016,980800,51.15999984741211,49.70000076293945,47.1546516418457
11-04-2014,49.5,49.58000183105469,1609800,50.599998474121094,50.31999969482422,47.74290084838867
14-04-2014,50.08000183105469,50.88999938964844,1055600,51.22999954223633,50.560001373291016,47.97061538696289
15-04-2014,49.77000045776367,50.75,858000,50.9900016784668,50.7599983215332,48.160362243652344
16-04-2014,51.04999923706055,51.22999954223633,820000,51.68000030517578,51.59000015258789,48.94784927368164
17-04-2014,51.529998779296875,51.689998626708984,827000,52.2599983215332,52.029998779296875,49.36532211303711
21-04-2014,51.68000030517578,52.08000183105469,473600,52.150001525878906,51.959999084472656,49.29891586303711
22-04-2014,51.790000915527344,51.91999816894531,601600,52.310001373291016,52.02000045776367,49.35582733154297
23-04-2014,51.66999816894531,52.040000915527344,581500,52.279998779296875,51.790000915527344,49.13762664794922
24-04-2014,51.31999969482422,51.97999954223633,496100,52.16999816894531,51.91999816894531,49.26095962524414
25-04-2014,51.040000915527344,51.869998931884766,860800,51.869998931884766,51.4900016784668,48.85298156738281
28-04-2014,50.959999084472656,51.599998474121094,1243700,51.93000030517578,51.779998779296875,49.12812042236328
29-04-2014,51.81999969482422,52.16999816894531,1038300,52.439998626708984,52.2599983215332,49.58353042602539
30-04-2014,51.720001220703125,52.25,1188800,52.77000045776367,52.720001220703125,50.01999282836914
01-05-2014,52.45000076293945,52.54999923706055,1191000,53.27000045776367,52.75,50.0484504699707
02-05-2014,52.560001373291016,52.63999938964844,796800,53.33000183105469,52.70000076293945,50.000999450683594
05-05-2014,52.08000183105469,52.43000030517578,969700,53.029998779296875,52.95000076293945,50.23821258544922
06-05-2014,52.2599983215332,53.029998779296875,1153700,53.529998779296875,52.5099983215332,49.82073211669922
07-05-2014,52.22999954223633,52.560001373291016,1118800,53.09000015258789,53.02000045776367,50.30461883544922
08-05-2014,52.91999816894531,52.95000076293945,969700,53.709999084472656,53.130001068115234,50.408992767333984
09-05-2014,52.689998626708984,53.130001068115234,739800,53.20000076293945,52.970001220703125,50.257179260253906
12-05-2014,53.08000183105469,53.130001068115234,805000,53.63999938964844,53.61000061035156,50.86439514160156
13-05-2014,53.33000183105469,53.7400016784668,455400,53.90999984741211,53.349998474121094,50.61771774291992
14-05-2014,52.65999984741211,53.130001068115234,648200,53.439998626708984,52.790000915527344,50.08641052246094
15-05-2014,51.66999816894531,52.59000015258789,636400,52.7599983215332,52.31999969482422,49.64046096801758
16-05-2014,52.11000061035156,52.29999923706055,899100,52.83000183105469,52.72999954223633,50.029483795166016
19-05-2014,52.439998626708984,52.56999969482422,686100,52.86000061035156,52.650001525878906,49.95356750488281
20-05-2014,51.400001525878906,52.630001068115234,798100,52.7400016784668,51.630001068115234,48.98579788208008
21-05-2014,51.720001220703125,51.84000015258789,408900,52.220001220703125,52.150001525878906,49.47917175292969
22-05-2014,52.150001525878906,52.150001525878906,532800,52.63999938964844,52.36000061035156,49.67841720581055
23-05-2014,52.20000076293945,52.5099983215332,787400,52.7599983215332,52.4900016784668,49.801761627197266
27-05-2014,52.59000015258789,52.91999816894531,497100,52.93000030517578,52.7599983215332,50.057945251464844
28-05-2014,52.779998779296875,52.900001525878906,759200,53.220001220703125,52.84000015258789,50.13383102416992
29-05-2014,52.54999923706055,52.86000061035156,509800,53.08000183105469,53.060001373291016,50.34257888793945
30-05-2014,52.75,53.33000183105469,564900,53.33000183105469,53.08000183105469,50.36155319213867
02-06-2014,52.599998474121094,53.060001373291016,762000,53.16999816894531,52.939998626708984,50.22872543334961
03-06-2014,52.75,52.900001525878906,777000,53.119998931884766,52.959999084472656,50.2476921081543
04-06-2014,52.619998931884766,52.779998779296875,717700,52.97999954223633,52.849998474121094,50.14332580566406
05-06-2014,52.619998931884766,52.91999816894531,696700,53.41999816894531,53.27000045776367,50.54182052612305
06-06-2014,53.29999923706055,53.41999816894531,566900,53.79999923706055,53.79999923706055,51.044677734375
09-06-2014,53.650001525878906,53.68000030517578,906800,54.5,54.20000076293945,51.424198150634766
10-06-2014,53.86000061035156,54.029998779296875,587600,54.27000045776367,54.09000015258789,51.31982421875
11-06-2014,53.70000076293945,53.77000045776367,566600,54.0099983215332,53.79999923706055,51.044677734375
12-06-2014,53.08000183105469,53.650001525878906,458500,53.86000061035156,53.25,50.60750198364258
13-06-2014,52.970001220703125,53.27000045776367,468800,53.45000076293945,53.27000045776367,50.62651062011719
16-06-2014,52.83000183105469,53.099998474121094,617500,53.36000061035156,53.029998779296875,50.39841079711914
17-06-2014,52.77000045776367,52.810001373291016,512500,53.31999969482422,53.27000045776367,50.62651062011719
18-06-2014,52.84000015258789,53.290000915527344,747700,53.5,53.45000076293945,50.79758834838867
19-06-2014,53.0099983215332,53.52000045776367,623100,53.59000015258789,53.529998779296875,50.87361145019531
20-06-2014,53.5,53.959999084472656,1245000,54.150001525878906,54.08000183105469,51.39631652832031
23-06-2014,53.70000076293945,54.06999969482422,345700,54.2400016784668,53.720001220703125,51.05418395996094
24-06-2014,53.20000076293945,53.689998626708984,675700,54.220001220703125,53.22999954223633,50.58848571777344
25-06-2014,52.959999084472656,52.970001220703125,487300,53.45000076293945,53.27000045776367,50.62651062011719
26-06-2014,52.5099983215332,53.2400016784668,763200,53.34000015258789,52.81999969482422,50.19883346557617
27-06-2014,52.599998474121094,52.7400016784668,766000,53.220001220703125,52.91999816894531,50.29387664794922
30-06-2014,52.2400016784668,52.779998779296875,2007800,52.970001220703125,52.279998779296875,49.685630798339844
01-07-2014,52.22999954223633,52.5099983215332,2705100,52.90999984741211,52.790000915527344,50.17034149169922
02-07-2014,52.27000045776367,52.619998931884766,1009600,52.77000045776367,52.560001373291016,49.95174026489258
03-07-2014,52.61000061035156,52.81999969482422,410100,53.27000045776367,53.13999938964844,50.50294876098633
07-07-2014,52.689998626708984,53.040000915527344,595400,53.060001373291016,52.7599983215332,50.14179992675781
08-07-2014,52.29999923706055,52.65999984741211,622800,52.75,52.619998931884766,50.008766174316406
09-07-2014,52.34000015258789,52.709999084472656,699200,52.91999816894531,52.52000045776367,49.913726806640625
10-07-2014,51.939998626708984,52.150001525878906,608000,52.33000183105469,52.16999816894531,49.581092834472656
11-07-2014,51.81999969482422,52.22999954223633,786500,52.43000030517578,52.2400016784668,49.64762496948242
14-07-2014,52.38999938964844,52.63999938964844,676300,52.810001373291016,52.54999923706055,49.94224548339844
15-07-2014,52.54999923706055,52.65999984741211,1164400,52.97999954223633,52.86000061035156,50.23686218261719
16-07-2014,52.65999984741211,53.0,626900,53.150001525878906,52.849998474121094,50.22734069824219
17-07-2014,51.599998474121094,52.54999923706055,877700,52.650001525878906,51.66999816894531,49.10590744018555
18-07-2014,51.68000030517578,51.77000045776367,679000,52.150001525878906,52.130001068115234,49.5430793762207
21-07-2014,51.709999084472656,51.880001068115234,481300,52.20000076293945,51.959999084472656,49.38152313232422
22-07-2014,52.04999923706055,52.2400016784668,685400,52.400001525878906,52.15999984741211,49.57160568237305
23-07-2014,51.810001373291016,52.25,408000,52.25,51.880001068115234,49.30549240112305
24-07-2014,51.61000061035156,51.959999084472656,513400,52.130001068115234,51.779998779296875,49.210453033447266
25-07-2014,51.22999954223633,51.68000030517578,484700,51.7599983215332,51.54999923706055,48.99186706542969
28-07-2014,50.88999938964844,51.52000045776367,616300,51.630001068115234,51.439998626708984,48.8873176574707
29-07-2014,50.720001220703125,51.369998931884766,1090100,51.540000915527344,50.7400016784668,48.222068786621094
30-07-2014,49.900001525878906,50.86000061035156,1587400,50.9900016784668,50.18000030517578,47.68985366821289
31-07-2014,48.599998474121094,49.81999969482422,1831400,50.0099983215332,48.689998626708984,46.273780822753906
01-08-2014,47.95000076293945,48.56999969482422,1775300,48.779998779296875,48.540000915527344,46.131229400634766
04-08-2014,48.40999984741211,48.7400016784668,1349300,49.25,49.11000061035156,46.672943115234375
05-08-2014,50.15999984741211,50.79999923706055,3538000,51.599998474121094,50.970001220703125,48.44063949584961
06-08-2014,50.40999984741211,50.65999984741211,1383900,51.040000915527344,50.849998474121094,48.326595306396484
07-08-2014,50.439998626708984,51.16999816894531,1114000,51.2599983215332,50.4900016784668,47.984474182128906
08-08-2014,50.58000183105469,50.77000045776367,1196100,51.7400016784668,51.689998626708984,49.12491989135742
11-08-2014,51.279998779296875,51.7599983215332,977900,51.90999984741211,51.43000030517578,48.877811431884766
12-08-2014,51.0,51.209999084472656,767200,51.650001525878906,51.279998779296875,48.73524856567383
13-08-2014,51.34000015258789,51.560001373291016,1042600,51.630001068115234,51.59000015258789,49.02988815307617
14-08-2014,51.47999954223633,51.65999984741211,887000,51.7599983215332,51.529998779296875,48.97284698486328
15-08-2014,50.97999954223633,51.779998779296875,562800,51.83000183105469,51.40999984741211,48.85881423950195
18-08-2014,51.709999084472656,51.79999923706055,795500,52.38999938964844,52.38999938964844,49.790184020996094
19-08-2014,52.220001220703125,52.380001068115234,614400,52.709999084472656,52.689998626708984,50.075279235839844
20-08-2014,52.65999984741211,52.7400016784668,802500,53.2400016784668,53.150001525878906,50.5124626159668
21-08-2014,52.79999923706055,53.16999816894531,489600,53.220001220703125,53.119998931884766,50.48394775390625
22-08-2014,52.709999084472656,53.060001373291016,483900,53.130001068115234,52.95000076293945,50.322391510009766
25-08-2014,52.95000076293945,53.18000030517578,378000,53.27000045776367,53.18000030517578,50.540977478027344
26-08-2014,52.900001525878906,53.11000061035156,378800,53.20000076293945,52.91999816894531,50.29387664794922
27-08-2014,52.56999969482422,52.970001220703125,565500,53.08000183105469,52.83000183105469,50.20834732055664
28-08-2014,52.31999969482422,52.54999923706055,546000,53.0,52.970001220703125,50.341400146484375
29-08-2014,52.86000061035156,53.150001525878906,569900,53.20000076293945,52.939998626708984,50.31288528442383
02-09-2014,52.66999816894531,53.130001068115234,792700,53.34000015258789,52.869998931884766,50.24636459350586
03-09-2014,52.63999938964844,53.13999938964844,779000,53.33000183105469,52.779998779296875,50.16083526611328
04-09-2014,52.70000076293945,52.970001220703125,618900,53.439998626708984,52.900001525878906,50.27488327026367
05-09-2014,52.45000076293945,52.7599983215332,1330700,53.27000045776367,53.150001525878906,50.5124626159668
08-09-2014,52.869998931884766,53.189998626708984,521000,53.4900016784668,53.02000045776367,50.388916015625
09-09-2014,52.38999938964844,52.91999816894531,526300,53.0099983215332,52.41999816894531,49.81869125366211
10-09-2014,52.40999984741211,52.439998626708984,454500,52.939998626708984,52.779998779296875,50.16083526611328
11-09-2014,52.400001525878906,52.58000183105469,331500,52.79999923706055,52.68000030517578,50.065792083740234
12-09-2014,51.970001220703125,52.470001220703125,480700,52.5099983215332,52.099998474121094,49.59931182861328
15-09-2014,51.630001068115234,52.0,531700,52.08000183105469,51.77000045776367,49.2851448059082
16-09-2014,51.5099983215332,51.77000045776367,674600,51.880001068115234,51.720001220703125,49.237545013427734
17-09-2014,51.540000915527344,51.880001068115234,993900,52.15999984741211,51.779998779296875,49.294673919677734
18-09-2014,51.77000045776367,51.970001220703125,1060200,52.130001068115234,51.95000076293945,49.456504821777344
19-09-2014,52.0,52.2599983215332,1144800,52.4900016784668,52.15999984741211,49.656436920166016
22-09-2014,51.25,52.02000045776367,780100,52.029998779296875,51.45000076293945,48.98051071166992
23-09-2014,50.720001220703125,51.40999984741211,1000200,51.540000915527344,50.7599983215332,48.32362747192383
24-09-2014,50.54999923706055,50.779998779296875,1004700,51.369998931884766,51.33000183105469,48.86626434326172
25-09-2014,50.400001525878906,51.09000015258789,692500,51.189998626708984,50.58000183105469,48.152259826660156
26-09-2014,50.58000183105469,50.63999938964844,1587000,52.04999923706055,52.0099983215332,49.51362609863281
29-09-2014,50.79999923706055,51.38999938964844,1772000,51.41999816894531,50.97999954223633,48.5330696105957
30-09-2014,50.18000030517578,50.869998931884766,1213700,51.06999969482422,50.209999084472656,47.80001449584961
01-10-2014,49.27000045776367,49.97999954223633,2408200,50.130001068115234,49.33000183105469,46.962257385253906
02-10-2014,48.63999938964844,49.25,1378400,49.5,49.290000915527344,46.9241828918457
03-10-2014,49.47999954223633,49.66999816894531,1080400,50.220001220703125,50.09000015258789,47.685787200927734
06-10-2014,50.02000045776367,50.18000030517578,859800,50.459999084472656,50.18000030517578,47.77146530151367
07-10-2014,48.5,49.56999969482422,1047200,49.66999816894531,48.5099983215332,46.18161392211914
08-10-2014,48.02000045776367,48.45000076293945,1287200,49.52000045776367,49.52000045776367,47.14314651489258
09-10-2014,48.380001068115234,49.369998931884766,1180800,49.45000076293945,48.400001525878906,46.076908111572266
10-10-2014,47.40999984741211,48.47999954223633,1590400,48.47999954223633,47.40999984741211,45.134422302246094
13-10-2014,46.2400016784668,47.47999954223633,1538900,47.56999969482422,46.29999923706055,44.07769775390625
14-10-2014,45.900001525878906,46.630001068115234,2169500,46.97999954223633,46.119998931884766,43.90633010864258
15-10-2014,45.119998931884766,45.540000915527344,2044300,46.86000061035156,46.630001068115234,44.39186096191406
16-10-2014,45.75,45.75,1451200,47.59000015258789,47.40999984741211,45.134422302246094
17-10-2014,47.90999984741211,47.9900016784668,1929500,48.959999084472656,48.83000183105469,46.486263275146484
20-10-2014,48.31999969482422,48.709999084472656,1448000,49.29999923706055,49.27000045776367,46.905147552490234
21-10-2014,49.66999816894531,49.810001373291016,1355200,50.52000045776367,50.470001220703125,48.04755783081055
22-10-2014,49.619998931884766,50.56999969482422,1716000,50.61000061035156,49.650001525878906,47.26690673828125
23-10-2014,50.099998474121094,50.36000061035156,902700,51.040000915527344,50.83000183105469,48.3902702331543
24-10-2014,50.45000076293945,50.779998779296875,986400,51.38999938964844,51.33000183105469,48.86626434326172
27-10-2014,50.59000015258789,51.02000045776367,1200600,51.33000183105469,51.279998779296875,48.81865692138672
28-10-2014,50.06999969482422,50.16999816894531,1488600,51.61000061035156,51.58000183105469,49.10427474975586
29-10-2014,50.36000061035156,51.540000915527344,1006300,51.720001220703125,50.869998931884766,48.42833709716797
30-10-2014,50.599998474121094,50.599998474121094,869500,51.52000045776367,51.22999954223633,48.771060943603516
31-10-2014,51.40999984741211,51.9900016784668,1595900,52.150001525878906,52.150001525878906,49.64690017700195
03-11-2014,51.459999084472656,52.130001068115234,1139700,52.400001525878906,51.9900016784668,49.49458312988281
04-11-2014,51.2599983215332,52.0,838600,52.0,51.31999969482422,48.85674285888672
05-11-2014,51.2400016784668,51.709999084472656,1106700,51.779998779296875,51.38999938964844,48.92338180541992
06-11-2014,51.2400016784668,51.63999938964844,1328900,52.18000030517578,52.16999816894531,49.66594696044922
07-11-2014,51.68000030517578,51.959999084472656,1463400,52.09000015258789,52.0099983215332,49.51362609863281
10-11-2014,51.81999969482422,52.0,1201400,52.36000061035156,52.220001220703125,49.71354675292969
11-11-2014,51.970001220703125,52.349998474121094,985200,52.380001068115234,52.310001373291016,49.79922866821289
12-11-2014,51.84000015258789,51.95000076293945,1830500,52.34000015258789,52.220001220703125,49.71354675292969
13-11-2014,46.91999816894531,48.5,9870600,51.16999816894531,50.31999969482422,47.90474319458008
14-11-2014,49.9900016784668,50.02000045776367,2331100,51.86000061035156,51.70000076293945,49.218502044677734
17-11-2014,50.59000015258789,51.310001373291016,1771900,51.560001373291016,51.060001373291016,48.60922622680664
18-11-2014,50.59000015258789,51.0,2650900,51.61000061035156,50.709999084472656,48.276031494140625
19-11-2014,50.29999923706055,50.689998626708984,942200,51.11000061035156,51.0,48.55210494995117
20-11-2014,50.630001068115234,50.7599983215332,695100,51.220001220703125,50.91999816894531,48.47594451904297
21-11-2014,51.29999923706055,51.68000030517578,781000,51.869998931884766,51.630001068115234,49.15187072753906
24-11-2014,51.45000076293945,51.68000030517578,950800,51.95000076293945,51.68000030517578,49.19945526123047
25-11-2014,51.75,51.95000076293945,1012000,52.209999084472656,51.939998626708984,49.44697570800781
26-11-2014,51.5,51.97999954223633,1292800,52.0,51.70000076293945,49.218502044677734
28-11-2014,50.810001373291016,51.27000045776367,727900,51.43000030517578,50.959999084472656,48.5140266418457
01-12-2014,50.38999938964844,50.709999084472656,1324300,51.09000015258789,50.650001525878906,48.218910217285156
02-12-2014,50.529998779296875,50.709999084472656,741400,51.209999084472656,51.08000183105469,48.628257751464844
03-12-2014,50.7400016784668,51.22999954223633,927500,52.209999084472656,51.900001525878906,49.49612045288086
04-12-2014,51.5,51.720001220703125,681700,51.959999084472656,51.7400016784668,49.34352493286133
05-12-2014,51.369998931884766,51.77000045776367,888000,51.849998474121094,51.52000045776367,49.133705139160156
08-12-2014,50.7400016784668,51.5099983215332,778200,51.630001068115234,50.9900016784668,48.62826156616211
09-12-2014,50.38999938964844,50.439998626708984,654900,51.11000061035156,51.06999969482422,48.704559326171875
10-12-2014,49.47999954223633,50.709999084472656,1205400,50.790000915527344,49.720001220703125,47.417083740234375
11-12-2014,49.52000045776367,49.91999816894531,820100,50.38999938964844,49.63999938964844,47.34079360961914
12-12-2014,48.5099983215332,49.56999969482422,1894900,49.7599983215332,48.59000015258789,46.339420318603516
15-12-2014,48.369998931884766,48.970001220703125,1193600,49.06999969482422,48.65999984741211,46.40618133544922
16-12-2014,48.4900016784668,48.5,1362900,49.650001525878906,48.72999954223633,46.47294235229492
17-12-2014,48.529998779296875,48.790000915527344,1540500,50.25,50.11000061035156,47.789024353027344
18-12-2014,50.47999954223633,50.810001373291016,2425800,52.31999969482422,52.290000915527344,49.86804962158203
19-12-2014,52.22999954223633,52.38999938964844,2938300,52.97999954223633,52.36000061035156,49.93480682373047
22-12-2014,52.25,52.369998931884766,1180600,53.2599983215332,53.13999938964844,50.678672790527344
23-12-2014,53.150001525878906,53.290000915527344,1238200,53.849998474121094,53.790000915527344,51.29856491088867
24-12-2014,53.52000045776367,53.77000045776367,603600,54.15999984741211,53.97999954223633,51.47978210449219
26-12-2014,53.900001525878906,54.119998931884766,453300,54.25,53.97999954223633,51.47978210449219
29-12-2014,53.47999954223633,53.720001220703125,983600,54.150001525878906,53.91999816894531,51.42255401611328
30-12-2014,53.2599983215332,53.68000030517578,589000,53.720001220703125,53.279998779296875,50.81220245361328
31-12-2014,52.58000183105469,53.540000915527344,744100,53.77000045776367,52.630001068115234,50.19231033325195
02-01-2015,51.93000030517578,52.7599983215332,648300,52.869998931884766,52.619998931884766,50.182762145996094
05-01-2015,50.86000061035156,52.02000045776367,867400,52.15999984741211,51.040000915527344,48.67594909667969
06-01-2015,49.65999984741211,51.040000915527344,1410100,51.119998931884766,50.060001373291016,47.74134826660156
07-01-2015,50.040000915527344,50.4900016784668,1207100,50.619998931884766,50.209999084472656,47.8843879699707
08-01-2015,50.540000915527344,50.63999938964844,1590300,51.459999084472656,51.45000076293945,49.06696319580078
09-01-2015,50.959999084472656,51.599998474121094,1090200,51.720001220703125,50.9900016784668,48.62826156616211
12-01-2015,49.599998474121094,50.90999984741211,1501300,50.93000030517578,49.720001220703125,47.417083740234375
13-01-2015,49.099998474121094,49.9900016784668,1149300,50.439998626708984,49.720001220703125,47.417083740234375
14-01-2015,48.5,48.9900016784668,1028700,49.43000030517578,49.099998474121094,46.8258056640625
15-01-2015,48.290000915527344,49.369998931884766,1152500,49.470001220703125,48.33000183105469,46.09148406982422
16-01-2015,47.86000061035156,48.130001068115234,2000900,48.599998474121094,48.560001373291016,46.310813903808594
20-01-2015,48.08000183105469,48.810001373291016,1354400,48.970001220703125,48.459999084472656,46.2154426574707
21-01-2015,48.27000045776367,48.29999923706055,953400,49.25,49.150001525878906,46.873497009277344
22-01-2015,48.63999938964844,49.22999954223633,1048800,49.58000183105469,49.290000915527344,47.00700378417969
23-01-2015,48.61000061035156,49.119998931884766,1025700,49.31999969482422,48.83000183105469,46.56831359863281
26-01-2015,48.5099983215332,48.900001525878906,1282400,49.619998931884766,49.58000183105469,47.28356170654297
27-01-2015,48.5099983215332,49.02000045776367,1421800,49.349998474121094,49.0,46.730438232421875
28-01-2015,48.63999938964844,49.470001220703125,2427100,50.20000076293945,48.75,46.492008209228516
29-01-2015,48.060001373291016,48.720001220703125,1538500,49.310001373291016,49.13999938964844,46.86395263671875
30-01-2015,47.849998474121094,48.689998626708984,1687700,49.13999938964844,47.900001525878906,45.681396484375
02-02-2015,47.959999084472656,48.18000030517578,1589200,49.58000183105469,49.52000045776367,47.22636032104492
03-02-2015,49.84000015258789,49.84000015258789,1527000,50.779998779296875,50.45000076293945,48.11328125
04-02-2015,49.369998931884766,50.20000076293945,992700,50.31999969482422,49.5099983215332,47.2168083190918
05-02-2015,49.61000061035156,49.650001525878906,1169600,50.18000030517578,49.689998626708984,47.38847351074219
06-02-2015,49.43000030517578,49.72999954223633,1084100,50.13999938964844,49.61000061035156,47.31218719482422
09-02-2015,49.38999938964844,49.38999938964844,865300,50.02000045776367,49.849998474121094,47.54106140136719
10-02-2015,49.38999938964844,50.11000061035156,782200,50.16999816894531,50.029998779296875,47.71272277832031
11-02-2015,49.689998626708984,50.0,1015300,50.15999984741211,49.900001525878906,47.588748931884766
12-02-2015,50.0,50.13999938964844,974000,50.7400016784668,50.61000061035156,48.26586151123047
13-02-2015,50.900001525878906,51.09000015258789,1144600,51.459999084472656,51.40999984741211,49.02881622314453
17-02-2015,51.08000183105469,51.310001373291016,1149200,51.599998474121094,51.5,49.11464309692383
18-02-2015,51.25,51.369998931884766,554400,51.650001525878906,51.380001068115234,49.00020217895508
19-02-2015,51.18000030517578,51.18000030517578,716600,51.68000030517578,51.2599983215332,48.8857536315918
20-02-2015,50.66999816894531,51.18000030517578,940600,51.630001068115234,51.619998931884766,49.22908020019531
23-02-2015,51.5,51.59000015258789,1304800,52.41999816894531,52.40999984741211,49.98250961303711
24-02-2015,52.220001220703125,52.29999923706055,988800,52.720001220703125,52.599998474121094,50.1636848449707
25-02-2015,52.619998931884766,52.66999816894531,1289000,52.97999954223633,52.95000076293945,50.49748992919922
26-02-2015,52.68000030517578,52.880001068115234,1801900,53.310001373291016,53.27000045776367,50.80265808105469
27-02-2015,53.06999969482422,53.2400016784668,1990200,53.4900016784668,53.13999938964844,50.678672790527344
02-03-2015,52.90999984741211,53.13999938964844,1098500,53.810001373291016,53.75,51.26042556762695
03-03-2015,53.34000015258789,53.43000030517578,1182900,53.7400016784668,53.540000915527344,51.06016540527344
04-03-2015,52.72999954223633,53.279998779296875,761100,53.290000915527344,52.86000061035156,50.41165542602539
05-03-2015,52.59000015258789,52.9900016784668,1279000,53.11000061035156,52.91999816894531,50.468868255615234
06-03-2015,51.88999938964844,52.439998626708984,723700,52.709999084472656,52.02000045776367,49.610557556152344
09-03-2015,51.880001068115234,52.06999969482422,789000,52.33000183105469,52.209999084472656,49.79175567626953
10-03-2015,51.22999954223633,51.54999923706055,1124500,51.70000076293945,51.439998626708984,49.05741500854492
11-03-2015,51.15999984741211,51.439998626708984,740600,51.56999969482422,51.459999084472656,49.07649230957031
12-03-2015,51.61000061035156,51.63999938964844,590700,52.18000030517578,52.15999984741211,49.744083404541016
13-03-2015,51.5,51.90999984741211,978800,51.9900016784668,51.90999984741211,49.59122085571289
16-03-2015,51.95000076293945,52.0,1311700,53.0,52.95000076293945,50.58476257324219
17-03-2015,52.209999084472656,52.61000061035156,838400,52.84000015258789,52.79999923706055,50.441471099853516
18-03-2015,52.33000183105469,52.66999816894531,1019300,53.939998626708984,53.720001220703125,51.32036590576172
19-03-2015,52.72999954223633,53.34000015258789,773200,53.41999816894531,53.099998474121094,50.728057861328125
20-03-2015,53.209999084472656,53.25,1855900,53.849998474121094,53.79999923706055,51.39678955078125
23-03-2015,53.369998931884766,54.0,878300,54.0,53.65999984741211,51.26304626464844
24-03-2015,53.209999084472656,53.56999969482422,680900,53.790000915527344,53.209999084472656,50.833152770996094
25-03-2015,51.97999954223633,53.369998931884766,1568100,53.459999084472656,52.0,49.67720031738281
26-03-2015,51.54999923706055,51.75,1938700,52.0,51.849998474121094,49.53388977050781
27-03-2015,51.4900016784668,51.72999954223633,1331100,51.959999084472656,51.810001373291016,49.49567794799805
30-03-2015,52.0099983215332,52.040000915527344,1337200,53.040000915527344,52.970001220703125,50.603878021240234
31-03-2015,52.40999984741211,52.720001220703125,1136800,52.790000915527344,52.540000915527344,50.193077087402344
01-04-2015,52.040000915527344,52.189998626708984,1606200,52.54999923706055,52.279998779296875,49.94468688964844
02-04-2015,52.16999816894531,52.43000030517578,648700,52.83000183105469,52.400001525878906,50.059326171875
06-04-2015,52.06999969482422,52.209999084472656,1008000,53.119998931884766,52.91999816894531,50.55610275268555
07-04-2015,52.81999969482422,52.90999984741211,1033700,53.20000076293945,53.040000915527344,50.670753479003906
08-04-2015,52.7400016784668,53.02000045776367,844500,53.220001220703125,53.20000076293945,50.82359313964844
09-04-2015,52.970001220703125,53.11000061035156,639800,53.52000045776367,53.400001525878906,51.014671325683594
10-04-2015,53.209999084472656,53.61000061035156,1043600,53.61000061035156,53.52000045776367,51.129302978515625
13-04-2015,52.81999969482422,53.43000030517578,645500,53.630001068115234,52.88999938964844,50.527442932128906
14-04-2015,52.650001525878906,52.810001373291016,957100,53.13999938964844,52.9900016784668,50.62297821044922
15-04-2015,53.06999969482422,53.18000030517578,1300600,53.5,53.310001373291016,50.92869186401367
16-04-2015,52.560001373291016,53.04999923706055,850900,53.06999969482422,52.810001373291016,50.45102310180664
17-04-2015,51.54999923706055,52.43000030517578,940700,52.43000030517578,51.709999084472656,49.40016174316406
20-04-2015,51.959999084472656,51.970001220703125,804900,52.400001525878906,52.060001373291016,49.7345085144043
21-04-2015,51.650001525878906,52.209999084472656,936000,52.34000015258789,52.06999969482422,49.744083404541016
22-04-2015,51.58000183105469,52.09000015258789,830100,52.43000030517578,52.349998474121094,50.011566162109375
23-04-2015,52.15999984741211,52.25,708600,52.77000045776367,52.689998626708984,50.336368560791016
24-04-2015,51.95000076293945,52.709999084472656,473700,52.720001220703125,52.33000183105469,49.99245834350586
27-04-2015,52.15999984741211,52.439998626708984,930300,52.65999984741211,52.25,49.91603088378906
28-04-2015,51.95000076293945,52.099998474121094,1119800,52.31999969482422,52.310001373291016,49.97334289550781
29-04-2015,51.22999954223633,51.83000183105469,1867200,52.68000030517578,52.400001525878906,50.059326171875
30-04-2015,52.130001068115234,52.189998626708984,2227800,52.66999816894531,52.41999816894531,50.07844543457031
01-05-2015,52.29999923706055,52.599998474121094,1080600,52.84000015258789,52.72999954223633,50.37459182739258
04-05-2015,52.810001373291016,52.810001373291016,1345900,53.56999969482422,53.279998779296875,50.9000244140625
05-05-2015,52.75,53.04999923706055,1564700,53.70000076293945,52.880001068115234,50.51789093017578
06-05-2015,51.970001220703125,53.029998779296875,1255400,53.130001068115234,52.27000045776367,49.93512725830078
07-05-2015,52.0,52.16999816894531,775000,52.599998474121094,52.290000915527344,49.95424270629883
08-05-2015,52.619998931884766,52.88999938964844,762800,53.04999923706055,52.90999984741211,50.54654312133789
11-05-2015,52.66999816894531,52.84000015258789,709400,53.029998779296875,52.869998931884766,50.508338928222656
12-05-2015,52.56999969482422,52.709999084472656,1227800,53.470001220703125,53.290000915527344,50.909584045410156
13-05-2015,53.599998474121094,53.61000061035156,1997700,54.810001373291016,54.34000015258789,51.91267776489258
14-05-2015,54.43000030517578,54.66999816894531,1064200,55.349998474121094,55.220001220703125,52.75337219238281
15-05-2015,54.959999084472656,55.369998931884766,1409500,55.459999084472656,55.380001068115234,52.906211853027344
18-05-2015,55.060001373291016,55.099998474121094,1469800,55.560001373291016,55.380001068115234,52.906211853027344
19-05-2015,54.720001220703125,55.349998474121094,670200,55.47999954223633,54.959999084472656,52.504974365234375
20-05-2015,54.68000030517578,54.95000076293945,744100,55.04999923706055,54.939998626708984,52.48588180541992
21-05-2015,54.79999923706055,54.91999816894531,640900,55.209999084472656,54.95000076293945,52.49542999267578
22-05-2015,54.650001525878906,54.900001525878906,704700,55.060001373291016,54.75,52.304359436035156
26-05-2015,53.709999084472656,54.5,738000,54.5,53.900001525878906,51.492332458496094
27-05-2015,53.83000183105469,53.83000183105469,750800,54.459999084472656,54.369998931884766,51.94132995605469
28-05-2015,53.90999984741211,54.2599983215332,617800,54.34000015258789,54.16999816894531,51.75026321411133
29-05-2015,53.380001068115234,54.119998931884766,1621500,54.209999084472656,53.7599983215332,51.358577728271484
01-06-2015,53.349998474121094,53.9900016784668,683100,53.9900016784668,53.70000076293945,51.301265716552734
02-06-2015,53.220001220703125,53.4900016784668,745600,54.34000015258789,54.040000915527344,51.626075744628906
03-06-2015,53.88999938964844,54.029998779296875,738100,54.36000061035156,54.119998931884766,51.7025032043457
04-06-2015,52.9900016784668,53.790000915527344,1164300,53.810001373291016,53.29999923706055,50.919124603271484
05-06-2015,53.22999954223633,53.369998931884766,1077000,53.939998626708984,53.880001068115234,51.47322082519531
08-06-2015,53.650001525878906,53.810001373291016,1247900,54.130001068115234,53.9900016784668,51.57829284667969
09-06-2015,53.72999954223633,54.0099983215332,572000,54.209999084472656,53.7400016784668,51.339481353759766
10-06-2015,53.81999969482422,54.0,532000,54.61000061035156,54.52000045776367,52.08463668823242
11-06-2015,54.369998931884766,54.59000015258789,1097300,54.97999954223633,54.81999969482422,52.37122344970703
12-06-2015,54.41999816894531,54.59000015258789,1075100,55.290000915527344,54.7599983215332,52.39993667602539
15-06-2015,53.880001068115234,54.15999984741211,757800,54.220001220703125,54.08000183105469,51.74925994873047
16-06-2015,53.709999084472656,53.9900016784668,627800,54.349998474121094,54.29999923706055,51.95977020263672
17-06-2015,53.9900016784668,54.400001525878906,618300,54.599998474121094,54.40999984741211,52.065006256103516
18-06-2015,54.47999954223633,54.65999984741211,905900,55.279998779296875,55.099998474121094,52.72528839111328
19-06-2015,54.54999923706055,54.97999954223633,1064900,55.040000915527344,54.56999969482422,52.21813201904297
22-06-2015,54.58000183105469,54.959999084472656,643600,55.02000045776367,54.75,52.39037322998047
23-06-2015,54.43000030517578,54.900001525878906,684300,54.900001525878906,54.689998626708984,52.33295440673828
24-06-2015,53.93000030517578,54.54999923706055,864000,54.619998931884766,54.06999969482422,51.73967742919922
25-06-2015,53.65999984741211,54.08000183105469,878300,54.150001525878906,53.79999923706055,51.48131561279297
26-06-2015,53.79999923706055,54.02000045776367,2133400,55.13999938964844,55.11000061035156,52.73485565185547
29-06-2015,54.0,54.2599983215332,1843500,54.70000076293945,54.040000915527344,51.71097183227539
30-06-2015,54.279998779296875,54.77000045776367,1605300,54.959999084472656,54.779998779296875,52.4190788269043
01-07-2015,54.869998931884766,55.130001068115234,2020000,55.599998474121094,55.5,53.108036041259766
02-07-2015,55.20000076293945,55.84000015258789,1562200,56.0,55.54999923706055,53.15589904785156
06-07-2015,54.27000045776367,54.9900016784668,1178700,55.209999084472656,54.470001220703125,52.122432708740234
07-07-2015,53.97999954223633,54.470001220703125,1893500,55.0,54.83000183105469,52.4669303894043
08-07-2015,53.45000076293945,54.439998626708984,1450000,54.619998931884766,53.779998779296875,51.46216583251953
09-07-2015,54.130001068115234,54.650001525878906,1539400,55.08000183105469,54.310001373291016,51.969329833984375
10-07-2015,54.720001220703125,55.060001373291016,1264200,55.220001220703125,55.099998474121094,52.72528839111328
13-07-2015,55.2400016784668,55.68000030517578,1577300,56.04999923706055,55.93000030517578,53.51951217651367
14-07-2015,55.529998779296875,55.880001068115234,883900,55.91999816894531,55.779998779296875,53.375980377197266
15-07-2015,54.970001220703125,55.68000030517578,885600,55.81999969482422,55.040000915527344,52.66788101196289
16-07-2015,54.97999954223633,55.369998931884766,650400,55.630001068115234,55.290000915527344,52.907108306884766
17-07-2015,54.720001220703125,55.25,549200,55.29999923706055,54.86000061035156,52.49562454223633
20-07-2015,54.72999954223633,54.84000015258789,532200,55.2599983215332,55.099998474121094,52.72528839111328
21-07-2015,54.619998931884766,55.029998779296875,981000,55.189998626708984,54.689998626708984,52.33295440673828
22-07-2015,54.5,54.66999816894531,1149100,55.13999938964844,55.0099983215332,52.639156341552734
23-07-2015,55.099998474121094,55.130001068115234,1266600,55.79999923706055,55.150001525878906,52.773136138916016
24-07-2015,53.810001373291016,55.040000915527344,1189600,55.189998626708984,53.95000076293945,51.624847412109375
27-07-2015,51.939998626708984,53.310001373291016,2404500,53.400001525878906,52.0099983215332,49.768463134765625
28-07-2015,51.849998474121094,52.25,2095600,52.650001525878906,52.45000076293945,50.18950653076172
29-07-2015,52.36000061035156,52.70000076293945,1941900,53.470001220703125,53.34000015258789,51.041133880615234
30-07-2015,53.0,53.189998626708984,1220200,53.45000076293945,53.36000061035156,51.0602912902832
31-07-2015,52.939998626708984,53.529998779296875,1638300,53.529998779296875,53.04999923706055,50.76362991333008
03-08-2015,52.65999984741211,53.16999816894531,1757700,53.34000015258789,53.290000915527344,50.993289947509766
04-08-2015,52.939998626708984,53.11000061035156,2143900,54.720001220703125,53.709999084472656,51.39519500732422
05-08-2015,53.90999984741211,53.90999984741211,1091400,55.02000045776367,54.22999954223633,51.892784118652344
06-08-2015,54.130001068115234,54.130001068115234,2242900,55.209999084472656,55.040000915527344,52.66788101196289
07-08-2015,54.68000030517578,54.83000183105469,1308800,55.16999816894531,54.939998626708984,52.57217788696289
10-08-2015,55.31999969482422,55.33000183105469,1577100,56.22999954223633,56.08000183105469,53.663047790527344
11-08-2015,55.2400016784668,55.27000045776367,1228100,55.81999969482422,55.630001068115234,53.232444763183594
12-08-2015,54.56999969482422,54.58000183105469,1221400,55.630001068115234,55.4900016784668,53.098480224609375
13-08-2015,55.2599983215332,55.34000015258789,979100,56.34000015258789,56.04999923706055,53.634334564208984
14-08-2015,55.869998931884766,55.970001220703125,1055600,56.7400016784668,56.65999984741211,54.218048095703125
17-08-2015,56.040000915527344,56.459999084472656,1348400,57.529998779296875,57.5,55.021846771240234
18-08-2015,57.33000183105469,57.45000076293945,1329300,57.66999816894531,57.5,55.021846771240234
19-08-2015,56.2400016784668,57.040000915527344,1038500,57.13999938964844,56.540000915527344,54.10322952270508
20-08-2015,55.060001373291016,56.150001525878906,989700,56.290000915527344,55.060001373291016,52.687015533447266
21-08-2015,53.83000183105469,54.63999938964844,1748100,55.0,53.84000015258789,51.51959228515625
24-08-2015,50.54999923706055,50.810001373291016,3697200,53.209999084472656,52.58000183105469,50.31389617919922
25-08-2015,51.47999954223633,53.93000030517578,1768900,54.060001373291016,51.4900016784668,49.270870208740234
26-08-2015,51.869998931884766,52.70000076293945,2576500,53.400001525878906,53.209999084472656,50.916744232177734
27-08-2015,53.45000076293945,53.79999923706055,1554600,54.7400016784668,54.7400016784668,52.38079833984375
28-08-2015,54.18000030517578,54.43000030517578,1816400,55.099998474121094,54.77000045776367,52.40951156616211
31-08-2015,53.650001525878906,54.470001220703125,1912200,54.470001220703125,53.81999969482422,51.50044250488281
01-09-2015,51.52000045776367,52.650001525878906,1706300,52.88999938964844,51.84000015258789,49.605777740478516
02-09-2015,51.77000045776367,52.45000076293945,2055600,52.7599983215332,52.72999954223633,50.457435607910156
03-09-2015,52.58000183105469,52.790000915527344,1190000,53.33000183105469,52.779998779296875,50.505271911621094
04-09-2015,51.810001373291016,52.029998779296875,1065800,52.369998931884766,51.93000030517578,49.69190216064453
08-09-2015,52.65999984741211,52.95000076293945,1195500,53.65999984741211,53.619998931884766,51.309085845947266
09-09-2015,52.869998931884766,54.15999984741211,747100,54.34000015258789,52.9900016784668,50.70622253417969
10-09-2015,52.560001373291016,53.0099983215332,677700,53.2599983215332,52.93000030517578,50.6488151550293
11-09-2015,52.400001525878906,52.779998779296875,695600,53.220001220703125,53.220001220703125,50.926326751708984
14-09-2015,52.36000061035156,53.08000183105469,763600,53.45000076293945,52.68000030517578,50.49497604370117
15-09-2015,52.66999816894531,52.88999938964844,687400,53.5099983215332,53.38999938964844,51.1755256652832
16-09-2015,53.2400016784668,53.349998474121094,899400,53.869998931884766,53.77000045776367,51.53976821899414
17-09-2015,53.41999816894531,53.84000015258789,925000,54.5099983215332,53.5,51.28095626831055
18-09-2015,52.029998779296875,52.689998626708984,1476100,52.869998931884766,52.15999984741211,49.99654006958008
21-09-2015,51.91999816894531,52.310001373291016,886100,52.560001373291016,52.16999816894531,50.006126403808594
22-09-2015,50.90999984741211,51.369998931884766,1503600,51.70000076293945,51.529998779296875,49.392669677734375
23-09-2015,51.31999969482422,51.63999938964844,1238700,51.810001373291016,51.560001373291016,49.42142868041992
24-09-2015,50.63999938964844,51.04999923706055,2203800,51.599998474121094,51.52000045776367,49.383087158203125
25-09-2015,51.70000076293945,52.06999969482422,1279600,52.2599983215332,52.02000045776367,49.86235046386719
28-09-2015,50.68000030517578,51.540000915527344,1780700,51.65999984741211,50.83000183105469,48.721710205078125
29-09-2015,50.709999084472656,51.04999923706055,937000,51.4900016784668,51.130001068115234,49.00926208496094
30-09-2015,51.630001068115234,51.720001220703125,2361600,52.38999938964844,52.31999969482422,50.149906158447266
01-10-2015,51.11000061035156,52.43000030517578,1704300,52.66999816894531,51.86000061035156,49.708980560302734
02-10-2015,50.970001220703125,50.970001220703125,1070300,53.290000915527344,53.279998779296875,51.07009506225586
05-10-2015,52.9900016784668,53.90999984741211,1165800,54.779998779296875,54.72999954223633,52.4599494934082
06-10-2015,54.2400016784668,54.63999938964844,944000,55.11000061035156,54.459999084472656,52.20115280151367
07-10-2015,54.4900016784668,54.81999969482422,1003200,55.650001525878906,55.150001525878906,52.862525939941406
08-10-2015,54.75,54.93000030517578,1093200,55.959999084472656,55.90999984741211,53.59100341796875
09-10-2015,55.810001373291016,55.93000030517578,1050600,56.380001068115234,56.02000045776367,53.69644546508789
12-10-2015,55.65999984741211,55.939998626708984,1015200,56.130001068115234,55.779998779296875,53.46639633178711
13-10-2015,54.720001220703125,55.27000045776367,1703600,55.529998779296875,54.93000030517578,52.65165328979492
14-10-2015,54.0,54.79999923706055,1453200,54.90999984741211,54.11000061035156,51.865665435791016
15-10-2015,53.61000061035156,54.349998474121094,939000,54.599998474121094,54.529998779296875,52.26825714111328
16-10-2015,53.540000915527344,54.5,1132600,54.5,54.099998474121094,51.85607147216797
19-10-2015,53.70000076293945,53.959999084472656,793400,54.34000015258789,54.279998779296875,52.02861404418945
20-10-2015,53.93000030517578,54.099998474121094,1470600,55.029998779296875,54.599998474121094,52.335330963134766
21-10-2015,54.540000915527344,54.81999969482422,980900,55.540000915527344,54.619998931884766,52.35451126098633
22-10-2015,54.83000183105469,54.869998931884766,1405600,56.130001068115234,55.630001068115234,53.32261657714844
23-10-2015,55.33000183105469,56.099998474121094,1374700,56.150001525878906,55.86000061035156,53.54307556152344
26-10-2015,55.86000061035156,55.95000076293945,2808300,56.529998779296875,56.29999923706055,53.9648323059082
27-10-2015,52.310001373291016,53.720001220703125,4105800,54.45000076293945,53.7599983215332,51.530181884765625
28-10-2015,53.36000061035156,53.709999084472656,1836600,54.2599983215332,54.220001220703125,51.97109603881836
29-10-2015,54.54999923706055,54.54999923706055,2265200,55.43000030517578,54.68000030517578,52.412025451660156
30-10-2015,54.650001525878906,54.880001068115234,2182600,55.369998931884766,54.81999969482422,52.54621124267578
02-11-2015,54.7400016784668,54.869998931884766,1067800,55.70000076293945,55.439998626708984,53.14049530029297
03-11-2015,55.16999816894531,55.33000183105469,1347600,55.970001220703125,55.720001220703125,53.40888595581055
04-11-2015,55.720001220703125,55.83000183105469,1489300,56.5099983215332,56.18000030517578,53.84980773925781
05-11-2015,56.119998931884766,56.13999938964844,967200,56.81999969482422,56.47999954223633,54.137359619140625
06-11-2015,55.77000045776367,56.2400016784668,741400,56.58000183105469,56.209999084472656,53.878562927246094
09-11-2015,55.43000030517578,56.029998779296875,849400,56.189998626708984,56.02000045776367,53.69644546508789
10-11-2015,55.189998626708984,55.7400016784668,693400,56.09000015258789,55.970001220703125,53.64850616455078
11-11-2015,55.72999954223633,56.279998779296875,967100,56.459999084472656,55.77000045776367,53.456809997558594
12-11-2015,54.029998779296875,55.290000915527344,1293600,55.54999923706055,54.09000015258789,51.84648895263672
13-11-2015,53.72999954223633,53.869998931884766,874600,54.380001068115234,53.7599983215332,51.530181884765625
16-11-2015,53.560001373291016,53.75,957400,54.90999984741211,54.900001525878906,52.622901916503906
17-11-2015,54.09000015258789,54.93000030517578,1121800,55.13999938964844,54.2400016784668,51.99026870727539
18-11-2015,54.33000183105469,54.529998779296875,1107800,55.9900016784668,55.93000030517578,53.61016845703125
19-11-2015,55.63999938964844,55.95000076293945,1066900,56.06999969482422,55.790000915527344,53.47598648071289
20-11-2015,55.88999938964844,56.04999923706055,924200,56.54999923706055,56.220001220703125,53.88814926147461
23-11-2015,56.02000045776367,56.150001525878906,701300,56.45000076293945,56.310001373291016,53.97441864013672
24-11-2015,55.779998779296875,56.11000061035156,1177000,56.619998931884766,56.459999084472656,54.118194580078125
25-11-2015,56.290000915527344,56.5,1221700,56.68000030517578,56.459999084472656,54.118194580078125
27-11-2015,56.439998626708984,56.5,426700,56.970001220703125,56.86000061035156,54.50160598754883
30-11-2015,56.38999938964844,56.779998779296875,1555800,57.0,56.459999084472656,54.118194580078125
01-12-2015,56.34000015258789,56.619998931884766,1195200,56.93000030517578,56.66999816894531,54.31947708129883
02-12-2015,55.7400016784668,56.4900016784668,1323700,56.56999969482422,55.79999923706055,53.570648193359375
03-12-2015,54.27000045776367,55.81999969482422,1371100,56.0,54.709999084472656,52.52419662475586
04-12-2015,54.599998474121094,54.779998779296875,1754400,55.52000045776367,55.310001373291016,53.100223541259766
07-12-2015,54.68000030517578,54.970001220703125,1008200,55.220001220703125,55.11000061035156,52.90821075439453
08-12-2015,53.810001373291016,54.619998931884766,1255800,54.7400016784668,53.83000183105469,51.679351806640625
09-12-2015,53.470001220703125,53.470001220703125,1828400,54.84000015258789,54.0,51.842559814453125
10-12-2015,53.849998474121094,53.93000030517578,2388900,54.43000030517578,54.08000183105469,51.919368743896484
11-12-2015,52.849998474121094,53.5099983215332,1681300,53.599998474121094,52.90999984741211,50.79610824584961
14-12-2015,52.90999984741211,52.9900016784668,2154600,53.45000076293945,53.41999816894531,51.28573226928711
15-12-2015,53.25,53.88999938964844,2063500,53.959999084472656,53.33000183105469,51.199337005615234
16-12-2015,53.38999938964844,53.83000183105469,2042600,54.54999923706055,54.349998474121094,52.17857360839844
17-12-2015,53.41999816894531,54.380001068115234,1931100,54.58000183105469,53.54999923706055,51.41053771972656
18-12-2015,52.91999816894531,53.290000915527344,3289900,53.599998474121094,52.95000076293945,50.834503173828125
21-12-2015,52.810001373291016,53.349998474121094,1264800,53.560001373291016,53.08000183105469,50.959312438964844
22-12-2015,53.040000915527344,53.349998474121094,2324000,53.560001373291016,53.41999816894531,51.28573226928711
23-12-2015,53.59000015258789,53.779998779296875,1461500,54.5099983215332,54.16999816894531,52.00575637817383
24-12-2015,53.959999084472656,53.959999084472656,386900,54.470001220703125,54.290000915527344,52.12098693847656
28-12-2015,53.650001525878906,54.16999816894531,707300,54.2599983215332,53.939998626708984,51.78495788574219
29-12-2015,54.0099983215332,54.41999816894531,528800,54.70000076293945,54.54999923706055,52.37058639526367
30-12-2015,54.13999938964844,54.470001220703125,600100,54.630001068115234,54.18000030517578,52.01537322998047
31-12-2015,53.58000183105469,53.90999984741211,708700,54.25,53.59000015258789,51.44894790649414
04-01-2016,52.279998779296875,52.86000061035156,1942300,52.93000030517578,52.650001525878906,50.5464973449707
05-01-2016,52.04999923706055,52.650001525878906,1277100,52.869998931884766,52.380001068115234,50.28728485107422
06-01-2016,50.97999954223633,51.58000183105469,1973700,51.90999984741211,51.189998626708984,49.14482879638672
07-01-2016,49.380001068115234,50.38999938964844,2498700,50.439998626708984,49.97999954223633,47.98317337036133
08-01-2016,48.97999954223633,50.290000915527344,1708500,50.599998474121094,49.06999969482422,47.109527587890625
11-01-2016,47.79999923706055,49.150001525878906,2482900,49.52000045776367,48.20000076293945,46.2742805480957
12-01-2016,47.880001068115234,48.720001220703125,1711900,48.77000045776367,48.470001220703125,46.53350830078125
13-01-2016,47.34000015258789,48.77000045776367,1325200,48.93000030517578,47.38999938964844,45.496646881103516
14-01-2016,46.77000045776367,47.47999954223633,1510600,48.43000030517578,47.9900016784668,46.072689056396484
15-01-2016,46.93000030517578,46.939998626708984,1822900,48.15999984741211,47.88999938964844,45.97665786743164
19-01-2016,46.970001220703125,48.459999084472656,1202700,48.470001220703125,47.41999816894531,45.52544021606445
20-01-2016,45.09000015258789,46.40999984741211,1910800,47.0099983215332,46.560001373291016,44.699806213378906
21-01-2016,45.810001373291016,46.52000045776367,1869200,46.970001220703125,46.33000183105469,44.4789924621582
22-01-2016,46.56999969482422,47.25,1381100,47.540000915527344,46.90999984741211,45.03582000732422
25-01-2016,45.900001525878906,46.790000915527344,1290900,46.93000030517578,45.900001525878906,44.06618118286133
26-01-2016,46.08000183105469,46.2400016784668,1815200,46.720001220703125,46.619998931884766,44.757408142089844
27-01-2016,46.040000915527344,46.529998779296875,1589700,47.13999938964844,46.310001373291016,44.45979309082031
28-01-2016,45.91999816894531,46.77000045776367,1607700,46.880001068115234,46.18000030517578,44.334991455078125
29-01-2016,46.150001525878906,46.4900016784668,2863700,47.130001068115234,47.04999923706055,45.17023468017578
01-02-2016,45.970001220703125,46.58000183105469,3142400,46.90999984741211,46.68000030517578,44.81501388549805
02-02-2016,45.36000061035156,46.09000015258789,2498100,46.189998626708984,45.52000045776367,43.701358795166016
03-02-2016,44.689998626708984,45.97999954223633,2261100,46.209999084472656,45.849998474121094,44.018165588378906
04-02-2016,44.91999816894531,45.849998474121094,1878800,47.15999984741211,46.63999938964844,44.7765998840332
05-02-2016,42.81999969482422,43.939998626708984,3453900,45.95000076293945,45.33000183105469,43.518951416015625
08-02-2016,44.040000915527344,44.33000183105469,2958400,44.93000030517578,44.75,42.96211242675781
09-02-2016,44.040000915527344,44.369998931884766,1952300,46.09000015258789,45.75,43.92216491699219
10-02-2016,45.22999954223633,45.61000061035156,2293800,46.16999816894531,45.619998931884766,43.797359466552734
11-02-2016,44.279998779296875,44.63999938964844,1994000,45.45000076293945,45.029998779296875,43.23093032836914
12-02-2016,45.38999938964844,45.709999084472656,1722300,46.18000030517578,45.630001068115234,43.80696105957031
16-02-2016,45.25,46.31999969482422,2381000,46.33000183105469,45.97999954223633,44.142982482910156
17-02-2016,45.86000061035156,46.15999984741211,1908500,46.34000015258789,46.0099983215332,44.171783447265625
18-02-2016,45.54999923706055,46.02000045776367,1300800,46.060001373291016,45.86000061035156,44.02777099609375
19-02-2016,45.34000015258789,45.810001373291016,1588900,46.16999816894531,46.130001068115234,44.2869873046875
22-02-2016,46.04999923706055,46.40999984741211,1358900,46.91999816894531,46.130001068115234,44.2869873046875
23-02-2016,45.2400016784668,46.09000015258789,2424700,46.25,45.540000915527344,43.720558166503906
24-02-2016,44.63999938964844,44.939998626708984,2032100,45.5099983215332,45.380001068115234,43.566951751708984
25-02-2016,45.22999954223633,45.59000015258789,1177900,46.40999984741211,46.38999938964844,44.53660583496094
26-02-2016,46.16999816894531,46.61000061035156,1070500,47.0,46.66999816894531,44.805419921875
29-02-2016,46.400001525878906,46.86000061035156,1362900,47.060001373291016,46.40999984741211,44.55580520629883
01-03-2016,46.54999923706055,46.689998626708984,1713000,48.08000183105469,47.90999984741211,45.995872497558594
02-03-2016,47.4900016784668,47.84000015258789,1155000,47.970001220703125,47.86000061035156,45.94786834716797
03-03-2016,47.5,47.97999954223633,927200,48.25,48.220001220703125,46.293487548828125
04-03-2016,47.900001525878906,48.150001525878906,1004800,48.560001373291016,48.130001068115234,46.207088470458984
07-03-2016,47.900001525878906,47.939998626708984,834700,48.34000015258789,48.15999984741211,46.23588180541992
08-03-2016,47.599998474121094,47.810001373291016,1577300,48.130001068115234,47.72999954223633,45.82305908203125
09-03-2016,47.540000915527344,47.849998474121094,933300,47.9900016784668,47.650001525878906,45.74626159667969
10-03-2016,46.81999969482422,47.65999984741211,1456500,47.790000915527344,47.400001525878906,45.506256103515625
11-03-2016,47.540000915527344,47.88999938964844,1345700,48.11000061035156,48.06999969482422,46.149478912353516
14-03-2016,46.810001373291016,48.0099983215332,1892200,48.689998626708984,48.52000045776367,46.58150100708008
15-03-2016,47.790000915527344,48.060001373291016,1488400,48.52000045776367,48.5,46.64883041381836
16-03-2016,48.060001373291016,48.209999084472656,1630500,48.97999954223633,48.779998779296875,46.91814422607422
17-03-2016,48.81999969482422,48.84000015258789,2123900,50.08000183105469,49.90999984741211,48.00501251220703
18-03-2016,49.7400016784668,49.880001068115234,2341600,50.279998779296875,50.15999984741211,48.24546813964844
21-03-2016,49.56999969482422,50.150001525878906,799400,50.290000915527344,49.900001525878906,47.995399475097656
22-03-2016,49.54999923706055,49.93000030517578,918100,50.040000915527344,49.77000045776367,47.870357513427734
23-03-2016,49.20000076293945,49.77000045776367,714300,49.869998931884766,49.349998474121094,47.46637725830078
24-03-2016,48.689998626708984,49.09000015258789,858800,49.119998931884766,49.06999969482422,47.19707489013672
28-03-2016,48.810001373291016,49.040000915527344,904800,49.34000015258789,49.2599983215332,47.379817962646484
29-03-2016,48.70000076293945,49.040000915527344,1189700,49.77000045776367,49.72999954223633,47.831878662109375
30-03-2016,50.060001373291016,50.13999938964844,1870700,50.650001525878906,50.31999969482422,48.39936447143555
31-03-2016,49.599998474121094,50.15999984741211,1240400,50.290000915527344,49.97999954223633,48.07234191894531
01-04-2016,49.20000076293945,49.81999969482422,838200,50.15999984741211,50.11000061035156,48.19737243652344
04-04-2016,49.18000030517578,50.16999816894531,1294900,50.16999816894531,49.31999969482422,47.437538146972656
05-04-2016,48.709999084472656,49.0,785700,49.31999969482422,48.84000015258789,46.97585678100586
06-04-2016,48.380001068115234,48.849998474121094,760100,48.97999954223633,48.95000076293945,47.081642150878906
07-04-2016,48.5099983215332,48.560001373291016,1606300,49.290000915527344,49.029998779296875,47.158599853515625
08-04-2016,49.27000045776367,49.470001220703125,1124300,49.72999954223633,49.529998779296875,47.63951110839844
11-04-2016,49.189998626708984,49.68000030517578,1225600,49.95000076293945,49.4900016784668,47.601043701171875
12-04-2016,49.29999923706055,49.4900016784668,878400,50.18000030517578,50.02000045776367,48.11079788208008
13-04-2016,50.09000015258789,50.38999938964844,1121100,50.91999816894531,50.880001068115234,48.93798065185547
14-04-2016,50.599998474121094,51.0,1125400,51.08000183105469,50.68000030517578,48.74562454223633
15-04-2016,50.45000076293945,50.689998626708984,918700,50.81999969482422,50.529998779296875,48.601348876953125
18-04-2016,50.189998626708984,50.25,807600,50.58000183105469,50.47999954223633,48.553260803222656
19-04-2016,50.52000045776367,50.709999084472656,1367300,51.11000061035156,50.9900016784668,49.04378890991211
20-04-2016,50.619998931884766,50.720001220703125,1261000,51.189998626708984,50.95000076293945,49.005313873291016
21-04-2016,50.70000076293945,50.849998474121094,970000,51.040000915527344,50.959999084472656,49.01493453979492
22-04-2016,50.75,50.849998474121094,1014700,51.22999954223633,51.13999938964844,49.18806076049805
25-04-2016,50.7400016784668,50.9900016784668,951700,51.15999984741211,51.040000915527344,49.09188461303711
26-04-2016,50.88999938964844,51.16999816894531,1238000,51.650001525878906,51.599998474121094,49.63050079345703
27-04-2016,51.56999969482422,51.599998474121094,1668400,52.61000061035156,52.34000015258789,50.34225845336914
28-04-2016,47.209999084472656,48.70000076293945,8458800,48.97999954223633,48.099998474121094,46.264095306396484
29-04-2016,47.720001220703125,47.84000015258789,3258200,48.77000045776367,48.09000015258789,46.25447082519531
02-05-2016,48.11000061035156,48.11000061035156,1504000,48.720001220703125,48.459999084472656,46.610355377197266
03-05-2016,47.560001373291016,48.189998626708984,1458400,48.380001068115234,47.72999954223633,45.90821838378906
04-05-2016,46.790000915527344,47.38999938964844,1941300,47.529998779296875,46.959999084472656,45.16761016845703
05-05-2016,46.59000015258789,46.970001220703125,1380300,47.33000183105469,46.63999938964844,44.85981750488281
06-05-2016,46.0,46.56999969482422,1232900,46.81999969482422,46.7400016784668,44.95601272583008
09-05-2016,46.04999923706055,46.7400016784668,1370900,46.79999923706055,46.310001373291016,44.542415618896484
10-05-2016,46.25,46.459999084472656,1702000,47.130001068115234,47.02000045776367,45.225318908691406
11-05-2016,46.75,46.95000076293945,2414000,47.25,46.90999984741211,45.119510650634766
12-05-2016,46.54999923706055,47.0099983215332,1191400,47.310001373291016,46.9900016784668,45.19646453857422
13-05-2016,46.029998779296875,46.790000915527344,1490000,47.06999969482422,46.31999969482422,44.55202865600586
16-05-2016,46.189998626708984,46.2400016784668,1900000,47.119998931884766,46.970001220703125,45.17723083496094
17-05-2016,46.689998626708984,46.83000183105469,1955800,47.439998626708984,47.08000183105469,45.28303146362305
18-05-2016,46.75,47.040000915527344,1927200,47.689998626708984,47.5099983215332,45.69660949707031
19-05-2016,46.619998931884766,47.150001525878906,1624900,47.279998779296875,47.029998779296875,45.23493957519531
20-05-2016,47.119998931884766,47.369998931884766,1120900,47.709999084472656,47.529998779296875,45.715850830078125
23-05-2016,47.18000030517578,47.529998779296875,1007400,47.79999923706055,47.529998779296875,45.715850830078125
24-05-2016,47.599998474121094,47.77000045776367,2711800,48.0,47.72999954223633,45.90821838378906
25-05-2016,47.720001220703125,47.9900016784668,1111700,48.13999938964844,47.93000030517578,46.1005744934082
26-05-2016,47.68000030517578,47.86000061035156,726100,48.13999938964844,47.79999923706055,45.97554397583008
27-05-2016,47.599998474121094,47.90999984741211,645300,47.970001220703125,47.83000183105469,46.0044059753418
31-05-2016,47.560001373291016,47.90999984741211,1351700,48.18000030517578,47.81999969482422,45.99478530883789
01-06-2016,47.2599983215332,47.68000030517578,1365400,48.06999969482422,47.900001525878906,46.07173156738281
02-06-2016,47.59000015258789,47.79999923706055,989800,47.90999984741211,47.84000015258789,46.014015197753906
03-06-2016,47.220001220703125,47.59000015258789,1104100,47.84000015258789,47.47999954223633,45.66776657104492
06-06-2016,47.5099983215332,47.61000061035156,974400,48.279998779296875,48.22999954223633,46.38913345336914
07-06-2016,48.36000061035156,48.36000061035156,1051600,48.93000030517578,48.75,46.889286041259766
08-06-2016,48.849998474121094,48.86000061035156,941500,49.36000061035156,49.22999954223633,47.35097122192383
09-06-2016,48.43000030517578,48.849998474121094,847800,48.849998474121094,48.790000915527344,46.92776107788086
10-06-2016,48.119998931884766,48.310001373291016,1078900,48.619998931884766,48.31999969482422,46.475704193115234
13-06-2016,47.209999084472656,48.09000015258789,1584800,48.27000045776367,47.2599983215332,45.45615768432617
14-06-2016,46.58000183105469,46.97999954223633,1113700,47.189998626708984,46.81999969482422,45.118873596191406
15-06-2016,46.56999969482422,47.0,1025200,47.18000030517578,46.599998474121094,44.906864166259766
16-06-2016,45.72999954223633,46.279998779296875,967700,46.77000045776367,46.66999816894531,44.974327087402344
17-06-2016,46.36000061035156,46.720001220703125,1466000,46.83000183105469,46.529998779296875,44.83940505981445
20-06-2016,46.790000915527344,47.18000030517578,1281200,47.5099983215332,46.84000015258789,45.138153076171875
21-06-2016,46.36000061035156,46.970001220703125,1336600,47.060001373291016,46.400001525878906,44.714134216308594
22-06-2016,46.2400016784668,46.5,943900,46.709999084472656,46.41999816894531,44.7334098815918
23-06-2016,46.90999984741211,46.95000076293945,1062200,47.470001220703125,47.470001220703125,45.74526596069336
24-06-2016,44.70000076293945,45.56999969482422,4968600,46.02000045776367,44.70000076293945,43.075897216796875
27-06-2016,43.279998779296875,44.220001220703125,2393700,44.2400016784668,43.880001068115234,42.28569793701172
28-06-2016,44.25,44.400001525878906,1605300,44.7599983215332,44.709999084472656,43.08554458618164
29-06-2016,45.060001373291016,45.220001220703125,2395700,45.79999923706055,45.47999954223633,43.82756042480469
30-06-2016,45.540000915527344,45.540000915527344,2628700,46.22999954223633,46.22999954223633,44.55030822753906
01-07-2016,46.209999084472656,46.2599983215332,1123900,46.650001525878906,46.400001525878906,44.714134216308594
05-07-2016,45.0,46.25,1731100,46.36000061035156,45.16999816894531,43.52882766723633
06-07-2016,44.4900016784668,45.060001373291016,2228800,45.099998474121094,44.939998626708984,43.30718231201172
07-07-2016,44.970001220703125,45.16999816894531,1698900,45.52000045776367,45.36000061035156,43.71192932128906
08-07-2016,45.66999816894531,45.86000061035156,1439700,46.0,45.84000015258789,44.17448425292969
11-07-2016,45.88999938964844,46.119998931884766,1298200,46.310001373291016,46.2400016784668,44.55995559692383
12-07-2016,46.220001220703125,46.619998931884766,1158700,46.869998931884766,46.70000076293945,45.00323486328125
13-07-2016,46.400001525878906,46.7599983215332,967700,46.91999816894531,46.45000076293945,44.76232147216797
14-07-2016,46.66999816894531,46.88999938964844,1743100,47.38999938964844,47.11000061035156,45.39834213256836
15-07-2016,47.29999923706055,47.29999923706055,1490500,47.65999984741211,47.619998931884766,45.889801025390625
18-07-2016,47.40999984741211,47.56999969482422,1053200,47.72999954223633,47.52000045776367,45.793434143066406
19-07-2016,47.349998474121094,47.470001220703125,1848200,48.0099983215332,48.0,46.25600814819336
20-07-2016,47.779998779296875,48.150001525878906,1204100,48.22999954223633,47.790000915527344,46.05363464355469
21-07-2016,47.189998626708984,47.7400016784668,1587700,47.959999084472656,47.36000061035156,45.63925552368164
22-07-2016,47.04999923706055,47.310001373291016,1244000,47.369998931884766,47.34000015258789,45.61997604370117
25-07-2016,46.709999084472656,47.20000076293945,1562300,47.31999969482422,46.86000061035156,45.15742492675781
26-07-2016,46.880001068115234,46.880001068115234,760100,47.43000030517578,47.40999984741211,45.687435150146484
27-07-2016,47.11000061035156,47.43000030517578,632700,47.56999969482422,47.209999084472656,45.49469757080078
28-07-2016,46.849998474121094,47.189998626708984,900800,47.470001220703125,47.38999938964844,45.66817092895508
29-07-2016,46.81999969482422,47.36000061035156,1280800,47.36000061035156,47.029998779296875,45.32124328613281
01-08-2016,46.68000030517578,46.95000076293945,788400,47.15999984741211,47.08000183105469,45.36943435668945
02-08-2016,46.34000015258789,47.11000061035156,880800,47.11000061035156,46.45000076293945,44.76232147216797
03-08-2016,46.099998474121094,46.33000183105469,1549200,46.86000061035156,46.849998474121094,45.14778137207031
04-08-2016,43.29999923706055,43.5,4362300,46.720001220703125,45.90999984741211,44.2419319152832
05-08-2016,45.869998931884766,46.11000061035156,4202700,46.45000076293945,46.189998626708984,44.51176071166992
08-08-2016,46.150001525878906,46.34000015258789,4760000,47.310001373291016,47.08000183105469,45.36943435668945
09-08-2016,47.029998779296875,47.11000061035156,2268000,47.7400016784668,47.369998931884766,45.64888000488281
10-08-2016,47.18000030517578,47.43000030517578,2047700,47.59000015258789,47.290000915527344,45.571800231933594
11-08-2016,47.38999938964844,47.459999084472656,1459900,47.77000045776367,47.4900016784668,45.764530181884766
12-08-2016,47.20000076293945,47.52000045776367,1268500,47.63999938964844,47.599998474121094,45.87054443359375
15-08-2016,47.779998779296875,47.810001373291016,1464600,48.34000015258789,48.310001373291016,46.55473709106445
16-08-2016,48.189998626708984,48.2599983215332,1260300,48.58000183105469,48.380001068115234,46.622196197509766
17-08-2016,48.130001068115234,48.40999984741211,1383400,48.5099983215332,48.380001068115234,46.622196197509766
18-08-2016,48.279998779296875,48.279998779296875,1327100,48.93000030517578,48.93000030517578,47.1522102355957
19-08-2016,48.58000183105469,48.619998931884766,1835000,49.40999984741211,49.279998779296875,47.4894905090332
22-08-2016,48.880001068115234,49.060001373291016,1232600,49.45000076293945,49.209999084472656,47.422035217285156
23-08-2016,49.18000030517578,49.45000076293945,1528300,49.72999954223633,49.279998779296875,47.4894905090332
24-08-2016,49.310001373291016,49.310001373291016,1382100,49.75,49.619998931884766,47.817142486572266
25-08-2016,49.40999984741211,49.59000015258789,1302100,49.9900016784668,49.790000915527344,47.98097229003906
26-08-2016,49.52000045776367,49.849998474121094,1045600,50.27000045776367,49.65999984741211,47.85568618774414
29-08-2016,49.4900016784668,49.65999984741211,899600,49.90999984741211,49.81999969482422,48.0098762512207
30-08-2016,49.31999969482422,49.81999969482422,846900,49.9900016784668,49.61000061035156,47.8075065612793
31-08-2016,48.650001525878906,49.459999084472656,1457900,49.4900016784668,48.75,46.97874069213867
01-09-2016,48.2599983215332,48.790000915527344,1539300,48.90999984741211,48.779998779296875,47.007659912109375
02-09-2016,48.90999984741211,48.9900016784668,680400,49.220001220703125,49.150001525878906,47.364219665527344
06-09-2016,48.790000915527344,49.189998626708984,766900,49.40999984741211,48.91999816894531,47.1425666809082
07-09-2016,48.63999938964844,48.90999984741211,674000,49.0099983215332,48.7400016784668,46.96910858154297
08-09-2016,48.33000183105469,48.720001220703125,978100,48.720001220703125,48.470001220703125,46.70893096923828
09-09-2016,47.7599983215332,48.08000183105469,1901600,48.380001068115234,47.779998779296875,46.04399108886719
12-09-2016,47.27000045776367,47.43000030517578,1216200,48.59000015258789,48.5,46.73783493041992
13-09-2016,47.7400016784668,48.06999969482422,1080200,48.31999969482422,47.90999984741211,46.169273376464844
14-09-2016,47.36000061035156,47.83000183105469,1017100,47.86000061035156,47.5099983215332,45.869972229003906
15-09-2016,47.400001525878906,47.400001525878906,2539200,47.779998779296875,47.599998474121094,45.956871032714844
16-09-2016,46.7400016784668,47.34000015258789,1665700,47.34000015258789,46.77000045776367,45.155517578125
19-09-2016,46.77000045776367,46.91999816894531,1454200,47.20000076293945,47.09000015258789,45.46446990966797
20-09-2016,46.630001068115234,47.40999984741211,1980800,47.54999923706055,46.779998779296875,45.165164947509766
21-09-2016,46.88999938964844,47.0,1517300,47.36000061035156,47.33000183105469,45.69619369506836
22-09-2016,47.68000030517578,47.709999084472656,1905300,48.20000076293945,48.11000061035156,46.44926834106445
23-09-2016,47.36000061035156,47.880001068115234,1004200,48.029998779296875,47.369998931884766,45.734798431396484
26-09-2016,46.84000015258789,46.84000015258789,1512600,47.220001220703125,47.04999923706055,45.42584991455078
27-09-2016,46.939998626708984,47.029998779296875,1166000,47.58000183105469,47.56999969482422,45.927894592285156
28-09-2016,47.43000030517578,47.619998931884766,1731100,48.04999923706055,47.97999954223633,46.3237419128418
29-09-2016,47.220001220703125,47.779998779296875,1466200,48.060001373291016,47.22999954223633,45.59963607788086
30-09-2016,47.38999938964844,47.470001220703125,2225000,47.91999816894531,47.779998779296875,46.13064956665039
03-10-2016,47.40999984741211,47.59000015258789,1248100,48.02000045776367,47.43000030517578,45.79273223876953
04-10-2016,47.04999923706055,47.529998779296875,2531800,47.68000030517578,47.130001068115234,45.503089904785156
05-10-2016,47.189998626708984,47.380001068115234,2195500,48.220001220703125,48.119998931884766,46.458919525146484
06-10-2016,47.709999084472656,48.06999969482422,1542600,48.29999923706055,48.189998626708984,46.526493072509766
07-10-2016,47.63999938964844,48.06999969482422,1769100,48.09000015258789,47.7400016784668,46.09203338623047
10-10-2016,47.43000030517578,47.95000076293945,1182600,48.130001068115234,47.540000915527344,45.89893341064453
11-10-2016,46.29999923706055,47.290000915527344,2485800,47.290000915527344,46.400001525878906,44.798282623291016
12-10-2016,46.16999816894531,46.31999969482422,2235600,46.540000915527344,46.2400016784668,44.64381408691406
13-10-2016,45.54999923706055,45.880001068115234,1407900,45.90999984741211,45.70000076293945,44.12245178222656
14-10-2016,45.810001373291016,46.09000015258789,1134300,46.33000183105469,45.84000015258789,44.25761795043945
17-10-2016,45.439998626708984,45.84000015258789,741700,45.91999816894531,45.45000076293945,43.881080627441406
18-10-2016,45.45000076293945,45.84000015258789,1008500,45.84000015258789,45.650001525878906,44.07417678833008
19-10-2016,45.529998779296875,45.66999816894531,841100,45.810001373291016,45.66999816894531,44.09349060058594
20-10-2016,45.349998474121094,45.58000183105469,778200,45.66999816894531,45.470001220703125,43.900386810302734
21-10-2016,44.790000915527344,45.099998474121094,1106400,45.34000015258789,45.25,43.687992095947266
24-10-2016,44.900001525878906,45.72999954223633,1831900,45.939998626708984,45.119998931884766,43.56248092651367
25-10-2016,44.77000045776367,45.08000183105469,914800,45.25,44.79999923706055,43.25351333618164
26-10-2016,44.52000045776367,44.68000030517578,1883900,45.04999923706055,44.83000183105469,43.28248977661133
27-10-2016,44.15999984741211,44.93000030517578,2069200,44.9900016784668,44.189998626708984,42.66456985473633
28-10-2016,43.9900016784668,44.27000045776367,3740300,44.79999923706055,44.130001068115234,42.60664749145508
31-10-2016,44.060001373291016,44.349998474121094,2757100,44.470001220703125,44.099998474121094,42.577674865722656
01-11-2016,44.65999984741211,45.0,11642600,46.029998779296875,44.88999938964844,43.34040069580078
02-11-2016,43.97999954223633,44.369998931884766,3617100,45.0099983215332,44.099998474121094,42.577674865722656
03-11-2016,44.119998931884766,44.75,2909200,44.900001525878906,44.2599983215332,42.73215866088867
04-11-2016,44.18000030517578,44.2599983215332,7383700,44.900001525878906,44.38999938964844,42.857666015625
07-11-2016,44.7400016784668,45.0099983215332,3153400,45.15999984741211,44.86000061035156,43.31144714355469
08-11-2016,44.59000015258789,44.88999938964844,2705300,45.56999969482422,45.40999984741211,43.84245681762695
09-11-2016,44.779998779296875,45.04999923706055,4065500,47.06999969482422,46.79999923706055,45.18447494506836
10-11-2016,47.25,47.290000915527344,3391700,48.08000183105469,47.91999816894531,46.26581954956055
11-11-2016,46.95000076293945,47.65999984741211,1914100,47.88999938964844,47.279998779296875,45.647911071777344
14-11-2016,47.290000915527344,47.5099983215332,2497000,47.97999954223633,47.84000015258789,46.18857955932617
15-11-2016,47.630001068115234,47.849998474121094,2116000,48.09000015258789,48.06999969482422,46.41064453125
16-11-2016,47.439998626708984,47.900001525878906,2025400,48.15999984741211,47.459999084472656,45.82170104980469
17-11-2016,47.5,47.689998626708984,1894500,48.439998626708984,48.20000076293945,46.53615188598633
18-11-2016,47.58000183105469,48.09000015258789,1241500,48.18000030517578,47.650001525878906,46.00513458251953
21-11-2016,47.52000045776367,47.81999969482422,4565800,48.13999938964844,47.61000061035156,45.96651077270508
22-11-2016,47.33000183105469,47.720001220703125,1795300,47.869998931884766,47.560001373291016,45.91824722290039
23-11-2016,47.18000030517578,47.56999969482422,1708000,47.599998474121094,47.470001220703125,45.83135223388672
25-11-2016,47.380001068115234,47.47999954223633,500800,47.7400016784668,47.470001220703125,45.83135223388672
28-11-2016,46.119998931884766,47.310001373291016,3349800,47.349998474121094,46.22999954223633,44.6341552734375
29-11-2016,45.779998779296875,46.209999084472656,3073300,46.209999084472656,45.97999954223633,44.392784118652344
30-11-2016,46.310001373291016,46.369998931884766,4443700,47.900001525878906,47.349998474121094,45.71548843383789
01-12-2016,47.52000045776367,47.720001220703125,5589500,49.72999954223633,49.400001525878906,47.694725036621094
02-12-2016,47.9900016784668,49.400001525878906,3172800,49.4900016784668,48.0099983215332,46.35271072387695
05-12-2016,48.15999984741211,48.16999816894531,2397900,48.849998474121094,48.58000183105469,46.991127014160156
06-12-2016,48.380001068115234,48.47999954223633,4348000,49.540000915527344,49.52000045776367,47.90038299560547
07-12-2016,49.47999954223633,49.810001373291016,3853700,51.0,50.849998474121094,49.186885833740234
08-12-2016,50.54999923706055,50.849998474121094,2758400,51.22999954223633,51.04999923706055,49.380340576171875
09-12-2016,50.63999938964844,51.040000915527344,1586000,51.209999084472656,50.869998931884766,49.20622634887695
12-12-2016,50.43000030517578,50.880001068115234,2023600,51.2599983215332,50.63999938964844,48.98374938964844
13-12-2016,50.20000076293945,50.709999084472656,1879800,50.86000061035156,50.279998779296875,48.635528564453125
14-12-2016,49.79999923706055,50.02000045776367,2492900,50.43000030517578,49.81999969482422,48.19057083129883
15-12-2016,49.56999969482422,49.75,1973200,50.11000061035156,49.869998931884766,48.23893356323242
16-12-2016,49.150001525878906,49.84000015258789,2801200,49.97999954223633,49.18000030517578,47.571502685546875
19-12-2016,48.880001068115234,49.20000076293945,1377200,49.400001525878906,49.13999938964844,47.53281021118164
20-12-2016,49.11000061035156,49.279998779296875,967600,49.54999923706055,49.470001220703125,47.85202407836914
21-12-2016,49.0099983215332,49.36000061035156,1317700,49.70000076293945,49.29999923706055,47.68758010864258
22-12-2016,49.36000061035156,50.2400016784668,1155800,50.380001068115234,49.41999816894531,47.80365753173828
23-12-2016,49.36000061035156,49.4900016784668,665900,49.7400016784668,49.45000076293945,47.83266067504883
27-12-2016,49.369998931884766,49.439998626708984,572600,49.86000061035156,49.709999084472656,48.084171295166016
28-12-2016,48.7400016784668,49.84000015258789,966400,49.93000030517578,48.75,47.155555725097656
29-12-2016,48.45000076293945,48.75,889600,48.95000076293945,48.65999984741211,47.068511962890625
30-12-2016,48.209999084472656,48.709999084472656,1045600,48.83000183105469,48.599998474121094,47.01046371459961
03-01-2017,48.54999923706055,49.040000915527344,1965500,49.369998931884766,49.220001220703125,47.610198974609375
04-01-2017,49.29999923706055,49.650001525878906,2478500,50.06999969482422,49.810001373291016,48.18089294433594
05-01-2017,48.65999984741211,49.56999969482422,1433100,49.75,49.18000030517578,47.571502685546875
06-01-2017,49.18000030517578,49.40999984741211,1534100,50.189998626708984,50.06999969482422,48.43239974975586
09-01-2017,49.290000915527344,49.88999938964844,1499700,50.119998931884766,49.630001068115234,48.00678253173828
10-01-2017,49.349998474121094,49.7400016784668,1411200,50.06999969482422,49.869998931884766,48.23893356323242
11-01-2017,49.619998931884766,49.779998779296875,1121100,50.08000183105469,49.97999954223633,48.34534454345703
12-01-2017,49.540000915527344,49.88999938964844,1410300,50.5099983215332,50.439998626708984,48.79029846191406
13-01-2017,50.54999923706055,50.54999923706055,1471600,51.0,50.65999984741211,49.00309371948242
17-01-2017,49.93000030517578,50.540000915527344,1356600,50.65999984741211,50.279998779296875,48.635528564453125
18-01-2017,50.189998626708984,50.38999938964844,2030400,50.77000045776367,50.709999084472656,49.05146026611328
19-01-2017,50.439998626708984,50.90999984741211,1685800,51.18000030517578,50.68000030517578,49.02244186401367
20-01-2017,50.630001068115234,50.95000076293945,1224300,51.18000030517578,50.810001373291016,49.148189544677734
23-01-2017,50.060001373291016,50.630001068115234,1332900,50.97999954223633,50.459999084472656,48.80963134765625
24-01-2017,50.4900016784668,50.7400016784668,1026000,51.349998474121094,51.18000030517578,49.50608444213867
25-01-2017,51.5099983215332,51.619998931884766,2017500,52.43000030517578,52.400001525878906,50.686187744140625
26-01-2017,51.9900016784668,52.380001068115234,1880000,52.83000183105469,52.18000030517578,50.47338104248047
27-01-2017,51.630001068115234,52.18000030517578,1343100,52.43000030517578,51.810001373291016,50.1154899597168
30-01-2017,50.900001525878906,51.810001373291016,1470900,52.040000915527344,51.38999938964844,49.7092170715332
31-01-2017,50.849998474121094,51.380001068115234,1688200,51.459999084472656,51.099998474121094,49.42870330810547
01-02-2017,50.65999984741211,51.349998474121094,1706100,51.560001373291016,51.09000015258789,49.41903305053711
02-02-2017,50.439998626708984,50.779998779296875,1025100,51.08000183105469,51.040000915527344,49.370670318603516
03-02-2017,51.08000183105469,51.41999816894531,2067200,51.70000076293945,51.5099983215332,49.825294494628906
06-02-2017,51.189998626708984,51.380001068115234,3851900,51.9900016784668,51.65999984741211,49.970394134521484
07-02-2017,51.290000915527344,52.0099983215332,4780600,52.869998931884766,51.68000030517578,49.9897346496582
08-02-2017,51.310001373291016,51.709999084472656,2368400,52.47999954223633,52.349998474121094,50.637821197509766
09-02-2017,52.470001220703125,52.560001373291016,1850700,53.439998626708984,53.130001068115234,51.3923225402832
10-02-2017,53.060001373291016,53.2400016784668,1712300,53.650001525878906,53.52000045776367,51.76955032348633
13-02-2017,53.5099983215332,53.75,1741700,53.88999938964844,53.66999816894531,51.914649963378906
14-02-2017,53.20000076293945,53.47999954223633,2152900,53.630001068115234,53.58000183105469,51.82759475708008
15-02-2017,53.619998931884766,54.0,2007700,54.400001525878906,54.279998779296875,52.50469970703125
16-02-2017,53.91999816894531,54.31999969482422,1763400,54.43000030517578,54.369998931884766,52.59175109863281
17-02-2017,53.90999984741211,54.099998474121094,1719500,54.5,54.5,52.71749496459961
21-02-2017,54.36000061035156,54.47999954223633,6020000,55.18000030517578,55.150001525878906,53.346248626708984
22-02-2017,54.75,54.91999816894531,2534700,55.31999969482422,55.310001373291016,53.501014709472656
23-02-2017,54.15999984741211,55.31999969482422,1771300,55.47999954223633,54.4900016784668,52.70782470703125
24-02-2017,54.060001373291016,54.15999984741211,997700,54.65999984741211,54.630001068115234,52.84325408935547
27-02-2017,54.400001525878906,54.720001220703125,1468800,54.810001373291016,54.5,52.71749496459961
28-02-2017,53.83000183105469,54.52000045776367,1337500,54.66999816894531,53.970001220703125,52.20484161376953
01-03-2017,54.75,54.75,1526800,55.369998931884766,55.2599983215332,53.45264434814453
02-03-2017,54.65999984741211,55.310001373291016,1141300,55.310001373291016,54.70000076293945,52.91096878051758
03-03-2017,54.43000030517578,54.7599983215332,1913200,55.02000045776367,54.849998474121094,53.05606460571289
06-03-2017,54.279998779296875,54.36000061035156,1042600,54.7400016784668,54.61000061035156,52.82390594482422
07-03-2017,54.439998626708984,54.7400016784668,1041300,54.88999938964844,54.5099983215332,52.727169036865234
08-03-2017,54.38999938964844,54.75,1572100,54.959999084472656,54.52000045776367,52.736839294433594
09-03-2017,53.75,54.540000915527344,1339400,54.619998931884766,53.790000915527344,52.030731201171875
10-03-2017,53.54999923706055,53.91999816894531,2266300,54.25,53.619998931884766,51.86628341674805
13-03-2017,53.65999984741211,53.70000076293945,1869700,54.29999923706055,54.27000045776367,52.495025634765625
14-03-2017,53.18000030517578,53.91999816894531,1647200,53.91999816894531,53.5,51.75020980834961
15-03-2017,53.599998474121094,53.63999938964844,1779600,54.2599983215332,54.099998474121094,52.418766021728516
16-03-2017,53.880001068115234,54.33000183105469,1815000,54.349998474121094,54.099998474121094,52.418766021728516
17-03-2017,53.86000061035156,54.33000183105469,1814400,54.400001525878906,54.310001373291016,52.62223815917969
20-03-2017,54.02000045776367,54.36000061035156,773800,54.36000061035156,54.209999084472656,52.52534103393555
21-03-2017,53.209999084472656,54.369998931884766,1902000,54.45000076293945,53.29999923706055,51.64362335205078
22-03-2017,52.90999984741211,53.290000915527344,1503700,53.529998779296875,53.36000061035156,51.70176696777344
23-03-2017,53.130001068115234,53.2599983215332,873700,53.75,53.459999084472656,51.79866027832031
24-03-2017,53.20000076293945,53.45000076293945,1363500,53.88999938964844,53.41999816894531,51.75990295410156
27-03-2017,52.41999816894531,52.470001220703125,1283600,53.66999816894531,53.5,51.83740997314453
28-03-2017,53.209999084472656,53.25,1290400,54.189998626708984,53.93000030517578,52.254051208496094
29-03-2017,53.68000030517578,53.86000061035156,1357700,54.52000045776367,54.189998626708984,52.5059700012207
30-03-2017,53.93000030517578,54.09000015258789,1158000,54.40999984741211,54.119998931884766,52.43815231323242
31-03-2017,53.779998779296875,53.91999816894531,1214700,54.2599983215332,54.08000183105469,52.39939498901367
03-04-2017,53.52000045776367,54.09000015258789,1570400,54.4900016784668,53.66999816894531,52.00211715698242
04-04-2017,53.5,53.59000015258789,877400,53.91999816894531,53.7599983215332,52.08932876586914
05-04-2017,53.59000015258789,54.060001373291016,1099200,54.529998779296875,53.689998626708984,52.02149963378906
06-04-2017,53.65999984741211,53.72999954223633,1054400,54.43000030517578,54.209999084472656,52.52534103393555
07-04-2017,53.91999816894531,54.119998931884766,1408500,54.279998779296875,54.150001525878906,52.46721267700195
10-04-2017,54.130001068115234,54.130001068115234,835000,54.86000061035156,54.5099983215332,52.816017150878906
11-04-2017,53.939998626708984,54.40999984741211,694400,54.54999923706055,54.4900016784668,52.7966423034668
12-04-2017,53.470001220703125,54.349998474121094,2350700,54.4900016784668,53.52000045776367,51.85679244995117
13-04-2017,53.189998626708984,53.349998474121094,1736800,53.790000915527344,53.20000076293945,51.54673767089844
17-04-2017,53.31999969482422,53.5,1173400,53.97999954223633,53.970001220703125,52.29280471801758
18-04-2017,53.650001525878906,53.779998779296875,1211600,54.209999084472656,53.97999954223633,52.30249786376953
19-04-2017,53.709999084472656,54.150001525878906,1130400,54.38999938964844,53.86000061035156,52.18621826171875
20-04-2017,54.11000061035156,54.189998626708984,1658900,54.880001068115234,54.77000045776367,53.06793975830078
21-04-2017,54.7599983215332,54.79999923706055,2092800,55.16999816894531,54.84000015258789,53.13576889038086
24-04-2017,55.279998779296875,55.529998779296875,2501800,56.65999984741211,56.58000183105469,54.82170867919922
25-04-2017,56.689998626708984,56.939998626708984,1810700,57.33000183105469,57.029998779296875,55.2577018737793
26-04-2017,57.02000045776367,57.119998931884766,2058000,57.45000076293945,57.099998474121094,55.32554244995117
27-04-2017,56.959999084472656,57.11000061035156,1391700,57.560001373291016,57.2599983215332,55.48056411743164
28-04-2017,56.95000076293945,57.22999954223633,2095300,57.59000015258789,57.20000076293945,55.422420501708984
01-05-2017,56.65999984741211,57.38999938964844,3255000,57.63999938964844,57.59000015258789,55.80030822753906
02-05-2017,57.439998626708984,57.5099983215332,4210000,59.529998779296875,59.029998779296875,57.195552825927734
03-05-2017,58.900001525878906,58.900001525878906,3772600,60.43000030517578,59.90999984741211,58.048213958740234
04-05-2017,59.90999984741211,60.0,2431800,60.689998626708984,60.38999938964844,58.51329803466797
05-05-2017,60.119998931884766,60.41999816894531,2398500,60.66999816894531,60.189998626708984,58.31951141357422
08-05-2017,59.79999923706055,60.11000061035156,1476000,60.31999969482422,59.93000030517578,58.06759262084961
09-05-2017,59.779998779296875,59.790000915527344,1056100,60.41999816894531,60.29999923706055,58.42609405517578
10-05-2017,59.63999938964844,59.959999084472656,965200,60.20000076293945,59.95000076293945,58.08696746826172
11-05-2017,59.18000030517578,59.619998931884766,1287600,59.880001068115234,59.849998474121094,57.99007797241211
12-05-2017,59.290000915527344,59.650001525878906,1158000,59.83000183105469,59.470001220703125,57.621883392333984
15-05-2017,59.470001220703125,59.689998626708984,1138300,59.93000030517578,59.720001220703125,57.86412048339844
16-05-2017,59.43000030517578,59.720001220703125,856700,59.95000076293945,59.810001373291016,57.95132064819336
17-05-2017,59.04999923706055,59.810001373291016,1649000,59.810001373291016,59.470001220703125,57.621883392333984
18-05-2017,58.72999954223633,59.0,2145800,59.58000183105469,59.13999938964844,57.30214309692383
19-05-2017,59.36000061035156,59.5,1455100,60.369998931884766,60.060001373291016,58.19355392456055
22-05-2017,60.13999938964844,60.279998779296875,1016700,60.81999969482422,60.58000183105469,58.697391510009766
23-05-2017,60.439998626708984,60.7400016784668,1195700,60.869998931884766,60.560001373291016,58.678016662597656
24-05-2017,60.630001068115234,60.83000183105469,1175800,61.29999923706055,60.9900016784668,59.09465026855469
25-05-2017,60.869998931884766,61.119998931884766,873400,61.369998931884766,61.09000015258789,59.19154739379883
26-05-2017,60.72999954223633,60.95000076293945,568900,61.27000045776367,60.869998931884766,58.97836685180664
30-05-2017,60.41999816894531,60.650001525878906,732400,60.869998931884766,60.79999923706055,58.91055679321289
31-05-2017,60.25,60.88999938964844,1315500,61.099998474121094,61.02000045776367,59.12371826171875
01-06-2017,60.83000183105469,61.20000076293945,1627100,61.75,61.5099983215332,59.598487854003906
02-06-2017,61.36000061035156,61.59000015258789,1186100,62.189998626708984,61.86000061035156,59.93760681152344
05-06-2017,61.66999816894531,61.869998931884766,741900,62.130001068115234,61.79999923706055,59.87948989868164
06-06-2017,61.25,61.380001068115234,1256100,61.7599983215332,61.5,59.58880615234375
07-06-2017,61.22999954223633,61.65999984741211,1070300,61.83000183105469,61.529998779296875,59.61787033081055
08-06-2017,61.25,61.529998779296875,1190300,62.02000045776367,61.959999084472656,60.034515380859375
09-06-2017,61.970001220703125,62.060001373291016,1580700,62.86000061035156,62.380001068115234,60.44145584106445
12-06-2017,61.75,62.34000015258789,1200800,62.66999816894531,61.7599983215332,59.84072494506836
13-06-2017,61.720001220703125,61.880001068115234,586100,62.2599983215332,62.04999923706055,60.121700286865234
14-06-2017,61.43000030517578,62.06999969482422,900600,62.119998931884766,61.540000915527344,59.71416473388672
15-06-2017,61.099998474121094,61.16999816894531,783300,62.2400016784668,62.209999084472656,60.36428451538086
16-06-2017,61.939998626708984,62.290000915527344,1464400,62.619998931884766,62.33000183105469,60.48073959350586
19-06-2017,62.33000183105469,62.540000915527344,707500,62.88999938964844,62.86000061035156,60.9950065612793
20-06-2017,61.83000183105469,62.689998626708984,977900,62.75,61.869998931884766,60.03438186645508
21-06-2017,60.45000076293945,61.84000015258789,1984100,61.869998931884766,60.5099983215332,58.71472930908203
22-06-2017,60.2599983215332,60.540000915527344,994000,60.83000183105469,60.58000183105469,58.782657623291016
23-06-2017,60.380001068115234,60.540000915527344,1653200,60.72999954223633,60.43000030517578,58.63710021972656
26-06-2017,60.25,60.709999084472656,1160000,60.9900016784668,60.41999816894531,58.62739562988281
27-06-2017,60.09000015258789,60.31999969482422,773000,60.41999816894531,60.09000015258789,58.307193756103516
28-06-2017,60.22999954223633,60.45000076293945,848600,60.810001373291016,60.56999969482422,58.772945404052734
29-06-2017,59.560001373291016,60.66999816894531,1839500,60.810001373291016,60.0,58.219852447509766
30-06-2017,60.34000015258789,60.34000015258789,2045300,60.939998626708984,60.56999969482422,58.772945404052734
03-07-2017,60.7400016784668,61.0,563100,61.68000030517578,61.209999084472656,59.39396667480469
05-07-2017,61.150001525878906,61.22999954223633,988800,61.599998474121094,61.220001220703125,59.40366744995117
06-07-2017,60.720001220703125,60.970001220703125,1050200,61.33000183105469,61.16999816894531,59.355140686035156
07-07-2017,61.06999969482422,61.349998474121094,849500,62.040000915527344,61.560001373291016,59.733577728271484
10-07-2017,61.369998931884766,61.540000915527344,1072900,62.13999938964844,61.70000076293945,59.869415283203125
11-07-2017,60.72999954223633,61.650001525878906,1020300,61.81999969482422,61.619998931884766,59.79179763793945
12-07-2017,61.88999938964844,62.0,973000,62.310001373291016,62.220001220703125,60.373992919921875
13-07-2017,61.70000076293945,62.22999954223633,735000,62.2400016784668,61.7599983215332,59.92763900756836
14-07-2017,61.56999969482422,61.79999923706055,758800,62.09000015258789,61.900001525878906,60.0634880065918
17-07-2017,61.470001220703125,61.869998931884766,1014700,61.95000076293945,61.869998931884766,60.03438186645508
18-07-2017,61.310001373291016,61.65999984741211,537700,61.75,61.40999984741211,59.58802032470703
19-07-2017,61.279998779296875,61.619998931884766,742000,61.630001068115234,61.619998931884766,59.79179763793945
20-07-2017,61.06999969482422,61.58000183105469,650000,61.720001220703125,61.13999938964844,59.3260383605957
21-07-2017,60.5,60.86000061035156,1096300,60.91999816894531,60.90999984741211,59.10285568237305
24-07-2017,61.029998779296875,61.060001373291016,686500,61.369998931884766,61.209999084472656,59.39396667480469
25-07-2017,61.31999969482422,61.619998931884766,878100,61.90999984741211,61.779998779296875,59.94704818725586
26-07-2017,61.349998474121094,61.779998779296875,637400,61.959999084472656,61.5099983215332,59.68505859375
27-07-2017,61.189998626708984,61.619998931884766,1167500,61.709999084472656,61.599998474121094,59.77238845825195
28-07-2017,61.290000915527344,61.63999938964844,871400,62.0,61.849998474121094,60.014976501464844
31-07-2017,61.54999923706055,62.0099983215332,771300,62.0099983215332,61.58000183105469,59.75298309326172
01-08-2017,61.09000015258789,61.7400016784668,1200900,62.08000183105469,61.619998931884766,59.79179763793945
02-08-2017,60.95000076293945,61.310001373291016,3210400,64.97000122070312,64.2300033569336,62.32435989379883
03-08-2017,63.810001373291016,64.33999633789062,1078100,64.94999694824219,64.4000015258789,62.48931121826172
04-08-2017,64.2300033569336,64.51000213623047,815300,64.7300033569336,64.5199966430664,62.60574722290039
07-08-2017,64.12999725341797,64.44000244140625,641800,64.58999633789062,64.19000244140625,62.285545349121094
08-08-2017,63.630001068115234,64.08000183105469,594600,64.4000015258789,63.79999923706055,61.90711212158203
09-08-2017,63.22999954223633,63.650001525878906,886600,63.83000183105469,63.560001373291016,61.67424392700195
10-08-2017,62.689998626708984,63.2400016784668,618000,63.40999984741211,62.7400016784668,60.878562927246094
11-08-2017,62.40999984741211,62.61000061035156,711900,63.02000045776367,62.58000183105469,60.72331237792969
14-08-2017,62.86000061035156,63.0,770600,63.470001220703125,63.119998931884766,61.247291564941406
15-08-2017,63.06999969482422,63.25,536900,63.41999816894531,63.11000061035156,61.23759460449219
16-08-2017,63.08000183105469,63.41999816894531,541600,63.439998626708984,63.11000061035156,61.23759460449219
17-08-2017,62.77000045776367,63.029998779296875,1270200,63.27000045776367,62.790000915527344,60.92707824707031
18-08-2017,62.459999084472656,62.61000061035156,875100,63.16999816894531,62.939998626708984,61.072635650634766
21-08-2017,62.22999954223633,62.869998931884766,597600,63.0,62.380001068115234,60.52925109863281
22-08-2017,62.33000183105469,62.56999969482422,690100,63.08000183105469,62.939998626708984,61.072635650634766
23-08-2017,62.099998474121094,62.59000015258789,819200,62.70000076293945,62.459999084472656,60.606876373291016
24-08-2017,62.459999084472656,62.54999923706055,759600,63.029998779296875,62.5099983215332,60.655391693115234
25-08-2017,62.38999938964844,62.79999923706055,577100,63.0,62.52000045776367,60.66510009765625
28-08-2017,62.119998931884766,62.59000015258789,431900,62.779998779296875,62.380001068115234,60.52925109863281
29-08-2017,61.77000045776367,61.84000015258789,678200,62.650001525878906,62.56999969482422,60.71361541748047
30-08-2017,62.470001220703125,62.5099983215332,684300,62.790000915527344,62.68000030517578,60.82035446166992
31-08-2017,62.65999984741211,62.70000076293945,1187900,63.29999923706055,63.25,61.373443603515625
01-09-2017,62.91999816894531,63.29999923706055,1101500,63.52000045776367,63.22999954223633,61.354026794433594
05-09-2017,62.83000183105469,63.209999084472656,793700,63.459999084472656,63.0099983215332,61.14055633544922
06-09-2017,63.040000915527344,63.400001525878906,848300,63.4900016784668,63.459999084472656,61.577213287353516
07-09-2017,62.81999969482422,63.5099983215332,702600,63.630001068115234,63.599998474121094,61.713035583496094
08-09-2017,63.279998779296875,63.52000045776367,1163700,64.27999877929688,64.05000305175781,62.14970016479492
11-09-2017,63.86000061035156,64.31999969482422,1034600,64.5199966430664,64.41000366210938,62.499019622802734
12-09-2017,64.5199966430664,64.56999969482422,864900,65.02999877929688,64.91999816894531,62.99388885498047
13-09-2017,64.55999755859375,64.7300033569336,517800,65.11000061035156,65.0999984741211,63.16854476928711
14-09-2017,64.69999694824219,65.0,760900,65.30000305175781,65.26000213623047,63.41147232055664
15-09-2017,65.05999755859375,65.22000122070312,1328300,65.83999633789062,65.33000183105469,63.47948455810547
18-09-2017,65.36000061035156,65.48999786376953,1016400,66.36000061035156,66.30999755859375,64.43172454833984
19-09-2017,66.04000091552734,66.19999694824219,657800,66.48999786376953,66.37000274658203,64.49004364013672
20-09-2017,66.08000183105469,66.52999877929688,1283700,66.63999938964844,66.4000015258789,64.51918029785156
21-09-2017,66.02999877929688,66.36000061035156,860900,66.69999694824219,66.11000061035156,64.23738861083984
22-09-2017,65.44000244140625,66.06999969482422,1015500,66.16999816894531,65.58999633789062,63.732120513916016
25-09-2017,64.80999755859375,65.56999969482422,1338700,65.73999786376953,65.02999877929688,63.187992095947266
26-09-2017,65.0,65.12999725341797,1197300,65.7699966430664,65.41999816894531,63.566932678222656
27-09-2017,65.66000366210938,65.66000366210938,1510500,66.38999938964844,66.2699966430664,64.3928451538086
28-09-2017,65.26000213623047,66.19999694824219,940000,66.30000305175781,65.55000305175781,63.69327163696289
29-09-2017,65.44999694824219,65.47000122070312,794500,66.18000030517578,66.04000091552734,64.16934967041016
02-10-2017,65.6500015258789,66.0,889500,66.83999633789062,66.83000183105469,64.93700408935547
03-10-2017,66.06999969482422,66.80000305175781,1013100,66.88999938964844,66.29000091552734,64.41229248046875
04-10-2017,66.08000183105469,66.22000122070312,661000,67.05000305175781,66.94999694824219,65.05359649658203
05-10-2017,66.5199966430664,66.9000015258789,1070600,67.06999969482422,66.86000061035156,64.96614837646484
06-10-2017,66.48999786376953,66.7699966430664,642200,67.01000213623047,66.98999786376953,65.09245300292969
09-10-2017,66.73999786376953,67.0,623300,67.36000061035156,67.11000061035156,65.20906066894531
10-10-2017,66.93000030517578,67.26000213623047,1086500,67.37999725341797,67.16000366210938,65.25765228271484
11-10-2017,66.73999786376953,67.1500015258789,880800,67.19000244140625,66.97000122070312,65.07303619384766
12-10-2017,66.88999938964844,66.88999938964844,982000,67.58999633789062,67.11000061035156,65.20906066894531
13-10-2017,67.1500015258789,67.55000305175781,860600,67.6500015258789,67.19999694824219,65.29651641845703
16-10-2017,67.0,67.5,518700,67.77999877929688,67.7699966430664,65.8503646850586
17-10-2017,67.75,67.75,885200,68.19000244140625,67.91999816894531,65.99610900878906
18-10-2017,67.56999969482422,68.04000091552734,984600,68.13999938964844,67.91999816894531,65.99610900878906
19-10-2017,67.47000122070312,67.69999694824219,680400,68.4000015258789,68.4000015258789,66.46251678466797
20-10-2017,68.30999755859375,68.70999908447266,810400,68.83000183105469,68.58000183105469,66.6374282836914
23-10-2017,68.30000305175781,68.62000274658203,1178400,68.83999633789062,68.48999786376953,66.54997253417969
24-10-2017,68.58000183105469,68.58000183105469,889500,69.06999969482422,68.7300033569336,66.78318786621094
25-10-2017,67.83000183105469,68.69999694824219,987100,69.05000305175781,68.51000213623047,66.56939697265625
26-10-2017,68.52999877929688,68.93000030517578,843300,69.30999755859375,69.2300033569336,67.26901245117188
27-10-2017,68.75,69.0999984741211,1006300,69.41999816894531,69.19000244140625,67.23014831542969
30-10-2017,67.61000061035156,70.26000213623047,1634500,70.26000213623047,67.62999725341797,65.71432495117188
31-10-2017,67.30000305175781,67.75,1406400,67.9800033569336,67.48999786376953,65.57830810546875
01-11-2017,66.91999816894531,67.94000244140625,1860900,67.97000122070312,67.25,65.34508514404297
02-11-2017,66.97000122070312,67.79000091552734,3550300,68.51000213623047,68.37999725341797,66.44306182861328
03-11-2017,67.48999786376953,68.77999877929688,2380600,69.11000061035156,67.66000366210938,65.74351501464844
06-11-2017,67.62000274658203,67.75,1500000,68.76000213623047,68.55000305175781,66.6082763671875
07-11-2017,68.27999877929688,68.58999633789062,1352000,68.88999938964844,68.55999755859375,66.61798095703125
08-11-2017,67.52999877929688,68.25,1322200,68.5999984741211,68.05000305175781,66.12244415283203
09-11-2017,67.5999984741211,67.69999694824219,1284000,68.5999984741211,68.01000213623047,66.08357238769531
10-11-2017,67.68000030517578,67.8499984741211,1039700,68.33999633789062,68.2300033569336,66.29734802246094
13-11-2017,68.02999877929688,68.12999725341797,1953500,68.98999786376953,68.88999938964844,66.93863677978516
14-11-2017,68.62999725341797,68.62999725341797,1927400,69.5,69.48999786376953,67.52163696289062
15-11-2017,68.63999938964844,69.01000213623047,1813800,69.44000244140625,68.81999969482422,66.87062072753906
16-11-2017,69.0,69.2300033569336,1985100,70.43000030517578,70.12000274658203,68.13382720947266
17-11-2017,69.69000244140625,69.94999694824219,2939400,70.43000030517578,70.26000213623047,68.26983642578125
20-11-2017,70.20999908447266,70.37999725341797,1761800,70.94999694824219,70.66000366210938,68.65850830078125
21-11-2017,70.19999694824219,70.80999755859375,1473700,71.23999786376953,70.3499984741211,68.35730743408203
22-11-2017,70.05000305175781,70.43000030517578,1000200,70.56999969482422,70.23999786376953,68.2503890991211
24-11-2017,70.0999984741211,70.31999969482422,280800,70.54000091552734,70.23999786376953,68.2503890991211
27-11-2017,70.2300033569336,70.31999969482422,911500,70.80000305175781,70.5999984741211,68.60020446777344
28-11-2017,70.7699966430664,70.81999969482422,1510600,72.02999877929688,72.0,69.96055603027344
29-11-2017,71.2699966430664,72.08999633789062,1357400,72.08999633789062,71.68000030517578,69.64960479736328
30-11-2017,71.77999877929688,71.77999877929688,1569700,73.05999755859375,72.69000244140625,70.63101196289062
01-12-2017,70.56999969482422,72.5999984741211,1321700,72.79000091552734,72.08999633789062,70.0479965209961
04-12-2017,71.73999786376953,72.61000061035156,988900,72.94000244140625,71.79000091552734,69.7564926147461
05-12-2017,70.86000061035156,71.69999694824219,1117600,71.95999908447266,71.05000305175781,69.12411499023438
06-12-2017,70.87999725341797,71.08000183105469,729300,71.55999755859375,71.04000091552734,69.1144027709961
07-12-2017,70.73999786376953,71.0,1103600,71.45999908447266,71.4000015258789,69.46463775634766
08-12-2017,71.3499984741211,71.69999694824219,865500,71.91000366210938,71.73999786376953,69.79541015625
11-12-2017,71.61000061035156,71.83000183105469,953500,72.0999984741211,71.91000366210938,69.9608154296875
12-12-2017,71.80000305175781,71.91999816894531,1060900,72.27999877929688,72.12999725341797,70.17484283447266
13-12-2017,71.68000030517578,72.05000305175781,740800,72.30000305175781,71.70999908447266,69.7662353515625
14-12-2017,70.94000244140625,71.94999694824219,807000,72.13999938964844,70.95999908447266,69.03656005859375
15-12-2017,71.04000091552734,71.16999816894531,3172300,71.41000366210938,71.22000122070312,69.28949737548828
18-12-2017,71.38999938964844,71.38999938964844,1240200,72.26000213623047,71.5,69.56192016601562
19-12-2017,71.33000183105469,71.80999755859375,1519700,72.31999969482422,72.05999755859375,70.10675811767578
20-12-2017,72.04000091552734,72.13999938964844,1553000,72.66999816894531,72.4800033569336,70.51535034179688
21-12-2017,72.31999969482422,72.80000305175781,681600,72.93000030517578,72.62000274658203,70.65156555175781
22-12-2017,72.26000213623047,72.88999938964844,565500,72.94000244140625,72.5999984741211,70.63211059570312
26-12-2017,72.3499984741211,72.70999908447266,235500,72.70999908447266,72.54000091552734,70.57373046875
27-12-2017,72.44999694824219,72.69999694824219,507500,72.91999816894531,72.66999816894531,70.7001953125
28-12-2017,72.05000305175781,72.91000366210938,570400,72.93000030517578,72.87000274658203,70.89478302001953
29-12-2017,72.37000274658203,73.0,886600,73.05999755859375,72.47000122070312,70.50562286376953
02-01-2018,72.13999938964844,72.88999938964844,791800,73.29000091552734,72.75,70.77803039550781
03-01-2018,72.43000030517578,72.43000030517578,1118500,73.38999938964844,73.38999938964844,71.40069580078125
04-01-2018,73.5999984741211,73.66999816894531,1166500,74.5,73.9800033569336,71.9747085571289
05-01-2018,73.5199966430664,74.12000274658203,2135000,74.30000305175781,73.79000091552734,71.78984832763672
08-01-2018,73.19999694824219,73.7300033569336,1642300,74.33999633789062,74.27999877929688,72.26656341552734
09-01-2018,73.75,74.19000244140625,1166500,74.36000061035156,74.0,71.99414825439453
10-01-2018,73.45999908447266,73.79000091552734,789000,73.93000030517578,73.72000122070312,71.72174835205078
11-01-2018,73.62000274658203,73.76000213623047,930400,74.58000183105469,74.56999969482422,72.5487060546875
12-01-2018,74.5999984741211,74.88999938964844,738700,75.41999816894531,75.19999694824219,73.16162109375
16-01-2018,74.58999633789062,75.44999694824219,773300,75.62000274658203,74.91000366210938,72.8794937133789
17-01-2018,75.05000305175781,75.37999725341797,1297600,76.13999938964844,76.02999877929688,73.96912384033203
18-01-2018,75.80000305175781,76.36000061035156,1174100,76.44000244140625,76.06999969482422,74.00804901123047
19-01-2018,76.41000366210938,76.41000366210938,1649700,77.31999969482422,76.9800033569336,74.89337921142578
22-01-2018,76.0999984741211,76.80000305175781,792300,76.94000244140625,76.5,74.42638397216797
23-01-2018,76.3499984741211,76.4800033569336,823500,77.37999725341797,77.0,74.912841796875
24-01-2018,76.0999984741211,77.12999725341797,806900,77.3499984741211,76.9000015258789,74.81553649902344
25-01-2018,76.37999725341797,77.37000274658203,695200,77.54000091552734,76.9800033569336,74.89337921142578
26-01-2018,76.77999877929688,77.37000274658203,775300,78.08999633789062,78.08000183105469,75.96356201171875
29-01-2018,77.47000122070312,77.73999786376953,1029700,78.16000366210938,77.48999786376953,75.38954162597656
30-01-2018,76.55000305175781,77.33000183105469,1638400,77.9000015258789,76.55000305175781,74.47502136230469
31-01-2018,75.93000030517578,76.73999786376953,1612100,77.23999786376953,76.30000305175781,74.23179626464844
01-02-2018,76.1500015258789,77.30999755859375,1625800,78.51000213623047,77.91000366210938,75.79818725585938
02-02-2018,77.16000366210938,77.83999633789062,1949800,78.37000274658203,77.25,75.15605926513672
05-02-2018,73.87999725341797,76.77999877929688,2557600,77.45999908447266,73.9000015258789,71.89686584472656
06-02-2018,71.58000183105469,72.41000366210938,2698900,75.31999969482422,74.70999908447266,72.68492126464844
07-02-2018,74.0999984741211,74.25,1569100,75.0,74.16000366210938,72.14982604980469
08-02-2018,72.01000213623047,74.12999725341797,1594500,74.48999786376953,72.05000305175781,70.09700775146484
09-02-2018,71.16000366210938,72.7300033569336,2040000,72.91999816894531,72.30000305175781,70.34022521972656
12-02-2018,72.63999938964844,73.05000305175781,1739800,74.33000183105469,74.0,71.99414825439453
13-02-2018,73.51000213623047,73.86000061035156,981300,74.55999755859375,74.41999816894531,72.40277099609375
14-02-2018,73.83999633789062,74.05000305175781,902200,74.87000274658203,74.70999908447266,72.68492126464844
15-02-2018,74.55000305175781,75.3499984741211,1162000,75.87000274658203,75.83999633789062,73.7842788696289
16-02-2018,75.41999816894531,75.55999755859375,1390600,76.94000244140625,76.55000305175781,74.47502136230469
20-02-2018,75.63999938964844,76.13999938964844,1143800,77.05999755859375,75.72000122070312,73.66752624511719
21-02-2018,75.81999969482422,75.81999969482422,1261500,77.11000061035156,76.3499984741211,74.28045654296875
22-02-2018,76.29000091552734,76.48999786376953,744600,77.13999938964844,76.47000122070312,74.39720153808594
23-02-2018,75.9000015258789,76.88999938964844,1006000,77.05000305175781,76.76000213623047,74.67933654785156
26-02-2018,76.94999694824219,77.19000244140625,1271600,78.62000274658203,78.4000015258789,76.27489471435547
27-02-2018,77.66999816894531,78.3499984741211,1054100,79.0999984741211,77.68000030517578,75.57440185546875
28-02-2018,75.70999908447266,77.87999725341797,1494100,78.0199966430664,75.73999786376953,73.6869888305664
01-03-2018,73.7300033569336,75.75,985400,75.87999725341797,74.18000030517578,72.16927337646484
02-03-2018,73.19000244140625,73.55999755859375,997200,74.69999694824219,74.5199966430664,72.50006103515625
05-03-2018,73.61000061035156,73.97000122070312,935100,75.48999786376953,75.19999694824219,73.16162109375
06-03-2018,74.77999877929688,75.52999877929688,1074000,76.12999725341797,76.11000061035156,74.04695129394531
07-03-2018,74.29000091552734,75.27999877929688,1322200,76.68000030517578,76.5199966430664,74.44585418701172
08-03-2018,76.3499984741211,76.75,849000,77.27999877929688,77.25,75.15605926513672
09-03-2018,77.56999969482422,77.80000305175781,778900,78.80999755859375,78.79000091552734,76.6543197631836
12-03-2018,78.11000061035156,78.80999755859375,969000,78.87000274658203,78.3499984741211,76.22624969482422
13-03-2018,78.12999725341797,78.5199966430664,807500,79.31999969482422,78.37999725341797,76.25543212890625
14-03-2018,78.08000183105469,78.94999694824219,766100,79.01000213623047,78.19999694824219,76.08031463623047
15-03-2018,77.81999969482422,78.36000061035156,612400,78.58000183105469,77.95999908447266,75.98282623291016
16-03-2018,77.7300033569336,77.94999694824219,1433900,78.83000183105469,78.68000030517578,76.6845932006836
19-03-2018,77.16999816894531,78.36000061035156,830500,78.5199966430664,77.87000274658203,75.8951187133789
20-03-2018,78.06999969482422,78.19999694824219,982700,78.95999908447266,78.43000030517578,76.44092559814453
21-03-2018,78.12999725341797,78.5999984741211,998700,79.1500015258789,78.12999725341797,76.14855194091797
22-03-2018,76.12000274658203,77.4000015258789,1226200,77.83999633789062,76.18000030517578,74.24797821044922
23-03-2018,74.52999877929688,76.4000015258789,931600,76.81999969482422,74.61000061035156,72.71781158447266
26-03-2018,74.9800033569336,75.70999908447266,924200,76.93000030517578,76.79000091552734,74.842529296875
27-03-2018,74.91000366210938,76.87999725341797,1164000,77.01000213623047,75.06999969482422,73.16615295410156
28-03-2018,74.5199966430664,75.04000091552734,1230500,75.58999633789062,74.94999694824219,73.0491714477539
29-03-2018,75.31999969482422,75.48999786376953,852000,76.55999755859375,75.97000122070312,74.04331970214844
02-04-2018,73.5199966430664,75.97000122070312,841300,75.97000122070312,74.66000366210938,72.76654815673828
03-04-2018,74.4000015258789,74.87000274658203,982000,75.66999816894531,75.62999725341797,73.71192932128906
04-04-2018,73.88999938964844,74.44000244140625,883200,75.88999938964844,75.66999816894531,73.75093841552734
05-04-2018,75.9000015258789,76.04000091552734,867500,76.73999786376953,76.41000366210938,74.47215270996094
06-04-2018,72.72000122070312,75.41000366210938,1201400,75.86000061035156,73.54000091552734,71.67495727539062
09-04-2018,73.2300033569336,74.2300033569336,1077300,74.86000061035156,73.37000274658203,71.50926208496094
10-04-2018,74.06999969482422,74.58999633789062,969600,75.0,74.52999877929688,72.63983154296875
11-04-2018,73.62000274658203,73.87000274658203,858000,74.51000213623047,74.06999969482422,72.19151306152344
12-04-2018,74.75,75.1500015258789,1229500,75.73999786376953,75.1500015258789,73.2441177368164
13-04-2018,74.61000061035156,75.55999755859375,679700,75.77999877929688,74.94000244140625,73.03944396972656
16-04-2018,75.2699966430664,75.68000030517578,646600,76.13999938964844,75.5999984741211,73.68270111083984
17-04-2018,75.68000030517578,75.91000366210938,935200,76.62000274658203,76.37999725341797,74.44290924072266
18-04-2018,76.41000366210938,76.7699966430664,750300,77.19999694824219,76.9800033569336,75.02770233154297
19-04-2018,76.12999725341797,76.86000061035156,641600,77.12999725341797,76.52999877929688,74.589111328125
20-04-2018,75.31999969482422,76.05000305175781,1349700,76.31999969482422,75.80999755859375,73.88735961914062
23-04-2018,74.54000091552734,75.86000061035156,1225000,76.04000091552734,74.83000183105469,72.93223571777344
24-04-2018,70.8499984741211,74.94999694824219,1736800,75.23999786376953,71.81999969482422,69.9985580444336
25-04-2018,70.56999969482422,71.30000305175781,2431200,72.05000305175781,71.94999694824219,70.12525939941406
26-04-2018,71.02999877929688,72.05999755859375,1452800,72.16999816894531,71.5,69.68667602539062
27-04-2018,70.30000305175781,71.52999877929688,1931800,71.52999877929688,70.94999694824219,69.150634765625
30-04-2018,69.79000091552734,71.08000183105469,1861200,71.27999877929688,69.80000305175781,68.0298080444336
01-05-2018,68.56999969482422,69.73999786376953,3139500,69.77999877929688,69.26000213623047,67.50348663330078
02-05-2018,69.97000122070312,70.11000061035156,2751400,72.36000061035156,70.1500015258789,68.37091827392578
03-05-2018,69.5,70.01000213623047,4585800,71.05999755859375,69.98999786376953,68.2149658203125
04-05-2018,69.58000183105469,69.70999908447266,3295700,71.66000366210938,71.5,69.68667602539062
07-05-2018,71.5,71.63999938964844,1849900,72.88999938964844,72.80000305175781,70.95372009277344
08-05-2018,72.6500015258789,72.88999938964844,1748000,73.54000091552734,73.44999694824219,71.58721923828125
09-05-2018,73.38999938964844,73.77999877929688,1879500,75.05000305175781,74.80000305175781,72.90299224853516
10-05-2018,74.2699966430664,75.20999908447266,1788800,75.20999908447266,74.69000244140625,72.79579162597656
11-05-2018,74.29000091552734,74.79000091552734,1374500,75.16000366210938,74.80999755859375,72.91273498535156
14-05-2018,74.05000305175781,75.0199966430664,1078600,75.0199966430664,74.25,72.36692810058594
15-05-2018,73.69999694824219,74.0,1316800,74.55000305175781,74.25,72.36692810058594
16-05-2018,74.08000183105469,74.37999725341797,1189900,75.16000366210938,74.91999816894531,73.01995086669922
17-05-2018,74.68000030517578,74.95999908447266,1264400,75.70999908447266,75.33000183105469,73.4195556640625
18-05-2018,75.19999694824219,75.38999938964844,1187100,76.0999984741211,75.54000091552734,73.62422180175781
21-05-2018,76.0,76.0,1069700,76.69000244140625,76.23999786376953,74.30645751953125
22-05-2018,75.5,76.36000061035156,918500,76.52999877929688,75.56999969482422,73.65345764160156
23-05-2018,74.20999908447266,75.02999877929688,1024200,75.19000244140625,74.91999816894531,73.01995086669922
24-05-2018,74.7699966430664,74.9000015258789,1332300,76.12000274658203,76.05999755859375,74.13103485107422
25-05-2018,74.9000015258789,75.73999786376953,1126100,76.06999969482422,75.08999633789062,73.18561553955078
29-05-2018,73.19999694824219,74.4000015258789,1153900,74.5999984741211,73.61000061035156,71.74317169189453
30-05-2018,73.9000015258789,74.0999984741211,1414400,75.05000305175781,74.70999908447266,72.8152847290039
31-05-2018,72.94999694824219,74.79000091552734,2477400,74.88999938964844,73.02999877929688,71.17786407470703
01-06-2018,73.5199966430664,73.7699966430664,1238900,74.63999938964844,74.20999908447266,72.32795715332031
04-06-2018,74.20999908447266,74.58000183105469,895100,74.83000183105469,74.72000122070312,72.82501220703125
05-06-2018,74.72000122070312,74.72000122070312,1569100,75.69999694824219,75.61000061035156,73.69244384765625
06-06-2018,75.13999938964844,75.6500015258789,1245200,75.95999908447266,75.95999908447266,74.0335693359375
07-06-2018,75.37000274658203,76.0,831400,76.19999694824219,75.77999877929688,73.8581314086914
08-06-2018,75.27999877929688,75.7699966430664,608300,75.87999725341797,75.75,73.82888793945312
11-06-2018,75.44000244140625,75.75,1557400,76.12000274658203,75.62000274658203,73.70219421386719
12-06-2018,75.47000122070312,75.7699966430664,654100,76.01000213623047,75.8499984741211,73.92635345458984
13-06-2018,75.2699966430664,76.0199966430664,1010000,76.20999908447266,75.33000183105469,73.4195556640625
14-06-2018,74.5199966430664,75.26000213623047,887300,75.5999984741211,74.83999633789062,73.07778930664062
15-06-2018,74.1500015258789,74.54000091552734,1503800,75.16999816894531,75.08999633789062,73.32189178466797
18-06-2018,74.05000305175781,74.38999938964844,838800,75.0199966430664,74.88999938964844,73.12661743164062
19-06-2018,72.69000244140625,73.98999786376953,1209700,74.19000244140625,73.37999725341797,71.65213775634766
20-06-2018,73.08999633789062,73.87999725341797,771200,73.87999725341797,73.30999755859375,71.58380889892578
21-06-2018,71.86000061035156,72.91999816894531,1495600,72.91999816894531,72.48999786376953,70.7831039428711
22-06-2018,72.69000244140625,73.08999633789062,1444800,73.3499984741211,73.0,71.2811050415039
25-06-2018,71.69999694824219,72.76000213623047,1310500,72.88999938964844,72.5,70.79287719726562
26-06-2018,72.23999786376953,72.6500015258789,1060000,73.06999969482422,72.29000091552734,70.58782196044922
27-06-2018,71.4800033569336,72.68000030517578,1468400,73.69000244140625,71.51000213623047,69.82620239257812
28-06-2018,71.04000091552734,71.56999969482422,894600,72.05000305175781,71.70999908447266,70.021484375
29-06-2018,72.0,72.16000366210938,1282500,73.0,72.16000366210938,70.46089172363281
02-07-2018,70.79000091552734,71.45999908447266,1244100,71.94999694824219,71.91000366210938,70.21678924560547
03-07-2018,71.41999816894531,72.43000030517578,532300,72.79000091552734,71.56999969482422,69.88478088378906
05-07-2018,71.30000305175781,72.05999755859375,961200,72.12999725341797,71.9800033569336,70.2851333618164
06-07-2018,71.5999984741211,71.81999969482422,613100,72.2300033569336,71.88999938964844,70.19725036621094
09-07-2018,71.94000244140625,71.94000244140625,769700,73.0999984741211,73.02999877929688,71.3104019165039
10-07-2018,73.12999725341797,73.44999694824219,1442100,73.72000122070312,73.37000274658203,71.64239501953125
11-07-2018,71.80000305175781,72.62999725341797,976400,72.93000030517578,72.05999755859375,70.3632583618164
12-07-2018,72.16000366210938,72.66999816894531,824200,73.30999755859375,73.20999908447266,71.48617553710938
13-07-2018,73.0999984741211,73.0999984741211,550200,73.91000366210938,73.69999694824219,71.9646224975586
16-07-2018,72.7699966430664,73.75,515400,73.9000015258789,72.97000122070312,71.25182342529297
17-07-2018,72.6500015258789,72.8499984741211,804200,73.37000274658203,73.18000030517578,71.45686340332031
18-07-2018,73.08000183105469,73.3499984741211,733600,73.86000061035156,73.76000213623047,72.0232162475586
19-07-2018,73.2699966430664,73.47000122070312,639800,73.77999877929688,73.63999938964844,71.90604400634766
20-07-2018,73.19000244140625,73.31999969482422,763100,74.02999877929688,73.56999969482422,71.83768463134766
23-07-2018,72.63999938964844,73.44999694824219,809600,73.44999694824219,72.70999908447266,70.9979248046875
24-07-2018,73.12000274658203,73.22000122070312,1025300,73.88999938964844,73.44000244140625,71.71073913574219
25-07-2018,73.27999877929688,73.37000274658203,1580300,75.43000030517578,75.31999969482422,73.54647827148438
26-07-2018,75.16999816894531,75.16999816894531,1446900,77.13999938964844,77.0999984741211,75.28457641601562
27-07-2018,76.41000366210938,77.19999694824219,948100,77.44000244140625,76.8499984741211,75.04045867919922
30-07-2018,75.87000274658203,76.94000244140625,2009100,77.73999786376953,76.06999969482422,74.27882385253906
31-07-2018,75.22000122070312,76.41999816894531,1946300,78.01000213623047,77.80000305175781,75.96809387207031
01-08-2018,76.48999786376953,77.8499984741211,2060000,77.88999938964844,76.81999969482422,75.01116943359375
02-08-2018,76.05999755859375,76.41999816894531,1225500,77.16999816894531,76.76000213623047,74.95257568359375
03-08-2018,75.94000244140625,76.8499984741211,1013400,77.11000061035156,76.56999969482422,74.76705169677734
06-08-2018,76.11000061035156,76.73999786376953,794900,76.80000305175781,76.31999969482422,74.52293395996094
07-08-2018,76.56999969482422,76.58000183105469,1075500,77.5999984741211,77.48999786376953,75.6653823852539
08-08-2018,77.0199966430664,77.5199966430664,724400,77.55999755859375,77.16999816894531,75.35291290283203
09-08-2018,76.4800033569336,77.25,1295100,77.55000305175781,76.66000366210938,74.85493469238281
10-08-2018,75.56999969482422,76.20999908447266,1453000,76.31999969482422,75.87999725341797,74.09330749511719
13-08-2018,75.2699966430664,76.0,1313400,76.45999908447266,75.66000366210938,73.87850189208984
14-08-2018,75.58999633789062,75.79000091552734,990500,76.13999938964844,75.81999969482422,74.03470611572266
15-08-2018,74.5,75.29000091552734,1165200,75.48999786376953,75.0999984741211,73.3316650390625
16-08-2018,75.27999877929688,75.48999786376953,876700,76.19999694824219,75.7300033569336,73.94683074951172
17-08-2018,75.51000213623047,75.7300033569336,1422600,76.47000122070312,76.30999755859375,74.51316833496094
20-08-2018,76.30000305175781,76.38999938964844,960200,76.83000183105469,76.58000183105469,74.77681732177734
21-08-2018,76.61000061035156,76.75,1455800,77.1500015258789,77.0,75.18693542480469
22-08-2018,75.93000030517578,76.76000213623047,564800,76.86000061035156,76.12000274658203,74.32765197753906
23-08-2018,75.62999725341797,76.12000274658203,867800,76.30999755859375,75.83000183105469,74.04448699951172
24-08-2018,75.62000274658203,76.11000061035156,764300,76.26000213623047,76.20999908447266,74.41551971435547
27-08-2018,76.4800033569336,76.56999969482422,637400,77.37999725341797,77.05999755859375,75.24551391601562
28-08-2018,77.2300033569336,77.38999938964844,751800,77.83000183105469,77.33000183105469,75.50916290283203
29-08-2018,77.02999877929688,77.5999984741211,736800,77.5999984741211,77.31999969482422,75.49939727783203
30-08-2018,76.29000091552734,77.20999908447266,743400,77.37000274658203,76.44999694824219,74.6498794555664
31-08-2018,76.12000274658203,76.22000122070312,852300,77.02999877929688,76.95999908447266,75.14786529541016
04-09-2018,75.93000030517578,76.73999786376953,1163000,76.91000366210938,76.72000122070312,74.91352844238281
05-09-2018,76.41999816894531,76.56999969482422,1515200,78.13999938964844,78.0,76.16337585449219
06-09-2018,78.06999969482422,78.12999725341797,1306800,78.88999938964844,78.29000091552734,76.44656372070312
07-09-2018,77.61000061035156,78.12999725341797,1273400,78.72000122070312,78.08999633789062,76.25125122070312
10-09-2018,78.37999725341797,78.55999755859375,1449100,79.73999786376953,79.37999725341797,77.5108871459961
11-09-2018,78.9000015258789,79.0999984741211,1529300,80.20999908447266,79.48999786376953,77.61829376220703
12-09-2018,79.0,79.44000244140625,1127400,79.9000015258789,79.73999786376953,77.86239624023438
13-09-2018,79.83000183105469,79.9000015258789,1012800,80.86000061035156,80.69000244140625,78.92861938476562
14-09-2018,80.38999938964844,80.58999633789062,721900,81.18000030517578,80.83000183105469,79.06555938720703
17-09-2018,80.44000244140625,80.87000274658203,839200,81.16000366210938,80.79000091552734,79.02642822265625
18-09-2018,80.38999938964844,81.0,1230500,81.54000091552734,81.5,79.72091674804688
19-09-2018,80.93000030517578,81.6500015258789,1474400,81.6500015258789,80.95999908447266,79.19271087646484
20-09-2018,80.4800033569336,81.31999969482422,940900,81.51000213623047,81.37999725341797,79.60356140136719
21-09-2018,81.26000213623047,81.58000183105469,1507200,81.91999816894531,81.52999877929688,79.75027465820312
24-09-2018,80.44000244140625,81.36000061035156,929500,81.36000061035156,80.54000091552734,78.7818832397461
25-09-2018,79.73999786376953,80.33000183105469,1317900,80.4000015258789,80.04000091552734,78.29280853271484
26-09-2018,79.29000091552734,79.98999786376953,987800,80.26000213623047,79.38999938964844,77.65699005126953
27-09-2018,78.91000366210938,79.48999786376953,652100,79.81999969482422,78.93000030517578,77.20703887939453
28-09-2018,78.72000122070312,78.81999969482422,959200,79.62000274658203,79.12000274658203,77.39289093017578
01-10-2018,79.30999755859375,79.66999816894531,1034600,79.95999908447266,79.70999908447266,77.97002410888672
02-10-2018,79.55999755859375,79.81999969482422,687700,80.18000030517578,79.68000030517578,77.94065856933594
03-10-2018,79.5199966430664,79.94000244140625,1071800,80.05000305175781,79.81999969482422,78.07760620117188
04-10-2018,78.93000030517578,79.6500015258789,813400,80.31999969482422,79.25,77.5200424194336
05-10-2018,78.08999633789062,79.26000213623047,805700,79.43000030517578,78.6500015258789,76.93313598632812
08-10-2018,77.19000244140625,78.4000015258789,1048000,78.47000122070312,77.91999816894531,76.21908569335938
09-10-2018,76.76000213623047,77.80000305175781,1036100,77.91999816894531,76.80000305175781,75.12355041503906
10-10-2018,74.12999725341797,76.5,1623800,76.69999694824219,74.18000030517578,72.56072998046875
11-10-2018,71.6500015258789,73.98999786376953,1716500,74.11000061035156,71.8499984741211,70.28157806396484
12-10-2018,71.73999786376953,73.13999938964844,1427300,73.37000274658203,72.80000305175781,71.21085357666016
15-10-2018,72.08999633789062,72.69000244140625,1433300,73.13999938964844,72.26000213623047,70.6826400756836
16-10-2018,71.73999786376953,72.77999877929688,2508400,73.61000061035156,73.45999908447266,71.85643005371094
17-10-2018,72.70999908447266,73.33000183105469,1646500,73.68000030517578,73.30999755859375,71.70970916748047
18-10-2018,71.12000274658203,72.95999908447266,1375100,73.13999938964844,71.2699966430664,69.71426391601562
19-10-2018,70.0999984741211,71.37999725341797,1586900,71.5,70.61000061035156,69.06864929199219
22-10-2018,70.2699966430664,70.87000274658203,1527800,70.9800033569336,70.5,68.9610595703125
23-10-2018,67.33000183105469,69.19999694824219,1712600,69.19999694824219,68.01000213623047,66.52539825439453
24-10-2018,65.22000122070312,67.6500015258789,2277600,68.19000244140625,65.37999725341797,63.95280075073242
25-10-2018,65.7699966430664,65.97000122070312,1553600,67.04000091552734,66.43000030517578,64.97989654541016
26-10-2018,65.29000091552734,65.38999938964844,1649900,67.68000030517578,66.7300033569336,65.27336120605469
29-10-2018,64.91000366210938,67.68000030517578,1520900,67.9800033569336,65.69999694824219,64.26583099365234
30-10-2018,65.19000244140625,65.51000213623047,1690800,66.61000061035156,66.37999725341797,64.93099212646484
31-10-2018,66.94999694824219,67.19999694824219,1919200,68.08000183105469,67.08000183105469,65.61570739746094
01-11-2018,69.81999969482422,69.81999969482422,2780100,71.94999694824219,71.62999725341797,70.06636810302734
02-11-2018,71.6500015258789,72.45999908447266,2742500,73.20999908447266,72.62999725341797,71.04454040527344
05-11-2018,72.37000274658203,72.98999786376953,2659200,73.81999969482422,73.51000213623047,71.90534210205078
06-11-2018,73.0199966430664,73.2300033569336,2348700,74.91999816894531,74.63999938964844,73.01068115234375
07-11-2018,74.13999938964844,75.04000091552734,1938600,75.55000305175781,75.23999786376953,73.59757232666016
08-11-2018,74.70999908447266,75.08999633789062,1695500,75.43000030517578,74.97000122070312,73.33348083496094
09-11-2018,73.2300033569336,74.5,1556800,74.94000244140625,74.44999694824219,72.8248291015625
12-11-2018,72.62999725341797,74.54000091552734,1931700,74.58000183105469,72.73999786376953,71.15215301513672
13-11-2018,72.55999755859375,72.75,1678100,73.75,72.80999755859375,71.22063446044922
14-11-2018,72.80999755859375,73.7699966430664,1568300,74.62999725341797,72.97000122070312,71.37715911865234
15-11-2018,72.25,72.4000015258789,1587500,74.69000244140625,74.4000015258789,72.77593231201172
16-11-2018,73.86000061035156,73.94000244140625,1526900,74.94999694824219,74.37999725341797,72.75636291503906
19-11-2018,72.36000061035156,74.23999786376953,1304900,74.4000015258789,72.5999984741211,71.01522064208984
20-11-2018,70.80000305175781,71.9800033569336,1840300,72.3499984741211,71.23999786376953,69.68489837646484
21-11-2018,71.7699966430664,71.81999969482422,1521100,72.87999725341797,72.25,70.6728515625
23-11-2018,71.36000061035156,71.44000244140625,324600,72.26000213623047,71.66000366210938,70.09573364257812
26-11-2018,71.70999908447266,72.31999969482422,3050800,72.68000030517578,72.16000366210938,70.58482360839844
27-11-2018,70.48999786376953,71.83000183105469,2139800,72.23999786376953,71.37999725341797,69.82183837890625
28-11-2018,71.44999694824219,71.75,1350800,73.94000244140625,73.93000030517578,72.3161849975586
29-11-2018,72.83000183105469,73.44000244140625,1230700,73.7300033569336,73.22000122070312,71.62167358398438
30-11-2018,72.80000305175781,73.06999969482422,1486600,73.8499984741211,73.43000030517578,71.82708740234375
03-12-2018,74.66000366210938,74.66000366210938,1928300,76.31999969482422,76.08999633789062,74.42901611328125
04-12-2018,72.0,75.87999725341797,2118600,76.0,72.08000183105469,70.50657653808594
06-12-2018,68.73999786376953,70.69000244140625,2967800,71.66000366210938,71.48999786376953,70.0655288696289
07-12-2018,70.68000030517578,71.38999938964844,1619300,72.7699966430664,70.8499984741211,69.43828582763672
10-12-2018,69.23999786376953,70.81999969482422,1517400,71.05999755859375,70.69999694824219,69.291259765625
11-12-2018,70.1500015258789,72.0199966430664,1729700,72.48999786376953,70.7300033569336,69.3206787109375
12-12-2018,71.72000122070312,71.8499984741211,1950200,73.87000274658203,72.61000061035156,71.1632080078125
13-12-2018,71.44999694824219,72.5999984741211,1685800,73.16999816894531,71.7699966430664,70.3399429321289
14-12-2018,70.08000183105469,70.8499984741211,1207600,71.8499984741211,70.38999938964844,68.98743438720703
17-12-2018,68.7699966430664,70.3499984741211,1514600,70.77999877929688,69.16999816894531,67.791748046875
18-12-2018,68.61000061035156,69.81999969482422,1755700,70.4800033569336,68.87000274658203,67.49773406982422
19-12-2018,67.16999816894531,69.05000305175781,1992400,70.25,67.9000015258789,66.54705810546875
20-12-2018,65.25,67.61000061035156,2272300,67.83999633789062,66.11000061035156,64.792724609375
21-12-2018,65.19999694824219,66.38999938964844,2620500,67.54000091552734,65.20999908447266,63.91065979003906
24-12-2018,63.31999969482422,64.76000213623047,695400,65.0,63.349998474121094,62.08772659301758
26-12-2018,63.13999938964844,63.790000915527344,1297900,66.3499984741211,66.25,64.92994689941406
27-12-2018,64.69999694824219,65.06999969482422,1385300,67.31999969482422,67.30999755859375,65.96881103515625
28-12-2018,66.55999755859375,67.69999694824219,820400,67.83999633789062,66.7300033569336,65.400390625
31-12-2018,66.9000015258789,67.05999755859375,819500,67.73999786376953,67.69999694824219,66.35104370117188
02-01-2019,66.18000030517578,66.73999786376953,1045300,67.55999755859375,67.48999786376953,66.14524841308594
03-01-2019,65.41999816894531,66.80999755859375,1575900,67.25,65.56999969482422,64.26349639892578
04-01-2019,66.29000091552734,66.66000366210938,1444000,68.0999984741211,68.05000305175781,66.6940689086914
07-01-2019,67.55999755859375,68.0999984741211,1470100,68.69999694824219,67.94000244140625,66.58627319335938
08-01-2019,67.52999877929688,69.04000091552734,1352700,69.04000091552734,68.94000244140625,67.56634521484375
09-01-2019,69.12999725341797,69.61000061035156,1464200,69.88999938964844,69.4000015258789,68.01717376708984
10-01-2019,68.8499984741211,68.91999816894531,1014000,70.62000274658203,70.5999984741211,69.1932601928711
11-01-2019,69.98999786376953,70.0199966430664,875700,70.66000366210938,70.55000305175781,69.14427185058594
14-01-2019,69.7699966430664,70.12999725341797,717000,70.45999908447266,70.20999908447266,68.81103515625
15-01-2019,69.52999877929688,70.12999725341797,887400,70.43000030517578,69.87999725341797,68.48760986328125
16-01-2019,69.58000183105469,69.73999786376953,1202100,70.4000015258789,70.27999877929688,68.87965393066406
17-01-2019,69.94000244140625,70.13999938964844,974400,71.47000122070312,71.2300033569336,69.81070709228516
18-01-2019,71.58999633789062,71.77999877929688,947700,72.66000366210938,72.36000061035156,70.91819763183594
22-01-2019,69.87000274658203,71.7300033569336,1637600,71.7300033569336,70.79000091552734,69.37948608398438
23-01-2019,69.97000122070312,70.95999908447266,1057800,71.41000366210938,70.70999908447266,69.30107879638672
24-01-2019,70.44999694824219,70.70999908447266,1004500,71.23999786376953,71.19999694824219,69.78130340576172
25-01-2019,70.98999786376953,72.16999816894531,1211800,72.62000274658203,71.31999969482422,69.89892578125
28-01-2019,69.51000213623047,70.16999816894531,2027600,70.69999694824219,70.1500015258789,68.75223541259766
29-01-2019,70.72000122070312,70.79000091552734,1481500,71.79000091552734,71.7699966430664,70.3399429321289
30-01-2019,71.25,72.33999633789062,758100,72.91000366210938,72.58999633789062,71.14361572265625
31-01-2019,72.0999984741211,72.76000213623047,1003700,72.94999694824219,72.9000015258789,71.44744110107422
01-02-2019,72.66000366210938,73.19000244140625,1000200,73.77999877929688,73.41000366210938,71.94728088378906
04-02-2019,72.7699966430664,73.33000183105469,1605400,73.69999694824219,73.69999694824219,72.23147583007812
05-02-2019,74.04000091552734,75.11000061035156,3157600,76.33000183105469,74.9000015258789,73.4075927734375
06-02-2019,74.55999755859375,74.75,2137500,76.1500015258789,74.62000274658203,73.13316345214844
07-02-2019,74.05000305175781,74.1500015258789,1903800,75.11000061035156,75.11000061035156,73.61339569091797
08-02-2019,74.41000366210938,74.41000366210938,1786000,75.80999755859375,75.76000213623047,74.25045013427734
11-02-2019,75.70999908447266,75.7300033569336,1450900,76.12000274658203,76.05000305175781,74.53467559814453
12-02-2019,76.44000244140625,76.56999969482422,1929400,77.88999938964844,77.33999633789062,75.7989501953125
13-02-2019,76.7699966430664,78.20999908447266,2595300,79.37999725341797,78.7699966430664,77.20047760009766
14-02-2019,77.87999725341797,78.56999969482422,1137200,78.79000091552734,77.91000366210938,76.35762023925781
15-02-2019,78.43000030517578,78.63999938964844,2697500,79.22000122070312,79.01000213623047,77.43568420410156
19-02-2019,78.4800033569336,78.55999755859375,878100,79.45999908447266,79.04000091552734,77.46509552001953
20-02-2019,78.83000183105469,79.20999908447266,967200,79.91999816894531,79.80999755859375,78.2197494506836
21-02-2019,79.08999633789062,79.72000122070312,1076300,79.94999694824219,79.26000213623047,77.68070983886719
22-02-2019,79.08000183105469,79.37999725341797,1032300,79.75,79.4000015258789,77.81792449951172
25-02-2019,79.58000183105469,79.94999694824219,1156500,80.41000366210938,79.7699966430664,78.18053436279297
26-02-2019,79.04000091552734,79.45999908447266,996800,79.83000183105469,79.12999725341797,77.55329895019531
27-02-2019,78.69999694824219,78.94000244140625,1025000,79.77999877929688,79.63999938964844,78.05313110351562
28-02-2019,79.01000213623047,79.48999786376953,1376300,79.81999969482422,79.58000183105469,77.99433135986328
01-03-2019,79.04000091552734,79.95999908447266,2015700,80.05999755859375,79.56999969482422,77.9845199584961
04-03-2019,78.93000030517578,80.0,1792700,80.5,79.5,77.91593170166016
05-03-2019,79.11000061035156,79.55999755859375,938900,79.75,79.1500015258789,77.57289123535156
06-03-2019,79.20999908447266,79.3499984741211,1023100,79.61000061035156,79.26000213623047,77.68070983886719
07-03-2019,78.05000305175781,79.20999908447266,1514600,79.22000122070312,78.93000030517578,77.35728454589844
08-03-2019,77.91000366210938,78.16000366210938,895600,78.80999755859375,78.63999938964844,77.07306671142578
11-03-2019,78.33999633789062,78.58000183105469,1506600,80.18000030517578,80.08999633789062,78.49418640136719
12-03-2019,80.06999969482422,80.45999908447266,968300,80.66000366210938,80.13999938964844,78.54316711425781
13-03-2019,80.31999969482422,80.5999984741211,1411000,81.44000244140625,81.08999633789062,79.47422790527344
14-03-2019,80.16999816894531,80.69999694824219,1124500,81.05000305175781,80.6500015258789,79.17971801757812
15-03-2019,80.5199966430664,80.72000122070312,1868500,81.0999984741211,80.80999755859375,79.33677673339844
18-03-2019,80.80000305175781,80.80000305175781,929500,81.76000213623047,81.76000213623047,80.26947784423828
19-03-2019,80.83000183105469,82.16000366210938,1311600,82.31999969482422,81.08999633789062,79.61167907714844
20-03-2019,80.18000030517578,81.0,1110700,81.44999694824219,80.86000061035156,79.3858871459961
21-03-2019,80.55000305175781,80.55000305175781,809300,82.16999816894531,82.13999938964844,80.64253997802734
22-03-2019,79.36000061035156,82.1500015258789,1596000,82.30999755859375,79.41000366210938,77.96231842041016
25-03-2019,79.12000274658203,79.5199966430664,1131800,79.83000183105469,79.62000274658203,78.16848754882812
26-03-2019,79.9000015258789,80.25,889800,80.73999786376953,80.6500015258789,79.17971801757812
27-03-2019,80.11000061035156,80.73999786376953,924500,80.9800033569336,80.68000030517578,79.20916748046875
28-03-2019,81.05000305175781,81.05000305175781,903100,82.31999969482422,82.2300033569336,80.73089599609375
29-03-2019,82.5999984741211,82.75,1286500,83.12000274658203,82.97000122070312,81.4574203491211
01-04-2019,83.41000366210938,83.72000122070312,1188800,84.06999969482422,84.0,82.4686508178711
02-04-2019,83.41000366210938,84.0,1286900,84.01000213623047,83.72000122070312,82.19375610351562
03-04-2019,83.86000061035156,84.19999694824219,1498700,84.62999725341797,84.33000183105469,82.79261779785156
04-04-2019,83.61000061035156,84.58999633789062,979000,84.73999786376953,84.01000213623047,82.47846221923828
05-04-2019,83.87999725341797,84.08000183105469,644500,84.31999969482422,84.29000091552734,82.75334167480469
08-04-2019,83.5999984741211,84.05999755859375,755700,84.66000366210938,84.62000274658203,83.07733917236328
09-04-2019,83.41999816894531,84.16999816894531,642000,84.16999816894531,83.55000305175781,82.02684020996094
10-04-2019,83.44000244140625,83.79000091552734,560600,84.12999725341797,84.04000091552734,82.50791931152344
11-04-2019,83.95999908447266,84.12999725341797,487900,84.87000274658203,84.80000305175781,83.25406646728516
12-04-2019,85.0,85.04000091552734,1260000,85.91999816894531,85.80999755859375,84.24564361572266
15-04-2019,85.3499984741211,85.93000030517578,661800,86.20999908447266,85.62000274658203,84.05911254882812
16-04-2019,85.41999816894531,86.01000213623047,690400,86.25,85.91000366210938,84.34381866455078
17-04-2019,85.69999694824219,86.7300033569336,601700,86.7300033569336,85.75,84.18672180175781
18-04-2019,85.7699966430664,86.19999694824219,954000,86.55999755859375,86.48999786376953,84.9132308959961
22-04-2019,85.70999908447266,86.0199966430664,456200,86.7300033569336,86.62000274658203,85.04087829589844
23-04-2019,86.41999816894531,86.5199966430664,753400,87.58999633789062,87.29000091552734,85.69866943359375
24-04-2019,87.08000183105469,87.29000091552734,700600,87.7699966430664,87.0999984741211,85.51213073730469
25-04-2019,85.47000122070312,86.48999786376953,1107100,86.91999816894531,85.91000366210938,84.34381866455078
26-04-2019,85.72000122070312,85.98999786376953,1048200,87.33999633789062,87.30000305175781,85.70848846435547
29-04-2019,87.08999633789062,87.79000091552734,1050000,87.9800033569336,87.44000244140625,85.845947265625
30-04-2019,87.38999938964844,87.86000061035156,1689100,88.23999786376953,88.16999816894531,86.56261444091797
01-05-2019,86.31999969482422,88.5,1709100,88.76000213623047,86.36000061035156,84.78562927246094
02-05-2019,86.12000274658203,86.44999694824219,973900,87.3499984741211,87.0199966430664,85.43358612060547
03-05-2019,87.0999984741211,87.55000305175781,1048800,87.72000122070312,87.3499984741211,85.757568359375
06-05-2019,85.25,85.77999877929688,953300,86.58000183105469,86.5199966430664,84.94268035888672
07-05-2019,84.83999633789062,85.48999786376953,1461200,86.52999877929688,85.45999908447266,83.90200805664062
08-05-2019,84.88999938964844,85.4000015258789,947000,86.12000274658203,85.48999786376953,83.93147277832031
09-05-2019,83.95999908447266,84.44000244140625,608000,85.5999984741211,85.44999694824219,83.8921890258789
10-05-2019,83.5,84.87000274658203,749400,85.8499984741211,85.58000183105469,84.01983642578125
13-05-2019,83.16000366210938,83.7699966430664,1241600,84.48999786376953,84.11000061035156,82.57664489746094
14-05-2019,84.44999694824219,84.44999694824219,923400,85.86000061035156,85.0199966430664,83.47004699707031
15-05-2019,84.0,84.56999969482422,943100,86.13999938964844,85.7699966430664,84.20635986328125
16-05-2019,85.76000213623047,86.12000274658203,693800,86.73999786376953,86.58999633789062,85.01140594482422
17-05-2019,85.62000274658203,85.68000030517578,757900,86.55999755859375,85.9000015258789,84.3340072631836
20-05-2019,84.8499984741211,85.31999969482422,786400,85.91000366210938,85.16000366210938,83.60749816894531
21-05-2019,85.63999938964844,85.76000213623047,1090400,86.5999984741211,86.47000122070312,84.89360046386719
22-05-2019,85.58999633789062,86.12000274658203,1040500,86.4000015258789,85.61000061035156,84.04928588867188
23-05-2019,84.0999984741211,84.63999938964844,1224100,84.88999938964844,84.87000274658203,83.3227767944336
24-05-2019,84.43000030517578,85.33000183105469,1031600,85.66999816894531,84.48999786376953,82.94969940185547
28-05-2019,83.81999969482422,84.83999633789062,1544500,85.1500015258789,83.93000030517578,82.39990997314453
29-05-2019,82.91000366210938,83.41999816894531,2141100,83.91000366210938,83.38999938964844,81.86975860595703
30-05-2019,83.30000305175781,83.6500015258789,521600,84.27999877929688,83.80999755859375,82.2821044921875
31-05-2019,81.83000183105469,82.23999786376953,1078900,82.83999633789062,81.88999938964844,80.39710235595703
03-06-2019,81.62000274658203,81.87999725341797,1372700,82.91999816894531,82.18000030517578,80.68183135986328
04-06-2019,82.19000244140625,82.95999908447266,1379000,83.80000305175781,83.66999816894531,82.14464569091797
05-06-2019,82.80000305175781,84.16000366210938,1159900,84.43000030517578,84.37000274658203,82.83189392089844
06-06-2019,83.25,84.44000244140625,1153700,84.44000244140625,83.94000244140625,82.40973663330078
07-06-2019,83.97000122070312,84.08000183105469,973800,86.06999969482422,85.7699966430664,84.20635986328125
10-06-2019,86.19999694824219,86.29000091552734,1308800,87.11000061035156,86.4800033569336,84.9034194946289
11-06-2019,86.02999877929688,87.27999877929688,890900,87.66000366210938,86.30000305175781,84.72672271728516
12-06-2019,85.33999633789062,86.12000274658203,1048300,86.86000061035156,85.5199966430664,83.96092987060547
13-06-2019,84.98999786376953,85.83999633789062,729600,86.01000213623047,85.68000030517578,84.25593566894531
14-06-2019,84.5,85.33999633789062,737800,85.33999633789062,84.98999786376953,83.57740020751953
17-06-2019,84.38999938964844,85.19000244140625,1118300,85.41000366210938,84.44999694824219,83.04638671875
18-06-2019,84.93000030517578,85.08000183105469,1325800,86.66000366210938,86.51000213623047,85.07215118408203
19-06-2019,85.70999908447266,86.8499984741211,882600,86.95999908447266,86.80000305175781,85.35733032226562
20-06-2019,86.77999877929688,87.0,1159100,88.73999786376953,88.58000183105469,87.10774230957031
21-06-2019,87.75,88.48999786376953,1715800,89.81999969482422,87.76000213623047,86.30137634277344
24-06-2019,87.45999908447266,87.68000030517578,650200,88.44000244140625,87.8499984741211,86.38987731933594
25-06-2019,87.48999786376953,88.11000061035156,573900,88.13999938964844,87.55999755859375,86.10469055175781
26-06-2019,87.41000366210938,87.68000030517578,706100,88.12000274658203,87.83000183105469,86.37020111083984
27-06-2019,87.81999969482422,88.12999725341797,671700,89.19000244140625,88.26000213623047,86.7930679321289
28-06-2019,88.4000015258789,88.79000091552734,4909400,90.87000274658203,90.83999633789062,89.3301773071289
01-07-2019,90.75,91.76000213623047,1684400,92.30000305175781,92.11000061035156,90.57906341552734
02-07-2019,90.7300033569336,92.08000183105469,1288300,92.12999725341797,91.22000122070312,89.70386505126953
03-07-2019,91.0,91.27999877929688,452100,91.91000366210938,91.91000366210938,90.38238525390625
05-07-2019,89.6500015258789,91.08999633789062,652200,91.38999938964844,91.08999633789062,89.5760269165039
08-07-2019,90.4800033569336,90.77999877929688,1025700,91.38999938964844,90.5999984741211,89.09416198730469
09-07-2019,89.83999633789062,89.93000030517578,1992600,90.58999633789062,90.37000274658203,88.86799621582031
10-07-2019,89.55000305175781,90.7699966430664,1500800,91.0,89.58000183105469,88.09112548828125
11-07-2019,88.91000366210938,89.6500015258789,1707800,90.01000213623047,89.58999633789062,88.10094451904297
12-07-2019,90.18000030517578,90.18000030517578,1154300,91.18000030517578,91.0,89.48751831054688
15-07-2019,90.6500015258789,91.19000244140625,1005500,91.27999877929688,90.9800033569336,89.46784973144531
16-07-2019,90.6500015258789,91.0999984741211,978200,91.44000244140625,91.30000305175781,89.78254699707031
17-07-2019,89.25,91.2300033569336,1028100,91.27999877929688,89.27999877929688,87.79610443115234
18-07-2019,88.5,89.30000305175781,1630800,89.43000030517578,88.9000015258789,87.42242431640625
19-07-2019,88.66000366210938,89.22000122070312,1169600,89.68000030517578,88.70999908447266,87.235595703125
22-07-2019,88.41999816894531,88.69999694824219,833100,89.19999694824219,88.61000061035156,87.13723754882812
23-07-2019,88.81999969482422,89.0999984741211,2048100,89.95999908447266,89.80000305175781,88.30746459960938
24-07-2019,88.83999633789062,89.20999908447266,764100,90.11000061035156,89.9800033569336,88.48448181152344
25-07-2019,88.91000366210938,89.86000061035156,970200,89.87000274658203,89.2300033569336,87.74695587158203
26-07-2019,88.58999633789062,89.08000183105469,1580400,89.43000030517578,89.27999877929688,87.79610443115234
29-07-2019,88.25,89.20999908447266,1606700,89.20999908447266,88.55000305175781,87.07823944091797
30-07-2019,88.2699966430664,88.98999786376953,1561900,92.13999938964844,90.75,89.2416763305664
31-07-2019,88.66000366210938,91.30999755859375,1271200,91.5199966430664,89.61000061035156,88.1206283569336
01-08-2019,88.13999938964844,89.30000305175781,1379200,90.69000244140625,88.31999969482422,86.85205078125
02-08-2019,86.16999816894531,87.81999969482422,1662800,88.02999877929688,86.5,85.06230926513672
05-08-2019,83.41999816894531,84.97000122070312,1536500,84.97000122070312,84.08000183105469,82.68254089355469
06-08-2019,84.12999725341797,84.5,1072300,85.81999969482422,85.73999786376953,84.31493377685547
07-08-2019,83.80999755859375,84.56999969482422,1699600,85.62000274658203,85.26000213623047,83.8429183959961
08-08-2019,85.51000213623047,85.62000274658203,1113500,87.16000366210938,86.93000030517578,85.48516845703125
09-08-2019,85.26000213623047,86.55000305175781,1281300,86.72000122070312,85.33000183105469,83.91175842285156
12-08-2019,84.44000244140625,84.86000061035156,751100,85.52999877929688,85.04000091552734,83.6265869140625
13-08-2019,84.5999984741211,84.91000366210938,907200,87.37999725341797,86.08999633789062,84.65912628173828
14-08-2019,83.06999969482422,84.66999816894531,1178700,84.87999725341797,83.33000183105469,81.94500732421875
15-08-2019,83.12999725341797,83.44000244140625,1460300,84.62000274658203,84.33000183105469,82.92838287353516
16-08-2019,84.66999816894531,84.83999633789062,1261500,86.0199966430664,85.6500015258789,84.2264404296875
19-08-2019,86.33999633789062,86.70999908447266,982000,87.22000122070312,86.69999694824219,85.25898742675781
20-08-2019,86.0,86.7300033569336,1013200,87.11000061035156,86.20999908447266,84.7771224975586
21-08-2019,86.0,87.16000366210938,814400,87.16000366210938,86.33000183105469,84.89513397216797
22-08-2019,85.27999877929688,86.66999816894531,718700,86.8499984741211,85.7699966430664,84.34445190429688
23-08-2019,83.2300033569336,85.29000091552734,1262200,85.68000030517578,83.62000274658203,82.23017883300781
26-08-2019,82.66000366210938,84.1500015258789,846600,84.5,82.95999908447266,81.58114624023438
27-08-2019,83.02999877929688,83.66000366210938,1106700,84.12000274658203,83.7300033569336,82.33834838867188
28-08-2019,82.8499984741211,83.22000122070312,840000,84.25,84.11000061035156,82.7120361328125
29-08-2019,84.88999938964844,85.06999969482422,640700,86.3499984741211,86.11000061035156,84.67879486083984
30-08-2019,85.44999694824219,86.87999725341797,1052000,87.16999816894531,85.93000030517578,84.50178527832031
03-09-2019,82.76000213623047,85.06999969482422,905400,85.52999877929688,83.37999725341797,81.9941635131836
04-09-2019,84.0199966430664,84.37999725341797,1284000,85.23999786376953,85.16999816894531,83.75442504882812
05-09-2019,86.2699966430664,86.2699966430664,1922200,88.38999938964844,88.33000183105469,86.86190795898438
06-09-2019,88.2699966430664,88.73999786376953,1685400,89.56999969482422,89.2699966430664,87.78627014160156
09-09-2019,89.33000183105469,89.80000305175781,775500,90.0,89.7699966430664,88.27796173095703
10-09-2019,87.72000122070312,90.0,1278400,90.0,88.4000015258789,86.93074035644531
11-09-2019,86.95999908447266,88.29000091552734,1274700,88.29000091552734,88.0999984741211,86.63572692871094
12-09-2019,87.72000122070312,88.54000091552734,2001000,90.12000274658203,89.81999969482422,88.32713317871094
13-09-2019,89.8499984741211,90.30999755859375,773900,91.06999969482422,90.69999694824219,89.33172607421875
16-09-2019,90.19000244140625,90.27999877929688,1480700,91.0199966430664,90.86000061035156,89.48932647705078
17-09-2019,90.0199966430664,90.58999633789062,1043100,90.73999786376953,90.38999938964844,89.02640533447266
18-09-2019,88.80999755859375,89.88999938964844,793700,90.22000122070312,90.0199966430664,88.66200256347656
19-09-2019,89.73999786376953,90.01000213623047,1040100,90.80000305175781,90.20999908447266,88.84912872314453
20-09-2019,89.16000366210938,90.69000244140625,2180300,91.1500015258789,89.87999725341797,88.52410888671875
23-09-2019,88.80000305175781,89.37000274658203,1041600,90.08000183105469,89.44999694824219,88.1005859375
24-09-2019,89.37000274658203,89.73999786376953,1795500,91.04000091552734,89.87999725341797,88.52410888671875
25-09-2019,88.6500015258789,89.5,778200,90.68000030517578,90.51000213623047,89.14460754394531
26-09-2019,89.87999725341797,90.44000244140625,763100,90.69999694824219,90.16999816894531,88.80973815917969
27-09-2019,90.43000030517578,91.0,1380400,91.87000274658203,91.37000274658203,89.99164581298828
30-09-2019,90.81999969482422,91.19000244140625,1128400,91.98999786376953,91.81999969482422,90.43485260009766
01-10-2019,88.55999755859375,92.23999786376953,2164300,92.86000061035156,88.80000305175781,87.46040344238281
02-10-2019,85.18000030517578,87.3499984741211,1492100,87.66000366210938,86.30000305175781,84.99812316894531
03-10-2019,85.19000244140625,86.0,791500,87.41999816894531,87.38999938964844,86.0716781616211
04-10-2019,87.30999755859375,87.6500015258789,724700,88.9000015258789,88.83000183105469,87.48995971679688
07-10-2019,87.62000274658203,88.68000030517578,837600,89.02999877929688,88.0,86.67247772216797
08-10-2019,85.95999908447266,87.12000274658203,1029900,87.12000274658203,85.9800033569336,84.68295288085938
09-10-2019,86.2699966430664,86.72000122070312,861000,87.31999969482422,86.93000030517578,85.61862182617188
10-10-2019,86.7300033569336,86.87000274658203,675900,88.30999755859375,87.94999694824219,86.62322998046875
11-10-2019,88.41999816894531,88.86000061035156,1214600,90.06999969482422,88.51000213623047,87.1747817993164
14-10-2019,87.68000030517578,87.94999694824219,688800,88.70999908447266,88.36000061035156,87.02704620361328
15-10-2019,88.11000061035156,88.62000274658203,714700,89.73999786376953,89.05999755859375,87.71646881103516
16-10-2019,88.19000244140625,88.83000183105469,666600,89.31999969482422,88.54000091552734,87.2043228149414
17-10-2019,88.4800033569336,89.23999786376953,779200,90.37000274658203,88.51000213623047,87.1747817993164
18-10-2019,88.05999755859375,88.4800033569336,1299700,88.87000274658203,88.3499984741211,87.01719665527344
21-10-2019,88.02999877929688,88.81999969482422,2047900,89.33000183105469,88.2300033569336,86.89900207519531
22-10-2019,87.87999725341797,88.27999877929688,1883200,89.19999694824219,88.37999725341797,87.04674530029297
23-10-2019,88.05000305175781,88.4800033569336,928500,89.0199966430664,89.0,87.65740203857422
24-10-2019,88.69000244140625,89.36000061035156,406700,89.51000213623047,89.12000274658203,87.77557373046875
25-10-2019,88.83999633789062,89.25,898900,90.76000213623047,89.95999908447266,88.60291290283203
28-10-2019,90.38999938964844,90.4800033569336,1155200,91.19999694824219,90.4000015258789,89.03626251220703
29-10-2019,89.95999908447266,89.95999908447266,1444000,92.29000091552734,91.62999725341797,90.24772644042969
30-10-2019,90.44999694824219,91.62999725341797,1080400,91.62999725341797,91.30999755859375,89.93254852294922
31-10-2019,90.95999908447266,93.80000305175781,1998500,94.0,91.6500015258789,90.26742553710938
01-11-2019,91.8499984741211,92.4800033569336,1109500,94.19999694824219,94.19999694824219,92.77893829345703
04-11-2019,94.44999694824219,94.73999786376953,1758600,95.81999969482422,95.62000274658203,94.17752838134766
05-11-2019,95.51000213623047,95.5199966430664,1624400,96.87000274658203,96.25,94.79801940917969
06-11-2019,95.45999908447266,96.44999694824219,1198700,96.4800033569336,96.37000274658203,94.91621398925781
07-11-2019,96.04000091552734,97.13999938964844,1032200,97.30000305175781,96.19999694824219,94.74876403808594
08-11-2019,95.55000305175781,95.8499984741211,606100,96.56999969482422,96.54000091552734,95.0836410522461
11-11-2019,95.69999694824219,95.69999694824219,431000,96.48999786376953,96.36000061035156,94.90636444091797
12-11-2019,96.16000366210938,96.56999969482422,1456200,97.06999969482422,96.25,94.79801940917969
13-11-2019,95.33000183105469,95.58000183105469,954300,96.62000274658203,96.05000305175781,94.6010513305664
14-11-2019,95.79000091552734,95.80999755859375,1113800,97.5199966430664,97.0,95.53670501708984
15-11-2019,97.33000183105469,97.38999938964844,1325400,98.25,98.16999816894531,96.68904876708984
18-11-2019,97.0199966430664,97.83000183105469,897200,98.13999938964844,97.36000061035156,95.89128112792969
19-11-2019,97.62999725341797,98.08999633789062,1706700,99.2300033569336,99.18000030517578,97.68380737304688
20-11-2019,97.31999969482422,98.69000244140625,1367600,99.08999633789062,98.48999786376953,97.00422668457031
21-11-2019,97.2699966430664,98.48999786376953,1342900,98.7300033569336,97.87000274658203,96.3935775756836
22-11-2019,97.33999633789062,98.25,583900,98.43000030517578,97.9000015258789,96.42312622070312
25-11-2019,97.6500015258789,98.04000091552734,1150100,99.04000091552734,98.70999908447266,97.22090911865234
26-11-2019,98.23999786376953,98.76000213623047,1498100,99.27999877929688,99.26000213623047,97.76261901855469
27-11-2019,98.68000030517578,99.43000030517578,532900,99.73999786376953,99.48999786376953,97.98915100097656
29-11-2019,98.55999755859375,98.97000122070312,526200,99.41999816894531,99.01000213623047,97.5163803100586
02-12-2019,97.5,99.0,1153500,99.16000366210938,97.54000091552734,96.06856536865234
03-12-2019,95.8499984741211,96.5199966430664,1231700,97.27999877929688,96.87000274658203,95.4086685180664
04-12-2019,96.66999816894531,97.66999816894531,976000,98.54000091552734,96.69999694824219,95.24122619628906
05-12-2019,96.58999633789062,96.83999633789062,1088900,97.72000122070312,97.68000030517578,96.34593200683594
06-12-2019,98.47000122070312,98.68000030517578,1074800,98.95999908447266,98.55000305175781,97.20406341552734
09-12-2019,98.0999984741211,98.37000274658203,556400,98.98999786376953,98.33000183105469,96.98706817626953
10-12-2019,97.66000366210938,98.33000183105469,742100,98.38999938964844,98.08000183105469,96.740478515625
11-12-2019,97.68000030517578,98.55999755859375,822900,98.70999908447266,98.66999816894531,97.32241821289062
12-12-2019,98.25,98.79000091552734,761000,99.83999633789062,99.30000305175781,97.94381713867188
13-12-2019,97.7300033569336,98.83000183105469,851500,99.45999908447266,98.55999755859375,97.21392059326172
16-12-2019,99.0,99.38999938964844,870100,99.80000305175781,99.26000213623047,97.90435791015625
17-12-2019,99.0199966430664,99.61000061035156,1142500,100.05999755859375,99.19999694824219,97.84518432617188
18-12-2019,98.70999908447266,99.55999755859375,874900,99.68000030517578,98.95999908447266,97.60845184326172
19-12-2019,98.37000274658203,98.5199966430664,906300,99.76000213623047,99.55999755859375,98.20026397705078
20-12-2019,99.5199966430664,100.33000183105469,1536900,100.58999633789062,99.77999877929688,98.41725158691406
23-12-2019,99.3499984741211,100.0999984741211,466300,100.33999633789062,100.13999938964844,98.7723388671875
24-12-2019,99.44999694824219,100.08999633789062,180500,100.13999938964844,99.70999908447266,98.34820556640625
26-12-2019,99.2300033569336,100.13999938964844,621000,100.13999938964844,100.06999969482422,98.70330810546875
27-12-2019,99.61000061035156,100.33999633789062,339400,100.87999725341797,99.94999694824219,98.58494567871094
30-12-2019,99.5199966430664,100.11000061035156,460900,100.20999908447266,99.93000030517578,98.56521606445312
31-12-2019,99.55999755859375,99.87999725341797,641100,100.43000030517578,99.73999786376953,98.37781524658203
02-01-2020,99.44000244140625,100.1500015258789,1108200,100.80000305175781,100.80000305175781,99.42333984375
03-01-2020,99.19000244140625,99.29000091552734,785500,101.02999877929688,100.94000244140625,99.5614242553711
06-01-2020,99.88999938964844,100.30999755859375,1157800,101.08999633789062,101.05000305175781,99.66991424560547
07-01-2020,100.30999755859375,100.5,1265600,101.77999877929688,101.62999725341797,100.24198913574219
08-01-2020,101.0,101.54000091552734,874000,102.30999755859375,101.86000061035156,100.46885681152344
09-01-2020,100.97000122070312,101.81999969482422,764200,101.97000122070312,101.36000061035156,99.97567749023438
10-01-2020,100.58999633789062,101.61000061035156,840700,101.61000061035156,100.76000213623047,99.38387298583984
13-01-2020,99.9800033569336,100.37999725341797,1181900,101.0,100.83000183105469,99.45291900634766
14-01-2020,100.37999725341797,100.72000122070312,1007400,101.5999984741211,100.83999633789062,99.46278381347656
15-01-2020,100.38999938964844,100.83999633789062,756600,102.0,100.66000366210938,99.28524017333984
16-01-2020,99.83999633789062,100.16000366210938,1642600,100.7699966430664,100.19000244140625,98.82166290283203
17-01-2020,100.19000244140625,100.47000122070312,1532600,102.06999969482422,101.77999877929688,100.38993835449219
21-01-2020,100.87999725341797,101.36000061035156,1176100,101.98999786376953,101.26000213623047,99.87704467773438
22-01-2020,100.2300033569336,101.77999877929688,1143500,102.30000305175781,100.2699966430664,98.90057373046875
23-01-2020,99.29000091552734,99.8499984741211,1012000,100.93000030517578,100.77999877929688,99.40360260009766
24-01-2020,99.19999694824219,101.16000366210938,826700,101.2300033569336,99.56999969482422,98.21012115478516
27-01-2020,97.13999938964844,97.63999938964844,1301500,98.75,97.77999877929688,96.44457244873047
28-01-2020,97.77999877929688,98.12000274658203,1120200,99.97000122070312,99.33000183105469,97.97340393066406
29-01-2020,99.2300033569336,100.01000213623047,939200,100.33000183105469,99.62999725341797,98.26929473876953
30-01-2020,97.9800033569336,98.62999725341797,1232700,99.45999908447266,99.33000183105469,97.97340393066406
31-01-2020,96.54000091552734,98.6500015258789,1285800,98.6500015258789,97.1500015258789,95.82317352294922
03-02-2020,97.29000091552734,97.62999725341797,1316900,98.83000183105469,97.72000122070312,96.38539123535156
04-02-2020,98.95999908447266,99.23999786376953,1633600,100.06999969482422,99.11000061035156,97.75641632080078
05-02-2020,96.69999694824219,98.0,2023400,101.47000122070312,100.02999877929688,98.6638412475586
06-02-2020,97.63999938964844,100.3499984741211,1755200,100.3499984741211,98.68000030517578,97.33228302001953
07-02-2020,98.06999969482422,98.3499984741211,1711000,99.91000366210938,98.30000305175781,96.95747375488281
10-02-2020,97.61000061035156,98.06999969482422,1407900,98.61000061035156,98.5999984741211,97.25337219238281
11-02-2020,98.79000091552734,99.0,1179800,100.87999725341797,100.1500015258789,98.78221130371094
12-02-2020,100.66000366210938,101.0,1049300,102.0,101.7699966430664,100.38008117675781
13-02-2020,100.94999694824219,101.18000030517578,1025900,101.83000183105469,101.44000244140625,100.0545883178711
14-02-2020,100.55000305175781,101.63999938964844,776800,101.77999877929688,101.33999633789062,99.9559555053711
18-02-2020,100.16999816894531,101.0,1757200,101.69000244140625,100.47000122070312,99.09783935546875
19-02-2020,100.12999725341797,100.94000244140625,901500,100.94000244140625,100.16999816894531,98.80193328857422
20-02-2020,99.06999969482422,99.7699966430664,1437200,101.1500015258789,100.55000305175781,99.1767349243164
21-02-2020,98.81999969482422,99.9000015258789,3049900,100.13999938964844,99.33999633789062,97.98326873779297
24-02-2020,94.33999633789062,96.30000305175781,2305600,96.4800033569336,95.36000061035156,94.05763244628906
25-02-2020,91.56999969482422,95.80999755859375,1668500,96.08999633789062,91.75,90.4969253540039
26-02-2020,91.05000305175781,92.19000244140625,1677800,93.5199966430664,91.11000061035156,89.86567687988281
27-02-2020,87.33999633789062,89.30000305175781,1974500,91.47000122070312,87.36000061035156,86.16687774658203
28-02-2020,83.23999786376953,84.5,2982200,86.0,86.0,84.82544708251953
02-03-2020,86.06999969482422,86.52999877929688,3211400,90.43000030517578,90.0199966430664,88.79055786132812
03-03-2020,86.77999877929688,90.01000213623047,2258400,91.91999816894531,87.31999969482422,86.12742614746094
04-03-2020,87.62999725341797,88.80999755859375,1634700,91.27999877929688,91.01000213623047,89.76703643798828
05-03-2020,87.79000091552734,88.55999755859375,1935800,89.91999816894531,89.06999969482422,87.853515625
06-03-2020,85.86000061035156,86.01000213623047,2763900,88.9000015258789,88.5199966430664,87.31102752685547
09-03-2020,74.7300033569336,79.98999786376953,3613200,84.7300033569336,76.26000213623047,75.21849060058594
10-03-2020,77.38999938964844,78.7699966430664,3053900,82.30999755859375,82.26000213623047,81.13654327392578
11-03-2020,76.44999694824219,79.41000366210938,2216300,80.19999694824219,77.25,76.19495391845703
12-03-2020,66.75,70.76000213623047,3500000,74.69000244140625,67.5199966430664,66.75338745117188
13-03-2020,67.47000122070312,71.48999786376953,2459700,74.69999694824219,74.5999984741211,73.75300598144531
16-03-2020,61.59000015258789,65.83999633789062,2898600,67.20999908447266,62.540000915527344,61.829933166503906
17-03-2020,60.25,64.04000091552734,3188200,66.7699966430664,65.9000015258789,65.15177917480469
18-03-2020,54.81999969482422,60.54999923706055,3772000,67.31999969482422,65.6500015258789,64.90462493896484
19-03-2020,61.84000015258789,64.80999755859375,3338000,70.20999908447266,69.01000213623047,68.22647094726562
20-03-2020,63.099998474121094,70.70999908447266,3217800,70.70999908447266,63.369998931884766,62.650508880615234
23-03-2020,56.689998626708984,62.5,2527100,62.900001525878906,58.209999084472656,57.549095153808594
24-03-2020,61.150001525878906,62.0099983215332,3162900,69.45999908447266,67.94000244140625,67.16861724853516
25-03-2020,65.5999984741211,68.1500015258789,3310200,74.48999786376953,71.0,70.19387817382812
26-03-2020,69.72000122070312,72.37000274658203,2367500,74.44000244140625,72.41000366210938,71.58787536621094
27-03-2020,67.87999725341797,68.75,2148100,73.63999938964844,71.01000213623047,70.20377349853516
30-03-2020,69.80999755859375,70.97000122070312,1410500,74.0999984741211,73.72000122070312,72.88299560546875
31-03-2020,70.56999969482422,73.0199966430664,2453600,73.70999908447266,72.0199966430664,71.2022933959961
01-04-2020,68.0199966430664,68.44999694824219,2119800,70.41999816894531,69.80999755859375,69.01738739013672
02-04-2020,68.61000061035156,69.30999755859375,1765500,71.68000030517578,71.08999633789062,70.28285217285156
03-04-2020,69.72000122070312,70.80000305175781,1802700,72.36000061035156,71.29000091552734,70.48058319091797
06-04-2020,74.41000366210938,75.44000244140625,1788700,76.27999877929688,75.43000030517578,74.5735855102539
07-04-2020,75.5999984741211,80.11000061035156,1623500,81.5,75.79000091552734,74.92950439453125
08-04-2020,75.2300033569336,75.2300033569336,1350200,77.73999786376953,77.2300033569336,76.3531494140625
09-04-2020,77.33000183105469,77.80999755859375,1537700,80.63999938964844,78.2300033569336,77.341796875
13-04-2020,75.2699966430664,76.98999786376953,968500,77.43000030517578,76.97000122070312,76.0960922241211
14-04-2020,77.44000244140625,78.88999938964844,1214000,81.01000213623047,78.08000183105469,77.19349670410156
15-04-2020,74.51000213623047,75.44999694824219,1224500,76.5199966430664,76.05000305175781,75.1865463256836
16-04-2020,73.11000061035156,76.0199966430664,1860300,77.41000366210938,76.0,75.1371078491211
17-04-2020,78.38999938964844,78.41000366210938,1829500,80.55000305175781,80.30999755859375,79.39817810058594
20-04-2020,77.16000366210938,78.66999816894531,2028200,79.94999694824219,77.75,76.86723327636719
21-04-2020,73.83000183105469,75.86000061035156,2503400,76.58000183105469,73.91000366210938,73.07084655761719
22-04-2020,74.01000213623047,75.77999877929688,1181400,76.58999633789062,75.88999938964844,75.02835083007812
23-04-2020,75.05999755859375,76.75,1370800,77.02999877929688,75.68000030517578,74.82073974609375
24-04-2020,75.26000213623047,76.5999984741211,1015400,77.30000305175781,77.05999755859375,76.1850814819336
27-04-2020,77.26000213623047,77.52999877929688,1134600,79.83000183105469,79.27999877929688,78.37986755371094
28-04-2020,80.13999938964844,81.22000122070312,1366200,82.38999938964844,80.76000213623047,79.84307098388672
29-04-2020,82.0,82.30999755859375,1427500,84.95999908447266,84.5,83.54061126708984
30-04-2020,82.47000122070312,83.30999755859375,1466500,84.62999725341797,83.87000274658203,82.91776275634766
01-05-2020,79.93000030517578,81.97000122070312,1210300,82.33999633789062,80.48999786376953,79.57613372802734
04-05-2020,78.2699966430664,79.68000030517578,2081600,79.94000244140625,79.66999816894531,78.76544189453125
05-05-2020,80.55999755859375,81.55999755859375,2052800,83.62000274658203,81.19000244140625,80.26819610595703
06-05-2020,80.83000183105469,81.37999725341797,1303800,82.47000122070312,81.72000122070312,80.79217529296875
07-05-2020,82.55000305175781,82.95999908447266,1386500,84.12999725341797,83.30999755859375,82.36412048339844
08-05-2020,83.63999938964844,84.7300033569336,1128600,85.08999633789062,84.31999969482422,83.3626480102539
11-05-2020,82.55000305175781,83.61000061035156,921100,83.94999694824219,83.23999786376953,82.29491424560547
12-05-2020,80.62000274658203,83.51000213623047,1409900,83.76000213623047,80.81999969482422,79.90238952636719
13-05-2020,77.5199966430664,80.56999969482422,1604700,80.7300033569336,77.97000122070312,77.0847396850586
14-05-2020,75.22000122070312,76.44999694824219,1916900,79.0999984741211,78.75,77.85588073730469
15-05-2020,77.37000274658203,77.98999786376953,2751800,80.12999725341797,79.58999633789062,78.68634033203125
18-05-2020,82.51000213623047,83.0,1289400,83.95999908447266,83.27999877929688,82.3344497680664
19-05-2020,82.63999938964844,82.79000091552734,1556400,84.80999755859375,84.01000213623047,83.05616760253906
20-05-2020,84.7300033569336,85.13999938964844,1027000,85.8499984741211,84.83000183105469,83.86685943603516
21-05-2020,84.2699966430664,84.8499984741211,1004000,85.38999938964844,84.86000061035156,83.89651489257812
22-05-2020,84.45999908447266,84.9000015258789,1266400,86.0,85.9000015258789,84.9247055053711
26-05-2020,88.2300033569336,89.01000213623047,1963400,90.33000183105469,88.41000366210938,87.40621185302734
27-05-2020,89.5,90.0,1133300,91.83000183105469,91.69000244140625,90.64897155761719
28-05-2020,91.19999694824219,92.5,1545200,93.19999694824219,91.87999725341797,90.83680725097656
29-05-2020,89.91000366210938,91.5,1650200,92.13999938964844,91.70999908447266,90.66873931884766
01-06-2020,90.48999786376953,91.30999755859375,1075400,92.87000274658203,92.0199966430664,90.9752197265625
02-06-2020,91.5,92.3499984741211,1091800,93.83999633789062,92.94000244140625,91.88477325439453
03-06-2020,93.9800033569336,94.37000274658203,1409200,95.55000305175781,95.01000213623047,93.9312744140625
04-06-2020,93.48999786376953,94.16999816894531,786400,94.69000244140625,94.20999908447266,93.1403579711914
05-06-2020,95.7300033569336,97.61000061035156,1287100,97.73999786376953,96.98999786376953,95.8887939453125
08-06-2020,95.5999984741211,97.0999984741211,1351900,98.0,95.94999694824219,94.86060333251953
09-06-2020,93.80000305175781,94.41999816894531,1054600,95.87000274658203,94.79000091552734,93.7137680053711
10-06-2020,92.62999725341797,94.81999969482422,924300,94.87000274658203,93.1500015258789,92.09239959716797
11-06-2020,87.83000183105469,90.12000274658203,1499900,90.43000030517578,88.08999633789062,87.25845336914062
12-06-2020,85.26000213623047,90.05999755859375,1757300,90.18000030517578,87.66000366210938,86.83251953125
15-06-2020,84.63999938964844,85.33000183105469,1274400,89.2300033569336,88.27999877929688,87.4466552734375
16-06-2020,89.2300033569336,91.62000274658203,1159700,91.95999908447266,90.73999786376953,89.88343811035156
17-06-2020,89.7300033569336,91.4000015258789,740400,91.58000183105469,89.9800033569336,89.130615234375
18-06-2020,88.88999938964844,89.43000030517578,788700,90.36000061035156,89.19999694824219,88.35797119140625
19-06-2020,88.05999755859375,91.05000305175781,1856800,91.0999984741211,88.52999877929688,87.69429779052734
22-06-2020,87.33000183105469,88.30000305175781,740000,89.55999755859375,89.33000183105469,88.48674774169922
23-06-2020,88.93000030517578,90.56999969482422,949100,90.56999969482422,89.08000183105469,88.23912048339844
24-06-2020,85.69000244140625,88.16999816894531,1875000,88.26000213623047,85.83999633789062,85.02969360351562
25-06-2020,84.52999877929688,85.55000305175781,1468700,87.25,87.13999938964844,86.31742858886719
26-06-2020,85.05999755859375,86.8499984741211,5586200,86.87000274658203,85.79000091552734,84.98017120361328
29-06-2020,86.16000366210938,87.25,1256600,88.13999938964844,88.11000061035156,87.27827453613281
30-06-2020,87.70999908447266,88.02999877929688,1029400,89.69999694824219,89.37000274658203,88.52637481689453
01-07-2020,87.36000061035156,89.73999786376953,1138400,89.9800033569336,87.58999633789062,86.76316833496094
02-07-2020,88.54000091552734,88.91999816894531,1029600,90.08999633789062,88.95999908447266,88.12024688720703
06-07-2020,89.18000030517578,90.52999877929688,888300,91.27999877929688,89.76000213623047,88.91268920898438
07-07-2020,88.16000366210938,89.1500015258789,774800,89.94999694824219,88.37999725341797,87.54572296142578
08-07-2020,87.0999984741211,88.61000061035156,964900,89.22000122070312,87.98999786376953,87.15939331054688
09-07-2020,85.76000213623047,87.83999633789062,1267900,88.0,86.26000213623047,85.44573211669922
10-07-2020,85.73999786376953,86.19000244140625,811400,86.97000122070312,86.9000015258789,86.07969665527344
13-07-2020,87.22000122070312,87.58000183105469,1749900,89.58999633789062,88.47000122070312,87.63487243652344
14-07-2020,88.58999633789062,88.76000213623047,1604600,91.87999725341797,91.79000091552734,90.92353057861328
15-07-2020,92.68000030517578,93.20999908447266,1378600,93.9000015258789,93.22000122070312,92.34004211425781
16-07-2020,92.33999633789062,92.86000061035156,1135900,94.20999908447266,92.7300033569336,91.85466766357422
17-07-2020,92.7699966430664,93.2699966430664,2857800,93.70999908447266,92.94999694824219,92.07257843017578
20-07-2020,91.11000061035156,92.3499984741211,998000,92.79000091552734,91.43000030517578,90.56693267822266
21-07-2020,91.51000213623047,91.51000213623047,1242900,92.95999908447266,92.05999755859375,91.19097137451172
22-07-2020,92.0,92.01000213623047,1093400,93.70999908447266,93.62000274658203,92.73626708984375
23-07-2020,92.88999938964844,93.58999633789062,918100,94.16999816894531,93.31999969482422,92.4390869140625
24-07-2020,92.38999938964844,93.48999786376953,1011700,93.7699966430664,92.9000015258789,92.02305603027344
27-07-2020,92.16999816894531,92.62999725341797,1086600,93.86000061035156,93.05000305175781,92.17163848876953
28-07-2020,92.0199966430664,92.62000274658203,688500,93.01000213623047,92.08000183105469,91.21080017089844
29-07-2020,92.43000030517578,92.43000030517578,1382300,94.66000366210938,94.3499984741211,93.45936584472656
30-07-2020,92.29000091552734,93.20999908447266,839200,94.11000061035156,93.9000015258789,93.01361846923828
31-07-2020,91.4800033569336,93.31999969482422,1151800,93.52999877929688,93.25,92.36974334716797
03-08-2020,93.2699966430664,93.83000183105469,1333500,95.8499984741211,94.94999694824219,94.05370330810547
04-08-2020,93.12999725341797,93.12999725341797,1197100,95.98999786376953,94.48999786376953,93.59803771972656
05-08-2020,94.95999908447266,95.80999755859375,1003100,97.05000305175781,96.41999816894531,95.50982666015625
06-08-2020,96.13999938964844,96.51000213623047,826900,97.54000091552734,97.5199966430664,96.59944152832031
07-08-2020,96.5999984741211,97.55000305175781,1487500,98.8499984741211,97.79000091552734,96.86689758300781
10-08-2020,97.83999633789062,97.9800033569336,1711300,99.2699966430664,99.04000091552734,98.1051025390625
11-08-2020,99.2300033569336,100.0,1370700,101.68000030517578,99.25,98.3131103515625
12-08-2020,99.9800033569336,100.2300033569336,843300,101.55000305175781,101.2300033569336,100.27442169189453
13-08-2020,100.51000213623047,100.73999786376953,849700,101.33999633789062,100.95999908447266,100.00696563720703
14-08-2020,100.36000061035156,100.36000061035156,1007200,102.02999877929688,101.27999877929688,100.3239517211914
17-08-2020,101.16999816894531,101.27999877929688,906600,101.94000244140625,101.4000015258789,100.44281768798828
18-08-2020,101.30999755859375,101.3499984741211,967600,101.80000305175781,101.58000183105469,100.62112426757812
19-08-2020,100.81999969482422,101.4800033569336,684700,101.52999877929688,101.01000213623047,100.05651092529297
20-08-2020,99.61000061035156,100.06999969482422,637100,100.5999984741211,100.16000366210938,99.21451568603516
21-08-2020,99.83000183105469,99.9800033569336,636900,100.69999694824219,100.23999786376953,99.29376220703125
24-08-2020,99.7699966430664,100.8499984741211,678800,100.97000122070312,100.80000305175781,99.84849548339844
25-08-2020,100.2699966430664,101.41999816894531,568300,101.5999984741211,100.91999816894531,99.96734619140625
26-08-2020,99.97000122070312,100.4800033569336,627500,101.19999694824219,101.01000213623047,100.05651092529297
27-08-2020,100.4800033569336,101.5,586100,101.56999969482422,100.91000366210938,99.95744323730469
28-08-2020,100.66999816894531,101.16999816894531,696900,101.9800033569336,101.93000030517578,100.96782684326172
31-08-2020,100.37000274658203,101.77999877929688,657600,101.77999877929688,100.69999694824219,99.74942016601562
01-09-2020,100.19000244140625,100.41999816894531,533700,102.20999908447266,102.0199966430664,101.05696868896484
02-09-2020,101.61000061035156,101.9800033569336,1525700,103.94999694824219,103.08000183105469,102.10697174072266
03-09-2020,99.05000305175781,103.4000015258789,862100,103.58000183105469,99.88999938964844,98.94708251953125
04-09-2020,98.41999816894531,100.86000061035156,795200,101.2300033569336,99.47000122070312,98.53103637695312
08-09-2020,96.91000366210938,98.66999816894531,915100,98.75,96.98999786376953,96.07444763183594
09-09-2020,97.83000183105469,98.11000061035156,675200,100.0199966430664,99.3499984741211,98.41217803955078
10-09-2020,97.94000244140625,99.5999984741211,1243900,100.36000061035156,98.11000061035156,97.18388366699219
11-09-2020,98.4800033569336,98.7300033569336,914900,100.83999633789062,99.91000366210938,99.14879608154297
14-09-2020,100.51000213623047,100.63999938964844,684600,101.79000091552734,101.38999938964844,100.61751556396484
15-09-2020,101.58999633789062,101.6500015258789,734800,102.94999694824219,102.31999969482422,101.5404281616211
16-09-2020,102.0,102.79000091552734,1079000,103.4800033569336,102.33999633789062,101.5602798461914
17-09-2020,100.30000305175781,101.16000366210938,695700,103.04000091552734,102.33000183105469,101.55035400390625
18-09-2020,100.62000274658203,102.02999877929688,1209300,103.19999694824219,100.70999908447266,99.94269561767578
21-09-2020,95.04000091552734,98.75,919900,99.41000366210938,96.23999786376953,95.50674438476562
22-09-2020,95.98999786376953,96.0999984741211,838300,97.55000305175781,97.23999786376953,96.49913024902344
23-09-2020,95.12000274658203,97.55999755859375,712000,98.41999816894531,95.31999969482422,94.59375762939453
24-09-2020,94.9000015258789,95.31999969482422,834200,97.08000183105469,96.2300033569336,95.49683380126953
25-09-2020,95.1500015258789,95.5199966430664,573300,97.93000030517578,97.48999786376953,96.74722290039062
28-09-2020,98.81999969482422,98.93000030517578,685900,100.44000244140625,99.48999786376953,98.73199462890625
29-09-2020,99.30000305175781,99.94999694824219,1038900,100.91000366210938,99.88999938964844,99.12895202636719
30-09-2020,98.7300033569336,100.0,1032400,101.11000061035156,99.4000015258789,98.6426773071289
01-10-2020,99.01000213623047,100.69999694824219,1046600,101.37999725341797,99.8499984741211,99.08924102783203
02-10-2020,98.04000091552734,98.1500015258789,715400,101.68000030517578,100.77999877929688,100.01216125488281
05-10-2020,101.76000213623047,101.94000244140625,864700,103.97000122070312,103.5,102.71144104003906
06-10-2020,103.22000122070312,103.5,1221200,105.87000274658203,104.33000183105469,103.53511047363281
07-10-2020,105.31999969482422,105.62999725341797,1284700,107.27999877929688,106.54000091552734,105.72827911376953
08-10-2020,105.7300033569336,107.01000213623047,1295100,107.01000213623047,106.5,105.6885757446289
09-10-2020,106.77999877929688,107.5,840000,108.62999725341797,106.94000244140625,106.12523651123047
12-10-2020,106.80000305175781,107.80999755859375,1004800,107.91999816894531,107.62999725341797,106.80996704101562
13-10-2020,105.4800033569336,107.41000366210938,636200,107.94999694824219,106.16000366210938,105.3511734008789
14-10-2020,105.80999755859375,106.87000274658203,778900,108.37000274658203,107.9000015258789,107.07791137695312
15-10-2020,106.4000015258789,106.4000015258789,661000,109.06999969482422,109.01000213623047,108.17945098876953
16-10-2020,108.80999755859375,109.45999908447266,1475800,110.81999969482422,109.8499984741211,109.0130615234375
19-10-2020,107.33999633789062,109.94999694824219,692000,110.4800033569336,107.55000305175781,106.73057556152344
20-10-2020,107.97000122070312,108.2300033569336,543500,109.80999755859375,108.69999694824219,107.87181091308594
21-10-2020,107.12999725341797,108.63999938964844,1088000,109.41999816894531,107.1500015258789,106.33362579345703
22-10-2020,106.8499984741211,107.58000183105469,1198500,108.23999786376953,107.01000213623047,106.19469451904297
23-10-2020,106.88999938964844,107.97000122070312,882700,108.08000183105469,107.76000213623047,106.93898010253906
26-10-2020,104.12000274658203,106.33999633789062,910700,106.48999786376953,105.0999984741211,104.29924011230469
27-10-2020,102.41999816894531,105.05000305175781,820400,105.05000305175781,102.58999633789062,101.8083724975586
28-10-2020,98.05999755859375,100.44999694824219,1287900,101.37999725341797,98.19000244140625,97.44190216064453
29-10-2020,97.51000213623047,98.25,1191200,100.87999725341797,98.91000366210938,98.15641021728516
30-10-2020,96.86000061035156,98.5199966430664,981900,99.25,98.19999694824219,97.45182037353516
02-11-2020,99.70999908447266,99.80999755859375,1178700,102.30000305175781,102.2699966430664,101.49081420898438
03-11-2020,103.16999816894531,103.62999725341797,1122200,105.80000305175781,105.29000091552734,104.48779296875
04-11-2020,103.06999969482422,104.5199966430664,1094000,106.38999938964844,105.38999938964844,104.5870361328125
05-11-2020,106.44999694824219,106.86000061035156,881000,109.5,109.05000305175781,108.21915435791016
06-11-2020,108.86000061035156,109.18000030517578,942400,110.69999694824219,110.31999969482422,109.47947692871094
09-11-2020,113.93000030517578,117.06999969482422,1610400,118.94999694824219,114.06999969482422,113.20089721679688
10-11-2020,113.77999877929688,114.33999633789062,1620000,117.43000030517578,116.44999694824219,115.56277465820312
11-11-2020,116.05999755859375,117.0,1143900,117.55000305175781,116.76000213623047,115.87040710449219
12-11-2020,114.77999877929688,116.27999877929688,872700,116.94999694824219,115.44999694824219,114.57039642333984
13-11-2020,115.75,116.66000366210938,829100,117.51000213623047,117.2699966430664,116.37651824951172
16-11-2020,118.4000015258789,118.86000061035156,1256100,120.33999633789062,120.08000183105469,119.16512298583984
17-11-2020,118.44000244140625,119.37999725341797,1058000,119.9000015258789,118.76000213623047,117.85517883300781
18-11-2020,118.25,119.20999908447266,1009500,120.3499984741211,119.23999786376953,118.3315200805664
19-11-2020,117.12999725341797,118.97000122070312,1048300,119.29000091552734,118.18000030517578,117.27959442138672
20-11-2020,116.5199966430664,118.30000305175781,862100,118.36000061035156,117.41999816894531,116.52538299560547
23-11-2020,117.3499984741211,118.4800033569336,817700,118.9000015258789,117.79000091552734,116.89256286621094
24-11-2020,117.55999755859375,118.9000015258789,1679400,121.69000244140625,121.25,120.3261947631836
25-11-2020,118.94999694824219,120.58999633789062,681600,120.66999816894531,119.81999969482422,118.90709686279297
27-11-2020,119.18000030517578,120.0999984741211,423000,120.3499984741211,119.7699966430664,118.85748291015625
30-11-2020,117.54000091552734,119.72000122070312,964400,119.80999755859375,118.52999877929688,117.62692260742188
01-12-2020,117.1500015258789,119.54000091552734,1241900,120.08000183105469,117.23999786376953,116.34676361083984
02-12-2020,114.51000213623047,116.61000061035156,1380100,117.20999908447266,115.0199966430664,114.14366912841797
03-12-2020,114.23999786376953,114.81999969482422,927100,116.0199966430664,114.43000030517578,113.55815887451172
04-12-2020,114.4800033569336,114.4800033569336,858600,117.41000366210938,116.83999633789062,116.13247680664062
07-12-2020,116.70999908447266,117.2300033569336,725500,117.87000274658203,117.61000061035156,116.89781188964844
08-12-2020,116.91000366210938,116.91000366210938,1130600,119.2300033569336,118.56999969482422,117.85200500488281
09-12-2020,118.19000244140625,118.83999633789062,849900,119.30000305175781,118.76000213623047,118.04085540771484
10-12-2020,117.23999786376953,118.11000061035156,880600,119.06999969482422,118.3499984741211,117.63333129882812
11-12-2020,116.80000305175781,117.01000213623047,1045400,118.54000091552734,118.37999725341797,117.66315460205078
14-12-2020,116.23999786376953,119.4800033569336,763500,119.69000244140625,116.30000305175781,115.59574890136719
15-12-2020,116.22000122070312,117.52999877929688,754800,118.58999633789062,117.79000091552734,117.07672882080078
16-12-2020,116.2699966430664,117.9000015258789,660300,118.12999725341797,116.77999877929688,116.07284545898438
17-12-2020,116.83999633789062,117.2699966430664,789200,117.77999877929688,117.62999725341797,116.9177017211914
18-12-2020,116.9800033569336,117.61000061035156,1914100,118.52999877929688,118.0999984741211,117.38485717773438
21-12-2020,114.62999725341797,115.93000030517578,756400,118.58999633789062,118.11000061035156,117.3947982788086
22-12-2020,117.23999786376953,118.31999969482422,560200,118.56999969482422,117.66000366210938,116.94751739501953
23-12-2020,117.52999877929688,118.25,454000,119.44000244140625,118.62000274658203,117.90170288085938
24-12-2020,118.0,118.63999938964844,188500,119.31999969482422,119.04000091552734,118.31916046142578
28-12-2020,119.62000274658203,120.13999938964844,371200,120.9000015258789,119.76000213623047,119.03480529785156
29-12-2020,117.66000366210938,120.33999633789062,392200,120.33999633789062,118.66000366210938,117.94145965576172
30-12-2020,119.05999755859375,119.08000183105469,437000,120.3499984741211,119.83000183105469,119.10438537597656
31-12-2020,118.81999969482422,120.0999984741211,638700,121.06999969482422,120.94000244140625,120.20764923095703
04-01-2021,117.70999908447266,121.0999984741211,1154500,122.33000183105469,118.37999725341797,117.66315460205078
05-01-2021,117.91999816894531,117.91999816894531,837400,119.91000366210938,119.19999694824219,118.47817993164062
06-01-2021,120.45999908447266,120.45999908447266,848400,125.26000213623047,124.25,123.49760437011719
07-01-2021,123.43000030517578,124.95999908447266,734900,125.80999755859375,124.4000015258789,123.64669799804688
08-01-2021,122.05000305175781,125.02999877929688,675300,125.31999969482422,123.54000091552734,122.79191589355469
11-01-2021,121.91999816894531,122.01000213623047,640000,124.93000030517578,124.1500015258789,123.3982162475586
12-01-2021,123.30000305175781,124.06999969482422,640100,124.83000183105469,124.12000274658203,123.36840057373047
13-01-2021,121.33999633789062,123.88999938964844,660800,123.9800033569336,121.44000244140625,120.70463562011719
14-01-2021,120.0199966430664,121.61000061035156,679700,121.83999633789062,120.72000122070312,119.98898315429688
15-01-2021,116.9000015258789,119.72000122070312,1241900,119.72000122070312,119.0,118.2793960571289
19-01-2021,118.45999908447266,120.19000244140625,814900,121.06999969482422,118.94999694824219,118.22969818115234
20-01-2021,118.6500015258789,119.37000274658203,731600,120.66999816894531,120.11000061035156,119.38268280029297
21-01-2021,119.27999877929688,120.2699966430664,758100,121.5199966430664,119.4800033569336,118.75650024414062
22-01-2021,116.91000366210938,119.0,974800,119.6500015258789,117.3499984741211,116.63938903808594
25-01-2021,114.43000030517578,116.5999984741211,1041800,117.0,116.3499984741211,115.64544677734375
26-01-2021,113.23999786376953,117.16000366210938,930300,117.41999816894531,113.30000305175781,112.6139144897461
27-01-2021,106.95999908447266,111.69999694824219,2026000,112.01000213623047,111.05999755859375,110.38748168945312
28-01-2021,111.75,112.48999786376953,1323800,116.0,114.77999877929688,114.08495330810547
29-01-2021,112.52999877929688,113.7699966430664,1505500,115.38999938964844,113.26000213623047,112.57416534423828
01-02-2021,112.69000244140625,114.0,1177000,115.11000061035156,114.87999725341797,114.1843490600586
02-02-2021,115.62999725341797,116.44000244140625,836500,117.16000366210938,116.48999786376953,115.78459930419922
03-02-2021,115.41999816894531,116.1500015258789,956100,116.77999877929688,116.52999877929688,115.82434844970703
04-02-2021,115.66999816894531,117.5199966430664,2128900,119.56999969482422,117.1500015258789,116.44059753417969
05-02-2021,116.8499984741211,117.41000366210938,2011100,118.80000305175781,117.0,116.29151153564453
08-02-2021,117.68000030517578,117.83999633789062,1291200,120.12000274658203,119.88999938964844,119.16400909423828
09-02-2021,119.4800033569336,120.0,1397100,122.11000061035156,120.91000366210938,120.17784881591797
10-02-2021,119.68000030517578,121.3499984741211,983100,121.3499984741211,120.4800033569336,119.75044250488281
11-02-2021,120.0,121.52999877929688,739000,122.0,121.6500015258789,120.91334533691406
12-02-2021,120.38999938964844,121.06999969482422,630800,122.0199966430664,121.75,121.01274871826172
16-02-2021,120.62000274658203,122.4800033569336,632100,122.5999984741211,121.2300033569336,120.49590301513672
17-02-2021,119.62999725341797,120.62999725341797,848200,121.26000213623047,120.20999908447266,119.48207092285156
18-02-2021,117.95999908447266,119.7300033569336,810300,119.93000030517578,118.94999694824219,118.22969818115234
19-02-2021,119.38999938964844,119.77999877929688,863600,122.30000305175781,120.86000061035156,120.12814331054688
22-02-2021,119.0,120.25,762700,120.87999725341797,120.13999938964844,119.4124984741211
23-02-2021,118.06999969482422,119.61000061035156,1300700,120.55000305175781,119.94000244140625,119.21371459960938
24-02-2021,119.91999816894531,120.5199966430664,816000,123.69999694824219,123.01000213623047,122.26512145996094
25-02-2021,119.68000030517578,123.12999725341797,859500,123.8499984741211,120.30000305175781,119.57154083251953
26-02-2021,117.80000305175781,120.91999816894531,1426100,120.91999816894531,117.97000122070312,117.25564575195312
01-03-2021,119.52999877929688,119.52999877929688,828400,123.05999755859375,122.27999877929688,121.53954315185547
02-03-2021,121.81999969482422,122.52999877929688,717300,122.94999694824219,122.38999938964844,121.64887237548828
03-03-2021,121.80999755859375,122.0199966430664,839200,124.0,122.4800033569336,121.73832702636719
04-03-2021,118.41000366210938,122.2699966430664,862200,123.11000061035156,120.38999938964844,119.66098022460938
05-03-2021,118.86000061035156,121.4800033569336,982600,122.76000213623047,122.25,121.50971221923828
08-03-2021,122.05000305175781,123.30999755859375,1490600,125.77999877929688,123.4800033569336,122.7322769165039
09-03-2021,120.62000274658203,124.23999786376953,1435600,124.45999908447266,120.62999725341797,119.8995361328125
10-03-2021,120.23999786376953,121.12999725341797,1565100,124.0199966430664,123.72000122070312,122.97080993652344
11-03-2021,121.69000244140625,123.69000244140625,1245300,124.69000244140625,121.91000366210938,121.17179107666016
12-03-2021,120.41000366210938,122.04000091552734,1075700,122.0999984741211,121.56999969482422,121.03239440917969
15-03-2021,119.75,121.29000091552734,1096700,122.8499984741211,122.77999877929688,122.2370376586914
16-03-2021,120.73999786376953,123.55000305175781,610000,124.11000061035156,120.83999633789062,120.30562591552734
17-03-2021,120.19999694824219,120.76000213623047,868300,123.16999816894531,121.70999908447266,121.17178344726562
18-03-2021,121.25,121.44000244140625,827200,124.0,121.66999816894531,121.13195037841797
19-03-2021,120.11000061035156,121.12999725341797,1226600,122.41000366210938,120.76000213623047,120.22599029541016
22-03-2021,120.25,120.91999816894531,1456700,123.2699966430664,122.88999938964844,122.3465576171875
23-03-2021,121.12999725341797,122.33999633789062,1205100,124.72000122070312,121.66999816894531,121.13195037841797
24-03-2021,122.0199966430664,122.20999908447266,932900,124.5199966430664,122.80999755859375,122.26691436767578
25-03-2021,120.63999938964844,123.11000061035156,1254800,123.23999786376953,123.05000305175781,122.505859375
26-03-2021,122.83999633789062,124.0,1045800,127.5199966430664,127.31999969482422,126.75696563720703
29-03-2021,126.05999755859375,126.51000213623047,1354800,128.83999633789062,128.2100067138672,127.6430435180664
30-03-2021,127.13999938964844,127.95999908447266,1011900,129.1300048828125,127.44000244140625,126.8764419555664
31-03-2021,126.27999877929688,127.79000091552734,1247900,128.9499969482422,127.7300033569336,127.16516876220703
01-04-2021,127.0,128.3300018310547,701000,128.99000549316406,128.66000366210938,128.09104919433594
05-04-2021,128.8300018310547,129.77999877929688,738000,130.7899932861328,130.7100067138672,130.13197326660156
06-04-2021,129.3699951171875,130.61000061035156,947300,131.7899932861328,129.7899932861328,129.21603393554688
07-04-2021,128.64999389648438,129.66000366210938,555300,130.11000061035156,129.5500030517578,128.97711181640625
08-04-2021,128.42999267578125,129.02999877929688,1945900,131.08999633789062,130.32000732421875,129.7437286376953
09-04-2021,130.08999633789062,130.9199981689453,865000,131.47999572753906,131.2899932861328,130.70941162109375
12-04-2021,131.3300018310547,131.3300018310547,784100,133.10000610351562,132.99000549316406,132.40191650390625
13-04-2021,130.97999572753906,132.3800048828125,1022200,132.58999633789062,131.86000061035156,131.2769012451172
14-04-2021,131.00999450683594,132.38999938964844,707000,132.60000610351562,131.11000061035156,130.53021240234375
15-04-2021,131.47999572753906,131.47999572753906,1006000,133.9499969482422,133.14999389648438,132.56118774414062
16-04-2021,132.2899932861328,134.3300018310547,1456900,134.8000030517578,132.85000610351562,132.2625274658203
19-04-2021,130.91000366210938,133.0,727500,133.27999877929688,132.1199951171875,131.53573608398438
20-04-2021,130.1300048828125,131.5,723400,132.22000122070312,130.88999938964844,130.31117248535156
21-04-2021,130.6699981689453,131.0500030517578,624900,133.1699981689453,133.08999633789062,132.50144958496094
22-04-2021,132.92999267578125,133.63999938964844,946300,134.24000549316406,133.52999877929688,132.9394989013672
23-04-2021,133.50999450683594,133.7899932861328,540900,135.61000061035156,135.00999450683594,134.4129638671875
26-04-2021,134.44000244140625,135.27999877929688,768000,136.0399932861328,134.69000244140625,134.09439086914062
27-04-2021,133.63999938964844,134.9199981689453,543000,135.35000610351562,135.10000610351562,134.5025634765625
28-04-2021,134.4600067138672,134.97000122070312,737100,136.0500030517578,135.07000732421875,134.4727020263672
29-04-2021,135.1999969482422,136.0800018310547,948000,137.83999633789062,137.08999633789062,136.4837646484375
30-04-2021,134.55999755859375,135.86000061035156,881900,136.27999877929688,134.92999267578125,134.33331298828125
03-05-2021,133.86000061035156,136.10000610351562,1104200,136.10000610351562,134.30999755859375,133.71604919433594
04-05-2021,133.1300048828125,133.82000732421875,1462200,136.88999938964844,136.02999877929688,135.42845153808594
05-05-2021,134.9499969482422,136.94000244140625,1381200,137.39999389648438,136.8800048828125,136.2747039794922
06-05-2021,134.69000244140625,136.2100067138672,1509200,137.2899932861328,135.83999633789062,135.23928833007812
07-05-2021,134.7899932861328,135.38999938964844,1545400,138.05999755859375,137.3300018310547,136.72271728515625
10-05-2021,136.9199981689453,137.8000030517578,886000,139.07000732421875,137.08999633789062,136.4837646484375
11-05-2021,134.14999389648438,135.6699981689453,1333700,136.4199981689453,136.13999938964844,135.53797912597656
12-05-2021,130.47000122070312,135.77999877929688,1660800,135.86000061035156,130.83999633789062,130.2613983154297
13-05-2021,131.16000366210938,131.52999877929688,856400,133.99000549316406,133.4199981689453,132.82998657226562
14-05-2021,133.75,134.22999572753906,716900,134.8699951171875,134.33999633789062,133.74591064453125
17-05-2021,132.1699981689453,133.72999572753906,713200,134.4199981689453,133.94000244140625,133.3477020263672
18-05-2021,132.02000427246094,133.83999633789062,786700,134.30999755859375,132.0800018310547,131.4959259033203
19-05-2021,129.6699981689453,130.39999389648438,911900,131.66000366210938,131.52999877929688,130.9483642578125
20-05-2021,131.32000732421875,132.39999389648438,715500,132.57000732421875,132.3800048828125,131.7946014404297
21-05-2021,131.97999572753906,133.02000427246094,1615000,133.86000061035156,132.85000610351562,132.2625274658203
24-05-2021,132.6199951171875,133.58999633789062,1077600,134.2100067138672,133.69000244140625,133.0988006591797
25-05-2021,132.97000122070312,133.8800048828125,787000,134.52999877929688,133.1199951171875,132.5313262939453
26-05-2021,132.07000732421875,133.1300048828125,561900,133.6300048828125,133.49000549316406,132.89968872070312
27-05-2021,134.1699981689453,134.61000061035156,853600,134.9600067138672,134.3800048828125,133.78575134277344
28-05-2021,134.02000427246094,135.1199951171875,875400,135.57000732421875,135.10000610351562,134.5025634765625
01-06-2021,135.17999267578125,136.3300018310547,728100,136.9499969482422,135.77000427246094,135.16961669921875
02-06-2021,135.05999755859375,135.60000610351562,1205900,136.86000061035156,135.8699951171875,135.2691650390625
03-06-2021,134.67999267578125,135.2100067138672,1094400,137.57000732421875,136.8300018310547,136.22491455078125
04-06-2021,136.89999389648438,137.33999633789062,999700,137.94000244140625,137.6999969482422,137.091064453125
07-06-2021,135.80999755859375,138.05999755859375,724300,138.10000610351562,136.67999267578125,136.0755615234375
08-06-2021,135.74000549316406,136.99000549316406,584500,137.39999389648438,136.7100067138672,136.10545349121094
09-06-2021,135.41000366210938,136.42999267578125,567700,136.4499969482422,135.7100067138672,135.10987854003906
10-06-2021,135.5,136.27000427246094,718100,137.0,136.35000610351562,135.74703979492188
11-06-2021,135.57000732421875,137.0,673100,137.41000366210938,135.86000061035156,135.45790100097656
14-06-2021,134.83999633789062,135.4600067138672,553600,136.25999450683594,136.17999267578125,135.77694702148438
15-06-2021,135.57000732421875,136.2100067138672,548200,137.5399932861328,137.16000366210938,136.75404357910156
16-06-2021,135.33999633789062,137.16000366210938,720900,137.6199951171875,135.39999389648438,134.99925231933594
17-06-2021,132.97000122070312,135.82000732421875,870300,136.1199951171875,133.99000549316406,133.5934295654297
18-06-2021,130.57000732421875,132.11000061035156,1545100,133.0,130.64999389648438,130.2633056640625
21-06-2021,131.55999755859375,132.07000732421875,779200,133.91000366210938,133.72000122070312,133.32423400878906
22-06-2021,133.11000061035156,133.86000061035156,662800,134.24000549316406,133.6199951171875,133.22451782226562
23-06-2021,132.86000061035156,133.97000122070312,594800,134.19000244140625,133.27999877929688,132.8855438232422
24-06-2021,132.83999633789062,134.0399932861328,758500,134.25999450683594,133.6300048828125,133.2344970703125
25-06-2021,133.61000061035156,133.72000122070312,1042300,134.50999450683594,133.64999389648438,133.25442504882812
28-06-2021,132.2100067138672,133.80999755859375,1307900,133.91000366210938,133.22999572753906,132.83567810058594
29-06-2021,132.85000610351562,133.77000427246094,648600,134.5399932861328,132.97999572753906,132.58642578125
30-06-2021,132.61000061035156,132.77999877929688,709300,133.6999969482422,133.5,133.10487365722656
01-07-2021,133.47999572753906,134.3800048828125,607800,134.69000244140625,133.94000244140625,133.5435791015625
02-07-2021,133.52999877929688,133.9600067138672,775800,135.1699981689453,134.94000244140625,134.54061889648438
06-07-2021,131.57000732421875,134.5399932861328,1240000,134.72000122070312,133.0,132.6063690185547
07-07-2021,132.60000610351562,132.8699951171875,980600,135.57000732421875,135.27999877929688,134.87960815429688
08-07-2021,131.6699981689453,133.10000610351562,900900,134.2899932861328,133.02999877929688,132.6362762451172
09-07-2021,134.4499969482422,134.77000427246094,912300,135.9600067138672,135.47000122070312,135.06906127929688
12-07-2021,134.1199951171875,134.5800018310547,1111300,136.69000244140625,136.3000030517578,135.89659118652344
13-07-2021,134.72000122070312,135.8300018310547,722500,136.27000427246094,135.00999450683594,134.61041259765625
14-07-2021,134.0399932861328,135.4600067138672,1089900,135.7100067138672,134.82000732421875,134.42098999023438
15-07-2021,134.0,134.0,876600,136.10000610351562,135.72999572753906,135.32827758789062
16-07-2021,135.39999389648438,136.0399932861328,2951000,137.1999969482422,136.22999572753906,135.82681274414062
19-07-2021,131.6300048828125,134.47999572753906,1268800,134.47999572753906,133.05999755859375,132.6661834716797
20-07-2021,133.19000244140625,133.6300048828125,1064800,137.3000030517578,136.72999572753906,136.3253173828125
21-07-2021,136.60000610351562,137.5,764000,137.88999938964844,137.02000427246094,136.61447143554688
22-07-2021,135.92999267578125,137.25,758600,137.58999633789062,137.1699981689453,136.76402282714844
23-07-2021,136.69000244140625,137.99000549316406,682700,138.1300048828125,137.8300018310547,137.4220733642578
26-07-2021,136.75,137.57000732421875,727700,138.3800048828125,137.25,136.84378051757812
27-07-2021,135.63999938964844,136.5800018310547,636700,137.83999633789062,137.02999877929688,136.6244354248047
28-07-2021,135.92999267578125,137.3000030517578,467200,137.77999877929688,136.8699951171875,136.46490478515625
29-07-2021,137.4199981689453,138.1199951171875,544200,138.83999633789062,138.60000610351562,138.18980407714844
30-07-2021,138.38999938964844,138.55999755859375,945600,139.69000244140625,139.0500030517578,138.6384735107422
02-08-2021,137.92999267578125,139.39999389648438,1013200,140.10000610351562,138.22999572753906,137.8208770751953
03-08-2021,137.00999450683594,137.8800048828125,928800,139.8000030517578,138.77000427246094,138.3592987060547
04-08-2021,136.42999267578125,139.13999938964844,1085300,139.72000122070312,136.72000122070312,136.3153533935547
05-08-2021,136.10000610351562,137.47000122070312,885800,137.80999755859375,136.89999389648438,136.49481201171875
06-08-2021,136.13999938964844,137.88999938964844,1174200,138.0399932861328,136.82000732421875,136.41505432128906
09-08-2021,135.8000030517578,136.9199981689453,694700,136.9199981689453,136.0500030517578,135.6473388671875
10-08-2021,136.0,136.10000610351562,1237100,137.16000366210938,136.8000030517578,136.39511108398438
11-08-2021,136.6300048828125,137.30999755859375,1282200,137.60000610351562,137.4499969482422,137.04318237304688
12-08-2021,136.88999938964844,137.55999755859375,545700,137.80999755859375,137.25,136.84378051757812
13-08-2021,136.24000549316406,137.1999969482422,393300,137.30999755859375,137.24000549316406,136.8338165283203
16-08-2021,136.10000610351562,137.14999389648438,682400,137.6699981689453,137.61000061035156,137.2027130126953
17-08-2021,135.19000244140625,136.89999389648438,577000,137.27999877929688,136.27000427246094,135.86668395996094
18-08-2021,134.8800048828125,135.63999938964844,636900,136.47000122070312,135.0,134.60044860839844
19-08-2021,133.60000610351562,133.86000061035156,676000,135.4499969482422,134.3699951171875,133.97230529785156
20-08-2021,133.8699951171875,134.27999877929688,584400,135.77999877929688,134.77000427246094,134.37112426757812
23-08-2021,134.94000244140625,135.61000061035156,503300,136.0500030517578,135.2899932861328,134.88958740234375
24-08-2021,135.49000549316406,135.52999877929688,423400,136.60000610351562,136.0800018310547,135.67726135253906
25-08-2021,135.3800048828125,136.24000549316406,713700,136.77999877929688,136.63999938964844,136.23558044433594
26-08-2021,135.82000732421875,136.61000061035156,458900,136.61000061035156,135.97999572753906,135.57754516601562
27-08-2021,136.41000366210938,136.5500030517578,505100,137.3800048828125,136.83999633789062,136.4349822998047
30-08-2021,136.72999572753906,137.52000427246094,564100,137.9499969482422,137.1199951171875,136.7141571044922
31-08-2021,135.67999267578125,137.0500030517578,934700,137.22000122070312,135.97000122070312,135.5675811767578
01-09-2021,133.89999389648438,136.36000061035156,1035900,136.36000061035156,134.17999267578125,133.78285217285156
02-09-2021,134.41000366210938,134.77000427246094,1238400,135.91000366210938,135.80999755859375,135.40805053710938
03-09-2021,134.83999633789062,135.57000732421875,697000,135.88999938964844,135.39999389648438,134.99925231933594
07-09-2021,133.11000061035156,134.5800018310547,1419700,134.82000732421875,133.1300048828125,132.73599243164062
08-09-2021,131.3800048828125,132.75,1264400,133.1699981689453,132.8800048828125,132.48672485351562
09-09-2021,131.5,132.72999572753906,1013000,133.4199981689453,131.75999450683594,131.37002563476562
10-09-2021,130.35000610351562,132.52000427246094,1297200,132.77999877929688,130.42999267578125,130.04397583007812
13-09-2021,129.05999755859375,131.39999389648438,1599900,131.49000549316406,130.5500030517578,130.36351013183594
14-09-2021,130.13999938964844,131.33999633789062,1614900,131.97999572753906,131.24000549316406,131.0525360107422
15-09-2021,130.72000122070312,131.30999755859375,1950100,132.67999267578125,131.42999267578125,131.24224853515625
16-09-2021,130.3300018310547,131.69000244140625,1349300,132.7100067138672,132.3800048828125,132.19090270996094
17-09-2021,130.00999450683594,131.64999389648438,1617800,131.9499969482422,130.13999938964844,129.9541015625
20-09-2021,126.33999633789062,127.7699966430664,1867600,128.05999755859375,127.76000213623047,127.57749938964844
21-09-2021,126.30000305175781,128.57000732421875,1149600,128.5800018310547,127.44000244140625,127.2579574584961
22-09-2021,127.55999755859375,127.94999694824219,1183600,128.66000366210938,127.83999633789062,127.65737915039062
23-09-2021,128.24000549316406,128.60000610351562,862400,130.0500030517578,129.24000549316406,129.05538940429688
24-09-2021,128.5399932861328,128.6999969482422,1124500,130.14999389648438,129.61000061035156,129.4248504638672
27-09-2021,129.5,129.66000366210938,960200,131.32000732421875,129.5399932861328,129.35494995117188
28-09-2021,127.06999969482422,129.08999633789062,929100,129.50999450683594,127.26000213623047,127.07821655273438
29-09-2021,126.58000183105469,127.69999694824219,810500,127.9000015258789,126.83000183105469,126.6488265991211
30-09-2021,123.9800033569336,127.20999908447266,1171000,127.6500015258789,124.01000213623047,123.83285522460938
01-10-2021,122.5,124.44000244140625,1749900,125.70999908447266,124.95999908447266,124.781494140625
04-10-2021,122.37999725341797,124.55999755859375,1079600,125.27999877929688,123.11000061035156,122.93414306640625
05-10-2021,123.0,123.54000091552734,1430700,126.0999984741211,125.41000366210938,125.2308578491211
06-10-2021,122.58000183105469,124.0,964000,125.5,125.44999694824219,125.27079010009766
07-10-2021,125.2699966430664,126.55999755859375,1378500,127.0999984741211,125.5199966430664,125.34069061279297
08-10-2021,124.93000030517578,125.5999984741211,924700,126.51000213623047,126.19000244140625,126.0097427368164
11-10-2021,124.44000244140625,126.20999908447266,816300,127.0,124.45999908447266,124.28221130371094
12-10-2021,123.06999969482422,124.54000091552734,1008800,125.01000213623047,123.4000015258789,123.22372436523438
13-10-2021,122.9000015258789,123.73999786376953,745500,124.70999908447266,124.2699966430664,124.09247589111328
14-10-2021,124.95999908447266,125.58999633789062,1030000,128.50999450683594,128.3800048828125,128.1966094970703
15-10-2021,128.16000366210938,129.32000732421875,925800,130.27000427246094,128.3300018310547,128.1466827392578
18-10-2021,127.02999877929688,127.2699966430664,737900,129.17999267578125,128.97000122070312,128.7857666015625
19-10-2021,129.08999633789062,129.64999389648438,637200,130.49000549316406,130.13999938964844,129.9541015625
20-10-2021,129.55999755859375,130.47999572753906,700500,131.0,130.2899932861328,130.1038818359375
21-10-2021,128.38999938964844,129.6199951171875,820800,130.5399932861328,130.52000427246094,130.33355712890625
22-10-2021,130.58999633789062,131.0800018310547,850900,131.77999877929688,131.13999938964844,130.95266723632812
25-10-2021,129.47000122070312,131.22000122070312,712800,131.69000244140625,130.49000549316406,130.30360412597656
26-10-2021,130.1999969482422,130.6999969482422,555300,131.57000732421875,130.63999938964844,130.45338439941406
27-10-2021,129.80999755859375,130.91000366210938,619100,131.22999572753906,129.8800048828125,129.69447326660156
28-10-2021,130.10000610351562,130.10000610351562,587700,132.1300048828125,131.99000549316406,131.80145263671875
29-10-2021,131.22000122070312,131.6699981689453,1139800,133.52000427246094,132.39999389648438,132.2108612060547
01-11-2021,132.52999877929688,132.52999877929688,1813900,134.55999755859375,134.0500030517578,133.8585205078125
02-11-2021,134.25999450683594,135.0,2387900,140.24000549316406,139.85000610351562,139.65023803710938
03-11-2021,138.97000122070312,140.14999389648438,1581100,141.1999969482422,141.02000427246094,140.8185577392578
04-11-2021,139.66000366210938,141.75999450683594,979100,141.8800048828125,140.39999389648438,140.19943237304688
05-11-2021,140.57000732421875,141.7100067138672,1095600,143.22000122070312,140.94000244140625,140.73867797851562
08-11-2021,139.10000610351562,142.08999633789062,774400,142.5,139.3699951171875,139.17091369628906
09-11-2021,138.4499969482422,139.3000030517578,681700,139.8800048828125,139.36000061035156,139.1609344482422
10-11-2021,138.5,139.1699981689453,770400,140.00999450683594,139.4199981689453,139.22084045410156
11-11-2021,138.5500030517578,139.67999267578125,452700,140.08999633789062,138.72000122070312,138.52183532714844
12-11-2021,138.2899932861328,138.92999267578125,575700,140.32000732421875,140.25999450683594,140.05963134765625
15-11-2021,139.3699951171875,140.74000549316406,703500,140.74000549316406,140.08999633789062,139.88987731933594
16-11-2021,140.08999633789062,140.27999877929688,799100,142.4499969482422,141.41000366210938,141.2080078125
17-11-2021,140.13999938964844,141.1999969482422,965900,141.3800048828125,141.3300018310547,141.12811279296875
18-11-2021,140.55999755859375,141.77000427246094,564100,141.86000061035156,141.0800018310547,140.8784637451172
19-11-2021,140.69000244140625,141.42999267578125,1289200,143.16000366210938,142.47999572753906,142.27645874023438
22-11-2021,141.94000244140625,142.52999877929688,718600,143.47000122070312,141.97999572753906,141.7771759033203
23-11-2021,141.1199951171875,142.6199951171875,953800,143.13999938964844,143.11000061035156,142.9055633544922
24-11-2021,141.8000030517578,142.72999572753906,908800,143.5500030517578,143.11000061035156,142.9055633544922
26-11-2021,138.58999633789062,140.1699981689453,1313600,141.13999938964844,139.08999633789062,138.8913116455078
29-11-2021,139.52000427246094,140.17999267578125,894700,141.22000122070312,140.00999450683594,139.80999755859375
30-11-2021,136.24000549316406,139.1199951171875,1714000,139.6300048828125,136.5,136.3050079345703
01-12-2021,135.7100067138672,138.82000732421875,864000,140.0399932861328,135.8000030517578,135.60601806640625
02-12-2021,136.00999450683594,136.3800048828125,840300,139.82000732421875,138.8699951171875,138.67161560058594
03-12-2021,136.99000549316406,139.2899932861328,1173700,140.10000610351562,139.13999938964844,138.9412384033203
06-12-2021,138.55999755859375,140.4199981689453,803800,140.8800048828125,140.00999450683594,139.80999755859375
07-12-2021,139.83999633789062,141.0,703900,142.11000061035156,140.39999389648438,140.39999389648438
08-12-2021,139.2100067138672,140.57000732421875,626700,141.24000549316406,141.05999755859375,141.05999755859375
09-12-2021,140.3000030517578,140.85000610351562,849000,141.85000610351562,141.08999633789062,141.08999633789062
10-12-2021,141.05999755859375,141.7899932861328,678200,142.83999633789062,142.75,142.75
13-12-2021,142.1300048828125,142.80999755859375,1153000,143.49000549316406,142.5,142.5
14-12-2021,140.47000122070312,143.22000122070312,1022400,143.6999969482422,141.13999938964844,141.13999938964844
15-12-2021,140.72000122070312,141.60000610351562,903700,144.49000549316406,144.27999877929688,144.27999877929688
16-12-2021,142.13999938964844,144.92999267578125,1122600,145.05999755859375,143.85000610351562,143.85000610351562
17-12-2021,139.17999267578125,143.14999389648438,1836400,143.72999572753906,139.8300018310547,139.8300018310547
20-12-2021,136.94000244140625,138.55999755859375,1285400,139.7899932861328,138.99000549316406,138.99000549316406
21-12-2021,139.02000427246094,140.1199951171875,671100,141.19000244140625,140.60000610351562,140.60000610351562
22-12-2021,140.17999267578125,140.55999755859375,540000,141.69000244140625,141.0500030517578,141.0500030517578
23-12-2021,141.42999267578125,141.42999267578125,584600,143.27999877929688,142.57000732421875,142.57000732421875
27-12-2021,142.97999572753906,143.3300018310547,514300,145.6199951171875,145.3300018310547,145.3300018310547
28-12-2021,145.5,145.52000427246094,687300,146.63999938964844,146.36000061035156,146.36000061035156
29-12-2021,146.1699981689453,146.50999450683594,454600,148.07000732421875,147.41000366210938,147.41000366210938
30-12-2021,146.3699951171875,147.72999572753906,353600,147.91000366210938,146.47000122070312,146.47000122070312
31-12-2021,146.1699981689453,146.35000610351562,408800,147.77999877929688,147.0399932861328,147.0399932861328
03-01-2022,142.75999450683594,147.25,850400,147.39999389648438,143.6699981689453,143.6699981689453
04-01-2022,143.92999267578125,144.5,774000,146.52000427246094,146.08999633789062,146.08999633789062
05-01-2022,143.2899932861328,146.5800018310547,1050900,147.52000427246094,143.42999267578125,143.42999267578125
06-01-2022,143.2100067138672,143.75999450683594,761100,146.02000427246094,145.14999389648438,145.14999389648438
07-01-2022,142.32000732421875,145.10000610351562,834300,145.82000732421875,142.3800048828125,142.3800048828125
10-01-2022,138.4600067138672,141.0399932861328,973300,141.3699951171875,140.22999572753906,140.22999572753906
11-01-2022,138.60000610351562,140.5800018310547,883600,142.6699981689453,142.5800018310547,142.5800018310547
12-01-2022,143.02999877929688,143.82000732421875,828600,145.27999877929688,143.61000061035156,143.61000061035156
13-01-2022,142.6300048828125,143.97000122070312,839900,144.77999877929688,144.05999755859375,144.05999755859375
14-01-2022,139.6300048828125,142.75,938100,143.3000030517578,141.5399932861328,141.5399932861328
18-01-2022,137.35000610351562,140.05999755859375,1036500,140.1300048828125,139.55999755859375,139.55999755859375
19-01-2022,138.57000732421875,139.92999267578125,831700,140.82000732421875,138.83999633789062,138.83999633789062
20-01-2022,136.3000030517578,139.27000427246094,682600,140.6199951171875,136.6199951171875,136.6199951171875
21-01-2022,135.17999267578125,136.52000427246094,1411100,137.47000122070312,136.4199981689453,136.4199981689453
24-01-2022,131.7100067138672,134.63999938964844,1232400,136.57000732421875,136.3300018310547,136.3300018310547
25-01-2022,129.94000244140625,133.8000030517578,1514200,135.0,133.88999938964844,133.88999938964844
26-01-2022,131.7100067138672,135.25,1380600,137.0800018310547,133.38999938964844,133.38999938964844
27-01-2022,131.7899932861328,134.57000732421875,953600,135.6999969482422,132.4600067138672,132.4600067138672
28-01-2022,130.4199981689453,132.17999267578125,956600,135.13999938964844,134.99000549316406,134.99000549316406
31-01-2022,133.67999267578125,134.63999938964844,889200,136.9199981689453,136.77000427246094,136.77000427246094
01-02-2022,135.00999450683594,136.67999267578125,892900,137.36000061035156,137.08999633789062,137.08999633789062
02-02-2022,137.1199951171875,137.1199951171875,1535000,139.80999755859375,139.7899932861328,139.7899932861328
03-02-2022,134.64999389648438,134.64999389648438,1260100,143.47999572753906,138.25999450683594,138.25999450683594
04-02-2022,134.02000427246094,138.24000549316406,1076200,138.24000549316406,134.49000549316406,134.49000549316406
07-02-2022,134.1999969482422,134.74000549316406,816400,136.27999877929688,135.25999450683594,135.25999450683594
08-02-2022,134.52999877929688,135.44000244140625,1478700,136.4199981689453,135.4600067138672,135.4600067138672
09-02-2022,135.74000549316406,137.11000061035156,1311800,137.32000732421875,136.52000427246094,136.52000427246094
10-02-2022,134.5399932861328,134.6699981689453,1373200,137.7100067138672,135.49000549316406,135.49000549316406
11-02-2022,130.10000610351562,135.27999877929688,1238500,135.27999877929688,130.80999755859375,130.80999755859375
14-02-2022,129.76499938964844,130.80999755859375,210530,131.25,130.47500610351562,130.47500610351562
