Date,Low,Open,Volume,High,Close,Adjusted Close
13-03-1973,1.109375,0.0,89600,1.125,1.113281011581421,0.17509907484054565
14-03-1973,1.113281011581421,0.0,3200,1.113281011581421,1.113281011581421,0.17509907484054565
15-03-1973,1.109375,0.0,9600,1.113281011581421,1.109375,0.17448481917381287
16-03-1973,1.109375,0.0,9600,1.1171879768371582,1.1171879768371582,0.17571362853050232
19-03-1973,1.09375,0.0,48000,1.109375,1.09375,0.17202724516391754
20-03-1973,1.0859379768371582,0.0,9600,1.089843988418579,1.089843988418579,0.17141281068325043
21-03-1973,1.0859379768371582,0.0,3200,1.0859379768371582,1.0859379768371582,0.17079846560955048
22-03-1973,1.0546879768371582,0.0,22400,1.078125,1.0546879768371582,0.165883406996727
23-03-1973,1.015625,0.0,44800,1.058593988418579,1.015625,0.15973953902721405
26-03-1973,1.0078129768371582,0.0,32000,1.0234379768371582,1.0078129768371582,0.15851084887981415
27-03-1973,1.0078129768371582,0.0,9600,1.015625,1.0078129768371582,0.15851084887981415
28-03-1973,1.0078129768371582,0.0,16000,1.0078129768371582,1.0078129768371582,0.15851084887981415
29-03-1973,1.0078129768371582,0.0,9600,1.011718988418579,1.011718988418579,0.1591251939535141
30-03-1973,0.9882810115814209,0.0,105600,1.003906011581421,0.9882810115814209,0.1554388701915741
02-04-1973,0.984375,0.0,22400,0.9882810115814209,0.9882810115814209,0.1554388701915741
03-04-1973,0.9882810115814209,0.9882810115814209,0,0.9882810115814209,0.9882810115814209,0.1554388701915741
04-04-1973,0.96875,0.0,19200,0.9765629768371582,0.96875,0.15236687660217285
05-04-1973,0.9453129768371582,0.0,19200,0.9609379768371582,0.9453129768371582,0.14868082106113434
06-04-1973,0.890625,0.0,54400,0.9375,0.8945310115814209,0.14069369435310364
09-04-1973,0.890625,0.0,51200,0.9140629768371582,0.8984379768371582,0.14130815863609314
10-04-1973,0.90625,0.0,144000,0.96875,0.9609379768371582,0.15113817155361176
11-04-1973,0.96875,0.0,38400,0.9804689884185791,0.9726560115814209,0.15298137068748474
12-04-1973,0.9726560115814209,0.0,12800,0.9765629768371582,0.9765629768371582,0.15359579026699066
13-04-1973,0.9804689884185791,0.0,9600,0.9804689884185791,0.9804689884185791,0.1542101800441742
16-04-1973,0.9765629768371582,0.0,86400,1.0,1.0,0.15728195011615753
17-04-1973,0.9921879768371582,0.0,48000,1.0,1.0,0.15728195011615753
18-04-1973,0.953125,0.0,89600,0.9921879768371582,0.96875,0.15236687660217285
19-04-1973,0.9765629768371582,0.0,3200,0.9765629768371582,0.9765629768371582,0.15359579026699066
23-04-1973,0.9609379768371582,0.0,35200,0.984375,0.9609379768371582,0.15113817155361176
24-04-1973,0.9609379768371582,0.0,6400,0.96875,0.9609379768371582,0.15113817155361176
25-04-1973,0.921875,0.0,54400,0.953125,0.921875,0.14499448239803314
26-04-1973,0.921875,0.0,12800,0.9296879768371582,0.921875,0.14499448239803314
27-04-1973,0.9296879768371582,0.0,44800,0.9375,0.9296879768371582,0.14622321724891663
30-04-1973,0.9296879768371582,0.0,86400,0.9453129768371582,0.9453129768371582,0.14868082106113434
01-05-1973,0.9453129768371582,0.0,22400,0.9570310115814209,0.9453129768371582,0.14868082106113434
02-05-1973,0.953125,0.0,48000,0.9765629768371582,0.9765629768371582,0.15359579026699066
03-05-1973,0.9609379768371582,0.0,6400,0.96875,0.9609379768371582,0.15113817155361176
04-05-1973,0.9453129768371582,0.0,6400,0.953125,0.9453129768371582,0.14868082106113434
07-05-1973,0.9453129768371582,0.0,16000,0.9492189884185791,0.9453129768371582,0.14868082106113434
08-05-1973,0.9453129768371582,0.0,51200,0.9609379768371582,0.953125,0.14990946650505066
09-05-1973,0.9414060115814209,0.0,35200,0.9609379768371582,0.9414060115814209,0.1480662077665329
10-05-1973,0.9375,0.0,12800,0.9375,0.9375,0.14745189249515533
11-05-1973,0.9296879768371582,0.0,3200,0.9296879768371582,0.9296879768371582,0.14622321724891663
14-05-1973,0.90625,0.0,41600,0.9179689884185791,0.9179689884185791,0.14438004791736603
15-05-1973,0.921875,0.0,140800,0.9335939884185791,0.921875,0.14499448239803314
16-05-1973,0.90625,0.0,51200,0.921875,0.90625,0.14253681898117065
17-05-1973,0.9023439884185791,0.0,9600,0.90625,0.9023439884185791,0.1419224590063095
18-05-1973,0.8984379768371582,0.0,44800,0.9023439884185791,0.8984379768371582,0.14130815863609314
21-05-1973,0.8125,0.0,99200,0.8671879768371582,0.8125,0.12779158353805542
22-05-1973,0.78125,0.0,86400,0.828125,0.78125,0.12287648767232895
23-05-1973,0.7773439884185791,0.0,19200,0.78125,0.7773439884185791,0.12226223945617676
24-05-1973,0.7578129768371582,0.0,32000,0.7695310115814209,0.765625,0.12041905522346497
25-05-1973,0.7734379768371582,0.0,86400,0.7773439884185791,0.7773439884185791,0.12226223945617676
29-05-1973,0.7890629768371582,0.0,86400,0.8125,0.8125,0.12779158353805542
30-05-1973,0.8046879768371582,0.0,19200,0.8085939884185791,0.8085939884185791,0.12717731297016144
31-05-1973,0.78125,0.0,48000,0.8007810115814209,0.78125,0.12287648767232895
01-06-1973,0.7578129768371582,0.0,105600,0.7773439884185791,0.765625,0.12041905522346497
04-06-1973,0.7382810115814209,0.0,64000,0.7578129768371582,0.7382810115814209,0.11611829698085785
05-06-1973,0.7148439884185791,0.0,377600,0.7460939884185791,0.7265629768371582,0.11427527666091919
06-06-1973,0.703125,0.0,1139200,0.734375,0.7070310115814209,0.11120331287384033
07-06-1973,0.71875,0.0,118400,0.765625,0.765625,0.12041905522346497
08-06-1973,0.7578129768371582,0.0,67200,0.7851560115814209,0.7734379768371582,0.1216478943824768
11-06-1973,0.7539060115814209,0.0,240000,0.7734379768371582,0.7734379768371582,0.1216478943824768
12-06-1973,0.7734379768371582,0.0,54400,0.7890629768371582,0.7890629768371582,0.12410538643598557
13-06-1973,0.796875,0.0,6400,0.796875,0.796875,0.12533406913280487
14-06-1973,0.8007810115814209,0.0,16000,0.8125,0.8125,0.12779158353805542
15-06-1973,0.7929689884185791,0.0,28800,0.8046879768371582,0.7929689884185791,0.12471971660852432
18-06-1973,0.8007810115814209,0.0,3200,0.8007810115814209,0.8007810115814209,0.1259484738111496
19-06-1973,0.8046879768371582,0.0,6400,0.8046879768371582,0.8046879768371582,0.1265629380941391
20-06-1973,0.78125,0.0,67200,0.78125,0.78125,0.12287648767232895
21-06-1973,0.796875,0.0,32000,0.796875,0.796875,0.12533406913280487
22-06-1973,0.8046879768371582,0.0,19200,0.8125,0.8125,0.12779158353805542
25-06-1973,0.8046879768371582,0.0,3200,0.8046879768371582,0.8046879768371582,0.1265629380941391
26-06-1973,0.796875,0.0,32000,0.8085939884185791,0.8046879768371582,0.1265629380941391
27-06-1973,0.8125,0.0,6400,0.8125,0.8125,0.12779158353805542
28-06-1973,0.8125,0.0,22400,0.8164060115814209,0.8164060115814209,0.12840604782104492
29-06-1973,0.8164060115814209,0.8164060115814209,0,0.8164060115814209,0.8164060115814209,0.12840604782104492
02-07-1973,0.8046879768371582,0.0,76800,0.8203129768371582,0.8203129768371582,0.12902046740055084
03-07-1973,0.8125,0.0,35200,0.828125,0.828125,0.13024917244911194
05-07-1973,0.8242189884185791,0.0,9600,0.8359379768371582,0.8242189884185791,0.129634827375412
06-07-1973,0.8320310115814209,0.0,16000,0.8359379768371582,0.8359379768371582,0.13147799670696259
09-07-1973,0.84375,0.0,12800,0.84375,0.84375,0.13270671665668488
10-07-1973,0.8515629768371582,0.0,54400,0.8671879768371582,0.8671879768371582,0.13639310002326965
11-07-1973,0.8867189884185791,0.0,51200,0.8984379768371582,0.8867189884185791,0.13946497440338135
12-07-1973,0.8945310115814209,0.0,3200,0.8945310115814209,0.8945310115814209,0.14069369435310364
13-07-1973,0.8984379768371582,0.0,124800,0.9296879768371582,0.8984379768371582,0.14130815863609314
16-07-1973,0.9023439884185791,0.0,9600,0.9023439884185791,0.9023439884185791,0.1419224590063095
17-07-1973,0.9140629768371582,0.0,115200,0.9765629768371582,0.9765629768371582,0.15359579026699066
18-07-1973,0.96875,0.0,41600,0.984375,0.9765629768371582,0.15359579026699066
19-07-1973,0.9804689884185791,0.0,137600,1.0,1.0,0.15728195011615753
20-07-1973,0.9921879768371582,0.0,48000,1.0078129768371582,1.0078129768371582,0.15851084887981415
23-07-1973,1.0,0.0,28800,1.0,1.0,0.15728195011615753
24-07-1973,1.0078129768371582,0.0,6400,1.0078129768371582,1.0078129768371582,0.15851084887981415
25-07-1973,1.015625,0.0,3200,1.015625,1.015625,0.15973953902721405
26-07-1973,1.015625,0.0,16000,1.015625,1.015625,0.15973953902721405
27-07-1973,1.011718988418579,0.0,32000,1.0234379768371582,1.0234379768371582,0.1609683483839035
30-07-1973,1.0234379768371582,1.0234379768371582,0,1.0234379768371582,1.0234379768371582,0.1609683483839035
31-07-1973,1.015625,0.0,57600,1.03125,1.0234379768371582,0.1609683483839035
01-08-1973,1.0078129768371582,0.0,51200,1.015625,1.011718988418579,0.1591251939535141
02-08-1973,0.9882810115814209,0.0,54400,1.015625,0.9882810115814209,0.1554388701915741
03-08-1973,0.9960939884185791,0.0,19200,1.0,1.0,0.15728195011615753
06-08-1973,0.9921879768371582,0.0,6400,1.0,0.9921879768371582,0.1560533195734024
07-08-1973,0.9765629768371582,0.0,6400,0.984375,0.9765629768371582,0.15359579026699066
08-08-1973,0.96875,0.0,32000,0.9726560115814209,0.96875,0.15236687660217285
09-08-1973,0.96875,0.0,12800,0.96875,0.96875,0.15236687660217285
10-08-1973,0.9609379768371582,0.0,19200,0.9609379768371582,0.9609379768371582,0.15113817155361176
13-08-1973,0.9453129768371582,0.0,9600,0.953125,0.9453129768371582,0.14868082106113434
14-08-1973,0.9257810115814209,0.0,9600,0.9375,0.9257810115814209,0.14560866355895996
15-08-1973,0.9140629768371582,0.0,25600,0.921875,0.9140629768371582,0.1437656432390213
16-08-1973,0.9140629768371582,0.0,25600,0.9296879768371582,0.921875,0.14499448239803314
17-08-1973,0.890625,0.0,83200,0.9140629768371582,0.890625,0.1400792896747589
20-08-1973,0.875,0.0,22400,0.8984379768371582,0.875,0.13762179017066956
21-08-1973,0.875,0.0,19200,0.8828129768371582,0.875,0.13762179017066956
22-08-1973,0.8710939884185791,0.0,19200,0.8710939884185791,0.8710939884185791,0.1370074301958084
23-08-1973,0.875,0.0,28800,0.8789060115814209,0.875,0.13762179017066956
24-08-1973,0.8710939884185791,0.0,48000,0.8828129768371582,0.8828129768371582,0.1388506144285202
27-08-1973,0.8789060115814209,0.0,28800,0.8828129768371582,0.8789060115814209,0.13823609054088593
28-08-1973,0.8789060115814209,0.0,3200,0.8789060115814209,0.8789060115814209,0.13823609054088593
29-08-1973,0.8867189884185791,0.0,16000,0.8984379768371582,0.8984379768371582,0.14130815863609314
30-08-1973,0.9023439884185791,0.0,3200,0.9023439884185791,0.9023439884185791,0.1419224590063095
31-08-1973,0.890625,0.0,19200,0.8984379768371582,0.8984379768371582,0.14130815863609314
04-09-1973,0.8984379768371582,0.0,16000,0.90625,0.90625,0.14253681898117065
05-09-1973,0.9140629768371582,0.0,6400,0.9179689884185791,0.9179689884185791,0.14438004791736603
06-09-1973,0.9101560115814209,0.0,28800,0.9257810115814209,0.9257810115814209,0.14560866355895996
07-09-1973,0.90625,0.0,12800,0.9140629768371582,0.90625,0.14253681898117065
10-09-1973,0.8984379768371582,0.0,6400,0.90625,0.8984379768371582,0.14130815863609314
11-09-1973,0.8828129768371582,0.0,76800,0.890625,0.8828129768371582,0.1388506144285202
12-09-1973,0.8632810115814209,0.0,16000,0.875,0.8632810115814209,0.13577863574028015
13-09-1973,0.8632810115814209,0.0,16000,0.8671879768371582,0.8632810115814209,0.13577863574028015
14-09-1973,0.8632810115814209,0.0,25600,0.8710939884185791,0.8632810115814209,0.13577863574028015
17-09-1973,0.859375,0.0,28800,0.8632810115814209,0.859375,0.1351642608642578
18-09-1973,0.8710939884185791,0.0,35200,0.8828129768371582,0.8828129768371582,0.1388506144285202
19-09-1973,0.8945310115814209,0.0,80000,0.90625,0.8945310115814209,0.14069369435310364
20-09-1973,0.8867189884185791,0.0,22400,0.890625,0.890625,0.1400792896747589
21-09-1973,0.8828129768371582,0.0,22400,0.890625,0.890625,0.1400792896747589
24-09-1973,0.890625,0.0,6400,0.8945310115814209,0.8945310115814209,0.14069369435310364
25-09-1973,0.8867189884185791,0.0,64000,0.8945310115814209,0.8945310115814209,0.14069369435310364
26-09-1973,0.90625,0.0,16000,0.90625,0.90625,0.14253681898117065
27-09-1973,0.8984379768371582,0.0,9600,0.8984379768371582,0.8984379768371582,0.14130815863609314
28-09-1973,0.8984379768371582,0.8984379768371582,0,0.8984379768371582,0.8984379768371582,0.14130815863609314
01-10-1973,0.890625,0.0,19200,0.8984379768371582,0.890625,0.1400792896747589
02-10-1973,0.8984379768371582,0.0,22400,0.90625,0.90625,0.14253681898117065
03-10-1973,0.9023439884185791,0.0,16000,0.90625,0.9023439884185791,0.1419224590063095
04-10-1973,0.90625,0.0,102400,0.921875,0.9140629768371582,0.1437656432390213
05-10-1973,0.890625,0.0,332800,0.921875,0.8984379768371582,0.14130815863609314
08-10-1973,0.890625,0.0,6400,0.890625,0.890625,0.1400792896747589
09-10-1973,0.890625,0.0,22400,0.8984379768371582,0.8984379768371582,0.14130815863609314
10-10-1973,0.9023439884185791,0.0,51200,0.9140629768371582,0.9140629768371582,0.1437656432390213
11-10-1973,0.9179689884185791,0.0,9600,0.9257810115814209,0.9257810115814209,0.14560866355895996
12-10-1973,0.9335939884185791,0.0,28800,0.953125,0.953125,0.14990946650505066
15-10-1973,0.953125,0.0,38400,0.9609379768371582,0.953125,0.14990946650505066
16-10-1973,0.953125,0.0,32000,0.9570310115814209,0.9570310115814209,0.15052370727062225
17-10-1973,0.9609379768371582,0.0,54400,0.9726560115814209,0.9726560115814209,0.15298137068748474
18-10-1973,0.9804689884185791,0.0,6400,0.984375,0.984375,0.15482446551322937
19-10-1973,0.984375,0.0,25600,0.984375,0.984375,0.15482446551322937
22-10-1973,0.9765629768371582,0.0,35200,0.984375,0.984375,0.15482446551322937
23-10-1973,0.9765629768371582,0.0,25600,0.9765629768371582,0.9765629768371582,0.15359579026699066
24-10-1973,0.9765629768371582,0.0,9600,0.984375,0.984375,0.15482446551322937
25-10-1973,0.9921879768371582,0.0,153600,1.0390629768371582,1.0390629768371582,0.16342593729496002
26-10-1973,1.03125,0.0,166400,1.0390629768371582,1.0390629768371582,0.16342593729496002
29-10-1973,1.0390629768371582,0.0,9600,1.046875,1.0390629768371582,0.16342593729496002
30-10-1973,1.0390629768371582,1.0390629768371582,0,1.0390629768371582,1.0390629768371582,0.16342593729496002
31-10-1973,1.03125,0.0,9600,1.0390629768371582,1.0390629768371582,0.16342593729496002
01-11-1973,1.0390629768371582,1.0390629768371582,0,1.0390629768371582,1.0390629768371582,0.16342593729496002
02-11-1973,1.015625,0.0,25600,1.027343988418579,1.015625,0.15973953902721405
05-11-1973,1.011718988418579,0.0,44800,1.015625,1.011718988418579,0.1591251939535141
06-11-1973,1.0078129768371582,0.0,9600,1.0078129768371582,1.0078129768371582,0.15851084887981415
07-11-1973,1.0078129768371582,0.0,70400,1.015625,1.015625,0.15973953902721405
08-11-1973,1.0078129768371582,0.0,6400,1.0078129768371582,1.0078129768371582,0.15851084887981415
09-11-1973,1.0,0.0,16000,1.0078129768371582,1.0078129768371582,0.15851084887981415
12-11-1973,0.9296879768371582,0.0,124800,1.0,0.9296879768371582,0.14622321724891663
13-11-1973,0.9140629768371582,0.0,41600,0.921875,0.9140629768371582,0.1437656432390213
14-11-1973,0.90625,0.0,32000,0.9101560115814209,0.90625,0.14253681898117065
15-11-1973,0.8203129768371582,0.0,118400,0.8789060115814209,0.84375,0.13270671665668488
16-11-1973,0.859375,0.0,112000,0.90625,0.90625,0.14253681898117065
19-11-1973,0.859375,0.0,86400,0.8984379768371582,0.8671879768371582,0.13639310002326965
20-11-1973,0.8125,0.0,115200,0.859375,0.8203129768371582,0.12902046740055084
21-11-1973,0.8125,0.0,44800,0.828125,0.828125,0.13024917244911194
23-11-1973,0.8320310115814209,0.0,6400,0.8320310115814209,0.8320310115814209,0.13086354732513428
26-11-1973,0.78125,0.0,64000,0.8203129768371582,0.78125,0.12287648767232895
27-11-1973,0.7890629768371582,0.0,28800,0.796875,0.7890629768371582,0.12410538643598557
28-11-1973,0.78125,0.0,35200,0.7890629768371582,0.7890629768371582,0.12410538643598557
29-11-1973,0.796875,0.0,28800,0.8007810115814209,0.8007810115814209,0.1259484738111496
30-11-1973,0.7929689884185791,0.0,35200,0.796875,0.7929689884185791,0.12471971660852432
03-12-1973,0.7890629768371582,0.0,16000,0.7890629768371582,0.7890629768371582,0.12410538643598557
04-12-1973,0.78125,0.0,6400,0.78125,0.78125,0.12287648767232895
05-12-1973,0.7734379768371582,0.0,25600,0.7734379768371582,0.7734379768371582,0.1216478943824768
06-12-1973,0.75,0.0,67200,0.765625,0.75,0.11796149611473083
07-12-1973,0.7578129768371582,0.0,12800,0.765625,0.7578129768371582,0.11919037252664566
10-12-1973,0.765625,0.0,9600,0.765625,0.765625,0.12041905522346497
11-12-1973,0.765625,0.0,22400,0.765625,0.765625,0.12041905522346497
12-12-1973,0.7578129768371582,0.0,25600,0.7578129768371582,0.7578129768371582,0.11919037252664566
13-12-1973,0.71875,0.0,51200,0.7578129768371582,0.71875,0.11304647475481033
14-12-1973,0.7226560115814209,0.0,25600,0.7304689884185791,0.7304689884185791,0.11488961428403854
17-12-1973,0.71875,0.0,57600,0.71875,0.71875,0.11304647475481033
18-12-1973,0.671875,0.0,227200,0.6875,0.6875,0.10813135653734207
19-12-1973,0.6875,0.0,44800,0.7148439884185791,0.7148439884185791,0.11243210732936859
20-12-1973,0.703125,0.0,64000,0.703125,0.703125,0.110588937997818
21-12-1973,0.6875,0.0,28800,0.703125,0.6875,0.10813135653734207
24-12-1973,0.6953129768371582,0.0,3200,0.6953129768371582,0.6953129768371582,0.1093602105975151
26-12-1973,0.6953129768371582,0.0,12800,0.703125,0.703125,0.110588937997818
27-12-1973,0.7109379768371582,0.0,115200,0.765625,0.765625,0.12041905522346497
28-12-1973,0.765625,0.0,57600,0.7734379768371582,0.7695310115814209,0.12103340029716492
31-12-1973,0.7578129768371582,0.0,9600,0.765625,0.765625,0.12041905522346497
02-01-1974,0.765625,0.765625,0,0.765625,0.765625,0.12041905522346497
03-01-1974,0.7695310115814209,0.0,19200,0.7695310115814209,0.7695310115814209,0.12103340029716492
04-01-1974,0.7734379768371582,0.0,38400,0.7773439884185791,0.7773439884185791,0.12226223945617676
07-01-1974,0.7617189884185791,0.0,32000,0.7695310115814209,0.7695310115814209,0.12103340029716492
08-01-1974,0.75,0.0,57600,0.7578129768371582,0.75,0.11796149611473083
09-01-1974,0.703125,0.0,57600,0.7421879768371582,0.703125,0.110588937997818
10-01-1974,0.703125,0.703125,0,0.703125,0.703125,0.110588937997818
11-01-1974,0.703125,0.0,6400,0.7109379768371582,0.7109379768371582,0.11181772500276566
14-01-1974,0.7109379768371582,0.0,22400,0.71875,0.71875,0.11304647475481033
15-01-1974,0.71875,0.71875,0,0.71875,0.71875,0.11304647475481033
16-01-1974,0.7148439884185791,0.0,28800,0.7304689884185791,0.7304689884185791,0.11488961428403854
17-01-1974,0.7304689884185791,0.0,57600,0.7421879768371582,0.7421879768371582,0.11673281341791153
18-01-1974,0.7460939884185791,0.0,9600,0.7460939884185791,0.7460939884185791,0.1173471063375473
21-01-1974,0.7382810115814209,0.0,12800,0.7421879768371582,0.7421879768371582,0.11673281341791153
22-01-1974,0.7265629768371582,0.0,25600,0.7421879768371582,0.7265629768371582,0.11427527666091919
23-01-1974,0.7265629768371582,0.0,3200,0.7265629768371582,0.7265629768371582,0.11427527666091919
24-01-1974,0.7109379768371582,0.0,38400,0.7226560115814209,0.71875,0.11304647475481033
25-01-1974,0.7226560115814209,0.0,16000,0.7265629768371582,0.7265629768371582,0.11427527666091919
28-01-1974,0.7226560115814209,0.0,16000,0.7265629768371582,0.7265629768371582,0.11427527666091919
29-01-1974,0.734375,0.0,19200,0.734375,0.734375,0.11550399661064148
30-01-1974,0.734375,0.0,6400,0.734375,0.734375,0.11550399661064148
31-01-1974,0.734375,0.0,32000,0.734375,0.734375,0.11550399661064148
01-02-1974,0.7382810115814209,0.0,291200,0.75,0.75,0.11796149611473083
04-02-1974,0.7421879768371582,0.0,64000,0.75,0.7460939884185791,0.1173471063375473
05-02-1974,0.7539060115814209,0.0,25600,0.7578129768371582,0.7578129768371582,0.11919037252664566
06-02-1974,0.7578129768371582,0.7578129768371582,0,0.7578129768371582,0.7578129768371582,0.11919037252664566
07-02-1974,0.765625,0.0,9600,0.765625,0.765625,0.12041905522346497
08-02-1974,0.7734379768371582,0.0,38400,0.78125,0.7734379768371582,0.1216478943824768
11-02-1974,0.75,0.0,32000,0.765625,0.75,0.11796149611473083
12-02-1974,0.75,0.0,121600,0.7578129768371582,0.7578129768371582,0.11919037252664566
13-02-1974,0.7421879768371582,0.0,6400,0.75,0.7421879768371582,0.11673281341791153
14-02-1974,0.7421879768371582,0.0,3200,0.7421879768371582,0.7421879768371582,0.11673281341791153
15-02-1974,0.7421879768371582,0.0,102400,0.75,0.75,0.11796149611473083
19-02-1974,0.7539060115814209,0.0,19200,0.7617189884185791,0.7539060115814209,0.11857590079307556
20-02-1974,0.75,0.0,57600,0.75,0.75,0.11796149611473083
21-02-1974,0.7578129768371582,0.0,6400,0.7578129768371582,0.7578129768371582,0.11919037252664566
22-02-1974,0.7539060115814209,0.0,3200,0.7539060115814209,0.7539060115814209,0.11857590079307556
25-02-1974,0.75,0.0,6400,0.75,0.75,0.11796149611473083
26-02-1974,0.7421879768371582,0.0,12800,0.75,0.7421879768371582,0.11673281341791153
27-02-1974,0.75,0.0,3200,0.75,0.75,0.11796149611473083
28-02-1974,0.7421879768371582,0.0,12800,0.7421879768371582,0.7421879768371582,0.11673281341791153
01-03-1974,0.7421879768371582,0.0,9600,0.75,0.75,0.11796149611473083
04-03-1974,0.75,0.0,6400,0.75,0.75,0.11796149611473083
05-03-1974,0.7578129768371582,0.0,3200,0.7578129768371582,0.7578129768371582,0.11919037252664566
06-03-1974,0.765625,0.0,12800,0.7773439884185791,0.7773439884185791,0.12226223945617676
07-03-1974,0.78125,0.0,9600,0.78125,0.78125,0.12287648767232895
08-03-1974,0.78125,0.0,80000,0.7890629768371582,0.7890629768371582,0.12410538643598557
11-03-1974,0.7773439884185791,0.0,25600,0.78125,0.78125,0.12287648767232895
12-03-1974,0.7890629768371582,0.0,19200,0.796875,0.7890629768371582,0.12410538643598557
13-03-1974,0.796875,0.0,73600,0.8125,0.796875,0.12533406913280487
14-03-1974,0.8046879768371582,0.0,54400,0.8125,0.8046879768371582,0.1265629380941391
15-03-1974,0.796875,0.0,224000,0.796875,0.796875,0.12533406913280487
18-03-1974,0.796875,0.0,19200,0.796875,0.796875,0.12533406913280487
19-03-1974,0.796875,0.0,9600,0.8046879768371582,0.796875,0.12533406913280487
20-03-1974,0.78125,0.0,32000,0.7890629768371582,0.78125,0.12287648767232895
21-03-1974,0.78125,0.0,22400,0.7929689884185791,0.7929689884185791,0.12471971660852432
22-03-1974,0.7929689884185791,0.0,19200,0.7929689884185791,0.7929689884185791,0.12471971660852432
25-03-1974,0.7773439884185791,0.0,195200,0.7851560115814209,0.7773439884185791,0.12226223945617676
26-03-1974,0.7695310115814209,0.0,67200,0.7734379768371582,0.7695310115814209,0.12103340029716492
27-03-1974,0.7773439884185791,0.0,19200,0.78125,0.78125,0.12287648767232895
28-03-1974,0.78125,0.0,22400,0.78125,0.78125,0.12287648767232895
29-03-1974,0.7695310115814209,0.0,19200,0.7734379768371582,0.7695310115814209,0.12103340029716492
01-04-1974,0.765625,0.0,3200,0.765625,0.765625,0.12041905522346497
02-04-1974,0.765625,0.0,28800,0.765625,0.765625,0.12041905522346497
03-04-1974,0.765625,0.0,12800,0.765625,0.765625,0.12041905522346497
04-04-1974,0.765625,0.0,44800,0.7773439884185791,0.7773439884185791,0.12226223945617676
05-04-1974,0.7578129768371582,0.0,44800,0.7695310115814209,0.7578129768371582,0.11919037252664566
08-04-1974,0.7421879768371582,0.0,12800,0.75,0.7421879768371582,0.11673281341791153
09-04-1974,0.7265629768371582,0.0,16000,0.734375,0.734375,0.11550399661064148
10-04-1974,0.734375,0.0,118400,0.7421879768371582,0.7421879768371582,0.11673281341791153
11-04-1974,0.7421879768371582,0.7421879768371582,0,0.7421879768371582,0.7421879768371582,0.11673281341791153
15-04-1974,0.7421879768371582,0.0,3200,0.7421879768371582,0.7421879768371582,0.11673281341791153
16-04-1974,0.7460939884185791,0.0,121600,0.75,0.75,0.11796149611473083
17-04-1974,0.7421879768371582,0.0,76800,0.7617189884185791,0.7617189884185791,0.11980470269918442
18-04-1974,0.7578129768371582,0.0,6400,0.7578129768371582,0.7578129768371582,0.11919037252664566
19-04-1974,0.7578129768371582,0.0,28800,0.765625,0.7578129768371582,0.11919037252664566
22-04-1974,0.734375,0.0,16000,0.75,0.734375,0.11550399661064148
23-04-1974,0.7265629768371582,0.0,28800,0.7421879768371582,0.7265629768371582,0.11427527666091919
24-04-1974,0.7265629768371582,0.7265629768371582,0,0.7265629768371582,0.7265629768371582,0.11427527666091919
25-04-1974,0.7265629768371582,0.0,25600,0.7265629768371582,0.7265629768371582,0.11427527666091919
26-04-1974,0.7109379768371582,0.0,41600,0.71875,0.7109379768371582,0.11181772500276566
29-04-1974,0.703125,0.0,9600,0.703125,0.703125,0.110588937997818
30-04-1974,0.703125,0.0,41600,0.7109379768371582,0.703125,0.110588937997818
01-05-1974,0.7109379768371582,0.0,32000,0.71875,0.71875,0.11304647475481033
02-05-1974,0.7226560115814209,0.0,198400,0.734375,0.734375,0.11550399661064148
03-05-1974,0.7382810115814209,0.0,22400,0.7382810115814209,0.7382810115814209,0.11611829698085785
06-05-1974,0.734375,0.0,9600,0.734375,0.734375,0.11550399661064148
07-05-1974,0.7265629768371582,0.0,41600,0.7304689884185791,0.7304689884185791,0.11488961428403854
08-05-1974,0.7226560115814209,0.0,19200,0.7304689884185791,0.7226560115814209,0.11366076022386551
09-05-1974,0.71875,0.0,3200,0.71875,0.71875,0.11304647475481033
10-05-1974,0.7265629768371582,0.0,3200,0.7265629768371582,0.7265629768371582,0.11427527666091919
13-05-1974,0.7265629768371582,0.7265629768371582,0,0.7265629768371582,0.7265629768371582,0.11427527666091919
14-05-1974,0.7265629768371582,0.7265629768371582,0,0.7265629768371582,0.7265629768371582,0.11427527666091919
15-05-1974,0.734375,0.0,32000,0.734375,0.734375,0.11550399661064148
16-05-1974,0.734375,0.734375,0,0.734375,0.734375,0.11550399661064148
17-05-1974,0.7265629768371582,0.0,9600,0.734375,0.7265629768371582,0.11427527666091919
20-05-1974,0.734375,0.0,9600,0.734375,0.734375,0.11550399661064148
21-05-1974,0.7265629768371582,0.0,16000,0.734375,0.734375,0.11550399661064148
22-05-1974,0.734375,0.0,131200,0.7382810115814209,0.734375,0.11550399661064148
23-05-1974,0.734375,0.0,179200,0.734375,0.734375,0.11550399661064148
24-05-1974,0.734375,0.0,32000,0.7421879768371582,0.734375,0.11550399661064148
28-05-1974,0.7421879768371582,0.0,12800,0.7421879768371582,0.7421879768371582,0.11673281341791153
29-05-1974,0.7421879768371582,0.0,3200,0.7421879768371582,0.7421879768371582,0.11673281341791153
30-05-1974,0.7421879768371582,0.0,6400,0.7421879768371582,0.7421879768371582,0.11673281341791153
31-05-1974,0.75,0.0,12800,0.7578129768371582,0.7578129768371582,0.11919037252664566
03-06-1974,0.7578129768371582,0.0,32000,0.7734379768371582,0.7734379768371582,0.1216478943824768
04-06-1974,0.78125,0.0,6400,0.7890629768371582,0.7890629768371582,0.12410538643598557
05-06-1974,0.796875,0.0,60800,0.8203129768371582,0.8203129768371582,0.12902046740055084
06-06-1974,0.8164060115814209,0.0,70400,0.8203129768371582,0.8164060115814209,0.12840604782104492
07-06-1974,0.8359379768371582,0.0,96000,0.8554689884185791,0.8554689884185791,0.13454987108707428
10-06-1974,0.8554689884185791,0.8554689884185791,0,0.8554689884185791,0.8554689884185791,0.13454987108707428
11-06-1974,0.8554689884185791,0.0,12800,0.859375,0.859375,0.1351642608642578
12-06-1974,0.859375,0.0,86400,0.8671879768371582,0.8671879768371582,0.13639310002326965
13-06-1974,0.8632810115814209,0.0,16000,0.875,0.8632810115814209,0.13577863574028015
14-06-1974,0.8515629768371582,0.0,16000,0.8554689884185791,0.8515629768371582,0.13393549621105194
17-06-1974,0.84375,0.0,3200,0.84375,0.84375,0.13270671665668488
18-06-1974,0.828125,0.0,176000,0.8515629768371582,0.8515629768371582,0.13393549621105194
19-06-1974,0.84375,0.0,51200,0.8515629768371582,0.8515629768371582,0.13393549621105194
20-06-1974,0.859375,0.0,25600,0.859375,0.859375,0.1351642608642578
21-06-1974,0.859375,0.0,9600,0.8632810115814209,0.8632810115814209,0.13577863574028015
24-06-1974,0.8515629768371582,0.0,99200,0.8671879768371582,0.859375,0.1351642608642578
25-06-1974,0.8671879768371582,0.0,28800,0.875,0.8671879768371582,0.13639310002326965
26-06-1974,0.8710939884185791,0.0,9600,0.8710939884185791,0.8710939884185791,0.1370074301958084
27-06-1974,0.8710939884185791,0.0,3200,0.8710939884185791,0.8710939884185791,0.1370074301958084
28-06-1974,0.8515629768371582,0.0,6400,0.859375,0.8515629768371582,0.13393549621105194
01-07-1974,0.8164060115814209,0.0,99200,0.84375,0.8164060115814209,0.12840604782104492
02-07-1974,0.8125,0.0,96000,0.8242189884185791,0.8125,0.12779158353805542
03-07-1974,0.7734379768371582,0.0,99200,0.7890629768371582,0.7890629768371582,0.12410538643598557
05-07-1974,0.78125,0.0,9600,0.7890629768371582,0.7890629768371582,0.12410538643598557
08-07-1974,0.765625,0.0,67200,0.78125,0.7773439884185791,0.12226223945617676
09-07-1974,0.765625,0.0,28800,0.7695310115814209,0.765625,0.12041905522346497
10-07-1974,0.7578129768371582,0.0,6400,0.7578129768371582,0.7578129768371582,0.11919037252664566
11-07-1974,0.7578129768371582,0.0,3200,0.7578129768371582,0.7578129768371582,0.11919037252664566
12-07-1974,0.7578129768371582,0.0,22400,0.7695310115814209,0.7578129768371582,0.11919037252664566
15-07-1974,0.7578129768371582,0.0,19200,0.765625,0.7578129768371582,0.11919037252664566
16-07-1974,0.7578129768371582,0.0,16000,0.7851560115814209,0.7851560115814209,0.12349086254835129
17-07-1974,0.796875,0.0,28800,0.8203129768371582,0.8203129768371582,0.12902046740055084
18-07-1974,0.8359379768371582,0.0,262400,0.8828129768371582,0.875,0.13762179017066956
19-07-1974,0.8671879768371582,0.0,121600,0.8828129768371582,0.8671879768371582,0.13639310002326965
22-07-1974,0.8671879768371582,0.8671879768371582,0,0.8671879768371582,0.8671879768371582,0.13639310002326965
23-07-1974,0.8671879768371582,0.0,64000,0.875,0.8671879768371582,0.13639310002326965
24-07-1974,0.875,0.0,12800,0.875,0.875,0.13762179017066956
25-07-1974,0.890625,0.0,32000,0.8984379768371582,0.8984379768371582,0.14130815863609314
26-07-1974,0.90625,0.0,44800,0.9140629768371582,0.9140629768371582,0.1437656432390213
29-07-1974,0.921875,0.0,9600,0.921875,0.921875,0.14499448239803314
30-07-1974,0.9296879768371582,0.0,48000,0.9375,0.9375,0.14745189249515533
31-07-1974,0.9101560115814209,0.0,32000,0.9296879768371582,0.9101560115814209,0.1431512087583542
01-08-1974,0.8671879768371582,0.0,108800,0.8984379768371582,0.8671879768371582,0.13639310002326965
02-08-1974,0.8515629768371582,0.0,6400,0.8515629768371582,0.8515629768371582,0.13393549621105194
05-08-1974,0.8515629768371582,0.0,32000,0.859375,0.859375,0.1351642608642578
06-08-1974,0.8515629768371582,0.0,28800,0.859375,0.8515629768371582,0.13393549621105194
07-08-1974,0.84375,0.0,22400,0.8515629768371582,0.84375,0.13270671665668488
08-08-1974,0.84375,0.0,22400,0.859375,0.84375,0.13270671665668488
09-08-1974,0.84375,0.0,12800,0.8515629768371582,0.84375,0.13270671665668488
12-08-1974,0.84375,0.0,16000,0.84375,0.84375,0.13270671665668488
13-08-1974,0.8125,0.0,35200,0.8359379768371582,0.8125,0.12779158353805542
14-08-1974,0.8125,0.0,9600,0.8125,0.8125,0.12779158353805542
15-08-1974,0.8046879768371582,0.0,6400,0.8046879768371582,0.8046879768371582,0.1265629380941391
16-08-1974,0.796875,0.0,3200,0.796875,0.796875,0.12533406913280487
19-08-1974,0.765625,0.0,48000,0.78125,0.765625,0.12041905522346497
20-08-1974,0.75,0.0,486400,0.7539060115814209,0.75,0.11796149611473083
21-08-1974,0.75,0.0,6400,0.7578129768371582,0.7578129768371582,0.11919037252664566
22-08-1974,0.7421879768371582,0.0,19200,0.75,0.7460939884185791,0.1173471063375473
23-08-1974,0.7421879768371582,0.0,48000,0.7460939884185791,0.7421879768371582,0.11673281341791153
26-08-1974,0.703125,0.0,48000,0.734375,0.703125,0.110588937997818
27-08-1974,0.703125,0.0,16000,0.7109379768371582,0.7109379768371582,0.11181772500276566
28-08-1974,0.71875,0.0,12800,0.71875,0.71875,0.11304647475481033
29-08-1974,0.7109379768371582,0.0,6400,0.7109379768371582,0.7109379768371582,0.11181772500276566
30-08-1974,0.6875,0.0,80000,0.703125,0.6875,0.10813135653734207
03-09-1974,0.6953129768371582,0.0,3200,0.6953129768371582,0.6953129768371582,0.1093602105975151
04-09-1974,0.6875,0.0,12800,0.6875,0.6875,0.10813135653734207
05-09-1974,0.6953129768371582,0.0,3200,0.6953129768371582,0.6953129768371582,0.1093602105975151
06-09-1974,0.6953129768371582,0.0,3200,0.6953129768371582,0.6953129768371582,0.1093602105975151
09-09-1974,0.6953129768371582,0.0,16000,0.6953129768371582,0.6953129768371582,0.1093602105975151
10-09-1974,0.6953129768371582,0.0,9600,0.703125,0.6953129768371582,0.1093602105975151
11-09-1974,0.703125,0.0,22400,0.7109379768371582,0.7109379768371582,0.11181772500276566
12-09-1974,0.7109379768371582,0.0,3200,0.7109379768371582,0.7109379768371582,0.11181772500276566
13-09-1974,0.6953129768371582,0.0,70400,0.703125,0.6953129768371582,0.1093602105975151
16-09-1974,0.703125,0.0,35200,0.7109379768371582,0.703125,0.110588937997818
17-09-1974,0.703125,0.0,22400,0.71875,0.71875,0.11304647475481033
18-09-1974,0.7109379768371582,0.0,16000,0.71875,0.71875,0.11304647475481033
19-09-1974,0.7070310115814209,0.0,57600,0.7148439884185791,0.7148439884185791,0.11243210732936859
20-09-1974,0.7109379768371582,0.0,9600,0.71875,0.7109379768371582,0.11181772500276566
23-09-1974,0.7109379768371582,0.0,22400,0.7109379768371582,0.7109379768371582,0.11181772500276566
24-09-1974,0.7070310115814209,0.0,3200,0.7070310115814209,0.7070310115814209,0.11120331287384033
25-09-1974,0.6953129768371582,0.0,57600,0.71875,0.71875,0.11304647475481033
26-09-1974,0.71875,0.0,19200,0.71875,0.71875,0.11304647475481033
27-09-1974,0.7070310115814209,0.0,25600,0.7148439884185791,0.7148439884185791,0.11243210732936859
30-09-1974,0.6992189884185791,0.0,32000,0.7070310115814209,0.6992189884185791,0.10997460037469864
01-10-1974,0.6875,0.0,115200,0.6953129768371582,0.6875,0.10813135653734207
02-10-1974,0.6875,0.0,28800,0.6875,0.6875,0.10813135653734207
03-10-1974,0.6875,0.0,3200,0.6875,0.6875,0.10813135653734207
04-10-1974,0.6796879768371582,0.0,32000,0.6875,0.6875,0.10813135653734207
07-10-1974,0.6796879768371582,0.0,12800,0.6796879768371582,0.6796879768371582,0.10690267384052277
08-10-1974,0.6835939884185791,0.0,38400,0.6953129768371582,0.6953129768371582,0.1093602105975151
09-10-1974,0.703125,0.0,3200,0.703125,0.703125,0.110588937997818
10-10-1974,0.7109379768371582,0.0,19200,0.7148439884185791,0.7109379768371582,0.11181772500276566
11-10-1974,0.7109379768371582,0.0,28800,0.7265629768371582,0.7265629768371582,0.11427527666091919
14-10-1974,0.7265629768371582,0.0,70400,0.75,0.75,0.11796149611473083
15-10-1974,0.75,0.0,3200,0.75,0.75,0.11796149611473083
16-10-1974,0.734375,0.0,112000,0.7578129768371582,0.7578129768371582,0.11919037252664566
17-10-1974,0.7578129768371582,0.0,3200,0.7578129768371582,0.7578129768371582,0.11919037252664566
18-10-1974,0.7460939884185791,0.0,12800,0.75,0.7460939884185791,0.1173471063375473
21-10-1974,0.7421879768371582,0.0,19200,0.7539060115814209,0.7421879768371582,0.11673281341791153
22-10-1974,0.75,0.0,35200,0.7578129768371582,0.75,0.11796149611473083
23-10-1974,0.7421879768371582,0.0,12800,0.75,0.75,0.11796149611473083
24-10-1974,0.7421879768371582,0.0,6400,0.7421879768371582,0.7421879768371582,0.11673281341791153
25-10-1974,0.75,0.0,3200,0.75,0.75,0.11796149611473083
28-10-1974,0.75,0.0,6400,0.7578129768371582,0.7578129768371582,0.11919037252664566
29-10-1974,0.7617189884185791,0.0,6400,0.7695310115814209,0.7695310115814209,0.12103340029716492
30-10-1974,0.7734379768371582,0.0,22400,0.7890629768371582,0.7890629768371582,0.12410538643598557
31-10-1974,0.7851560115814209,0.0,19200,0.7890629768371582,0.7851560115814209,0.12349086254835129
01-11-1974,0.7929689884185791,0.0,9600,0.8007810115814209,0.7929689884185791,0.12471971660852432
04-11-1974,0.7734379768371582,0.0,22400,0.7851560115814209,0.7734379768371582,0.1216478943824768
05-11-1974,0.7578129768371582,0.0,19200,0.765625,0.7578129768371582,0.11919037252664566
06-11-1974,0.7578129768371582,0.0,288000,0.7578129768371582,0.7578129768371582,0.11919037252664566
07-11-1974,0.7578129768371582,0.7578129768371582,0,0.7578129768371582,0.7578129768371582,0.11919037252664566
08-11-1974,0.7734379768371582,0.0,25600,0.7773439884185791,0.7773439884185791,0.12226223945617676
11-11-1974,0.765625,0.0,19200,0.7695310115814209,0.765625,0.12041905522346497
12-11-1974,0.75,0.0,99200,0.765625,0.75,0.11796149611473083
13-11-1974,0.7265629768371582,0.0,44800,0.75,0.7265629768371582,0.11427527666091919
14-11-1974,0.71875,0.0,89600,0.734375,0.71875,0.11304647475481033
15-11-1974,0.7109379768371582,0.0,16000,0.71875,0.71875,0.11304647475481033
18-11-1974,0.703125,0.0,179200,0.7109379768371582,0.703125,0.110588937997818
19-11-1974,0.6953129768371582,0.0,9600,0.6953129768371582,0.6953129768371582,0.1093602105975151
20-11-1974,0.6953129768371582,0.0,22400,0.6953129768371582,0.6953129768371582,0.1093602105975151
21-11-1974,0.6953129768371582,0.0,25600,0.6953129768371582,0.6953129768371582,0.1093602105975151
22-11-1974,0.6875,0.0,35200,0.6875,0.6875,0.10813135653734207
25-11-1974,0.6796879768371582,0.0,16000,0.6875,0.6875,0.10813135653734207
26-11-1974,0.6640629768371582,0.0,163200,0.6796879768371582,0.6640629768371582,0.10444514453411102
27-11-1974,0.6484379768371582,0.0,179200,0.65625,0.6484379768371582,0.10198765993118286
29-11-1974,0.6367189884185791,0.0,19200,0.640625,0.6367189884185791,0.10014447569847107
02-12-1974,0.625,0.0,25600,0.6328129768371582,0.625,0.09830119460821152
03-12-1974,0.625,0.0,16000,0.6289060115814209,0.6289060115814209,0.09891562908887863
04-12-1974,0.6328129768371582,0.0,60800,0.640625,0.640625,0.10075879096984863
05-12-1974,0.609375,0.0,89600,0.6289060115814209,0.609375,0.09584371000528336
06-12-1974,0.59375,0.0,9600,0.6015629768371582,0.59375,0.09338617324829102
09-12-1974,0.5664060115814209,0.0,32000,0.5820310115814209,0.5664060115814209,0.08908549696207047
10-12-1974,0.5390629768371582,0.0,48000,0.5664060115814209,0.5390629768371582,0.08478489518165588
11-12-1974,0.546875,0.0,12800,0.546875,0.546875,0.08601362258195877
12-12-1974,0.5234379768371582,0.0,35200,0.5390629768371582,0.5234379768371582,0.08232740312814713
13-12-1974,0.5078129768371582,0.0,80000,0.5234379768371582,0.515625,0.08109857141971588
16-12-1974,0.515625,0.0,28800,0.5234379768371582,0.5234379768371582,0.08232740312814713
17-12-1974,0.5,0.0,41600,0.515625,0.5078129768371582,0.0798698216676712
18-12-1974,0.515625,0.0,16000,0.5234379768371582,0.515625,0.08109857141971588
19-12-1974,0.5,0.0,198400,0.5078129768371582,0.5078129768371582,0.0798698216676712
20-12-1974,0.484375,0.0,80000,0.4960939884185791,0.484375,0.07618343830108643
23-12-1974,0.4765630066394806,0.0,35200,0.4921880066394806,0.484375,0.07618343830108643
24-12-1974,0.4882810115814209,0.0,3200,0.4882810115814209,0.4882810115814209,0.07679779827594757
26-12-1974,0.484375,0.0,6400,0.4921880066394806,0.484375,0.07618343830108643
27-12-1974,0.484375,0.0,38400,0.4921880066394806,0.4921880066394806,0.07741229981184006
30-12-1974,0.5,0.0,144000,0.5,0.5,0.07864097505807877
31-12-1974,0.4921880066394806,0.0,51200,0.5273439884185791,0.5273439884185791,0.0829417034983635
02-01-1975,0.53125,0.0,70400,0.5585939884185791,0.5585939884185791,0.08785681426525116
03-01-1975,0.5507810115814209,0.0,22400,0.5625,0.5625,0.08847109228372574
06-01-1975,0.5546879768371582,0.0,12800,0.5585939884185791,0.5585939884185791,0.08785681426525116
07-01-1975,0.5507810115814209,0.0,3200,0.5507810115814209,0.5507810115814209,0.08662792295217514
08-01-1975,0.5546879768371582,0.0,57600,0.5625,0.5625,0.08847109228372574
09-01-1975,0.5625,0.0,64000,0.5664060115814209,0.5625,0.08847109228372574
10-01-1975,0.5703129768371582,0.0,19200,0.5898439884185791,0.5898439884185791,0.09277179837226868
13-01-1975,0.59375,0.0,28800,0.6015629768371582,0.6015629768371582,0.09461504966020584
14-01-1975,0.609375,0.0,265600,0.6328129768371582,0.625,0.09830119460821152
15-01-1975,0.6132810115814209,0.0,41600,0.625,0.625,0.09830119460821152
16-01-1975,0.625,0.0,19200,0.625,0.625,0.09830119460821152
17-01-1975,0.6171879768371582,0.0,57600,0.6328129768371582,0.6328129768371582,0.09953005611896515
20-01-1975,0.6289060115814209,0.0,25600,0.6328129768371582,0.6328129768371582,0.09953005611896515
21-01-1975,0.6367189884185791,0.0,9600,0.6367189884185791,0.6367189884185791,0.10014447569847107
22-01-1975,0.640625,0.0,19200,0.6484379768371582,0.6484379768371582,0.10198765993118286
23-01-1975,0.6484379768371582,0.0,41600,0.65625,0.65625,0.10321629792451859
24-01-1975,0.65625,0.0,35200,0.6640629768371582,0.6640629768371582,0.10444514453411102
27-01-1975,0.6640629768371582,0.0,41600,0.671875,0.6640629768371582,0.10444514453411102
28-01-1975,0.671875,0.0,19200,0.6835939884185791,0.6835939884185791,0.10751700401306152
29-01-1975,0.6796879768371582,0.0,83200,0.6875,0.6875,0.10813135653734207
30-01-1975,0.6875,0.0,128000,0.703125,0.703125,0.110588937997818
31-01-1975,0.7070310115814209,0.0,54400,0.7265629768371582,0.7265629768371582,0.11427527666091919
03-02-1975,0.7265629768371582,0.0,64000,0.734375,0.734375,0.11550399661064148
04-02-1975,0.703125,0.0,51200,0.7265629768371582,0.71875,0.11304647475481033
05-02-1975,0.6875,0.0,41600,0.7148439884185791,0.6875,0.10813135653734207
06-02-1975,0.6757810115814209,0.0,108800,0.6953129768371582,0.6835939884185791,0.10751700401306152
07-02-1975,0.640625,0.0,192000,0.671875,0.640625,0.10075879096984863
10-02-1975,0.6640629768371582,0.0,105600,0.6796879768371582,0.6796879768371582,0.10690267384052277
11-02-1975,0.65625,0.0,60800,0.6835939884185791,0.65625,0.10321629792451859
12-02-1975,0.640625,0.0,6400,0.6484379768371582,0.640625,0.10075879096984863
13-02-1975,0.6367189884185791,0.0,825600,0.671875,0.6679689884185791,0.10505946725606918
14-02-1975,0.6328129768371582,0.0,112000,0.6601560115814209,0.6523439884185791,0.10260197520256042
18-02-1975,0.671875,0.0,246400,0.6875,0.6875,0.10813135653734207
19-02-1975,0.6679689884185791,0.0,54400,0.671875,0.671875,0.10567382723093033
20-02-1975,0.65625,0.0,38400,0.6679689884185791,0.6640629768371582,0.10444514453411102
21-02-1975,0.6640629768371582,0.0,108800,0.6796879768371582,0.6796879768371582,0.10690267384052277
24-02-1975,0.6640629768371582,0.0,54400,0.671875,0.6640629768371582,0.10444514453411102
25-02-1975,0.671875,0.0,6400,0.671875,0.671875,0.10567382723093033
26-02-1975,0.6679689884185791,0.0,16000,0.6757810115814209,0.6757810115814209,0.10628821700811386
27-02-1975,0.6757810115814209,0.0,9600,0.6835939884185791,0.6757810115814209,0.10628821700811386
28-02-1975,0.6679689884185791,0.0,115200,0.671875,0.671875,0.10567382723093033
03-03-1975,0.6640629768371582,0.0,22400,0.671875,0.6640629768371582,0.10444514453411102
04-03-1975,0.6640629768371582,0.0,12800,0.671875,0.6640629768371582,0.10444514453411102
05-03-1975,0.640625,0.0,44800,0.65625,0.6445310115814209,0.10137314349412918
06-03-1975,0.6445310115814209,0.6445310115814209,0,0.6445310115814209,0.6445310115814209,0.10137314349412918
07-03-1975,0.6328129768371582,0.0,9600,0.6367189884185791,0.6328129768371582,0.09953005611896515
10-03-1975,0.625,0.0,38400,0.640625,0.625,0.09830119460821152
11-03-1975,0.625,0.0,54400,0.6328129768371582,0.6328129768371582,0.09953005611896515
12-03-1975,0.625,0.0,3200,0.625,0.625,0.09830119460821152
13-03-1975,0.625,0.625,0,0.625,0.625,0.09830119460821152
14-03-1975,0.6328129768371582,0.0,25600,0.6523439884185791,0.6523439884185791,0.10260197520256042
17-03-1975,0.671875,0.0,51200,0.6835939884185791,0.6835939884185791,0.10751700401306152
18-03-1975,0.6835939884185791,0.0,44800,0.6953129768371582,0.6835939884185791,0.10751700401306152
19-03-1975,0.6914060115814209,0.0,51200,0.6992189884185791,0.6992189884185791,0.10997460037469864
20-03-1975,0.6796879768371582,0.0,76800,0.6914060115814209,0.6875,0.10813135653734207
21-03-1975,0.7148439884185791,0.0,89600,0.7148439884185791,0.7148439884185791,0.11243210732936859
24-03-1975,0.6875,0.0,64000,0.7070310115814209,0.6875,0.10813135653734207
25-03-1975,0.6875,0.0,16000,0.6953129768371582,0.6953129768371582,0.1093602105975151
26-03-1975,0.6953129768371582,0.0,38400,0.7109379768371582,0.703125,0.110588937997818
27-03-1975,0.703125,0.0,102400,0.71875,0.7148439884185791,0.11243210732936859
31-03-1975,0.7148439884185791,0.0,16000,0.7148439884185791,0.7148439884185791,0.11243210732936859
01-04-1975,0.7070310115814209,0.0,22400,0.7070310115814209,0.7070310115814209,0.11120331287384033
02-04-1975,0.71875,0.0,83200,0.71875,0.71875,0.11304647475481033
03-04-1975,0.7109379768371582,0.0,9600,0.7148439884185791,0.7109379768371582,0.11181772500276566
04-04-1975,0.7109379768371582,0.0,128000,0.7304689884185791,0.7304689884185791,0.11488961428403854
07-04-1975,0.734375,0.0,22400,0.7382810115814209,0.734375,0.11550399661064148
08-04-1975,0.7382810115814209,0.0,25600,0.75,0.75,0.11796149611473083
09-04-1975,0.7617189884185791,0.0,80000,0.78125,0.78125,0.12287648767232895
10-04-1975,0.7734379768371582,0.0,44800,0.7890629768371582,0.7890629768371582,0.12410538643598557
11-04-1975,0.7890629768371582,0.7890629768371582,0,0.7890629768371582,0.7890629768371582,0.12410538643598557
14-04-1975,0.7890629768371582,0.0,60800,0.7890629768371582,0.7890629768371582,0.12410538643598557
15-04-1975,0.8046879768371582,0.0,108800,0.8359379768371582,0.828125,0.13024917244911194
16-04-1975,0.8203129768371582,0.0,54400,0.828125,0.8203129768371582,0.12902046740055084
17-04-1975,0.8125,0.0,54400,0.8203129768371582,0.8203129768371582,0.12902046740055084
18-04-1975,0.828125,0.0,25600,0.8359379768371582,0.8359379768371582,0.13147799670696259
21-04-1975,0.8359379768371582,0.0,12800,0.8359379768371582,0.8359379768371582,0.13147799670696259
22-04-1975,0.8203129768371582,0.0,32000,0.8359379768371582,0.8203129768371582,0.12902046740055084
23-04-1975,0.828125,0.0,6400,0.828125,0.828125,0.13024917244911194
24-04-1975,0.8125,0.0,83200,0.8203129768371582,0.8203129768371582,0.12902046740055084
25-04-1975,0.828125,0.0,6400,0.828125,0.828125,0.13024917244911194
28-04-1975,0.828125,0.0,12800,0.828125,0.828125,0.13024917244911194
29-04-1975,0.8203129768371582,0.0,19200,0.828125,0.8203129768371582,0.12902046740055084
30-04-1975,0.828125,0.0,12800,0.828125,0.828125,0.13024917244911194
01-05-1975,0.8125,0.0,163200,0.8203129768371582,0.8203129768371582,0.12902046740055084
02-05-1975,0.8242189884185791,0.0,60800,0.8398439884185791,0.8398439884185791,0.1320924013853073
05-05-1975,0.8203129768371582,0.0,38400,0.8320310115814209,0.8203129768371582,0.12902046740055084
06-05-1975,0.8125,0.0,9600,0.8125,0.8125,0.12779158353805542
07-05-1975,0.8046879768371582,0.0,41600,0.8125,0.8125,0.12779158353805542
08-05-1975,0.8125,0.0,9600,0.828125,0.828125,0.13024917244911194
09-05-1975,0.8203129768371582,0.0,38400,0.828125,0.828125,0.13024917244911194
12-05-1975,0.8203129768371582,0.0,9600,0.8203129768371582,0.8203129768371582,0.12902046740055084
13-05-1975,0.8125,0.0,16000,0.828125,0.828125,0.13024917244911194
14-05-1975,0.8359379768371582,0.0,54400,0.8515629768371582,0.8476560115814209,0.13332098722457886
15-05-1975,0.8476560115814209,0.0,54400,0.8515629768371582,0.8515629768371582,0.13393549621105194
16-05-1975,0.8359379768371582,0.0,6400,0.84375,0.8359379768371582,0.13147799670696259
19-05-1975,0.8359379768371582,0.0,3200,0.8359379768371582,0.8359379768371582,0.13147799670696259
20-05-1975,0.84375,0.0,44800,0.8515629768371582,0.84375,0.13270671665668488
21-05-1975,0.8359379768371582,0.0,48000,0.84375,0.8398439884185791,0.1320924013853073
22-05-1975,0.8398439884185791,0.0,208000,0.8515629768371582,0.8476560115814209,0.13332098722457886
23-05-1975,0.8476560115814209,0.0,9600,0.8476560115814209,0.8476560115814209,0.13332098722457886
27-05-1975,0.8554689884185791,0.0,12800,0.8632810115814209,0.859375,0.1351642608642578
28-05-1975,0.84375,0.0,246400,0.8515629768371582,0.84375,0.13270671665668488
29-05-1975,0.84375,0.0,22400,0.8515629768371582,0.84375,0.13270671665668488
30-05-1975,0.8359379768371582,0.0,1772800,0.84375,0.84375,0.13270671665668488
02-06-1975,0.8515629768371582,0.0,57600,0.8671879768371582,0.859375,0.1351642608642578
03-06-1975,0.8554689884185791,0.0,16000,0.859375,0.859375,0.1351642608642578
04-06-1975,0.8554689884185791,0.0,3200,0.8554689884185791,0.8554689884185791,0.13454987108707428
05-06-1975,0.8515629768371582,0.0,9600,0.8515629768371582,0.8515629768371582,0.13393549621105194
06-06-1975,0.84375,0.0,6400,0.84375,0.84375,0.13270671665668488
09-06-1975,0.8359379768371582,0.0,16000,0.84375,0.8359379768371582,0.13147799670696259
10-06-1975,0.828125,0.0,16000,0.8320310115814209,0.828125,0.13024917244911194
11-06-1975,0.828125,0.0,41600,0.8359379768371582,0.8359379768371582,0.13147799670696259
12-06-1975,0.8359379768371582,0.0,19200,0.84375,0.8359379768371582,0.13147799670696259
13-06-1975,0.84375,0.0,3200,0.84375,0.84375,0.13270671665668488
16-06-1975,0.84375,0.0,3200,0.84375,0.84375,0.13270671665668488
17-06-1975,0.84375,0.0,41600,0.84375,0.84375,0.13270671665668488
18-06-1975,0.84375,0.0,48000,0.84375,0.84375,0.13270671665668488
19-06-1975,0.84375,0.84375,0,0.84375,0.84375,0.13270671665668488
20-06-1975,0.8359379768371582,0.0,6400,0.8359379768371582,0.8359379768371582,0.13147799670696259
23-06-1975,0.828125,0.0,540800,0.8359379768371582,0.8359379768371582,0.13147799670696259
24-06-1975,0.84375,0.0,22400,0.84375,0.84375,0.13270671665668488
25-06-1975,0.8359379768371582,0.0,6400,0.8359379768371582,0.8359379768371582,0.13147799670696259
26-06-1975,0.8398439884185791,0.0,25600,0.84375,0.84375,0.13270671665668488
27-06-1975,0.8359379768371582,0.0,12800,0.8359379768371582,0.8359379768371582,0.13147799670696259
30-06-1975,0.84375,0.0,16000,0.84375,0.84375,0.13270671665668488
01-07-1975,0.8359379768371582,0.0,9600,0.8359379768371582,0.8359379768371582,0.13147799670696259
02-07-1975,0.84375,0.0,38400,0.8515629768371582,0.84375,0.13270671665668488
03-07-1975,0.8515629768371582,0.0,25600,0.859375,0.859375,0.1351642608642578
07-07-1975,0.8476560115814209,0.0,32000,0.859375,0.8476560115814209,0.13332098722457886
08-07-1975,0.8359379768371582,0.0,121600,0.8632810115814209,0.8359379768371582,0.13147799670696259
09-07-1975,0.8359379768371582,0.0,41600,0.84375,0.8359379768371582,0.13147799670696259
10-07-1975,0.8359379768371582,0.0,102400,0.84375,0.84375,0.13270671665668488
11-07-1975,0.8515629768371582,0.0,6400,0.8515629768371582,0.8515629768371582,0.13393549621105194
14-07-1975,0.8515629768371582,0.0,9600,0.8515629768371582,0.8515629768371582,0.13393549621105194
15-07-1975,0.859375,0.0,32000,0.8671879768371582,0.8671879768371582,0.13639310002326965
16-07-1975,0.8671879768371582,0.0,76800,0.875,0.8671879768371582,0.13639310002326965
17-07-1975,0.859375,0.0,25600,0.8671879768371582,0.859375,0.1351642608642578
18-07-1975,0.8671879768371582,0.0,19200,0.875,0.875,0.13762179017066956
21-07-1975,0.8671879768371582,0.0,16000,0.8671879768371582,0.8671879768371582,0.13639310002326965
22-07-1975,0.875,0.0,44800,0.8828129768371582,0.875,0.13762179017066956
23-07-1975,0.859375,0.0,73600,0.8710939884185791,0.859375,0.1351642608642578
24-07-1975,0.8671879768371582,0.0,89600,0.875,0.8671879768371582,0.13639310002326965
25-07-1975,0.84375,0.0,73600,0.8515629768371582,0.8476560115814209,0.13332098722457886
28-07-1975,0.84375,0.0,32000,0.84375,0.84375,0.13270671665668488
29-07-1975,0.8398439884185791,0.0,32000,0.8515629768371582,0.8398439884185791,0.1320924013853073
30-07-1975,0.8359379768371582,0.0,1436800,0.8398439884185791,0.8398439884185791,0.1320924013853073
31-07-1975,0.8359379768371582,0.0,1468800,0.8398439884185791,0.8359379768371582,0.13147799670696259
01-08-1975,0.8203129768371582,0.0,16000,0.828125,0.8203129768371582,0.12902046740055084
04-08-1975,0.8046879768371582,0.0,38400,0.8125,0.8125,0.12779158353805542
05-08-1975,0.8164060115814209,0.0,25600,0.828125,0.828125,0.13024917244911194
06-08-1975,0.8320310115814209,0.0,25600,0.8359379768371582,0.8320310115814209,0.13086354732513428
07-08-1975,0.8398439884185791,0.0,3200,0.8398439884185791,0.8398439884185791,0.1320924013853073
08-08-1975,0.8398439884185791,0.0,54400,0.84375,0.8398439884185791,0.1320924013853073
11-08-1975,0.8398439884185791,0.0,9600,0.84375,0.8398439884185791,0.1320924013853073
12-08-1975,0.8398439884185791,0.0,6400,0.8398439884185791,0.8398439884185791,0.1320924013853073
13-08-1975,0.8359379768371582,0.0,16000,0.8398439884185791,0.8359379768371582,0.13147799670696259
14-08-1975,0.828125,0.0,6400,0.8359379768371582,0.8359379768371582,0.13147799670696259
15-08-1975,0.828125,0.0,3200,0.828125,0.828125,0.13024917244911194
18-08-1975,0.828125,0.828125,0,0.828125,0.828125,0.13024917244911194
19-08-1975,0.8125,0.0,960000,0.8359379768371582,0.8125,0.12779158353805542
20-08-1975,0.78125,0.0,118400,0.7851560115814209,0.78125,0.12287648767232895
21-08-1975,0.78125,0.0,12800,0.78125,0.78125,0.12287648767232895
22-08-1975,0.7734379768371582,0.0,32000,0.7773439884185791,0.7773439884185791,0.12226223945617676
25-08-1975,0.7734379768371582,0.0,3200,0.7734379768371582,0.7734379768371582,0.1216478943824768
26-08-1975,0.7734379768371582,0.0,22400,0.7734379768371582,0.7734379768371582,0.1216478943824768
27-08-1975,0.7734379768371582,0.0,25600,0.78125,0.78125,0.12287648767232895
28-08-1975,0.78125,0.78125,0,0.78125,0.78125,0.12287648767232895
29-08-1975,0.7890629768371582,0.0,6400,0.796875,0.796875,0.12533406913280487
02-09-1975,0.8007810115814209,0.0,54400,0.8085939884185791,0.8007810115814209,0.1259484738111496
03-09-1975,0.8007810115814209,0.8007810115814209,0,0.8007810115814209,0.8007810115814209,0.1259484738111496
04-09-1975,0.8007810115814209,0.8007810115814209,0,0.8007810115814209,0.8007810115814209,0.1259484738111496
05-09-1975,0.796875,0.0,22400,0.796875,0.796875,0.12533406913280487
08-09-1975,0.796875,0.0,6400,0.796875,0.796875,0.12533406913280487
09-09-1975,0.796875,0.0,12800,0.796875,0.796875,0.12533406913280487
10-09-1975,0.796875,0.0,6400,0.796875,0.796875,0.12533406913280487
11-09-1975,0.796875,0.0,3200,0.796875,0.796875,0.12533406913280487
12-09-1975,0.796875,0.796875,0,0.796875,0.796875,0.12533406913280487
15-09-1975,0.796875,0.0,9600,0.796875,0.796875,0.12533406913280487
16-09-1975,0.796875,0.0,64000,0.796875,0.796875,0.12533406913280487
17-09-1975,0.765625,0.0,48000,0.7890629768371582,0.765625,0.12041905522346497
18-09-1975,0.7578129768371582,0.0,9600,0.7578129768371582,0.7578129768371582,0.11919037252664566
19-09-1975,0.7421879768371582,0.0,16000,0.75,0.75,0.11796149611473083
22-09-1975,0.7265629768371582,0.0,38400,0.7421879768371582,0.7265629768371582,0.11427527666091919
23-09-1975,0.7265629768371582,0.0,12800,0.7265629768371582,0.7265629768371582,0.11427527666091919
24-09-1975,0.7265629768371582,0.0,16000,0.7265629768371582,0.7265629768371582,0.11427527666091919
25-09-1975,0.7226560115814209,0.0,32000,0.7304689884185791,0.7226560115814209,0.11366076022386551
26-09-1975,0.7304689884185791,0.0,3200,0.7304689884185791,0.7304689884185791,0.11488961428403854
29-09-1975,0.7226560115814209,0.0,12800,0.7226560115814209,0.7226560115814209,0.11366076022386551
30-09-1975,0.7226560115814209,0.7226560115814209,0,0.7226560115814209,0.7226560115814209,0.11366076022386551
01-10-1975,0.7226560115814209,0.7226560115814209,0,0.7226560115814209,0.7226560115814209,0.11366076022386551
02-10-1975,0.7226560115814209,0.7226560115814209,0,0.7226560115814209,0.7226560115814209,0.11366076022386551
03-10-1975,0.7265629768371582,0.0,9600,0.7304689884185791,0.7265629768371582,0.11427527666091919
06-10-1975,0.7265629768371582,0.0,32000,0.734375,0.7265629768371582,0.11427527666091919
07-10-1975,0.7265629768371582,0.0,25600,0.734375,0.7265629768371582,0.11427527666091919
08-10-1975,0.7265629768371582,0.7265629768371582,0,0.7265629768371582,0.7265629768371582,0.11427527666091919
09-10-1975,0.734375,0.0,16000,0.7421879768371582,0.7421879768371582,0.11673281341791153
10-10-1975,0.75,0.0,28800,0.75,0.75,0.11796149611473083
13-10-1975,0.7578129768371582,0.0,9600,0.7617189884185791,0.7617189884185791,0.11980470269918442
14-10-1975,0.7578129768371582,0.0,9600,0.7578129768371582,0.7578129768371582,0.11919037252664566
15-10-1975,0.7578129768371582,0.0,19200,0.7578129768371582,0.7578129768371582,0.11919037252664566
16-10-1975,0.7539060115814209,0.0,86400,0.7578129768371582,0.7539060115814209,0.11857590079307556
17-10-1975,0.7539060115814209,0.0,41600,0.7578129768371582,0.7539060115814209,0.11857590079307556
20-10-1975,0.7539060115814209,0.0,124800,0.7890629768371582,0.7890629768371582,0.12410538643598557
21-10-1975,0.78125,0.0,57600,0.8046879768371582,0.8046879768371582,0.1265629380941391
22-10-1975,0.7890629768371582,0.0,32000,0.796875,0.7890629768371582,0.12410538643598557
23-10-1975,0.7890629768371582,0.0,6400,0.7890629768371582,0.7890629768371582,0.12410538643598557
24-10-1975,0.78125,0.0,16000,0.78125,0.78125,0.12287648767232895
27-10-1975,0.7773439884185791,0.0,3200,0.7773439884185791,0.7773439884185791,0.12226223945617676
28-10-1975,0.7734379768371582,0.0,12800,0.78125,0.7734379768371582,0.1216478943824768
29-10-1975,0.7578129768371582,0.0,25600,0.7734379768371582,0.7695310115814209,0.12103340029716492
30-10-1975,0.765625,0.0,9600,0.765625,0.765625,0.12041905522346497
31-10-1975,0.7578129768371582,0.0,38400,0.765625,0.7578129768371582,0.11919037252664566
03-11-1975,0.7539060115814209,0.0,12800,0.7539060115814209,0.7539060115814209,0.11857590079307556
04-11-1975,0.75,0.0,32000,0.75,0.75,0.11796149611473083
05-11-1975,0.734375,0.0,6400,0.7421879768371582,0.734375,0.11550399661064148
06-11-1975,0.7148439884185791,0.0,35200,0.7265629768371582,0.71875,0.11304647475481033
07-11-1975,0.7109379768371582,0.0,12800,0.71875,0.7109379768371582,0.11181772500276566
10-11-1975,0.703125,0.0,19200,0.703125,0.703125,0.110588937997818
11-11-1975,0.7109379768371582,0.0,6400,0.7109379768371582,0.7109379768371582,0.11181772500276566
12-11-1975,0.7148439884185791,0.0,22400,0.7265629768371582,0.7148439884185791,0.11243210732936859
13-11-1975,0.7109379768371582,0.0,124800,0.75,0.75,0.11796149611473083
14-11-1975,0.78125,0.0,259200,0.796875,0.78125,0.12287648767232895
17-11-1975,0.7617189884185791,0.0,16000,0.7734379768371582,0.7617189884185791,0.11980470269918442
18-11-1975,0.7617189884185791,0.7617189884185791,0,0.7617189884185791,0.7617189884185791,0.11980470269918442
19-11-1975,0.7617189884185791,0.0,12800,0.765625,0.765625,0.12041905522346497
20-11-1975,0.765625,0.765625,0,0.765625,0.765625,0.12041905522346497
21-11-1975,0.75,0.0,16000,0.7578129768371582,0.75,0.11796149611473083
24-11-1975,0.7421879768371582,0.0,12800,0.75,0.75,0.11796149611473083
25-11-1975,0.734375,0.0,105600,0.7421879768371582,0.7421879768371582,0.11673281341791153
26-11-1975,0.734375,0.0,22400,0.75,0.734375,0.11550399661064148
28-11-1975,0.75,0.0,83200,0.7578129768371582,0.75,0.11796149611473083
01-12-1975,0.75,0.75,0,0.75,0.75,0.11796149611473083
02-12-1975,0.7421879768371582,0.0,3200,0.7421879768371582,0.7421879768371582,0.11673281341791153
03-12-1975,0.734375,0.0,3200,0.734375,0.734375,0.11550399661064148
04-12-1975,0.734375,0.0,22400,0.7421879768371582,0.7421879768371582,0.11673281341791153
05-12-1975,0.734375,0.0,38400,0.7382810115814209,0.7382810115814209,0.11611829698085785
08-12-1975,0.734375,0.0,25600,0.734375,0.734375,0.11550399661064148
09-12-1975,0.7265629768371582,0.0,25600,0.734375,0.7265629768371582,0.11427527666091919
10-12-1975,0.7226560115814209,0.0,22400,0.7304689884185791,0.7226560115814209,0.11366076022386551
11-12-1975,0.71875,0.0,12800,0.71875,0.71875,0.11304647475481033
12-12-1975,0.71875,0.0,41600,0.734375,0.7265629768371582,0.11427527666091919
15-12-1975,0.7265629768371582,0.7265629768371582,0,0.7265629768371582,0.7265629768371582,0.11427527666091919
16-12-1975,0.71875,0.0,41600,0.71875,0.71875,0.11304647475481033
17-12-1975,0.703125,0.0,51200,0.7109379768371582,0.7109379768371582,0.11181772500276566
18-12-1975,0.7109379768371582,0.7109379768371582,0,0.7109379768371582,0.7109379768371582,0.11181772500276566
19-12-1975,0.6953129768371582,0.0,908800,0.7109379768371582,0.7109379768371582,0.11181772500276566
22-12-1975,0.6914060115814209,0.0,32000,0.7070310115814209,0.6914060115814209,0.1087457537651062
23-12-1975,0.6640629768371582,0.0,51200,0.6875,0.6640629768371582,0.10444514453411102
24-12-1975,0.6640629768371582,0.6640629768371582,0,0.6640629768371582,0.6640629768371582,0.10444514453411102
26-12-1975,0.6640629768371582,0.0,16000,0.671875,0.6640629768371582,0.10444514453411102
29-12-1975,0.6640629768371582,0.0,35200,0.671875,0.6640629768371582,0.10444514453411102
30-12-1975,0.65625,0.0,3200,0.65625,0.65625,0.10321629792451859
31-12-1975,0.6640629768371582,0.0,28800,0.671875,0.671875,0.10567382723093033
02-01-1976,0.65625,0.0,28800,0.6640629768371582,0.65625,0.10321629792451859
05-01-1976,0.6679689884185791,0.0,80000,0.6875,0.6875,0.10813135653734207
06-01-1976,0.6875,0.0,64000,0.6992189884185791,0.6953129768371582,0.1093602105975151
07-01-1976,0.6953129768371582,0.0,86400,0.71875,0.71875,0.11304647475481033
08-01-1976,0.7070310115814209,0.0,19200,0.7148439884185791,0.7070310115814209,0.11120331287384033
09-01-1976,0.6953129768371582,0.0,54400,0.7070310115814209,0.7070310115814209,0.11120331287384033
12-01-1976,0.6953129768371582,0.0,19200,0.7070310115814209,0.6953129768371582,0.1093602105975151
13-01-1976,0.71875,0.0,102400,0.734375,0.7265629768371582,0.11427527666091919
14-01-1976,0.7265629768371582,0.0,19200,0.734375,0.734375,0.11550399661064148
15-01-1976,0.71875,0.0,76800,0.7265629768371582,0.71875,0.11304647475481033
16-01-1976,0.7265629768371582,0.0,25600,0.7421879768371582,0.7421879768371582,0.11673281341791153
19-01-1976,0.7539060115814209,0.0,51200,0.765625,0.7578129768371582,0.11919037252664566
20-01-1976,0.7695310115814209,0.0,64000,0.7851560115814209,0.78125,0.12287648767232895
21-01-1976,0.78125,0.0,22400,0.7851560115814209,0.78125,0.12287648767232895
22-01-1976,0.78125,0.0,25600,0.78125,0.78125,0.12287648767232895
23-01-1976,0.78125,0.0,28800,0.7890629768371582,0.7851560115814209,0.12349086254835129
26-01-1976,0.78125,0.0,841600,0.7851560115814209,0.78125,0.12287648767232895
27-01-1976,0.78125,0.0,76800,0.7890629768371582,0.7890629768371582,0.12410538643598557
28-01-1976,0.7851560115814209,0.0,9600,0.7851560115814209,0.7851560115814209,0.12349086254835129
29-01-1976,0.7851560115814209,0.7851560115814209,0,0.7851560115814209,0.7851560115814209,0.12349086254835129
30-01-1976,0.7734379768371582,0.0,96000,0.7890629768371582,0.78125,0.12287648767232895
02-02-1976,0.78125,0.78125,0,0.78125,0.78125,0.12287648767232895
03-02-1976,0.765625,0.0,32000,0.7734379768371582,0.765625,0.12041905522346497
04-02-1976,0.7695310115814209,0.0,60800,0.7773439884185791,0.7695310115814209,0.12103340029716492
05-02-1976,0.7695310115814209,0.0,3200,0.7695310115814209,0.7695310115814209,0.12103340029716492
06-02-1976,0.7539060115814209,0.0,73600,0.765625,0.7539060115814209,0.11857590079307556
09-02-1976,0.7539060115814209,0.0,19200,0.7617189884185791,0.7578129768371582,0.11919037252664566
10-02-1976,0.7617189884185791,0.0,38400,0.7773439884185791,0.7773439884185791,0.12226223945617676
11-02-1976,0.7890629768371582,0.0,92800,0.8164060115814209,0.8125,0.12779158353805542
12-02-1976,0.8125,0.0,16000,0.828125,0.828125,0.13024917244911194
13-02-1976,0.8125,0.0,64000,0.8242189884185791,0.8242189884185791,0.129634827375412
17-02-1976,0.8164060115814209,0.0,19200,0.8203129768371582,0.8203129768371582,0.12902046740055084
18-02-1976,0.8125,0.0,86400,0.8203129768371582,0.8203129768371582,0.12902046740055084
19-02-1976,0.8320310115814209,0.0,6400,0.8320310115814209,0.8320310115814209,0.13086354732513428
20-02-1976,0.8359379768371582,0.0,211200,0.8632810115814209,0.8632810115814209,0.13577863574028015
23-02-1976,0.859375,0.0,323200,0.8671879768371582,0.859375,0.1351642608642578
24-02-1976,0.8632810115814209,0.0,140800,0.8671879768371582,0.8671879768371582,0.13639310002326965
25-02-1976,0.8671879768371582,0.0,451200,0.8828129768371582,0.8828129768371582,0.1388506144285202
26-02-1976,0.890625,0.0,48000,0.90625,0.90625,0.14253681898117065
27-02-1976,0.90625,0.90625,0,0.90625,0.90625,0.14253681898117065
01-03-1976,0.890625,0.0,64000,0.9140629768371582,0.890625,0.1400792896747589
02-03-1976,0.8984379768371582,0.0,355200,0.9296879768371582,0.921875,0.14499448239803314
03-03-1976,0.9179689884185791,0.0,38400,0.9296879768371582,0.9179689884185791,0.14438004791736603
04-03-1976,0.921875,0.0,294400,0.9375,0.9257810115814209,0.14560866355895996
05-03-1976,0.9101560115814209,0.0,182400,0.9335939884185791,0.9101560115814209,0.1431512087583542
08-03-1976,0.90625,0.0,118400,0.9179689884185791,0.9101560115814209,0.1431512087583542
09-03-1976,0.9140629768371582,0.0,236800,0.921875,0.9140629768371582,0.1437656432390213
10-03-1976,0.9101560115814209,0.0,3200,0.9101560115814209,0.9101560115814209,0.1431512087583542
11-03-1976,0.90625,0.0,508800,0.9140629768371582,0.9140629768371582,0.1437656432390213
12-03-1976,0.8984379768371582,0.0,38400,0.90625,0.9023439884185791,0.1419224590063095
15-03-1976,0.8945310115814209,0.0,16000,0.8984379768371582,0.8945310115814209,0.14069369435310364
16-03-1976,0.8867189884185791,0.0,35200,0.8945310115814209,0.8945310115814209,0.14069369435310364
17-03-1976,0.8828129768371582,0.0,60800,0.8867189884185791,0.8828129768371582,0.1388506144285202
18-03-1976,0.875,0.0,169600,0.8828129768371582,0.875,0.13762179017066956
19-03-1976,0.8671879768371582,0.0,6400,0.875,0.875,0.13762179017066956
22-03-1976,0.8671879768371582,0.0,3200,0.8671879768371582,0.8671879768371582,0.13639310002326965
23-03-1976,0.8671879768371582,0.0,16000,0.8710939884185791,0.8671879768371582,0.13639310002326965
24-03-1976,0.8710939884185791,0.0,793600,0.875,0.8710939884185791,0.1370074301958084
25-03-1976,0.859375,0.0,102400,0.875,0.859375,0.1351642608642578
26-03-1976,0.8671879768371582,0.0,140800,0.8710939884185791,0.8671879768371582,0.13639310002326965
29-03-1976,0.8671879768371582,0.0,51200,0.8671879768371582,0.8671879768371582,0.13639310002326965
30-03-1976,0.8710939884185791,0.0,3200,0.8710939884185791,0.8710939884185791,0.1370074301958084
31-03-1976,0.8554689884185791,0.0,28800,0.8632810115814209,0.8632810115814209,0.13577863574028015
01-04-1976,0.8710939884185791,0.0,409600,0.8828129768371582,0.8828129768371582,0.1388506144285202
02-04-1976,0.8789060115814209,0.0,144000,0.8828129768371582,0.8789060115814209,0.13823609054088593
05-04-1976,0.8828129768371582,0.0,28800,0.890625,0.890625,0.1400792896747589
06-04-1976,0.8984379768371582,0.0,230400,0.9179689884185791,0.9179689884185791,0.14438004791736603
07-04-1976,0.9140629768371582,0.0,726400,0.9140629768371582,0.9140629768371582,0.1437656432390213
08-04-1976,0.8984379768371582,0.0,128000,0.90625,0.8984379768371582,0.14130815863609314
09-04-1976,0.890625,0.0,12800,0.890625,0.890625,0.1400792896747589
12-04-1976,0.8984379768371582,0.0,6400,0.8984379768371582,0.8984379768371582,0.14130815863609314
13-04-1976,0.8867189884185791,0.0,41600,0.8867189884185791,0.8867189884185791,0.13946497440338135
14-04-1976,0.90625,0.0,118400,0.90625,0.90625,0.14253681898117065
15-04-1976,0.8984379768371582,0.0,25600,0.9023439884185791,0.8984379768371582,0.14130815863609314
19-04-1976,0.8789060115814209,0.0,38400,0.8789060115814209,0.8789060115814209,0.13823609054088593
20-04-1976,0.8867189884185791,0.0,86400,0.8984379768371582,0.8984379768371582,0.14130815863609314
21-04-1976,0.8984379768371582,0.0,99200,0.90625,0.8984379768371582,0.14130815863609314
22-04-1976,0.8984379768371582,0.0,12800,0.8984379768371582,0.8984379768371582,0.14130815863609314
23-04-1976,0.890625,0.0,9600,0.890625,0.890625,0.1400792896747589
26-04-1976,0.859375,0.0,51200,0.8984379768371582,0.859375,0.1351642608642578
27-04-1976,0.84375,0.0,99200,0.8515629768371582,0.84375,0.13270671665668488
28-04-1976,0.8359379768371582,0.0,118400,0.8632810115814209,0.859375,0.1351642608642578
29-04-1976,0.8671879768371582,0.0,70400,0.875,0.875,0.13762179017066956
30-04-1976,0.8710939884185791,0.0,51200,0.8867189884185791,0.875,0.13762179017066956
03-05-1976,0.8789060115814209,0.0,35200,0.8867189884185791,0.8867189884185791,0.13946497440338135
04-05-1976,0.8828129768371582,0.0,70400,0.890625,0.8828129768371582,0.1388506144285202
05-05-1976,0.8671879768371582,0.0,22400,0.8828129768371582,0.8671879768371582,0.13639310002326965
06-05-1976,0.875,0.0,3200,0.875,0.875,0.13762179017066956
07-05-1976,0.859375,0.0,6400,0.8671879768371582,0.859375,0.1351642608642578
10-05-1976,0.8515629768371582,0.0,6400,0.8515629768371582,0.8515629768371582,0.13393549621105194
11-05-1976,0.84375,0.0,476800,0.859375,0.859375,0.1351642608642578
12-05-1976,0.8515629768371582,0.0,3200,0.8515629768371582,0.8515629768371582,0.13393549621105194
13-05-1976,0.8476560115814209,0.0,3200,0.8476560115814209,0.8476560115814209,0.13332098722457886
14-05-1976,0.8554689884185791,0.0,9600,0.8554689884185791,0.8554689884185791,0.13454987108707428
17-05-1976,0.84375,0.0,35200,0.8476560115814209,0.84375,0.13270671665668488
18-05-1976,0.828125,0.0,22400,0.828125,0.828125,0.13024917244911194
19-05-1976,0.8125,0.0,70400,0.8203129768371582,0.8125,0.12779158353805542
20-05-1976,0.78125,0.0,105600,0.8007810115814209,0.78125,0.12287648767232895
21-05-1976,0.7890629768371582,0.0,41600,0.8046879768371582,0.8046879768371582,0.1265629380941391
24-05-1976,0.7890629768371582,0.0,16000,0.796875,0.7890629768371582,0.12410538643598557
25-05-1976,0.7890629768371582,0.7890629768371582,0,0.7890629768371582,0.7890629768371582,0.12410538643598557
26-05-1976,0.78125,0.0,25600,0.7851560115814209,0.78125,0.12287648767232895
27-05-1976,0.78125,0.0,67200,0.7929689884185791,0.78125,0.12287648767232895
28-05-1976,0.7890629768371582,0.0,38400,0.7929689884185791,0.7929689884185791,0.12471971660852432
01-06-1976,0.7890629768371582,0.0,19200,0.8007810115814209,0.7890629768371582,0.12410538643598557
02-06-1976,0.765625,0.0,115200,0.78125,0.7773439884185791,0.12226223945617676
03-06-1976,0.7773439884185791,0.0,3200,0.7773439884185791,0.7773439884185791,0.12226223945617676
04-06-1976,0.7851560115814209,0.0,25600,0.7890629768371582,0.7890629768371582,0.12410538643598557
07-06-1976,0.7851560115814209,0.0,57600,0.7851560115814209,0.7851560115814209,0.12349086254835129
08-06-1976,0.7890629768371582,0.0,25600,0.7890629768371582,0.7890629768371582,0.12410538643598557
09-06-1976,0.7890629768371582,0.0,118400,0.8007810115814209,0.7929689884185791,0.12471971660852432
10-06-1976,0.7929689884185791,0.0,3200,0.7929689884185791,0.7929689884185791,0.12471971660852432
11-06-1976,0.7890629768371582,0.0,195200,0.796875,0.796875,0.12533406913280487
14-06-1976,0.7890629768371582,0.0,25600,0.796875,0.796875,0.12533406913280487
15-06-1976,0.8046879768371582,0.0,35200,0.8085939884185791,0.8085939884185791,0.12717731297016144
16-06-1976,0.8007810115814209,0.0,12800,0.8007810115814209,0.8007810115814209,0.1259484738111496
17-06-1976,0.796875,0.0,16000,0.796875,0.796875,0.12533406913280487
18-06-1976,0.8125,0.0,246400,0.84375,0.84375,0.13270671665668488
21-06-1976,0.8320310115814209,0.0,147200,0.84375,0.84375,0.13270671665668488
22-06-1976,0.84375,0.0,19200,0.8515629768371582,0.8515629768371582,0.13393549621105194
23-06-1976,0.8515629768371582,0.8515629768371582,0,0.8515629768371582,0.8515629768371582,0.13393549621105194
24-06-1976,0.8554689884185791,0.0,48000,0.859375,0.8554689884185791,0.13454987108707428
25-06-1976,0.8554689884185791,0.0,57600,0.859375,0.8554689884185791,0.13454987108707428
28-06-1976,0.859375,0.0,16000,0.859375,0.859375,0.1351642608642578
29-06-1976,0.859375,0.0,3200,0.859375,0.859375,0.1351642608642578
30-06-1976,0.859375,0.0,9600,0.859375,0.859375,0.1351642608642578
01-07-1976,0.8515629768371582,0.0,12800,0.8671879768371582,0.8671879768371582,0.13639310002326965
02-07-1976,0.8515629768371582,0.0,28800,0.8554689884185791,0.8515629768371582,0.13393549621105194
06-07-1976,0.859375,0.0,41600,0.859375,0.859375,0.1351642608642578
07-07-1976,0.859375,0.0,16000,0.859375,0.859375,0.1351642608642578
08-07-1976,0.859375,0.0,25600,0.8671879768371582,0.859375,0.1351642608642578
09-07-1976,0.859375,0.0,92800,0.8671879768371582,0.8671879768371582,0.13639310002326965
12-07-1976,0.859375,0.0,137600,0.8671879768371582,0.8671879768371582,0.13639310002326965
13-07-1976,0.8710939884185791,0.0,9600,0.875,0.875,0.13762179017066956
14-07-1976,0.875,0.0,102400,0.875,0.875,0.13762179017066956
15-07-1976,0.875,0.0,99200,0.875,0.875,0.13762179017066956
16-07-1976,0.8671879768371582,0.0,6400,0.8671879768371582,0.8671879768371582,0.13639310002326965
19-07-1976,0.8671879768371582,0.8671879768371582,0,0.8671879768371582,0.8671879768371582,0.13639310002326965
20-07-1976,0.8671879768371582,0.8671879768371582,0,0.8671879768371582,0.8671879768371582,0.13639310002326965
21-07-1976,0.859375,0.0,105600,0.8632810115814209,0.859375,0.1351642608642578
22-07-1976,0.859375,0.0,6400,0.859375,0.859375,0.1351642608642578
23-07-1976,0.8632810115814209,0.0,32000,0.8671879768371582,0.8632810115814209,0.13577863574028015
26-07-1976,0.84375,0.0,83200,0.8515629768371582,0.84375,0.13270671665668488
27-07-1976,0.84375,0.0,25600,0.84375,0.84375,0.13270671665668488
28-07-1976,0.84375,0.0,3200,0.84375,0.84375,0.13270671665668488
29-07-1976,0.84375,0.0,19200,0.8476560115814209,0.8476560115814209,0.13332098722457886
30-07-1976,0.8398439884185791,0.0,32000,0.84375,0.84375,0.13270671665668488
02-08-1976,0.84375,0.0,473600,0.84375,0.84375,0.13270671665668488
03-08-1976,0.8398439884185791,0.0,35200,0.84375,0.8398439884185791,0.1320924013853073
04-08-1976,0.8359379768371582,0.0,12800,0.84375,0.84375,0.13270671665668488
05-08-1976,0.84375,0.0,6400,0.84375,0.84375,0.13270671665668488
06-08-1976,0.84375,0.0,9600,0.84375,0.84375,0.13270671665668488
09-08-1976,0.8164060115814209,0.0,41600,0.8359379768371582,0.8164060115814209,0.12840604782104492
10-08-1976,0.8125,0.0,44800,0.8203129768371582,0.8203129768371582,0.12902046740055084
11-08-1976,0.8203129768371582,0.0,38400,0.8203129768371582,0.8203129768371582,0.12902046740055084
12-08-1976,0.8203129768371582,0.0,12800,0.8203129768371582,0.8203129768371582,0.12902046740055084
13-08-1976,0.8203129768371582,0.8203129768371582,0,0.8203129768371582,0.8203129768371582,0.12902046740055084
16-08-1976,0.8203129768371582,0.0,28800,0.828125,0.8203129768371582,0.12902046740055084
17-08-1976,0.8125,0.0,38400,0.8242189884185791,0.8203129768371582,0.12902046740055084
18-08-1976,0.8203129768371582,0.8203129768371582,0,0.8203129768371582,0.8203129768371582,0.12902046740055084
19-08-1976,0.796875,0.0,25600,0.8046879768371582,0.796875,0.12533406913280487
20-08-1976,0.78125,0.0,38400,0.796875,0.78125,0.12287648767232895
23-08-1976,0.7734379768371582,0.0,3200,0.7734379768371582,0.7734379768371582,0.1216478943824768
24-08-1976,0.7578129768371582,0.0,9600,0.765625,0.7578129768371582,0.11919037252664566
25-08-1976,0.734375,0.0,166400,0.75,0.734375,0.11550399661064148
26-08-1976,0.734375,0.0,9600,0.7421879768371582,0.734375,0.11550399661064148
27-08-1976,0.7226560115814209,0.0,16000,0.7265629768371582,0.7265629768371582,0.11427527666091919
30-08-1976,0.7226560115814209,0.0,6400,0.7226560115814209,0.7226560115814209,0.11366076022386551
31-08-1976,0.7265629768371582,0.0,115200,0.734375,0.734375,0.11550399661064148
01-09-1976,0.734375,0.0,35200,0.7421879768371582,0.7421879768371582,0.11673281341791153
02-09-1976,0.75,0.0,112000,0.78125,0.7734379768371582,0.1216478943824768
03-09-1976,0.7890629768371582,0.0,16000,0.796875,0.796875,0.12533406913280487
07-09-1976,0.796875,0.0,12800,0.8007810115814209,0.796875,0.12533406913280487
08-09-1976,0.796875,0.0,3200,0.796875,0.796875,0.12533406913280487
09-09-1976,0.8007810115814209,0.0,35200,0.8085939884185791,0.8007810115814209,0.1259484738111496
10-09-1976,0.796875,0.0,3200,0.796875,0.796875,0.12533406913280487
13-09-1976,0.7734379768371582,0.0,44800,0.78125,0.7734379768371582,0.1216478943824768
14-09-1976,0.7734379768371582,0.7734379768371582,0,0.7734379768371582,0.7734379768371582,0.1216478943824768
15-09-1976,0.765625,0.0,12800,0.7695310115814209,0.7695310115814209,0.12103340029716492
16-09-1976,0.765625,0.0,6400,0.765625,0.765625,0.12041905522346497
17-09-1976,0.7734379768371582,0.0,38400,0.7890629768371582,0.7890629768371582,0.12410538643598557
20-09-1976,0.7890629768371582,0.0,6400,0.796875,0.796875,0.12533406913280487
21-09-1976,0.796875,0.0,32000,0.8046879768371582,0.8007810115814209,0.1259484738111496
22-09-1976,0.8203129768371582,0.0,86400,0.8203129768371582,0.8203129768371582,0.12902046740055084
23-09-1976,0.828125,0.0,80000,0.84375,0.8359379768371582,0.13147799670696259
24-09-1976,0.84375,0.0,6400,0.84375,0.84375,0.13270671665668488
27-09-1976,0.828125,0.0,86400,0.84375,0.84375,0.13270671665668488
28-09-1976,0.84375,0.0,9600,0.8515629768371582,0.8515629768371582,0.13393549621105194
29-09-1976,0.8046879768371582,0.0,294400,0.8125,0.8046879768371582,0.1265629380941391
30-09-1976,0.8125,0.0,41600,0.8125,0.8125,0.12779158353805542
01-10-1976,0.796875,0.0,48000,0.8125,0.796875,0.12533406913280487
04-10-1976,0.7734379768371582,0.0,41600,0.7890629768371582,0.7734379768371582,0.1216478943824768
05-10-1976,0.7734379768371582,0.7734379768371582,0,0.7734379768371582,0.7734379768371582,0.1216478943824768
06-10-1976,0.7734379768371582,0.7734379768371582,0,0.7734379768371582,0.7734379768371582,0.1216478943824768
07-10-1976,0.765625,0.0,6400,0.765625,0.765625,0.12041905522346497
08-10-1976,0.765625,0.765625,0,0.765625,0.765625,0.12041905522346497
11-10-1976,0.765625,0.765625,0,0.765625,0.765625,0.12041905522346497
12-10-1976,0.7578129768371582,0.0,3200,0.7578129768371582,0.7578129768371582,0.11919037252664566
13-10-1976,0.734375,0.0,67200,0.75,0.734375,0.11550399661064148
14-10-1976,0.7226560115814209,0.0,16000,0.7265629768371582,0.7226560115814209,0.11366076022386551
15-10-1976,0.7304689884185791,0.0,9600,0.7304689884185791,0.7304689884185791,0.11488961428403854
18-10-1976,0.7304689884185791,0.7304689884185791,0,0.7304689884185791,0.7304689884185791,0.11488961428403854
19-10-1976,0.7265629768371582,0.0,6400,0.7265629768371582,0.7265629768371582,0.11427527666091919
20-10-1976,0.7265629768371582,0.0,118400,0.7304689884185791,0.7304689884185791,0.11488961428403854
21-10-1976,0.7265629768371582,0.0,76800,0.7304689884185791,0.7265629768371582,0.11427527666091919
22-10-1976,0.7265629768371582,0.0,22400,0.7304689884185791,0.7265629768371582,0.11427527666091919
25-10-1976,0.7265629768371582,0.0,80000,0.7304689884185791,0.7304689884185791,0.11488961428403854
26-10-1976,0.7304689884185791,0.0,118400,0.734375,0.734375,0.11550399661064148
27-10-1976,0.734375,0.0,326400,0.765625,0.734375,0.11550399661064148
28-10-1976,0.7265629768371582,0.0,185600,0.734375,0.734375,0.11550399661064148
29-10-1976,0.7421879768371582,0.0,99200,0.75,0.75,0.11796149611473083
01-11-1976,0.7421879768371582,0.0,35200,0.75,0.7460939884185791,0.1173471063375473
03-11-1976,0.7265629768371582,0.0,32000,0.7382810115814209,0.7265629768371582,0.11427527666091919
04-11-1976,0.734375,0.0,6400,0.734375,0.734375,0.11550399661064148
05-11-1976,0.7265629768371582,0.0,51200,0.7382810115814209,0.7304689884185791,0.11488961428403854
08-11-1976,0.7304689884185791,0.0,28800,0.7382810115814209,0.7304689884185791,0.11488961428403854
09-11-1976,0.7265629768371582,0.0,6400,0.7265629768371582,0.7265629768371582,0.11427527666091919
10-11-1976,0.7226560115814209,0.0,444800,0.7304689884185791,0.7226560115814209,0.11366076022386551
11-11-1976,0.7148439884185791,0.0,57600,0.71875,0.7148439884185791,0.11243210732936859
12-11-1976,0.7109379768371582,0.0,19200,0.71875,0.7109379768371582,0.11181772500276566
15-11-1976,0.7109379768371582,0.0,35200,0.7109379768371582,0.7109379768371582,0.11181772500276566
16-11-1976,0.7109379768371582,0.0,64000,0.7109379768371582,0.7109379768371582,0.11181772500276566
17-11-1976,0.7070310115814209,0.0,76800,0.7148439884185791,0.7070310115814209,0.11120331287384033
18-11-1976,0.7070310115814209,0.0,384000,0.71875,0.7070310115814209,0.11120331287384033
19-11-1976,0.7070310115814209,0.0,112000,0.7265629768371582,0.71875,0.11304647475481033
22-11-1976,0.7304689884185791,0.0,16000,0.734375,0.734375,0.11550399661064148
23-11-1976,0.734375,0.0,48000,0.7421879768371582,0.7421879768371582,0.11673281341791153
24-11-1976,0.734375,0.0,38400,0.7421879768371582,0.7421879768371582,0.11673281341791153
26-11-1976,0.734375,0.0,118400,0.7382810115814209,0.734375,0.11550399661064148
29-11-1976,0.734375,0.0,76800,0.7421879768371582,0.734375,0.11550399661064148
30-11-1976,0.734375,0.0,32000,0.734375,0.734375,0.11550399661064148
01-12-1976,0.7421879768371582,0.0,384000,0.7539060115814209,0.7539060115814209,0.11857590079307556
02-12-1976,0.75,0.0,227200,0.7890629768371582,0.7890629768371582,0.12410538643598557
03-12-1976,0.7773439884185791,0.0,67200,0.78125,0.7773439884185791,0.12226223945617676
06-12-1976,0.78125,0.0,211200,0.7890629768371582,0.7890629768371582,0.12410538643598557
07-12-1976,0.78125,0.0,60800,0.7851560115814209,0.7851560115814209,0.12349086254835129
08-12-1976,0.7851560115814209,0.0,57600,0.7890629768371582,0.7851560115814209,0.12349086254835129
09-12-1976,0.7929689884185791,0.0,121600,0.8164060115814209,0.8164060115814209,0.12840604782104492
10-12-1976,0.8164060115814209,0.0,124800,0.8359379768371582,0.828125,0.13024917244911194
13-12-1976,0.8320310115814209,0.0,76800,0.84375,0.8320310115814209,0.13086354732513428
14-12-1976,0.828125,0.0,112000,0.8398439884185791,0.8359379768371582,0.13147799670696259
15-12-1976,0.8320310115814209,0.0,118400,0.8398439884185791,0.8320310115814209,0.13086354732513428
16-12-1976,0.8242189884185791,0.0,48000,0.8359379768371582,0.8242189884185791,0.129634827375412
17-12-1976,0.8203129768371582,0.0,176000,0.828125,0.8203129768371582,0.12902046740055084
20-12-1976,0.8242189884185791,0.0,35200,0.8359379768371582,0.828125,0.13024917244911194
21-12-1976,0.8359379768371582,0.0,118400,0.8359379768371582,0.8359379768371582,0.13147799670696259
22-12-1976,0.8320310115814209,0.0,358400,0.84375,0.8398439884185791,0.1320924013853073
23-12-1976,0.8203129768371582,0.0,86400,0.8320310115814209,0.8203129768371582,0.12902046740055084
27-12-1976,0.8203129768371582,0.0,9600,0.828125,0.828125,0.13024917244911194
28-12-1976,0.8203129768371582,0.0,96000,0.8398439884185791,0.8398439884185791,0.1320924013853073
29-12-1976,0.8476560115814209,0.0,262400,0.8554689884185791,0.8554689884185791,0.13454987108707428
30-12-1976,0.8515629768371582,0.0,3200,0.8515629768371582,0.8515629768371582,0.13393549621105194
31-12-1976,0.859375,0.0,124800,0.875,0.8632810115814209,0.13577863574028015
03-01-1977,0.8515629768371582,0.0,44800,0.8632810115814209,0.8515629768371582,0.13393549621105194
04-01-1977,0.8671879768371582,0.0,198400,0.875,0.8710939884185791,0.1370074301958084
05-01-1977,0.8632810115814209,0.0,121600,0.8671879768371582,0.8671879768371582,0.13639310002326965
06-01-1977,0.8710939884185791,0.0,124800,0.875,0.875,0.13762179017066956
07-01-1977,0.8671879768371582,0.0,12800,0.8710939884185791,0.8710939884185791,0.1370074301958084
10-01-1977,0.8554689884185791,0.0,137600,0.859375,0.8554689884185791,0.13454987108707428
11-01-1977,0.8554689884185791,0.0,102400,0.8671879768371582,0.8554689884185791,0.13454987108707428
12-01-1977,0.859375,0.0,35200,0.8671879768371582,0.859375,0.1351642608642578
13-01-1977,0.8515629768371582,0.0,73600,0.859375,0.8515629768371582,0.13393549621105194
14-01-1977,0.84375,0.0,9600,0.8515629768371582,0.8515629768371582,0.13393549621105194
17-01-1977,0.828125,0.0,22400,0.84375,0.828125,0.13024917244911194
18-01-1977,0.8007810115814209,0.0,48000,0.8203129768371582,0.8007810115814209,0.1259484738111496
19-01-1977,0.8046879768371582,0.0,38400,0.8203129768371582,0.8125,0.12779158353805542
20-01-1977,0.8242189884185791,0.0,25600,0.8320310115814209,0.8320310115814209,0.13086354732513428
21-01-1977,0.8203129768371582,0.0,185600,0.8398439884185791,0.8203129768371582,0.12902046740055084
24-01-1977,0.828125,0.0,9600,0.828125,0.828125,0.13024917244911194
25-01-1977,0.8203129768371582,0.0,89600,0.8203129768371582,0.8203129768371582,0.12902046740055084
26-01-1977,0.8164060115814209,0.0,92800,0.8203129768371582,0.8164060115814209,0.12840604782104492
27-01-1977,0.8164060115814209,0.0,41600,0.8203129768371582,0.8164060115814209,0.12840604782104492
28-01-1977,0.8085939884185791,0.0,323200,0.8164060115814209,0.8164060115814209,0.12840604782104492
31-01-1977,0.8125,0.0,12800,0.8164060115814209,0.8125,0.12779158353805542
01-02-1977,0.8125,0.0,3200,0.8125,0.8125,0.12779158353805542
02-02-1977,0.8164060115814209,0.0,38400,0.8164060115814209,0.8164060115814209,0.12840604782104492
03-02-1977,0.8164060115814209,0.0,67200,0.8242189884185791,0.8242189884185791,0.129634827375412
04-02-1977,0.8164060115814209,0.0,9600,0.8164060115814209,0.8164060115814209,0.12840604782104492
07-02-1977,0.8125,0.0,368000,0.8125,0.8125,0.12779158353805542
08-02-1977,0.7734379768371582,0.0,144000,0.8046879768371582,0.7734379768371582,0.1216478943824768
09-02-1977,0.7578129768371582,0.0,144000,0.765625,0.7578129768371582,0.11919037252664566
10-02-1977,0.75,0.0,44800,0.765625,0.765625,0.12041905522346497
11-02-1977,0.7734379768371582,0.0,76800,0.7890629768371582,0.78125,0.12287648767232895
14-02-1977,0.796875,0.0,16000,0.796875,0.796875,0.12533406913280487
15-02-1977,0.8007810115814209,0.0,140800,0.8085939884185791,0.8085939884185791,0.12717731297016144
16-02-1977,0.8007810115814209,0.0,1360000,0.8125,0.8007810115814209,0.1259484738111496
17-02-1977,0.796875,0.0,38400,0.796875,0.796875,0.12533406913280487
18-02-1977,0.796875,0.0,48000,0.796875,0.796875,0.12533406913280487
22-02-1977,0.796875,0.0,217600,0.8046879768371582,0.8007810115814209,0.1259484738111496
23-02-1977,0.8046879768371582,0.0,86400,0.8046879768371582,0.8046879768371582,0.1265629380941391
24-02-1977,0.796875,0.0,275200,0.8007810115814209,0.796875,0.12533406913280487
25-02-1977,0.78125,0.0,16000,0.7890629768371582,0.78125,0.12287648767232895
28-02-1977,0.78125,0.78125,0,0.78125,0.78125,0.12287648767232895
01-03-1977,0.765625,0.0,208000,0.7773439884185791,0.765625,0.12041905522346497
02-03-1977,0.75,0.0,6400,0.7578129768371582,0.75,0.11796149611473083
03-03-1977,0.7539060115814209,0.0,124800,0.7617189884185791,0.7617189884185791,0.11980470269918442
04-03-1977,0.7617189884185791,0.7617189884185791,0,0.7617189884185791,0.7617189884185791,0.11980470269918442
07-03-1977,0.7539060115814209,0.0,9600,0.7539060115814209,0.7539060115814209,0.11857590079307556
08-03-1977,0.7421879768371582,0.0,624000,0.75,0.75,0.11796149611473083
09-03-1977,0.7304689884185791,0.0,6400,0.734375,0.7304689884185791,0.11488961428403854
10-03-1977,0.7304689884185791,0.0,25600,0.7382810115814209,0.7304689884185791,0.11488961428403854
11-03-1977,0.7382810115814209,0.0,41600,0.7578129768371582,0.7578129768371582,0.11919037252664566
14-03-1977,0.765625,0.0,3200,0.765625,0.765625,0.12041905522346497
15-03-1977,0.765625,0.0,6400,0.765625,0.765625,0.12041905522346497
16-03-1977,0.765625,0.765625,0,0.765625,0.765625,0.12041905522346497
17-03-1977,0.7578129768371582,0.0,9600,0.765625,0.7578129768371582,0.11919037252664566
18-03-1977,0.75,0.0,51200,0.7578129768371582,0.75,0.11796149611473083
21-03-1977,0.7578129768371582,0.0,32000,0.7578129768371582,0.7578129768371582,0.11919037252664566
22-03-1977,0.7421879768371582,0.0,76800,0.75,0.7421879768371582,0.11673281341791153
23-03-1977,0.7421879768371582,0.0,3200,0.7421879768371582,0.7421879768371582,0.11673281341791153
24-03-1977,0.75,0.0,19200,0.75,0.75,0.11796149611473083
25-03-1977,0.734375,0.0,70400,0.7382810115814209,0.734375,0.11550399661064148
28-03-1977,0.7265629768371582,0.0,9600,0.7304689884185791,0.7304689884185791,0.11488961428403854
29-03-1977,0.7304689884185791,0.7304689884185791,0,0.7304689884185791,0.7304689884185791,0.11488961428403854
30-03-1977,0.71875,0.0,428800,0.7226560115814209,0.71875,0.11304647475481033
31-03-1977,0.7265629768371582,0.0,16000,0.7265629768371582,0.7265629768371582,0.11427527666091919
01-04-1977,0.71875,0.0,9600,0.7226560115814209,0.71875,0.11304647475481033
04-04-1977,0.7148439884185791,0.0,198400,0.7265629768371582,0.7148439884185791,0.11243210732936859
05-04-1977,0.6914060115814209,0.0,115200,0.7148439884185791,0.6992189884185791,0.10997460037469864
06-04-1977,0.6796879768371582,0.0,28800,0.6914060115814209,0.6796879768371582,0.10690267384052277
07-04-1977,0.6875,0.0,92800,0.6992189884185791,0.6992189884185791,0.10997460037469864
11-04-1977,0.703125,0.0,105600,0.71875,0.71875,0.11304647475481033
12-04-1977,0.7109379768371582,0.0,28800,0.7148439884185791,0.7109379768371582,0.11181772500276566
13-04-1977,0.7109379768371582,0.0,25600,0.7109379768371582,0.7109379768371582,0.11181772500276566
14-04-1977,0.703125,0.0,83200,0.7148439884185791,0.7148439884185791,0.11243210732936859
15-04-1977,0.7070310115814209,0.0,28800,0.7148439884185791,0.7109379768371582,0.11181772500276566
18-04-1977,0.6992189884185791,0.0,19200,0.703125,0.6992189884185791,0.10997460037469864
19-04-1977,0.6875,0.0,976000,0.7109379768371582,0.6875,0.10813135653734207
20-04-1977,0.6992189884185791,0.0,67200,0.7070310115814209,0.7070310115814209,0.11120331287384033
21-04-1977,0.7070310115814209,0.0,105600,0.71875,0.71875,0.11304647475481033
22-04-1977,0.71875,0.0,118400,0.7265629768371582,0.7265629768371582,0.11427527666091919
25-04-1977,0.7265629768371582,0.0,150400,0.734375,0.7265629768371582,0.11427527666091919
26-04-1977,0.7265629768371582,0.0,22400,0.7304689884185791,0.7265629768371582,0.11427527666091919
27-04-1977,0.7265629768371582,0.0,57600,0.734375,0.734375,0.11550399661064148
28-04-1977,0.734375,0.0,86400,0.75,0.75,0.11796149611473083
29-04-1977,0.7421879768371582,0.0,32000,0.7578129768371582,0.7578129768371582,0.11919037252664566
02-05-1977,0.734375,0.0,9600,0.7421879768371582,0.734375,0.11550399661064148
03-05-1977,0.703125,0.0,60800,0.7265629768371582,0.7109379768371582,0.11181772500276566
04-05-1977,0.7109379768371582,0.7109379768371582,0,0.7109379768371582,0.7109379768371582,0.11181772500276566
05-05-1977,0.703125,0.0,9600,0.7109379768371582,0.7109379768371582,0.11181772500276566
06-05-1977,0.7109379768371582,0.0,48000,0.71875,0.71875,0.11304647475481033
09-05-1977,0.6953129768371582,0.0,19200,0.703125,0.703125,0.110588937997818
10-05-1977,0.6875,0.0,12800,0.6992189884185791,0.6992189884185791,0.10997460037469864
11-05-1977,0.703125,0.0,51200,0.703125,0.703125,0.110588937997818
12-05-1977,0.703125,0.703125,0,0.703125,0.703125,0.110588937997818
13-05-1977,0.6914060115814209,0.0,905600,0.703125,0.703125,0.110588937997818
16-05-1977,0.6914060115814209,0.0,131200,0.703125,0.6914060115814209,0.1087457537651062
17-05-1977,0.6992189884185791,0.0,233600,0.734375,0.734375,0.11550399661064148
18-05-1977,0.734375,0.0,166400,0.75,0.734375,0.11550399661064148
19-05-1977,0.7265629768371582,0.0,96000,0.75,0.7265629768371582,0.11427527666091919
20-05-1977,0.75,0.0,128000,0.7578129768371582,0.7578129768371582,0.11919037252664566
23-05-1977,0.75,0.0,19200,0.7578129768371582,0.7578129768371582,0.11919037252664566
24-05-1977,0.7265629768371582,0.0,32000,0.7460939884185791,0.7265629768371582,0.11427527666091919
25-05-1977,0.7226560115814209,0.0,54400,0.7460939884185791,0.734375,0.11550399661064148
26-05-1977,0.734375,0.0,54400,0.765625,0.765625,0.12041905522346497
27-05-1977,0.7617189884185791,0.0,70400,0.7734379768371582,0.7734379768371582,0.1216478943824768
31-05-1977,0.7578129768371582,0.0,323200,0.7773439884185791,0.765625,0.12041905522346497
01-06-1977,0.7265629768371582,0.0,185600,0.7578129768371582,0.75,0.11796149611473083
02-06-1977,0.7382810115814209,0.0,28800,0.7460939884185791,0.7421879768371582,0.11673281341791153
03-06-1977,0.7265629768371582,0.0,22400,0.734375,0.7304689884185791,0.11488961428403854
06-06-1977,0.7265629768371582,0.0,92800,0.734375,0.7265629768371582,0.11427527666091919
07-06-1977,0.7226560115814209,0.0,44800,0.7382810115814209,0.7226560115814209,0.11366076022386551
08-06-1977,0.7109379768371582,0.0,22400,0.7265629768371582,0.7265629768371582,0.11427527666091919
09-06-1977,0.7265629768371582,0.0,3200,0.7265629768371582,0.7265629768371582,0.11427527666091919
10-06-1977,0.7304689884185791,0.0,22400,0.734375,0.734375,0.11550399661064148
13-06-1977,0.7265629768371582,0.0,64000,0.734375,0.734375,0.11550399661064148
14-06-1977,0.71875,0.0,44800,0.734375,0.71875,0.11304647475481033
15-06-1977,0.7070310115814209,0.0,38400,0.7148439884185791,0.7148439884185791,0.11243210732936859
16-06-1977,0.6953129768371582,0.0,80000,0.6953129768371582,0.6953129768371582,0.1093602105975151
17-06-1977,0.7070310115814209,0.0,38400,0.7109379768371582,0.7109379768371582,0.11181772500276566
20-06-1977,0.7109379768371582,0.0,9600,0.7109379768371582,0.7109379768371582,0.11181772500276566
21-06-1977,0.6953129768371582,0.0,502400,0.703125,0.703125,0.110588937997818
22-06-1977,0.7070310115814209,0.0,108800,0.7148439884185791,0.7148439884185791,0.11243210732936859
23-06-1977,0.7109379768371582,0.0,48000,0.71875,0.71875,0.11304647475481033
24-06-1977,0.7070310115814209,0.0,80000,0.7148439884185791,0.7109379768371582,0.11181772500276566
27-06-1977,0.703125,0.0,272000,0.7148439884185791,0.703125,0.110588937997818
28-06-1977,0.7070310115814209,0.0,28800,0.7148439884185791,0.7109379768371582,0.11181772500276566
29-06-1977,0.7070310115814209,0.0,252800,0.7265629768371582,0.7070310115814209,0.11120331287384033
30-06-1977,0.7070310115814209,0.7070310115814209,0,0.7070310115814209,0.7070310115814209,0.11120331287384033
01-07-1977,0.7148439884185791,0.0,32000,0.7265629768371582,0.71875,0.11304647475481033
05-07-1977,0.7109379768371582,0.0,41600,0.7109379768371582,0.7109379768371582,0.11181772500276566
06-07-1977,0.7148439884185791,0.0,64000,0.71875,0.71875,0.11304647475481033
07-07-1977,0.7148439884185791,0.0,361600,0.734375,0.734375,0.11550399661064148
08-07-1977,0.7226560115814209,0.0,332800,0.7382810115814209,0.734375,0.11550399661064148
11-07-1977,0.71875,0.0,115200,0.7304689884185791,0.7304689884185791,0.11488961428403854
12-07-1977,0.7226560115814209,0.0,80000,0.734375,0.734375,0.11550399661064148
13-07-1977,0.7265629768371582,0.0,377600,0.734375,0.734375,0.11550399661064148
15-07-1977,0.7421879768371582,0.0,51200,0.7460939884185791,0.7421879768371582,0.11673281341791153
18-07-1977,0.71875,0.0,486400,0.7421879768371582,0.71875,0.11304647475481033
19-07-1977,0.71875,0.0,1075200,0.7265629768371582,0.7265629768371582,0.11427527666091919
20-07-1977,0.7265629768371582,0.0,28800,0.734375,0.7265629768371582,0.11427527666091919
21-07-1977,0.71875,0.0,169600,0.7226560115814209,0.7226560115814209,0.11366076022386551
22-07-1977,0.7226560115814209,0.7226560115814209,0,0.7226560115814209,0.7226560115814209,0.11366076022386551
25-07-1977,0.7226560115814209,0.0,12800,0.7226560115814209,0.7226560115814209,0.11366076022386551
26-07-1977,0.7226560115814209,0.0,6400,0.7226560115814209,0.7226560115814209,0.11366076022386551
27-07-1977,0.7226560115814209,0.7226560115814209,0,0.7226560115814209,0.7226560115814209,0.11366076022386551
28-07-1977,0.7109379768371582,0.0,25600,0.7148439884185791,0.7109379768371582,0.11181772500276566
29-07-1977,0.703125,0.0,48000,0.7109379768371582,0.703125,0.110588937997818
01-08-1977,0.703125,0.0,16000,0.7109379768371582,0.7109379768371582,0.11181772500276566
02-08-1977,0.7109379768371582,0.0,32000,0.7109379768371582,0.7109379768371582,0.11181772500276566
03-08-1977,0.6796879768371582,0.0,41600,0.703125,0.6796879768371582,0.10690267384052277
04-08-1977,0.6796879768371582,0.0,28800,0.6835939884185791,0.6835939884185791,0.10751700401306152
05-08-1977,0.6835939884185791,0.0,262400,0.6875,0.6875,0.10813135653734207
08-08-1977,0.6875,0.0,57600,0.703125,0.703125,0.110588937997818
09-08-1977,0.7109379768371582,0.0,6400,0.7109379768371582,0.7109379768371582,0.11181772500276566
10-08-1977,0.71875,0.0,3200,0.71875,0.71875,0.11304647475481033
11-08-1977,0.71875,0.0,44800,0.71875,0.71875,0.11304647475481033
12-08-1977,0.7109379768371582,0.0,6400,0.71875,0.7109379768371582,0.11181772500276566
15-08-1977,0.71875,0.0,22400,0.71875,0.71875,0.11304647475481033
16-08-1977,0.71875,0.0,28800,0.71875,0.71875,0.11304647475481033
17-08-1977,0.71875,0.71875,0,0.71875,0.71875,0.11304647475481033
18-08-1977,0.7148439884185791,0.0,9600,0.7148439884185791,0.7148439884185791,0.11243210732936859
19-08-1977,0.7109379768371582,0.0,28800,0.7148439884185791,0.7109379768371582,0.11181772500276566
22-08-1977,0.7109379768371582,0.0,19200,0.7109379768371582,0.7109379768371582,0.11181772500276566
23-08-1977,0.703125,0.0,35200,0.7109379768371582,0.7109379768371582,0.11181772500276566
24-08-1977,0.6953129768371582,0.0,12800,0.703125,0.6953129768371582,0.1093602105975151
25-08-1977,0.6992189884185791,0.0,51200,0.7070310115814209,0.7070310115814209,0.11120331287384033
26-08-1977,0.7109379768371582,0.0,19200,0.7109379768371582,0.7109379768371582,0.11181772500276566
29-08-1977,0.6992189884185791,0.0,25600,0.7070310115814209,0.7070310115814209,0.11120331287384033
30-08-1977,0.6875,0.0,134400,0.703125,0.6914060115814209,0.1087457537651062
31-08-1977,0.6914060115814209,0.0,73600,0.6914060115814209,0.6914060115814209,0.1087457537651062
01-09-1977,0.6992189884185791,0.0,64000,0.703125,0.703125,0.110588937997818
02-09-1977,0.6953129768371582,0.0,44800,0.7070310115814209,0.703125,0.110588937997818
06-09-1977,0.7070310115814209,0.0,243200,0.7148439884185791,0.7109379768371582,0.11181772500276566
07-09-1977,0.703125,0.0,44800,0.7109379768371582,0.703125,0.110588937997818
08-09-1977,0.6953129768371582,0.0,99200,0.703125,0.6953129768371582,0.1093602105975151
09-09-1977,0.6835939884185791,0.0,192000,0.6992189884185791,0.6835939884185791,0.10751700401306152
12-09-1977,0.671875,0.0,76800,0.6796879768371582,0.6796879768371582,0.10690267384052277
13-09-1977,0.6835939884185791,0.0,179200,0.6875,0.6875,0.10813135653734207
14-09-1977,0.6796879768371582,0.0,12800,0.6835939884185791,0.6835939884185791,0.10751700401306152
15-09-1977,0.640625,0.0,246400,0.6796879768371582,0.640625,0.10075879096984863
16-09-1977,0.6484379768371582,0.0,57600,0.6484379768371582,0.6484379768371582,0.10198765993118286
19-09-1977,0.65625,0.0,32000,0.65625,0.65625,0.10321629792451859
20-09-1977,0.65625,0.0,38400,0.6640629768371582,0.6640629768371582,0.10444514453411102
21-09-1977,0.671875,0.0,51200,0.6796879768371582,0.6757810115814209,0.10628821700811386
22-09-1977,0.6757810115814209,0.6757810115814209,0,0.6757810115814209,0.6757810115814209,0.10628821700811386
23-09-1977,0.6601560115814209,0.0,35200,0.6796879768371582,0.6601560115814209,0.10383070260286331
26-09-1977,0.6601560115814209,0.6601560115814209,0,0.6601560115814209,0.6601560115814209,0.10383070260286331
27-09-1977,0.6601560115814209,0.0,48000,0.6640629768371582,0.6601560115814209,0.10383070260286331
28-09-1977,0.6640629768371582,0.0,57600,0.6640629768371582,0.6640629768371582,0.10444514453411102
29-09-1977,0.6601560115814209,0.0,41600,0.6640629768371582,0.6601560115814209,0.10383070260286331
30-09-1977,0.6484379768371582,0.0,236800,0.6640629768371582,0.65625,0.10321629792451859
03-10-1977,0.6445310115814209,0.0,128000,0.6523439884185791,0.6523439884185791,0.10260197520256042
04-10-1977,0.6523439884185791,0.0,102400,0.6601560115814209,0.6523439884185791,0.10260197520256042
05-10-1977,0.6484379768371582,0.0,38400,0.6601560115814209,0.6601560115814209,0.10383070260286331
06-10-1977,0.65625,0.0,19200,0.6679689884185791,0.65625,0.10321629792451859
07-10-1977,0.6484379768371582,0.0,9600,0.6484379768371582,0.6484379768371582,0.10198765993118286
10-10-1977,0.6484379768371582,0.0,6400,0.6484379768371582,0.6484379768371582,0.10198765993118286
11-10-1977,0.6484379768371582,0.0,73600,0.6523439884185791,0.6484379768371582,0.10198765993118286
12-10-1977,0.6484379768371582,0.0,86400,0.6523439884185791,0.6523439884185791,0.10260197520256042
13-10-1977,0.6289060115814209,0.0,60800,0.6445310115814209,0.6289060115814209,0.09891562908887863
14-10-1977,0.6328129768371582,0.0,19200,0.6367189884185791,0.6328129768371582,0.09953005611896515
17-10-1977,0.6328129768371582,0.6328129768371582,0,0.6328129768371582,0.6328129768371582,0.09953005611896515
18-10-1977,0.6367189884185791,0.0,38400,0.6367189884185791,0.6367189884185791,0.10014447569847107
19-10-1977,0.6367189884185791,0.0,54400,0.640625,0.640625,0.10075879096984863
20-10-1977,0.625,0.0,144000,0.6367189884185791,0.6328129768371582,0.09953005611896515
21-10-1977,0.6328129768371582,0.0,76800,0.640625,0.640625,0.10075879096984863
24-10-1977,0.6328129768371582,0.0,51200,0.640625,0.6328129768371582,0.09953005611896515
25-10-1977,0.6171879768371582,0.0,73600,0.6328129768371582,0.6171879768371582,0.09707258641719818
26-10-1977,0.609375,0.0,67200,0.6445310115814209,0.6445310115814209,0.10137314349412918
27-10-1977,0.640625,0.0,3200,0.640625,0.640625,0.10075879096984863
28-10-1977,0.6328129768371582,0.0,12800,0.6328129768371582,0.6328129768371582,0.09953005611896515
31-10-1977,0.6328129768371582,0.6328129768371582,0,0.6328129768371582,0.6328129768371582,0.09953005611896515
01-11-1977,0.6210939884185791,0.0,22400,0.6289060115814209,0.6210939884185791,0.09768687933683395
02-11-1977,0.6171879768371582,0.0,32000,0.625,0.625,0.09830119460821152
03-11-1977,0.6132810115814209,0.0,83200,0.6289060115814209,0.6289060115814209,0.09891562908887863
04-11-1977,0.6171879768371582,0.0,83200,0.6289060115814209,0.625,0.09830119460821152
07-11-1977,0.625,0.0,64000,0.6328129768371582,0.6328129768371582,0.09953005611896515
08-11-1977,0.6132810115814209,0.0,86400,0.625,0.6171879768371582,0.09707258641719818
09-11-1977,0.6132810115814209,0.0,67200,0.6171879768371582,0.6132810115814209,0.0964580774307251
10-11-1977,0.6171879768371582,0.0,48000,0.625,0.625,0.09830119460821152
11-11-1977,0.625,0.0,326400,0.640625,0.640625,0.10075879096984863
14-11-1977,0.6484379768371582,0.0,99200,0.6914060115814209,0.6835939884185791,0.10751700401306152
15-11-1977,0.6796879768371582,0.0,438400,0.6875,0.6875,0.10813135653734207
16-11-1977,0.6953129768371582,0.0,3200,0.6953129768371582,0.6953129768371582,0.1093602105975151
17-11-1977,0.6796879768371582,0.0,38400,0.6875,0.6796879768371582,0.10690267384052277
18-11-1977,0.6875,0.0,329600,0.6875,0.6875,0.10813135653734207
21-11-1977,0.6875,0.0,44800,0.6875,0.6875,0.10813135653734207
22-11-1977,0.6640629768371582,0.0,28800,0.6875,0.6640629768371582,0.10444514453411102
23-11-1977,0.6757810115814209,0.0,70400,0.6796879768371582,0.6796879768371582,0.10690267384052277
25-11-1977,0.6640629768371582,0.0,9600,0.671875,0.6640629768371582,0.10444514453411102
28-11-1977,0.6523439884185791,0.0,28800,0.6601560115814209,0.6523439884185791,0.10260197520256042
29-11-1977,0.6484379768371582,0.0,16000,0.65625,0.6484379768371582,0.10198765993118286
30-11-1977,0.6210939884185791,0.0,73600,0.6445310115814209,0.6210939884185791,0.09768687933683395
01-12-1977,0.6210939884185791,0.0,204800,0.6328129768371582,0.6328129768371582,0.09953005611896515
02-12-1977,0.6367189884185791,0.0,76800,0.6445310115814209,0.6445310115814209,0.10137314349412918
05-12-1977,0.6445310115814209,0.6445310115814209,0,0.6445310115814209,0.6445310115814209,0.10137314349412918
06-12-1977,0.6367189884185791,0.0,70400,0.6445310115814209,0.640625,0.10075879096984863
07-12-1977,0.625,0.0,624000,0.6289060115814209,0.625,0.09830119460821152
08-12-1977,0.625,0.0,105600,0.640625,0.640625,0.10075879096984863
09-12-1977,0.6289060115814209,0.0,28800,0.6328129768371582,0.6289060115814209,0.09891562908887863
12-12-1977,0.625,0.0,105600,0.6289060115814209,0.625,0.09830119460821152
13-12-1977,0.625,0.0,12800,0.6328129768371582,0.6289060115814209,0.09891562908887863
14-12-1977,0.625,0.0,134400,0.6367189884185791,0.6367189884185791,0.10014447569847107
15-12-1977,0.625,0.0,54400,0.6367189884185791,0.625,0.09830119460821152
16-12-1977,0.6289060115814209,0.0,409600,0.6328129768371582,0.6289060115814209,0.09891562908887863
19-12-1977,0.625,0.0,51200,0.6328129768371582,0.6328129768371582,0.09953005611896515
20-12-1977,0.625,0.0,224000,0.625,0.625,0.09830119460821152
21-12-1977,0.6171879768371582,0.0,28800,0.6171879768371582,0.6171879768371582,0.09707258641719818
22-12-1977,0.625,0.0,48000,0.625,0.625,0.09830119460821152
23-12-1977,0.6289060115814209,0.0,16000,0.6328129768371582,0.6289060115814209,0.09891562908887863
27-12-1977,0.625,0.0,73600,0.6328129768371582,0.625,0.09830119460821152
28-12-1977,0.6367189884185791,0.0,32000,0.640625,0.6367189884185791,0.10014447569847107
29-12-1977,0.6445310115814209,0.0,76800,0.6601560115814209,0.6601560115814209,0.10383070260286331
30-12-1977,0.6640629768371582,0.0,3200,0.6640629768371582,0.6640629768371582,0.10444514453411102
03-01-1978,0.6601560115814209,0.0,156800,0.6601560115814209,0.6601560115814209,0.10383070260286331
04-01-1978,0.6601560115814209,0.0,179200,0.6640629768371582,0.6640629768371582,0.10444514453411102
05-01-1978,0.6640629768371582,0.0,182400,0.6757810115814209,0.6757810115814209,0.10628821700811386
06-01-1978,0.6523439884185791,0.0,80000,0.671875,0.6523439884185791,0.10260197520256042
09-01-1978,0.6523439884185791,0.0,12800,0.6601560115814209,0.6523439884185791,0.10260197520256042
10-01-1978,0.6367189884185791,0.0,32000,0.6445310115814209,0.6367189884185791,0.10014447569847107
11-01-1978,0.6367189884185791,0.0,92800,0.6445310115814209,0.6367189884185791,0.10014447569847107
12-01-1978,0.6367189884185791,0.0,70400,0.6445310115814209,0.6445310115814209,0.10137314349412918
13-01-1978,0.6289060115814209,0.0,25600,0.6367189884185791,0.6289060115814209,0.09891562908887863
16-01-1978,0.6289060115814209,0.0,99200,0.6367189884185791,0.6367189884185791,0.10014447569847107
17-01-1978,0.6289060115814209,0.0,9600,0.6289060115814209,0.6289060115814209,0.09891562908887863
18-01-1978,0.6289060115814209,0.0,16000,0.6367189884185791,0.6367189884185791,0.10014447569847107
19-01-1978,0.6289060115814209,0.0,32000,0.6367189884185791,0.6289060115814209,0.09891562908887863
20-01-1978,0.6289060115814209,0.0,64000,0.6367189884185791,0.6289060115814209,0.09891562908887863
23-01-1978,0.6289060115814209,0.0,48000,0.6367189884185791,0.6289060115814209,0.09891562908887863
24-01-1978,0.6289060115814209,0.0,230400,0.640625,0.6289060115814209,0.09891562908887863
25-01-1978,0.6289060115814209,0.0,19200,0.6367189884185791,0.6289060115814209,0.09891562908887863
26-01-1978,0.6289060115814209,0.0,3200,0.6289060115814209,0.6289060115814209,0.09891562908887863
27-01-1978,0.6289060115814209,0.0,6400,0.6289060115814209,0.6289060115814209,0.09891562908887863
30-01-1978,0.6289060115814209,0.0,188800,0.6367189884185791,0.6289060115814209,0.09891562908887863
31-01-1978,0.6289060115814209,0.0,41600,0.6289060115814209,0.6289060115814209,0.09891562908887863
01-02-1978,0.6328129768371582,0.0,51200,0.640625,0.640625,0.10075879096984863
02-02-1978,0.6367189884185791,0.0,48000,0.6367189884185791,0.6367189884185791,0.10014447569847107
03-02-1978,0.6328129768371582,0.0,22400,0.640625,0.6328129768371582,0.09953005611896515
06-02-1978,0.625,0.0,38400,0.6289060115814209,0.625,0.09830119460821152
07-02-1978,0.6210939884185791,0.0,9600,0.6210939884185791,0.6210939884185791,0.09768687933683395
08-02-1978,0.6171879768371582,0.0,16000,0.625,0.625,0.09830119460821152
09-02-1978,0.6171879768371582,0.0,35200,0.6328129768371582,0.6328129768371582,0.09953005611896515
10-02-1978,0.640625,0.0,64000,0.6523439884185791,0.6523439884185791,0.10260197520256042
13-02-1978,0.640625,0.0,28800,0.6445310115814209,0.640625,0.10075879096984863
14-02-1978,0.640625,0.640625,0,0.640625,0.640625,0.10075879096984863
15-02-1978,0.6445310115814209,0.0,41600,0.6445310115814209,0.6445310115814209,0.10137314349412918
16-02-1978,0.625,0.0,316800,0.640625,0.6289060115814209,0.09891562908887863
17-02-1978,0.6289060115814209,0.0,83200,0.6289060115814209,0.6289060115814209,0.09891562908887863
21-02-1978,0.609375,0.0,140800,0.6210939884185791,0.609375,0.09584371000528336
22-02-1978,0.6015629768371582,0.0,115200,0.6132810115814209,0.6015629768371582,0.09461504966020584
23-02-1978,0.5976560115814209,0.0,115200,0.6015629768371582,0.5976560115814209,0.09400057047605515
24-02-1978,0.5859379768371582,0.0,121600,0.5976560115814209,0.5859379768371582,0.0921575129032135
27-02-1978,0.578125,0.0,108800,0.5898439884185791,0.5859379768371582,0.0921575129032135
28-02-1978,0.5898439884185791,0.0,60800,0.59375,0.59375,0.09338617324829102
01-03-1978,0.5859379768371582,0.0,169600,0.625,0.625,0.09830119460821152
02-03-1978,0.6132810115814209,0.0,73600,0.625,0.625,0.09830119460821152
03-03-1978,0.6171879768371582,0.0,134400,0.6210939884185791,0.6210939884185791,0.09768687933683395
06-03-1978,0.609375,0.0,156800,0.6132810115814209,0.6132810115814209,0.0964580774307251
07-03-1978,0.6015629768371582,0.0,451200,0.609375,0.6015629768371582,0.09461504966020584
08-03-1978,0.6015629768371582,0.6015629768371582,0,0.6015629768371582,0.6015629768371582,0.09461504966020584
09-03-1978,0.5976560115814209,0.0,137600,0.609375,0.609375,0.09584371000528336
10-03-1978,0.6132810115814209,0.0,278400,0.6171879768371582,0.6171879768371582,0.09707258641719818
13-03-1978,0.6171879768371582,0.0,396800,0.6171879768371582,0.6171879768371582,0.09707258641719818
14-03-1978,0.6132810115814209,0.0,134400,0.6171879768371582,0.6132810115814209,0.0964580774307251
15-03-1978,0.6015629768371582,0.0,278400,0.609375,0.609375,0.09584371000528336
16-03-1978,0.609375,0.0,44800,0.6171879768371582,0.6171879768371582,0.09707258641719818
17-03-1978,0.6015629768371582,0.0,422400,0.609375,0.609375,0.09584371000528336
20-03-1978,0.6210939884185791,0.0,67200,0.6328129768371582,0.625,0.09830119460821152
21-03-1978,0.625,0.0,70400,0.625,0.625,0.09830119460821152
22-03-1978,0.6289060115814209,0.0,163200,0.6328129768371582,0.6328129768371582,0.09953005611896515
23-03-1978,0.6289060115814209,0.0,179200,0.6328129768371582,0.6289060115814209,0.09891562908887863
27-03-1978,0.6210939884185791,0.0,16000,0.6289060115814209,0.625,0.09830119460821152
28-03-1978,0.625,0.0,73600,0.640625,0.640625,0.10075879096984863
29-03-1978,0.640625,0.0,60800,0.6523439884185791,0.6484379768371582,0.10198765993118286
30-03-1978,0.640625,0.0,121600,0.6484379768371582,0.640625,0.10075879096984863
31-03-1978,0.6445310115814209,0.0,38400,0.6523439884185791,0.6523439884185791,0.10260197520256042
03-04-1978,0.6484379768371582,0.0,105600,0.65625,0.65625,0.10321629792451859
04-04-1978,0.640625,0.0,131200,0.6484379768371582,0.6484379768371582,0.10198765993118286
05-04-1978,0.6445310115814209,0.0,28800,0.6523439884185791,0.6523439884185791,0.10260197520256042
06-04-1978,0.6367189884185791,0.0,22400,0.6445310115814209,0.6367189884185791,0.10014447569847107
07-04-1978,0.6289060115814209,0.0,19200,0.6289060115814209,0.6289060115814209,0.09891562908887863
10-04-1978,0.6328129768371582,0.0,179200,0.6367189884185791,0.6328129768371582,0.09953005611896515
11-04-1978,0.6328129768371582,0.0,140800,0.6367189884185791,0.6367189884185791,0.10014447569847107
12-04-1978,0.6367189884185791,0.0,64000,0.6445310115814209,0.6445310115814209,0.10137314349412918
13-04-1978,0.640625,0.0,348800,0.6640629768371582,0.6640629768371582,0.10444514453411102
14-04-1978,0.65625,0.0,281600,0.6757810115814209,0.6640629768371582,0.10444514453411102
17-04-1978,0.6640629768371582,0.0,188800,0.671875,0.6640629768371582,0.10444514453411102
18-04-1978,0.6640629768371582,0.0,249600,0.6679689884185791,0.6640629768371582,0.10444514453411102
19-04-1978,0.6601560115814209,0.0,108800,0.6679689884185791,0.6679689884185791,0.10505946725606918
20-04-1978,0.6640629768371582,0.0,297600,0.6914060115814209,0.6914060115814209,0.1087457537651062
21-04-1978,0.6835939884185791,0.0,16000,0.6875,0.6875,0.10813135653734207
24-04-1978,0.6796879768371582,0.0,262400,0.6875,0.6875,0.10813135653734207
25-04-1978,0.6953129768371582,0.0,118400,0.7070310115814209,0.6953129768371582,0.1093602105975151
26-04-1978,0.6875,0.0,48000,0.703125,0.6953129768371582,0.1093602105975151
27-04-1978,0.703125,0.0,67200,0.7148439884185791,0.7109379768371582,0.11181772500276566
28-04-1978,0.7109379768371582,0.0,227200,0.7265629768371582,0.7265629768371582,0.11427527666091919
01-05-1978,0.7265629768371582,0.0,96000,0.75,0.75,0.11796149611473083
02-05-1978,0.7421879768371582,0.0,102400,0.75,0.7421879768371582,0.11673281341791153
03-05-1978,0.7382810115814209,0.0,48000,0.7421879768371582,0.7421879768371582,0.11673281341791153
04-05-1978,0.734375,0.0,54400,0.7421879768371582,0.7421879768371582,0.11673281341791153
05-05-1978,0.734375,0.0,32000,0.7421879768371582,0.7421879768371582,0.11673281341791153
08-05-1978,0.7382810115814209,0.0,41600,0.7460939884185791,0.7460939884185791,0.1173471063375473
09-05-1978,0.7382810115814209,0.0,80000,0.7460939884185791,0.7460939884185791,0.1173471063375473
10-05-1978,0.7421879768371582,0.0,22400,0.7460939884185791,0.7421879768371582,0.11673281341791153
11-05-1978,0.7421879768371582,0.0,115200,0.75,0.75,0.11796149611473083
12-05-1978,0.75,0.0,96000,0.765625,0.765625,0.12041905522346497
15-05-1978,0.7578129768371582,0.0,182400,0.796875,0.7890629768371582,0.12410538643598557
16-05-1978,0.7851560115814209,0.0,236800,0.8046879768371582,0.796875,0.12533406913280487
17-05-1978,0.7734379768371582,0.0,92800,0.796875,0.7773439884185791,0.12226223945617676
18-05-1978,0.765625,0.0,108800,0.7773439884185791,0.7734379768371582,0.1216478943824768
19-05-1978,0.734375,0.0,371200,0.765625,0.734375,0.11550399661064148
22-05-1978,0.7265629768371582,0.0,131200,0.7304689884185791,0.7304689884185791,0.11488961428403854
23-05-1978,0.7148439884185791,0.0,147200,0.7304689884185791,0.7148439884185791,0.11243210732936859
24-05-1978,0.71875,0.0,64000,0.7226560115814209,0.71875,0.11304647475481033
25-05-1978,0.703125,0.0,211200,0.71875,0.703125,0.110588937997818
26-05-1978,0.703125,0.0,67200,0.7109379768371582,0.7109379768371582,0.11181772500276566
30-05-1978,0.71875,0.0,96000,0.75,0.75,0.11796149611473083
31-05-1978,0.75,0.0,54400,0.765625,0.75,0.11796149611473083
01-06-1978,0.75,0.0,118400,0.7578129768371582,0.75,0.11796149611473083
02-06-1978,0.7578129768371582,0.0,118400,0.7734379768371582,0.765625,0.12041905522346497
05-06-1978,0.7578129768371582,0.0,70400,0.7734379768371582,0.7734379768371582,0.1216478943824768
06-06-1978,0.7695310115814209,0.0,73600,0.7773439884185791,0.7773439884185791,0.12226223945617676
07-06-1978,0.765625,0.0,51200,0.7773439884185791,0.765625,0.12041905522346497
08-06-1978,0.7695310115814209,0.0,22400,0.7734379768371582,0.7734379768371582,0.1216478943824768
09-06-1978,0.7617189884185791,0.0,76800,0.7695310115814209,0.7617189884185791,0.11980470269918442
12-06-1978,0.7617189884185791,0.0,140800,0.7773439884185791,0.7734379768371582,0.1216478943824768
13-06-1978,0.7617189884185791,0.0,70400,0.7695310115814209,0.7617189884185791,0.11980470269918442
14-06-1978,0.765625,0.0,60800,0.7773439884185791,0.765625,0.12041905522346497
15-06-1978,0.7617189884185791,0.0,166400,0.765625,0.765625,0.12041905522346497
16-06-1978,0.765625,0.0,22400,0.7773439884185791,0.7773439884185791,0.12226223945617676
19-06-1978,0.765625,0.0,195200,0.7734379768371582,0.765625,0.12041905522346497
20-06-1978,0.75,0.0,288000,0.7695310115814209,0.75,0.11796149611473083
21-06-1978,0.734375,0.0,67200,0.7421879768371582,0.7382810115814209,0.11611829698085785
22-06-1978,0.7382810115814209,0.0,233600,0.7460939884185791,0.7421879768371582,0.11673281341791153
23-06-1978,0.71875,0.0,86400,0.7421879768371582,0.7265629768371582,0.11427527666091919
26-06-1978,0.734375,0.0,377600,0.7421879768371582,0.734375,0.11550399661064148
27-06-1978,0.71875,0.0,25600,0.7265629768371582,0.71875,0.11304647475481033
28-06-1978,0.71875,0.71875,0,0.71875,0.71875,0.11304647475481033
29-06-1978,0.71875,0.71875,0,0.71875,0.71875,0.11304647475481033
30-06-1978,0.7265629768371582,0.0,265600,0.734375,0.734375,0.11550399661064148
03-07-1978,0.734375,0.0,105600,0.765625,0.75,0.11796149611473083
05-07-1978,0.7304689884185791,0.0,592000,0.7421879768371582,0.7421879768371582,0.11673281341791153
06-07-1978,0.734375,0.0,137600,0.7460939884185791,0.7421879768371582,0.11673281341791153
07-07-1978,0.7460939884185791,0.0,12800,0.75,0.75,0.11796149611473083
10-07-1978,0.7539060115814209,0.0,28800,0.7617189884185791,0.7539060115814209,0.11857590079307556
11-07-1978,0.7617189884185791,0.0,38400,0.765625,0.765625,0.12041905522346497
12-07-1978,0.765625,0.0,230400,0.7734379768371582,0.7734379768371582,0.1216478943824768
13-07-1978,0.7695310115814209,0.0,144000,0.7773439884185791,0.7695310115814209,0.12103340029716492
14-07-1978,0.765625,0.0,80000,0.7773439884185791,0.7773439884185791,0.12226223945617676
17-07-1978,0.765625,0.0,41600,0.7773439884185791,0.765625,0.12041905522346497
18-07-1978,0.7734379768371582,0.0,51200,0.7734379768371582,0.7734379768371582,0.1216478943824768
19-07-1978,0.7617189884185791,0.0,627200,0.796875,0.796875,0.12533406913280487
20-07-1978,0.796875,0.0,134400,0.8164060115814209,0.8046879768371582,0.1265629380941391
21-07-1978,0.78125,0.0,64000,0.8046879768371582,0.78125,0.12287648767232895
24-07-1978,0.7734379768371582,0.0,99200,0.7890629768371582,0.7851560115814209,0.12349086254835129
25-07-1978,0.7734379768371582,0.0,246400,0.7890629768371582,0.7773439884185791,0.12226223945617676
26-07-1978,0.7734379768371582,0.0,32000,0.7851560115814209,0.78125,0.12287648767232895
27-07-1978,0.78125,0.0,35200,0.7890629768371582,0.7890629768371582,0.12410538643598557
28-07-1978,0.7851560115814209,0.0,102400,0.8085939884185791,0.8085939884185791,0.12717731297016144
31-07-1978,0.796875,0.0,80000,0.8046879768371582,0.8046879768371582,0.1265629380941391
01-08-1978,0.7929689884185791,0.0,553600,0.8085939884185791,0.8085939884185791,0.12717731297016144
02-08-1978,0.8007810115814209,0.0,121600,0.8085939884185791,0.8085939884185791,0.12717731297016144
03-08-1978,0.8125,0.0,323200,0.8398439884185791,0.8398439884185791,0.1320924013853073
04-08-1978,0.828125,0.0,112000,0.84375,0.8320310115814209,0.13086354732513428
07-08-1978,0.8398439884185791,0.0,115200,0.875,0.875,0.13762179017066956
08-08-1978,0.8671879768371582,0.0,92800,0.875,0.875,0.13762179017066956
09-08-1978,0.8671879768371582,0.0,48000,0.875,0.8671879768371582,0.13639310002326965
10-08-1978,0.8515629768371582,0.0,76800,0.8632810115814209,0.8515629768371582,0.13393549621105194
11-08-1978,0.8359379768371582,0.0,51200,0.84375,0.8398439884185791,0.1320924013853073
14-08-1978,0.8398439884185791,0.0,201600,0.8515629768371582,0.84375,0.13270671665668488
15-08-1978,0.8476560115814209,0.0,28800,0.8554689884185791,0.8515629768371582,0.13393549621105194
16-08-1978,0.84375,0.0,32000,0.8515629768371582,0.84375,0.13270671665668488
17-08-1978,0.84375,0.0,38400,0.8515629768371582,0.84375,0.13270671665668488
18-08-1978,0.8359379768371582,0.0,32000,0.84375,0.8359379768371582,0.13147799670696259
21-08-1978,0.828125,0.0,48000,0.8359379768371582,0.828125,0.13024917244911194
22-08-1978,0.796875,0.0,99200,0.8203129768371582,0.8046879768371582,0.1265629380941391
23-08-1978,0.796875,0.0,144000,0.8242189884185791,0.8203129768371582,0.12902046740055084
24-08-1978,0.84375,0.0,220800,0.84375,0.84375,0.13270671665668488
25-08-1978,0.84375,0.0,108800,0.84375,0.84375,0.13270671665668488
28-08-1978,0.828125,0.0,144000,0.8398439884185791,0.828125,0.13024917244911194
29-08-1978,0.8203129768371582,0.0,102400,0.8398439884185791,0.8398439884185791,0.1320924013853073
30-08-1978,0.8320310115814209,0.0,99200,0.8398439884185791,0.8359379768371582,0.13147799670696259
31-08-1978,0.8164060115814209,0.0,182400,0.8359379768371582,0.8359379768371582,0.13147799670696259
01-09-1978,0.8242189884185791,0.0,9600,0.828125,0.8242189884185791,0.129634827375412
05-09-1978,0.8359379768371582,0.0,150400,0.84375,0.84375,0.13270671665668488
06-09-1978,0.859375,0.0,150400,0.8828129768371582,0.8828129768371582,0.1388506144285202
07-09-1978,0.875,0.0,140800,0.890625,0.875,0.13762179017066956
08-09-1978,0.8710939884185791,0.0,86400,0.875,0.875,0.13762179017066956
11-09-1978,0.859375,0.0,92800,0.8671879768371582,0.8671879768371582,0.13639310002326965
12-09-1978,0.859375,0.0,124800,0.859375,0.859375,0.1351642608642578
13-09-1978,0.8671879768371582,0.0,76800,0.8671879768371582,0.8671879768371582,0.13639310002326965
14-09-1978,0.8671879768371582,0.0,131200,0.8710939884185791,0.8710939884185791,0.1370074301958084
15-09-1978,0.859375,0.0,166400,0.875,0.875,0.13762179017066956
18-09-1978,0.84375,0.0,150400,0.875,0.84375,0.13270671665668488
19-09-1978,0.8203129768371582,0.0,268800,0.8359379768371582,0.828125,0.13024917244911194
20-09-1978,0.796875,0.0,150400,0.828125,0.796875,0.12533406913280487
21-09-1978,0.796875,0.0,25600,0.8046879768371582,0.8046879768371582,0.1265629380941391
22-09-1978,0.8046879768371582,0.0,28800,0.8046879768371582,0.8046879768371582,0.1265629380941391
25-09-1978,0.78125,0.0,41600,0.796875,0.78125,0.12287648767232895
26-09-1978,0.765625,0.0,73600,0.796875,0.796875,0.12533406913280487
27-09-1978,0.7890629768371582,0.0,102400,0.796875,0.7890629768371582,0.12410538643598557
28-09-1978,0.7734379768371582,0.0,51200,0.7890629768371582,0.7773439884185791,0.12226223945617676
29-09-1978,0.765625,0.0,1177600,0.796875,0.796875,0.12533406913280487
02-10-1978,0.7851560115814209,0.0,89600,0.8046879768371582,0.796875,0.12533406913280487
03-10-1978,0.78125,0.0,131200,0.796875,0.78125,0.12287648767232895
04-10-1978,0.765625,0.0,51200,0.78125,0.78125,0.12287648767232895
05-10-1978,0.78125,0.78125,0,0.78125,0.78125,0.12287648767232895
06-10-1978,0.78125,0.0,22400,0.78125,0.78125,0.12287648767232895
09-10-1978,0.78125,0.78125,0,0.78125,0.78125,0.12287648767232895
10-10-1978,0.7734379768371582,0.0,67200,0.7890629768371582,0.78125,0.12287648767232895
11-10-1978,0.78125,0.0,6400,0.78125,0.78125,0.12287648767232895
12-10-1978,0.78125,0.0,73600,0.8046879768371582,0.8046879768371582,0.1265629380941391
13-10-1978,0.8164060115814209,0.0,163200,0.8242189884185791,0.8164060115814209,0.12840604782104492
16-10-1978,0.8164060115814209,0.0,67200,0.8164060115814209,0.8164060115814209,0.12840604782104492
17-10-1978,0.7890629768371582,0.0,268800,0.8085939884185791,0.7890629768371582,0.12410538643598557
18-10-1978,0.7890629768371582,0.0,25600,0.7890629768371582,0.7890629768371582,0.12410538643598557
19-10-1978,0.765625,0.0,96000,0.7734379768371582,0.765625,0.12041905522346497
20-10-1978,0.7421879768371582,0.0,224000,0.7617189884185791,0.7617189884185791,0.11980470269918442
23-10-1978,0.75,0.0,124800,0.765625,0.7578129768371582,0.11919037252664566
24-10-1978,0.75,0.0,83200,0.765625,0.765625,0.12041905522346497
25-10-1978,0.7421879768371582,0.0,153600,0.7578129768371582,0.7578129768371582,0.11919037252664566
26-10-1978,0.7421879768371582,0.0,51200,0.7460939884185791,0.7421879768371582,0.11673281341791153
27-10-1978,0.7226560115814209,0.0,67200,0.75,0.7226560115814209,0.11366076022386551
30-10-1978,0.703125,0.0,51200,0.71875,0.703125,0.110588937997818
31-10-1978,0.6953129768371582,0.0,108800,0.7148439884185791,0.6953129768371582,0.1093602105975151
01-11-1978,0.6875,0.0,89600,0.6992189884185791,0.6992189884185791,0.10997460037469864
02-11-1978,0.6914060115814209,0.0,108800,0.6992189884185791,0.6992189884185791,0.10997460037469864
03-11-1978,0.6875,0.0,176000,0.7070310115814209,0.7070310115814209,0.11120331287384033
06-11-1978,0.6992189884185791,0.0,32000,0.7070310115814209,0.7070310115814209,0.11120331287384033
07-11-1978,0.6835939884185791,0.0,54400,0.6992189884185791,0.6835939884185791,0.10751700401306152
08-11-1978,0.6796879768371582,0.0,153600,0.6953129768371582,0.6875,0.10813135653734207
09-11-1978,0.6914060115814209,0.0,326400,0.703125,0.6914060115814209,0.1087457537651062
10-11-1978,0.6835939884185791,0.0,6400,0.6835939884185791,0.6835939884185791,0.10751700401306152
13-11-1978,0.65625,0.0,112000,0.6757810115814209,0.65625,0.10321629792451859
14-11-1978,0.6484379768371582,0.0,480000,0.6640629768371582,0.6640629768371582,0.10444514453411102
15-11-1978,0.6484379768371582,0.0,16000,0.65625,0.6484379768371582,0.10198765993118286
16-11-1978,0.65625,0.0,12800,0.65625,0.65625,0.10321629792451859
17-11-1978,0.6679689884185791,0.0,128000,0.7109379768371582,0.7109379768371582,0.11181772500276566
20-11-1978,0.7265629768371582,0.0,92800,0.734375,0.734375,0.11550399661064148
21-11-1978,0.734375,0.0,64000,0.7421879768371582,0.734375,0.11550399661064148
22-11-1978,0.7265629768371582,0.0,99200,0.734375,0.7265629768371582,0.11427527666091919
24-11-1978,0.734375,0.0,28800,0.7421879768371582,0.7421879768371582,0.11673281341791153
27-11-1978,0.734375,0.0,105600,0.765625,0.765625,0.12041905522346497
28-11-1978,0.75,0.0,19200,0.7578129768371582,0.75,0.11796149611473083
29-11-1978,0.71875,0.0,140800,0.734375,0.7265629768371582,0.11427527666091919
30-11-1978,0.71875,0.0,80000,0.7265629768371582,0.71875,0.11304647475481033
01-12-1978,0.71875,0.0,22400,0.7265629768371582,0.7265629768371582,0.11427527666091919
04-12-1978,0.734375,0.0,48000,0.734375,0.734375,0.11550399661064148
05-12-1978,0.7382810115814209,0.0,108800,0.7421879768371582,0.7421879768371582,0.11673281341791153
06-12-1978,0.7382810115814209,0.0,179200,0.7421879768371582,0.7421879768371582,0.11673281341791153
07-12-1978,0.734375,0.0,22400,0.734375,0.734375,0.11550399661064148
08-12-1978,0.7304689884185791,0.0,227200,0.7421879768371582,0.7421879768371582,0.11673281341791153
11-12-1978,0.734375,0.0,44800,0.734375,0.734375,0.11550399661064148
12-12-1978,0.734375,0.734375,0,0.734375,0.734375,0.11550399661064148
13-12-1978,0.7421879768371582,0.0,108800,0.7617189884185791,0.7578129768371582,0.11919037252664566
14-12-1978,0.7578129768371582,0.0,108800,0.765625,0.765625,0.12041905522346497
15-12-1978,0.7617189884185791,0.0,112000,0.78125,0.7617189884185791,0.11980470269918442
18-12-1978,0.7382810115814209,0.0,163200,0.7578129768371582,0.7382810115814209,0.11611829698085785
19-12-1978,0.7382810115814209,0.0,179200,0.7460939884185791,0.7421879768371582,0.11673281341791153
20-12-1978,0.75,0.0,22400,0.7578129768371582,0.75,0.11796149611473083
21-12-1978,0.7421879768371582,0.0,28800,0.7460939884185791,0.7421879768371582,0.11673281341791153
22-12-1978,0.7421879768371582,0.0,102400,0.75,0.75,0.11796149611473083
26-12-1978,0.7460939884185791,0.0,627200,0.7734379768371582,0.7734379768371582,0.1216478943824768
27-12-1978,0.7695310115814209,0.0,3200,0.7695310115814209,0.7695310115814209,0.12103340029716492
28-12-1978,0.7617189884185791,0.0,137600,0.7773439884185791,0.7617189884185791,0.11980470269918442
29-12-1978,0.7578129768371582,0.0,35200,0.7695310115814209,0.7695310115814209,0.12103340029716492
02-01-1979,0.7617189884185791,0.0,48000,0.7773439884185791,0.7617189884185791,0.11980470269918442
03-01-1979,0.765625,0.0,38400,0.7734379768371582,0.7734379768371582,0.1216478943824768
04-01-1979,0.7695310115814209,0.0,44800,0.78125,0.78125,0.12287648767232895
05-01-1979,0.78125,0.0,147200,0.8125,0.8125,0.12779158353805542
08-01-1979,0.796875,0.0,227200,0.8125,0.796875,0.12533406913280487
09-01-1979,0.78125,0.0,265600,0.8007810115814209,0.78125,0.12287648767232895
10-01-1979,0.765625,0.0,400000,0.7734379768371582,0.7734379768371582,0.1216478943824768
11-01-1979,0.7734379768371582,0.0,16000,0.78125,0.78125,0.12287648767232895
12-01-1979,0.796875,0.0,390400,0.8046879768371582,0.796875,0.12533406913280487
15-01-1979,0.8046879768371582,0.0,320000,0.8203129768371582,0.8203129768371582,0.12902046740055084
16-01-1979,0.8125,0.0,22400,0.8242189884185791,0.8164060115814209,0.12840604782104492
17-01-1979,0.7890629768371582,0.0,96000,0.8164060115814209,0.7890629768371582,0.12410538643598557
18-01-1979,0.7734379768371582,0.0,28800,0.7890629768371582,0.7734379768371582,0.1216478943824768
19-01-1979,0.7734379768371582,0.0,54400,0.7851560115814209,0.7734379768371582,0.1216478943824768
22-01-1979,0.78125,0.0,211200,0.7890629768371582,0.7890629768371582,0.12410538643598557
23-01-1979,0.765625,0.0,121600,0.796875,0.765625,0.12041905522346497
24-01-1979,0.765625,0.0,44800,0.7734379768371582,0.7695310115814209,0.12103340029716492
25-01-1979,0.7617189884185791,0.0,265600,0.7695310115814209,0.765625,0.12041905522346497
26-01-1979,0.75,0.0,1030400,0.7617189884185791,0.7578129768371582,0.11919037252664566
29-01-1979,0.75,0.0,38400,0.7617189884185791,0.75,0.11796149611473083
30-01-1979,0.75,0.0,140800,0.7539060115814209,0.7539060115814209,0.11857590079307556
31-01-1979,0.75,0.0,966400,0.7578129768371582,0.75,0.11796149611473083
01-02-1979,0.75,0.0,6400,0.75,0.75,0.11796149611473083
02-02-1979,0.75,0.0,60800,0.75,0.75,0.11796149611473083
05-02-1979,0.734375,0.0,83200,0.75,0.734375,0.11550399661064148
06-02-1979,0.734375,0.0,73600,0.734375,0.734375,0.11550399661064148
07-02-1979,0.71875,0.0,38400,0.7265629768371582,0.71875,0.11304647475481033
08-02-1979,0.71875,0.0,38400,0.7265629768371582,0.71875,0.11304647475481033
09-02-1979,0.7226560115814209,0.0,99200,0.7304689884185791,0.7304689884185791,0.11488961428403854
12-02-1979,0.7304689884185791,0.0,166400,0.734375,0.734375,0.11550399661064148
13-02-1979,0.7304689884185791,0.0,22400,0.7382810115814209,0.7304689884185791,0.11488961428403854
14-02-1979,0.7265629768371582,0.0,60800,0.7421879768371582,0.7265629768371582,0.11427527666091919
15-02-1979,0.7265629768371582,0.0,6400,0.7265629768371582,0.7265629768371582,0.11427527666091919
16-02-1979,0.7265629768371582,0.0,83200,0.7382810115814209,0.7382810115814209,0.11611829698085785
20-02-1979,0.734375,0.0,534400,0.7421879768371582,0.7382810115814209,0.11611829698085785
21-02-1979,0.71875,0.0,80000,0.7382810115814209,0.7265629768371582,0.11427527666091919
22-02-1979,0.7109379768371582,0.0,28800,0.7148439884185791,0.7148439884185791,0.11243210732936859
23-02-1979,0.7148439884185791,0.0,252800,0.7265629768371582,0.7148439884185791,0.11243210732936859
26-02-1979,0.7109379768371582,0.0,67200,0.71875,0.71875,0.11304647475481033
27-02-1979,0.7109379768371582,0.0,134400,0.71875,0.7148439884185791,0.11243210732936859
28-02-1979,0.7109379768371582,0.0,32000,0.71875,0.7109379768371582,0.11181772500276566
01-03-1979,0.7109379768371582,0.0,32000,0.7148439884185791,0.7109379768371582,0.11181772500276566
02-03-1979,0.6953129768371582,0.0,70400,0.703125,0.703125,0.110588937997818
05-03-1979,0.7109379768371582,0.0,137600,0.7265629768371582,0.7265629768371582,0.11427527666091919
06-03-1979,0.734375,0.0,128000,0.7460939884185791,0.7460939884185791,0.1173471063375473
07-03-1979,0.7421879768371582,0.0,832000,0.7617189884185791,0.7617189884185791,0.11980470269918442
08-03-1979,0.7421879768371582,0.0,256000,0.7578129768371582,0.7578129768371582,0.11919037252664566
09-03-1979,0.7382810115814209,0.0,185600,0.7578129768371582,0.7460939884185791,0.1173471063375473
12-03-1979,0.7421879768371582,0.0,105600,0.75,0.7421879768371582,0.11673281341791153
13-03-1979,0.7382810115814209,0.0,28800,0.7460939884185791,0.7460939884185791,0.1173471063375473
14-03-1979,0.7421879768371582,0.0,102400,0.75,0.7421879768371582,0.11673281341791153
15-03-1979,0.7382810115814209,0.0,92800,0.75,0.75,0.11796149611473083
16-03-1979,0.7460939884185791,0.0,102400,0.75,0.75,0.11796149611473083
19-03-1979,0.7421879768371582,0.0,294400,0.7617189884185791,0.7421879768371582,0.11673281341791153
20-03-1979,0.7421879768371582,0.0,105600,0.7617189884185791,0.7617189884185791,0.11980470269918442
21-03-1979,0.765625,0.0,150400,0.7773439884185791,0.7734379768371582,0.1216478943824768
22-03-1979,0.7773439884185791,0.0,179200,0.78125,0.78125,0.12287648767232895
23-03-1979,0.7734379768371582,0.0,41600,0.78125,0.7734379768371582,0.1216478943824768
26-03-1979,0.7695310115814209,0.0,156800,0.7890629768371582,0.7890629768371582,0.12410538643598557
27-03-1979,0.7734379768371582,0.0,41600,0.7890629768371582,0.7734379768371582,0.1216478943824768
28-03-1979,0.7734379768371582,0.0,83200,0.78125,0.78125,0.12287648767232895
29-03-1979,0.765625,0.0,230400,0.7773439884185791,0.765625,0.12041905522346497
30-03-1979,0.7734379768371582,0.0,70400,0.78125,0.78125,0.12287648767232895
02-04-1979,0.7578129768371582,0.0,544000,0.78125,0.78125,0.12287648767232895
03-04-1979,0.7578129768371582,0.0,256000,0.78125,0.765625,0.12041905522346497
04-04-1979,0.7617189884185791,0.0,361600,0.7773439884185791,0.7773439884185791,0.12226223945617676
05-04-1979,0.7695310115814209,0.0,32000,0.7773439884185791,0.7695310115814209,0.12103340029716492
06-04-1979,0.765625,0.0,252800,0.78125,0.78125,0.12287648767232895
09-04-1979,0.7890629768371582,0.0,64000,0.8164060115814209,0.8164060115814209,0.12840604782104492
10-04-1979,0.8125,0.0,131200,0.828125,0.8203129768371582,0.12902046740055084
11-04-1979,0.8125,0.0,105600,0.8242189884185791,0.8242189884185791,0.129634827375412
12-04-1979,0.8125,0.0,112000,0.828125,0.828125,0.13024917244911194
16-04-1979,0.828125,0.0,147200,0.8398439884185791,0.8359379768371582,0.13147799670696259
17-04-1979,0.8359379768371582,0.0,140800,0.8398439884185791,0.8398439884185791,0.1320924013853073
18-04-1979,0.84375,0.0,137600,0.84375,0.84375,0.13270671665668488
19-04-1979,0.8359379768371582,0.0,76800,0.84375,0.8359379768371582,0.13147799670696259
20-04-1979,0.8359379768371582,0.0,48000,0.84375,0.84375,0.13270671665668488
23-04-1979,0.8320310115814209,0.0,28800,0.8398439884185791,0.8320310115814209,0.13086354732513428
24-04-1979,0.8359379768371582,0.0,54400,0.8398439884185791,0.8398439884185791,0.1320924013853073
25-04-1979,0.8359379768371582,0.0,41600,0.8398439884185791,0.8359379768371582,0.13147799670696259
26-04-1979,0.8359379768371582,0.0,38400,0.8398439884185791,0.8359379768371582,0.13147799670696259
27-04-1979,0.8359379768371582,0.0,108800,0.8398439884185791,0.8398439884185791,0.1320924013853073
30-04-1979,0.8398439884185791,0.0,140800,0.84375,0.8398439884185791,0.1320924013853073
01-05-1979,0.828125,0.0,19200,0.8398439884185791,0.8359379768371582,0.13147799670696259
02-05-1979,0.8320310115814209,0.0,265600,0.8398439884185791,0.8359379768371582,0.13147799670696259
03-05-1979,0.8320310115814209,0.0,76800,0.8359379768371582,0.8359379768371582,0.13147799670696259
04-05-1979,0.828125,0.0,134400,0.8398439884185791,0.828125,0.13024917244911194
07-05-1979,0.8125,0.0,153600,0.8242189884185791,0.8203129768371582,0.12902046740055084
08-05-1979,0.8046879768371582,0.0,182400,0.8125,0.8046879768371582,0.1265629380941391
09-05-1979,0.8046879768371582,0.0,12800,0.8046879768371582,0.8046879768371582,0.1265629380941391
10-05-1979,0.8085939884185791,0.0,57600,0.8203129768371582,0.8203129768371582,0.12902046740055084
11-05-1979,0.8125,0.0,243200,0.828125,0.8125,0.12779158353805542
14-05-1979,0.8203129768371582,0.0,67200,0.8203129768371582,0.8203129768371582,0.12902046740055084
15-05-1979,0.8125,0.0,201600,0.828125,0.8125,0.12779158353805542
16-05-1979,0.7929689884185791,0.0,115200,0.8046879768371582,0.796875,0.12533406913280487
17-05-1979,0.796875,0.0,214400,0.8125,0.8125,0.12779158353805542
18-05-1979,0.828125,0.0,96000,0.8359379768371582,0.828125,0.13024917244911194
21-05-1979,0.8359379768371582,0.0,470400,0.8476560115814209,0.8398439884185791,0.1320924013853073
22-05-1979,0.8515629768371582,0.0,224000,0.8632810115814209,0.8632810115814209,0.13577863574028015
23-05-1979,0.8554689884185791,0.0,64000,0.8671879768371582,0.8554689884185791,0.13454987108707428
24-05-1979,0.84375,0.0,121600,0.8632810115814209,0.8515629768371582,0.13393549621105194
25-05-1979,0.8515629768371582,0.0,35200,0.859375,0.8515629768371582,0.13393549621105194
29-05-1979,0.828125,0.0,188800,0.8398439884185791,0.828125,0.13024917244911194
30-05-1979,0.828125,0.0,150400,0.8320310115814209,0.8320310115814209,0.13086354732513428
31-05-1979,0.8242189884185791,0.0,25600,0.828125,0.828125,0.13024917244911194
01-06-1979,0.8203129768371582,0.0,51200,0.828125,0.8203129768371582,0.12902046740055084
04-06-1979,0.8164060115814209,0.0,208000,0.8242189884185791,0.8164060115814209,0.12840604782104492
05-06-1979,0.8242189884185791,0.0,64000,0.8320310115814209,0.8320310115814209,0.13086354732513428
06-06-1979,0.828125,0.0,396800,0.8359379768371582,0.8359379768371582,0.13147799670696259
07-06-1979,0.8359379768371582,0.0,147200,0.84375,0.8359379768371582,0.13147799670696259
08-06-1979,0.8398439884185791,0.0,9600,0.84375,0.84375,0.13270671665668488
11-06-1979,0.84375,0.0,185600,0.8515629768371582,0.8515629768371582,0.13393549621105194
12-06-1979,0.8515629768371582,0.0,179200,0.8710939884185791,0.8710939884185791,0.1370074301958084
13-06-1979,0.8554689884185791,0.0,35200,0.8710939884185791,0.8554689884185791,0.13454987108707428
14-06-1979,0.8476560115814209,0.0,38400,0.8515629768371582,0.8515629768371582,0.13393549621105194
15-06-1979,0.8515629768371582,0.0,19200,0.8554689884185791,0.8554689884185791,0.13454987108707428
18-06-1979,0.8515629768371582,0.0,35200,0.8554689884185791,0.8515629768371582,0.13393549621105194
19-06-1979,0.8320310115814209,0.0,476800,0.84375,0.8398439884185791,0.1320924013853073
20-06-1979,0.84375,0.0,124800,0.84375,0.84375,0.13270671665668488
21-06-1979,0.859375,0.0,313600,0.875,0.875,0.13762179017066956
22-06-1979,0.90625,0.0,371200,0.921875,0.90625,0.14253681898117065
25-06-1979,0.8945310115814209,0.0,208000,0.90625,0.8945310115814209,0.14069369435310364
26-06-1979,0.875,0.0,102400,0.8945310115814209,0.875,0.13762179017066956
27-06-1979,0.8671879768371582,0.0,108800,0.8828129768371582,0.875,0.13762179017066956
28-06-1979,0.8632810115814209,0.0,1123200,0.8671879768371582,0.8632810115814209,0.13577863574028015
29-06-1979,0.84375,0.0,201600,0.8632810115814209,0.8632810115814209,0.13577863574028015
02-07-1979,0.8476560115814209,0.0,140800,0.8554689884185791,0.8515629768371582,0.13393549621105194
03-07-1979,0.8515629768371582,0.0,57600,0.8632810115814209,0.8554689884185791,0.13454987108707428
05-07-1979,0.8515629768371582,0.0,25600,0.8554689884185791,0.8554689884185791,0.13454987108707428
06-07-1979,0.8632810115814209,0.0,128000,0.8828129768371582,0.8828129768371582,0.1388506144285202
09-07-1979,0.8945310115814209,0.0,233600,0.921875,0.9101560115814209,0.1431512087583542
10-07-1979,0.8945310115814209,0.0,214400,0.9101560115814209,0.8984379768371582,0.14130815863609314
11-07-1979,0.8828129768371582,0.0,70400,0.9023439884185791,0.8945310115814209,0.14069369435310364
12-07-1979,0.8671879768371582,0.0,140800,0.890625,0.875,0.13762179017066956
13-07-1979,0.8632810115814209,0.0,121600,0.8789060115814209,0.8710939884185791,0.1370074301958084
16-07-1979,0.8671879768371582,0.0,438400,0.8789060115814209,0.875,0.13762179017066956
17-07-1979,0.859375,0.0,60800,0.875,0.859375,0.1351642608642578
18-07-1979,0.8632810115814209,0.0,137600,0.8710939884185791,0.8710939884185791,0.1370074301958084
19-07-1979,0.84375,0.0,806400,0.875,0.84375,0.13270671665668488
20-07-1979,0.796875,0.0,438400,0.8398439884185791,0.796875,0.12533406913280487
23-07-1979,0.7890629768371582,0.0,195200,0.8164060115814209,0.796875,0.12533406913280487
24-07-1979,0.796875,0.0,160000,0.8203129768371582,0.8203129768371582,0.12902046740055084
25-07-1979,0.8242189884185791,0.0,32000,0.8359379768371582,0.8359379768371582,0.13147799670696259
26-07-1979,0.828125,0.0,44800,0.84375,0.8359379768371582,0.13147799670696259
27-07-1979,0.8007810115814209,0.0,112000,0.828125,0.8125,0.12779158353805542
30-07-1979,0.8046879768371582,0.0,35200,0.8164060115814209,0.8085939884185791,0.12717731297016144
31-07-1979,0.8085939884185791,0.0,67200,0.8242189884185791,0.8125,0.12779158353805542
01-08-1979,0.8046879768371582,0.0,12800,0.8164060115814209,0.8046879768371582,0.1265629380941391
02-08-1979,0.8164060115814209,0.0,185600,0.8398439884185791,0.8359379768371582,0.13147799670696259
03-08-1979,0.828125,0.0,230400,0.84375,0.84375,0.13270671665668488
06-08-1979,0.828125,0.0,51200,0.8359379768371582,0.8359379768371582,0.13147799670696259
07-08-1979,0.8359379768371582,0.0,396800,0.8710939884185791,0.8671879768371582,0.13639310002326965
08-08-1979,0.8710939884185791,0.0,259200,0.8789060115814209,0.8789060115814209,0.13823609054088593
09-08-1979,0.8789060115814209,0.0,214400,0.890625,0.8867189884185791,0.13946497440338135
10-08-1979,0.8828129768371582,0.0,57600,0.890625,0.8828129768371582,0.1388506144285202
13-08-1979,0.8789060115814209,0.0,70400,0.890625,0.8789060115814209,0.13823609054088593
14-08-1979,0.8867189884185791,0.0,409600,0.8984379768371582,0.8984379768371582,0.14130815863609314
15-08-1979,0.8945310115814209,0.0,89600,0.90625,0.90625,0.14253681898117065
16-08-1979,0.8984379768371582,0.0,134400,0.9140629768371582,0.8984379768371582,0.14130815863609314
17-08-1979,0.890625,0.0,35200,0.8984379768371582,0.8984379768371582,0.14130815863609314
20-08-1979,0.8828129768371582,0.0,48000,0.890625,0.8828129768371582,0.1388506144285202
21-08-1979,0.875,0.0,214400,0.8789060115814209,0.8789060115814209,0.13823609054088593
22-08-1979,0.8710939884185791,0.0,9600,0.875,0.875,0.13762179017066956
23-08-1979,0.8632810115814209,0.0,105600,0.8710939884185791,0.8632810115814209,0.13577863574028015
24-08-1979,0.8632810115814209,0.0,28800,0.8710939884185791,0.8632810115814209,0.13577863574028015
27-08-1979,0.8632810115814209,0.0,41600,0.8710939884185791,0.8632810115814209,0.13577863574028015
28-08-1979,0.8632810115814209,0.0,348800,0.875,0.875,0.13762179017066956
29-08-1979,0.8671879768371582,0.0,3200,0.8671879768371582,0.8671879768371582,0.13639310002326965
30-08-1979,0.8632810115814209,0.0,121600,0.8710939884185791,0.8710939884185791,0.1370074301958084
31-08-1979,0.8632810115814209,0.0,54400,0.875,0.875,0.13762179017066956
04-09-1979,0.859375,0.0,198400,0.875,0.859375,0.1351642608642578
05-09-1979,0.859375,0.0,140800,0.8671879768371582,0.859375,0.1351642608642578
06-09-1979,0.8554689884185791,0.0,118400,0.8671879768371582,0.8554689884185791,0.13454987108707428
07-09-1979,0.8476560115814209,0.0,70400,0.8632810115814209,0.8515629768371582,0.13393549621105194
10-09-1979,0.8476560115814209,0.0,12800,0.8476560115814209,0.8476560115814209,0.13332098722457886
11-09-1979,0.84375,0.0,6400,0.8515629768371582,0.8515629768371582,0.13393549621105194
12-09-1979,0.8359379768371582,0.0,70400,0.84375,0.8359379768371582,0.13147799670696259
13-09-1979,0.8359379768371582,0.0,35200,0.8398439884185791,0.8359379768371582,0.13147799670696259
14-09-1979,0.8398439884185791,0.0,12800,0.84375,0.8398439884185791,0.1320924013853073
17-09-1979,0.8359379768371582,0.0,249600,0.84375,0.8398439884185791,0.1320924013853073
18-09-1979,0.8359379768371582,0.0,35200,0.84375,0.84375,0.13270671665668488
19-09-1979,0.8359379768371582,0.0,35200,0.84375,0.8359379768371582,0.13147799670696259
20-09-1979,0.8359379768371582,0.0,28800,0.84375,0.8359379768371582,0.13147799670696259
21-09-1979,0.8359379768371582,0.0,137600,0.84375,0.8359379768371582,0.13147799670696259
24-09-1979,0.8359379768371582,0.0,64000,0.84375,0.8359379768371582,0.13147799670696259
25-09-1979,0.8359379768371582,0.0,35200,0.84375,0.84375,0.13270671665668488
26-09-1979,0.8359379768371582,0.0,102400,0.84375,0.84375,0.13270671665668488
27-09-1979,0.8398439884185791,0.0,121600,0.8515629768371582,0.8398439884185791,0.1320924013853073
28-09-1979,0.84375,0.0,57600,0.84375,0.84375,0.13270671665668488
01-10-1979,0.84375,0.0,80000,0.8476560115814209,0.84375,0.13270671665668488
02-10-1979,0.828125,0.0,172800,0.84375,0.828125,0.13024917244911194
03-10-1979,0.8125,0.0,185600,0.8359379768371582,0.8125,0.12779158353805542
04-10-1979,0.8046879768371582,0.0,19200,0.8125,0.8046879768371582,0.1265629380941391
05-10-1979,0.796875,0.0,80000,0.8125,0.8046879768371582,0.1265629380941391
08-10-1979,0.8046879768371582,0.0,35200,0.8164060115814209,0.8164060115814209,0.12840604782104492
09-10-1979,0.7929689884185791,0.0,185600,0.8203129768371582,0.796875,0.12533406913280487
10-10-1979,0.75,0.0,332800,0.7890629768371582,0.7695310115814209,0.12103340029716492
11-10-1979,0.765625,0.0,451200,0.7851560115814209,0.78125,0.12287648767232895
12-10-1979,0.7773439884185791,0.0,598400,0.8046879768371582,0.796875,0.12533406913280487
15-10-1979,0.7734379768371582,0.0,467200,0.796875,0.7734379768371582,0.1216478943824768
16-10-1979,0.765625,0.0,134400,0.7734379768371582,0.765625,0.12041905522346497
17-10-1979,0.7617189884185791,0.0,105600,0.78125,0.765625,0.12041905522346497
18-10-1979,0.7734379768371582,0.0,19200,0.78125,0.7773439884185791,0.12226223945617676
19-10-1979,0.75,0.0,288000,0.7851560115814209,0.75,0.11796149611473083
22-10-1979,0.734375,0.0,67200,0.7421879768371582,0.734375,0.11550399661064148
23-10-1979,0.7421879768371582,0.0,9600,0.7421879768371582,0.7421879768371582,0.11673281341791153
24-10-1979,0.7382810115814209,0.0,86400,0.7578129768371582,0.7382810115814209,0.11611829698085785
25-10-1979,0.7421879768371582,0.0,41600,0.75,0.75,0.11796149611473083
26-10-1979,0.7539060115814209,0.0,28800,0.7539060115814209,0.7539060115814209,0.11857590079307556
29-10-1979,0.7460939884185791,0.0,67200,0.7539060115814209,0.75,0.11796149611473083
30-10-1979,0.75,0.0,16000,0.75,0.75,0.11796149611473083
31-10-1979,0.7460939884185791,0.0,451200,0.7539060115814209,0.7460939884185791,0.1173471063375473
01-11-1979,0.7460939884185791,0.0,147200,0.7617189884185791,0.7617189884185791,0.11980470269918442
02-11-1979,0.7617189884185791,0.0,326400,0.78125,0.78125,0.12287648767232895
05-11-1979,0.78125,0.0,44800,0.7929689884185791,0.78125,0.12287648767232895
06-11-1979,0.78125,0.0,73600,0.7929689884185791,0.7929689884185791,0.12471971660852432
07-11-1979,0.78125,0.0,240000,0.796875,0.78125,0.12287648767232895
08-11-1979,0.7734379768371582,0.0,361600,0.78125,0.78125,0.12287648767232895
09-11-1979,0.7617189884185791,0.0,16000,0.765625,0.7617189884185791,0.11980470269918442
12-11-1979,0.7539060115814209,0.0,80000,0.7578129768371582,0.7539060115814209,0.11857590079307556
13-11-1979,0.75,0.0,150400,0.7578129768371582,0.75,0.11796149611473083
14-11-1979,0.7578129768371582,0.0,9600,0.7617189884185791,0.7617189884185791,0.11980470269918442
15-11-1979,0.7695310115814209,0.0,19200,0.78125,0.78125,0.12287648767232895
16-11-1979,0.7734379768371582,0.0,268800,0.796875,0.7773439884185791,0.12226223945617676
19-11-1979,0.7734379768371582,0.0,83200,0.7734379768371582,0.7734379768371582,0.1216478943824768
20-11-1979,0.7734379768371582,0.0,246400,0.78125,0.7734379768371582,0.1216478943824768
21-11-1979,0.78125,0.0,124800,0.7890629768371582,0.78125,0.12287648767232895
23-11-1979,0.7773439884185791,0.0,48000,0.78125,0.7773439884185791,0.12226223945617676
26-11-1979,0.78125,0.0,89600,0.78125,0.78125,0.12287648767232895
27-11-1979,0.78125,0.0,150400,0.7929689884185791,0.7851560115814209,0.12349086254835129
28-11-1979,0.7851560115814209,0.0,32000,0.7929689884185791,0.7890629768371582,0.12410538643598557
29-11-1979,0.7890629768371582,0.0,134400,0.7929689884185791,0.7890629768371582,0.12410538643598557
30-11-1979,0.7734379768371582,0.0,268800,0.7890629768371582,0.7734379768371582,0.1216478943824768
03-12-1979,0.7695310115814209,0.0,192000,0.78125,0.78125,0.12287648767232895
04-12-1979,0.78125,0.0,16000,0.7851560115814209,0.78125,0.12287648767232895
05-12-1979,0.7773439884185791,0.0,48000,0.7890629768371582,0.7890629768371582,0.12410538643598557
06-12-1979,0.7851560115814209,0.0,112000,0.8007810115814209,0.8007810115814209,0.1259484738111496
07-12-1979,0.796875,0.0,12800,0.796875,0.796875,0.12533406913280487
10-12-1979,0.796875,0.0,153600,0.8007810115814209,0.8007810115814209,0.1259484738111496
11-12-1979,0.7929689884185791,0.0,147200,0.8046879768371582,0.7929689884185791,0.12471971660852432
12-12-1979,0.7929689884185791,0.0,51200,0.7929689884185791,0.7929689884185791,0.12471971660852432
13-12-1979,0.78125,0.0,60800,0.7890629768371582,0.78125,0.12287648767232895
14-12-1979,0.7890629768371582,0.0,108800,0.8046879768371582,0.8046879768371582,0.1265629380941391
17-12-1979,0.8085939884185791,0.0,160000,0.8320310115814209,0.8203129768371582,0.12902046740055084
18-12-1979,0.8125,0.0,150400,0.8242189884185791,0.8125,0.12779158353805542
19-12-1979,0.8046879768371582,0.0,96000,0.8203129768371582,0.8046879768371582,0.1265629380941391
20-12-1979,0.7734379768371582,0.0,166400,0.796875,0.78125,0.12287648767232895
21-12-1979,0.78125,0.0,38400,0.7929689884185791,0.7929689884185791,0.12471971660852432
24-12-1979,0.7929689884185791,0.7929689884185791,0,0.7929689884185791,0.7929689884185791,0.12471971660852432
26-12-1979,0.7851560115814209,0.0,19200,0.796875,0.796875,0.12533406913280487
27-12-1979,0.7773439884185791,0.0,105600,0.7890629768371582,0.78125,0.12287648767232895
28-12-1979,0.78125,0.0,22400,0.78125,0.78125,0.12287648767232895
31-12-1979,0.78125,0.0,16000,0.78125,0.78125,0.12287648767232895
02-01-1980,0.78125,0.0,249600,0.7929689884185791,0.7890629768371582,0.12410538643598557
03-01-1980,0.7773439884185791,0.0,54400,0.796875,0.796875,0.12533406913280487
04-01-1980,0.796875,0.0,201600,0.8007810115814209,0.796875,0.12533406913280487
07-01-1980,0.796875,0.0,64000,0.8007810115814209,0.796875,0.12533406913280487
08-01-1980,0.8046879768371582,0.0,32000,0.8125,0.8125,0.12779158353805542
09-01-1980,0.8007810115814209,0.0,96000,0.8125,0.8007810115814209,0.1259484738111496
10-01-1980,0.796875,0.0,48000,0.8007810115814209,0.8007810115814209,0.1259484738111496
11-01-1980,0.7890629768371582,0.0,492800,0.8046879768371582,0.8007810115814209,0.1259484738111496
14-01-1980,0.796875,0.0,86400,0.8085939884185791,0.796875,0.12533406913280487
15-01-1980,0.8007810115814209,0.0,108800,0.8242189884185791,0.8085939884185791,0.12717731297016144
16-01-1980,0.7851560115814209,0.0,2457600,0.8164060115814209,0.7890629768371582,0.12410538643598557
17-01-1980,0.78125,0.0,137600,0.7890629768371582,0.78125,0.12287648767232895
18-01-1980,0.7773439884185791,0.0,153600,0.78125,0.7773439884185791,0.12226223945617676
21-01-1980,0.78125,0.0,185600,0.796875,0.796875,0.12533406913280487
22-01-1980,0.7890629768371582,0.0,409600,0.796875,0.7890629768371582,0.12410538643598557
23-01-1980,0.7890629768371582,0.0,153600,0.7929689884185791,0.7929689884185791,0.12471971660852432
24-01-1980,0.8046879768371582,0.0,80000,0.8203129768371582,0.8164060115814209,0.12840604782104492
25-01-1980,0.8164060115814209,0.0,44800,0.8242189884185791,0.8203129768371582,0.12902046740055084
28-01-1980,0.828125,0.0,35200,0.8359379768371582,0.8359379768371582,0.13147799670696259
29-01-1980,0.8164060115814209,0.0,166400,0.828125,0.8164060115814209,0.12840604782104492
30-01-1980,0.8046879768371582,0.0,76800,0.8125,0.8085939884185791,0.12717731297016144
31-01-1980,0.8007810115814209,0.0,473600,0.8242189884185791,0.8164060115814209,0.12840604782104492
01-02-1980,0.8085939884185791,0.0,9600,0.8085939884185791,0.8085939884185791,0.12717731297016144
04-02-1980,0.8046879768371582,0.0,32000,0.8085939884185791,0.8046879768371582,0.1265629380941391
05-02-1980,0.796875,0.0,380800,0.8046879768371582,0.796875,0.12533406913280487
06-02-1980,0.7890629768371582,0.0,188800,0.8046879768371582,0.8046879768371582,0.1265629380941391
07-02-1980,0.8007810115814209,0.0,32000,0.8085939884185791,0.8007810115814209,0.1259484738111496
08-02-1980,0.796875,0.0,60800,0.796875,0.796875,0.12533406913280487
11-02-1980,0.7851560115814209,0.0,80000,0.7929689884185791,0.7851560115814209,0.12349086254835129
12-02-1980,0.7734379768371582,0.0,553600,0.78125,0.7734379768371582,0.1216478943824768
13-02-1980,0.7734379768371582,0.0,211200,0.78125,0.78125,0.12287648767232895
14-02-1980,0.7890629768371582,0.0,80000,0.7929689884185791,0.7890629768371582,0.12410538643598557
15-02-1980,0.7773439884185791,0.0,51200,0.78125,0.7773439884185791,0.12226223945617676
19-02-1980,0.765625,0.0,316800,0.78125,0.78125,0.12287648767232895
20-02-1980,0.7695310115814209,0.0,28800,0.7773439884185791,0.7773439884185791,0.12226223945617676
21-02-1980,0.75,0.0,176000,0.7734379768371582,0.7617189884185791,0.11980470269918442
22-02-1980,0.75,0.0,377600,0.7617189884185791,0.75,0.11796149611473083
25-02-1980,0.7421879768371582,0.0,54400,0.7578129768371582,0.7578129768371582,0.11919037252664566
26-02-1980,0.7539060115814209,0.0,198400,0.7617189884185791,0.7617189884185791,0.11980470269918442
27-02-1980,0.7539060115814209,0.0,160000,0.7617189884185791,0.7617189884185791,0.11980470269918442
28-02-1980,0.7382810115814209,0.0,310400,0.75,0.7460939884185791,0.1173471063375473
29-02-1980,0.7539060115814209,0.0,188800,0.765625,0.765625,0.12041905522346497
03-03-1980,0.75,0.0,182400,0.765625,0.75,0.11796149611473083
04-03-1980,0.7265629768371582,0.0,156800,0.7421879768371582,0.7304689884185791,0.11488961428403854
05-03-1980,0.7304689884185791,0.0,32000,0.7382810115814209,0.734375,0.11550399661064148
06-03-1980,0.7148439884185791,0.0,160000,0.734375,0.7148439884185791,0.11243210732936859
07-03-1980,0.6484379768371582,0.0,224000,0.703125,0.6875,0.10813135653734207
10-03-1980,0.6953129768371582,0.0,137600,0.7070310115814209,0.703125,0.110588937997818
11-03-1980,0.6875,0.0,38400,0.7109379768371582,0.6875,0.10813135653734207
12-03-1980,0.6953129768371582,0.0,12800,0.6992189884185791,0.6992189884185791,0.10997460037469864
13-03-1980,0.6992189884185791,0.0,57600,0.6992189884185791,0.6992189884185791,0.10997460037469864
14-03-1980,0.6796879768371582,0.0,137600,0.6914060115814209,0.6875,0.10813135653734207
17-03-1980,0.6835939884185791,0.0,160000,0.6835939884185791,0.6835939884185791,0.10751700401306152
18-03-1980,0.6757810115814209,0.0,160000,0.6953129768371582,0.6953129768371582,0.1093602105975151
19-03-1980,0.6757810115814209,0.0,38400,0.6953129768371582,0.6835939884185791,0.10751700401306152
20-03-1980,0.6757810115814209,0.0,137600,0.6796879768371582,0.6796879768371582,0.10690267384052277
21-03-1980,0.6757810115814209,0.0,176000,0.6875,0.6875,0.10813135653734207
24-03-1980,0.6796879768371582,0.0,28800,0.6875,0.6796879768371582,0.10690267384052277
25-03-1980,0.640625,0.0,220800,0.671875,0.6484379768371582,0.10198765993118286
26-03-1980,0.6484379768371582,0.0,16000,0.6484379768371582,0.6484379768371582,0.10198765993118286
27-03-1980,0.6445310115814209,0.0,35200,0.6523439884185791,0.6484379768371582,0.10198765993118286
28-03-1980,0.65625,0.0,144000,0.671875,0.6640629768371582,0.10444514453411102
31-03-1980,0.671875,0.0,19200,0.6835939884185791,0.6835939884185791,0.10751700401306152
01-04-1980,0.6757810115814209,0.0,96000,0.6953129768371582,0.6953129768371582,0.1093602105975151
02-04-1980,0.6875,0.0,307200,0.6992189884185791,0.6914060115814209,0.1087457537651062
03-04-1980,0.6796879768371582,0.0,1817600,0.6914060115814209,0.6835939884185791,0.10751700401306152
07-04-1980,0.6757810115814209,0.0,44800,0.6835939884185791,0.6757810115814209,0.10628821700811386
08-04-1980,0.6757810115814209,0.0,368000,0.6796879768371582,0.6796879768371582,0.10690267384052277
09-04-1980,0.6640629768371582,0.0,92800,0.671875,0.6640629768371582,0.10444514453411102
10-04-1980,0.671875,0.0,140800,0.703125,0.703125,0.110588937997818
11-04-1980,0.7070310115814209,0.0,60800,0.7148439884185791,0.7070310115814209,0.11120331287384033
14-04-1980,0.6875,0.0,44800,0.6992189884185791,0.6992189884185791,0.10997460037469864
15-04-1980,0.6875,0.0,147200,0.7148439884185791,0.6914060115814209,0.1087457537651062
16-04-1980,0.6796879768371582,0.0,12800,0.6835939884185791,0.6796879768371582,0.10690267384052277
17-04-1980,0.6445310115814209,0.0,1318400,0.671875,0.65625,0.10321629792451859
18-04-1980,0.65625,0.0,32000,0.65625,0.65625,0.10321629792451859
21-04-1980,0.6484379768371582,0.0,387200,0.65625,0.6523439884185791,0.10260197520256042
22-04-1980,0.6484379768371582,0.0,144000,0.6640629768371582,0.6640629768371582,0.10444514453411102
23-04-1980,0.6640629768371582,0.0,1801600,0.6796879768371582,0.6640629768371582,0.10444514453411102
24-04-1980,0.6445310115814209,0.0,304000,0.6601560115814209,0.6445310115814209,0.10137314349412918
25-04-1980,0.65625,0.0,25600,0.6640629768371582,0.6601560115814209,0.10383070260286331
28-04-1980,0.6640629768371582,0.0,1580800,0.6796879768371582,0.6796879768371582,0.10690267384052277
29-04-1980,0.6484379768371582,0.0,54400,0.6640629768371582,0.6484379768371582,0.10198765993118286
30-04-1980,0.6445310115814209,0.0,22400,0.65625,0.6445310115814209,0.10137314349412918
01-05-1980,0.6328129768371582,0.0,124800,0.6484379768371582,0.6328129768371582,0.09953005611896515
02-05-1980,0.640625,0.0,147200,0.671875,0.671875,0.10567382723093033
05-05-1980,0.6523439884185791,0.0,32000,0.6640629768371582,0.6601560115814209,0.10383070260286331
06-05-1980,0.65625,0.0,57600,0.6640629768371582,0.6601560115814209,0.10383070260286331
07-05-1980,0.65625,0.0,172800,0.6640629768371582,0.6601560115814209,0.10383070260286331
08-05-1980,0.6640629768371582,0.0,121600,0.6796879768371582,0.6796879768371582,0.10690267384052277
09-05-1980,0.6796879768371582,0.0,38400,0.6835939884185791,0.6835939884185791,0.10751700401306152
12-05-1980,0.6875,0.0,19200,0.6953129768371582,0.6875,0.10813135653734207
13-05-1980,0.6835939884185791,0.0,48000,0.6953129768371582,0.6875,0.10813135653734207
14-05-1980,0.6875,0.0,41600,0.6992189884185791,0.6875,0.10813135653734207
15-05-1980,0.6796879768371582,0.0,99200,0.6914060115814209,0.6914060115814209,0.1087457537651062
16-05-1980,0.6796879768371582,0.0,76800,0.6835939884185791,0.6796879768371582,0.10690267384052277
19-05-1980,0.6835939884185791,0.0,876800,0.6953129768371582,0.6875,0.10813135653734207
20-05-1980,0.6875,0.0,99200,0.6914060115814209,0.6914060115814209,0.1087457537651062
21-05-1980,0.6875,0.0,198400,0.6914060115814209,0.6875,0.10813135653734207
22-05-1980,0.6875,0.0,22400,0.6875,0.6875,0.10813135653734207
23-05-1980,0.6875,0.0,38400,0.6875,0.6875,0.10813135653734207
27-05-1980,0.6953129768371582,0.0,25600,0.7109379768371582,0.7109379768371582,0.11181772500276566
28-05-1980,0.7070310115814209,0.0,76800,0.71875,0.71875,0.11304647475481033
29-05-1980,0.7070310115814209,0.0,384000,0.71875,0.71875,0.11304647475481033
30-05-1980,0.703125,0.0,963200,0.7148439884185791,0.703125,0.110588937997818
02-06-1980,0.703125,0.0,48000,0.7109379768371582,0.703125,0.110588937997818
03-06-1980,0.703125,0.0,86400,0.703125,0.703125,0.110588937997818
04-06-1980,0.703125,0.0,67200,0.7148439884185791,0.7070310115814209,0.11120331287384033
05-06-1980,0.703125,0.0,1574400,0.7109379768371582,0.703125,0.110588937997818
06-06-1980,0.703125,0.0,131200,0.7265629768371582,0.7265629768371582,0.11427527666091919
09-06-1980,0.71875,0.0,64000,0.7304689884185791,0.7226560115814209,0.11366076022386551
10-06-1980,0.7226560115814209,0.0,108800,0.734375,0.7226560115814209,0.11366076022386551
11-06-1980,0.71875,0.0,150400,0.7265629768371582,0.71875,0.11304647475481033
12-06-1980,0.71875,0.0,83200,0.734375,0.71875,0.11304647475481033
13-06-1980,0.7148439884185791,0.0,32000,0.7265629768371582,0.7148439884185791,0.11243210732936859
16-06-1980,0.7070310115814209,0.0,32000,0.7070310115814209,0.7070310115814209,0.11120331287384033
17-06-1980,0.7070310115814209,0.0,480000,0.71875,0.71875,0.11304647475481033
18-06-1980,0.7304689884185791,0.0,73600,0.7421879768371582,0.7382810115814209,0.11611829698085785
19-06-1980,0.7265629768371582,0.0,70400,0.7421879768371582,0.734375,0.11550399661064148
20-06-1980,0.7226560115814209,0.0,32000,0.7226560115814209,0.7226560115814209,0.11366076022386551
23-06-1980,0.7304689884185791,0.0,131200,0.7421879768371582,0.7421879768371582,0.11673281341791153
24-06-1980,0.7304689884185791,0.0,134400,0.7421879768371582,0.734375,0.11550399661064148
25-06-1980,0.71875,0.0,678400,0.7304689884185791,0.7304689884185791,0.11488961428403854
26-06-1980,0.71875,0.0,131200,0.7421879768371582,0.7265629768371582,0.11427527666091919
27-06-1980,0.7265629768371582,0.0,105600,0.734375,0.7304689884185791,0.11488961428403854
30-06-1980,0.71875,0.0,16000,0.7265629768371582,0.7265629768371582,0.11427527666091919
01-07-1980,0.7109379768371582,0.0,102400,0.7226560115814209,0.7226560115814209,0.11366076022386551
02-07-1980,0.7109379768371582,0.0,38400,0.7109379768371582,0.7109379768371582,0.11181772500276566
03-07-1980,0.7109379768371582,0.0,166400,0.7226560115814209,0.7226560115814209,0.11366076022386551
07-07-1980,0.7148439884185791,0.0,51200,0.7226560115814209,0.7226560115814209,0.11366076022386551
08-07-1980,0.7148439884185791,0.0,73600,0.7226560115814209,0.7226560115814209,0.11366076022386551
09-07-1980,0.7109379768371582,0.0,16000,0.7148439884185791,0.7109379768371582,0.11181772500276566
10-07-1980,0.7109379768371582,0.0,70400,0.7226560115814209,0.7148439884185791,0.11243210732936859
11-07-1980,0.7148439884185791,0.0,76800,0.7226560115814209,0.7148439884185791,0.11243210732936859
14-07-1980,0.703125,0.0,192000,0.71875,0.71875,0.11304647475481033
15-07-1980,0.71875,0.0,176000,0.7382810115814209,0.7304689884185791,0.11488961428403854
16-07-1980,0.734375,0.0,67200,0.75,0.7421879768371582,0.11673281341791153
17-07-1980,0.734375,0.0,272000,0.7382810115814209,0.7382810115814209,0.11611829698085785
18-07-1980,0.7460939884185791,0.0,131200,0.7734379768371582,0.7734379768371582,0.1216478943824768
21-07-1980,0.7734379768371582,0.0,73600,0.78125,0.78125,0.12287648767232895
22-07-1980,0.78125,0.0,57600,0.78125,0.78125,0.12287648767232895
23-07-1980,0.7851560115814209,0.0,54400,0.8007810115814209,0.7890629768371582,0.12410538643598557
24-07-1980,0.7890629768371582,0.0,38400,0.8046879768371582,0.8046879768371582,0.1265629380941391
25-07-1980,0.8007810115814209,0.0,60800,0.8125,0.8007810115814209,0.1259484738111496
28-07-1980,0.7890629768371582,0.0,70400,0.8085939884185791,0.8046879768371582,0.1265629380941391
29-07-1980,0.8007810115814209,0.0,89600,0.8085939884185791,0.8085939884185791,0.12717731297016144
30-07-1980,0.8085939884185791,0.0,51200,0.8359379768371582,0.8320310115814209,0.13086354732513428
31-07-1980,0.8242189884185791,0.0,35200,0.828125,0.8242189884185791,0.129634827375412
01-08-1980,0.8242189884185791,0.0,22400,0.8320310115814209,0.8320310115814209,0.13086354732513428
04-08-1980,0.8203129768371582,0.0,44800,0.828125,0.8242189884185791,0.129634827375412
05-08-1980,0.8203129768371582,0.0,80000,0.8320310115814209,0.828125,0.13024917244911194
06-08-1980,0.8203129768371582,0.0,1030400,0.828125,0.8203129768371582,0.12902046740055084
07-08-1980,0.8164060115814209,0.0,73600,0.8359379768371582,0.828125,0.13024917244911194
08-08-1980,0.8359379768371582,0.0,96000,0.8476560115814209,0.8476560115814209,0.13332098722457886
11-08-1980,0.84375,0.0,38400,0.859375,0.8515629768371582,0.13393549621105194
12-08-1980,0.8515629768371582,0.0,153600,0.890625,0.8828129768371582,0.1388506144285202
13-08-1980,0.8671879768371582,0.0,51200,0.875,0.8671879768371582,0.13639310002326965
14-08-1980,0.859375,0.0,112000,0.8710939884185791,0.8671879768371582,0.13639310002326965
15-08-1980,0.8515629768371582,0.0,54400,0.859375,0.8515629768371582,0.13393549621105194
18-08-1980,0.859375,0.0,140800,0.8671879768371582,0.859375,0.1351642608642578
19-08-1980,0.859375,0.0,83200,0.8671879768371582,0.8671879768371582,0.13639310002326965
20-08-1980,0.84375,0.0,1904000,0.859375,0.8554689884185791,0.13454987108707428
21-08-1980,0.84375,0.0,144000,0.8554689884185791,0.84375,0.13270671665668488
22-08-1980,0.84375,0.0,176000,0.8515629768371582,0.8515629768371582,0.13393549621105194
25-08-1980,0.84375,0.0,19200,0.84375,0.84375,0.13270671665668488
26-08-1980,0.828125,0.0,243200,0.8398439884185791,0.8320310115814209,0.13086354732513428
27-08-1980,0.8320310115814209,0.0,9600,0.8320310115814209,0.8320310115814209,0.13086354732513428
28-08-1980,0.8320310115814209,0.0,6400,0.8320310115814209,0.8320310115814209,0.13086354732513428
29-08-1980,0.828125,0.0,22400,0.8320310115814209,0.828125,0.13024917244911194
02-09-1980,0.8046879768371582,0.0,105600,0.8203129768371582,0.8203129768371582,0.12902046740055084
03-09-1980,0.8203129768371582,0.0,380800,0.8398439884185791,0.8398439884185791,0.1320924013853073
04-09-1980,0.8320310115814209,0.0,89600,0.84375,0.8398439884185791,0.1320924013853073
05-09-1980,0.84375,0.0,32000,0.8554689884185791,0.8515629768371582,0.13393549621105194
08-09-1980,0.828125,0.0,105600,0.84375,0.828125,0.13024917244911194
09-09-1980,0.8398439884185791,0.0,32000,0.8398439884185791,0.8398439884185791,0.1320924013853073
10-09-1980,0.8398439884185791,0.8398439884185791,0,0.8398439884185791,0.8398439884185791,0.1320924013853073
11-09-1980,0.8359379768371582,0.0,51200,0.8554689884185791,0.8554689884185791,0.13454987108707428
12-09-1980,0.8515629768371582,0.0,19200,0.8632810115814209,0.8632810115814209,0.13577863574028015
15-09-1980,0.8632810115814209,0.0,12800,0.8671879768371582,0.8632810115814209,0.13577863574028015
16-09-1980,0.8671879768371582,0.0,48000,0.8710939884185791,0.8710939884185791,0.1370074301958084
17-09-1980,0.8632810115814209,0.0,281600,0.8945310115814209,0.8945310115814209,0.14069369435310364
18-09-1980,0.8867189884185791,0.0,60800,0.9023439884185791,0.9023439884185791,0.1419224590063095
19-09-1980,0.8984379768371582,0.0,108800,0.9140629768371582,0.9140629768371582,0.1437656432390213
22-09-1980,0.9023439884185791,0.0,25600,0.9140629768371582,0.9023439884185791,0.1419224590063095
23-09-1980,0.8671879768371582,0.0,502400,0.8984379768371582,0.8671879768371582,0.13639310002326965
24-09-1980,0.84375,0.0,19200,0.859375,0.84375,0.13270671665668488
25-09-1980,0.84375,0.0,204800,0.8554689884185791,0.8476560115814209,0.13332098722457886
26-09-1980,0.8398439884185791,0.0,140800,0.8476560115814209,0.84375,0.13270671665668488
29-09-1980,0.8359379768371582,0.0,198400,0.84375,0.8359379768371582,0.13147799670696259
30-09-1980,0.84375,0.0,3200,0.84375,0.84375,0.13270671665668488
01-10-1980,0.8398439884185791,0.0,28800,0.84375,0.8398439884185791,0.1320924013853073
02-10-1980,0.84375,0.0,214400,0.8515629768371582,0.8515629768371582,0.13393549621105194
03-10-1980,0.859375,0.0,19200,0.8671879768371582,0.8671879768371582,0.13639310002326965
06-10-1980,0.859375,0.0,41600,0.875,0.859375,0.1351642608642578
07-10-1980,0.8515629768371582,0.0,16000,0.859375,0.8515629768371582,0.13393549621105194
08-10-1980,0.84375,0.0,195200,0.859375,0.8476560115814209,0.13332098722457886
09-10-1980,0.8554689884185791,0.0,48000,0.8710939884185791,0.859375,0.1351642608642578
10-10-1980,0.8515629768371582,0.0,41600,0.8671879768371582,0.8671879768371582,0.13639310002326965
13-10-1980,0.859375,0.0,3200,0.859375,0.859375,0.1351642608642578
14-10-1980,0.8515629768371582,0.0,73600,0.875,0.875,0.13762179017066956
15-10-1980,0.875,0.0,41600,0.8828129768371582,0.8828129768371582,0.1388506144285202
16-10-1980,0.84375,0.0,198400,0.875,0.8476560115814209,0.13332098722457886
17-10-1980,0.8554689884185791,0.0,3200,0.8554689884185791,0.8554689884185791,0.13454987108707428
20-10-1980,0.8398439884185791,0.0,105600,0.8515629768371582,0.8515629768371582,0.13393549621105194
21-10-1980,0.8515629768371582,0.0,211200,0.859375,0.8515629768371582,0.13393549621105194
22-10-1980,0.8515629768371582,0.0,227200,0.8554689884185791,0.8515629768371582,0.13393549621105194
23-10-1980,0.859375,0.0,32000,0.859375,0.859375,0.1351642608642578
24-10-1980,0.859375,0.0,512000,0.890625,0.8828129768371582,0.1388506144285202
27-10-1980,0.875,0.0,246400,0.8945310115814209,0.875,0.13762179017066956
28-10-1980,0.8632810115814209,0.0,38400,0.8671879768371582,0.8671879768371582,0.13639310002326965
29-10-1980,0.8515629768371582,0.0,73600,0.8632810115814209,0.8515629768371582,0.13393549621105194
30-10-1980,0.8398439884185791,0.0,51200,0.84375,0.8398439884185791,0.1320924013853073
31-10-1980,0.8359379768371582,0.0,236800,0.8359379768371582,0.8359379768371582,0.13147799670696259
03-11-1980,0.8359379768371582,0.0,19200,0.84375,0.84375,0.13270671665668488
05-11-1980,0.84375,0.0,51200,0.859375,0.84375,0.13270671665668488
06-11-1980,0.8359379768371582,0.0,67200,0.8515629768371582,0.8359379768371582,0.13147799670696259
07-11-1980,0.8359379768371582,0.0,310400,0.8515629768371582,0.8515629768371582,0.13393549621105194
10-11-1980,0.8359379768371582,0.0,153600,0.8515629768371582,0.8359379768371582,0.13147799670696259
11-11-1980,0.84375,0.0,54400,0.84375,0.84375,0.13270671665668488
12-11-1980,0.8476560115814209,0.0,70400,0.859375,0.859375,0.1351642608642578
13-11-1980,0.8476560115814209,0.0,76800,0.859375,0.859375,0.1351642608642578
14-11-1980,0.8515629768371582,0.0,124800,0.859375,0.8515629768371582,0.13393549621105194
17-11-1980,0.8476560115814209,0.0,67200,0.859375,0.8515629768371582,0.13393549621105194
18-11-1980,0.8398439884185791,0.0,412800,0.84375,0.8398439884185791,0.1320924013853073
19-11-1980,0.84375,0.0,272000,0.8945310115814209,0.8867189884185791,0.13946497440338135
20-11-1980,0.8789060115814209,0.0,236800,0.8945310115814209,0.8945310115814209,0.14069369435310364
21-11-1980,0.8632810115814209,0.0,550400,0.9023439884185791,0.8632810115814209,0.13577863574028015
24-11-1980,0.8398439884185791,0.0,118400,0.8554689884185791,0.8398439884185791,0.1320924013853073
25-11-1980,0.8398439884185791,0.0,710400,0.859375,0.859375,0.1351642608642578
26-11-1980,0.828125,0.0,1596800,0.84375,0.828125,0.13024917244911194
28-11-1980,0.828125,0.0,230400,0.8359379768371582,0.8320310115814209,0.13086354732513428
01-12-1980,0.8203129768371582,0.0,70400,0.8320310115814209,0.8203129768371582,0.12902046740055084
02-12-1980,0.8046879768371582,0.0,57600,0.8125,0.8046879768371582,0.1265629380941391
03-12-1980,0.8125,0.0,102400,0.8242189884185791,0.8125,0.12779158353805542
04-12-1980,0.8125,0.0,54400,0.8320310115814209,0.8242189884185791,0.129634827375412
05-12-1980,0.8125,0.0,124800,0.8359379768371582,0.8359379768371582,0.13147799670696259
08-12-1980,0.8125,0.0,214400,0.8320310115814209,0.8125,0.12779158353805542
09-12-1980,0.828125,0.0,137600,0.828125,0.828125,0.13024917244911194
10-12-1980,0.8046879768371582,0.0,19200,0.8203129768371582,0.8046879768371582,0.1265629380941391
11-12-1980,0.7929689884185791,0.0,121600,0.796875,0.7929689884185791,0.12471971660852432
12-12-1980,0.7890629768371582,0.0,70400,0.7929689884185791,0.7929689884185791,0.12471971660852432
15-12-1980,0.7890629768371582,0.0,6400,0.7890629768371582,0.7890629768371582,0.12410538643598557
16-12-1980,0.7890629768371582,0.0,281600,0.796875,0.796875,0.12533406913280487
17-12-1980,0.78125,0.0,342400,0.796875,0.796875,0.12533406913280487
18-12-1980,0.7890629768371582,0.0,230400,0.7929689884185791,0.7890629768371582,0.12410538643598557
19-12-1980,0.78125,0.0,2816000,0.7890629768371582,0.78125,0.12287648767232895
22-12-1980,0.765625,0.0,1280000,0.7890629768371582,0.7890629768371582,0.12410538643598557
23-12-1980,0.7695310115814209,0.0,2156800,0.7890629768371582,0.7734379768371582,0.1216478943824768
24-12-1980,0.78125,0.0,32000,0.7890629768371582,0.7851560115814209,0.12349086254835129
26-12-1980,0.7890629768371582,0.0,9600,0.7929689884185791,0.7890629768371582,0.12410538643598557
29-12-1980,0.78125,0.0,105600,0.796875,0.78125,0.12287648767232895
30-12-1980,0.78125,0.0,172800,0.78125,0.78125,0.12287648767232895
31-12-1980,0.7890629768371582,0.0,3200,0.7890629768371582,0.7890629768371582,0.12410538643598557
02-01-1981,0.7851560115814209,0.0,262400,0.7929689884185791,0.7851560115814209,0.12349086254835129
05-01-1981,0.7851560115814209,0.0,41600,0.7851560115814209,0.7851560115814209,0.12349086254835129
06-01-1981,0.7929689884185791,0.0,115200,0.8046879768371582,0.796875,0.12533406913280487
07-01-1981,0.7890629768371582,0.0,115200,0.7890629768371582,0.7890629768371582,0.12410538643598557
08-01-1981,0.7890629768371582,0.0,172800,0.7890629768371582,0.7890629768371582,0.12410538643598557
09-01-1981,0.7929689884185791,0.0,51200,0.8007810115814209,0.8007810115814209,0.1259484738111496
12-01-1981,0.8007810115814209,0.0,1299200,0.8007810115814209,0.8007810115814209,0.1259484738111496
13-01-1981,0.796875,0.0,6400,0.796875,0.796875,0.12533406913280487
14-01-1981,0.8046879768371582,0.0,1987200,0.8125,0.8046879768371582,0.1265629380941391
15-01-1981,0.8046879768371582,0.0,316800,0.8125,0.8046879768371582,0.1265629380941391
16-01-1981,0.796875,0.0,147200,0.8125,0.8046879768371582,0.1265629380941391
19-01-1981,0.796875,0.0,51200,0.8046879768371582,0.8046879768371582,0.1265629380941391
20-01-1981,0.7929689884185791,0.0,230400,0.8046879768371582,0.7929689884185791,0.12471971660852432
21-01-1981,0.7929689884185791,0.0,57600,0.7929689884185791,0.7929689884185791,0.12471971660852432
22-01-1981,0.796875,0.0,70400,0.796875,0.796875,0.12533406913280487
23-01-1981,0.796875,0.0,48000,0.8046879768371582,0.796875,0.12533406913280487
26-01-1981,0.796875,0.0,16000,0.8007810115814209,0.796875,0.12533406913280487
27-01-1981,0.7929689884185791,0.0,67200,0.8125,0.8125,0.12779158353805542
28-01-1981,0.796875,0.0,86400,0.8125,0.796875,0.12533406913280487
29-01-1981,0.7929689884185791,0.0,44800,0.796875,0.7929689884185791,0.12471971660852432
30-01-1981,0.7929689884185791,0.0,12800,0.796875,0.7929689884185791,0.12471971660852432
02-02-1981,0.7929689884185791,0.0,64000,0.8046879768371582,0.8046879768371582,0.1265629380941391
03-02-1981,0.796875,0.0,16000,0.796875,0.796875,0.12533406913280487
04-02-1981,0.7929689884185791,0.0,92800,0.796875,0.7929689884185791,0.12471971660852432
05-02-1981,0.8046879768371582,0.0,67200,0.8046879768371582,0.8046879768371582,0.1265629380941391
06-02-1981,0.7929689884185791,0.0,291200,0.8085939884185791,0.7929689884185791,0.12471971660852432
09-02-1981,0.7929689884185791,0.0,80000,0.7929689884185791,0.7929689884185791,0.12471971660852432
10-02-1981,0.7929689884185791,0.0,70400,0.796875,0.796875,0.12533406913280487
11-02-1981,0.7929689884185791,0.0,6400,0.796875,0.7929689884185791,0.12471971660852432
12-02-1981,0.7890629768371582,0.0,192000,0.796875,0.796875,0.12533406913280487
13-02-1981,0.7929689884185791,0.0,96000,0.8085939884185791,0.7929689884185791,0.12471971660852432
17-02-1981,0.8007810115814209,0.0,57600,0.8085939884185791,0.8085939884185791,0.12717731297016144
18-02-1981,0.8046879768371582,0.0,953600,0.8203129768371582,0.8125,0.12779158353805542
19-02-1981,0.8125,0.0,240000,0.8359379768371582,0.8203129768371582,0.12902046740055084
20-02-1981,0.828125,0.0,425600,0.859375,0.8515629768371582,0.13393549621105194
23-02-1981,0.8476560115814209,0.0,537600,0.8632810115814209,0.8632810115814209,0.13577863574028015
24-02-1981,0.8710939884185791,0.0,579200,0.890625,0.8828129768371582,0.1388506144285202
25-02-1981,0.875,0.0,348800,0.8984379768371582,0.8984379768371582,0.14130815863609314
26-02-1981,0.8828129768371582,0.0,966400,0.9023439884185791,0.890625,0.1400792896747589
27-02-1981,0.8789060115814209,0.0,288000,0.8867189884185791,0.8789060115814209,0.13823609054088593
02-03-1981,0.8671879768371582,0.0,140800,0.8789060115814209,0.8671879768371582,0.13639310002326965
03-03-1981,0.8671879768371582,0.0,76800,0.875,0.8671879768371582,0.13639310002326965
04-03-1981,0.8671879768371582,0.0,784000,0.875,0.875,0.13762179017066956
05-03-1981,0.8671879768371582,0.0,195200,0.875,0.875,0.13762179017066956
06-03-1981,0.8671879768371582,0.0,118400,0.875,0.8710939884185791,0.1370074301958084
09-03-1981,0.8632810115814209,0.0,512000,0.875,0.875,0.13762179017066956
10-03-1981,0.875,0.0,108800,0.8828129768371582,0.8828129768371582,0.1388506144285202
11-03-1981,0.8945310115814209,0.0,278400,0.9140629768371582,0.9101560115814209,0.1431512087583542
12-03-1981,0.9023439884185791,0.0,80000,0.9179689884185791,0.9101560115814209,0.1431512087583542
13-03-1981,0.90625,0.0,60800,0.9140629768371582,0.90625,0.14253681898117065
16-03-1981,0.9023439884185791,0.0,35200,0.90625,0.90625,0.14253681898117065
17-03-1981,0.8828129768371582,0.0,48000,0.9023439884185791,0.8828129768371582,0.1388506144285202
18-03-1981,0.890625,0.0,131200,0.9140629768371582,0.9101560115814209,0.1431512087583542
19-03-1981,0.890625,0.0,377600,0.9140629768371582,0.890625,0.1400792896747589
20-03-1981,0.8984379768371582,0.0,108800,0.9140629768371582,0.9140629768371582,0.1437656432390213
23-03-1981,0.9140629768371582,0.0,838400,0.9453129768371582,0.9453129768371582,0.14868082106113434
24-03-1981,0.9453129768371582,0.0,726400,0.9609379768371582,0.9453129768371582,0.14868082106113434
25-03-1981,0.9375,0.0,185600,0.9570310115814209,0.9570310115814209,0.15052370727062225
26-03-1981,0.9414060115814209,0.0,464000,0.9570310115814209,0.9492189884185791,0.1492951214313507
27-03-1981,0.9296879768371582,0.0,592000,0.9453129768371582,0.9296879768371582,0.14622321724891663
30-03-1981,0.90625,0.0,243200,0.921875,0.90625,0.14253681898117065
31-03-1981,0.9101560115814209,0.0,192000,0.9296879768371582,0.9296879768371582,0.14622321724891663
01-04-1981,0.9296879768371582,0.0,64000,0.9375,0.9296879768371582,0.14622321724891663
02-04-1981,0.921875,0.0,198400,0.9375,0.9375,0.14745189249515533
03-04-1981,0.9101560115814209,0.0,96000,0.9375,0.9101560115814209,0.1431512087583542
06-04-1981,0.8984379768371582,0.0,131200,0.9140629768371582,0.90625,0.14253681898117065
07-04-1981,0.8984379768371582,0.0,246400,0.90625,0.9023439884185791,0.1419224590063095
08-04-1981,0.9101560115814209,0.0,214400,0.921875,0.9179689884185791,0.14438004791736603
09-04-1981,0.9101560115814209,0.0,51200,0.9335939884185791,0.9335939884185791,0.14683760702610016
10-04-1981,0.9375,0.0,592000,0.984375,0.9726560115814209,0.15298137068748474
13-04-1981,0.9765629768371582,0.0,304000,0.9921879768371582,0.9882810115814209,0.1554388701915741
14-04-1981,0.9726560115814209,0.0,281600,0.9921879768371582,0.9726560115814209,0.15298137068748474
15-04-1981,0.9648439884185791,0.0,99200,0.9804689884185791,0.9804689884185791,0.1542101800441742
16-04-1981,0.984375,0.0,32000,0.9921879768371582,0.984375,0.15482446551322937
20-04-1981,0.984375,0.0,64000,1.0,1.0,0.15728195011615753
21-04-1981,0.9765629768371582,0.0,284800,0.9921879768371582,0.9765629768371582,0.15359579026699066
22-04-1981,0.96875,0.0,214400,0.9765629768371582,0.96875,0.15236687660217285
23-04-1981,0.9765629768371582,0.0,112000,0.9960939884185791,0.9921879768371582,0.1560533195734024
24-04-1981,0.9765629768371582,0.0,156800,0.9921879768371582,0.984375,0.15482446551322937
27-04-1981,0.9765629768371582,0.0,352000,0.9921879768371582,0.9921879768371582,0.1560533195734024
28-04-1981,0.9804689884185791,0.0,64000,0.9882810115814209,0.9804689884185791,0.1542101800441742
29-04-1981,0.96875,0.0,51200,0.9765629768371582,0.9765629768371582,0.15359579026699066
30-04-1981,0.9726560115814209,0.0,57600,0.984375,0.9765629768371582,0.15359579026699066
01-05-1981,0.9648439884185791,0.0,22400,0.9648439884185791,0.9648439884185791,0.15175262093544006
04-05-1981,0.9296879768371582,0.0,160000,0.953125,0.9296879768371582,0.14622321724891663
05-05-1981,0.9140629768371582,0.0,89600,0.9335939884185791,0.9140629768371582,0.1437656432390213
06-05-1981,0.9179689884185791,0.0,112000,0.9335939884185791,0.9335939884185791,0.14683760702610016
07-05-1981,0.9335939884185791,0.0,64000,0.9375,0.9375,0.14745189249515533
08-05-1981,0.9296879768371582,0.0,1008000,0.9414060115814209,0.9375,0.14745189249515533
11-05-1981,0.9375,0.0,256000,0.9375,0.9375,0.14745189249515533
12-05-1981,0.9375,0.0,57600,0.9453129768371582,0.9375,0.14745189249515533
13-05-1981,0.9375,0.0,41600,0.9453129768371582,0.9414060115814209,0.1480662077665329
14-05-1981,0.9257810115814209,0.0,86400,0.9414060115814209,0.9296879768371582,0.14622321724891663
15-05-1981,0.921875,0.0,41600,0.9296879768371582,0.921875,0.14499448239803314
18-05-1981,0.9140629768371582,0.0,32000,0.9257810115814209,0.9179689884185791,0.14438004791736603
19-05-1981,0.9101560115814209,0.0,92800,0.9296879768371582,0.9257810115814209,0.14560866355895996
20-05-1981,0.9257810115814209,0.0,345600,0.9296879768371582,0.9296879768371582,0.14622321724891663
21-05-1981,0.90625,0.0,1555200,0.9296879768371582,0.9179689884185791,0.14438004791736603
22-05-1981,0.9257810115814209,0.0,60800,0.9453129768371582,0.9453129768371582,0.14868082106113434
26-05-1981,0.9414060115814209,0.0,25600,0.9453129768371582,0.9453129768371582,0.14868082106113434
27-05-1981,0.953125,0.0,220800,0.96875,0.9609379768371582,0.15113817155361176
28-05-1981,0.96875,0.0,38400,0.984375,0.9765629768371582,0.15359579026699066
29-05-1981,0.9726560115814209,0.0,684800,0.984375,0.9804689884185791,0.1542101800441742
01-06-1981,0.9882810115814209,0.0,118400,1.0,0.9882810115814209,0.1554388701915741
02-06-1981,0.984375,0.0,166400,0.984375,0.984375,0.15482446551322937
03-06-1981,0.984375,0.0,83200,0.984375,0.984375,0.15482446551322937
04-06-1981,0.984375,0.0,89600,0.984375,0.984375,0.15482446551322937
05-06-1981,0.9921879768371582,0.0,582400,1.035156011581421,1.035156011581421,0.1628115177154541
08-06-1981,1.015625,0.0,358400,1.0390629768371582,1.019531011581421,0.1603538691997528
09-06-1981,1.015625,0.0,32000,1.019531011581421,1.015625,0.15973953902721405
10-06-1981,1.0234379768371582,0.0,12800,1.0234379768371582,1.0234379768371582,0.1609683483839035
11-06-1981,1.0234379768371582,0.0,678400,1.0390629768371582,1.0390629768371582,0.16342593729496002
12-06-1981,1.027343988418579,0.0,188800,1.035156011581421,1.027343988418579,0.16158270835876465
15-06-1981,1.027343988418579,0.0,118400,1.035156011581421,1.03125,0.16219714283943176
16-06-1981,1.03125,0.0,38400,1.0390629768371582,1.0390629768371582,0.16342593729496002
17-06-1981,1.03125,0.0,44800,1.0390629768371582,1.03125,0.16219714283943176
18-06-1981,1.0234379768371582,0.0,12800,1.0234379768371582,1.0234379768371582,0.1609683483839035
19-06-1981,1.015625,0.0,982400,1.0234379768371582,1.015625,0.15973953902721405
22-06-1981,1.015625,0.0,6400,1.019531011581421,1.015625,0.15973953902721405
23-06-1981,1.0,0.0,92800,1.019531011581421,1.0,0.15728195011615753
24-06-1981,0.9804689884185791,0.0,25600,0.9921879768371582,0.9882810115814209,0.1554388701915741
25-06-1981,0.9882810115814209,0.0,25600,0.9960939884185791,0.9882810115814209,0.1554388701915741
26-06-1981,0.9882810115814209,0.0,195200,1.0,0.9921879768371582,0.1560533195734024
29-06-1981,0.9921879768371582,0.0,348800,1.0,0.9921879768371582,0.1560533195734024
30-06-1981,0.984375,0.0,64000,0.9960939884185791,0.9960939884185791,0.15666767954826355
01-07-1981,0.9882810115814209,0.0,28800,0.9882810115814209,0.9882810115814209,0.1554388701915741
02-07-1981,0.9765629768371582,0.0,176000,0.984375,0.9765629768371582,0.15359579026699066
06-07-1981,0.96875,0.0,240000,0.9804689884185791,0.9765629768371582,0.15359579026699066
07-07-1981,0.9570310115814209,0.0,144000,0.96875,0.9570310115814209,0.15052370727062225
08-07-1981,0.9570310115814209,0.0,195200,0.9570310115814209,0.9570310115814209,0.15052370727062225
09-07-1981,0.9648439884185791,0.0,73600,0.96875,0.96875,0.15236687660217285
10-07-1981,0.96875,0.0,19200,0.96875,0.96875,0.15236687660217285
13-07-1981,0.9609379768371582,0.0,70400,0.96875,0.9609379768371582,0.15113817155361176
14-07-1981,0.953125,0.0,1404800,0.9570310115814209,0.9570310115814209,0.15052370727062225
15-07-1981,0.953125,0.0,22400,0.953125,0.953125,0.14990946650505066
16-07-1981,0.953125,0.0,179200,0.9609379768371582,0.9609379768371582,0.15113817155361176
17-07-1981,0.953125,0.0,57600,0.9609379768371582,0.953125,0.14990946650505066
20-07-1981,0.9414060115814209,0.0,9600,0.9453129768371582,0.9414060115814209,0.1480662077665329
21-07-1981,0.9257810115814209,0.0,134400,0.9492189884185791,0.9375,0.14745189249515533
22-07-1981,0.9375,0.0,57600,0.9375,0.9375,0.14745189249515533
23-07-1981,0.9296879768371582,0.0,156800,0.9414060115814209,0.9296879768371582,0.14622321724891663
24-07-1981,0.921875,0.0,348800,0.9296879768371582,0.9296879768371582,0.14622321724891663
27-07-1981,0.9140629768371582,0.0,64000,0.921875,0.9140629768371582,0.1437656432390213
28-07-1981,0.890625,0.0,256000,0.9140629768371582,0.8984379768371582,0.14130815863609314
29-07-1981,0.8828129768371582,0.0,19200,0.8945310115814209,0.8828129768371582,0.1388506144285202
30-07-1981,0.8789060115814209,0.0,492800,0.90625,0.90625,0.14253681898117065
31-07-1981,0.9023439884185791,0.0,176000,0.9179689884185791,0.90625,0.14253681898117065
03-08-1981,0.90625,0.0,64000,0.90625,0.90625,0.14253681898117065
04-08-1981,0.90625,0.0,102400,0.921875,0.921875,0.14499448239803314
05-08-1981,0.9140629768371582,0.0,211200,0.9375,0.9296879768371582,0.14622321724891663
06-08-1981,0.921875,0.0,108800,0.9296879768371582,0.9296879768371582,0.14622321724891663
07-08-1981,0.9296879768371582,0.9296879768371582,0,0.9296879768371582,0.9296879768371582,0.14622321724891663
10-08-1981,0.9257810115814209,0.0,19200,0.9375,0.9375,0.14745189249515533
11-08-1981,0.9257810115814209,0.0,291200,0.9414060115814209,0.9335939884185791,0.14683760702610016
12-08-1981,0.9375,0.0,12800,0.9414060115814209,0.9375,0.14745189249515533
13-08-1981,0.9453129768371582,0.0,89600,0.9609379768371582,0.9609379768371582,0.15113817155361176
14-08-1981,0.9609379768371582,0.0,35200,0.9648439884185791,0.9648439884185791,0.15175262093544006
17-08-1981,0.9609379768371582,0.0,28800,0.9609379768371582,0.9609379768371582,0.15113817155361176
18-08-1981,0.9453129768371582,0.0,214400,0.9609379768371582,0.9453129768371582,0.14868082106113434
19-08-1981,0.9375,0.0,19200,0.9375,0.9375,0.14745189249515533
20-08-1981,0.9335939884185791,0.0,6400,0.9375,0.9335939884185791,0.14683760702610016
21-08-1981,0.9257810115814209,0.0,51200,0.9335939884185791,0.9257810115814209,0.14560866355895996
24-08-1981,0.9257810115814209,0.0,12800,0.9257810115814209,0.9257810115814209,0.14560866355895996
25-08-1981,0.921875,0.0,99200,0.9257810115814209,0.9257810115814209,0.14560866355895996
26-08-1981,0.921875,0.0,707200,0.921875,0.921875,0.14499448239803314
27-08-1981,0.921875,0.0,390400,0.921875,0.921875,0.14499448239803314
28-08-1981,0.9140629768371582,0.0,128000,0.921875,0.921875,0.14499448239803314
31-08-1981,0.90625,0.0,48000,0.90625,0.90625,0.14253681898117065
01-09-1981,0.90625,0.0,92800,0.9179689884185791,0.90625,0.14253681898117065
02-09-1981,0.90625,0.0,96000,0.9140629768371582,0.9140629768371582,0.1437656432390213
03-09-1981,0.9140629768371582,0.0,6400,0.9140629768371582,0.9140629768371582,0.1437656432390213
04-09-1981,0.9140629768371582,0.0,150400,0.921875,0.9179689884185791,0.14438004791736603
08-09-1981,0.90625,0.0,35200,0.9140629768371582,0.90625,0.14253681898117065
09-09-1981,0.90625,0.0,44800,0.9257810115814209,0.9257810115814209,0.14560866355895996
10-09-1981,0.9101560115814209,0.0,19200,0.9179689884185791,0.9101560115814209,0.1431512087583542
11-09-1981,0.9179689884185791,0.0,6400,0.9179689884185791,0.9179689884185791,0.14438004791736603
14-09-1981,0.9140629768371582,0.0,105600,0.9296879768371582,0.9140629768371582,0.1437656432390213
15-09-1981,0.9023439884185791,0.0,150400,0.9101560115814209,0.9101560115814209,0.1431512087583542
16-09-1981,0.9023439884185791,0.0,214400,0.90625,0.9023439884185791,0.1419224590063095
17-09-1981,0.8984379768371582,0.0,64000,0.9023439884185791,0.8984379768371582,0.14130815863609314
18-09-1981,0.875,0.0,435200,0.8984379768371582,0.875,0.13762179017066956
21-09-1981,0.875,0.0,96000,0.890625,0.8867189884185791,0.13946497440338135
22-09-1981,0.8789060115814209,0.0,19200,0.8867189884185791,0.8789060115814209,0.13823609054088593
23-09-1981,0.84375,0.0,124800,0.8789060115814209,0.84375,0.13270671665668488
24-09-1981,0.828125,0.0,512000,0.84375,0.84375,0.13270671665668488
25-09-1981,0.7890629768371582,0.0,147200,0.8359379768371582,0.8046879768371582,0.1265629380941391
28-09-1981,0.7890629768371582,0.0,51200,0.8125,0.8046879768371582,0.1265629380941391
29-09-1981,0.8125,0.0,460800,0.8671879768371582,0.859375,0.1351642608642578
30-09-1981,0.8515629768371582,0.0,22400,0.8554689884185791,0.8515629768371582,0.13393549621105194
01-10-1981,0.84375,0.0,22400,0.84375,0.84375,0.13270671665668488
02-10-1981,0.8398439884185791,0.0,326400,0.890625,0.8828129768371582,0.1388506144285202
05-10-1981,0.875,0.0,38400,0.875,0.875,0.13762179017066956
06-10-1981,0.8632810115814209,0.0,70400,0.8671879768371582,0.8632810115814209,0.13577863574028015
07-10-1981,0.8554689884185791,0.0,51200,0.8632810115814209,0.8554689884185791,0.13454987108707428
08-10-1981,0.859375,0.0,44800,0.8710939884185791,0.8710939884185791,0.1370074301958084
09-10-1981,0.8671879768371582,0.0,64000,0.8710939884185791,0.8671879768371582,0.13639310002326965
12-10-1981,0.8632810115814209,0.0,70400,0.875,0.8671879768371582,0.13639310002326965
13-10-1981,0.875,0.0,28800,0.8867189884185791,0.8867189884185791,0.13946497440338135
14-10-1981,0.875,0.0,70400,0.890625,0.875,0.13762179017066956
15-10-1981,0.8671879768371582,0.0,384000,0.890625,0.875,0.13762179017066956
16-10-1981,0.8828129768371582,0.0,28800,0.890625,0.890625,0.1400792896747589
19-10-1981,0.890625,0.0,28800,0.890625,0.890625,0.1400792896747589
20-10-1981,0.890625,0.890625,0,0.890625,0.890625,0.1400792896747589
21-10-1981,0.890625,0.0,6400,0.890625,0.890625,0.1400792896747589
22-10-1981,0.8867189884185791,0.0,96000,0.890625,0.8867189884185791,0.13946497440338135
23-10-1981,0.8828129768371582,0.0,28800,0.8828129768371582,0.8828129768371582,0.1388506144285202
26-10-1981,0.8789060115814209,0.0,92800,0.8867189884185791,0.8867189884185791,0.13946497440338135
27-10-1981,0.8867189884185791,0.8867189884185791,0,0.8867189884185791,0.8867189884185791,0.13946497440338135
28-10-1981,0.8710939884185791,0.0,19200,0.8828129768371582,0.8828129768371582,0.1388506144285202
29-10-1981,0.8789060115814209,0.0,3200,0.8789060115814209,0.8789060115814209,0.13823609054088593
30-10-1981,0.8671879768371582,0.0,54400,0.875,0.8671879768371582,0.13639310002326965
02-11-1981,0.875,0.0,80000,0.8828129768371582,0.875,0.13762179017066956
03-11-1981,0.8828129768371582,0.0,60800,0.9023439884185791,0.9023439884185791,0.1419224590063095
04-11-1981,0.8867189884185791,0.0,92800,0.8945310115814209,0.8867189884185791,0.13946497440338135
05-11-1981,0.8867189884185791,0.0,35200,0.9023439884185791,0.9023439884185791,0.1419224590063095
06-11-1981,0.890625,0.0,825600,0.9023439884185791,0.890625,0.1400792896747589
09-11-1981,0.8984379768371582,0.0,169600,0.90625,0.90625,0.14253681898117065
10-11-1981,0.8945310115814209,0.0,41600,0.9140629768371582,0.8945310115814209,0.14069369435310364
11-11-1981,0.90625,0.0,96000,0.90625,0.90625,0.14253681898117065
12-11-1981,0.90625,0.0,6400,0.90625,0.90625,0.14253681898117065
13-11-1981,0.8945310115814209,0.0,140800,0.90625,0.8945310115814209,0.14069369435310364
16-11-1981,0.8945310115814209,0.8945310115814209,0,0.8945310115814209,0.8945310115814209,0.14069369435310364
17-11-1981,0.890625,0.0,83200,0.890625,0.890625,0.1400792896747589
18-11-1981,0.890625,0.890625,0,0.890625,0.890625,0.1400792896747589
19-11-1981,0.8945310115814209,0.0,44800,0.9023439884185791,0.8945310115814209,0.14069369435310364
20-11-1981,0.8945310115814209,0.8945310115814209,0,0.8945310115814209,0.8945310115814209,0.14069369435310364
23-11-1981,0.8984379768371582,0.0,6400,0.9023439884185791,0.8984379768371582,0.14130815863609314
24-11-1981,0.8945310115814209,0.0,256000,0.9023439884185791,0.8945310115814209,0.14069369435310364
25-11-1981,0.9023439884185791,0.0,681600,0.9375,0.9375,0.14745189249515533
27-11-1981,0.90625,0.0,432000,0.9296879768371582,0.9140629768371582,0.1437656432390213
30-11-1981,0.90625,0.0,105600,0.921875,0.9140629768371582,0.1437656432390213
01-12-1981,0.90625,0.0,163200,0.9140629768371582,0.90625,0.14253681898117065
02-12-1981,0.9023439884185791,0.0,28800,0.9023439884185791,0.9023439884185791,0.1419224590063095
03-12-1981,0.9023439884185791,0.0,57600,0.9101560115814209,0.90625,0.14253681898117065
04-12-1981,0.90625,0.0,224000,0.9140629768371582,0.90625,0.14253681898117065
07-12-1981,0.90625,0.0,44800,0.9179689884185791,0.9101560115814209,0.1431512087583542
08-12-1981,0.9101560115814209,0.0,57600,0.9101560115814209,0.9101560115814209,0.1431512087583542
09-12-1981,0.8984379768371582,0.0,457600,0.9101560115814209,0.8984379768371582,0.14130815863609314
10-12-1981,0.8828129768371582,0.0,73600,0.890625,0.8828129768371582,0.1388506144285202
11-12-1981,0.875,0.0,96000,0.890625,0.890625,0.1400792896747589
14-12-1981,0.859375,0.0,51200,0.8828129768371582,0.859375,0.1351642608642578
15-12-1981,0.8476560115814209,0.0,1516800,0.8671879768371582,0.8515629768371582,0.13393549621105194
16-12-1981,0.8515629768371582,0.0,233600,0.859375,0.8515629768371582,0.13393549621105194
17-12-1981,0.859375,0.0,60800,0.8671879768371582,0.859375,0.1351642608642578
18-12-1981,0.8632810115814209,0.0,64000,0.8710939884185791,0.8710939884185791,0.1370074301958084
21-12-1981,0.875,0.0,89600,0.8867189884185791,0.875,0.13762179017066956
22-12-1981,0.859375,0.0,54400,0.8671879768371582,0.859375,0.1351642608642578
23-12-1981,0.859375,0.0,390400,0.859375,0.859375,0.1351642608642578
24-12-1981,0.859375,0.0,41600,0.8632810115814209,0.859375,0.1351642608642578
28-12-1981,0.859375,0.0,16000,0.859375,0.859375,0.1351642608642578
29-12-1981,0.8632810115814209,0.0,48000,0.8671879768371582,0.8671879768371582,0.13639310002326965
30-12-1981,0.8671879768371582,0.0,28800,0.8828129768371582,0.8671879768371582,0.13639310002326965
31-12-1981,0.875,0.0,160000,0.90625,0.90625,0.14253681898117065
04-01-1982,0.875,0.0,137600,0.8984379768371582,0.8984379768371582,0.14130815863609314
05-01-1982,0.8867189884185791,0.0,6400,0.890625,0.8867189884185791,0.13946497440338135
06-01-1982,0.8789060115814209,0.0,44800,0.8789060115814209,0.8789060115814209,0.13823609054088593
07-01-1982,0.8632810115814209,0.0,57600,0.875,0.8710939884185791,0.1370074301958084
08-01-1982,0.859375,0.0,259200,0.8632810115814209,0.859375,0.1351642608642578
11-01-1982,0.8632810115814209,0.0,9600,0.8671879768371582,0.8632810115814209,0.13577863574028015
12-01-1982,0.8632810115814209,0.0,137600,0.8710939884185791,0.8632810115814209,0.13577863574028015
13-01-1982,0.859375,0.0,38400,0.859375,0.859375,0.1351642608642578
14-01-1982,0.859375,0.0,80000,0.859375,0.859375,0.1351642608642578
15-01-1982,0.859375,0.0,665600,0.8671879768371582,0.859375,0.1351642608642578
18-01-1982,0.859375,0.0,89600,0.859375,0.859375,0.1351642608642578
19-01-1982,0.859375,0.0,144000,0.8710939884185791,0.8710939884185791,0.1370074301958084
20-01-1982,0.859375,0.0,185600,0.8632810115814209,0.859375,0.1351642608642578
21-01-1982,0.859375,0.0,32000,0.8632810115814209,0.859375,0.1351642608642578
22-01-1982,0.8515629768371582,0.0,304000,0.859375,0.8515629768371582,0.13393549621105194
25-01-1982,0.84375,0.0,70400,0.8515629768371582,0.84375,0.13270671665668488
26-01-1982,0.8359379768371582,0.0,646400,0.8515629768371582,0.8359379768371582,0.13147799670696259
27-01-1982,0.8164060115814209,0.0,73600,0.8320310115814209,0.8320310115814209,0.13086354732513428
28-01-1982,0.828125,0.0,320000,0.84375,0.8359379768371582,0.13147799670696259
29-01-1982,0.8359379768371582,0.0,89600,0.84375,0.8359379768371582,0.13147799670696259
01-02-1982,0.8359379768371582,0.0,70400,0.84375,0.8359379768371582,0.13147799670696259
02-02-1982,0.8359379768371582,0.0,22400,0.84375,0.8359379768371582,0.13147799670696259
03-02-1982,0.8359379768371582,0.0,73600,0.84375,0.8359379768371582,0.13147799670696259
04-02-1982,0.8359379768371582,0.0,12800,0.8359379768371582,0.8359379768371582,0.13147799670696259
05-02-1982,0.8359379768371582,0.0,6400,0.8359379768371582,0.8359379768371582,0.13147799670696259
08-02-1982,0.8359379768371582,0.0,67200,0.8359379768371582,0.8359379768371582,0.13147799670696259
09-02-1982,0.8320310115814209,0.0,32000,0.8359379768371582,0.8320310115814209,0.13086354732513428
10-02-1982,0.8320310115814209,0.0,108800,0.8359379768371582,0.8359379768371582,0.13147799670696259
11-02-1982,0.8320310115814209,0.0,41600,0.8359379768371582,0.8359379768371582,0.13147799670696259
12-02-1982,0.8242189884185791,0.0,214400,0.8359379768371582,0.8359379768371582,0.13147799670696259
16-02-1982,0.828125,0.0,19200,0.828125,0.828125,0.13024917244911194
17-02-1982,0.828125,0.0,227200,0.8359379768371582,0.828125,0.13024917244911194
18-02-1982,0.828125,0.0,3200,0.828125,0.828125,0.13024917244911194
19-02-1982,0.828125,0.0,76800,0.8359379768371582,0.8320310115814209,0.13086354732513428
22-02-1982,0.828125,0.0,278400,0.8359379768371582,0.8320310115814209,0.13086354732513428
23-02-1982,0.8125,0.0,124800,0.8320310115814209,0.8125,0.12779158353805542
24-02-1982,0.8085939884185791,0.0,99200,0.8203129768371582,0.8203129768371582,0.12902046740055084
25-02-1982,0.828125,0.0,9600,0.828125,0.828125,0.13024917244911194
26-02-1982,0.8242189884185791,0.0,19200,0.8320310115814209,0.8320310115814209,0.13086354732513428
01-03-1982,0.8164060115814209,0.0,89600,0.8320310115814209,0.8164060115814209,0.12840604782104492
02-03-1982,0.8242189884185791,0.0,48000,0.828125,0.828125,0.13024917244911194
03-03-1982,0.8242189884185791,0.0,64000,0.828125,0.828125,0.13024917244911194
04-03-1982,0.8359379768371582,0.0,54400,0.84375,0.8359379768371582,0.13147799670696259
05-03-1982,0.8125,0.0,208000,0.828125,0.8125,0.12779158353805542
08-03-1982,0.8164060115814209,0.0,25600,0.8242189884185791,0.8164060115814209,0.12840604782104492
09-03-1982,0.8125,0.0,412800,0.8125,0.8125,0.12779158353805542
10-03-1982,0.8125,0.0,32000,0.8125,0.8125,0.12779158353805542
11-03-1982,0.8125,0.0,64000,0.8203129768371582,0.8125,0.12779158353805542
12-03-1982,0.8046879768371582,0.0,614400,0.8125,0.8046879768371582,0.1265629380941391
15-03-1982,0.796875,0.0,60800,0.8046879768371582,0.796875,0.12533406913280487
16-03-1982,0.7929689884185791,0.0,131200,0.7929689884185791,0.7929689884185791,0.12471971660852432
17-03-1982,0.7890629768371582,0.0,12800,0.796875,0.7890629768371582,0.12410538643598557
18-03-1982,0.765625,0.0,76800,0.78125,0.7734379768371582,0.1216478943824768
19-03-1982,0.7734379768371582,0.0,208000,0.7734379768371582,0.7734379768371582,0.1216478943824768
22-03-1982,0.7734379768371582,0.0,6400,0.7734379768371582,0.7734379768371582,0.1216478943824768
23-03-1982,0.78125,0.0,704000,0.7929689884185791,0.78125,0.12287648767232895
24-03-1982,0.78125,0.0,51200,0.7890629768371582,0.7890629768371582,0.12410538643598557
25-03-1982,0.7890629768371582,0.0,6400,0.796875,0.796875,0.12533406913280487
26-03-1982,0.7929689884185791,0.0,99200,0.8046879768371582,0.8046879768371582,0.1265629380941391
29-03-1982,0.796875,0.0,41600,0.796875,0.796875,0.12533406913280487
30-03-1982,0.8007810115814209,0.0,304000,0.8164060115814209,0.8046879768371582,0.1265629380941391
31-03-1982,0.8125,0.0,32000,0.8164060115814209,0.8164060115814209,0.12840604782104492
01-04-1982,0.8085939884185791,0.0,99200,0.828125,0.828125,0.13024917244911194
02-04-1982,0.828125,0.0,22400,0.8320310115814209,0.8320310115814209,0.13086354732513428
05-04-1982,0.8242189884185791,0.0,38400,0.8359379768371582,0.8242189884185791,0.129634827375412
06-04-1982,0.8203129768371582,0.0,67200,0.8320310115814209,0.8242189884185791,0.129634827375412
07-04-1982,0.8125,0.0,28800,0.8164060115814209,0.8164060115814209,0.12840604782104492
08-04-1982,0.8164060115814209,0.0,147200,0.8164060115814209,0.8164060115814209,0.12840604782104492
12-04-1982,0.8085939884185791,0.0,80000,0.8164060115814209,0.8164060115814209,0.12840604782104492
13-04-1982,0.8125,0.0,176000,0.8164060115814209,0.8164060115814209,0.12840604782104492
14-04-1982,0.8046879768371582,0.0,41600,0.8203129768371582,0.8046879768371582,0.1265629380941391
15-04-1982,0.8085939884185791,0.0,505600,0.8203129768371582,0.8203129768371582,0.12902046740055084
16-04-1982,0.8046879768371582,0.0,508800,0.8125,0.8085939884185791,0.12717731297016144
19-04-1982,0.8085939884185791,0.0,89600,0.8125,0.8085939884185791,0.12717731297016144
20-04-1982,0.8046879768371582,0.0,67200,0.8125,0.8125,0.12779158353805542
21-04-1982,0.8085939884185791,0.0,92800,0.8125,0.8125,0.12779158353805542
22-04-1982,0.8085939884185791,0.0,99200,0.8125,0.8085939884185791,0.12717731297016144
23-04-1982,0.8085939884185791,0.0,406400,0.8125,0.8085939884185791,0.12717731297016144
26-04-1982,0.8164060115814209,0.0,67200,0.828125,0.828125,0.13024917244911194
27-04-1982,0.828125,0.0,931200,0.8359379768371582,0.828125,0.13024917244911194
28-04-1982,0.828125,0.0,227200,0.8359379768371582,0.828125,0.13024917244911194
29-04-1982,0.8320310115814209,0.0,12800,0.8398439884185791,0.8320310115814209,0.13086354732513428
30-04-1982,0.8203129768371582,0.0,89600,0.8359379768371582,0.8359379768371582,0.13147799670696259
03-05-1982,0.8359379768371582,0.0,112000,0.8515629768371582,0.8515629768371582,0.13393549621105194
04-05-1982,0.8554689884185791,0.0,144000,0.859375,0.8554689884185791,0.13454987108707428
05-05-1982,0.8554689884185791,0.0,233600,0.859375,0.859375,0.1351642608642578
06-05-1982,0.8515629768371582,0.0,160000,0.859375,0.8515629768371582,0.13393549621105194
07-05-1982,0.8515629768371582,0.0,108800,0.859375,0.8515629768371582,0.13393549621105194
10-05-1982,0.8476560115814209,0.0,1222400,0.8632810115814209,0.8515629768371582,0.13393549621105194
11-05-1982,0.859375,0.0,188800,0.875,0.875,0.13762179017066956
12-05-1982,0.8828129768371582,0.0,64000,0.90625,0.8984379768371582,0.14130815863609314
13-05-1982,0.890625,0.0,163200,0.890625,0.890625,0.1400792896747589
14-05-1982,0.890625,0.0,1017600,0.8984379768371582,0.890625,0.1400792896747589
17-05-1982,0.8828129768371582,0.0,80000,0.890625,0.8828129768371582,0.1388506144285202
18-05-1982,0.8867189884185791,0.0,217600,0.90625,0.9023439884185791,0.1419224590063095
19-05-1982,0.90625,0.0,252800,0.9335939884185791,0.921875,0.14499448239803314
20-05-1982,0.8828129768371582,0.0,99200,0.9140629768371582,0.8828129768371582,0.1388506144285202
21-05-1982,0.8671879768371582,0.0,332800,0.8828129768371582,0.875,0.13762179017066956
24-05-1982,0.875,0.0,6400,0.875,0.875,0.13762179017066956
25-05-1982,0.8828129768371582,0.0,140800,0.9023439884185791,0.9023439884185791,0.1419224590063095
26-05-1982,0.8945310115814209,0.0,54400,0.9023439884185791,0.9023439884185791,0.1419224590063095
27-05-1982,0.8945310115814209,0.0,28800,0.9023439884185791,0.8945310115814209,0.14069369435310364
28-05-1982,0.890625,0.0,128000,0.890625,0.890625,0.1400792896747589
01-06-1982,0.8828129768371582,0.0,188800,0.8984379768371582,0.8984379768371582,0.14130815863609314
02-06-1982,0.8945310115814209,0.0,1507200,0.9023439884185791,0.8945310115814209,0.14069369435310364
03-06-1982,0.890625,0.0,48000,0.8945310115814209,0.890625,0.1400792896747589
04-06-1982,0.890625,0.0,131200,0.8984379768371582,0.890625,0.1400792896747589
07-06-1982,0.890625,0.0,435200,0.8984379768371582,0.890625,0.1400792896747589
08-06-1982,0.890625,0.0,19200,0.890625,0.890625,0.1400792896747589
09-06-1982,0.890625,0.0,41600,0.890625,0.890625,0.1400792896747589
10-06-1982,0.890625,0.0,22400,0.890625,0.890625,0.1400792896747589
11-06-1982,0.890625,0.0,51200,0.890625,0.890625,0.1400792896747589
14-06-1982,0.8945310115814209,0.0,89600,0.9023439884185791,0.8945310115814209,0.14069369435310364
15-06-1982,0.8945310115814209,0.0,41600,0.9023439884185791,0.8945310115814209,0.14069369435310364
16-06-1982,0.8945310115814209,0.0,32000,0.9023439884185791,0.9023439884185791,0.1419224590063095
17-06-1982,0.8945310115814209,0.0,60800,0.9023439884185791,0.9023439884185791,0.1419224590063095
18-06-1982,0.8984379768371582,0.0,905600,0.8984379768371582,0.8984379768371582,0.14130815863609314
21-06-1982,0.8984379768371582,0.0,48000,0.90625,0.90625,0.14253681898117065
22-06-1982,0.9101560115814209,0.0,70400,0.921875,0.921875,0.14499448239803314
23-06-1982,0.9140629768371582,0.0,54400,0.9296879768371582,0.921875,0.14499448239803314
24-06-1982,0.9179689884185791,0.0,198400,0.9414060115814209,0.9414060115814209,0.1480662077665329
25-06-1982,0.9296879768371582,0.0,2022400,0.9375,0.9375,0.14745189249515533
28-06-1982,0.90625,0.0,131200,0.9296879768371582,0.90625,0.14253681898117065
29-06-1982,0.90625,0.0,16000,0.90625,0.90625,0.14253681898117065
30-06-1982,0.90625,0.0,1040000,0.9140629768371582,0.90625,0.14253681898117065
01-07-1982,0.8984379768371582,0.0,6400,0.8984379768371582,0.8984379768371582,0.14130815863609314
02-07-1982,0.8828129768371582,0.0,124800,0.8984379768371582,0.8828129768371582,0.1388506144285202
06-07-1982,0.859375,0.0,195200,0.875,0.859375,0.1351642608642578
07-07-1982,0.8515629768371582,0.0,1315200,0.8945310115814209,0.8945310115814209,0.14069369435310364
08-07-1982,0.890625,0.0,80000,0.9023439884185791,0.8984379768371582,0.14130815863609314
09-07-1982,0.8867189884185791,0.0,19200,0.890625,0.890625,0.1400792896747589
12-07-1982,0.8984379768371582,0.0,118400,0.90625,0.90625,0.14253681898117065
13-07-1982,0.90625,0.0,22400,0.9140629768371582,0.90625,0.14253681898117065
14-07-1982,0.8984379768371582,0.0,144000,0.90625,0.9023439884185791,0.1419224590063095
15-07-1982,0.890625,0.0,83200,0.90625,0.8984379768371582,0.14130815863609314
16-07-1982,0.8984379768371582,0.0,12800,0.9023439884185791,0.9023439884185791,0.1419224590063095
19-07-1982,0.890625,0.0,38400,0.9023439884185791,0.890625,0.1400792896747589
20-07-1982,0.890625,0.0,166400,0.890625,0.890625,0.1400792896747589
21-07-1982,0.890625,0.0,51200,0.8984379768371582,0.8984379768371582,0.14130815863609314
22-07-1982,0.8945310115814209,0.0,80000,0.8945310115814209,0.8945310115814209,0.14069369435310364
23-07-1982,0.8984379768371582,0.0,438400,0.9101560115814209,0.9101560115814209,0.1431512087583542
26-07-1982,0.8984379768371582,0.0,41600,0.90625,0.8984379768371582,0.14130815863609314
27-07-1982,0.890625,0.0,64000,0.8984379768371582,0.890625,0.1400792896747589
28-07-1982,0.875,0.0,32000,0.8828129768371582,0.875,0.13762179017066956
29-07-1982,0.875,0.0,355200,0.875,0.875,0.13762179017066956
30-07-1982,0.8632810115814209,0.0,19200,0.8632810115814209,0.8632810115814209,0.13577863574028015
02-08-1982,0.8671879768371582,0.0,121600,0.8789060115814209,0.8671879768371582,0.13639310002326965
03-08-1982,0.8671879768371582,0.0,44800,0.875,0.875,0.13762179017066956
04-08-1982,0.875,0.0,128000,0.875,0.875,0.13762179017066956
05-08-1982,0.8671879768371582,0.0,54400,0.875,0.875,0.13762179017066956
06-08-1982,0.875,0.0,118400,0.8828129768371582,0.8828129768371582,0.1388506144285202
09-08-1982,0.8789060115814209,0.0,89600,0.8828129768371582,0.8789060115814209,0.13823609054088593
10-08-1982,0.8828129768371582,0.0,32000,0.8828129768371582,0.8828129768371582,0.1388506144285202
11-08-1982,0.890625,0.0,140800,0.90625,0.90625,0.14253681898117065
12-08-1982,0.90625,0.0,323200,0.90625,0.90625,0.14253681898117065
13-08-1982,0.9023439884185791,0.0,6400,0.9023439884185791,0.9023439884185791,0.1419224590063095
16-08-1982,0.8945310115814209,0.0,518400,0.9023439884185791,0.9023439884185791,0.1419224590063095
17-08-1982,0.8945310115814209,0.0,140800,0.9023439884185791,0.9023439884185791,0.1419224590063095
18-08-1982,0.890625,0.0,473600,0.90625,0.90625,0.14253681898117065
19-08-1982,0.90625,0.0,76800,0.9140629768371582,0.90625,0.14253681898117065
20-08-1982,0.90625,0.0,121600,0.9179689884185791,0.90625,0.14253681898117065
23-08-1982,0.9140629768371582,0.0,76800,0.921875,0.921875,0.14499448239803314
24-08-1982,0.8984379768371582,0.0,387200,0.921875,0.8984379768371582,0.14130815863609314
25-08-1982,0.8984379768371582,0.0,476800,0.9140629768371582,0.9140629768371582,0.1437656432390213
26-08-1982,0.9140629768371582,0.0,316800,0.9296879768371582,0.9140629768371582,0.1437656432390213
27-08-1982,0.9140629768371582,0.0,35200,0.9257810115814209,0.9140629768371582,0.1437656432390213
30-08-1982,0.8984379768371582,0.0,508800,0.9140629768371582,0.90625,0.14253681898117065
31-08-1982,0.90625,0.0,1382400,0.9492189884185791,0.9492189884185791,0.1492951214313507
01-09-1982,0.9453129768371582,0.0,281600,0.9804689884185791,0.96875,0.15236687660217285
02-09-1982,0.9609379768371582,0.0,441600,0.9960939884185791,0.9882810115814209,0.1554388701915741
03-09-1982,0.9804689884185791,0.0,182400,0.9921879768371582,0.9882810115814209,0.1554388701915741
07-09-1982,0.9765629768371582,0.0,28800,0.9804689884185791,0.9804689884185791,0.1542101800441742
08-09-1982,0.9609379768371582,0.0,134400,0.9765629768371582,0.96875,0.15236687660217285
09-09-1982,0.9570310115814209,0.0,489600,0.9726560115814209,0.9570310115814209,0.15052370727062225
10-09-1982,0.953125,0.0,57600,0.9726560115814209,0.9726560115814209,0.15298137068748474
13-09-1982,0.9609379768371582,0.0,195200,0.9765629768371582,0.96875,0.15236687660217285
14-09-1982,0.96875,0.0,1523200,1.0234379768371582,1.0234379768371582,0.1609683483839035
15-09-1982,1.0,0.0,60800,1.015625,1.0,0.15728195011615753
16-09-1982,0.9921879768371582,0.0,64000,1.0,1.0,0.15728195011615753
17-09-1982,0.984375,0.0,1865600,1.0,0.984375,0.15482446551322937
20-09-1982,0.96875,0.0,192000,0.9726560115814209,0.96875,0.15236687660217285
21-09-1982,0.9609379768371582,0.0,6400,0.96875,0.96875,0.15236687660217285
22-09-1982,0.96875,0.0,201600,0.9921879768371582,0.984375,0.15482446551322937
23-09-1982,1.0078129768371582,0.0,713600,1.027343988418579,1.0078129768371582,0.15851084887981415
24-09-1982,1.0078129768371582,0.0,169600,1.0234379768371582,1.0234379768371582,0.1609683483839035
27-09-1982,1.019531011581421,0.0,57600,1.019531011581421,1.019531011581421,0.1603538691997528
28-09-1982,1.015625,0.0,480000,1.015625,1.015625,0.15973953902721405
29-09-1982,1.0078129768371582,0.0,147200,1.015625,1.0078129768371582,0.15851084887981415
30-09-1982,1.0078129768371582,0.0,57600,1.0078129768371582,1.0078129768371582,0.15851084887981415
01-10-1982,1.0078129768371582,0.0,486400,1.0078129768371582,1.0078129768371582,0.15851084887981415
04-10-1982,1.0078129768371582,0.0,131200,1.0234379768371582,1.019531011581421,0.1603538691997528
05-10-1982,1.015625,0.0,35200,1.0234379768371582,1.015625,0.15973953902721405
06-10-1982,1.0234379768371582,0.0,489600,1.074218988418579,1.074218988418579,0.16895537078380585
07-10-1982,1.078125,0.0,179200,1.0859379768371582,1.082031011581421,0.17018401622772217
08-10-1982,1.0859379768371582,0.0,323200,1.1015629768371582,1.1015629768371582,0.17325598001480103
11-10-1982,1.09375,0.0,608000,1.1171879768371582,1.1015629768371582,0.17325598001480103
12-10-1982,1.1015629768371582,0.0,160000,1.1171879768371582,1.1171879768371582,0.17571362853050232
13-10-1982,1.09375,0.0,726400,1.125,1.09375,0.17202724516391754
14-10-1982,1.0859379768371582,0.0,57600,1.09375,1.0859379768371582,0.17079846560955048
15-10-1982,1.042968988418579,0.0,252800,1.074218988418579,1.042968988418579,0.16404032707214355
18-10-1982,1.042968988418579,0.0,668800,1.074218988418579,1.074218988418579,0.16895537078380585
19-10-1982,1.0546879768371582,0.0,60800,1.074218988418579,1.0625,0.16711218655109406
20-10-1982,1.0390629768371582,0.0,108800,1.0625,1.0625,0.16711218655109406
21-10-1982,1.078125,0.0,835200,1.1328129768371582,1.105468988418579,0.17387047410011292
22-10-1982,1.113281011581421,0.0,163200,1.1484379768371582,1.1484379768371582,0.18062861263751984
25-10-1982,1.1171879768371582,0.0,118400,1.140625,1.1328129768371582,0.17817115783691406
26-10-1982,1.109375,0.0,252800,1.125,1.1171879768371582,0.17571362853050232
27-10-1982,1.1015629768371582,0.0,185600,1.140625,1.140625,0.17939972877502441
28-10-1982,1.1328129768371582,0.0,121600,1.15625,1.15625,0.18185725808143616
29-10-1982,1.125,0.0,163200,1.1484379768371582,1.1328129768371582,0.17817115783691406
01-11-1982,1.1015629768371582,0.0,422400,1.125,1.109375,0.17448481917381287
02-11-1982,1.109375,0.0,915200,1.1171879768371582,1.1171879768371582,0.17571362853050232
03-11-1982,1.15625,0.0,720000,1.1796879768371582,1.1796879768371582,0.18554359674453735
04-11-1982,1.171875,0.0,134400,1.1875,1.171875,0.18431487679481506
05-11-1982,1.171875,0.0,57600,1.203125,1.203125,0.189229816198349
08-11-1982,1.1875,0.0,275200,1.21875,1.1953129768371582,0.18800131976604462
09-11-1982,1.1875,0.0,288000,1.25,1.25,0.19660238921642303
10-11-1982,1.222656011581421,0.0,969600,1.2734379768371582,1.222656011581421,0.19230180978775024
11-11-1982,1.214843988418579,0.0,361600,1.222656011581421,1.21875,0.1916874200105667
12-11-1982,1.207031011581421,0.0,214400,1.21875,1.214843988418579,0.19107313454151154
15-11-1982,1.199218988418579,0.0,188800,1.21875,1.21875,0.1916874200105667
16-11-1982,1.171875,0.0,345600,1.1953129768371582,1.1953129768371582,0.18800131976604462
17-11-1982,1.1875,0.0,409600,1.21875,1.1875,0.18677234649658203
18-11-1982,1.191406011581421,0.0,281600,1.2109379768371582,1.199218988418579,0.1886155754327774
19-11-1982,1.1953129768371582,0.0,387200,1.2421879768371582,1.2265629768371582,0.19291622936725616
22-11-1982,1.2109379768371582,0.0,160000,1.234375,1.214843988418579,0.19107313454151154
23-11-1982,1.1953129768371582,0.0,73600,1.21875,1.1953129768371582,0.18800131976604462
24-11-1982,1.1875,0.0,32000,1.203125,1.1875,0.18677234649658203
26-11-1982,1.1875,0.0,83200,1.203125,1.1875,0.18677234649658203
29-11-1982,1.175781011581421,0.0,112000,1.1953129768371582,1.175781011581421,0.18492920696735382
30-11-1982,1.1796879768371582,0.0,80000,1.1875,1.1796879768371582,0.18554359674453735
01-12-1982,1.1875,0.0,118400,1.2265629768371582,1.2265629768371582,0.19291622936725616
02-12-1982,1.2265629768371582,0.0,48000,1.234375,1.2265629768371582,0.19291622936725616
03-12-1982,1.2421879768371582,0.0,470400,1.2578129768371582,1.2578129768371582,0.19783137738704681
06-12-1982,1.25,0.0,83200,1.265625,1.265625,0.19905999302864075
07-12-1982,1.296875,0.0,169600,1.328125,1.3125,0.20643259584903717
08-12-1982,1.300781011581421,0.0,374400,1.3203129768371582,1.3125,0.20643259584903717
09-12-1982,1.296875,0.0,144000,1.308593988418579,1.3046879768371582,0.20520395040512085
10-12-1982,1.296875,0.0,89600,1.3125,1.3125,0.20643259584903717
13-12-1982,1.3046879768371582,0.0,51200,1.308593988418579,1.308593988418579,0.205818310379982
14-12-1982,1.28125,0.0,393600,1.308593988418579,1.28125,0.20151758193969727
15-12-1982,1.25,0.0,128000,1.2734379768371582,1.25,0.19660238921642303
16-12-1982,1.25,0.0,64000,1.265625,1.25,0.19660238921642303
17-12-1982,1.238281011581421,0.0,115200,1.261718988418579,1.238281011581421,0.19475935399532318
20-12-1982,1.246093988418579,0.0,96000,1.2578129768371582,1.2578129768371582,0.19783137738704681
21-12-1982,1.246093988418579,0.0,73600,1.25,1.25,0.19660238921642303
22-12-1982,1.25,0.0,240000,1.265625,1.261718988418579,0.19844567775726318
23-12-1982,1.25,0.0,284800,1.265625,1.25,0.19660238921642303
27-12-1982,1.25,0.0,691200,1.2578129768371582,1.25,0.19660238921642303
28-12-1982,1.2265629768371582,0.0,320000,1.2421879768371582,1.2421879768371582,0.1953737586736679
29-12-1982,1.2109379768371582,0.0,396800,1.234375,1.2109379768371582,0.1904587745666504
30-12-1982,1.21875,0.0,89600,1.234375,1.234375,0.194145068526268
31-12-1982,1.234375,1.234375,0,1.234375,1.234375,0.194145068526268
03-01-1983,1.2109379768371582,0.0,851200,1.234375,1.2109379768371582,0.1904587745666504
04-01-1983,1.1875,0.0,230400,1.2109379768371582,1.1875,0.18677234649658203
05-01-1983,1.1953129768371582,0.0,204800,1.203125,1.1953129768371582,0.18800131976604462
06-01-1983,1.199218988418579,0.0,499200,1.2421879768371582,1.2421879768371582,0.1953737586736679
07-01-1983,1.2421879768371582,0.0,252800,1.265625,1.265625,0.19905999302864075
10-01-1983,1.265625,0.0,1116800,1.3125,1.3046879768371582,0.20520395040512085
11-01-1983,1.3046879768371582,0.0,211200,1.3125,1.3046879768371582,0.20520395040512085
12-01-1983,1.3203129768371582,0.0,265600,1.328125,1.328125,0.20889022946357727
13-01-1983,1.34375,0.0,275200,1.34375,1.34375,0.21134765446186066
14-01-1983,1.34375,0.0,886400,1.34375,1.34375,0.21134765446186066
17-01-1983,1.359375,0.0,1427200,1.363281011581421,1.359375,0.2138051837682724
18-01-1983,1.3515629768371582,0.0,1331200,1.359375,1.3515629768371582,0.2125764936208725
19-01-1983,1.34375,0.0,428800,1.3515629768371582,1.34375,0.21134765446186066
20-01-1983,1.3359379768371582,0.0,80000,1.3515629768371582,1.3359379768371582,0.21011893451213837
21-01-1983,1.3359379768371582,0.0,1168000,1.371093988418579,1.3515629768371582,0.2125764936208725
24-01-1983,1.2578129768371582,0.0,835200,1.3203129768371582,1.2578129768371582,0.19783137738704681
25-01-1983,1.21875,0.0,793600,1.265625,1.261718988418579,0.19844567775726318
26-01-1983,1.253906011581421,0.0,25600,1.2578129768371582,1.2578129768371582,0.19783137738704681
27-01-1983,1.234375,0.0,124800,1.246093988418579,1.2421879768371582,0.1953737586736679
28-01-1983,1.234375,0.0,1088000,1.25,1.25,0.19660238921642303
31-01-1983,1.2578129768371582,0.0,160000,1.296875,1.296875,0.20397517085075378
01-02-1983,1.3046879768371582,0.0,9600,1.3046879768371582,1.3046879768371582,0.20520395040512085
02-02-1983,1.2890629768371582,0.0,828800,1.3046879768371582,1.300781011581421,0.20458942651748657
03-02-1983,1.28125,0.0,249600,1.300781011581421,1.28125,0.20151758193969727
04-02-1983,1.28125,0.0,188800,1.2890629768371582,1.28125,0.20151758193969727
07-02-1983,1.2890629768371582,0.0,220800,1.3125,1.3046879768371582,0.20520395040512085
08-02-1983,1.300781011581421,0.0,291200,1.339843988418579,1.3359379768371582,0.21011893451213837
09-02-1983,1.3515629768371582,0.0,780800,1.371093988418579,1.355468988418579,0.21319082379341125
10-02-1983,1.3515629768371582,0.0,172800,1.390625,1.3828129768371582,0.21749165654182434
11-02-1983,1.3984379768371582,0.0,236800,1.421875,1.3984379768371582,0.21994920074939728
14-02-1983,1.390625,0.0,105600,1.40625,1.3984379768371582,0.21994920074939728
15-02-1983,1.390625,0.0,323200,1.3984379768371582,1.3984379768371582,0.21994920074939728
16-02-1983,1.3984379768371582,0.0,22400,1.40625,1.402343988418579,0.22056354582309723
17-02-1983,1.375,0.0,768000,1.4140629768371582,1.375,0.21626271307468414
18-02-1983,1.3671879768371582,0.0,400000,1.390625,1.390625,0.2187202423810959
22-02-1983,1.3828129768371582,0.0,80000,1.390625,1.3828129768371582,0.21749165654182434
23-02-1983,1.375,0.0,227200,1.3828129768371582,1.375,0.21626271307468414
24-02-1983,1.363281011581421,0.0,262400,1.3828129768371582,1.375,0.21626271307468414
25-02-1983,1.3671879768371582,0.0,336000,1.4140629768371582,1.3828129768371582,0.21749165654182434
28-02-1983,1.3515629768371582,0.0,204800,1.3671879768371582,1.359375,0.2138051837682724
01-03-1983,1.3515629768371582,0.0,112000,1.3671879768371582,1.3515629768371582,0.2125764936208725
02-03-1983,1.3203129768371582,0.0,92800,1.34375,1.3203129768371582,0.2076614797115326
03-03-1983,1.3125,0.0,57600,1.3203129768371582,1.3125,0.20643259584903717
04-03-1983,1.3046879768371582,0.0,67200,1.3125,1.3046879768371582,0.20520395040512085
07-03-1983,1.28125,0.0,115200,1.3125,1.3125,0.20643259584903717
08-03-1983,1.3125,0.0,281600,1.3359379768371582,1.3359379768371582,0.21011893451213837
09-03-1983,1.316406011581421,0.0,41600,1.328125,1.316406011581421,0.20704703032970428
10-03-1983,1.3125,0.0,25600,1.3125,1.3125,0.20643259584903717
11-03-1983,1.3046879768371582,0.0,48000,1.3125,1.3046879768371582,0.20520395040512085
14-03-1983,1.3125,0.0,35200,1.3203129768371582,1.3203129768371582,0.2076614797115326
15-03-1983,1.3203129768371582,0.0,83200,1.3359379768371582,1.3359379768371582,0.21011893451213837
16-03-1983,1.34375,0.0,92800,1.3671879768371582,1.3671879768371582,0.21503400802612305
17-03-1983,1.359375,0.0,3200,1.359375,1.359375,0.2138051837682724
18-03-1983,1.359375,0.0,105600,1.359375,1.359375,0.2138051837682724
21-03-1983,1.339843988418579,0.0,25600,1.3515629768371582,1.339843988418579,0.2107332944869995
22-03-1983,1.328125,0.0,76800,1.3515629768371582,1.328125,0.20889022946357727
23-03-1983,1.332031011581421,0.0,44800,1.34375,1.34375,0.21134765446186066
24-03-1983,1.332031011581421,0.0,28800,1.34375,1.34375,0.21134765446186066
25-03-1983,1.328125,0.0,51200,1.3359379768371582,1.3359379768371582,0.21011893451213837
28-03-1983,1.3359379768371582,0.0,41600,1.3359379768371582,1.3359379768371582,0.21011893451213837
29-03-1983,1.3046879768371582,0.0,144000,1.328125,1.3125,0.20643259584903717
30-03-1983,1.3125,0.0,86400,1.3203129768371582,1.3125,0.20643259584903717
31-03-1983,1.28125,0.0,342400,1.3046879768371582,1.28125,0.20151758193969727
04-04-1983,1.265625,0.0,57600,1.28125,1.28125,0.20151758193969727
05-04-1983,1.2890629768371582,0.0,38400,1.296875,1.296875,0.20397517085075378
06-04-1983,1.296875,0.0,246400,1.3125,1.296875,0.20397517085075378
07-04-1983,1.296875,0.0,25600,1.3046879768371582,1.296875,0.20397517085075378
08-04-1983,1.3046879768371582,0.0,48000,1.3125,1.3125,0.20643259584903717
11-04-1983,1.3046879768371582,0.0,19200,1.3125,1.3125,0.20643259584903717
12-04-1983,1.3046879768371582,0.0,60800,1.3125,1.3046879768371582,0.20520395040512085
13-04-1983,1.3046879768371582,0.0,19200,1.3125,1.3125,0.20643259584903717
14-04-1983,1.3046879768371582,0.0,208000,1.3203129768371582,1.316406011581421,0.20704703032970428
15-04-1983,1.3125,0.0,83200,1.3359379768371582,1.3359379768371582,0.21011893451213837
18-04-1983,1.34375,0.0,236800,1.359375,1.359375,0.2138051837682724
19-04-1983,1.3359379768371582,0.0,112000,1.359375,1.359375,0.2138051837682724
20-04-1983,1.359375,0.0,92800,1.375,1.3671879768371582,0.21503400802612305
21-04-1983,1.375,0.0,80000,1.3828129768371582,1.3828129768371582,0.21749165654182434
22-04-1983,1.375,0.0,54400,1.3828129768371582,1.3828129768371582,0.21749165654182434
25-04-1983,1.3828129768371582,0.0,102400,1.390625,1.3828129768371582,0.21749165654182434
26-04-1983,1.3671879768371582,0.0,92800,1.390625,1.390625,0.2187202423810959
27-04-1983,1.3828129768371582,0.0,64000,1.3984379768371582,1.3828129768371582,0.21749165654182434
28-04-1983,1.3671879768371582,0.0,83200,1.375,1.3671879768371582,0.21503400802612305
29-04-1983,1.34375,0.0,124800,1.3515629768371582,1.34375,0.21134765446186066
02-05-1983,1.3515629768371582,0.0,275200,1.390625,1.390625,0.2187202423810959
03-05-1983,1.375,0.0,67200,1.3828129768371582,1.375,0.21626271307468414
04-05-1983,1.3671879768371582,0.0,73600,1.3828129768371582,1.375,0.21626271307468414
05-05-1983,1.3671879768371582,0.0,25600,1.375,1.375,0.21626271307468414
06-05-1983,1.3671879768371582,0.0,1232000,1.3828129768371582,1.3671879768371582,0.21503400802612305
09-05-1983,1.375,0.0,76800,1.3984379768371582,1.3828129768371582,0.21749165654182434
10-05-1983,1.3828129768371582,0.0,115200,1.394531011581421,1.394531011581421,0.21933476626873016
11-05-1983,1.386718988418579,0.0,9600,1.386718988418579,1.386718988418579,0.21810594201087952
12-05-1983,1.375,0.0,35200,1.386718988418579,1.386718988418579,0.21810594201087952
13-05-1983,1.375,0.0,80000,1.3984379768371582,1.3828129768371582,0.21749165654182434
16-05-1983,1.390625,0.0,25600,1.40625,1.40625,0.221177875995636
17-05-1983,1.4140629768371582,0.0,92800,1.4296879768371582,1.4296879768371582,0.22486421465873718
18-05-1983,1.4375,0.0,230400,1.4765629768371582,1.46875,0.23100799322128296
19-05-1983,1.4765629768371582,0.0,99200,1.4921879768371582,1.4765629768371582,0.2322368174791336
20-05-1983,1.4609379768371582,0.0,150400,1.480468988418579,1.4609379768371582,0.2297792285680771
23-05-1983,1.4296879768371582,0.0,8553600,1.453125,1.4375,0.22609294950962067
24-05-1983,1.425781011581421,0.0,124800,1.4375,1.425781011581421,0.2242497056722641
25-05-1983,1.4296879768371582,0.0,76800,1.4375,1.4375,0.22609294950962067
26-05-1983,1.4453129768371582,0.0,92800,1.46875,1.4609379768371582,0.2297792285680771
27-05-1983,1.46875,0.0,19200,1.4765629768371582,1.4765629768371582,0.2322368174791336
31-05-1983,1.464843988418579,0.0,25600,1.464843988418579,1.464843988418579,0.23039363324642181
01-06-1983,1.464843988418579,0.0,12800,1.464843988418579,1.464843988418579,0.23039363324642181
02-06-1983,1.464843988418579,0.0,412800,1.5,1.4921879768371582,0.2346942126750946
03-06-1983,1.4921879768371582,1.4921879768371582,0,1.4921879768371582,1.4921879768371582,0.2346942126750946
06-06-1983,1.4921879768371582,0.0,3200,1.4921879768371582,1.4921879768371582,0.2346942126750946
07-06-1983,1.484375,0.0,89600,1.484375,1.484375,0.2334655076265335
08-06-1983,1.484375,0.0,499200,1.5,1.5,0.23592299222946167
09-06-1983,1.4921879768371582,0.0,201600,1.5234379768371582,1.5234379768371582,0.23960940539836884
10-06-1983,1.515625,0.0,60800,1.5390629768371582,1.5390629768371582,0.24206694960594177
13-06-1983,1.5625,0.0,1289600,1.5703129768371582,1.5703129768371582,0.24698199331760406
14-06-1983,1.558593988418579,0.0,428800,1.5703129768371582,1.558593988418579,0.24513886868953705
15-06-1983,1.546875,0.0,188800,1.574218988418579,1.566406011581421,0.24636736512184143
16-06-1983,1.574218988418579,0.0,131200,1.609375,1.609375,0.25312578678131104
17-06-1983,1.6171879768371582,0.0,483200,1.652343988418579,1.6171879768371582,0.2543546259403229
20-06-1983,1.6328129768371582,0.0,1340800,1.671875,1.6484379768371582,0.259269654750824
21-06-1983,1.6640629768371582,0.0,3590400,1.6875,1.671875,0.26295581459999084
22-06-1983,1.671875,0.0,617600,1.6953129768371582,1.671875,0.26295581459999084
23-06-1983,1.671875,0.0,563200,1.6875,1.6875,0.26541343331336975
24-06-1983,1.6875,0.0,64000,1.7109379768371582,1.7109379768371582,0.26909974217414856
27-06-1983,1.703125,0.0,176000,1.71875,1.71875,0.2703285217285156
28-06-1983,1.6875,0.0,380800,1.71875,1.6875,0.26541343331336975
29-06-1983,1.675781011581421,0.0,60800,1.6796879768371582,1.675781011581421,0.2635701596736908
30-06-1983,1.675781011581421,0.0,54400,1.683593988418579,1.683593988418579,0.26479896903038025
01-07-1983,1.6796879768371582,0.0,22400,1.6796879768371582,1.6796879768371582,0.2641848027706146
05-07-1983,1.6875,0.0,115200,1.703125,1.6953129768371582,0.26664218306541443
06-07-1983,1.683593988418579,0.0,89600,1.6953129768371582,1.6953129768371582,0.26664218306541443
07-07-1983,1.675781011581421,0.0,307200,1.7109379768371582,1.675781011581421,0.2635701596736908
08-07-1983,1.671875,0.0,99200,1.6875,1.671875,0.26295581459999084
11-07-1983,1.65625,0.0,147200,1.6796879768371582,1.6796879768371582,0.2641848027706146
12-07-1983,1.65625,0.0,230400,1.6875,1.65625,0.2604983448982239
13-07-1983,1.660156011581421,0.0,35200,1.667968988418579,1.660156011581421,0.26111268997192383
14-07-1983,1.671875,0.0,192000,1.671875,1.671875,0.26295581459999084
15-07-1983,1.6640629768371582,0.0,80000,1.671875,1.6640629768371582,0.26172730326652527
18-07-1983,1.65625,0.0,99200,1.6640629768371582,1.6640629768371582,0.26172730326652527
19-07-1983,1.6640629768371582,0.0,51200,1.671875,1.671875,0.26295581459999084
20-07-1983,1.65625,0.0,44800,1.6640629768371582,1.6640629768371582,0.26172730326652527
21-07-1983,1.671875,0.0,134400,1.6875,1.6875,0.26541343331336975
22-07-1983,1.6796879768371582,0.0,48000,1.6875,1.6875,0.26541343331336975
25-07-1983,1.6796879768371582,0.0,368000,1.691406011581421,1.691406011581421,0.26602765917778015
26-07-1983,1.703125,0.0,188800,1.7109379768371582,1.7109379768371582,0.26909974217414856
27-07-1983,1.7109379768371582,0.0,313600,1.71875,1.7109379768371582,0.26909974217414856
28-07-1983,1.703125,0.0,25600,1.707031011581421,1.703125,0.26787087321281433
29-07-1983,1.671875,0.0,419200,1.6875,1.671875,0.26295581459999084
01-08-1983,1.671875,0.0,400000,1.6875,1.6875,0.26541343331336975
02-08-1983,1.671875,0.0,384000,1.6796879768371582,1.671875,0.26295581459999084
03-08-1983,1.625,0.0,115200,1.65625,1.6328129768371582,0.25681212544441223
04-08-1983,1.6328129768371582,0.0,35200,1.636718988418579,1.636718988418579,0.25742658972740173
05-08-1983,1.628906011581421,0.0,57600,1.636718988418579,1.636718988418579,0.25742658972740173
08-08-1983,1.625,0.0,92800,1.6328129768371582,1.625,0.25558316707611084
09-08-1983,1.6328129768371582,0.0,1462400,1.65625,1.6484379768371582,0.259269654750824
10-08-1983,1.6171879768371582,0.0,508800,1.6484379768371582,1.6171879768371582,0.2543546259403229
11-08-1983,1.6171879768371582,0.0,144000,1.625,1.6171879768371582,0.2543546259403229
12-08-1983,1.59375,0.0,137600,1.6171879768371582,1.59375,0.25066813826560974
15-08-1983,1.6015629768371582,0.0,124800,1.6171879768371582,1.6171879768371582,0.2543546259403229
16-08-1983,1.609375,0.0,16000,1.6171879768371582,1.6171879768371582,0.2543546259403229
17-08-1983,1.613281011581421,0.0,67200,1.625,1.6171879768371582,0.2543546259403229
18-08-1983,1.621093988418579,0.0,80000,1.640625,1.640625,0.25804072618484497
19-08-1983,1.628906011581421,0.0,179200,1.65625,1.628906011581421,0.2561977505683899
22-08-1983,1.59375,0.0,246400,1.6328129768371582,1.6015629768371582,0.25189706683158875
23-08-1983,1.6015629768371582,0.0,220800,1.609375,1.6015629768371582,0.25189706683158875
24-08-1983,1.5625,0.0,160000,1.59375,1.5703129768371582,0.24698199331760406
25-08-1983,1.53125,0.0,281600,1.566406011581421,1.5390629768371582,0.24206694960594177
26-08-1983,1.5390629768371582,0.0,25600,1.546875,1.546875,0.2432955503463745
29-08-1983,1.546875,0.0,54400,1.5546879768371582,1.546875,0.2432955503463745
30-08-1983,1.546875,0.0,48000,1.546875,1.546875,0.2432955503463745
31-08-1983,1.53125,0.0,163200,1.5390629768371582,1.53125,0.24083811044692993
01-09-1983,1.5390629768371582,0.0,144000,1.546875,1.546875,0.2432955503463745
02-09-1983,1.546875,0.0,720000,1.5625,1.5625,0.2457529753446579
06-09-1983,1.5703129768371582,0.0,1420800,1.59375,1.5859379768371582,0.24943943321704865
07-09-1983,1.5859379768371582,0.0,1545600,1.6171879768371582,1.6171879768371582,0.2543546259403229
08-09-1983,1.609375,0.0,70400,1.6171879768371582,1.6171879768371582,0.2543546259403229
09-09-1983,1.5859379768371582,0.0,956800,1.6171879768371582,1.59375,0.25066813826560974
12-09-1983,1.59375,0.0,2489600,1.613281011581421,1.6015629768371582,0.25189706683158875
13-09-1983,1.5859379768371582,0.0,89600,1.6015629768371582,1.6015629768371582,0.25189706683158875
14-09-1983,1.6015629768371582,0.0,278400,1.6171879768371582,1.613281011581421,0.25374019145965576
15-09-1983,1.582031011581421,0.0,380800,1.609375,1.582031011581421,0.24882519245147705
16-09-1983,1.566406011581421,0.0,70400,1.574218988418579,1.566406011581421,0.24636736512184143
19-09-1983,1.5703129768371582,0.0,691200,1.6015629768371582,1.6015629768371582,0.25189706683158875
20-09-1983,1.589843988418579,0.0,435200,1.597656011581421,1.589843988418579,0.25005385279655457
21-09-1983,1.582031011581421,0.0,86400,1.59375,1.589843988418579,0.25005385279655457
22-09-1983,1.589843988418579,0.0,208000,1.589843988418579,1.589843988418579,0.25005385279655457
23-09-1983,1.5625,0.0,374400,1.5859379768371582,1.5625,0.2457529753446579
26-09-1983,1.5625,0.0,288000,1.5703129768371582,1.5703129768371582,0.24698199331760406
27-09-1983,1.5625,0.0,531200,1.578125,1.5703129768371582,0.24698199331760406
28-09-1983,1.546875,0.0,160000,1.5703129768371582,1.566406011581421,0.24636736512184143
29-09-1983,1.5390629768371582,0.0,345600,1.566406011581421,1.550781011581421,0.2439100295305252
30-09-1983,1.53125,0.0,697600,1.550781011581421,1.542968988418579,0.24268122017383575
03-10-1983,1.535156011581421,0.0,89600,1.558593988418579,1.558593988418579,0.24513886868953705
04-10-1983,1.566406011581421,0.0,169600,1.5703129768371582,1.5703129768371582,0.24698199331760406
05-10-1983,1.5625,0.0,92800,1.578125,1.578125,0.24821068346500397
06-10-1983,1.5859379768371582,0.0,768000,1.59375,1.589843988418579,0.25005385279655457
07-10-1983,1.582031011581421,0.0,339200,1.59375,1.589843988418579,0.25005385279655457
10-10-1983,1.5859379768371582,0.0,697600,1.589843988418579,1.5859379768371582,0.24943943321704865
11-10-1983,1.578125,0.0,281600,1.59375,1.578125,0.24821068346500397
12-10-1983,1.5703129768371582,0.0,115200,1.5859379768371582,1.5703129768371582,0.24698199331760406
13-10-1983,1.578125,0.0,28800,1.5859379768371582,1.578125,0.24821068346500397
14-10-1983,1.566406011581421,0.0,76800,1.582031011581421,1.566406011581421,0.24636736512184143
17-10-1983,1.5625,0.0,86400,1.574218988418579,1.5703129768371582,0.24698199331760406
18-10-1983,1.5625,0.0,192000,1.5703129768371582,1.5703129768371582,0.24698199331760406
19-10-1983,1.5703129768371582,0.0,716800,1.5859379768371582,1.582031011581421,0.24882519245147705
20-10-1983,1.578125,0.0,464000,1.6171879768371582,1.6171879768371582,0.2543546259403229
21-10-1983,1.625,0.0,345600,1.644531011581421,1.640625,0.25804072618484497
24-10-1983,1.625,0.0,179200,1.6328129768371582,1.6328129768371582,0.25681212544441223
25-10-1983,1.6171879768371582,0.0,112000,1.6328129768371582,1.6328129768371582,0.25681212544441223
26-10-1983,1.640625,0.0,425600,1.65625,1.65625,0.2604983448982239
27-10-1983,1.644531011581421,0.0,19200,1.652343988418579,1.644531011581421,0.2586551010608673
28-10-1983,1.6171879768371582,0.0,579200,1.652343988418579,1.625,0.25558316707611084
31-10-1983,1.6015629768371582,0.0,198400,1.625,1.6171879768371582,0.2543546259403229
01-11-1983,1.609375,0.0,249600,1.625,1.609375,0.25312578678131104
02-11-1983,1.6015629768371582,0.0,147200,1.6328129768371582,1.6328129768371582,0.25681212544441223
03-11-1983,1.621093988418579,0.0,3161600,1.652343988418579,1.621093988418579,0.2549688518047333
04-11-1983,1.613281011581421,0.0,35200,1.6328129768371582,1.6328129768371582,0.25681212544441223
07-11-1983,1.6171879768371582,0.0,204800,1.644531011581421,1.644531011581421,0.2586551010608673
08-11-1983,1.625,0.0,342400,1.6484379768371582,1.625,0.25558316707611084
09-11-1983,1.625,0.0,256000,1.6328129768371582,1.6328129768371582,0.25681212544441223
10-11-1983,1.6328129768371582,0.0,19200,1.640625,1.640625,0.25804072618484497
11-11-1983,1.6484379768371582,0.0,64000,1.6640629768371582,1.6640629768371582,0.26172730326652527
14-11-1983,1.6640629768371582,0.0,224000,1.6953129768371582,1.6953129768371582,0.26664218306541443
15-11-1983,1.707031011581421,0.0,1497600,1.734375,1.734375,0.27278605103492737
16-11-1983,1.7265629768371582,0.0,304000,1.7421879768371582,1.7421879768371582,0.2740148603916168
17-11-1983,1.75,0.0,832000,1.78125,1.765625,0.27770107984542847
18-11-1983,1.7734379768371582,0.0,48000,1.777343988418579,1.7734379768371582,0.2789299488067627
21-11-1983,1.785156011581421,0.0,118400,1.796875,1.785156011581421,0.280772864818573
22-11-1983,1.7890629768371582,0.0,275200,1.796875,1.7890629768371582,0.28138744831085205
23-11-1983,1.777343988418579,0.0,137600,1.792968988418579,1.792968988418579,0.2820018231868744
25-11-1983,1.792968988418579,0.0,32000,1.796875,1.792968988418579,0.2820018231868744
28-11-1983,1.785156011581421,0.0,124800,1.800781011581421,1.7890629768371582,0.28138744831085205
29-11-1983,1.7734379768371582,0.0,1344000,1.7890629768371582,1.78125,0.2801585793495178
30-11-1983,1.78125,0.0,435200,1.78125,1.78125,0.2801585793495178
01-12-1983,1.78125,0.0,115200,1.796875,1.796875,0.28261619806289673
02-12-1983,1.8046879768371582,0.0,38400,1.8125,1.8125,0.2850736379623413
05-12-1983,1.796875,0.0,214400,1.8125,1.796875,0.28261619806289673
06-12-1983,1.7890629768371582,0.0,28800,1.8046879768371582,1.7890629768371582,0.28138744831085205
07-12-1983,1.7890629768371582,0.0,6400,1.7890629768371582,1.7890629768371582,0.28138744831085205
08-12-1983,1.796875,0.0,92800,1.796875,1.796875,0.28261619806289673
09-12-1983,1.78125,0.0,553600,1.7890629768371582,1.78125,0.2801585793495178
12-12-1983,1.7734379768371582,0.0,64000,1.7890629768371582,1.78125,0.2801585793495178
13-12-1983,1.7578129768371582,0.0,73600,1.7734379768371582,1.7578129768371582,0.276472270488739
14-12-1983,1.75,0.0,16000,1.75,1.75,0.2752435803413391
15-12-1983,1.734375,0.0,76800,1.7421879768371582,1.734375,0.27278605103492737
16-12-1983,1.7265629768371582,0.0,3200,1.7265629768371582,1.7265629768371582,0.27155736088752747
19-12-1983,1.671875,0.0,528000,1.7109379768371582,1.671875,0.26295581459999084
20-12-1983,1.6796879768371582,0.0,416000,1.6953129768371582,1.6953129768371582,0.26664218306541443
21-12-1983,1.703125,0.0,400000,1.71875,1.7109379768371582,0.26909974217414856
22-12-1983,1.703125,0.0,320000,1.7109379768371582,1.7109379768371582,0.26909974217414856
23-12-1983,1.6953129768371582,0.0,38400,1.7109379768371582,1.6953129768371582,0.26664218306541443
27-12-1983,1.699218988418579,0.0,9600,1.699218988418579,1.699218988418579,0.2672565281391144
28-12-1983,1.667968988418579,0.0,150400,1.6953129768371582,1.667968988418579,0.26234152913093567
29-12-1983,1.675781011581421,0.0,227200,1.683593988418579,1.683593988418579,0.26479896903038025
30-12-1983,1.6796879768371582,0.0,326400,1.7109379768371582,1.707031011581421,0.26848503947257996
03-01-1984,1.71875,0.0,76800,1.7421879768371582,1.7421879768371582,0.2740148603916168
04-01-1984,1.7265629768371582,0.0,211200,1.7421879768371582,1.7265629768371582,0.27155736088752747
05-01-1984,1.734375,0.0,224000,1.75,1.7421879768371582,0.2740148603916168
06-01-1984,1.75,0.0,246400,1.765625,1.7578129768371582,0.276472270488739
09-01-1984,1.765625,0.0,41600,1.7734379768371582,1.765625,0.27770107984542847
10-01-1984,1.7734379768371582,0.0,492800,1.7890629768371582,1.7890629768371582,0.28138744831085205
11-01-1984,1.78125,0.0,150400,1.78125,1.78125,0.2801585793495178
12-01-1984,1.7890629768371582,0.0,281600,1.800781011581421,1.7890629768371582,0.28138744831085205
13-01-1984,1.8046879768371582,0.0,227200,1.8203129768371582,1.8125,0.2850736379623413
16-01-1984,1.8125,0.0,297600,1.8125,1.8125,0.2850736379623413
17-01-1984,1.8203129768371582,0.0,1008000,1.8359379768371582,1.8359379768371582,0.28876009583473206
18-01-1984,1.828125,0.0,1075200,1.8515629768371582,1.84375,0.2899889647960663
19-01-1984,1.78125,0.0,361600,1.832031011581421,1.78125,0.2801585793495178
20-01-1984,1.765625,0.0,252800,1.78125,1.765625,0.27770107984542847
23-01-1984,1.75,0.0,99200,1.765625,1.75,0.2752435803413391
24-01-1984,1.734375,0.0,48000,1.75,1.734375,0.27278605103492737
25-01-1984,1.71875,0.0,70400,1.734375,1.71875,0.2703285217285156
26-01-1984,1.71875,0.0,32000,1.7265629768371582,1.71875,0.2703285217285156
27-01-1984,1.65625,0.0,342400,1.703125,1.671875,0.26295581459999084
30-01-1984,1.6484379768371582,0.0,51200,1.6796879768371582,1.6484379768371582,0.259269654750824
31-01-1984,1.625,0.0,217600,1.644531011581421,1.640625,0.25804072618484497
01-02-1984,1.609375,0.0,432000,1.6484379768371582,1.6484379768371582,0.259269654750824
02-02-1984,1.65625,0.0,268800,1.65625,1.65625,0.2604983448982239
03-02-1984,1.6640629768371582,0.0,92800,1.6875,1.6640629768371582,0.26172730326652527
06-02-1984,1.640625,0.0,22400,1.65625,1.640625,0.25804072618484497
07-02-1984,1.605468988418579,0.0,57600,1.6328129768371582,1.605468988418579,0.25251147150993347
08-02-1984,1.5625,0.0,192000,1.597656011581421,1.5625,0.2457529753446579
09-02-1984,1.53125,0.0,124800,1.5546879768371582,1.5390629768371582,0.24206694960594177
10-02-1984,1.5390629768371582,0.0,441600,1.546875,1.5390629768371582,0.24206694960594177
13-02-1984,1.5390629768371582,0.0,144000,1.546875,1.546875,0.2432955503463745
14-02-1984,1.546875,0.0,57600,1.5546879768371582,1.550781011581421,0.2439100295305252
15-02-1984,1.5390629768371582,0.0,192000,1.546875,1.546875,0.2432955503463745
16-02-1984,1.5390629768371582,0.0,268800,1.5625,1.5625,0.2457529753446579
17-02-1984,1.5625,0.0,44800,1.578125,1.578125,0.24821068346500397
21-02-1984,1.5625,0.0,70400,1.59375,1.5625,0.2457529753446579
22-02-1984,1.5625,0.0,6400,1.5625,1.5625,0.2457529753446579
23-02-1984,1.5234379768371582,0.0,115200,1.5546879768371582,1.5390629768371582,0.24206694960594177
24-02-1984,1.5390629768371582,0.0,112000,1.5390629768371582,1.5390629768371582,0.24206694960594177
27-02-1984,1.5390629768371582,0.0,489600,1.5703129768371582,1.5703129768371582,0.24698199331760406
28-02-1984,1.5625,0.0,99200,1.578125,1.5703129768371582,0.24698199331760406
29-02-1984,1.5703129768371582,0.0,32000,1.582031011581421,1.582031011581421,0.24882519245147705
01-03-1984,1.582031011581421,1.582031011581421,0,1.582031011581421,1.582031011581421,0.24882519245147705
02-03-1984,1.589843988418579,0.0,70400,1.589843988418579,1.589843988418579,0.25005385279655457
05-03-1984,1.5703129768371582,0.0,227200,1.5859379768371582,1.578125,0.24821068346500397
06-03-1984,1.558593988418579,0.0,80000,1.5703129768371582,1.5703129768371582,0.24698199331760406
07-03-1984,1.550781011581421,0.0,35200,1.5703129768371582,1.558593988418579,0.24513886868953705
08-03-1984,1.558593988418579,1.558593988418579,0,1.558593988418579,1.558593988418579,0.24513886868953705
09-03-1984,1.542968988418579,0.0,57600,1.550781011581421,1.546875,0.2432955503463745
12-03-1984,1.5390629768371582,0.0,64000,1.5546879768371582,1.5390629768371582,0.24206694960594177
13-03-1984,1.4921879768371582,0.0,380800,1.5625,1.5,0.23592299222946167
14-03-1984,1.5078129768371582,0.0,28800,1.511718988418579,1.511718988418579,0.2377661168575287
15-03-1984,1.511718988418579,0.0,9600,1.519531011581421,1.519531011581421,0.23899489641189575
16-03-1984,1.53125,0.0,326400,1.582031011581421,1.582031011581421,0.24882519245147705
19-03-1984,1.5546879768371582,0.0,70400,1.5859379768371582,1.5546879768371582,0.24452447891235352
20-03-1984,1.5625,0.0,160000,1.5625,1.5625,0.2457529753446579
21-03-1984,1.546875,0.0,960000,1.5625,1.5546879768371582,0.24452447891235352
22-03-1984,1.546875,0.0,60800,1.5546879768371582,1.5546879768371582,0.24452447891235352
23-03-1984,1.546875,0.0,614400,1.5546879768371582,1.5546879768371582,0.24452447891235352
26-03-1984,1.550781011581421,0.0,16000,1.5625,1.550781011581421,0.2439100295305252
27-03-1984,1.5390629768371582,0.0,12800,1.542968988418579,1.5390629768371582,0.24206694960594177
28-03-1984,1.53125,0.0,76800,1.5390629768371582,1.5390629768371582,0.24206694960594177
29-03-1984,1.5390629768371582,0.0,22400,1.546875,1.5390629768371582,0.24206694960594177
30-03-1984,1.542968988418579,0.0,16000,1.550781011581421,1.550781011581421,0.2439100295305252
02-04-1984,1.550781011581421,0.0,19200,1.558593988418579,1.550781011581421,0.2439100295305252
03-04-1984,1.550781011581421,0.0,144000,1.550781011581421,1.550781011581421,0.2439100295305252
04-04-1984,1.546875,0.0,240000,1.558593988418579,1.558593988418579,0.24513886868953705
05-04-1984,1.5546879768371582,0.0,102400,1.5703129768371582,1.566406011581421,0.24636736512184143
06-04-1984,1.558593988418579,0.0,284800,1.566406011581421,1.558593988418579,0.24513886868953705
09-04-1984,1.5625,0.0,28800,1.5703129768371582,1.5625,0.2457529753446579
10-04-1984,1.5625,0.0,809600,1.5703129768371582,1.5625,0.2457529753446579
11-04-1984,1.5625,0.0,83200,1.5703129768371582,1.5625,0.2457529753446579
12-04-1984,1.546875,0.0,76800,1.5546879768371582,1.550781011581421,0.2439100295305252
13-04-1984,1.558593988418579,0.0,3200,1.558593988418579,1.558593988418579,0.24513886868953705
16-04-1984,1.5625,0.0,6400,1.5625,1.5625,0.2457529753446579
17-04-1984,1.5546879768371582,0.0,73600,1.574218988418579,1.5546879768371582,0.24452447891235352
18-04-1984,1.5625,0.0,83200,1.578125,1.578125,0.24821068346500397
19-04-1984,1.5546879768371582,0.0,60800,1.5703129768371582,1.5703129768371582,0.24698199331760406
23-04-1984,1.566406011581421,0.0,16000,1.574218988418579,1.566406011581421,0.24636736512184143
24-04-1984,1.566406011581421,0.0,54400,1.582031011581421,1.566406011581421,0.24636736512184143
25-04-1984,1.550781011581421,0.0,256000,1.5625,1.5546879768371582,0.24452447891235352
26-04-1984,1.5625,0.0,233600,1.578125,1.578125,0.24821068346500397
27-04-1984,1.578125,0.0,32000,1.5859379768371582,1.578125,0.24821068346500397
30-04-1984,1.574218988418579,0.0,35200,1.578125,1.574218988418579,0.24759629368782043
01-05-1984,1.5703129768371582,0.0,163200,1.5859379768371582,1.578125,0.24821068346500397
02-05-1984,1.5546879768371582,0.0,355200,1.5703129768371582,1.5625,0.2457529753446579
03-05-1984,1.5546879768371582,0.0,224000,1.5625,1.5625,0.2457529753446579
04-05-1984,1.5625,0.0,70400,1.5703129768371582,1.5625,0.2457529753446579
07-05-1984,1.550781011581421,0.0,19200,1.5546879768371582,1.550781011581421,0.2439100295305252
08-05-1984,1.5546879768371582,0.0,403200,1.578125,1.5703129768371582,0.24698199331760406
09-05-1984,1.546875,0.0,1670400,1.546875,1.546875,0.2432955503463745
10-05-1984,1.53125,0.0,230400,1.535156011581421,1.53125,0.24083811044692993
11-05-1984,1.53125,0.0,64000,1.53125,1.53125,0.24083811044692993
14-05-1984,1.496093988418579,0.0,966400,1.53125,1.496093988418579,0.23530878126621246
15-05-1984,1.4765629768371582,0.0,201600,1.5,1.4765629768371582,0.2322368174791336
16-05-1984,1.4609379768371582,0.0,204800,1.484375,1.46875,0.23100799322128296
17-05-1984,1.4609379768371582,0.0,291200,1.4765629768371582,1.472656011581421,0.23162221908569336
18-05-1984,1.4609379768371582,0.0,6400,1.4609379768371582,1.4609379768371582,0.2297792285680771
21-05-1984,1.4296879768371582,0.0,249600,1.4609379768371582,1.4296879768371582,0.22486421465873718
22-05-1984,1.4296879768371582,0.0,163200,1.433593988418579,1.4296879768371582,0.22486421465873718
23-05-1984,1.421875,0.0,347200,1.4375,1.4296879768371582,0.22486421465873718
24-05-1984,1.40625,0.0,28800,1.4296879768371582,1.40625,0.221177875995636
25-05-1984,1.390625,0.0,225600,1.421875,1.390625,0.2187202423810959
29-05-1984,1.40625,0.0,193600,1.421875,1.421875,0.22363528609275818
30-05-1984,1.40625,0.0,22400,1.4375,1.40625,0.221177875995636
31-05-1984,1.40625,0.0,113600,1.484375,1.484375,0.2334655076265335
01-06-1984,1.484375,0.0,99200,1.515625,1.515625,0.23838047683238983
04-06-1984,1.5,0.0,188800,1.515625,1.5,0.23592299222946167
05-06-1984,1.46875,0.0,297600,1.484375,1.484375,0.2334655076265335
06-06-1984,1.46875,0.0,118400,1.484375,1.484375,0.2334655076265335
07-06-1984,1.4765629768371582,0.0,60800,1.484375,1.484375,0.2334655076265335
08-06-1984,1.46875,0.0,57600,1.484375,1.484375,0.2334655076265335
11-06-1984,1.5,0.0,163200,1.515625,1.515625,0.23838047683238983
12-06-1984,1.4921879768371582,0.0,136000,1.515625,1.515625,0.23838047683238983
13-06-1984,1.5,0.0,32000,1.5078129768371582,1.5,0.23592299222946167
14-06-1984,1.46875,0.0,41600,1.4921879768371582,1.46875,0.23100799322128296
15-06-1984,1.4296879768371582,0.0,78400,1.453125,1.4296879768371582,0.22486421465873718
18-06-1984,1.40625,0.0,240000,1.4140629768371582,1.40625,0.221177875995636
19-06-1984,1.421875,0.0,8000,1.4375,1.4375,0.22609294950962067
20-06-1984,1.4375,0.0,4800,1.453125,1.4375,0.22609294950962067
21-06-1984,1.4375,0.0,336000,1.4375,1.4375,0.22609294950962067
22-06-1984,1.4375,0.0,70400,1.4453129768371582,1.4375,0.22609294950962067
25-06-1984,1.4375,0.0,12800,1.4453129768371582,1.4453129768371582,0.22732166945934296
26-06-1984,1.4453129768371582,0.0,267200,1.46875,1.46875,0.23100799322128296
27-06-1984,1.4453129768371582,0.0,28800,1.4609379768371582,1.4453129768371582,0.22732166945934296
28-06-1984,1.453125,0.0,476800,1.484375,1.484375,0.2334655076265335
29-06-1984,1.5,0.0,3200,1.5,1.5,0.23592299222946167
02-07-1984,1.484375,0.0,20800,1.5,1.484375,0.2334655076265335
03-07-1984,1.4765629768371582,0.0,3200,1.4765629768371582,1.4765629768371582,0.2322368174791336
05-07-1984,1.4453129768371582,0.0,46400,1.4609379768371582,1.4609379768371582,0.2297792285680771
06-07-1984,1.453125,0.0,97600,1.4609379768371582,1.4609379768371582,0.2297792285680771
09-07-1984,1.421875,0.0,89600,1.4453129768371582,1.4296879768371582,0.22486421465873718
10-07-1984,1.390625,0.0,417600,1.4296879768371582,1.390625,0.2187202423810959
11-07-1984,1.375,0.0,745600,1.40625,1.375,0.21626271307468414
12-07-1984,1.328125,0.0,307200,1.3984379768371582,1.3984379768371582,0.21994920074939728
13-07-1984,1.3984379768371582,0.0,36800,1.40625,1.40625,0.221177875995636
16-07-1984,1.40625,0.0,782400,1.4296879768371582,1.4296879768371582,0.22486421465873718
17-07-1984,1.40625,0.0,110400,1.4765629768371582,1.4765629768371582,0.2322368174791336
18-07-1984,1.4375,0.0,646400,1.453125,1.4453129768371582,0.22732166945934296
19-07-1984,1.4375,0.0,84800,1.46875,1.46875,0.23100799322128296
20-07-1984,1.46875,0.0,30400,1.4921879768371582,1.46875,0.23100799322128296
23-07-1984,1.46875,0.0,70400,1.484375,1.46875,0.23100799322128296
24-07-1984,1.46875,0.0,89600,1.5,1.46875,0.23100799322128296
25-07-1984,1.453125,0.0,115200,1.46875,1.46875,0.23100799322128296
26-07-1984,1.484375,0.0,24000,1.5,1.5,0.23592299222946167
27-07-1984,1.5,0.0,41600,1.515625,1.5,0.23592299222946167
30-07-1984,1.453125,0.0,169600,1.5,1.453125,0.22855031490325928
31-07-1984,1.4375,0.0,104000,1.4375,1.4375,0.22609294950962067
01-08-1984,1.4375,0.0,184000,1.46875,1.46875,0.23100799322128296
02-08-1984,1.453125,0.0,252800,1.5,1.484375,0.2334655076265335
03-08-1984,1.46875,0.0,539200,1.578125,1.578125,0.24821068346500397
06-08-1984,1.578125,0.0,2484800,1.6015629768371582,1.578125,0.24821068346500397
07-08-1984,1.5859379768371582,0.0,190400,1.6953129768371582,1.6953129768371582,0.26664218306541443
08-08-1984,1.625,0.0,99200,1.71875,1.625,0.25558316707611084
09-08-1984,1.609375,0.0,214400,1.671875,1.671875,0.26295581459999084
10-08-1984,1.703125,0.0,1080000,1.765625,1.765625,0.27770107984542847
13-08-1984,1.75,0.0,169600,1.765625,1.765625,0.27770107984542847
14-08-1984,1.734375,0.0,235200,1.78125,1.765625,0.27770107984542847
15-08-1984,1.7265629768371582,0.0,252800,1.75,1.734375,0.27278605103492737
16-08-1984,1.6953129768371582,0.0,96000,1.734375,1.6953129768371582,0.26664218306541443
17-08-1984,1.7109379768371582,0.0,17600,1.71875,1.71875,0.2703285217285156
20-08-1984,1.71875,0.0,104000,1.734375,1.71875,0.2703285217285156
21-08-1984,1.71875,0.0,73600,1.7578129768371582,1.734375,0.27278605103492737
22-08-1984,1.765625,0.0,35200,1.765625,1.765625,0.27770107984542847
23-08-1984,1.75,0.0,33600,1.78125,1.75,0.2752435803413391
24-08-1984,1.75,0.0,97600,1.765625,1.7578129768371582,0.276472270488739
27-08-1984,1.7265629768371582,0.0,150400,1.75,1.734375,0.27278605103492737
28-08-1984,1.71875,0.0,84800,1.734375,1.7265629768371582,0.27155736088752747
29-08-1984,1.7421879768371582,0.0,110400,1.75,1.75,0.2752435803413391
30-08-1984,1.7265629768371582,0.0,73600,1.734375,1.7265629768371582,0.27155736088752747
31-08-1984,1.7421879768371582,0.0,33600,1.765625,1.75,0.2752435803413391
04-09-1984,1.7265629768371582,0.0,75200,1.75,1.7265629768371582,0.27155736088752747
05-09-1984,1.7265629768371582,0.0,14400,1.7265629768371582,1.7265629768371582,0.27155736088752747
06-09-1984,1.734375,0.0,75200,1.75,1.75,0.2752435803413391
07-09-1984,1.7734379768371582,0.0,169600,1.7890629768371582,1.78125,0.2801585793495178
10-09-1984,1.78125,0.0,187200,1.796875,1.796875,0.28261619806289673
11-09-1984,1.78125,0.0,588800,1.8125,1.796875,0.28261619806289673
12-09-1984,1.78125,0.0,75200,1.7890629768371582,1.78125,0.2801585793495178
13-09-1984,1.765625,0.0,179200,1.7890629768371582,1.7890629768371582,0.28138744831085205
14-09-1984,1.796875,0.0,648000,1.8671879768371582,1.8515629768371582,0.2912174463272095
17-09-1984,1.828125,0.0,204800,1.84375,1.828125,0.28753116726875305
18-09-1984,1.8203129768371582,0.0,195200,1.84375,1.8203129768371582,0.2863025665283203
19-09-1984,1.796875,0.0,382400,1.8125,1.8125,0.2850736379623413
20-09-1984,1.796875,0.0,134400,1.8046879768371582,1.8046879768371582,0.283844918012619
21-09-1984,1.75,0.0,164800,1.796875,1.78125,0.2801585793495178
24-09-1984,1.765625,0.0,110400,1.7890629768371582,1.7890629768371582,0.28138744831085205
25-09-1984,1.78125,0.0,169600,1.796875,1.796875,0.28261619806289673
26-09-1984,1.75,0.0,28800,1.78125,1.75,0.2752435803413391
27-09-1984,1.765625,0.0,38400,1.765625,1.765625,0.27770107984542847
28-09-1984,1.75,0.0,136000,1.765625,1.75,0.2752435803413391
01-10-1984,1.71875,0.0,83200,1.734375,1.71875,0.2703285217285156
02-10-1984,1.71875,0.0,249600,1.734375,1.7265629768371582,0.27155736088752747
03-10-1984,1.734375,0.0,48000,1.75,1.75,0.2752435803413391
04-10-1984,1.71875,0.0,120000,1.75,1.71875,0.2703285217285156
05-10-1984,1.6875,0.0,201600,1.71875,1.6875,0.26541343331336975
08-10-1984,1.671875,0.0,83200,1.6875,1.671875,0.26295581459999084
09-10-1984,1.625,0.0,25600,1.65625,1.625,0.25558316707611084
10-10-1984,1.625,0.0,643200,1.640625,1.625,0.25558316707611084
11-10-1984,1.625,0.0,192000,1.625,1.625,0.25558316707611084
12-10-1984,1.625,0.0,43200,1.65625,1.65625,0.2604983448982239
15-10-1984,1.671875,0.0,553600,1.703125,1.703125,0.26787087321281433
16-10-1984,1.71875,0.0,483200,1.765625,1.765625,0.27770107984542847
17-10-1984,1.71875,0.0,59200,1.75,1.71875,0.2703285217285156
18-10-1984,1.6875,0.0,3208000,1.71875,1.6953129768371582,0.26664218306541443
19-10-1984,1.71875,0.0,366400,1.734375,1.7265629768371582,0.27155736088752747
22-10-1984,1.7265629768371582,0.0,81600,1.75,1.734375,0.27278605103492737
23-10-1984,1.75,0.0,593600,1.7890629768371582,1.7890629768371582,0.28138744831085205
24-10-1984,1.7578129768371582,0.0,433600,1.796875,1.765625,0.27770107984542847
25-10-1984,1.71875,0.0,222400,1.78125,1.71875,0.2703285217285156
26-10-1984,1.7265629768371582,0.0,131200,1.75,1.7265629768371582,0.27155736088752747
29-10-1984,1.7421879768371582,0.0,156800,1.78125,1.7734379768371582,0.2789299488067627
30-10-1984,1.7578129768371582,0.0,201600,1.8125,1.8125,0.2850736379623413
31-10-1984,1.796875,0.0,62400,1.796875,1.796875,0.28261619806289673
01-11-1984,1.765625,0.0,172800,1.78125,1.765625,0.27770107984542847
02-11-1984,1.765625,0.0,123200,1.8046879768371582,1.8046879768371582,0.283844918012619
05-11-1984,1.78125,0.0,41600,1.8046879768371582,1.78125,0.2801585793495178
06-11-1984,1.75,0.0,361600,1.8125,1.8046879768371582,0.283844918012619
07-11-1984,1.8125,0.0,246400,1.8359379768371582,1.8125,0.2850736379623413
08-11-1984,1.78125,0.0,385600,1.8125,1.78125,0.2801585793495178
09-11-1984,1.78125,0.0,92800,1.84375,1.8359379768371582,0.28876009583473206
12-11-1984,1.796875,0.0,30400,1.828125,1.8046879768371582,0.283844918012619
13-11-1984,1.75,0.0,276800,1.8046879768371582,1.75,0.2752435803413391
14-11-1984,1.75,0.0,440000,1.78125,1.75,0.2752435803413391
15-11-1984,1.734375,0.0,83200,1.765625,1.75,0.2752435803413391
16-11-1984,1.703125,0.0,65600,1.734375,1.7265629768371582,0.27155736088752747
19-11-1984,1.703125,0.0,75200,1.734375,1.7109379768371582,0.26909974217414856
20-11-1984,1.703125,0.0,100800,1.734375,1.734375,0.27278605103492737
21-11-1984,1.703125,0.0,216000,1.7421879768371582,1.71875,0.2703285217285156
23-11-1984,1.71875,0.0,172800,1.7265629768371582,1.71875,0.2703285217285156
26-11-1984,1.71875,0.0,14400,1.734375,1.71875,0.2703285217285156
27-11-1984,1.703125,0.0,70400,1.71875,1.703125,0.26787087321281433
28-11-1984,1.703125,0.0,33600,1.734375,1.734375,0.27278605103492737
29-11-1984,1.6875,0.0,208000,1.734375,1.6875,0.26541343331336975
30-11-1984,1.671875,0.0,46400,1.6796879768371582,1.671875,0.26295581459999084
03-12-1984,1.671875,0.0,46400,1.6796879768371582,1.671875,0.26295581459999084
04-12-1984,1.6953129768371582,0.0,62400,1.734375,1.71875,0.2703285217285156
05-12-1984,1.703125,0.0,400000,1.734375,1.734375,0.27278605103492737
06-12-1984,1.71875,0.0,609600,1.7421879768371582,1.734375,0.27278605103492737
07-12-1984,1.71875,0.0,833600,1.7890629768371582,1.78125,0.2801585793495178
10-12-1984,1.734375,0.0,459200,1.7734379768371582,1.734375,0.27278605103492737
11-12-1984,1.71875,0.0,67200,1.765625,1.71875,0.2703285217285156
12-12-1984,1.703125,0.0,131200,1.734375,1.71875,0.2703285217285156
13-12-1984,1.734375,0.0,57600,1.7578129768371582,1.7578129768371582,0.276472270488739
14-12-1984,1.7265629768371582,0.0,27200,1.75,1.7421879768371582,0.2740148603916168
17-12-1984,1.734375,0.0,779200,1.7578129768371582,1.7421879768371582,0.2740148603916168
18-12-1984,1.7421879768371582,0.0,364800,1.765625,1.7421879768371582,0.2740148603916168
19-12-1984,1.78125,0.0,430400,1.796875,1.796875,0.28261619806289673
20-12-1984,1.765625,0.0,321600,1.8125,1.796875,0.28261619806289673
21-12-1984,1.7734379768371582,0.0,192000,1.796875,1.7890629768371582,0.28138744831085205
24-12-1984,1.7890629768371582,0.0,36800,1.8046879768371582,1.7890629768371582,0.28138744831085205
26-12-1984,1.78125,0.0,33600,1.8046879768371582,1.78125,0.2801585793495178
27-12-1984,1.7109379768371582,0.0,83200,1.765625,1.71875,0.2703285217285156
28-12-1984,1.7109379768371582,0.0,116800,1.75,1.734375,0.27278605103492737
31-12-1984,1.703125,0.0,126400,1.765625,1.765625,0.27770107984542847
02-01-1985,1.7578129768371582,0.0,124800,1.78125,1.765625,0.27770107984542847
03-01-1985,1.71875,0.0,219200,1.765625,1.71875,0.2703285217285156
04-01-1985,1.7421879768371582,0.0,462400,1.75,1.75,0.2752435803413391
07-01-1985,1.734375,0.0,68800,1.75,1.75,0.2752435803413391
08-01-1985,1.734375,0.0,200000,1.796875,1.765625,0.27770107984542847
09-01-1985,1.7734379768371582,0.0,73600,1.796875,1.78125,0.2801585793495178
10-01-1985,1.7890629768371582,0.0,260800,1.875,1.875,0.29490378499031067
11-01-1985,1.859375,0.0,395200,1.890625,1.890625,0.29736146330833435
14-01-1985,1.875,0.0,534400,1.90625,1.8984379768371582,0.2985902428627014
15-01-1985,1.8828129768371582,0.0,328000,1.921875,1.921875,0.3022763133049011
16-01-1985,1.921875,0.0,465600,2.0,1.953125,0.3071914315223694
17-01-1985,1.9609379768371582,0.0,462400,2.015625,2.0,0.31456390023231506
18-01-1985,1.984375,0.0,473600,2.046875,1.984375,0.3121063709259033
21-01-1985,1.96875,0.0,142400,2.015625,2.015625,0.3170214295387268
22-01-1985,2.03125,0.0,112000,2.0625,2.0625,0.3243942856788635
23-01-1985,2.070312976837158,0.0,1432000,2.125,2.125,0.3342243731021881
24-01-1985,2.117187976837158,0.0,220800,2.15625,2.148437976837158,0.3379107415676117
25-01-1985,2.109375,0.0,473600,2.15625,2.132812976837158,0.33545318245887756
28-01-1985,2.125,0.0,145600,2.148437976837158,2.148437976837158,0.3379107415676117
29-01-1985,2.132812976837158,0.0,516800,2.171875,2.171875,0.341596782207489
30-01-1985,2.1875,0.0,492800,2.25,2.21875,0.34896963834762573
31-01-1985,2.195312976837158,0.0,566400,2.21875,2.210937976837158,0.34774094820022583
01-02-1985,2.15625,0.0,542400,2.203125,2.15625,0.33913931250572205
04-02-1985,2.15625,0.0,89600,2.234375,2.203125,0.3465117812156677
05-02-1985,2.195312976837158,0.0,32000,2.203125,2.203125,0.3465117812156677
06-02-1985,2.195312976837158,0.0,284800,2.21875,2.203125,0.3465117812156677
07-02-1985,2.171875,0.0,25600,2.21875,2.203125,0.3465117812156677
08-02-1985,2.171875,0.0,395200,2.1875,2.179687976837158,0.34282562136650085
11-02-1985,2.15625,0.0,249600,2.1875,2.15625,0.33913931250572205
12-02-1985,2.109375,0.0,64000,2.15625,2.109375,0.3317667245864868
13-02-1985,2.046875,0.0,232000,2.109375,2.109375,0.3317667245864868
14-02-1985,2.09375,0.0,542400,2.125,2.109375,0.3317667245864868
15-02-1985,2.109375,0.0,433600,2.140625,2.140625,0.3366817831993103
19-02-1985,2.140625,0.0,451200,2.171875,2.15625,0.33913931250572205
20-02-1985,2.125,0.0,552000,2.164062976837158,2.164062976837158,0.34036821126937866
21-02-1985,2.109375,0.0,88000,2.148437976837158,2.125,0.3342243731021881
22-02-1985,2.125,0.0,508800,2.15625,2.15625,0.33913931250572205
25-02-1985,2.109375,0.0,80000,2.15625,2.109375,0.3317667245864868
26-02-1985,2.109375,0.0,1136000,2.164062976837158,2.164062976837158,0.34036821126937866
27-02-1985,2.1875,0.0,516800,2.234375,2.234375,0.35142698884010315
28-02-1985,2.234375,0.0,468800,2.265625,2.25,0.35388436913490295
01-03-1985,2.234375,0.0,262400,2.25,2.234375,0.35142698884010315
04-03-1985,2.21875,0.0,172800,2.234375,2.21875,0.34896963834762573
05-03-1985,2.195312976837158,0.0,38400,2.210937976837158,2.195312976837158,0.3452830910682678
06-03-1985,2.1875,0.0,126400,2.210937976837158,2.195312976837158,0.3452830910682678
07-03-1985,2.179687976837158,0.0,163200,2.1875,2.1875,0.3440544903278351
08-03-1985,2.125,0.0,76800,2.1875,2.125,0.3342243731021881
11-03-1985,2.125,0.0,78400,2.140625,2.140625,0.3366817831993103
12-03-1985,2.140625,0.0,104000,2.148437976837158,2.140625,0.3366817831993103
13-03-1985,2.140625,0.0,334400,2.164062976837158,2.140625,0.3366817831993103
14-03-1985,2.125,0.0,1142400,2.148437976837158,2.125,0.3342243731021881
15-03-1985,2.046875,0.0,548800,2.117187976837158,2.046875,0.32193660736083984
18-03-1985,1.9921879768371582,0.0,206400,2.054687976837158,1.9921879768371582,0.3133353590965271
19-03-1985,1.9375,0.0,912000,1.9921879768371582,1.96875,0.30964893102645874
20-03-1985,2.0,0.0,252800,2.09375,2.0625,0.3243942856788635
21-03-1985,2.046875,0.0,294400,2.085937976837158,2.0625,0.3243942856788635
22-03-1985,2.0625,0.0,196800,2.070312976837158,2.070312976837158,0.325623095035553
25-03-1985,2.046875,0.0,78400,2.0625,2.046875,0.32193660736083984
26-03-1985,2.039062976837158,0.0,80000,2.0625,2.0625,0.3243942856788635
27-03-1985,2.046875,0.0,196800,2.09375,2.09375,0.329309344291687
28-03-1985,2.078125,0.0,364800,2.140625,2.140625,0.3366817831993103
29-03-1985,2.125,0.0,201600,2.140625,2.132812976837158,0.33545318245887756
01-04-1985,2.125,0.0,40000,2.140625,2.132812976837158,0.33545318245887756
02-04-1985,2.125,0.0,104000,2.148437976837158,2.125,0.3342243731021881
03-04-1985,2.117187976837158,0.0,78400,2.140625,2.125,0.3342243731021881
04-04-1985,2.117187976837158,0.0,22400,2.117187976837158,2.117187976837158,0.3329956531524658
08-04-1985,2.117187976837158,0.0,97600,2.15625,2.148437976837158,0.3379107415676117
09-04-1985,2.117187976837158,0.0,132800,2.125,2.117187976837158,0.3329956531524658
10-04-1985,2.078125,0.0,433600,2.109375,2.078125,0.32685181498527527
11-04-1985,2.09375,0.0,196800,2.140625,2.125,0.3342243731021881
12-04-1985,2.125,0.0,384000,2.140625,2.125,0.3342243731021881
15-04-1985,2.109375,0.0,200000,2.148437976837158,2.125,0.3342243731021881
16-04-1985,2.125,0.0,216000,2.164062976837158,2.164062976837158,0.34036821126937866
17-04-1985,2.171875,0.0,187200,2.1875,2.171875,0.341596782207489
18-04-1985,2.171875,0.0,56000,2.1875,2.171875,0.341596782207489
19-04-1985,2.140625,0.0,240000,2.171875,2.140625,0.3366817831993103
22-04-1985,2.109375,0.0,152000,2.125,2.125,0.3342243731021881
23-04-1985,2.0625,0.0,702400,2.15625,2.0625,0.3243942856788635
24-04-1985,2.03125,0.0,355200,2.0625,2.03125,0.3194790780544281
25-04-1985,2.015625,0.0,412800,2.046875,2.03125,0.3194790780544281
26-04-1985,2.03125,0.0,483200,2.046875,2.046875,0.32193660736083984
29-04-1985,2.03125,0.0,188800,2.054687976837158,2.046875,0.32193660736083984
30-04-1985,2.015625,0.0,464000,2.054687976837158,2.03125,0.3194790780544281
01-05-1985,2.007812976837158,0.0,75200,2.015625,2.007812976837158,0.3157927989959717
02-05-1985,1.984375,0.0,102400,2.015625,1.984375,0.3121063709259033
03-05-1985,1.953125,0.0,35200,1.96875,1.96875,0.30964893102645874
06-05-1985,1.984375,0.0,35200,1.9921879768371582,1.9921879768371582,0.3133353590965271
07-05-1985,1.984375,0.0,49600,1.9921879768371582,1.9921879768371582,0.3133353590965271
08-05-1985,1.953125,0.0,372800,2.03125,2.03125,0.3194790780544281
09-05-1985,2.015625,0.0,30400,2.03125,2.015625,0.3170214295387268
10-05-1985,1.984375,0.0,160000,2.015625,1.984375,0.3121063709259033
13-05-1985,1.953125,0.0,129600,1.9921879768371582,1.9921879768371582,0.3133353590965271
14-05-1985,1.96875,0.0,932800,1.9921879768371582,1.96875,0.30964893102645874
15-05-1985,1.984375,0.0,24000,1.984375,1.984375,0.3121063709259033
16-05-1985,1.984375,0.0,324800,2.015625,2.0,0.31456390023231506
17-05-1985,1.96875,0.0,166400,2.015625,1.96875,0.30964893102645874
20-05-1985,2.0,0.0,286400,2.078125,2.078125,0.32685181498527527
21-05-1985,2.03125,0.0,62400,2.0625,2.03125,0.3194790780544281
22-05-1985,2.015625,0.0,123200,2.046875,2.015625,0.3170214295387268
23-05-1985,2.015625,0.0,412800,2.023437976837158,2.015625,0.3170214295387268
24-05-1985,2.015625,0.0,747200,2.0625,2.0625,0.3243942856788635
28-05-1985,2.078125,0.0,184000,2.109375,2.09375,0.329309344291687
29-05-1985,2.09375,0.0,52800,2.109375,2.109375,0.3317667245864868
30-05-1985,2.09375,0.0,892800,2.15625,2.109375,0.3317667245864868
31-05-1985,2.085937976837158,0.0,54400,2.109375,2.09375,0.329309344291687
03-06-1985,2.109375,0.0,217600,2.117187976837158,2.109375,0.3317667245864868
04-06-1985,2.085937976837158,0.0,64000,2.109375,2.09375,0.329309344291687
05-06-1985,2.117187976837158,0.0,96000,2.125,2.125,0.3342243731021881
06-06-1985,2.109375,0.0,208000,2.140625,2.125,0.3342243731021881
07-06-1985,2.140625,0.0,308800,2.21875,2.21875,0.34896963834762573
10-06-1985,2.1875,0.0,651200,2.210937976837158,2.1875,0.3440544903278351
11-06-1985,2.140625,0.0,105600,2.1875,2.15625,0.33913931250572205
12-06-1985,2.125,0.0,137600,2.164062976837158,2.140625,0.3366817831993103
13-06-1985,2.132812976837158,0.0,46400,2.15625,2.132812976837158,0.33545318245887756
14-06-1985,2.125,0.0,116800,2.148437976837158,2.132812976837158,0.33545318245887756
17-06-1985,2.101562976837158,0.0,284800,2.125,2.101562976837158,0.33053824305534363
18-06-1985,2.039062976837158,0.0,88000,2.085937976837158,2.039062976837158,0.3207080066204071
19-06-1985,2.039062976837158,0.0,83200,2.054687976837158,2.039062976837158,0.3207080066204071
20-06-1985,2.0,0.0,126400,2.015625,2.015625,0.3170214295387268
21-06-1985,1.9375,0.0,448000,2.0,1.9375,0.3047337532043457
24-06-1985,1.921875,0.0,792000,1.9921879768371582,1.9921879768371582,0.3133353590965271
25-06-1985,1.984375,0.0,256000,2.0,2.0,0.31456390023231506
26-06-1985,1.984375,0.0,59200,2.0,2.0,0.31456390023231506
27-06-1985,2.0,0.0,382400,2.023437976837158,2.023437976837158,0.3182503879070282
28-06-1985,1.984375,0.0,334400,2.046875,2.0,0.31456390023231506
01-07-1985,2.0,0.0,28800,2.015625,2.015625,0.3170214295387268
02-07-1985,2.023437976837158,0.0,264000,2.03125,2.023437976837158,0.3182503879070282
03-07-1985,2.023437976837158,0.0,300800,2.0625,2.0625,0.3243942856788635
05-07-1985,2.078125,0.0,449600,2.117187976837158,2.109375,0.3317667245864868
08-07-1985,2.078125,0.0,46400,2.109375,2.09375,0.329309344291687
09-07-1985,2.078125,0.0,20800,2.085937976837158,2.085937976837158,0.3280806541442871
10-07-1985,2.085937976837158,0.0,132800,2.085937976837158,2.085937976837158,0.3280806541442871
11-07-1985,2.039062976837158,0.0,395200,2.078125,2.054687976837158,0.3231654167175293
12-07-1985,2.039062976837158,0.0,104000,2.054687976837158,2.054687976837158,0.3231654167175293
15-07-1985,2.023437976837158,0.0,641600,2.070312976837158,2.03125,0.3194790780544281
16-07-1985,1.9765629768371582,0.0,1534400,2.015625,2.0,0.31456390023231506
17-07-1985,2.0,0.0,601600,2.03125,2.015625,0.3170214295387268
18-07-1985,2.03125,0.0,342400,2.054687976837158,2.039062976837158,0.3207080066204071
19-07-1985,2.0,0.0,228800,2.046875,2.0,0.31456390023231506
22-07-1985,1.9375,0.0,288000,1.96875,1.953125,0.3071914315223694
23-07-1985,1.90625,0.0,142400,1.96875,1.90625,0.2998189330101013
24-07-1985,1.8984379768371582,0.0,788800,1.9765629768371582,1.9765629768371582,0.3108777403831482
25-07-1985,1.9765629768371582,0.0,425600,2.03125,2.03125,0.3194790780544281
26-07-1985,2.03125,0.0,550400,2.09375,2.085937976837158,0.3280806541442871
29-07-1985,2.0625,0.0,713600,2.078125,2.0625,0.3243942856788635
30-07-1985,2.054687976837158,0.0,204800,2.0625,2.054687976837158,0.3231654167175293
31-07-1985,2.046875,0.0,592000,2.046875,2.046875,0.32193660736083984
01-08-1985,2.039062976837158,0.0,27200,2.054687976837158,2.039062976837158,0.3207080066204071
02-08-1985,2.03125,0.0,225600,2.078125,2.078125,0.32685181498527527
05-08-1985,2.0625,0.0,206400,2.109375,2.078125,0.32685181498527527
06-08-1985,2.0,0.0,206400,2.0625,2.0,0.31456390023231506
07-08-1985,1.984375,0.0,88000,2.0,1.9921879768371582,0.3133353590965271
08-08-1985,2.0,0.0,116800,2.039062976837158,2.039062976837158,0.3207080066204071
09-08-1985,2.007812976837158,0.0,121600,2.03125,2.007812976837158,0.3157927989959717
12-08-1985,1.96875,0.0,304000,2.0,1.9921879768371582,0.3133353590965271
13-08-1985,1.984375,0.0,292800,2.0,1.984375,0.3121063709259033
14-08-1985,1.9921879768371582,0.0,164800,2.0,2.0,0.31456390023231506
15-08-1985,2.007812976837158,0.0,204800,2.03125,2.023437976837158,0.3182503879070282
16-08-1985,1.9921879768371582,0.0,452800,2.03125,1.9921879768371582,0.3133353590965271
19-08-1985,1.984375,0.0,97600,2.0,1.9921879768371582,0.3133353590965271
20-08-1985,1.9375,0.0,198400,1.9765629768371582,1.9375,0.3047337532043457
21-08-1985,1.9375,0.0,304000,1.984375,1.96875,0.30964893102645874
22-08-1985,1.9609379768371582,0.0,190400,1.96875,1.9609379768371582,0.3084203600883484
23-08-1985,1.9453129768371582,0.0,88000,1.96875,1.96875,0.30964893102645874
26-08-1985,1.921875,0.0,150400,1.953125,1.9296879768371582,0.3035052418708801
27-08-1985,1.921875,0.0,209600,1.953125,1.921875,0.3022763133049011
28-08-1985,1.9375,0.0,265600,1.96875,1.96875,0.30964893102645874
29-08-1985,1.96875,0.0,56000,1.984375,1.96875,0.30964893102645874
30-08-1985,1.90625,0.0,264000,1.953125,1.90625,0.2998189330101013
03-09-1985,1.859375,0.0,238400,1.921875,1.875,0.29490378499031067
04-09-1985,1.828125,0.0,457600,1.875,1.828125,0.28753116726875305
05-09-1985,1.71875,0.0,680000,1.8125,1.78125,0.2801585793495178
06-09-1985,1.796875,0.0,451200,1.8515629768371582,1.8515629768371582,0.2912174463272095
09-09-1985,1.859375,0.0,316800,1.9140629768371582,1.9140629768371582,0.30104756355285645
10-09-1985,1.84375,0.0,553600,1.9140629768371582,1.84375,0.2899889647960663
11-09-1985,1.8203129768371582,0.0,144000,1.84375,1.8203129768371582,0.2863025665283203
12-09-1985,1.8203129768371582,0.0,94400,1.8671879768371582,1.8671879768371582,0.2936752140522003
13-09-1985,1.828125,0.0,139200,1.8671879768371582,1.8359379768371582,0.28876009583473206
16-09-1985,1.8125,0.0,105600,1.8359379768371582,1.8125,0.2850736379623413
17-09-1985,1.78125,0.0,62400,1.8125,1.796875,0.28261619806289673
18-09-1985,1.75,0.0,1849600,1.796875,1.796875,0.28261619806289673
19-09-1985,1.796875,0.0,376000,1.84375,1.84375,0.2899889647960663
20-09-1985,1.828125,0.0,248000,1.8671879768371582,1.828125,0.28753116726875305
23-09-1985,1.8125,0.0,348800,1.875,1.84375,0.2899889647960663
24-09-1985,1.8515629768371582,0.0,475200,1.875,1.859375,0.29244640469551086
25-09-1985,1.84375,0.0,128000,1.84375,1.84375,0.2899889647960663
26-09-1985,1.796875,0.0,372800,1.84375,1.84375,0.2899889647960663
30-09-1985,1.796875,0.0,107200,1.828125,1.8203129768371582,0.2863025665283203
01-10-1985,1.765625,0.0,772800,1.828125,1.765625,0.27770107984542847
02-10-1985,1.7734379768371582,0.0,291200,1.8125,1.796875,0.28261619806289673
03-10-1985,1.78125,0.0,340800,1.8125,1.8046879768371582,0.283844918012619
04-10-1985,1.796875,0.0,41600,1.8125,1.796875,0.28261619806289673
07-10-1985,1.78125,0.0,152000,1.8046879768371582,1.8046879768371582,0.283844918012619
08-10-1985,1.75,0.0,315200,1.796875,1.75,0.2752435803413391
09-10-1985,1.7421879768371582,0.0,638400,1.75,1.75,0.2752435803413391
10-10-1985,1.71875,0.0,120000,1.7421879768371582,1.71875,0.2703285217285156
11-10-1985,1.703125,0.0,368000,1.71875,1.703125,0.26787087321281433
14-10-1985,1.703125,0.0,1179200,1.7265629768371582,1.703125,0.26787087321281433
15-10-1985,1.71875,0.0,1110400,1.7421879768371582,1.734375,0.27278605103492737
16-10-1985,1.71875,0.0,70400,1.75,1.75,0.2752435803413391
17-10-1985,1.765625,0.0,446400,1.8125,1.8125,0.2850736379623413
18-10-1985,1.8203129768371582,0.0,83200,1.84375,1.84375,0.2899889647960663
21-10-1985,1.84375,0.0,147200,1.859375,1.859375,0.29244640469551086
22-10-1985,1.875,0.0,148800,1.8984379768371582,1.875,0.29490378499031067
23-10-1985,1.859375,0.0,249600,1.875,1.859375,0.29244640469551086
24-10-1985,1.828125,0.0,54400,1.875,1.828125,0.28753116726875305
25-10-1985,1.828125,0.0,11200,1.84375,1.84375,0.2899889647960663
28-10-1985,1.78125,0.0,320000,1.84375,1.796875,0.28261619806289673
29-10-1985,1.78125,0.0,113600,1.8125,1.78125,0.2801585793495178
30-10-1985,1.796875,0.0,440000,1.8125,1.796875,0.28261619806289673
31-10-1985,1.78125,0.0,102400,1.8125,1.8125,0.2850736379623413
01-11-1985,1.796875,0.0,307200,1.8125,1.796875,0.28261619806289673
04-11-1985,1.7734379768371582,0.0,217600,1.796875,1.796875,0.28261619806289673
05-11-1985,1.796875,0.0,1024000,1.84375,1.84375,0.2899889647960663
06-11-1985,1.796875,0.0,190400,1.828125,1.796875,0.28261619806289673
07-11-1985,1.796875,0.0,187200,1.8203129768371582,1.8046879768371582,0.283844918012619
08-11-1985,1.78125,0.0,864000,1.875,1.875,0.29490378499031067
11-11-1985,1.8515629768371582,0.0,107200,1.890625,1.859375,0.29244640469551086
12-11-1985,1.8671879768371582,0.0,710400,1.9375,1.90625,0.2998189330101013
13-11-1985,1.875,0.0,321600,1.90625,1.875,0.29490378499031067
14-11-1985,1.859375,0.0,483200,1.890625,1.890625,0.29736146330833435
15-11-1985,1.875,0.0,70400,1.890625,1.890625,0.29736146330833435
18-11-1985,1.859375,0.0,412800,1.8984379768371582,1.875,0.29490378499031067
19-11-1985,1.875,0.0,1081600,1.9140629768371582,1.9140629768371582,0.30104756355285645
20-11-1985,1.9140629768371582,0.0,324800,1.984375,1.9609379768371582,0.3084203600883484
21-11-1985,1.9453129768371582,0.0,492800,1.96875,1.96875,0.30964893102645874
22-11-1985,1.953125,0.0,200000,2.0,1.984375,0.3121063709259033
25-11-1985,2.0,0.0,184000,2.046875,2.046875,0.32193660736083984
26-11-1985,2.023437976837158,0.0,300800,2.046875,2.023437976837158,0.3182503879070282
27-11-1985,1.9765629768371582,0.0,209600,2.023437976837158,1.9765629768371582,0.3108777403831482
29-11-1985,1.9609379768371582,0.0,203200,2.0,1.96875,0.30964893102645874
02-12-1985,1.921875,0.0,73600,1.984375,1.9375,0.3047337532043457
03-12-1985,1.921875,0.0,444800,1.9765629768371582,1.9765629768371582,0.3108777403831482
04-12-1985,1.9765629768371582,0.0,499200,2.015625,2.015625,0.3170214295387268
05-12-1985,2.0,0.0,940800,2.078125,2.0625,0.3243942856788635
06-12-1985,2.0625,0.0,235200,2.078125,2.070312976837158,0.325623095035553
09-12-1985,2.03125,0.0,291200,2.0625,2.046875,0.32193660736083984
10-12-1985,2.03125,0.0,1132800,2.0625,2.054687976837158,0.3231654167175293
11-12-1985,2.070312976837158,0.0,212800,2.140625,2.125,0.3342243731021881
12-12-1985,2.046875,0.0,251200,2.140625,2.0625,0.3243942856788635
13-12-1985,2.078125,0.0,100800,2.09375,2.078125,0.32685181498527527
16-12-1985,2.0625,0.0,377600,2.109375,2.09375,0.329309344291687
17-12-1985,2.078125,0.0,131200,2.117187976837158,2.109375,0.3317667245864868
18-12-1985,2.09375,0.0,406400,2.109375,2.101562976837158,0.33053824305534363
19-12-1985,2.109375,0.0,248000,2.140625,2.140625,0.3366817831993103
20-12-1985,2.15625,0.0,537600,2.1875,2.179687976837158,0.34282562136650085
23-12-1985,2.1875,0.0,72000,2.195312976837158,2.195312976837158,0.3452830910682678
24-12-1985,2.203125,0.0,676800,2.25,2.21875,0.34896963834762573
26-12-1985,2.203125,0.0,1840000,2.21875,2.210937976837158,0.34774094820022583
27-12-1985,2.210937976837158,0.0,516800,2.21875,2.210937976837158,0.34774094820022583
30-12-1985,2.203125,0.0,113600,2.210937976837158,2.210937976837158,0.34774094820022583
31-12-1985,2.1875,0.0,326400,2.203125,2.1875,0.3440544903278351
02-01-1986,2.1875,0.0,200000,2.203125,2.195312976837158,0.3452830910682678
03-01-1986,2.132812976837158,0.0,240000,2.195312976837158,2.15625,0.33913931250572205
06-01-1986,2.109375,0.0,408000,2.164062976837158,2.125,0.3342243731021881
07-01-1986,2.109375,0.0,384000,2.15625,2.15625,0.33913931250572205
08-01-1986,2.125,0.0,542400,2.1875,2.125,0.3342243731021881
09-01-1986,2.0625,0.0,249600,2.109375,2.09375,0.329309344291687
10-01-1986,2.101562976837158,0.0,251200,2.125,2.109375,0.3317667245864868
13-01-1986,2.0625,0.0,870400,2.117187976837158,2.078125,0.32685181498527527
14-01-1986,2.09375,0.0,206400,2.132812976837158,2.117187976837158,0.3329956531524658
15-01-1986,2.117187976837158,0.0,345600,2.15625,2.15625,0.33913931250572205
16-01-1986,2.140625,0.0,182400,2.171875,2.148437976837158,0.3379107415676117
17-01-1986,2.140625,0.0,219200,2.164062976837158,2.15625,0.33913931250572205
20-01-1986,1.9375,0.0,1865600,2.078125,1.984375,0.3121063709259033
21-01-1986,2.015625,0.0,750400,2.046875,2.046875,0.32193660736083984
22-01-1986,2.046875,0.0,609600,2.0625,2.054687976837158,0.3231654167175293
23-01-1986,2.03125,0.0,392000,2.054687976837158,2.03125,0.3194790780544281
24-01-1986,2.03125,0.0,739200,2.046875,2.046875,0.32193660736083984
27-01-1986,2.03125,0.0,240000,2.0625,2.0625,0.3243942856788635
28-01-1986,2.039062976837158,0.0,235200,2.0625,2.039062976837158,0.3207080066204071
29-01-1986,2.0625,0.0,766400,2.101562976837158,2.070312976837158,0.325623095035553
30-01-1986,2.070312976837158,0.0,158400,2.09375,2.085937976837158,0.3280806541442871
31-01-1986,2.070312976837158,0.0,440000,2.101562976837158,2.101562976837158,0.3619065284729004
03-02-1986,2.078125,0.0,329600,2.125,2.125,0.3659426271915436
04-02-1986,2.171875,0.0,1404800,2.226562976837158,2.171875,0.3740149140357971
05-02-1986,2.15625,0.0,496000,2.203125,2.171875,0.3740149140357971
06-02-1986,2.164062976837158,0.0,708800,2.21875,2.210937976837158,0.38074180483818054
07-02-1986,2.1875,0.0,201600,2.21875,2.210937976837158,0.38074180483818054
10-02-1986,2.171875,0.0,278400,2.234375,2.203125,0.37939608097076416
11-02-1986,2.1875,0.0,1190400,2.21875,2.1875,0.37670567631721497
12-02-1986,2.171875,0.0,4425600,2.203125,2.1875,0.37670567631721497
13-02-1986,2.1875,0.0,4339200,2.34375,2.328125,0.40092241764068604
14-02-1986,2.320312976837158,0.0,755200,2.4375,2.375,0.40899476408958435
18-02-1986,2.390625,0.0,811200,2.453125,2.453125,0.4224485158920288
19-02-1986,2.414062976837158,0.0,412800,2.453125,2.414062976837158,0.41572174429893494
20-02-1986,2.40625,0.0,1990400,2.4375,2.421875,0.41706693172454834
21-02-1986,2.40625,0.0,729600,2.492187976837158,2.492187976837158,0.429175466299057
24-02-1986,2.453125,0.0,1326400,2.5,2.476562976837158,0.426484614610672
25-02-1986,2.40625,0.0,1020800,2.484375,2.453125,0.4224485158920288
26-02-1986,2.453125,0.0,425600,2.492187976837158,2.492187976837158,0.429175466299057
27-02-1986,2.484375,0.0,131200,2.554687976837158,2.554687976837158,0.43993863463401794
28-02-1986,2.578125,0.0,635200,2.609375,2.609375,0.4493558704853058
03-03-1986,2.59375,0.0,640000,2.640625,2.617187976837158,0.45070165395736694
04-03-1986,2.609375,0.0,651200,2.671875,2.648437976837158,0.45608294010162354
05-03-1986,2.609375,0.0,2723200,2.640625,2.640625,0.4547373354434967
06-03-1986,2.609375,0.0,1691200,2.671875,2.671875,0.4601188898086548
07-03-1986,2.632812976837158,0.0,1713600,2.664062976837158,2.632812976837158,0.45339229702949524
10-03-1986,2.585937976837158,0.0,728000,2.648437976837158,2.585937976837158,0.4453199803829193
11-03-1986,2.59375,0.0,460800,2.625,2.625,0.4520467519760132
12-03-1986,2.53125,0.0,971200,2.617187976837158,2.53125,0.43590211868286133
13-03-1986,2.5,0.0,468800,2.5625,2.554687976837158,0.43993863463401794
14-03-1986,2.5,0.0,841600,2.554687976837158,2.546875,0.43859314918518066
17-03-1986,2.523437976837158,0.0,676800,2.5625,2.554687976837158,0.43993863463401794
18-03-1986,2.515625,0.0,328000,2.59375,2.515625,0.4332115948200226
19-03-1986,2.484375,0.0,1132800,2.515625,2.5,0.43052056431770325
20-03-1986,2.484375,0.0,137600,2.5,2.5,0.43052056431770325
21-03-1986,2.484375,0.0,932800,2.59375,2.59375,0.4466654360294342
24-03-1986,2.585937976837158,0.0,225600,2.609375,2.609375,0.4493558704853058
25-03-1986,2.578125,0.0,518400,2.625,2.625,0.4520467519760132
26-03-1986,2.578125,0.0,540800,2.625,2.578125,0.44397449493408203
27-03-1986,2.53125,0.0,345600,2.578125,2.539062976837158,0.43724772334098816
31-03-1986,2.453125,0.0,382400,2.515625,2.492187976837158,0.429175466299057
01-04-1986,2.492187976837158,0.0,1728000,2.5,2.492187976837158,0.429175466299057
02-04-1986,2.492187976837158,0.0,747200,2.515625,2.492187976837158,0.429175466299057
03-04-1986,2.460937976837158,0.0,416000,2.5,2.476562976837158,0.426484614610672
04-04-1986,2.375,0.0,1009600,2.484375,2.375,0.40899476408958435
07-04-1986,2.3125,0.0,1665600,2.375,2.335937976837158,0.4022679030895233
08-04-1986,2.3125,0.0,1400000,2.375,2.375,0.40899476408958435
09-04-1986,2.328125,0.0,944000,2.382812976837158,2.375,0.40899476408958435
10-04-1986,2.328125,0.0,180800,2.375,2.335937976837158,0.4022679030895233
11-04-1986,2.28125,0.0,523200,2.359375,2.296875,0.3955409526824951
14-04-1986,2.289062976837158,0.0,70400,2.335937976837158,2.335937976837158,0.4022679030895233
15-04-1986,2.328125,0.0,323200,2.367187976837158,2.367187976837158,0.40764933824539185
16-04-1986,2.351562976837158,0.0,576000,2.367187976837158,2.367187976837158,0.40764933824539185
17-04-1986,2.351562976837158,0.0,1152000,2.390625,2.367187976837158,0.40764933824539185
18-04-1986,2.390625,0.0,568000,2.453125,2.398437976837158,0.41303086280822754
21-04-1986,2.40625,0.0,774400,2.4375,2.4375,0.4197577238082886
22-04-1986,2.382812976837158,0.0,1091200,2.4375,2.429687976837158,0.41841238737106323
23-04-1986,2.34375,0.0,451200,2.421875,2.375,0.40899476408958435
24-04-1986,2.359375,0.0,1112000,2.398437976837158,2.382812976837158,0.4103401303291321
25-04-1986,2.375,0.0,467200,2.40625,2.390625,0.41168561577796936
28-04-1986,2.390625,0.0,323200,2.460937976837158,2.460937976837158,0.42379382252693176
29-04-1986,2.476562976837158,0.0,244800,2.515625,2.492187976837158,0.429175466299057
30-04-1986,2.4375,0.0,1168000,2.492187976837158,2.484375,0.42782989144325256
01-05-1986,2.460937976837158,0.0,312000,2.5,2.460937976837158,0.42379382252693176
02-05-1986,2.445312976837158,0.0,211200,2.46875,2.46875,0.4588499665260315
05-05-1986,2.453125,0.0,377600,2.476562976837158,2.46875,0.4588499665260315
06-05-1986,2.445312976837158,0.0,179200,2.46875,2.46875,0.4588499665260315
07-05-1986,2.4375,0.0,158400,2.460937976837158,2.453125,0.455945760011673
08-05-1986,2.453125,0.0,142400,2.5,2.492187976837158,0.4632062315940857
09-05-1986,2.492187976837158,0.0,758400,2.515625,2.515625,0.46756231784820557
12-05-1986,2.46875,0.0,153600,2.515625,2.46875,0.4588499665260315
13-05-1986,2.5,0.0,278400,2.53125,2.5,0.4646579325199127
14-05-1986,2.5,0.0,243200,2.507812976837158,2.5,0.4646579325199127
15-05-1986,2.5,0.0,433600,2.546875,2.523437976837158,0.4690144956111908
16-05-1986,2.523437976837158,0.0,324800,2.539062976837158,2.523437976837158,0.4690144956111908
19-05-1986,2.492187976837158,0.0,91200,2.507812976837158,2.492187976837158,0.4632062315940857
20-05-1986,2.445312976837158,0.0,115200,2.515625,2.507812976837158,0.46611014008522034
21-05-1986,2.507812976837158,0.0,489600,2.53125,2.523437976837158,0.4690144956111908
22-05-1986,2.523437976837158,0.0,875200,2.617187976837158,2.59375,0.4820830523967743
23-05-1986,2.59375,0.0,435200,2.617187976837158,2.617187976837158,0.486439049243927
27-05-1986,2.601562976837158,0.0,179200,2.625,2.625,0.48789089918136597
28-05-1986,2.625,0.0,974400,2.710937976837158,2.710937976837158,0.5038638114929199
29-05-1986,2.695312976837158,0.0,940800,2.8125,2.804687976837158,0.5212884545326233
30-05-1986,2.796875,0.0,753600,2.8125,2.8125,0.5227404832839966
02-06-1986,2.703125,0.0,294400,2.796875,2.703125,0.5024115443229675
03-06-1986,2.65625,0.0,310400,2.679687976837158,2.65625,0.49369919300079346
04-06-1986,2.625,0.0,270400,2.679687976837158,2.664062976837158,0.495151549577713
05-06-1986,2.648437976837158,0.0,627200,2.664062976837158,2.65625,0.49369919300079346
06-06-1986,2.648437976837158,0.0,148800,2.679687976837158,2.648437976837158,0.4922473430633545
09-06-1986,2.515625,0.0,310400,2.65625,2.539062976837158,0.4719187617301941
10-06-1986,2.5,0.0,169600,2.546875,2.507812976837158,0.46611014008522034
11-06-1986,2.515625,0.0,131200,2.554687976837158,2.554687976837158,0.4748228192329407
12-06-1986,2.546875,0.0,121600,2.5625,2.554687976837158,0.4748228192329407
13-06-1986,2.570312976837158,0.0,113600,2.617187976837158,2.617187976837158,0.486439049243927
16-06-1986,2.617187976837158,0.0,577600,2.703125,2.703125,0.5024115443229675
17-06-1986,2.65625,0.0,230400,2.71875,2.65625,0.49369919300079346
18-06-1986,2.609375,0.0,225600,2.65625,2.65625,0.49369919300079346
19-06-1986,2.640625,0.0,140800,2.703125,2.640625,0.49079522490501404
20-06-1986,2.59375,0.0,744000,2.6875,2.6875,0.49950769543647766
23-06-1986,2.625,0.0,246400,2.671875,2.625,0.48789089918136597
24-06-1986,2.609375,0.0,588800,2.640625,2.609375,0.4849868714809418
25-06-1986,2.59375,0.0,251200,2.632812976837158,2.59375,0.4820830523967743
26-06-1986,2.5,0.0,388800,2.609375,2.546875,0.47337067127227783
27-06-1986,2.554687976837158,0.0,137600,2.578125,2.578125,0.479178786277771
30-06-1986,2.5625,0.0,240000,2.617187976837158,2.617187976837158,0.486439049243927
01-07-1986,2.609375,0.0,755200,2.632812976837158,2.632812976837158,0.4893432557582855
02-07-1986,2.609375,0.0,104000,2.640625,2.640625,0.49079522490501404
03-07-1986,2.585937976837158,0.0,100800,2.640625,2.585937976837158,0.48063093423843384
07-07-1986,2.46875,0.0,457600,2.570312976837158,2.46875,0.4588499665260315
08-07-1986,2.445312976837158,0.0,411200,2.484375,2.484375,0.4617539644241333
09-07-1986,2.4375,0.0,177600,2.484375,2.445312976837158,0.45449402928352356
10-07-1986,2.34375,0.0,401600,2.421875,2.414062976837158,0.4486857056617737
11-07-1986,2.375,0.0,804800,2.429687976837158,2.40625,0.4472334682941437
14-07-1986,2.34375,0.0,812800,2.375,2.351562976837158,0.4370691478252411
15-07-1986,2.3125,0.0,563200,2.359375,2.3125,0.42980870604515076
16-07-1986,2.3125,0.0,465600,2.359375,2.359375,0.4385210871696472
17-07-1986,2.328125,0.0,635200,2.46875,2.460937976837158,0.45739802718162537
18-07-1986,2.429687976837158,0.0,352000,2.460937976837158,2.4375,0.45304176211357117
21-07-1986,2.429687976837158,0.0,364800,2.4375,2.429687976837158,0.45158976316452026
22-07-1986,2.429687976837158,0.0,209600,2.46875,2.46875,0.4588499665260315
23-07-1986,2.445312976837158,0.0,379200,2.492187976837158,2.453125,0.455945760011673
24-07-1986,2.429687976837158,0.0,283200,2.46875,2.429687976837158,0.45158976316452026
25-07-1986,2.4375,0.0,184000,2.46875,2.46875,0.4588499665260315
28-07-1986,2.421875,0.0,561600,2.453125,2.421875,0.45013755559921265
29-07-1986,2.421875,0.0,198400,2.453125,2.4375,0.45304176211357117
30-07-1986,2.4375,0.0,369600,2.5,2.476562976837158,0.4603020250797272
31-07-1986,2.453125,0.0,252800,2.484375,2.476562976837158,0.4603020250797272
01-08-1986,2.4375,0.0,401600,2.476562976837158,2.4375,0.48872023820877075
04-08-1986,2.4375,0.0,284800,2.5,2.484375,0.49811893701553345
05-08-1986,2.453125,0.0,1203200,2.5,2.453125,0.49185314774513245
06-08-1986,2.453125,0.0,1198400,2.5,2.484375,0.49811893701553345
07-08-1986,2.484375,0.0,72000,2.515625,2.5,0.5012512803077698
08-08-1986,2.523437976837158,0.0,280000,2.625,2.617187976837158,0.5247481465339661
11-08-1986,2.59375,0.0,1211200,2.6875,2.59375,0.5200487971305847
12-08-1986,2.53125,0.0,920000,2.59375,2.59375,0.5200487971305847
13-08-1986,2.578125,0.0,403200,2.75,2.71875,0.5451114773750305
14-08-1986,2.671875,0.0,132800,2.71875,2.6875,0.5388455390930176
15-08-1986,2.671875,0.0,387200,2.703125,2.703125,0.5419782996177673
18-08-1986,2.710937976837158,0.0,740800,2.765625,2.742187976837158,0.5498108267784119
19-08-1986,2.671875,0.0,414400,2.734375,2.6875,0.5388455390930176
20-08-1986,2.640625,0.0,1972800,2.6875,2.671875,0.535712718963623
21-08-1986,2.640625,0.0,441600,2.679687976837158,2.671875,0.535712718963623
22-08-1986,2.664062976837158,0.0,300800,2.6875,2.6875,0.5388455390930176
25-08-1986,2.664062976837158,0.0,568000,2.703125,2.664062976837158,0.5341466069221497
26-08-1986,2.648437976837158,0.0,369600,2.71875,2.703125,0.5419782996177673
27-08-1986,2.6875,0.0,304000,2.78125,2.78125,0.5576425194740295
28-08-1986,2.75,0.0,1012800,2.804687976837158,2.796875,0.5607755184173584
29-08-1986,2.78125,0.0,921600,2.835937976837158,2.835937976837158,0.5686075687408447
02-09-1986,2.835937976837158,0.0,1072000,2.898437976837158,2.898437976837158,0.5811389088630676
03-09-1986,2.828125,0.0,1942400,2.890625,2.859375,0.5733065605163574
04-09-1986,2.851562976837158,0.0,588800,3.0,2.984375,0.5983693599700928
05-09-1986,2.882812976837158,0.0,1153600,2.96875,2.90625,0.5827049016952515
08-09-1986,2.875,0.0,1875200,2.890625,2.875,0.5764394402503967
09-09-1986,2.84375,0.0,366400,2.890625,2.882812976837158,0.5780059099197388
10-09-1986,2.8125,0.0,672000,2.875,2.828125,0.567041277885437
11-09-1986,2.671875,0.0,1016000,2.8125,2.6875,0.5388455390930176
12-09-1986,2.5625,0.0,832000,2.664062976837158,2.601562976837158,0.5216152667999268
15-09-1986,2.546875,0.0,1784000,2.617187976837158,2.578125,0.5169158577919006
16-09-1986,2.53125,0.0,699200,2.578125,2.578125,0.5169158577919006
17-09-1986,2.5625,0.0,531200,2.6875,2.625,0.5263141989707947
18-09-1986,2.609375,0.0,315200,2.671875,2.640625,0.5294473171234131
19-09-1986,2.59375,0.0,977600,2.65625,2.65625,0.5325798988342285
22-09-1986,2.664062976837158,0.0,188800,2.71875,2.71875,0.5451114773750305
23-09-1986,2.726562976837158,0.0,448000,2.78125,2.78125,0.5576425194740295
24-09-1986,2.75,0.0,1059200,2.78125,2.773437976837158,0.5560763478279114
25-09-1986,2.679687976837158,0.0,134400,2.78125,2.6875,0.5388455390930176
26-09-1986,2.65625,0.0,49600,2.703125,2.679687976837158,0.5372791290283203
29-09-1986,2.625,0.0,115200,2.679687976837158,2.632812976837158,0.5278810858726501
30-09-1986,2.625,0.0,408000,2.65625,2.632812976837158,0.5278810858726501
01-10-1986,2.632812976837158,0.0,2878400,2.71875,2.6875,0.5388455390930176
02-10-1986,2.632812976837158,0.0,408000,2.703125,2.648437976837158,0.5310137271881104
03-10-1986,2.640625,0.0,700800,2.6875,2.65625,0.5325798988342285
06-10-1986,2.640625,0.0,110400,2.6875,2.664062976837158,0.5341466069221497
07-10-1986,2.65625,0.0,241600,2.703125,2.6875,0.5388455390930176
08-10-1986,2.6875,0.0,256000,2.71875,2.695312976837158,0.540412187576294
09-10-1986,2.703125,0.0,336000,2.75,2.703125,0.5419782996177673
10-10-1986,2.65625,0.0,566400,2.6875,2.65625,0.5325798988342285
13-10-1986,2.648437976837158,0.0,129600,2.671875,2.664062976837158,0.5341466069221497
14-10-1986,2.640625,0.0,182400,2.671875,2.65625,0.5325798988342285
15-10-1986,2.648437976837158,0.0,371200,2.703125,2.6875,0.5388455390930176
16-10-1986,2.695312976837158,0.0,299200,2.734375,2.703125,0.5419782996177673
17-10-1986,2.6875,0.0,779200,2.726562976837158,2.726562976837158,0.5466777086257935
20-10-1986,2.695312976837158,0.0,217600,2.765625,2.765625,0.5545095801353455
21-10-1986,2.734375,0.0,937600,2.78125,2.78125,0.5576425194740295
22-10-1986,2.765625,0.0,216000,2.828125,2.820312976837158,0.5654746294021606
23-10-1986,2.789062976837158,0.0,148800,2.804687976837158,2.789062976837158,0.5592091083526611
24-10-1986,2.78125,0.0,604800,2.8125,2.78125,0.5576425194740295
27-10-1986,2.75,0.0,777600,2.8125,2.789062976837158,0.5592091083526611
28-10-1986,2.796875,0.0,1064000,2.859375,2.828125,0.567041277885437
29-10-1986,2.8125,0.0,729600,2.9375,2.921875,0.5858379006385803
30-10-1986,2.921875,0.0,659200,2.96875,2.96875,0.5952364206314087
31-10-1986,2.953125,0.0,1073600,3.015625,3.007812976837158,0.642177939414978
03-11-1986,3.015625,0.0,632000,3.09375,3.054687976837158,0.65218585729599
04-11-1986,3.007812976837158,0.0,912000,3.046875,3.03125,0.647181510925293
05-11-1986,3.023437976837158,0.0,595200,3.109375,3.078125,0.6571896076202393
06-11-1986,3.078125,0.0,448000,3.125,3.109375,0.6638621091842651
07-11-1986,3.070312976837158,0.0,321600,3.125,3.09375,0.6605256199836731
10-11-1986,3.078125,0.0,876800,3.140625,3.132812976837158,0.6688658595085144
11-11-1986,3.101562976837158,0.0,182400,3.171875,3.171875,0.6772053837776184
12-11-1986,3.09375,0.0,1641600,3.125,3.117187976837158,0.6655298471450806
13-11-1986,3.109375,0.0,1265600,3.125,3.109375,0.6638621091842651
14-11-1986,3.109375,0.0,272000,3.117187976837158,3.117187976837158,0.6655298471450806
17-11-1986,3.085937976837158,0.0,561600,3.125,3.101562976837158,0.662194013595581
18-11-1986,2.96875,0.0,571200,3.101562976837158,2.976562976837158,0.6355060338973999
19-11-1986,2.9375,0.0,627200,3.0,3.0,0.6405096650123596
20-11-1986,2.96875,0.0,249600,3.0,2.984375,0.6371738314628601
21-11-1986,2.992187976837158,0.0,784000,3.109375,3.109375,0.6638621091842651
24-11-1986,3.117187976837158,0.0,596800,3.148437976837158,3.117187976837158,0.6655298471450806
25-11-1986,3.078125,0.0,396800,3.148437976837158,3.109375,0.6638621091842651
26-11-1986,3.070312976837158,0.0,596800,3.117187976837158,3.101562976837158,0.662194013595581
28-11-1986,3.0625,0.0,571200,3.117187976837158,3.117187976837158,0.6655298471450806
01-12-1986,3.0625,0.0,276800,3.125,3.117187976837158,0.6655298471450806
02-12-1986,3.109375,0.0,1299200,3.132812976837158,3.117187976837158,0.6655298471450806
03-12-1986,3.101562976837158,0.0,1436800,3.140625,3.140625,0.6705334186553955
04-12-1986,3.148437976837158,0.0,400000,3.179687976837158,3.15625,0.6738699078559875
05-12-1986,3.140625,0.0,907200,3.203125,3.15625,0.6738699078559875
08-12-1986,3.15625,0.0,635200,3.25,3.234375,0.6905494332313538
09-12-1986,3.21875,0.0,502400,3.242187976837158,3.226562976837158,0.6888816952705383
10-12-1986,3.234375,0.0,1476800,3.3125,3.273437976837158,0.6988898515701294
11-12-1986,3.203125,0.0,1603200,3.273437976837158,3.203125,0.6838775873184204
12-12-1986,3.203125,0.0,1222400,3.226562976837158,3.210937976837158,0.6855462193489075
15-12-1986,3.179687976837158,0.0,347200,3.296875,3.296875,0.7038934230804443
16-12-1986,3.265625,0.0,510400,3.320312976837158,3.28125,0.7005575895309448
17-12-1986,3.21875,0.0,342400,3.265625,3.21875,0.6872138977050781
18-12-1986,3.203125,0.0,499200,3.234375,3.210937976837158,0.6855462193489075
19-12-1986,3.1875,0.0,1771200,3.34375,3.34375,0.7139014601707458
22-12-1986,3.296875,0.0,686400,3.34375,3.34375,0.7139014601707458
23-12-1986,3.21875,0.0,974400,3.335937976837158,3.265625,0.6972218155860901
24-12-1986,3.234375,0.0,200000,3.28125,3.242187976837158,0.6922176480293274
26-12-1986,3.242187976837158,0.0,30400,3.25,3.25,0.6938853859901428
29-12-1986,3.234375,0.0,520000,3.265625,3.25,0.6938853859901428
30-12-1986,3.226562976837158,0.0,624000,3.242187976837158,3.242187976837158,0.6922176480293274
31-12-1986,3.226562976837158,0.0,228800,3.25,3.242187976837158,0.6922176480293274
02-01-1987,3.234375,0.0,355200,3.265625,3.265625,0.6972218155860901
05-01-1987,3.28125,0.0,336000,3.4375,3.421875,0.7305813431739807
06-01-1987,3.40625,0.0,240000,3.484375,3.4375,0.7339177131652832
07-01-1987,3.421875,0.0,542400,3.46875,3.4375,0.7339177131652832
08-01-1987,3.4375,0.0,601600,3.585937976837158,3.570312976837158,0.7622728943824768
09-01-1987,3.539062976837158,0.0,1217600,3.59375,3.539062976837158,0.7556014657020569
12-01-1987,3.53125,0.0,353600,3.625,3.59375,0.7672777771949768
13-01-1987,3.59375,0.0,385600,3.640625,3.609375,0.7706136107444763
14-01-1987,3.609375,0.0,252800,3.703125,3.640625,0.7772849202156067
15-01-1987,3.6875,0.0,553600,3.75,3.742187976837158,0.7989693284034729
16-01-1987,3.703125,0.0,968000,3.742187976837158,3.742187976837158,0.7989693284034729
19-01-1987,3.671875,0.0,358400,3.765625,3.726562976837158,0.7956332564353943
20-01-1987,3.703125,0.0,598400,3.765625,3.726562976837158,0.7956332564353943
21-01-1987,3.6875,0.0,459200,3.796875,3.6875,0.7872936725616455
22-01-1987,3.6875,0.0,344000,3.796875,3.75,0.8006372451782227
23-01-1987,3.671875,0.0,1084800,3.875,3.671875,0.7839576005935669
26-01-1987,3.59375,0.0,366400,3.65625,3.625,0.7739494442939758
27-01-1987,3.640625,0.0,315200,3.734375,3.710937976837158,0.7922974824905396
28-01-1987,3.734375,0.0,459200,3.796875,3.796875,0.810645580291748
29-01-1987,3.8125,0.0,329600,3.875,3.859375,0.8239892721176147
30-01-1987,3.828125,0.0,627200,3.921875,3.921875,0.878488302230835
02-02-1987,3.90625,0.0,1054400,4.125,4.0625,0.9099871516227722
03-02-1987,4.0,0.0,472000,4.0625,4.007812976837158,0.8977376222610474
04-02-1987,3.992187976837158,0.0,766400,4.023437976837158,4.023437976837158,0.9012371897697449
05-02-1987,4.0,0.0,678400,4.03125,4.015625,0.8994869589805603
06-02-1987,4.0,0.0,649600,4.0625,4.0,0.8959870338439941
09-02-1987,3.875,0.0,508800,4.015625,3.890625,0.871487557888031
10-02-1987,3.890625,0.0,800000,3.9375,3.929687976837158,0.880237340927124
11-02-1987,3.75,0.0,718400,3.9375,3.828125,0.8574878573417664
12-02-1987,3.804687976837158,0.0,902400,3.890625,3.804687976837158,0.85223788022995
13-02-1987,3.8125,0.0,548800,3.953125,3.953125,0.8854872584342957
17-02-1987,3.9375,0.0,718400,4.109375,4.109375,0.9204869866371155
18-02-1987,4.0,0.0,441600,4.15625,4.0625,0.9099871516227722
19-02-1987,3.984375,0.0,601600,4.109375,4.09375,0.9169869422912598
20-02-1987,4.078125,0.0,315200,4.15625,4.15625,0.9309865832328796
23-02-1987,4.09375,0.0,716800,4.28125,4.28125,0.958986759185791
24-02-1987,4.234375,0.0,600000,4.3125,4.25,0.9519867897033691
25-02-1987,4.15625,0.0,475200,4.265625,4.203125,0.9414868354797363
26-02-1987,4.125,0.0,268800,4.203125,4.15625,0.9309865832328796
27-02-1987,4.15625,0.0,787200,4.203125,4.1875,0.9379874467849731
02-03-1987,4.109375,0.0,366400,4.1875,4.148437976837158,0.9292371273040771
03-03-1987,4.132812976837158,0.0,179200,4.234375,4.21875,0.9449862837791443
04-03-1987,4.1875,0.0,448000,4.34375,4.328125,0.9694865345954895
05-03-1987,4.265625,0.0,576000,4.34375,4.296875,0.9624868631362915
06-03-1987,4.25,0.0,603200,4.375,4.34375,0.9729862213134766
09-03-1987,4.3125,0.0,507200,4.390625,4.390625,0.9834861159324646
10-03-1987,4.359375,0.0,891200,4.4375,4.421875,0.9904859662055969
11-03-1987,4.421875,0.0,504000,4.5,4.46875,1.0009856224060059
12-03-1987,4.421875,0.0,1363200,4.5,4.484375,1.0044853687286377
13-03-1987,4.484375,0.0,824000,4.53125,4.5,1.0079858303070068
16-03-1987,4.4375,0.0,473600,4.53125,4.53125,1.0149860382080078
17-03-1987,4.515625,0.0,251200,4.6875,4.65625,1.0429859161376953
18-03-1987,4.609375,0.0,585600,4.65625,4.65625,1.0429859161376953
19-03-1987,4.65625,0.0,380800,4.75,4.71875,1.0569851398468018
20-03-1987,4.71875,0.0,795200,4.84375,4.84375,1.0849847793579102
23-03-1987,4.84375,0.0,486400,4.96875,4.890625,1.0954841375350952
24-03-1987,4.765625,0.0,380800,4.851562976837158,4.765625,1.0674850940704346
25-03-1987,4.625,0.0,636800,4.703125,4.671875,1.0464855432510376
26-03-1987,4.625,0.0,214400,4.671875,4.65625,1.0429859161376953
27-03-1987,4.59375,0.0,454400,4.671875,4.59375,1.028985857963562
30-03-1987,4.453125,0.0,384000,4.5,4.484375,1.0044853687286377
31-03-1987,4.34375,0.0,812800,4.5,4.34375,0.9729862213134766
01-04-1987,4.28125,0.0,1017600,4.4375,4.421875,0.9904859662055969
02-04-1987,4.382812976837158,0.0,694400,4.421875,4.398437976837158,0.9852360486984253
03-04-1987,4.34375,0.0,1680000,4.6875,4.65625,1.0429859161376953
06-04-1987,4.640625,0.0,505600,4.703125,4.6875,1.0499855279922485
07-04-1987,4.65625,0.0,443200,4.75,4.65625,1.0429859161376953
08-04-1987,4.578125,0.0,486400,4.75,4.640625,1.039485216140747
09-04-1987,4.46875,0.0,409600,4.703125,4.5,1.0079858303070068
10-04-1987,4.484375,0.0,651200,4.625,4.53125,1.0149860382080078
13-04-1987,4.4375,0.0,366400,4.53125,4.4375,0.9939862489700317
14-04-1987,4.03125,0.0,1612800,4.421875,4.109375,0.9204869866371155
15-04-1987,4.21875,0.0,1225600,4.296875,4.296875,0.9624868631362915
16-04-1987,4.265625,0.0,856000,4.421875,4.390625,0.9834861159324646
20-04-1987,4.265625,0.0,377600,4.375,4.359375,0.976486325263977
21-04-1987,4.328125,0.0,512000,4.53125,4.53125,1.0149860382080078
22-04-1987,4.453125,0.0,1814400,4.5625,4.5,1.0079858303070068
23-04-1987,4.453125,0.0,379200,4.515625,4.484375,1.0044853687286377
24-04-1987,4.375,0.0,444800,4.46875,4.382812976837158,0.9817360639572144
27-04-1987,4.382812976837158,0.0,798400,4.453125,4.4375,0.9939862489700317
28-04-1987,4.40625,0.0,744000,4.5,4.453125,0.9974865913391113
29-04-1987,4.5,0.0,372800,4.53125,4.515625,1.0114855766296387
30-04-1987,4.515625,0.0,795200,4.703125,4.671875,1.0464855432510376
01-05-1987,4.632812976837158,0.0,512000,4.703125,4.6875,1.0969451665878296
04-05-1987,4.679687976837158,0.0,512000,4.796875,4.734375,1.1079137325286865
05-05-1987,4.75,0.0,993600,4.796875,4.78125,1.1188843250274658
06-05-1987,4.78125,0.0,273600,4.8125,4.8125,1.1261963844299316
07-05-1987,4.765625,0.0,307200,4.804687976837158,4.773437976837158,1.1170554161071777
08-05-1987,4.75,0.0,492800,4.828125,4.8125,1.1261963844299316
11-05-1987,4.765625,0.0,539200,4.984375,4.765625,1.1152273416519165
12-05-1987,4.734375,0.0,352000,4.851562976837158,4.828125,1.129852533340454
13-05-1987,4.6875,0.0,409600,4.8125,4.765625,1.1152273416519165
14-05-1987,4.6875,0.0,232000,4.8125,4.8125,1.1261963844299316
15-05-1987,4.609375,0.0,283200,4.75,4.617187976837158,1.0804908275604248
18-05-1987,4.515625,0.0,334400,4.65625,4.65625,1.0896321535110474
19-05-1987,4.515625,0.0,467200,4.671875,4.515625,1.0567229986190796
20-05-1987,4.5,0.0,940800,4.5625,4.546875,1.06403648853302
21-05-1987,4.546875,0.0,721600,4.578125,4.5625,1.0676929950714111
22-05-1987,4.578125,0.0,310400,4.640625,4.625,1.0823181867599487
26-05-1987,4.640625,0.0,577600,4.6875,4.65625,1.0896321535110474
27-05-1987,4.59375,0.0,368000,4.75,4.671875,1.093288540840149
28-05-1987,4.40625,0.0,327200,4.6875,4.4375,1.0384414196014404
29-05-1987,4.453125,0.0,312800,4.6875,4.5625,1.0676929950714111
01-06-1987,4.4375,0.0,419200,4.6875,4.46875,1.0457537174224854
02-06-1987,4.34375,0.0,244800,4.5625,4.46875,1.0457537174224854
03-06-1987,4.40625,0.0,372000,4.5,4.46875,1.0457537174224854
04-06-1987,4.4375,0.0,386400,4.46875,4.46875,1.0457537174224854
05-06-1987,4.28125,0.0,720800,4.4375,4.3125,1.0091896057128906
08-06-1987,4.3125,0.0,688800,4.4375,4.4375,1.0384414196014404
09-06-1987,4.40625,0.0,288800,4.46875,4.453125,1.0420979261398315
10-06-1987,4.390625,0.0,728000,4.6875,4.578125,1.0713496208190918
11-06-1987,4.484375,0.0,187200,4.625,4.59375,1.075006127357483
12-06-1987,4.625,0.0,478400,4.875,4.875,1.1408222913742065
15-06-1987,4.78125,0.0,664000,4.875,4.8125,1.1261963844299316
16-06-1987,4.75,0.0,607200,4.84375,4.8125,1.1261963844299316
17-06-1987,4.78125,0.0,440000,4.921875,4.90625,1.1481353044509888
18-06-1987,4.875,0.0,627200,4.953125,4.953125,1.1591051816940308
19-06-1987,4.96875,0.0,810400,5.125,5.125,1.1993260383605957
22-06-1987,5.0,0.0,749600,5.34375,5.34375,1.250516653060913
23-06-1987,5.03125,0.0,651200,5.28125,5.125,1.1993260383605957
24-06-1987,4.875,0.0,472800,5.125,4.9375,1.155448317527771
25-06-1987,4.9375,0.0,256000,5.09375,5.0625,1.184700608253479
26-06-1987,4.953125,0.0,316800,5.03125,5.0,1.1700732707977295
29-06-1987,5.0,0.0,204000,5.09375,5.09375,1.1920135021209717
30-06-1987,4.8125,0.0,602400,5.15625,4.90625,1.1481353044509888
01-07-1987,4.8125,0.0,228000,4.96875,4.96875,1.1627613306045532
02-07-1987,5.046875,0.0,322400,5.15625,5.0625,1.184700608253479
06-07-1987,4.921875,0.0,235200,5.15625,4.921875,1.151792287826538
07-07-1987,4.71875,0.0,332800,4.921875,4.71875,1.1042577028274536
08-07-1987,4.78125,0.0,333600,4.96875,4.9375,1.155448317527771
09-07-1987,4.96875,0.0,438400,5.09375,5.0625,1.184700608253479
10-07-1987,5.09375,0.0,244000,5.15625,5.15625,1.2066391706466675
13-07-1987,5.125,0.0,383200,5.21875,5.125,1.1993260383605957
14-07-1987,5.125,0.0,573600,5.21875,5.1875,1.2139527797698975
15-07-1987,5.125,0.0,691200,5.25,5.203125,1.2176086902618408
16-07-1987,5.09375,0.0,160000,5.21875,5.15625,1.2066391706466675
17-07-1987,5.09375,0.0,630400,5.25,5.25,1.228577733039856
20-07-1987,5.15625,0.0,261600,5.234375,5.15625,1.2066391706466675
21-07-1987,5.03125,0.0,352000,5.171875,5.0625,1.184700608253479
22-07-1987,4.984375,0.0,601600,5.09375,5.03125,1.1773875951766968
23-07-1987,5.09375,0.0,416000,5.25,5.21875,1.2212649583816528
24-07-1987,5.140625,0.0,886400,5.28125,5.1875,1.2139527797698975
27-07-1987,5.0625,0.0,128800,5.15625,5.125,1.1993260383605957
28-07-1987,5.0,0.0,186400,5.140625,5.0625,1.184700608253479
29-07-1987,5.09375,0.0,640000,5.171875,5.171875,1.2102954387664795
30-07-1987,5.15625,0.0,673600,5.359375,5.3125,1.2432043552398682
31-07-1987,5.328125,0.0,403200,5.421875,5.421875,1.2931407690048218
03-08-1987,5.34375,0.0,566400,5.46875,5.34375,1.2745071649551392
04-08-1987,5.125,0.0,466400,5.375,5.1875,1.2372413873672485
05-08-1987,5.203125,0.0,343200,5.296875,5.203125,1.240968108177185
06-08-1987,5.21875,0.0,336000,5.5625,5.5625,1.3266806602478027
07-08-1987,5.5625,0.0,462400,5.9375,5.75,1.3714003562927246
10-08-1987,5.765625,0.0,556000,5.90625,5.90625,1.4086664915084839
11-08-1987,5.90625,0.0,1128800,6.1875,6.125,1.4608392715454102
12-08-1987,5.875,0.0,600800,6.1875,5.96875,1.4235725402832031
13-08-1987,5.84375,0.0,304800,6.03125,5.96875,1.4235725402832031
14-08-1987,5.875,0.0,141600,6.0,5.921875,1.4123934507369995
17-08-1987,5.84375,0.0,260000,5.96875,5.96875,1.4235725402832031
18-08-1987,5.4375,0.0,618400,5.875,5.625,1.3415868282318115
19-08-1987,5.53125,0.0,512000,5.65625,5.65625,1.3490407466888428
20-08-1987,5.6875,0.0,410400,5.90625,5.90625,1.4086664915084839
21-08-1987,5.6875,0.0,767200,5.84375,5.8125,1.3863060474395752
24-08-1987,5.5,0.0,581600,5.78125,5.609375,1.3378604650497437
25-08-1987,5.59375,0.0,649600,5.78125,5.78125,1.3788533210754395
26-08-1987,5.5,0.0,489600,5.78125,5.5625,1.3266806602478027
27-08-1987,5.40625,0.0,422400,5.53125,5.40625,1.289413332939148
28-08-1987,5.125,0.0,556800,5.46875,5.15625,1.2297886610031128
31-08-1987,5.1875,0.0,676800,5.3125,5.21875,1.2446953058242798
01-09-1987,5.09375,0.0,465600,5.375,5.09375,1.2148817777633667
02-09-1987,4.90625,0.0,660000,5.21875,5.21875,1.2446953058242798
03-09-1987,5.25,0.0,501600,5.375,5.328125,1.2707809209823608
04-09-1987,5.21875,0.0,274400,5.4375,5.4375,1.2968674898147583
08-09-1987,5.03125,0.0,543200,5.375,5.34375,1.2745071649551392
09-09-1987,5.09375,0.0,723200,5.3125,5.140625,1.2260618209838867
10-09-1987,5.140625,0.0,890400,5.3125,5.265625,1.2558751106262207
11-09-1987,5.25,0.0,780800,5.5,5.4375,1.2968674898147583
14-09-1987,5.25,0.0,323200,5.421875,5.359375,1.2782338857650757
15-09-1987,5.21875,0.0,303200,5.328125,5.21875,1.2446953058242798
16-09-1987,5.0625,0.0,428000,5.21875,5.078125,1.2111554145812988
17-09-1987,5.0625,0.0,609600,5.28125,5.21875,1.2446953058242798
18-09-1987,5.25,0.0,839200,5.34375,5.3125,1.2670539617538452
21-09-1987,5.234375,0.0,646400,5.5,5.25,1.2521477937698364
22-09-1987,5.28125,0.0,728000,5.5,5.46875,1.3043203353881836
23-09-1987,5.5625,0.0,1214400,5.75,5.75,1.3714003562927246
24-09-1987,5.515625,0.0,664800,5.734375,5.625,1.3415868282318115
25-09-1987,5.515625,0.0,300800,5.609375,5.59375,1.3341343402862549
28-09-1987,5.625,0.0,408000,5.78125,5.71875,1.3639469146728516
29-09-1987,5.5625,0.0,752800,5.75,5.59375,1.3341343402862549
30-09-1987,5.515625,0.0,304000,5.875,5.875,1.4012131690979004
01-10-1987,5.875,0.0,1127200,6.0,6.0,1.4310256242752075
02-10-1987,5.953125,0.0,752800,6.015625,5.984375,1.4272994995117188
05-10-1987,5.90625,0.0,750400,6.0,5.90625,1.4086664915084839
06-10-1987,5.59375,0.0,801600,5.84375,5.8125,1.3863060474395752
07-10-1987,5.59375,0.0,600800,5.75,5.6875,1.3564926385879517
08-10-1987,5.375,0.0,515200,5.65625,5.5,1.3117743730545044
09-10-1987,5.3125,0.0,980800,5.5625,5.375,1.2819607257843018
12-10-1987,5.046875,0.0,580000,5.40625,5.125,1.222334384918213
13-10-1987,5.171875,0.0,674400,5.40625,5.375,1.2819607257843018
14-10-1987,5.203125,0.0,556000,5.375,5.375,1.2819607257843018
15-10-1987,5.1875,0.0,1975200,5.40625,5.1875,1.2372413873672485
16-10-1987,4.9375,0.0,1560800,5.21875,4.9375,1.1776154041290283
19-10-1987,3.3125,0.0,2392800,4.25,3.3125,0.790045440196991
20-10-1987,3.1875,0.0,2359200,3.75,3.21875,0.7676859498023987
21-10-1987,3.375,0.0,1045600,4.34375,4.09375,0.9763776659965515
22-10-1987,3.5,0.0,1756000,3.875,3.78125,0.9018450975418091
23-10-1987,3.65625,0.0,449600,3.96875,3.671875,0.8757585883140564
26-10-1987,3.40625,0.0,400000,3.5,3.40625,0.8124051094055176
27-10-1987,3.3125,0.0,344000,3.59375,3.3125,0.790045440196991
28-10-1987,3.15625,0.0,540000,3.28125,3.25,0.7751388549804688
29-10-1987,3.21875,0.0,685600,3.5625,3.5625,0.8496716618537903
30-10-1987,3.9375,0.0,931200,4.3125,4.3125,1.0582554340362549
02-11-1987,4.125,0.0,420000,4.3125,4.25,1.0429182052612305
03-11-1987,3.75,0.0,504000,4.15625,4.109375,1.0084104537963867
04-11-1987,3.90625,0.0,462400,4.109375,4.09375,1.0045759677886963
05-11-1987,3.875,4.0625,552000,4.078125,3.921875,0.9623991847038269
06-11-1987,3.78125,3.953125,496000,3.953125,3.78125,0.9278905987739563
09-11-1987,3.5625,3.78125,876800,3.78125,3.625,0.8895480632781982
10-11-1987,3.34375,3.5625,748000,3.59375,3.453125,0.8473715782165527
11-11-1987,3.515625,3.53125,496000,3.8125,3.8125,0.9355587363243103
12-11-1987,3.84375,3.9375,1035200,4.125,3.90625,0.9585646986961365
13-11-1987,3.75,3.875,928000,3.96875,3.75,0.9202220439910889
16-11-1987,3.78125,3.78125,536800,3.859375,3.84375,0.9432277083396912
17-11-1987,3.71875,3.8125,772000,3.8125,3.796875,0.9317252039909363
18-11-1987,3.71875,3.8125,467200,3.9375,3.9375,0.9662336707115173
19-11-1987,3.75,3.9375,335200,4.03125,3.8125,0.9355587363243103
20-11-1987,3.71875,3.8125,1008800,3.921875,3.875,0.9508959054946899
23-11-1987,3.8125,3.90625,149600,3.96875,3.96875,0.9739018082618713
24-11-1987,3.9375,4.0,564000,4.046875,4.015625,0.9854040741920471
25-11-1987,3.90625,3.953125,288000,4.0625,4.03125,0.9892387986183167
27-11-1987,3.875,4.03125,695200,4.03125,3.90625,0.9585646986961365
30-11-1987,3.625,3.6875,1473600,3.8125,3.71875,0.912554144859314
01-12-1987,3.71875,3.75,597600,3.953125,3.875,0.9508959054946899
02-12-1987,3.75,3.84375,487200,3.84375,3.8125,0.9355587363243103
03-12-1987,3.53125,3.796875,802400,3.796875,3.5625,0.8742110133171082
04-12-1987,3.375,3.4375,787200,3.5625,3.53125,0.8665425777435303
07-12-1987,3.40625,3.46875,227200,3.59375,3.5625,0.8742110133171082
08-12-1987,3.53125,3.53125,396000,3.9375,3.90625,0.9585646986961365
09-12-1987,3.859375,3.875,1044800,4.125,3.984375,0.9777359366416931
10-12-1987,3.84375,3.84375,572800,4.15625,3.9375,0.9662336707115173
11-12-1987,3.90625,3.90625,157600,4.0625,4.03125,0.9892387986183167
14-12-1987,4.0,4.0,832000,4.1875,4.1875,1.027582049369812
15-12-1987,4.09375,4.21875,992000,4.25,4.1875,1.027582049369812
16-12-1987,4.0625,4.1875,502400,4.1875,4.1875,1.027582049369812
17-12-1987,4.15625,4.1875,560000,4.1875,4.15625,1.0199133157730103
18-12-1987,4.15625,4.1875,1742400,4.25,4.25,1.0429182052612305
21-12-1987,4.25,4.34375,701600,4.34375,4.28125,1.0505872964859009
22-12-1987,4.1875,4.28125,409600,4.28125,4.25,1.0429182052612305
23-12-1987,4.125,4.21875,2480000,4.4375,4.4375,1.0889297723770142
24-12-1987,4.40625,4.40625,103200,4.5625,4.46875,1.0965977907180786
28-12-1987,4.21875,4.375,484000,4.375,4.3125,1.0582554340362549
29-12-1987,4.140625,4.28125,695200,4.28125,4.1875,1.027582049369812
30-12-1987,4.125,4.15625,385600,4.1875,4.1875,1.027582049369812
31-12-1987,4.125,4.1875,291200,4.1875,4.125,1.0122443437576294
04-01-1988,4.125,4.15625,2088000,4.234375,4.234375,1.039084553718567
05-01-1988,4.28125,4.28125,1412000,4.53125,4.421875,1.0850954055786133
06-01-1988,4.4375,4.5,396800,4.53125,4.5,1.1042661666870117
07-01-1988,4.421875,4.46875,676000,4.65625,4.625,1.134940505027771
08-01-1988,4.21875,4.53125,383200,4.59375,4.21875,1.0352503061294556
11-01-1988,3.8125,4.25,485600,4.25,4.234375,1.039084553718567
12-01-1988,3.9375,4.25,667200,4.375,4.34375,1.065924048423767
13-01-1988,4.125,4.28125,824000,4.34375,4.125,1.0122443437576294
14-01-1988,4.125,4.1875,676000,4.21875,4.15625,1.0199133157730103
15-01-1988,4.25,4.375,899200,4.4375,4.25,1.0429182052612305
18-01-1988,4.15625,4.21875,331200,4.21875,4.1875,1.027582049369812
19-01-1988,4.140625,4.15625,858400,4.34375,4.15625,1.0199133157730103
20-01-1988,4.078125,4.140625,752000,4.21875,4.078125,1.0007416009902954
21-01-1988,3.9375,4.109375,696000,4.109375,4.0,0.9815697073936462
22-01-1988,4.0,4.03125,1225600,4.09375,4.03125,0.9892387986183167
25-01-1988,4.03125,4.0625,271200,4.34375,4.296875,1.0544215440750122
26-01-1988,4.1875,4.234375,156800,4.3125,4.21875,1.0352503061294556
27-01-1988,4.078125,4.1875,231200,4.3125,4.125,1.0122443437576294
28-01-1988,4.078125,4.125,512800,4.125,4.078125,1.0007416009902954
29-01-1988,4.09375,4.09375,284000,4.15625,4.15625,1.045551061630249
01-02-1988,4.09375,4.125,129600,4.1875,4.125,1.0376895666122437
02-02-1988,3.96875,4.125,1119200,4.15625,4.09375,1.0298281908035278
03-02-1988,3.78125,4.109375,606400,4.15625,3.84375,0.9669380784034729
04-02-1988,3.84375,3.84375,700800,4.03125,3.9375,0.9905225038528442
05-02-1988,3.875,3.90625,497600,3.90625,3.875,0.9747989773750305
08-02-1988,3.84375,3.875,302400,3.90625,3.90625,0.9826605319976807
09-02-1988,3.90625,3.90625,118400,4.0625,4.0625,1.0219670534133911
10-02-1988,4.0,4.0,360000,4.109375,4.09375,1.0298281908035278
11-02-1988,4.0,4.125,212800,4.1875,4.03125,1.0141056776046753
12-02-1988,4.078125,4.078125,749600,4.328125,4.3125,1.0848571062088013
16-02-1988,4.25,4.25,273600,4.34375,4.3125,1.0848571062088013
17-02-1988,4.21875,4.34375,374400,4.375,4.21875,1.0612733364105225
18-02-1988,4.09375,4.1875,798400,4.203125,4.09375,1.0298281908035278
19-02-1988,4.0625,4.0625,743200,4.3125,4.3125,1.0848571062088013
22-02-1988,4.28125,4.3125,688000,4.46875,4.4375,1.1163028478622437
23-02-1988,4.25,4.4375,376000,4.4375,4.375,1.1005802154541016
24-02-1988,4.265625,4.375,583200,4.40625,4.375,1.1005802154541016
25-02-1988,4.328125,4.40625,2243200,4.484375,4.328125,1.0887885093688965
26-02-1988,4.328125,4.328125,224800,4.4375,4.375,1.1005802154541016
29-02-1988,4.3125,4.3125,560800,4.5625,4.546875,1.1438168287277222
01-03-1988,4.5,4.53125,556800,4.59375,4.5625,1.14774751663208
02-03-1988,4.59375,4.6875,572000,4.6875,4.65625,1.1713321208953857
03-03-1988,4.625,4.625,340800,4.6875,4.671875,1.1752618551254272
04-03-1988,4.53125,4.671875,624800,4.71875,4.65625,1.1713321208953857
07-03-1988,4.5,4.625,504800,4.625,4.625,1.1634697914123535
08-03-1988,4.5,4.625,347200,4.640625,4.5,1.132025122642517
09-03-1988,4.4375,4.53125,524800,4.59375,4.4375,1.1163028478622437
10-03-1988,4.28125,4.46875,372800,4.46875,4.3125,1.0848571062088013
11-03-1988,4.1875,4.34375,534400,4.375,4.375,1.1005802154541016
14-03-1988,4.375,4.375,190400,4.59375,4.53125,1.1398861408233643
15-03-1988,4.5,4.5,344000,4.5625,4.5625,1.14774751663208
16-03-1988,4.5,4.59375,365600,4.71875,4.71875,1.187053918838501
17-03-1988,4.65625,4.75,904000,4.8125,4.703125,1.1831231117248535
18-03-1988,4.59375,4.78125,1212000,4.78125,4.75,1.1949145793914795
21-03-1988,4.59375,4.71875,578400,4.71875,4.59375,1.1556087732315063
22-03-1988,4.5,4.625,332000,4.625,4.546875,1.1438168287277222
23-03-1988,4.5625,4.578125,396000,4.625,4.609375,1.1595392227172852
24-03-1988,4.34375,4.59375,490400,4.59375,4.40625,1.10844087600708
25-03-1988,4.34375,4.375,574400,4.40625,4.40625,1.10844087600708
28-03-1988,4.375,4.375,578400,4.421875,4.375,1.1005802154541016
29-03-1988,4.34375,4.40625,210400,4.4375,4.40625,1.10844087600708
30-03-1988,4.34375,4.40625,426400,4.46875,4.359375,1.0966488122940063
31-03-1988,4.28125,4.34375,434400,4.359375,4.359375,1.0966488122940063
04-04-1988,4.21875,4.328125,521600,4.359375,4.21875,1.0612733364105225
05-04-1988,4.25,4.25,276800,4.3125,4.296875,1.0809270143508911
06-04-1988,4.28125,4.3125,508800,4.40625,4.375,1.1005802154541016
07-04-1988,4.375,4.421875,450400,4.453125,4.375,1.1005802154541016
08-04-1988,4.34375,4.375,521600,4.5,4.453125,1.1202335357666016
11-04-1988,4.40625,4.421875,234400,4.5625,4.5625,1.14774751663208
12-04-1988,4.5,4.53125,299200,4.71875,4.71875,1.187053918838501
13-04-1988,4.625,4.6875,428000,4.6875,4.6875,1.1791926622390747
14-04-1988,4.40625,4.5,482400,4.53125,4.46875,1.124163269996643
15-04-1988,4.28125,4.375,720000,4.40625,4.375,1.1005802154541016
18-04-1988,4.25,4.34375,411200,4.375,4.25,1.0691345930099487
19-04-1988,4.3125,4.3125,685600,4.46875,4.34375,1.0927189588546753
20-04-1988,4.25,4.296875,1239200,4.328125,4.296875,1.0809270143508911
21-04-1988,4.265625,4.265625,380000,4.4375,4.265625,1.0730654001235962
22-04-1988,4.265625,4.28125,424800,4.5,4.4375,1.1163028478622437
25-04-1988,4.390625,4.40625,242400,4.53125,4.5,1.132025122642517
26-04-1988,4.5,4.53125,501600,4.6875,4.671875,1.1752618551254272
27-04-1988,4.609375,4.640625,275200,4.6875,4.6875,1.1791926622390747
28-04-1988,4.65625,4.6875,1035200,4.71875,4.703125,1.1831231117248535
29-04-1988,4.640625,4.6875,416800,4.71875,4.71875,1.2128416299819946
02-05-1988,4.5625,4.6875,589600,4.6875,4.6875,1.2048102617263794
03-05-1988,4.65625,4.6875,606400,4.703125,4.703125,1.2088261842727661
04-05-1988,4.5,4.65625,664000,4.65625,4.5,1.1566176414489746
05-05-1988,4.40625,4.4375,563200,4.5625,4.515625,1.1606334447860718
06-05-1988,4.46875,4.546875,276000,4.59375,4.46875,1.1485852003097534
09-05-1988,4.421875,4.5,251200,4.53125,4.453125,1.144569993019104
10-05-1988,4.484375,4.484375,732800,4.609375,4.609375,1.1847296953201294
11-05-1988,4.484375,4.578125,313600,4.578125,4.5,1.1566176414489746
12-05-1988,4.515625,4.546875,453600,4.5625,4.546875,1.1686657667160034
13-05-1988,4.546875,4.578125,490400,4.59375,4.5625,1.1726819276809692
16-05-1988,4.5,4.5625,556800,4.59375,4.5625,1.1726819276809692
17-05-1988,4.53125,4.609375,420000,4.625,4.578125,1.1766976118087769
18-05-1988,4.40625,4.609375,422400,4.609375,4.46875,1.1485852003097534
19-05-1988,4.4375,4.4375,370400,4.53125,4.53125,1.1646500825881958
20-05-1988,4.5,4.53125,80000,4.53125,4.515625,1.1606334447860718
23-05-1988,4.46875,4.484375,134400,4.53125,4.53125,1.1646500825881958
24-05-1988,4.46875,4.5,100800,4.578125,4.578125,1.1766976118087769
25-05-1988,4.515625,4.609375,192000,4.640625,4.515625,1.1606334447860718
26-05-1988,4.46875,4.484375,300800,4.53125,4.53125,1.1646500825881958
27-05-1988,4.453125,4.53125,96000,4.53125,4.453125,1.144569993019104
31-05-1988,4.46875,4.484375,524800,4.5625,4.5625,1.1726819276809692
01-06-1988,4.5625,4.5625,649600,4.875,4.875,1.2530020475387573
02-06-1988,4.625,4.84375,399200,4.859375,4.703125,1.2088261842727661
03-06-1988,4.65625,4.65625,270400,4.796875,4.78125,1.2289069890975952
06-06-1988,4.71875,4.75,166400,4.84375,4.84375,1.2449702024459839
07-06-1988,4.75,4.8125,428800,4.84375,4.75,1.2208738327026367
08-06-1988,4.78125,4.78125,484000,5.0,5.0,1.2851300239562988
09-06-1988,4.9375,5.0,584800,5.0,4.9375,1.2690669298171997
10-06-1988,4.90625,4.96875,367200,5.0,4.9375,1.2690669298171997
13-06-1988,4.953125,4.984375,496800,5.0625,4.953125,1.2730828523635864
14-06-1988,5.0,5.0,600000,5.1875,5.03125,1.2931623458862305
15-06-1988,5.0,5.03125,736800,5.0625,5.0625,1.301194667816162
16-06-1988,4.84375,4.9375,1026400,5.0,4.90625,1.261034369468689
17-06-1988,4.9375,5.0,675200,5.0,4.953125,1.2730828523635864
20-06-1988,4.9375,4.9375,308800,4.984375,4.984375,1.2811146974563599
21-06-1988,4.84375,4.96875,412800,5.0625,5.015625,1.2891465425491333
22-06-1988,5.03125,5.046875,551200,5.21875,5.09375,1.3092271089553833
23-06-1988,5.0625,5.09375,242400,5.09375,5.0625,1.301194667816162
24-06-1988,5.03125,5.0625,319200,5.109375,5.078125,1.3052115440368652
27-06-1988,5.0625,5.078125,423200,5.140625,5.0625,1.301194667816162
28-06-1988,5.046875,5.0625,364800,5.125,5.09375,1.3092271089553833
29-06-1988,5.09375,5.09375,635200,5.21875,5.140625,1.3212753534317017
30-06-1988,5.171875,5.171875,607200,5.46875,5.421875,1.393563985824585
01-07-1988,5.125,5.375,616800,5.375,5.125,1.3172584772109985
05-07-1988,4.9375,5.0625,599200,5.25,5.25,1.3493870496749878
06-07-1988,5.09375,5.21875,527200,5.25,5.15625,1.325291395187378
07-07-1988,5.109375,5.125,237600,5.15625,5.125,1.3172584772109985
08-07-1988,4.9375,5.109375,211200,5.109375,5.0,1.2851300239562988
11-07-1988,5.0,5.0625,583200,5.09375,5.0,1.2851300239562988
12-07-1988,4.921875,5.03125,356800,5.03125,4.953125,1.2730828523635864
13-07-1988,4.921875,4.921875,260000,5.09375,5.078125,1.3052115440368652
14-07-1988,5.03125,5.078125,196000,5.078125,5.078125,1.3052115440368652
15-07-1988,4.96875,5.0625,363200,5.078125,5.03125,1.2931623458862305
18-07-1988,4.921875,5.0,166400,5.0,5.0,1.2851300239562988
19-07-1988,4.8125,5.0,196000,5.0,4.9375,1.2690669298171997
20-07-1988,4.90625,4.90625,75200,4.984375,4.984375,1.2811146974563599
21-07-1988,4.8125,4.984375,571200,4.984375,4.8125,1.2369381189346313
22-07-1988,4.5625,4.78125,1074400,4.796875,4.59375,1.1807141304016113
25-07-1988,4.5625,4.609375,466400,4.65625,4.640625,1.1927615404129028
26-07-1988,4.625,4.640625,599200,4.765625,4.75,1.2208738327026367
27-07-1988,4.65625,4.71875,130400,4.734375,4.65625,1.1967781782150269
28-07-1988,4.640625,4.6875,148000,4.75,4.75,1.2208738327026367
29-07-1988,4.71875,4.734375,751200,4.875,4.875,1.2854775190353394
01-08-1988,4.8125,4.875,276800,4.96875,4.9375,1.301958680152893
02-08-1988,4.84375,4.90625,243200,4.96875,4.921875,1.2978378534317017
03-08-1988,4.9375,4.9375,228800,4.96875,4.9375,1.301958680152893
04-08-1988,4.8125,4.96875,255200,4.96875,4.84375,1.2772367000579834
05-08-1988,4.78125,4.796875,136000,4.8125,4.8125,1.2689967155456543
08-08-1988,4.8125,4.84375,137600,4.859375,4.8125,1.2689967155456543
09-08-1988,4.609375,4.8125,436000,4.8125,4.6875,1.2360365390777588
10-08-1988,4.40625,4.6875,643200,4.6875,4.5,1.1865942478179932
11-08-1988,4.4375,4.46875,204800,4.59375,4.59375,1.2113150358200073
12-08-1988,4.4375,4.53125,499200,4.53125,4.5,1.1865942478179932
15-08-1988,4.421875,4.46875,449600,4.5,4.421875,1.16599440574646
16-08-1988,4.3125,4.4375,1172800,4.4375,4.34375,1.1453936100006104
17-08-1988,4.3125,4.375,417600,4.40625,4.359375,1.1495133638381958
18-08-1988,4.25,4.359375,354400,4.359375,4.25,1.1206724643707275
19-08-1988,4.21875,4.25,1136800,4.296875,4.296875,1.1330336332321167
22-08-1988,4.125,4.265625,225600,4.265625,4.125,1.0877118110656738
23-08-1988,4.046875,4.0625,383200,4.140625,4.0625,1.071231484413147
24-08-1988,4.046875,4.0625,573600,4.171875,4.171875,1.1000726222991943
25-08-1988,4.109375,4.140625,435200,4.3125,4.28125,1.1289132833480835
26-08-1988,4.25,4.25,191200,4.328125,4.3125,1.1371535062789917
29-08-1988,4.25,4.28125,249600,4.3125,4.28125,1.1289132833480835
30-08-1988,4.28125,4.28125,361600,4.34375,4.28125,1.1289132833480835
31-08-1988,4.265625,4.3125,195200,4.328125,4.28125,1.1289132833480835
01-09-1988,3.96875,4.25,611200,4.25,4.140625,1.0918316841125488
02-09-1988,4.0625,4.171875,1785600,4.1875,4.15625,1.0959522724151611
06-09-1988,4.1875,4.25,1011200,4.25,4.21875,1.112432837486267
07-09-1988,4.171875,4.1875,582400,4.234375,4.21875,1.112432837486267
08-09-1988,4.15625,4.1875,228000,4.1875,4.1875,1.1041927337646484
09-09-1988,4.09375,4.171875,592000,4.21875,4.1875,1.1041927337646484
12-09-1988,4.140625,4.1875,617600,4.234375,4.140625,1.0918316841125488
13-09-1988,4.125,4.125,555200,4.1875,4.1875,1.1041927337646484
14-09-1988,4.1875,4.28125,817600,4.28125,4.28125,1.1289132833480835
15-09-1988,4.25,4.25,251200,4.375,4.34375,1.1453936100006104
16-09-1988,4.265625,4.28125,1019200,4.328125,4.328125,1.1412739753723145
19-09-1988,4.28125,4.34375,571200,4.34375,4.28125,1.1289132833480835
20-09-1988,4.28125,4.28125,530400,4.359375,4.3125,1.1371535062789917
21-09-1988,4.25,4.3125,329600,4.328125,4.28125,1.1289132833480835
22-09-1988,4.265625,4.3125,409600,4.328125,4.28125,1.1289132833480835
23-09-1988,4.265625,4.265625,660800,4.359375,4.34375,1.1453936100006104
26-09-1988,4.3125,4.3125,224000,4.375,4.359375,1.1495133638381958
27-09-1988,4.359375,4.390625,456800,4.390625,4.390625,1.157753586769104
28-09-1988,4.328125,4.375,288000,4.421875,4.375,1.1536343097686768
29-09-1988,4.375,4.375,783200,4.40625,4.390625,1.157753586769104
30-09-1988,4.359375,4.40625,298400,4.40625,4.390625,1.157753586769104
03-10-1988,4.375,4.390625,715200,4.53125,4.53125,1.1948350667953491
04-10-1988,4.40625,4.5,293600,4.5,4.40625,1.1618735790252686
05-10-1988,4.34375,4.421875,194400,4.4375,4.4375,1.1701140403747559
06-10-1988,4.40625,4.4375,1096000,4.46875,4.4375,1.1701140403747559
07-10-1988,4.46875,4.46875,664800,4.59375,4.5625,1.2030750513076782
10-10-1988,4.53125,4.5625,246400,4.59375,4.578125,1.2071954011917114
11-10-1988,4.53125,4.5625,656800,4.59375,4.578125,1.2071954011917114
12-10-1988,4.3125,4.546875,706400,4.546875,4.34375,1.1453936100006104
13-10-1988,4.328125,4.328125,400800,4.4375,4.4375,1.1701140403747559
14-10-1988,4.421875,4.4375,568000,4.46875,4.421875,1.16599440574646
17-10-1988,4.421875,4.421875,281600,4.46875,4.4375,1.1701140403747559
18-10-1988,4.421875,4.421875,262400,4.484375,4.484375,1.18247389793396
19-10-1988,4.453125,4.53125,949600,4.546875,4.484375,1.18247389793396
20-10-1988,4.46875,4.5,690400,4.515625,4.515625,1.1907145977020264
21-10-1988,4.5,4.5,549600,4.546875,4.53125,1.1948350667953491
24-10-1988,4.515625,4.53125,329600,4.546875,4.515625,1.1907145977020264
25-10-1988,4.515625,4.515625,318400,4.546875,4.515625,1.1907145977020264
26-10-1988,4.5,4.515625,951200,4.53125,4.53125,1.1948350667953491
27-10-1988,4.40625,4.5,286400,4.515625,4.453125,1.1742348670959473
28-10-1988,4.34375,4.4375,398400,4.46875,4.359375,1.1813477277755737
31-10-1988,4.28125,4.328125,568800,4.375,4.34375,1.1771138906478882
01-11-1988,4.265625,4.28125,477600,4.328125,4.265625,1.1559427976608276
02-11-1988,4.203125,4.265625,444800,4.296875,4.296875,1.1644116640090942
03-11-1988,4.1875,4.296875,656800,4.296875,4.1875,1.134771466255188
04-11-1988,4.109375,4.21875,1163200,4.21875,4.125,1.117834448814392
07-11-1988,4.03125,4.078125,944800,4.09375,4.078125,1.1051323413848877
08-11-1988,4.03125,4.09375,896800,4.109375,4.046875,1.0966628789901733
09-11-1988,3.953125,4.015625,1486400,4.0625,4.03125,1.0924286842346191
10-11-1988,3.984375,4.0,752000,4.015625,4.0,1.0839605331420898
11-11-1988,3.890625,3.90625,2221600,3.9375,3.9375,1.0670236349105835
14-11-1988,3.9375,3.96875,1380000,4.03125,4.0,1.0839605331420898
15-11-1988,4.015625,4.015625,951200,4.109375,4.078125,1.1051323413848877
16-11-1988,4.0625,4.09375,844000,4.125,4.078125,1.1051323413848877
17-11-1988,4.078125,4.078125,1127200,4.109375,4.09375,1.109366536140442
18-11-1988,4.09375,4.09375,493600,4.109375,4.09375,1.109366536140442
21-11-1988,4.046875,4.125,1684000,4.125,4.125,1.117834448814392
22-11-1988,4.0625,4.09375,180800,4.109375,4.09375,1.109366536140442
23-11-1988,4.0625,4.078125,764000,4.09375,4.09375,1.109366536140442
25-11-1988,4.0,4.0625,724800,4.0625,4.015625,1.0881942510604858
28-11-1988,4.0,4.015625,761600,4.078125,4.046875,1.0966628789901733
29-11-1988,4.078125,4.078125,608800,4.171875,4.125,1.117834448814392
30-11-1988,4.09375,4.09375,1559200,4.28125,4.15625,1.1263031959533691
01-12-1988,4.125,4.15625,980000,4.234375,4.203125,1.1390055418014526
02-12-1988,4.171875,4.171875,601600,4.21875,4.1875,1.134771466255188
05-12-1988,4.1875,4.1875,1427200,4.234375,4.234375,1.1474741697311401
06-12-1988,4.21875,4.234375,1074400,4.3125,4.3125,1.1686451435089111
07-12-1988,4.296875,4.296875,1424000,4.40625,4.40625,1.1940497159957886
08-12-1988,4.328125,4.4375,800000,4.4375,4.328125,1.1728795766830444
09-12-1988,4.328125,4.34375,424000,4.375,4.375,1.1855820417404175
12-12-1988,4.359375,4.390625,272800,4.390625,4.359375,1.1813477277755737
13-12-1988,4.328125,4.328125,104000,4.34375,4.328125,1.1728795766830444
14-12-1988,4.328125,4.359375,167200,4.375,4.359375,1.1813477277755737
15-12-1988,4.328125,4.359375,423200,4.359375,4.359375,1.1813477277755737
16-12-1988,4.359375,4.375,985600,4.390625,4.375,1.1855820417404175
19-12-1988,4.3125,4.359375,1156000,4.375,4.359375,1.1813477277755737
20-12-1988,4.3125,4.390625,990400,4.390625,4.34375,1.1771138906478882
21-12-1988,4.3125,4.34375,581600,4.359375,4.3125,1.1686451435089111
22-12-1988,4.28125,4.28125,720800,4.328125,4.328125,1.1728795766830444
23-12-1988,4.296875,4.296875,360000,4.390625,4.375,1.1855820417404175
27-12-1988,4.3125,4.40625,218400,4.40625,4.328125,1.1728795766830444
28-12-1988,4.3125,4.328125,391200,4.34375,4.328125,1.1728795766830444
29-12-1988,4.34375,4.34375,81600,4.390625,4.375,1.1855820417404175
30-12-1988,4.3125,4.40625,264000,4.421875,4.34375,1.1771138906478882
03-01-1989,4.21875,4.3125,375200,4.3125,4.234375,1.1474741697311401
04-01-1989,4.25,4.265625,914400,4.375,4.3125,1.1686451435089111
05-01-1989,4.328125,4.34375,366400,4.40625,4.40625,1.1940497159957886
06-01-1989,4.4375,4.4375,576000,4.546875,4.546875,1.2321587800979614
09-01-1989,4.40625,4.53125,512000,4.546875,4.46875,1.2109873294830322
10-01-1989,4.34375,4.453125,704800,4.453125,4.421875,1.1982852220535278
11-01-1989,4.4375,4.453125,481600,4.46875,4.453125,1.2067533731460571
12-01-1989,4.375,4.453125,484000,4.46875,4.375,1.1855820417404175
13-01-1989,4.390625,4.40625,408800,4.4375,4.421875,1.1982852220535278
16-01-1989,4.375,4.421875,532800,4.4375,4.421875,1.1982852220535278
17-01-1989,4.390625,4.390625,149600,4.421875,4.390625,1.1898157596588135
18-01-1989,4.359375,4.375,572800,4.484375,4.40625,1.1940497159957886
19-01-1989,4.375,4.421875,1285600,4.421875,4.375,1.1855820417404175
20-01-1989,4.3125,4.359375,672000,4.359375,4.34375,1.1771138906478882
23-01-1989,4.28125,4.328125,962400,4.328125,4.28125,1.1601769924163818
24-01-1989,4.25,4.296875,1220800,4.296875,4.25,1.1517084836959839
25-01-1989,4.1875,4.265625,881600,4.28125,4.265625,1.1559427976608276
26-01-1989,4.25,4.28125,581600,4.375,4.375,1.1855820417404175
27-01-1989,4.34375,4.375,1802400,4.421875,4.421875,1.1982852220535278
30-01-1989,4.359375,4.375,1036000,4.421875,4.421875,1.23171067237854
31-01-1989,4.4375,4.4375,1450400,4.578125,4.5625,1.2708814144134521
01-02-1989,4.53125,4.59375,1870400,4.609375,4.578125,1.2752341032028198
02-02-1989,4.609375,4.609375,955200,4.65625,4.609375,1.2839387655258179
03-02-1989,4.578125,4.578125,925600,4.71875,4.6875,1.3057000637054443
06-02-1989,4.59375,4.65625,656800,4.6875,4.625,1.2882909774780273
07-02-1989,4.5625,4.59375,841600,4.625,4.609375,1.2839387655258179
08-02-1989,4.59375,4.625,920800,4.65625,4.59375,1.2795870304107666
09-02-1989,4.5625,4.59375,867200,4.625,4.578125,1.2752341032028198
10-02-1989,4.5,4.5625,452000,4.5625,4.515625,1.2578246593475342
13-02-1989,4.453125,4.484375,198400,4.515625,4.515625,1.2578246593475342
14-02-1989,4.421875,4.515625,209600,4.53125,4.4375,1.2360631227493286
15-02-1989,4.421875,4.453125,191200,4.5,4.484375,1.2491201162338257
16-02-1989,4.40625,4.5,460000,4.5,4.453125,1.2404152154922485
17-02-1989,4.421875,4.453125,549600,4.5,4.5,1.253472089767456
21-02-1989,4.375,4.46875,785600,4.46875,4.390625,1.223005771636963
22-02-1989,4.328125,4.421875,632800,4.421875,4.34375,1.2099497318267822
23-02-1989,4.3125,4.359375,580800,4.359375,4.3125,1.2012441158294678
24-02-1989,4.21875,4.3125,404000,4.3125,4.21875,1.175130844116211
27-02-1989,4.171875,4.25,610400,4.25,4.234375,1.1794826984405518
28-02-1989,4.203125,4.234375,297600,4.28125,4.28125,1.1925395727157593
01-03-1989,4.203125,4.3125,516000,4.3125,4.203125,1.170777678489685
02-03-1989,4.203125,4.21875,1776000,4.28125,4.234375,1.1794826984405518
03-03-1989,4.21875,4.25,284800,4.3125,4.296875,1.196892261505127
06-03-1989,4.28125,4.296875,348800,4.328125,4.296875,1.196892261505127
07-03-1989,4.234375,4.296875,504000,4.296875,4.265625,1.188186764717102
08-03-1989,4.21875,4.25,546400,4.25,4.21875,1.175130844116211
09-03-1989,4.1875,4.25,671200,4.28125,4.28125,1.1925395727157593
10-03-1989,4.234375,4.28125,460800,4.28125,4.234375,1.1794826984405518
13-03-1989,4.234375,4.265625,668000,4.28125,4.234375,1.1794826984405518
14-03-1989,4.140625,4.234375,376800,4.234375,4.140625,1.1533684730529785
15-03-1989,4.125,4.140625,2192000,4.1875,4.171875,1.1620734930038452
16-03-1989,4.171875,4.171875,1222400,4.3125,4.3125,1.2012441158294678
17-03-1989,4.171875,4.1875,2038400,4.25,4.203125,1.170777678489685
20-03-1989,4.15625,4.234375,353600,4.234375,4.171875,1.1620734930038452
21-03-1989,4.15625,4.1875,364800,4.21875,4.171875,1.1620734930038452
22-03-1989,4.1875,4.1875,844800,4.25,4.234375,1.1794826984405518
23-03-1989,4.234375,4.25,774400,4.296875,4.25,1.1838351488113403
27-03-1989,4.203125,4.25,629600,4.25,4.25,1.1838351488113403
28-03-1989,4.21875,4.21875,551200,4.3125,4.3125,1.2012441158294678
29-03-1989,4.265625,4.28125,534400,4.3125,4.265625,1.188186764717102
30-03-1989,4.1875,4.25,1124000,4.265625,4.265625,1.188186764717102
31-03-1989,4.21875,4.25,560000,4.25,4.234375,1.1794826984405518
03-04-1989,4.1875,4.203125,963200,4.28125,4.25,1.1838351488113403
04-04-1989,4.234375,4.25,560800,4.3125,4.296875,1.196892261505127
05-04-1989,4.3125,4.3125,197600,4.375,4.359375,1.2143011093139648
06-04-1989,4.296875,4.328125,239200,4.34375,4.328125,1.2055963277816772
07-04-1989,4.265625,4.34375,925600,4.34375,4.28125,1.1925395727157593
10-04-1989,4.25,4.28125,848000,4.28125,4.25,1.1838351488113403
11-04-1989,4.265625,4.265625,396800,4.28125,4.265625,1.188186764717102
12-04-1989,4.265625,4.28125,667200,4.296875,4.28125,1.1925395727157593
13-04-1989,4.25,4.3125,514400,4.3125,4.265625,1.188186764717102
14-04-1989,4.28125,4.28125,1395200,4.3125,4.296875,1.196892261505127
17-04-1989,4.21875,4.296875,199200,4.296875,4.25,1.1838351488113403
18-04-1989,4.296875,4.34375,954400,4.34375,4.3125,1.2012441158294678
19-04-1989,4.296875,4.3125,853600,4.3125,4.296875,1.196892261505127
20-04-1989,4.3125,4.3125,1865600,4.328125,4.328125,1.2055963277816772
21-04-1989,4.34375,4.34375,1598400,4.4375,4.421875,1.23171067237854
24-04-1989,4.40625,4.421875,1310400,4.421875,4.421875,1.23171067237854
25-04-1989,4.390625,4.40625,950400,4.40625,4.390625,1.223005771636963
26-04-1989,4.390625,4.40625,640800,4.421875,4.40625,1.2273584604263306
27-04-1989,4.40625,4.421875,540000,4.4375,4.421875,1.23171067237854
28-04-1989,4.375,4.421875,678400,4.421875,4.390625,1.223005771636963
01-05-1989,4.34375,4.375,319200,4.375,4.375,1.2186540365219116
02-05-1989,4.390625,4.390625,879200,4.46875,4.46875,1.2798726558685303
03-05-1989,4.46875,4.5,727200,4.5,4.5,1.2888225317001343
04-05-1989,4.453125,4.46875,405600,4.515625,4.515625,1.2932977676391602
05-05-1989,4.515625,4.515625,1311200,4.625,4.546875,1.3022481203079224
08-05-1989,4.53125,4.546875,485600,4.578125,4.5625,1.306722640991211
09-05-1989,4.46875,4.59375,408800,4.59375,4.53125,1.2977724075317383
10-05-1989,4.5625,4.5625,443200,4.625,4.609375,1.3201484680175781
11-05-1989,4.609375,4.609375,580000,4.625,4.625,1.3246233463287354
12-05-1989,4.625,4.625,1120000,4.765625,4.75,1.3604238033294678
15-05-1989,4.734375,4.75,401600,4.765625,4.765625,1.3648992776870728
16-05-1989,4.6875,4.75,690400,4.765625,4.6875,1.3425235748291016
17-05-1989,4.609375,4.65625,1081600,4.765625,4.71875,1.3514736890792847
18-05-1989,4.71875,4.71875,763200,4.828125,4.828125,1.3827998638153076
19-05-1989,4.8125,4.859375,1155200,4.921875,4.921875,1.4096497297286987
22-05-1989,4.875,4.875,586400,4.9375,4.90625,1.4051753282546997
23-05-1989,4.703125,4.875,332000,4.90625,4.71875,1.3514736890792847
24-05-1989,4.6875,4.6875,284000,4.75,4.75,1.3604238033294678
25-05-1989,4.6875,4.703125,455200,4.75,4.71875,1.3514736890792847
26-05-1989,4.703125,4.734375,203200,4.75,4.75,1.3604238033294678
30-05-1989,4.5625,4.75,804000,4.75,4.6875,1.3425235748291016
31-05-1989,4.59375,4.6875,388800,4.734375,4.625,1.3246233463287354
01-06-1989,4.625,4.625,1299200,4.671875,4.65625,1.3335732221603394
02-06-1989,4.671875,4.671875,1017600,4.78125,4.765625,1.3648992776870728
05-06-1989,4.75,4.765625,556000,4.828125,4.8125,1.3783246278762817
06-06-1989,4.796875,4.8125,1102400,4.90625,4.90625,1.4051753282546997
07-06-1989,4.875,4.9375,980800,4.96875,4.875,1.3962249755859375
08-06-1989,4.8125,4.84375,394400,4.859375,4.828125,1.3827998638153076
09-06-1989,4.796875,4.8125,256800,4.84375,4.84375,1.3872742652893066
12-06-1989,4.71875,4.8125,259200,4.84375,4.75,1.3604238033294678
13-06-1989,4.6875,4.75,774400,4.765625,4.75,1.3604238033294678
14-06-1989,4.6875,4.75,859200,4.75,4.71875,1.3514736890792847
15-06-1989,4.59375,4.6875,264000,4.703125,4.59375,1.315673589706421
16-06-1989,4.46875,4.5,1141600,4.625,4.625,1.3246233463287354
19-06-1989,4.59375,4.59375,520000,4.71875,4.71875,1.3514736890792847
20-06-1989,4.625,4.6875,1220000,4.734375,4.640625,1.3290987014770508
21-06-1989,4.625,4.640625,1598400,4.75,4.75,1.3604238033294678
22-06-1989,4.71875,4.75,1174400,4.8125,4.8125,1.3783246278762817
23-06-1989,4.84375,4.84375,729600,4.9375,4.9375,1.414125919342041
26-06-1989,4.859375,4.875,548800,4.90625,4.90625,1.4051753282546997
27-06-1989,4.84375,4.875,1066400,4.890625,4.875,1.3962249755859375
28-06-1989,4.71875,4.890625,1214400,4.890625,4.78125,1.3693746328353882
29-06-1989,4.625,4.75,1294400,4.75,4.625,1.3246233463287354
30-06-1989,4.4375,4.59375,1933600,4.625,4.609375,1.3201484680175781
03-07-1989,4.59375,4.640625,160800,4.640625,4.625,1.3246233463287354
05-07-1989,4.515625,4.59375,902400,4.59375,4.5625,1.306722640991211
06-07-1989,4.59375,4.59375,1103200,4.625,4.625,1.3246233463287354
07-07-1989,4.59375,4.65625,1164000,4.71875,4.71875,1.3514736890792847
10-07-1989,4.703125,4.78125,453600,4.78125,4.78125,1.3693746328353882
11-07-1989,4.78125,4.78125,407200,4.828125,4.8125,1.3783246278762817
12-07-1989,4.6875,4.78125,774400,4.78125,4.75,1.3604238033294678
13-07-1989,4.734375,4.78125,352800,4.78125,4.75,1.3604238033294678
14-07-1989,4.75,4.75,1136000,4.875,4.875,1.3962249755859375
17-07-1989,4.84375,4.875,269600,4.921875,4.859375,1.3917505741119385
18-07-1989,4.71875,4.8125,742400,4.8125,4.75,1.3604238033294678
19-07-1989,4.78125,4.875,452000,4.875,4.828125,1.3827998638153076
20-07-1989,4.8125,4.8125,303200,4.859375,4.8125,1.3783246278762817
21-07-1989,4.78125,4.78125,1200800,4.890625,4.890625,1.400699496269226
24-07-1989,4.8125,4.890625,546400,4.921875,4.8125,1.3783246278762817
25-07-1989,4.84375,4.84375,432800,4.921875,4.890625,1.400699496269226
26-07-1989,4.875,4.890625,498400,4.9375,4.921875,1.4096497297286987
27-07-1989,4.90625,4.921875,780800,5.0,5.0,1.4320250749588013
28-07-1989,4.96875,4.96875,995200,5.03125,5.015625,1.4365007877349854
31-07-1989,4.984375,5.0,488000,5.046875,5.046875,1.445451021194458
01-08-1989,5.015625,5.046875,600000,5.078125,5.078125,1.499074101448059
02-08-1989,5.046875,5.0625,539200,5.125,5.125,1.5129115581512451
03-08-1989,5.0625,5.125,693600,5.125,5.0625,1.4944608211517334
04-08-1989,5.0,5.03125,1183200,5.15625,5.15625,1.522136926651001
07-08-1989,5.1875,5.1875,1458400,5.40625,5.375,1.58671236038208
08-08-1989,5.34375,5.421875,774400,5.421875,5.34375,1.5774872303009033
09-08-1989,5.28125,5.375,643200,5.390625,5.3125,1.5682618618011475
10-08-1989,5.171875,5.28125,823200,5.28125,5.234375,1.545200228691101
11-08-1989,5.25,5.25,1835200,5.34375,5.328125,1.5728745460510254
14-08-1989,5.3125,5.3125,637600,5.40625,5.3125,1.5682618618011475
15-08-1989,5.3125,5.3125,531200,5.40625,5.359375,1.5821000337600708
16-08-1989,5.328125,5.375,639200,5.375,5.34375,1.5774872303009033
17-08-1989,5.3125,5.3125,863200,5.390625,5.375,1.58671236038208
18-08-1989,5.390625,5.40625,730400,5.5,5.46875,1.614388108253479
21-08-1989,5.328125,5.46875,516000,5.46875,5.328125,1.5728745460510254
22-08-1989,5.25,5.3125,530400,5.34375,5.3125,1.5682618618011475
23-08-1989,5.328125,5.328125,488800,5.4375,5.375,1.58671236038208
24-08-1989,5.40625,5.40625,959200,5.625,5.625,1.6605126857757568
25-08-1989,5.4375,5.59375,716000,5.59375,5.453125,1.6097755432128906
28-08-1989,5.4375,5.4375,271200,5.609375,5.578125,1.6466749906539917
29-08-1989,5.5625,5.59375,416800,5.65625,5.609375,1.6558994054794312
30-08-1989,5.53125,5.578125,682400,5.625,5.59375,1.6512876749038696
31-08-1989,5.53125,5.578125,248800,5.640625,5.640625,1.665124773979187
01-09-1989,5.65625,5.65625,1063200,5.9375,5.890625,1.7389243841171265
05-09-1989,5.8125,5.84375,530400,5.859375,5.828125,1.7204761505126953
06-09-1989,5.71875,5.828125,343200,5.828125,5.71875,1.6881871223449707
07-09-1989,5.671875,5.6875,780800,5.765625,5.71875,1.6881871223449707
08-09-1989,5.53125,5.703125,1108800,5.703125,5.5625,1.6420609951019287
11-09-1989,5.46875,5.578125,400800,5.578125,5.46875,1.614388108253479
12-09-1989,5.46875,5.5,356800,5.5,5.46875,1.614388108253479
13-09-1989,5.453125,5.5,506400,5.53125,5.453125,1.6097755432128906
14-09-1989,5.375,5.453125,336000,5.453125,5.4375,1.6051617860794067
15-09-1989,5.375,5.390625,1312800,5.46875,5.46875,1.614388108253479
18-09-1989,5.40625,5.4375,240800,5.46875,5.4375,1.6051617860794067
19-09-1989,5.390625,5.421875,152000,5.421875,5.390625,1.5913251638412476
20-09-1989,5.390625,5.40625,414400,5.421875,5.390625,1.5913251638412476
21-09-1989,5.375,5.390625,306400,5.40625,5.375,1.58671236038208
22-09-1989,5.375,5.40625,419200,5.421875,5.390625,1.5913251638412476
25-09-1989,5.375,5.375,881600,5.421875,5.375,1.58671236038208
26-09-1989,5.375,5.390625,316000,5.390625,5.375,1.58671236038208
27-09-1989,5.390625,5.40625,139200,5.421875,5.40625,1.5959378480911255
28-09-1989,5.375,5.4375,240800,5.4375,5.375,1.58671236038208
29-09-1989,5.359375,5.375,469600,5.421875,5.390625,1.5913251638412476
02-10-1989,5.375,5.375,251200,5.46875,5.46875,1.614388108253479
03-10-1989,5.453125,5.453125,288000,5.5625,5.5625,1.6420609951019287
04-10-1989,5.578125,5.59375,690400,5.6875,5.6875,1.6789625883102417
05-10-1989,5.671875,5.71875,514400,5.71875,5.71875,1.6881871223449707
06-10-1989,5.703125,5.734375,192800,5.734375,5.703125,1.6835753917694092
09-10-1989,5.671875,5.6875,156000,5.703125,5.671875,1.674350619316101
10-10-1989,5.65625,5.6875,216000,5.703125,5.703125,1.6835753917694092
11-10-1989,5.671875,5.671875,372800,5.84375,5.796875,1.7112512588500977
12-10-1989,5.734375,5.8125,324800,5.8125,5.765625,1.7020254135131836
13-10-1989,5.375,5.734375,791200,5.734375,5.390625,1.5913251638412476
16-10-1989,5.140625,5.375,1560000,5.375,5.21875,1.540587306022644
17-10-1989,5.203125,5.25,850400,5.3125,5.265625,1.5544242858886719
18-10-1989,5.234375,5.25,900800,5.3125,5.234375,1.545200228691101
19-10-1989,5.234375,5.265625,705600,5.328125,5.296875,1.563649296760559
20-10-1989,5.265625,5.296875,552000,5.34375,5.34375,1.5774872303009033
23-10-1989,5.328125,5.328125,692800,5.390625,5.359375,1.5821000337600708
24-10-1989,5.15625,5.328125,625600,5.34375,5.296875,1.563649296760559
25-10-1989,5.1875,5.328125,564000,5.328125,5.1875,1.5313621759414673
26-10-1989,5.0625,5.171875,492000,5.1875,5.09375,1.503686785697937
27-10-1989,4.84375,5.078125,1513600,5.078125,4.84375,1.429885745048523
30-10-1989,4.875,4.90625,609600,4.96875,4.9375,1.4575620889663696
31-10-1989,4.96875,5.0,709600,5.0625,5.0625,1.541413426399231
01-11-1989,4.96875,5.046875,752000,5.046875,5.03125,1.5318999290466309
02-11-1989,4.96875,5.015625,464800,5.09375,4.96875,1.5128692388534546
03-11-1989,4.96875,4.984375,404800,5.0,4.96875,1.5128692388534546
06-11-1989,4.9375,4.96875,999200,4.984375,4.9375,1.5033553838729858
07-11-1989,4.921875,4.953125,834400,4.984375,4.984375,1.5176275968551636
08-11-1989,4.984375,5.0,347200,5.03125,5.03125,1.5318999290466309
09-11-1989,4.984375,5.03125,1575200,5.03125,4.984375,1.5176275968551636
10-11-1989,4.984375,5.0,417600,5.015625,5.0,1.5223840475082397
13-11-1989,4.96875,5.0,768000,5.0,5.0,1.5223840475082397
14-11-1989,4.984375,5.03125,133600,5.0625,5.0,1.5223840475082397
15-11-1989,5.0,5.0,471200,5.25,5.21875,1.5889892578125
16-11-1989,5.21875,5.25,272000,5.3125,5.296875,1.6127756834030151
17-11-1989,5.25,5.28125,369600,5.3125,5.25,1.5985023975372314
20-11-1989,5.125,5.25,284800,5.25,5.140625,1.565201997756958
21-11-1989,5.09375,5.15625,597600,5.15625,5.109375,1.555687427520752
22-11-1989,4.96875,5.125,1102400,5.125,5.0,1.5223840475082397
24-11-1989,5.015625,5.03125,247200,5.0625,5.0625,1.541413426399231
27-11-1989,5.0625,5.09375,352800,5.09375,5.0625,1.541413426399231
28-11-1989,5.0625,5.09375,294400,5.109375,5.09375,1.550929069519043
29-11-1989,5.09375,5.09375,929600,5.140625,5.125,1.5604439973831177
30-11-1989,5.0625,5.125,245600,5.140625,5.140625,1.565201997756958
01-12-1989,5.109375,5.140625,676000,5.203125,5.15625,1.569959044456482
04-12-1989,5.125,5.171875,724000,5.171875,5.15625,1.569959044456482
05-12-1989,5.0625,5.15625,351200,5.203125,5.109375,1.555687427520752
06-12-1989,5.09375,5.09375,568000,5.15625,5.140625,1.565201997756958
07-12-1989,5.140625,5.140625,204000,5.15625,5.140625,1.565201997756958
08-12-1989,5.15625,5.15625,186400,5.1875,5.171875,1.5747166872024536
11-12-1989,5.171875,5.1875,179200,5.28125,5.21875,1.5889892578125
12-12-1989,5.25,5.25,658400,5.34375,5.34375,1.627048373222351
13-12-1989,5.21875,5.3125,594400,5.34375,5.3125,1.6175330877304077
14-12-1989,5.28125,5.28125,136000,5.328125,5.328125,1.6222906112670898
15-12-1989,5.25,5.328125,864000,5.34375,5.328125,1.6222906112670898
18-12-1989,5.234375,5.3125,599200,5.359375,5.265625,1.6032606363296509
19-12-1989,5.203125,5.203125,648800,5.25,5.234375,1.5937467813491821
20-12-1989,5.125,5.25,2066400,5.25,5.171875,1.5747166872024536
21-12-1989,5.171875,5.203125,984800,5.21875,5.21875,1.5889892578125
22-12-1989,5.234375,5.25,124000,5.28125,5.25,1.5985023975372314
26-12-1989,5.265625,5.28125,16800,5.28125,5.28125,1.608018159866333
27-12-1989,5.265625,5.265625,247200,5.4375,5.4375,1.6555923223495483
28-12-1989,5.4375,5.4375,147200,5.625,5.578125,1.6984097957611084
29-12-1989,5.5625,5.5625,174400,5.609375,5.609375,1.7079240083694458
02-01-1990,5.53125,5.578125,541600,5.875,5.875,1.788801908493042
03-01-1990,5.65625,5.84375,493600,5.859375,5.734375,1.7459840774536133
04-01-1990,5.53125,5.703125,244800,5.703125,5.625,1.7126823663711548
05-01-1990,5.578125,5.625,203200,5.625,5.59375,1.7031676769256592
08-01-1990,5.53125,5.5625,304800,5.625,5.578125,1.6984097957611084
09-01-1990,5.53125,5.546875,551200,5.59375,5.5625,1.6936509609222412
10-01-1990,5.5,5.5625,324000,5.578125,5.5625,1.6936509609222412
11-01-1990,5.546875,5.59375,465600,5.640625,5.5625,1.6936509609222412
12-01-1990,5.40625,5.46875,341600,5.53125,5.4375,1.6555923223495483
15-01-1990,5.3125,5.40625,387200,5.40625,5.328125,1.6222906112670898
16-01-1990,5.265625,5.296875,508000,5.3125,5.3125,1.6175330877304077
17-01-1990,5.25,5.3125,727200,5.328125,5.296875,1.6127756834030151
18-01-1990,5.28125,5.28125,307200,5.375,5.375,1.6365631818771362
19-01-1990,5.328125,5.40625,692000,5.453125,5.328125,1.6222906112670898
22-01-1990,5.15625,5.34375,356800,5.359375,5.171875,1.5747166872024536
23-01-1990,5.171875,5.171875,428000,5.296875,5.1875,1.5794739723205566
24-01-1990,5.109375,5.125,339200,5.21875,5.21875,1.5889892578125
25-01-1990,5.171875,5.28125,259200,5.296875,5.171875,1.5747166872024536
26-01-1990,5.125,5.125,255200,5.1875,5.1875,1.5794739723205566
29-01-1990,5.0625,5.203125,266400,5.203125,5.203125,1.5842304229736328
30-01-1990,5.0625,5.203125,441600,5.203125,5.125,1.6068923473358154
31-01-1990,5.09375,5.09375,328800,5.203125,5.203125,1.6313867568969727
01-02-1990,5.15625,5.1875,314400,5.21875,5.1875,1.6264886856079102
02-02-1990,5.15625,5.15625,331200,5.34375,5.3125,1.6656808853149414
05-02-1990,5.296875,5.3125,452000,5.40625,5.390625,1.6901767253875732
06-02-1990,5.34375,5.375,184800,5.453125,5.453125,1.7097731828689575
07-02-1990,5.421875,5.46875,1123200,5.75,5.75,1.8028557300567627
08-02-1990,5.71875,5.78125,789600,5.828125,5.734375,1.7979551553726196
09-02-1990,5.65625,5.734375,679200,5.75,5.734375,1.7979551553726196
12-02-1990,5.65625,5.703125,616000,5.703125,5.65625,1.7734615802764893
13-02-1990,5.625,5.65625,199200,5.75,5.703125,1.7881574630737305
14-02-1990,5.71875,5.734375,508800,5.78125,5.75,1.8028557300567627
15-02-1990,5.703125,5.75,857600,5.78125,5.703125,1.7881574630737305
16-02-1990,5.71875,5.71875,853600,5.828125,5.796875,1.8175524473190308
20-02-1990,5.65625,5.78125,687200,5.796875,5.71875,1.793055772781372
21-02-1990,5.53125,5.65625,600000,5.65625,5.609375,1.7587621212005615
22-02-1990,5.59375,5.609375,271200,5.71875,5.625,1.7636620998382568
23-02-1990,5.546875,5.625,403200,5.71875,5.6875,1.7832584381103516
26-02-1990,5.6875,5.71875,200800,5.75,5.75,1.8028557300567627
27-02-1990,5.734375,5.734375,779200,5.8125,5.78125,1.8126522302627563
28-02-1990,5.75,5.75,1509600,6.046875,6.0,1.8812395334243774
01-03-1990,5.9375,6.015625,1880000,6.0625,5.984375,1.8763412237167358
02-03-1990,5.953125,6.03125,521600,6.03125,5.984375,1.8763412237167358
05-03-1990,5.9375,5.953125,1745600,6.265625,6.25,1.9596246480941772
06-03-1990,6.09375,6.25,1144800,6.25,6.171875,1.9351295232772827
07-03-1990,6.109375,6.1875,488000,6.203125,6.125,1.920432209968567
08-03-1990,5.984375,6.140625,764000,6.140625,6.078125,1.9057353734970093
09-03-1990,6.09375,6.109375,953600,6.15625,6.125,1.920432209968567
12-03-1990,5.9375,6.0625,796000,6.078125,6.0625,1.9008362293243408
13-03-1990,5.96875,6.0625,392800,6.0625,6.0,1.8812395334243774
14-03-1990,6.015625,6.015625,812800,6.09375,6.0625,1.9008362293243408
15-03-1990,6.0625,6.09375,790400,6.09375,6.09375,1.9106345176696777
16-03-1990,6.15625,6.1875,2000000,6.265625,6.1875,1.940029501914978
19-03-1990,6.125,6.15625,392000,6.203125,6.125,1.920432209968567
20-03-1990,6.046875,6.140625,649600,6.140625,6.046875,1.8959375619888306
21-03-1990,6.015625,6.078125,614400,6.078125,6.03125,1.8910380601882935
22-03-1990,6.0,6.046875,412000,6.078125,6.046875,1.8959375619888306
23-03-1990,6.046875,6.078125,523200,6.15625,6.109375,1.9155337810516357
26-03-1990,6.078125,6.078125,276800,6.1875,6.15625,1.9302295446395874
27-03-1990,6.140625,6.15625,302400,6.25,6.203125,1.9449270963668823
28-03-1990,6.203125,6.234375,555200,6.25,6.25,1.9596246480941772
29-03-1990,6.234375,6.234375,678400,6.359375,6.359375,1.9939188957214355
30-03-1990,6.234375,6.3125,383200,6.3125,6.3125,1.9792215824127197
02-04-1990,6.1875,6.28125,270400,6.28125,6.203125,1.9449270963668823
03-04-1990,6.171875,6.171875,307200,6.28125,6.265625,1.964523434638977
04-04-1990,6.234375,6.234375,1170400,6.3125,6.296875,1.9743216037750244
05-04-1990,6.296875,6.296875,827200,6.4375,6.40625,2.008615493774414
06-04-1990,6.390625,6.421875,669600,6.453125,6.453125,2.023312568664551
09-04-1990,6.390625,6.453125,596800,6.453125,6.421875,2.0135154724121094
10-04-1990,6.265625,6.390625,451200,6.390625,6.265625,1.964523434638977
11-04-1990,6.21875,6.25,1131200,6.28125,6.25,1.9596246480941772
12-04-1990,6.21875,6.21875,753600,6.296875,6.296875,1.9743216037750244
16-04-1990,6.265625,6.28125,132800,6.3125,6.265625,1.964523434638977
17-04-1990,6.203125,6.25,171200,6.25,6.21875,1.9498265981674194
18-04-1990,6.140625,6.25,491200,6.28125,6.140625,1.9253311157226562
19-04-1990,6.0,6.0625,1178400,6.109375,6.0,1.8812395334243774
20-04-1990,6.0,6.03125,1656800,6.0625,6.015625,1.886138677597046
23-04-1990,6.0,6.0,514400,6.125,6.109375,1.9155337810516357
24-04-1990,6.109375,6.125,246400,6.15625,6.140625,1.9253311157226562
25-04-1990,6.109375,6.109375,980000,6.25,6.203125,1.9449270963668823
26-04-1990,6.21875,6.21875,672000,6.375,6.375,1.9988162517547607
27-04-1990,6.28125,6.34375,798400,6.40625,6.28125,1.9694225788116455
30-04-1990,6.28125,6.28125,269600,6.328125,6.328125,1.984119176864624
01-05-1990,6.3125,6.3125,529600,6.375,6.359375,1.9939188957214355
02-05-1990,6.3125,6.328125,123200,6.359375,6.34375,1.989018440246582
03-05-1990,6.328125,6.34375,468000,6.40625,6.359375,2.042339563369751
04-05-1990,6.3125,6.34375,287200,6.359375,6.34375,2.0373198986053467
07-05-1990,6.3125,6.34375,932000,6.5,6.5,2.0875003337860107
08-05-1990,6.515625,6.515625,612000,6.671875,6.640625,2.132662057876587
09-05-1990,6.5625,6.640625,420800,6.640625,6.59375,2.1176083087921143
10-05-1990,6.5,6.59375,346400,6.59375,6.5,2.0875003337860107
11-05-1990,6.453125,6.53125,504800,6.59375,6.59375,2.1176083087921143
14-05-1990,6.5625,6.5625,709600,6.9375,6.9375,2.22800612449646
15-05-1990,6.828125,6.9375,696800,6.9375,6.859375,2.202916383743286
16-05-1990,6.8125,6.828125,320800,6.875,6.859375,2.202916383743286
17-05-1990,6.84375,6.859375,167200,6.875,6.84375,2.197897434234619
18-05-1990,6.828125,6.84375,548800,6.90625,6.90625,2.2179696559906006
21-05-1990,6.90625,6.90625,516000,7.03125,7.03125,2.2581140995025635
22-05-1990,6.9375,7.015625,442400,7.109375,7.046875,2.2631325721740723
23-05-1990,6.96875,7.0625,263200,7.078125,6.96875,2.238041877746582
24-05-1990,6.828125,6.9375,1128000,6.953125,6.921875,2.222987413406372
25-05-1990,6.890625,6.9375,365600,6.9375,6.890625,2.2129507064819336
29-05-1990,6.84375,6.890625,163200,6.890625,6.875,2.2079343795776367
30-05-1990,6.875,6.875,338400,6.9375,6.875,2.2079343795776367
31-05-1990,6.859375,6.875,470400,6.90625,6.859375,2.202916383743286
01-06-1990,6.84375,6.890625,624800,6.90625,6.890625,2.2129507064819336
04-06-1990,6.828125,6.859375,384000,6.9375,6.921875,2.222987413406372
05-06-1990,6.84375,6.9375,851200,6.9375,6.859375,2.202916383743286
06-06-1990,6.8125,6.828125,254400,6.859375,6.8125,2.1878607273101807
07-06-1990,6.640625,6.78125,643200,6.78125,6.703125,2.1527345180511475
08-06-1990,6.625,6.71875,521600,6.71875,6.625,2.1276440620422363
11-06-1990,6.609375,6.625,270400,6.640625,6.640625,2.132662057876587
12-06-1990,6.6875,6.6875,497600,6.90625,6.90625,2.2179696559906006
13-06-1990,6.875,6.90625,828800,6.953125,6.90625,2.2179696559906006
14-06-1990,6.796875,6.90625,138400,6.90625,6.8125,2.1878607273101807
15-06-1990,6.6875,6.75,695200,6.75,6.734375,2.162770986557007
18-06-1990,6.625,6.703125,196000,6.703125,6.625,2.1276440620422363
19-06-1990,6.578125,6.59375,332000,6.640625,6.640625,2.132662057876587
20-06-1990,6.625,6.640625,181600,6.671875,6.671875,2.1426987648010254
21-06-1990,6.625,6.65625,653600,6.71875,6.625,2.1276440620422363
22-06-1990,6.5625,6.59375,350400,6.734375,6.5625,2.107572555541992
25-06-1990,6.375,6.59375,836000,6.59375,6.40625,2.0573930740356445
26-06-1990,6.5,6.5,292800,6.609375,6.546875,2.102555274963379
27-06-1990,6.53125,6.5625,552000,6.59375,6.578125,2.1125917434692383
28-06-1990,6.5625,6.609375,296000,6.640625,6.640625,2.132662057876587
29-06-1990,6.640625,6.671875,384000,6.734375,6.734375,2.162770986557007
02-07-1990,6.6875,6.75,366400,6.75,6.734375,2.162770986557007
03-07-1990,6.6875,6.6875,399200,6.78125,6.78125,2.177825450897217
05-07-1990,6.6875,6.75,604000,6.75,6.734375,2.162770986557007
06-07-1990,6.734375,6.75,241600,6.796875,6.796875,2.1828434467315674
09-07-1990,6.75,6.796875,1056800,6.796875,6.78125,2.177825450897217
10-07-1990,6.65625,6.796875,432800,6.8125,6.6875,2.1477179527282715
11-07-1990,6.703125,6.703125,441600,6.828125,6.828125,2.1928787231445312
12-07-1990,6.828125,6.859375,506400,7.09375,7.09375,2.2781851291656494
13-07-1990,7.0625,7.078125,495200,7.15625,7.09375,2.2781851291656494
16-07-1990,7.0625,7.09375,285600,7.125,7.125,2.288221836090088
17-07-1990,7.09375,7.171875,9865600,7.171875,7.15625,2.2982585430145264
18-07-1990,7.03125,7.15625,243200,7.15625,7.03125,2.2581140995025635
19-07-1990,6.90625,7.0,546400,7.03125,7.03125,2.2581140995025635
20-07-1990,6.890625,7.0,1200000,7.0,6.890625,2.2129507064819336
23-07-1990,6.65625,6.921875,690400,6.921875,6.6875,2.1477179527282715
24-07-1990,6.375,6.6875,952000,6.6875,6.46875,2.0774648189544678
25-07-1990,6.4375,6.46875,1516000,6.625,6.515625,2.0925183296203613
26-07-1990,6.46875,6.53125,713600,6.5625,6.546875,2.102555274963379
27-07-1990,6.4375,6.515625,466400,6.59375,6.46875,2.0774648189544678
30-07-1990,6.34375,6.5,238400,6.5,6.453125,2.072446584701538
31-07-1990,6.421875,6.5,520800,6.5,6.484375,2.082482099533081
01-08-1990,6.4375,6.484375,278400,6.5,6.5,2.0875003337860107
02-08-1990,6.40625,6.453125,514400,6.546875,6.546875,2.102555274963379
03-08-1990,6.1875,6.484375,1109600,6.484375,6.28125,2.074277877807617
06-08-1990,5.90625,6.15625,1072800,6.15625,6.0,1.9814010858535767
07-08-1990,5.78125,6.03125,810400,6.0625,5.78125,1.9091614484786987
08-08-1990,5.671875,5.8125,912800,5.84375,5.796875,1.914322018623352
09-08-1990,5.703125,5.796875,756000,5.8125,5.71875,1.8885215520858765
10-08-1990,5.640625,5.6875,1305600,5.703125,5.703125,1.8833621740341187
13-08-1990,5.625,5.671875,452000,5.671875,5.640625,1.8627227544784546
14-08-1990,5.5,5.671875,588800,5.671875,5.65625,1.8678838014602661
15-08-1990,5.65625,5.6875,192000,5.6875,5.65625,1.8678838014602661
16-08-1990,5.453125,5.65625,524000,5.6875,5.453125,1.8008043766021729
17-08-1990,5.34375,5.4375,404800,5.46875,5.453125,1.8008043766021729
20-08-1990,5.40625,5.453125,308800,5.5625,5.546875,1.8317642211914062
21-08-1990,5.34375,5.4375,716000,5.4375,5.40625,1.7853249311447144
22-08-1990,5.296875,5.390625,377600,5.40625,5.296875,1.7492048740386963
23-08-1990,5.15625,5.15625,1391200,5.296875,5.28125,1.7440451383590698
24-08-1990,5.28125,5.296875,434400,5.359375,5.359375,1.769844651222229
27-08-1990,5.484375,5.484375,638400,5.5625,5.5625,1.8369219303131104
28-08-1990,5.546875,5.578125,679200,5.578125,5.546875,1.8317642211914062
29-08-1990,5.53125,5.5625,964800,5.640625,5.640625,1.8627227544784546
30-08-1990,5.59375,5.671875,563200,5.6875,5.59375,1.8472437858581543
31-08-1990,5.59375,5.609375,680000,5.875,5.875,1.9401224851608276
04-09-1990,5.8125,5.84375,1010400,5.859375,5.859375,1.9349614381790161
05-09-1990,5.796875,5.859375,592000,5.875,5.8125,1.9194815158843994
06-09-1990,5.75,5.75,668000,5.796875,5.75,1.898842692375183
07-09-1990,5.671875,5.71875,878400,5.734375,5.671875,1.873042345046997
10-09-1990,5.59375,5.703125,1038400,5.71875,5.59375,1.8472437858581543
11-09-1990,5.5625,5.609375,133600,5.609375,5.578125,1.8420841693878174
12-09-1990,5.5625,5.5625,768800,5.625,5.625,1.8575631380081177
13-09-1990,5.59375,5.65625,626400,5.65625,5.59375,1.8472437858581543
14-09-1990,5.546875,5.578125,476800,5.59375,5.5625,1.8369219303131104
17-09-1990,5.5,5.53125,110400,5.546875,5.5,1.816284418106079
18-09-1990,5.46875,5.5,635200,5.59375,5.5625,1.8369219303131104
19-09-1990,5.46875,5.59375,392800,5.59375,5.53125,1.826603889465332
20-09-1990,5.34375,5.46875,433600,5.46875,5.375,1.775004506111145
21-09-1990,5.359375,5.375,736800,5.40625,5.375,1.775004506111145
24-09-1990,5.34375,5.359375,158400,5.375,5.34375,1.7646851539611816
25-09-1990,5.328125,5.34375,211200,5.421875,5.375,1.775004506111145
26-09-1990,5.328125,5.40625,238400,5.40625,5.375,1.775004506111145
27-09-1990,5.171875,5.40625,368000,5.4375,5.203125,1.7182462215423584
28-09-1990,5.140625,5.140625,488800,5.59375,5.59375,1.8472437858581543
01-10-1990,5.5625,5.578125,787200,5.796875,5.625,1.8575631380081177
02-10-1990,5.625,5.625,932000,5.8125,5.78125,1.9091614484786987
03-10-1990,5.78125,5.796875,232000,5.859375,5.78125,1.9091614484786987
04-10-1990,5.75,5.796875,290400,5.8125,5.75,1.898842692375183
05-10-1990,5.6875,5.6875,1481600,5.75,5.734375,1.8936818838119507
08-10-1990,5.75,5.765625,76000,5.796875,5.796875,1.914322018623352
09-10-1990,5.609375,5.765625,1248800,5.765625,5.609375,1.852402925491333
10-10-1990,5.5,5.578125,1283200,5.578125,5.5,1.816284418106079
11-10-1990,5.4375,5.46875,1306400,5.484375,5.453125,1.8008043766021729
12-10-1990,5.453125,5.453125,351200,5.515625,5.5,1.816284418106079
15-10-1990,5.4375,5.53125,434400,5.53125,5.46875,1.8059635162353516
16-10-1990,5.40625,5.46875,437600,5.484375,5.421875,1.790484070777893
17-10-1990,5.3125,5.390625,1281600,5.46875,5.3125,1.7543638944625854
18-10-1990,5.3125,5.3125,836800,5.421875,5.421875,1.790484070777893
19-10-1990,5.375,5.484375,466400,5.484375,5.40625,1.7853249311447144
22-10-1990,5.375,5.375,825600,5.4375,5.4375,1.7956440448760986
23-10-1990,5.3125,5.40625,339200,5.40625,5.3125,1.7543638944625854
24-10-1990,5.234375,5.25,720000,5.25,5.234375,1.7285659313201904
25-10-1990,5.234375,5.234375,829600,5.265625,5.25,1.7337250709533691
26-10-1990,5.265625,5.265625,429600,5.34375,5.34375,1.7646851539611816
29-10-1990,5.28125,5.34375,168000,5.453125,5.3125,1.7543638944625854
30-10-1990,5.265625,5.34375,312800,5.359375,5.265625,1.7388856410980225
31-10-1990,5.203125,5.25,1173600,5.265625,5.21875,1.7234055995941162
01-11-1990,4.90625,5.1875,4266400,5.1875,4.9375,1.6887763738632202
02-11-1990,4.9375,4.9375,1751200,5.140625,5.125,1.752905011177063
05-11-1990,5.15625,5.171875,860800,5.21875,5.1875,1.774282693862915
06-11-1990,5.171875,5.171875,1004000,5.25,5.1875,1.774282693862915
07-11-1990,5.15625,5.1875,472800,5.203125,5.1875,1.774282693862915
08-11-1990,5.1875,5.203125,417600,5.234375,5.21875,1.784970998764038
09-11-1990,5.234375,5.25,356000,5.4375,5.4375,1.8597900867462158
12-11-1990,5.421875,5.421875,200800,5.53125,5.515625,1.8865116834640503
13-11-1990,5.421875,5.53125,172000,5.53125,5.421875,1.8544458150863647
14-11-1990,5.359375,5.40625,136000,5.4375,5.421875,1.8544458150863647
15-11-1990,5.359375,5.390625,239200,5.453125,5.40625,1.8491023778915405
16-11-1990,5.4375,5.453125,184000,5.453125,5.453125,1.8651347160339355
19-11-1990,5.453125,5.453125,264800,5.65625,5.65625,1.9346104860305786
20-11-1990,5.53125,5.65625,281600,5.6875,5.53125,1.8918558359146118
21-11-1990,5.53125,5.5625,254400,5.59375,5.59375,1.9132331609725952
23-11-1990,5.53125,5.5625,92000,5.609375,5.546875,1.897200584411621
26-11-1990,5.46875,5.5,187200,5.515625,5.5,1.8811677694320679
27-11-1990,5.5,5.5,547200,5.5625,5.546875,1.897200584411621
28-11-1990,5.5625,5.609375,558400,5.625,5.625,1.9239211082458496
29-11-1990,5.609375,5.625,693600,5.6875,5.625,1.9239211082458496
30-11-1990,5.578125,5.625,795200,5.71875,5.71875,1.955985426902771
03-12-1990,5.75,5.75,592000,5.8125,5.75,1.9666752815246582
04-12-1990,5.71875,5.75,786400,5.796875,5.796875,1.9827076196670532
05-12-1990,5.640625,5.78125,481600,5.78125,5.75,1.9666752815246582
06-12-1990,5.796875,5.84375,539200,5.9375,5.9375,2.030806064605713
07-12-1990,5.828125,5.875,336800,5.90625,5.890625,2.0147719383239746
10-12-1990,5.78125,5.875,351200,5.90625,5.90625,2.0201175212860107
11-12-1990,5.875,5.9375,361600,6.0,5.984375,2.0468389987945557
12-12-1990,5.96875,6.0,535200,6.0625,6.0625,2.0735607147216797
13-12-1990,6.0,6.046875,747200,6.078125,6.015625,2.057525873184204
14-12-1990,5.90625,5.96875,266400,6.03125,6.03125,2.0628697872161865
17-12-1990,5.9375,6.0,592800,6.0625,5.96875,2.0414936542510986
18-12-1990,5.875,5.96875,805600,5.96875,5.9375,2.030806064605713
19-12-1990,5.828125,5.90625,664800,5.921875,5.90625,2.0201175212860107
20-12-1990,5.84375,5.84375,377600,5.921875,5.921875,2.0254621505737305
21-12-1990,5.96875,6.109375,1605600,6.109375,6.046875,2.06821608543396
24-12-1990,6.0,6.0625,157600,6.0625,6.015625,2.057525873184204
26-12-1990,6.046875,6.046875,499200,6.109375,6.078125,2.078903913497925
27-12-1990,6.0625,6.0625,183200,6.078125,6.0625,2.0735607147216797
28-12-1990,6.03125,6.046875,103200,6.078125,6.0625,2.0735607147216797
31-12-1990,6.0,6.0625,283200,6.0625,6.03125,2.0628697872161865
02-01-1991,6.0,6.03125,632800,6.0625,6.03125,2.0628697872161865
03-01-1991,5.96875,6.015625,721600,6.03125,5.96875,2.0414936542510986
04-01-1991,5.90625,5.921875,634400,5.953125,5.90625,2.0201175212860107
07-01-1991,5.796875,5.875,775200,5.90625,5.796875,1.9827076196670532
08-01-1991,5.71875,5.796875,868000,5.796875,5.71875,1.955985426902771
09-01-1991,5.734375,5.75,1192000,5.875,5.734375,1.9613301753997803
10-01-1991,5.703125,5.734375,736800,5.78125,5.78125,1.9773626327514648
11-01-1991,5.75,5.75,552000,5.78125,5.78125,1.9773626327514648
14-01-1991,5.71875,5.734375,317600,5.75,5.75,1.9666752815246582
15-01-1991,5.734375,5.75,480800,5.765625,5.765625,1.9720195531845093
16-01-1991,5.75,5.765625,592800,5.8125,5.796875,1.9827076196670532
17-01-1991,5.828125,5.828125,1499200,6.09375,6.046875,2.06821608543396
18-01-1991,6.0625,6.0625,1178400,6.3125,6.3125,2.159066915512085
21-01-1991,6.234375,6.28125,468000,6.296875,6.265625,2.1430342197418213
22-01-1991,6.1875,6.234375,226400,6.34375,6.21875,2.1270012855529785
23-01-1991,6.203125,6.21875,524800,6.25,6.21875,2.1270012855529785
24-01-1991,6.1875,6.21875,684000,6.3125,6.296875,2.153723955154419
25-01-1991,6.25,6.28125,951200,6.359375,6.3125,2.159066915512085
28-01-1991,6.28125,6.34375,1117600,6.375,6.359375,2.1750996112823486
29-01-1991,6.34375,6.359375,347200,6.4375,6.4375,2.2096378803253174
30-01-1991,6.46875,6.46875,888800,6.8125,6.703125,2.3008131980895996
31-01-1991,6.6875,6.6875,553600,6.71875,6.71875,2.369812488555908
01-02-1991,6.6875,6.78125,1228800,6.8125,6.6875,2.3587911128997803
04-02-1991,6.640625,6.640625,552800,6.703125,6.703125,2.3643009662628174
05-02-1991,6.703125,6.71875,1074400,6.96875,6.90625,2.4359469413757324
06-02-1991,6.859375,6.875,349600,6.9375,6.9375,2.446969509124756
07-02-1991,6.90625,6.96875,1443200,7.03125,6.953125,2.452482223510742
08-02-1991,6.8125,6.953125,551200,6.96875,6.859375,2.4194142818450928
11-02-1991,6.8125,6.859375,2244800,6.96875,6.96875,2.457991600036621
12-02-1991,6.9375,7.0,1143200,7.03125,7.0,2.469015121459961
13-02-1991,6.96875,7.03125,442400,7.03125,7.015625,2.474524974822998
14-02-1991,7.0,7.0,335200,7.125,7.0625,2.4910597801208496
15-02-1991,7.015625,7.078125,669600,7.09375,7.046875,2.485548257827759
19-02-1991,6.953125,7.046875,538400,7.046875,6.953125,2.452482223510742
20-02-1991,6.8125,6.828125,970400,6.859375,6.84375,2.413902997970581
21-02-1991,6.71875,6.84375,392000,6.84375,6.75,2.380835771560669
22-02-1991,6.75,6.75,536800,6.859375,6.78125,2.3918581008911133
25-02-1991,6.78125,6.8125,569600,6.859375,6.859375,2.4194142818450928
26-02-1991,6.84375,6.84375,488800,6.875,6.859375,2.4194142818450928
27-02-1991,6.890625,6.890625,242400,7.0,6.921875,2.4414589405059814
28-02-1991,6.890625,6.953125,234400,6.984375,6.890625,2.430436134338379
01-03-1991,6.890625,6.921875,455200,7.0,7.0,2.469015121459961
04-03-1991,6.90625,6.96875,769600,7.0625,6.90625,2.4359469413757324
05-03-1991,6.90625,6.953125,366400,7.015625,7.0,2.469015121459961
06-03-1991,6.953125,7.0625,506400,7.09375,6.984375,2.463503360748291
07-03-1991,6.9375,7.03125,507200,7.03125,6.9375,2.446969509124756
08-03-1991,6.9375,6.9375,925600,7.0,6.9375,2.446969509124756
11-03-1991,6.90625,6.90625,293600,6.96875,6.96875,2.457991600036621
12-03-1991,6.953125,6.96875,669600,7.03125,6.953125,2.452482223510742
13-03-1991,6.96875,6.984375,248800,7.046875,7.03125,2.480036973953247
14-03-1991,7.078125,7.09375,969600,7.1875,7.09375,2.502081871032715
15-03-1991,7.03125,7.0625,993600,7.15625,7.15625,2.524125099182129
18-03-1991,7.0625,7.09375,685600,7.21875,7.140625,2.5186164379119873
19-03-1991,7.0625,7.109375,394400,7.125,7.125,2.5131027698516846
20-03-1991,7.0,7.0625,292800,7.078125,7.0,2.469015121459961
21-03-1991,6.8125,7.03125,158400,7.0625,6.8125,2.402881145477295
22-03-1991,6.765625,6.78125,210400,6.796875,6.796875,2.397369623184204
25-03-1991,6.828125,6.828125,181600,6.90625,6.90625,2.4359469413757324
26-03-1991,6.9375,6.9375,146400,7.0,6.9375,2.446969509124756
27-03-1991,6.90625,6.96875,429600,6.984375,6.90625,2.4359469413757324
28-03-1991,6.84375,6.875,412000,6.9375,6.890625,2.430436134338379
01-04-1991,6.8125,6.859375,439200,6.875,6.859375,2.4194142818450928
02-04-1991,6.859375,6.859375,556000,7.046875,7.0,2.469015121459961
03-04-1991,6.96875,6.96875,452800,7.09375,7.03125,2.480036973953247
04-04-1991,6.96875,7.0625,157600,7.078125,7.0,2.469015121459961
05-04-1991,6.71875,7.0,352800,7.0,6.734375,2.375325918197632
08-04-1991,6.59375,6.71875,328000,6.71875,6.671875,2.3532793521881104
09-04-1991,6.515625,6.6875,814400,6.6875,6.53125,2.303677558898926
10-04-1991,6.46875,6.5,1755200,6.546875,6.515625,2.298166513442993
11-04-1991,6.546875,6.546875,1561600,6.71875,6.65625,2.347768545150757
12-04-1991,6.65625,6.71875,523200,6.8125,6.78125,2.3918581008911133
15-04-1991,6.640625,6.8125,469600,6.8125,6.65625,2.347768545150757
16-04-1991,6.546875,6.65625,591200,6.65625,6.59375,2.3257241249084473
17-04-1991,6.53125,6.625,835200,6.796875,6.765625,2.3863461017608643
18-04-1991,6.78125,6.78125,756800,7.1875,7.1875,2.535149574279785
19-04-1991,6.96875,7.1875,656000,7.21875,6.96875,2.457991600036621
22-04-1991,6.9375,7.0,424800,7.046875,6.9375,2.446969509124756
23-04-1991,6.90625,6.90625,302400,7.0625,7.0625,2.4910597801208496
24-04-1991,7.0,7.0625,624800,7.109375,7.015625,2.474524974822998
25-04-1991,6.96875,7.03125,406400,7.03125,7.0,2.469015121459961
26-04-1991,6.9375,6.984375,286400,6.984375,6.953125,2.452482223510742
29-04-1991,6.84375,6.921875,708000,6.984375,6.84375,2.413902997970581
30-04-1991,6.90625,6.90625,574400,6.984375,6.9375,2.446969509124756
01-05-1991,6.84375,6.9375,469600,7.03125,7.015625,2.474524974822998
02-05-1991,6.984375,6.984375,383200,7.0625,7.0625,2.556655168533325
03-05-1991,6.96875,7.109375,224800,7.109375,7.046875,2.5509984493255615
06-05-1991,7.0,7.03125,130400,7.0625,7.03125,2.545342445373535
07-05-1991,7.0,7.03125,361600,7.046875,7.0,2.534029960632324
08-05-1991,6.9375,7.0,513600,7.015625,6.9375,2.5114054679870605
09-05-1991,6.875,6.90625,269600,6.953125,6.953125,2.517061710357666
10-05-1991,6.875,6.96875,364000,6.96875,6.890625,2.4944369792938232
13-05-1991,6.875,6.890625,204000,6.921875,6.921875,2.5057499408721924
14-05-1991,6.890625,6.90625,296800,6.9375,6.921875,2.5057499408721924
15-05-1991,6.6875,6.890625,343200,6.90625,6.703125,2.4265615940093994
16-05-1991,6.671875,6.734375,217600,6.78125,6.78125,2.4548420906066895
17-05-1991,6.75,6.78125,326400,6.90625,6.890625,2.4944369792938232
20-05-1991,6.859375,6.96875,212000,6.96875,6.9375,2.5114054679870605
21-05-1991,6.875,6.90625,352000,6.984375,6.984375,2.528374433517456
22-05-1991,6.921875,6.921875,477600,7.0625,7.03125,2.545342445373535
23-05-1991,7.046875,7.046875,1005600,7.125,7.125,2.5792813301086426
24-05-1991,7.15625,7.15625,400800,7.328125,7.328125,2.65281343460083
28-05-1991,7.25,7.28125,625600,7.625,7.625,2.760284185409546
29-05-1991,7.53125,7.59375,553600,7.625,7.59375,2.7489712238311768
30-05-1991,7.46875,7.5625,3692000,7.875,7.875,2.8507840633392334
31-05-1991,7.84375,7.859375,687200,7.96875,7.9375,2.8734099864959717
03-06-1991,7.859375,7.90625,524000,8.0,7.96875,2.8847224712371826
04-06-1991,7.890625,7.90625,653600,8.203125,8.15625,2.9525973796844482
05-06-1991,8.125,8.1875,848800,8.28125,8.125,2.941286325454712
06-06-1991,8.1875,8.1875,1942400,8.375,8.21875,2.9752249717712402
07-06-1991,8.140625,8.25,1001600,8.28125,8.171875,2.958254098892212
10-06-1991,8.15625,8.15625,820000,8.203125,8.1875,2.9639105796813965
11-06-1991,8.078125,8.203125,854400,8.203125,8.078125,2.92431640625
12-06-1991,7.875,8.046875,1339200,8.046875,7.96875,2.8847224712371826
13-06-1991,7.953125,7.96875,1168800,8.0625,8.015625,2.9016904830932617
14-06-1991,8.0,8.03125,352000,8.046875,8.046875,2.91300368309021
17-06-1991,7.984375,8.046875,399200,8.046875,7.984375,2.8903794288635254
18-06-1991,7.921875,7.984375,374400,7.984375,7.953125,2.879066228866577
19-06-1991,7.921875,7.953125,197600,7.984375,7.96875,2.8847224712371826
20-06-1991,7.90625,7.984375,292800,7.984375,7.9375,2.8734099864959717
21-06-1991,7.9375,7.9375,1026400,7.953125,7.953125,2.879066228866577
24-06-1991,7.71875,7.875,345600,7.875,7.75,2.8055343627929688
25-06-1991,7.78125,7.78125,174400,7.84375,7.8125,2.8281588554382324
26-06-1991,7.84375,7.875,616800,8.03125,7.875,2.8507840633392334
27-06-1991,7.75,7.84375,1643200,7.875,7.84375,2.8394713401794434
28-06-1991,7.84375,7.875,328000,7.90625,7.859375,2.845128297805786
01-07-1991,7.90625,7.90625,319200,8.09375,8.09375,2.9299724102020264
02-07-1991,7.9375,8.09375,1041600,8.09375,7.953125,2.879066228866577
03-07-1991,7.8125,7.890625,216000,7.890625,7.828125,2.833815097808838
05-07-1991,7.8125,7.84375,76000,7.859375,7.84375,2.8394713401794434
08-07-1991,7.75,7.8125,249600,7.84375,7.84375,2.8394713401794434
09-07-1991,7.65625,7.84375,665600,7.859375,7.6875,2.7829067707061768
10-07-1991,7.71875,7.71875,352000,7.828125,7.71875,2.7942206859588623
11-07-1991,7.65625,7.65625,377600,7.734375,7.71875,2.7942206859588623
12-07-1991,7.71875,7.75,710400,7.8125,7.796875,2.822502851486206
15-07-1991,7.8125,7.828125,229600,7.84375,7.8125,2.8281588554382324
16-07-1991,7.796875,7.8125,374400,7.828125,7.796875,2.822502851486206
17-07-1991,7.734375,7.796875,285600,7.796875,7.734375,2.799877882003784
18-07-1991,7.71875,7.71875,455200,7.84375,7.78125,2.816845655441284
19-07-1991,7.71875,7.78125,1932000,7.78125,7.71875,2.7942206859588623
22-07-1991,7.578125,7.734375,704000,7.75,7.59375,2.7489712238311768
23-07-1991,7.5,7.59375,952800,7.625,7.5,2.715033769607544
24-07-1991,7.421875,7.53125,282400,7.53125,7.4375,2.6924076080322266
25-07-1991,7.3125,7.453125,479200,7.453125,7.34375,2.658468723297119
26-07-1991,7.15625,7.28125,817600,7.296875,7.15625,2.590592861175537
29-07-1991,7.15625,7.15625,363200,7.1875,7.1875,2.6019067764282227
30-07-1991,7.125,7.1875,833600,7.1875,7.125,2.5792813301086426
31-07-1991,7.078125,7.125,1404000,7.140625,7.109375,2.573624849319458
01-08-1991,7.109375,7.109375,1665600,7.25,7.1875,2.6019067764282227
02-08-1991,7.203125,7.265625,385600,7.5,7.5,2.715033769607544
05-08-1991,7.375,7.5,621600,7.5,7.390625,2.67543888092041
06-08-1991,7.390625,7.390625,521600,7.546875,7.53125,2.7263450622558594
07-08-1991,7.5625,7.5625,272000,7.640625,7.59375,2.7489712238311768
08-08-1991,7.578125,7.609375,342400,7.640625,7.640625,2.765939950942993
09-08-1991,7.578125,7.625,412800,7.640625,7.59375,2.7489712238311768
12-08-1991,7.53125,7.5625,153600,7.5625,7.53125,2.807687520980835
13-08-1991,7.5,7.546875,263200,7.546875,7.515625,2.8018620014190674
14-08-1991,7.40625,7.53125,222400,7.53125,7.421875,2.766911745071411
15-08-1991,7.4375,7.4375,1036800,7.5,7.5,2.7960357666015625
16-08-1991,7.46875,7.484375,668800,7.5625,7.546875,2.8135125637054443
19-08-1991,7.40625,7.46875,756800,7.546875,7.40625,2.76108717918396
20-08-1991,7.421875,7.4375,584000,7.46875,7.421875,2.766911745071411
21-08-1991,7.453125,7.46875,552800,7.5625,7.5625,2.819336414337158
22-08-1991,7.578125,7.59375,148800,7.65625,7.59375,2.830988883972168
23-08-1991,7.609375,7.609375,897600,7.875,7.875,2.935840129852295
26-08-1991,7.84375,7.84375,181600,7.90625,7.90625,2.947489023208618
27-08-1991,7.796875,7.890625,284800,7.90625,7.828125,2.918365001678467
28-08-1991,7.796875,7.8125,822400,8.0,8.0,2.98244047164917
29-08-1991,8.0,8.0,396000,8.03125,8.03125,2.9940884113311768
30-08-1991,7.984375,8.0,412000,8.015625,8.015625,2.988265037536621
03-09-1991,7.84375,8.0,1000800,8.15625,7.875,2.935840129852295
04-09-1991,7.859375,7.859375,391200,7.9375,7.921875,2.9533133506774902
05-09-1991,7.890625,7.921875,654400,8.0625,8.0625,3.0057389736175537
06-09-1991,8.03125,8.09375,979200,8.1875,8.171875,3.046515464782715
09-09-1991,8.15625,8.1875,305600,8.21875,8.203125,3.0581650733947754
10-09-1991,8.0625,8.171875,136000,8.171875,8.09375,3.0173909664154053
11-09-1991,8.0,8.09375,170400,8.09375,8.03125,2.9940884113311768
12-09-1991,7.78125,7.96875,381600,7.96875,7.875,2.935840129852295
13-09-1991,7.84375,7.90625,488000,7.90625,7.84375,2.9241883754730225
16-09-1991,7.875,7.875,292000,8.125,8.125,3.0290396213531494
17-09-1991,8.03125,8.0625,190400,8.109375,8.0625,3.0057389736175537
18-09-1991,7.984375,8.03125,244000,8.03125,7.984375,2.9766135215759277
19-09-1991,7.9375,7.984375,248000,8.0625,8.0625,3.0057389736175537
20-09-1991,7.96875,8.1875,987200,8.1875,8.09375,3.0173909664154053
23-09-1991,8.125,8.125,87200,8.140625,8.140625,3.0348658561706543
24-09-1991,8.109375,8.140625,164000,8.25,8.234375,3.0698153972625732
25-09-1991,8.1875,8.265625,178400,8.3125,8.25,3.0756404399871826
26-09-1991,8.21875,8.21875,97600,8.3125,8.296875,3.093116044998169
27-09-1991,8.296875,8.296875,225600,8.40625,8.40625,3.1338913440704346
30-09-1991,8.375,8.40625,192000,8.53125,8.53125,3.180490732192993
01-10-1991,8.34375,8.53125,266400,8.53125,8.359375,3.116417646408081
02-10-1991,8.1875,8.34375,261600,8.359375,8.1875,3.0523409843444824
03-10-1991,8.09375,8.15625,448000,8.15625,8.125,3.0290396213531494
04-10-1991,8.0625,8.09375,428800,8.125,8.0625,3.0057389736175537
07-10-1991,8.0,8.03125,204000,8.03125,8.015625,2.988265037536621
08-10-1991,8.03125,8.046875,816800,8.125,8.09375,3.0173909664154053
09-10-1991,8.03125,8.078125,500800,8.09375,8.09375,3.0173909664154053
10-10-1991,8.125,8.125,678400,8.328125,8.296875,3.093116044998169
11-10-1991,8.09375,8.265625,448800,8.265625,8.1875,3.0523409843444824
14-10-1991,8.203125,8.21875,183200,8.4375,8.4375,3.145540714263916
15-10-1991,8.359375,8.421875,493600,8.5625,8.5625,3.192140817642212
16-10-1991,8.5,8.5625,466400,8.671875,8.65625,3.227091073989868
17-10-1991,8.46875,8.65625,768800,8.65625,8.53125,3.180490732192993
18-10-1991,8.46875,8.53125,439200,8.5625,8.484375,3.163017749786377
21-10-1991,8.40625,8.453125,312000,8.484375,8.40625,3.1338913440704346
22-10-1991,8.3125,8.375,728800,8.453125,8.421875,3.1397154331207275
23-10-1991,8.359375,8.453125,319200,8.453125,8.453125,3.151367664337158
24-10-1991,8.390625,8.453125,145600,8.453125,8.40625,3.1338913440704346
25-10-1991,8.28125,8.375,513600,8.390625,8.296875,3.093116044998169
28-10-1991,8.3125,8.328125,297600,8.4375,8.375,3.122241735458374
29-10-1991,8.234375,8.390625,320000,8.390625,8.359375,3.116417646408081
30-10-1991,8.1875,8.359375,281600,8.375,8.3125,3.0989410877227783
31-10-1991,8.03125,8.25,1392800,8.25,8.1875,3.0523409843444824
01-11-1991,7.96875,8.15625,533600,8.15625,8.03125,3.0767626762390137
04-11-1991,7.921875,8.0,218400,8.0,7.96875,3.05281925201416
05-11-1991,7.84375,7.984375,576000,7.984375,7.859375,3.0109164714813232
06-11-1991,7.65625,7.8125,1031200,7.8125,7.75,2.969015121459961
07-11-1991,7.6875,7.75,973600,7.90625,7.90625,3.0288758277893066
08-11-1991,7.953125,7.953125,550400,8.15625,7.96875,3.05281925201416
11-11-1991,7.875,8.015625,980800,8.0625,7.890625,3.022890567779541
12-11-1991,7.859375,7.921875,431200,8.0,7.9375,3.040848970413208
13-11-1991,7.875,7.90625,541600,8.0,8.0,3.064790964126587
14-11-1991,7.953125,7.984375,219200,8.0,8.0,3.064790964126587
15-11-1991,7.90625,8.0,278400,8.0,7.9375,3.040848970413208
18-11-1991,7.859375,7.9375,484800,7.9375,7.921875,3.034862518310547
19-11-1991,7.59375,7.8125,850400,7.8125,7.6875,2.945073366165161
20-11-1991,7.609375,7.6875,513600,7.6875,7.671875,2.939084053039551
21-11-1991,7.5625,7.640625,588000,7.671875,7.609375,2.9151439666748047
22-11-1991,7.421875,7.578125,453600,7.59375,7.546875,2.8911986351013184
25-11-1991,7.5,7.515625,260000,7.671875,7.671875,2.939084053039551
26-11-1991,7.609375,7.703125,936800,7.96875,7.96875,3.05281925201416
27-11-1991,7.90625,7.96875,1066400,7.984375,7.921875,3.034862518310547
29-11-1991,7.71875,7.875,103200,7.875,7.71875,2.957044839859009
02-12-1991,7.5,7.65625,578400,7.75,7.75,2.969015121459961
03-12-1991,7.765625,7.765625,162400,7.859375,7.859375,3.0109164714813232
04-12-1991,7.734375,7.890625,304000,7.90625,7.765625,2.9750022888183594
05-12-1991,7.5,7.734375,288000,7.75,7.578125,2.9031708240509033
06-12-1991,7.546875,7.546875,315200,7.671875,7.640625,2.927114963531494
09-12-1991,7.515625,7.625,253600,7.640625,7.515625,2.879228353500366
10-12-1991,7.5,7.5,208800,7.59375,7.5625,2.8971853256225586
11-12-1991,7.53125,7.59375,198400,7.625,7.53125,2.8852128982543945
12-12-1991,7.5,7.546875,414400,7.546875,7.5,2.873241662979126
13-12-1991,7.375,7.5,453600,7.5,7.4375,2.849299192428589
16-12-1991,7.25,7.40625,896800,7.40625,7.28125,2.7894389629364014
17-12-1991,7.0625,7.1875,873600,7.265625,7.21875,2.765495538711548
18-12-1991,7.09375,7.25,1161600,7.296875,7.09375,2.71760630607605
19-12-1991,6.9375,7.109375,1522400,7.109375,7.0,2.6816933155059814
20-12-1991,6.8125,7.03125,3000000,7.03125,7.015625,2.6876795291900635
23-12-1991,7.0,7.046875,1305600,7.09375,7.09375,2.71760630607605
24-12-1991,7.125,7.125,607200,7.25,7.25,2.7774665355682373
26-12-1991,7.3125,7.3125,532800,7.40625,7.375,2.825355052947998
27-12-1991,7.28125,7.375,288000,7.375,7.34375,2.813382148742676
30-12-1991,7.328125,7.34375,1070400,7.6875,7.6875,2.945073366165161
31-12-1991,7.65625,7.65625,1248000,7.96875,7.96875,3.05281925201416
02-01-1992,7.875,7.953125,1004800,8.125,8.125,3.112677574157715
03-01-1992,8.09375,8.09375,677600,8.25,8.234375,3.1545796394348145
06-01-1992,8.15625,8.21875,876800,8.359375,8.359375,3.202467441558838
07-01-1992,8.1875,8.359375,352000,8.375,8.3125,3.18450927734375
08-01-1992,8.25,8.3125,476000,8.40625,8.40625,3.220426321029663
09-01-1992,8.3125,8.40625,430400,8.4375,8.375,3.208454132080078
10-01-1992,8.25,8.34375,344800,8.375,8.25,3.1605656147003174
13-01-1992,8.296875,8.296875,260800,8.40625,8.34375,3.196481943130493
14-01-1992,8.28125,8.34375,358400,8.390625,8.390625,3.21444034576416
15-01-1992,8.28125,8.375,532800,8.5,8.46875,3.244368314743042
16-01-1992,8.4375,8.453125,1320800,8.75,8.75,3.352116346359253
17-01-1992,8.71875,8.8125,676800,8.828125,8.75,3.352116346359253
20-01-1992,8.5,8.75,456000,8.75,8.5,3.2563388347625732
21-01-1992,8.171875,8.46875,300800,8.46875,8.171875,3.1306371688842773
22-01-1992,8.171875,8.171875,488800,8.40625,8.40625,3.220426321029663
23-01-1992,8.28125,8.40625,241600,8.40625,8.28125,3.172539710998535
24-01-1992,8.21875,8.3125,182400,8.375,8.234375,3.1545796394348145
27-01-1992,8.25,8.265625,288000,8.28125,8.28125,3.172539710998535
28-01-1992,8.25,8.25,550400,8.53125,8.4375,3.232395887374878
29-01-1992,8.3125,8.375,455200,8.53125,8.34375,3.196481943130493
30-01-1992,8.21875,8.3125,168800,8.3125,8.25,3.1605656147003174
31-01-1992,8.03125,8.25,824000,8.28125,8.03125,3.0767626762390137
03-02-1992,7.953125,8.0,528000,8.046875,8.0,3.151109218597412
04-02-1992,7.984375,8.015625,425600,8.03125,8.03125,3.1634185314178467
05-02-1992,7.828125,7.984375,587200,7.984375,7.921875,3.120337963104248
06-02-1992,7.921875,7.9375,214400,8.03125,7.9375,3.126492977142334
07-02-1992,7.78125,7.890625,657600,8.0,7.984375,3.1449549198150635
10-02-1992,7.984375,7.984375,264000,8.125,8.125,3.200345039367676
11-02-1992,8.0625,8.09375,432000,8.15625,8.140625,3.2064998149871826
12-02-1992,8.125,8.125,385600,8.3125,8.265625,3.25573468208313
13-02-1992,8.234375,8.25,401600,8.375,8.359375,3.2926642894744873
14-02-1992,8.3125,8.3125,274400,8.421875,8.421875,3.317281484603882
18-02-1992,8.3125,8.390625,211200,8.453125,8.328125,3.280352830886841
19-02-1992,8.25,8.34375,141600,8.34375,8.25,3.2495813369750977
20-02-1992,8.25,8.25,318400,8.4375,8.34375,3.2865097522735596
21-02-1992,8.25,8.3125,454400,8.3125,8.265625,3.25573468208313
24-02-1992,8.25,8.296875,421600,8.3125,8.25,3.2495813369750977
25-02-1992,8.0625,8.1875,233600,8.1875,8.078125,3.181881904602051
26-02-1992,8.046875,8.109375,192000,8.109375,8.09375,3.1880369186401367
27-02-1992,7.921875,8.09375,418400,8.109375,8.0,3.151109218597412
28-02-1992,7.9375,7.9375,222400,8.09375,7.984375,3.1449549198150635
02-03-1992,7.796875,8.015625,1003200,8.015625,7.890625,3.1080281734466553
03-03-1992,7.78125,7.875,368800,7.875,7.84375,3.0895638465881348
04-03-1992,7.78125,7.8125,553600,7.859375,7.84375,3.0895638465881348
05-03-1992,7.78125,7.84375,415200,7.875,7.84375,3.0895638465881348
06-03-1992,7.84375,7.875,217600,7.96875,7.875,3.101874589920044
09-03-1992,7.765625,7.90625,249600,7.90625,7.78125,3.0649478435516357
10-03-1992,7.796875,7.796875,684800,7.9375,7.921875,3.120337963104248
11-03-1992,7.953125,7.96875,500800,8.03125,7.96875,3.138801097869873
12-03-1992,7.96875,8.0,223200,8.03125,8.0,3.151109218597412
13-03-1992,8.015625,8.015625,179200,8.09375,8.03125,3.1634185314178467
16-03-1992,8.0,8.015625,132000,8.0625,8.046875,3.169572114944458
17-03-1992,8.09375,8.09375,192000,8.1875,8.15625,3.212653875350952
18-03-1992,8.109375,8.125,281600,8.234375,8.234375,3.243427276611328
19-03-1992,8.1875,8.1875,349600,8.296875,8.296875,3.268045425415039
20-03-1992,8.21875,8.328125,503200,8.34375,8.3125,3.274200201034546
23-03-1992,8.125,8.3125,209600,8.3125,8.15625,3.212653875350952
24-03-1992,8.15625,8.15625,301600,8.359375,8.1875,3.2249648571014404
25-03-1992,8.0,8.1875,313600,8.234375,8.0,3.151109218597412
26-03-1992,8.03125,8.046875,544800,8.1875,8.1875,3.2249648571014404
27-03-1992,8.109375,8.1875,172000,8.1875,8.125,3.200345039367676
30-03-1992,8.0625,8.125,73600,8.15625,8.0625,3.175726890563965
31-03-1992,8.0625,8.0625,217600,8.125,8.109375,3.1941916942596436
01-04-1992,7.96875,8.09375,534400,8.09375,8.03125,3.1634185314178467
02-04-1992,7.96875,8.03125,290400,8.03125,7.96875,3.138801097869873
03-04-1992,7.875,7.953125,845600,7.953125,7.875,3.101874589920044
06-04-1992,7.625,7.875,1415200,7.890625,7.65625,3.015709638595581
07-04-1992,7.1875,7.59375,1265600,7.59375,7.296875,2.8741564750671387
08-04-1992,7.125,7.125,2352800,7.296875,7.25,2.8556933403015137
09-04-1992,7.21875,7.25,1933600,7.28125,7.25,2.8556933403015137
10-04-1992,7.4375,7.4375,2027200,7.5,7.484375,2.9480104446411133
13-04-1992,7.5,7.5,876000,7.625,7.546875,2.972627639770508
14-04-1992,7.5625,7.5625,1262400,7.71875,7.71875,3.0403285026550293
15-04-1992,7.8125,7.8125,746400,7.984375,7.9375,3.126492977142334
16-04-1992,7.875,7.90625,212800,8.09375,8.09375,3.1880369186401367
20-04-1992,8.015625,8.03125,377600,8.125,8.125,3.200345039367676
21-04-1992,7.953125,8.125,876000,8.21875,7.953125,3.132645606994629
22-04-1992,7.78125,7.890625,557600,7.890625,7.796875,3.071099281311035
23-04-1992,7.765625,7.765625,996000,8.0625,8.0625,3.175726890563965
24-04-1992,7.890625,8.09375,320000,8.1875,7.984375,3.1449549198150635
27-04-1992,7.890625,7.953125,213600,8.0,7.953125,3.132645606994629
28-04-1992,7.984375,7.984375,343200,8.109375,8.03125,3.1634185314178467
29-04-1992,8.015625,8.015625,306400,8.0625,8.0625,3.175726890563965
30-04-1992,7.96875,8.0625,494400,8.0625,8.0,3.151109218597412
01-05-1992,7.890625,7.984375,195200,7.984375,7.921875,3.120337963104248
04-05-1992,7.921875,7.921875,507200,8.015625,8.015625,3.2474496364593506
05-05-1992,7.96875,7.984375,419200,8.046875,8.0,3.241119384765625
06-05-1992,7.9375,8.03125,282400,8.046875,8.046875,3.2601091861724854
07-05-1992,8.015625,8.015625,348800,8.109375,8.046875,3.2601091861724854
08-05-1992,7.953125,8.0625,263200,8.0625,7.984375,3.2347888946533203
11-05-1992,7.96875,8.046875,330400,8.0625,8.015625,3.2474496364593506
12-05-1992,7.90625,8.046875,451200,8.046875,7.921875,3.2094674110412598
13-05-1992,7.78125,7.953125,418400,7.953125,7.875,3.1904776096343994
14-05-1992,7.875,7.90625,542400,7.953125,7.921875,3.2094674110412598
15-05-1992,7.875,7.890625,214400,7.921875,7.890625,3.1968064308166504
18-05-1992,7.875,7.921875,200800,7.9375,7.890625,3.1968064308166504
19-05-1992,7.890625,7.921875,257600,7.984375,7.984375,3.2347888946533203
20-05-1992,7.96875,7.984375,404800,8.03125,7.96875,3.228459358215332
21-05-1992,7.875,7.9375,132800,7.953125,7.875,3.1904776096343994
22-05-1992,7.890625,7.890625,128000,7.984375,7.953125,3.222128391265869
26-05-1992,7.890625,7.984375,149600,7.984375,7.90625,3.2031381130218506
27-05-1992,7.90625,7.90625,402400,8.0,7.984375,3.2347888946533203
28-05-1992,7.9375,7.984375,670400,8.0,8.0,3.241119384765625
29-05-1992,7.9375,8.0,203200,8.0,7.9375,3.2157979011535645
01-06-1992,7.859375,7.90625,238400,7.90625,7.859375,3.184145212173462
02-06-1992,7.8125,7.8125,358400,7.875,7.84375,3.1778151988983154
03-06-1992,7.84375,7.84375,156800,7.921875,7.90625,3.2031381130218506
04-06-1992,7.875,7.890625,403200,7.953125,7.90625,3.2031381130218506
05-06-1992,7.90625,7.90625,155200,7.953125,7.953125,3.222128391265869
08-06-1992,7.9375,7.9375,146400,7.953125,7.9375,3.2157979011535645
09-06-1992,7.78125,7.90625,304000,7.90625,7.875,3.1904776096343994
10-06-1992,7.9375,7.96875,852800,8.03125,7.953125,3.222128391265869
11-06-1992,7.9375,7.9375,409600,7.96875,7.9375,3.2157979011535645
12-06-1992,7.953125,7.96875,115200,8.015625,7.953125,3.222128391265869
15-06-1992,7.921875,7.921875,184800,7.953125,7.921875,3.2094674110412598
16-06-1992,7.78125,7.953125,233600,7.953125,7.78125,3.152496337890625
17-06-1992,7.765625,7.78125,412800,7.828125,7.765625,3.1461641788482666
18-06-1992,7.65625,7.765625,176800,7.765625,7.6875,3.114513635635376
19-06-1992,7.6875,7.6875,576000,7.84375,7.71875,3.127174139022827
22-06-1992,7.53125,7.6875,273600,7.6875,7.65625,3.10185170173645
23-06-1992,7.59375,7.625,236800,7.65625,7.609375,3.082862138748169
24-06-1992,7.5,7.609375,260800,7.609375,7.515625,3.044879913330078
25-06-1992,7.46875,7.515625,191200,7.546875,7.484375,3.0322184562683105
26-06-1992,7.34375,7.421875,532800,7.484375,7.375,2.9879071712493896
29-06-1992,7.359375,7.375,556800,7.421875,7.390625,2.994237184524536
30-06-1992,7.375,7.375,508800,7.625,7.609375,3.082862138748169
01-07-1992,7.5,7.578125,482400,7.625,7.625,3.0891916751861572
02-07-1992,7.359375,7.625,480800,7.6875,7.390625,2.994237184524536
06-07-1992,7.34375,7.390625,429600,7.390625,7.359375,2.9815762042999268
07-07-1992,7.25,7.359375,711200,7.359375,7.25,2.9372642040252686
08-07-1992,7.21875,7.25,489600,7.25,7.21875,2.9246041774749756
09-07-1992,7.21875,7.234375,1199200,7.296875,7.296875,2.9562549591064453
10-07-1992,7.296875,7.296875,379200,7.484375,7.484375,3.0322184562683105
13-07-1992,7.421875,7.453125,275200,7.46875,7.46875,3.025888681411743
14-07-1992,7.375,7.4375,408000,7.484375,7.4375,3.013227701187134
15-07-1992,7.40625,7.4375,771200,7.46875,7.4375,3.013227701187134
16-07-1992,7.375,7.40625,506400,7.53125,7.4375,3.013227701187134
17-07-1992,7.359375,7.40625,356000,7.40625,7.390625,2.994237184524536
20-07-1992,7.28125,7.28125,452800,7.375,7.375,2.9879071712493896
21-07-1992,7.421875,7.421875,356800,7.59375,7.5,3.0385494232177734
22-07-1992,7.375,7.4375,339200,7.4375,7.375,2.9879071712493896
23-07-1992,7.40625,7.40625,542400,7.4375,7.40625,3.0005686283111572
24-07-1992,7.359375,7.375,501600,7.46875,7.40625,3.0005686283111572
27-07-1992,7.40625,7.40625,766400,7.46875,7.46875,3.025888681411743
28-07-1992,7.453125,7.453125,706400,7.578125,7.546875,3.0575406551361084
29-07-1992,7.53125,7.53125,622400,7.875,7.796875,3.1588234901428223
30-07-1992,7.71875,7.75,552000,7.828125,7.75,3.139833688735962
31-07-1992,7.5,7.65625,390400,7.65625,7.59375,3.0765318870544434
03-08-1992,7.5625,7.5625,328000,7.703125,7.640625,3.187878370285034
04-08-1992,7.546875,7.640625,700000,7.6875,7.546875,3.148763418197632
05-08-1992,7.546875,7.546875,900000,7.59375,7.5625,3.155282735824585
06-08-1992,7.5625,7.578125,524800,7.6875,7.6875,3.207437038421631
07-08-1992,7.65625,7.734375,384800,7.796875,7.671875,3.2009148597717285
10-08-1992,7.625,7.640625,980000,7.765625,7.765625,3.2400331497192383
11-08-1992,7.609375,7.75,988800,7.75,7.6875,3.207437038421631
12-08-1992,7.6875,7.6875,364800,7.78125,7.75,3.2335121631622314
13-08-1992,7.671875,7.75,740800,7.75,7.703125,3.213956832885742
14-08-1992,7.734375,7.734375,313600,7.78125,7.78125,3.2465522289276123
17-08-1992,7.78125,7.78125,243200,7.828125,7.78125,3.2465522289276123
18-08-1992,7.75,7.78125,269600,7.78125,7.78125,3.2465522289276123
19-08-1992,7.78125,7.796875,331200,7.8125,7.78125,3.2465522289276123
20-08-1992,7.640625,7.796875,184800,7.796875,7.6875,3.207437038421631
21-08-1992,7.59375,7.6875,281600,7.734375,7.671875,3.2009148597717285
24-08-1992,7.59375,7.703125,570400,7.703125,7.625,3.181359052658081
25-08-1992,7.5625,7.625,287200,7.65625,7.65625,3.1943976879119873
26-08-1992,7.625,7.65625,142400,7.671875,7.65625,3.1943976879119873
27-08-1992,7.5625,7.640625,440800,7.640625,7.609375,3.17484188079834
28-08-1992,7.59375,7.625,708800,7.625,7.609375,3.17484188079834
31-08-1992,7.609375,7.609375,161600,7.71875,7.703125,3.213956832885742
01-09-1992,7.640625,7.6875,127200,7.71875,7.71875,3.2204749584198
02-09-1992,7.6875,7.6875,202400,7.90625,7.875,3.2856667041778564
03-09-1992,7.984375,8.03125,561600,8.09375,8.0625,3.363896369934082
04-09-1992,8.015625,8.03125,284000,8.046875,8.015625,3.3443400859832764
08-09-1992,7.84375,7.984375,146400,8.0,7.84375,3.272627830505371
09-09-1992,7.875,7.875,140800,8.0,7.953125,3.3182625770568848
10-09-1992,7.953125,7.984375,240000,8.15625,8.15625,3.4030117988586426
11-09-1992,8.078125,8.15625,193600,8.21875,8.109375,3.383455753326416
14-09-1992,8.15625,8.15625,384800,8.3125,8.3125,3.468203544616699
15-09-1992,8.171875,8.25,465600,8.25,8.171875,3.409531354904175
16-09-1992,8.125,8.140625,522400,8.359375,8.34375,3.481243133544922
17-09-1992,8.203125,8.4375,1832800,8.5,8.234375,3.435607433319092
18-09-1992,8.34375,8.375,956000,8.609375,8.5625,3.5725107192993164
21-09-1992,8.375,8.546875,613600,8.546875,8.421875,3.513838529586792
22-09-1992,8.28125,8.421875,196000,8.4375,8.359375,3.4877614974975586
23-09-1992,8.359375,8.375,380800,8.546875,8.5,3.5464320182800293
24-09-1992,8.390625,8.5,216800,8.515625,8.390625,3.5007996559143066
25-09-1992,8.25,8.375,103200,8.375,8.34375,3.481243133544922
28-09-1992,8.3125,8.375,530400,8.40625,8.375,3.4942798614501953
29-09-1992,8.25,8.28125,271200,8.3125,8.3125,3.468203544616699
30-09-1992,8.296875,8.3125,587200,8.359375,8.359375,3.4877614974975586
01-10-1992,8.3125,8.359375,780000,8.359375,8.34375,3.481243133544922
02-10-1992,8.265625,8.34375,413600,8.34375,8.3125,3.468203544616699
05-10-1992,7.984375,8.265625,688800,8.359375,8.28125,3.4551661014556885
06-10-1992,8.21875,8.3125,154400,8.328125,8.234375,3.435607433319092
07-10-1992,8.09375,8.21875,320000,8.28125,8.171875,3.409531354904175
08-10-1992,8.140625,8.15625,928800,8.28125,8.234375,3.435607433319092
09-10-1992,8.109375,8.1875,172800,8.1875,8.125,3.389972686767578
12-10-1992,8.109375,8.15625,232800,8.15625,8.125,3.389972686767578
13-10-1992,8.109375,8.15625,685600,8.1875,8.125,3.389972686767578
14-10-1992,8.125,8.125,1699200,8.21875,8.125,3.389972686767578
15-10-1992,7.953125,8.125,288000,8.125,7.953125,3.3182625770568848
16-10-1992,7.859375,7.953125,423200,8.25,8.25,3.442126750946045
19-10-1992,8.25,8.25,530400,8.375,8.328125,3.4747214317321777
20-10-1992,8.34375,8.34375,452800,8.40625,8.40625,3.507319450378418
21-10-1992,8.421875,8.421875,735200,8.5,8.421875,3.513838529586792
22-10-1992,8.3125,8.4375,391200,8.4375,8.40625,3.507319450378418
23-10-1992,8.28125,8.390625,377600,8.390625,8.28125,3.4551661014556885
26-10-1992,8.234375,8.28125,482400,8.28125,8.25,3.442126750946045
27-10-1992,8.15625,8.265625,228800,8.265625,8.15625,3.4030117988586426
28-10-1992,7.921875,8.15625,400800,8.15625,7.984375,3.3313004970550537
29-10-1992,7.90625,8.0,302400,8.015625,7.921875,3.3052244186401367
30-10-1992,7.75,7.890625,1051200,7.890625,7.875,3.2856667041778564
02-11-1992,7.8125,7.8125,504000,7.984375,7.984375,3.436016321182251
03-11-1992,7.84375,7.984375,375200,7.984375,7.921875,3.409120559692383
04-11-1992,7.890625,7.921875,183200,8.0,7.953125,3.4225687980651855
05-11-1992,7.890625,7.9375,208800,7.953125,7.921875,3.409120559692383
06-11-1992,7.875,7.953125,129600,7.953125,7.875,3.388949155807495
09-11-1992,7.875,7.890625,253600,8.0,7.96875,3.429293632507324
10-11-1992,7.96875,7.96875,175200,8.125,8.125,3.4965333938598633
11-11-1992,8.09375,8.109375,532800,8.140625,8.125,3.4965333938598633
12-11-1992,7.9375,8.125,475200,8.140625,7.96875,3.429293632507324
13-11-1992,7.9375,8.0,280800,8.03125,7.984375,3.436016321182251
16-11-1992,7.8125,7.96875,380800,8.0,7.84375,3.3754994869232178
17-11-1992,7.59375,7.78125,768800,7.78125,7.609375,3.2746407985687256
18-11-1992,7.59375,7.609375,814400,7.609375,7.609375,3.2746407985687256
19-11-1992,7.59375,7.59375,663200,7.6875,7.671875,3.3015334606170654
20-11-1992,7.5625,7.703125,1089600,7.703125,7.578125,3.261190414428711
23-11-1992,7.46875,7.5625,913600,7.5625,7.484375,3.2208452224731445
24-11-1992,7.484375,7.515625,645600,7.546875,7.53125,3.2410178184509277
25-11-1992,7.546875,7.5625,1947200,8.015625,8.0,3.442741870880127
27-11-1992,7.9375,8.0,790400,8.015625,7.9375,3.4158475399017334
30-11-1992,7.96875,7.96875,800000,8.046875,8.046875,3.4629127979278564
01-12-1992,8.0,8.046875,601600,8.15625,8.15625,3.509981632232666
02-12-1992,8.09375,8.15625,445600,8.15625,8.109375,3.4898102283477783
03-12-1992,8.0625,8.09375,292800,8.09375,8.078125,3.4763619899749756
04-12-1992,7.984375,8.09375,268800,8.09375,7.984375,3.436016321182251
07-12-1992,7.875,7.96875,228800,7.984375,7.90625,3.402397632598877
08-12-1992,7.78125,7.90625,485600,7.90625,7.859375,3.3822240829467773
09-12-1992,7.859375,7.875,307200,7.9375,7.90625,3.402397632598877
10-12-1992,7.75,7.890625,337600,7.890625,7.78125,3.3486056327819824
11-12-1992,7.75,7.75,433600,7.875,7.859375,3.3822240829467773
14-12-1992,7.921875,7.921875,521600,7.984375,7.96875,3.429293632507324
15-12-1992,7.921875,7.984375,496800,8.03125,8.0,3.442741870880127
16-12-1992,7.875,8.015625,290400,8.078125,7.875,3.388949155807495
17-12-1992,7.84375,7.875,536000,7.90625,7.859375,3.3822240829467773
18-12-1992,7.953125,7.96875,1158400,8.03125,8.03125,3.4561879634857178
21-12-1992,8.015625,8.03125,206400,8.0625,8.046875,3.4629127979278564
22-12-1992,8.078125,8.09375,715200,8.1875,8.125,3.4965333938598633
23-12-1992,8.140625,8.140625,433600,8.3125,8.265625,3.5570507049560547
24-12-1992,8.265625,8.265625,109600,8.28125,8.28125,3.5637762546539307
28-12-1992,8.21875,8.265625,116000,8.328125,8.328125,3.5839474201202393
29-12-1992,8.125,8.328125,338400,8.34375,8.125,3.4965333938598633
30-12-1992,8.140625,8.171875,372800,8.359375,8.359375,3.5973966121673584
31-12-1992,8.15625,8.390625,333600,8.421875,8.15625,3.509981632232666
04-01-1993,8.140625,8.25,446400,8.296875,8.234375,3.543602705001831
05-01-1993,8.21875,8.25,389600,8.296875,8.296875,3.570497989654541
06-01-1993,8.265625,8.265625,609600,8.484375,8.46875,3.6444647312164307
07-01-1993,8.375,8.421875,534400,8.46875,8.390625,3.610842227935791
08-01-1993,8.328125,8.421875,223200,8.46875,8.359375,3.5973966121673584
11-01-1993,8.234375,8.375,168000,8.375,8.25,3.550326108932495
12-01-1993,8.171875,8.21875,628000,8.25,8.25,3.550326108932495
13-01-1993,8.21875,8.21875,1094400,8.25,8.25,3.550326108932495
14-01-1993,8.203125,8.25,182400,8.25,8.25,3.550326108932495
15-01-1993,8.3125,8.3125,1045600,8.4375,8.40625,3.6175692081451416
18-01-1993,8.34375,8.375,284000,8.375,8.34375,3.5906713008880615
19-01-1993,8.328125,8.328125,524800,8.40625,8.359375,3.5973966121673584
20-01-1993,8.25,8.328125,136000,8.34375,8.25,3.550326108932495
21-01-1993,8.25,8.296875,279200,8.328125,8.28125,3.5637762546539307
22-01-1993,8.21875,8.296875,176000,8.296875,8.234375,3.543602705001831
25-01-1993,8.125,8.15625,558400,8.34375,8.34375,3.5906713008880615
26-01-1993,8.34375,8.390625,585600,8.453125,8.359375,3.5973966121673584
27-01-1993,8.3125,8.3125,444000,8.5,8.390625,3.610842227935791
28-01-1993,8.34375,8.421875,198400,8.421875,8.40625,3.6175692081451416
29-01-1993,8.359375,8.40625,222400,8.40625,8.390625,3.610842227935791
01-02-1993,8.328125,8.328125,311200,8.484375,8.484375,3.7587010860443115
02-02-1993,8.453125,8.46875,815200,8.78125,8.65625,3.834843635559082
03-02-1993,8.671875,8.671875,1220000,8.9375,8.9375,3.9594409465789795
04-02-1993,9.09375,9.09375,2273600,9.421875,9.359375,4.146337032318115
05-02-1993,9.15625,9.3125,1478400,9.3125,9.296875,4.118650436401367
08-02-1993,9.234375,9.265625,919200,9.328125,9.296875,4.118650436401367
09-02-1993,9.1875,9.28125,832800,9.28125,9.1875,4.070195198059082
10-02-1993,9.1875,9.1875,617600,9.359375,9.203125,4.077116012573242
11-02-1993,9.15625,9.15625,800000,9.21875,9.21875,4.084039211273193
12-02-1993,9.171875,9.203125,97600,9.25,9.234375,4.090961456298828
16-02-1993,8.984375,9.203125,462400,9.203125,8.984375,3.9802093505859375
17-02-1993,8.96875,8.984375,813600,9.03125,8.984375,3.9802093505859375
18-02-1993,8.71875,8.96875,622400,9.03125,8.75,3.8763766288757324
19-02-1993,8.75,8.75,346400,9.03125,8.96875,3.9732866287231445
22-02-1993,8.9375,8.96875,1032800,9.375,9.34375,4.139416694641113
23-02-1993,9.0625,9.125,679200,9.171875,9.15625,4.056349277496338
24-02-1993,9.0625,9.125,797600,9.125,9.09375,4.028661727905273
25-02-1993,9.0625,9.078125,270400,9.234375,9.109375,4.035584926605225
26-02-1993,9.0625,9.140625,402400,9.140625,9.09375,4.028661727905273
01-03-1993,9.0625,9.15625,298400,9.15625,9.0625,4.0148162841796875
02-03-1993,9.0625,9.09375,336800,9.203125,9.203125,4.077116012573242
03-03-1993,9.21875,9.21875,605600,9.375,9.3125,4.12557315826416
04-03-1993,9.140625,9.21875,293600,9.234375,9.15625,4.056349277496338
05-03-1993,9.0625,9.15625,426400,9.34375,9.21875,4.084039211273193
08-03-1993,9.3125,9.3125,600000,9.625,9.609375,4.257091522216797
09-03-1993,9.59375,9.625,460800,9.765625,9.59375,4.2501702308654785
10-03-1993,9.4375,9.53125,419200,9.609375,9.609375,4.257091522216797
11-03-1993,9.578125,9.609375,179200,9.65625,9.609375,4.257091522216797
12-03-1993,9.28125,9.53125,1192800,9.53125,9.359375,4.146337032318115
15-03-1993,9.296875,9.359375,342400,9.40625,9.40625,4.167103290557861
16-03-1993,9.34375,9.40625,392800,9.40625,9.375,4.15325927734375
17-03-1993,9.25,9.3125,399200,9.359375,9.28125,4.111725807189941
18-03-1993,9.28125,9.28125,133600,9.375,9.375,4.15325927734375
19-03-1993,9.28125,9.375,612800,9.375,9.28125,4.111725807189941
22-03-1993,9.1875,9.1875,426400,9.3125,9.3125,4.12557315826416
23-03-1993,9.265625,9.296875,454400,9.34375,9.296875,4.118650436401367
24-03-1993,9.125,9.28125,1370400,9.375,9.15625,4.056349277496338
25-03-1993,9.09375,9.1875,451200,9.21875,9.125,4.042505264282227
26-03-1993,8.875,9.0625,1009600,9.078125,8.953125,3.9663643836975098
29-03-1993,8.984375,8.984375,271200,9.0625,9.0,3.987128734588623
30-03-1993,8.890625,9.015625,312000,9.015625,8.90625,3.945596218109131
31-03-1993,8.875,8.9375,1360800,9.0,8.875,3.9317514896392822
01-04-1993,8.921875,8.9375,540800,8.984375,8.9375,3.9594409465789795
02-04-1993,8.875,8.90625,320800,8.984375,8.984375,3.9802093505859375
05-04-1993,8.90625,8.921875,317600,8.921875,8.921875,3.9525187015533447
06-04-1993,8.90625,8.90625,640000,9.109375,9.109375,4.035584926605225
07-04-1993,9.0625,9.109375,344000,9.109375,9.09375,4.028661727905273
08-04-1993,9.078125,9.078125,440800,9.15625,9.15625,4.056349277496338
12-04-1993,9.140625,9.15625,422400,9.25,9.171875,4.063272476196289
13-04-1993,9.171875,9.1875,726400,9.28125,9.28125,4.111725807189941
14-04-1993,9.3125,9.3125,390400,9.5,9.4375,4.180948734283447
15-04-1993,9.34375,9.375,338400,9.5,9.484375,4.201714515686035
16-04-1993,9.421875,9.53125,296800,9.53125,9.4375,4.180948734283447
19-04-1993,9.28125,9.40625,445600,9.421875,9.34375,4.139416694641113
20-04-1993,9.25,9.3125,467200,9.359375,9.265625,4.104803085327148
21-04-1993,9.265625,9.265625,262400,9.375,9.3125,4.12557315826416
22-04-1993,9.3125,9.3125,462400,9.5625,9.34375,4.139416694641113
23-04-1993,9.15625,9.28125,384000,9.34375,9.234375,4.090961456298828
26-04-1993,8.9375,9.15625,476000,9.203125,8.953125,3.9663643836975098
27-04-1993,8.875,8.875,572800,9.0,8.984375,3.9802093505859375
28-04-1993,8.90625,8.984375,292000,8.984375,8.9375,3.9594409465789795
29-04-1993,8.9375,8.96875,283200,9.0,8.984375,3.9802093505859375
30-04-1993,8.9375,9.03125,372000,9.140625,8.9375,3.9594409465789795
03-05-1993,8.796875,8.90625,301600,8.9375,8.90625,4.054472923278809
04-05-1993,8.84375,8.875,547200,9.03125,9.015625,4.104264736175537
05-05-1993,8.890625,8.984375,123200,9.078125,8.90625,4.054472923278809
06-05-1993,8.71875,8.875,298400,8.9375,8.71875,3.9691154956817627
07-05-1993,8.71875,8.71875,363200,8.8125,8.75,3.9833426475524902
10-05-1993,8.765625,8.78125,541600,8.875,8.84375,4.026020050048828
11-05-1993,8.875,8.875,438400,9.0625,9.03125,4.1113762855529785
12-05-1993,8.9375,9.03125,411200,9.03125,9.03125,4.1113762855529785
13-05-1993,8.9375,8.96875,192000,8.984375,8.9375,4.068700790405273
14-05-1993,8.9375,8.96875,153600,9.0,8.96875,4.0829267501831055
17-05-1993,8.90625,9.0,147200,9.0,8.984375,4.090037822723389
18-05-1993,8.9375,8.953125,476000,9.0,8.96875,4.0829267501831055
19-05-1993,8.8125,8.875,493600,8.96875,8.96875,4.0829267501831055
20-05-1993,8.8125,8.953125,313600,8.953125,8.921875,4.061584949493408
21-05-1993,8.828125,8.90625,335200,8.90625,8.875,4.0402445793151855
24-05-1993,8.859375,8.890625,936800,9.09375,9.0,4.097149848937988
25-05-1993,8.953125,9.0,577600,9.0,9.0,4.097149848937988
26-05-1993,8.953125,8.984375,524000,9.03125,9.03125,4.1113762855529785
27-05-1993,9.0625,9.0625,248800,9.25,9.234375,4.203845977783203
28-05-1993,9.09375,9.203125,195200,9.203125,9.140625,4.161167144775391
01-06-1993,9.15625,9.203125,198400,9.3125,9.21875,4.1967363357543945
02-06-1993,9.15625,9.15625,406400,9.234375,9.234375,4.203845977783203
03-06-1993,9.21875,9.21875,560000,9.46875,9.453125,4.30342960357666
04-06-1993,9.328125,9.4375,176000,9.4375,9.359375,4.260754108428955
07-06-1993,9.359375,9.359375,258400,9.5625,9.5625,4.353222846984863
08-06-1993,9.390625,9.515625,233600,9.515625,9.4375,4.2963175773620605
09-06-1993,9.390625,9.421875,252000,9.5,9.4375,4.2963175773620605
10-06-1993,9.40625,9.5,432000,9.5,9.421875,4.2892045974731445
11-06-1993,9.40625,9.4375,474400,9.46875,9.40625,4.282093048095703
14-06-1993,9.40625,9.4375,302400,9.5,9.421875,4.2892045974731445
15-06-1993,9.40625,9.46875,276000,9.484375,9.421875,4.2892045974731445
16-06-1993,9.40625,9.40625,329600,9.46875,9.453125,4.30342960357666
17-06-1993,9.4375,9.4375,481600,9.546875,9.484375,4.31765604019165
18-06-1993,9.328125,9.484375,879200,9.484375,9.328125,4.246526718139648
21-06-1993,9.34375,9.375,350800,9.4375,9.40625,4.282093048095703
22-06-1993,9.21875,9.4375,275200,9.4375,9.28125,4.225186347961426
23-06-1993,9.25,9.28125,338800,9.5,9.46875,4.310544013977051
24-06-1993,9.40625,9.40625,254800,9.625,9.53125,4.338996410369873
25-06-1993,9.25,9.59375,272800,9.625,9.34375,4.253638744354248
28-06-1993,9.375,9.40625,181600,9.53125,9.53125,4.338996410369873
29-06-1993,9.46875,9.5625,597600,9.6875,9.5625,4.353222846984863
30-06-1993,9.28125,9.5625,457200,9.59375,9.34375,4.253638744354248
01-07-1993,9.40625,9.40625,579200,9.46875,9.40625,4.282093048095703
02-07-1993,9.15625,9.40625,445200,9.4375,9.3125,4.239413738250732
06-07-1993,9.21875,9.25,253200,9.34375,9.25,4.21096134185791
07-07-1993,9.09375,9.1875,433200,9.28125,9.09375,4.139830112457275
08-07-1993,9.0,9.09375,296400,9.21875,9.1875,4.182509422302246
09-07-1993,9.09375,9.1875,240800,9.21875,9.21875,4.1967363357543945
12-07-1993,8.9375,9.15625,200400,9.1875,9.03125,4.1113762855529785
13-07-1993,9.0,9.0,142000,9.21875,9.0625,4.125601291656494
14-07-1993,9.0,9.0625,335600,9.1875,9.125,4.154056072235107
15-07-1993,9.0625,9.125,557600,9.625,9.4375,4.2963175773620605
16-07-1993,9.46875,9.46875,488800,9.59375,9.59375,4.367448806762695
19-07-1993,9.5,9.59375,293200,9.65625,9.5625,4.353222846984863
20-07-1993,9.375,9.5,207200,9.5,9.4375,4.2963175773620605
21-07-1993,9.21875,9.34375,446000,9.4375,9.4375,4.2963175773620605
22-07-1993,9.0625,9.40625,1030400,9.40625,9.28125,4.225186347961426
23-07-1993,9.1875,9.25,225600,9.34375,9.3125,4.239413738250732
26-07-1993,9.25,9.3125,519200,9.3125,9.28125,4.225186347961426
27-07-1993,9.1875,9.3125,196400,9.3125,9.1875,4.182509422302246
28-07-1993,9.0625,9.1875,277600,9.1875,9.0625,4.125601291656494
29-07-1993,9.0625,9.0625,332800,9.125,9.125,4.154056072235107
30-07-1993,9.0,9.09375,265200,9.09375,9.03125,4.1113762855529785
02-08-1993,8.84375,9.0,450400,9.0,8.875,4.094650745391846
03-08-1993,8.8125,8.875,193600,8.90625,8.84375,4.080235958099365
04-08-1993,8.8125,8.875,400400,8.90625,8.875,4.094650745391846
05-08-1993,8.8125,8.875,281200,8.9375,8.9375,4.123487949371338
06-08-1993,8.96875,9.03125,451200,9.0625,9.0625,4.181159019470215
09-08-1993,9.0,9.0,526000,9.34375,9.34375,4.310918807983398
10-08-1993,9.21875,9.34375,760400,9.375,9.375,4.325335502624512
11-08-1993,9.375,9.375,263600,9.5625,9.5625,4.411842346191406
12-08-1993,9.0,9.5625,600800,9.59375,9.15625,4.224410057067871
13-08-1993,9.125,9.15625,154400,9.25,9.25,4.267664909362793
16-08-1993,9.1875,9.25,240800,9.40625,9.375,4.325335502624512
17-08-1993,9.3125,9.375,201200,9.40625,9.375,4.325335502624512
18-08-1993,9.375,9.375,424400,9.53125,9.53125,4.397425174713135
19-08-1993,9.46875,9.53125,257600,9.5625,9.46875,4.368589878082275
20-08-1993,9.46875,9.53125,353200,9.5625,9.5,4.3830060958862305
23-08-1993,9.4375,9.5,330800,9.5625,9.4375,4.354175090789795
24-08-1993,9.46875,9.46875,724800,9.6875,9.6875,4.469514846801758
25-08-1993,9.6875,9.6875,823200,9.875,9.75,4.498349189758301
26-08-1993,9.8125,9.8125,742800,9.90625,9.8125,4.527186393737793
27-08-1993,9.78125,9.8125,235200,9.84375,9.84375,4.541604042053223
30-08-1993,9.8125,9.84375,395600,9.90625,9.875,4.556021690368652
31-08-1993,9.90625,9.90625,1192800,10.09375,10.0625,4.6425299644470215
01-09-1993,9.96875,10.0625,672800,10.0625,10.0,4.613693714141846
02-09-1993,9.9375,10.0,399200,10.09375,10.03125,4.628109931945801
03-09-1993,9.9375,10.0,296000,10.03125,9.96875,4.599276542663574
07-09-1993,9.9375,9.9375,394400,10.09375,9.96875,4.599276542663574
08-09-1993,9.90625,9.9375,603600,10.0625,10.0,4.613693714141846
09-09-1993,9.96875,10.0,722000,10.09375,10.0,4.613693714141846
10-09-1993,9.96875,10.0,466400,10.03125,10.0,4.613693714141846
13-09-1993,10.0,10.0,441600,10.03125,10.0,4.613693714141846
14-09-1993,9.90625,10.0,462400,10.0,9.96875,4.599276542663574
15-09-1993,9.875,9.96875,483600,10.0,10.0,4.613693714141846
16-09-1993,9.96875,10.0,292800,10.125,10.125,4.671364784240723
17-09-1993,9.9375,9.9375,1052000,10.09375,10.0,4.613693714141846
20-09-1993,9.75,10.0,685200,10.0,9.84375,4.541604042053223
21-09-1993,9.375,9.8125,965200,9.8125,9.65625,4.455098628997803
22-09-1993,9.5625,9.71875,390400,9.71875,9.59375,4.426259994506836
23-09-1993,9.5625,9.6875,645600,9.71875,9.65625,4.455098628997803
24-09-1993,9.5625,9.65625,615200,9.75,9.6875,4.469514846801758
27-09-1993,9.75,9.75,266000,9.8125,9.75,4.498349189758301
28-09-1993,9.65625,9.75,619200,9.8125,9.65625,4.455098628997803
29-09-1993,9.5625,9.625,193200,9.65625,9.65625,4.455098628997803
30-09-1993,9.5,9.59375,204400,9.65625,9.65625,4.455098628997803
01-10-1993,9.5625,9.65625,278800,9.65625,9.625,4.44067907333374
04-10-1993,9.59375,9.65625,462000,9.65625,9.65625,4.455098628997803
05-10-1993,9.53125,9.71875,407600,9.71875,9.53125,4.397425174713135
06-10-1993,9.3125,9.5625,1075600,9.65625,9.46875,4.368589878082275
07-10-1993,9.46875,9.46875,218400,9.65625,9.625,4.44067907333374
08-10-1993,9.65625,9.65625,432800,9.78125,9.78125,4.512767791748047
11-10-1993,9.75,9.84375,234400,9.9375,9.78125,4.512767791748047
12-10-1993,9.78125,9.8125,464000,9.90625,9.90625,4.570437908172607
13-10-1993,9.71875,9.84375,1076400,9.90625,9.84375,4.541604042053223
14-10-1993,9.78125,9.84375,212000,9.875,9.8125,4.527186393737793
15-10-1993,9.8125,9.84375,405200,9.84375,9.8125,4.527186393737793
18-10-1993,9.75,9.8125,204000,9.96875,9.90625,4.570437908172607
19-10-1993,9.875,9.875,226400,9.96875,9.96875,4.599276542663574
20-10-1993,9.8125,9.96875,277200,9.96875,9.8125,4.527186393737793
21-10-1993,9.53125,9.84375,522800,9.84375,9.53125,4.397425174713135
22-10-1993,9.46875,9.5625,585600,9.65625,9.59375,4.426259994506836
25-10-1993,9.5,9.625,403200,9.625,9.59375,4.426259994506836
26-10-1993,9.5625,9.59375,736000,9.59375,9.5625,4.411842346191406
27-10-1993,9.46875,9.53125,304400,9.5625,9.5,4.3830060958862305
28-10-1993,9.46875,9.5,492400,9.5625,9.5,4.3830060958862305
29-10-1993,9.34375,9.5,321200,9.5,9.34375,4.310918807983398
01-11-1993,9.28125,9.3125,710400,9.5,9.4375,4.415608882904053
02-11-1993,9.3125,9.375,399600,9.53125,9.53125,4.459470272064209
03-11-1993,9.0,9.53125,662400,9.5625,9.25,4.327878952026367
04-11-1993,9.125,9.1875,583600,9.25,9.15625,4.284013748168945
05-11-1993,9.0,9.15625,692800,9.375,9.3125,4.357122421264648
08-11-1993,9.25,9.3125,362000,9.4375,9.34375,4.371743202209473
09-11-1993,9.1875,9.5,462400,9.5,9.1875,4.298637390136719
10-11-1993,9.15625,9.28125,596000,9.46875,9.46875,4.430227279663086
11-11-1993,9.28125,9.46875,563200,9.46875,9.3125,4.357122421264648
12-11-1993,9.375,9.375,958800,9.5,9.5,4.44484806060791
15-11-1993,9.0,9.5,566000,9.5,9.0,4.210910320281982
16-11-1993,9.125,9.125,474000,9.3125,9.3125,4.357122421264648
17-11-1993,9.28125,9.3125,320000,9.46875,9.46875,4.430227279663086
18-11-1993,9.25,9.40625,318400,9.40625,9.28125,4.342500686645508
19-11-1993,9.1875,9.375,713200,9.4375,9.40625,4.400985240936279
22-11-1993,9.125,9.25,564400,9.375,9.25,4.327878952026367
23-11-1993,9.21875,9.21875,554400,9.5,9.46875,4.430227279663086
24-11-1993,9.375,9.46875,250400,9.5,9.40625,4.400985240936279
26-11-1993,9.46875,9.46875,149200,9.5,9.46875,4.430227279663086
29-11-1993,9.4375,9.5,367200,9.5625,9.4375,4.415608882904053
30-11-1993,9.34375,9.375,252400,9.5,9.46875,4.430227279663086
01-12-1993,9.25,9.5,876400,9.5625,9.40625,4.400985240936279
02-12-1993,9.375,9.375,212800,9.46875,9.46875,4.430227279663086
03-12-1993,9.40625,9.5,154400,9.5,9.46875,4.430227279663086
06-12-1993,9.3125,9.5,374000,9.5625,9.3125,4.357122421264648
07-12-1993,9.28125,9.375,423200,9.40625,9.28125,4.342500686645508
08-12-1993,9.1875,9.28125,303600,9.3125,9.3125,4.357122421264648
09-12-1993,9.1875,9.34375,411600,9.34375,9.21875,4.313258171081543
10-12-1993,9.09375,9.25,230400,9.25,9.09375,4.25477409362793
13-12-1993,9.0625,9.09375,1986400,9.1875,9.1875,4.298637390136719
14-12-1993,9.25,9.28125,294400,9.34375,9.34375,4.371743202209473
15-12-1993,9.25,9.375,572800,9.40625,9.25,4.327878952026367
16-12-1993,9.1875,9.3125,1110000,9.3125,9.1875,4.298637390136719
17-12-1993,9.15625,9.1875,908400,9.34375,9.21875,4.313258171081543
20-12-1993,9.09375,9.21875,482400,9.25,9.25,4.327878952026367
21-12-1993,9.0625,9.28125,631600,9.34375,9.1875,4.298637390136719
22-12-1993,9.0625,9.28125,529600,9.3125,9.21875,4.313258171081543
23-12-1993,9.21875,9.21875,239200,9.3125,9.28125,4.342500686645508
27-12-1993,9.28125,9.28125,347600,9.5625,9.53125,4.459470272064209
28-12-1993,9.46875,9.46875,249600,9.65625,9.65625,4.5179572105407715
29-12-1993,9.6875,9.6875,910000,9.875,9.875,4.62030553817749
30-12-1993,9.8125,9.84375,374800,9.90625,9.84375,4.605684280395508
31-12-1993,9.75,9.8125,154800,9.96875,9.75,4.5618181228637695
03-01-1994,9.65625,9.6875,512400,9.875,9.71875,4.54719877243042
04-01-1994,9.65625,9.75,697600,9.84375,9.71875,4.54719877243042
05-01-1994,9.25,9.65625,1615200,9.65625,9.375,4.386363506317139
06-01-1994,9.375,9.40625,594400,9.53125,9.375,4.386363506317139
07-01-1994,9.34375,9.4375,772800,9.84375,9.8125,4.591062545776367
10-01-1994,9.71875,9.75,810000,10.0,10.0,4.678788185119629
11-01-1994,10.0,10.0,645600,10.25,10.25,4.7957587242126465
12-01-1994,10.1875,10.25,729600,10.375,10.375,4.854243278503418
13-01-1994,10.3125,10.34375,536000,10.53125,10.5,4.9127302169799805
14-01-1994,10.40625,10.5,673200,10.53125,10.46875,4.898107528686523
17-01-1994,10.3125,10.46875,352800,10.46875,10.3125,4.8250017166137695
18-01-1994,10.3125,10.375,344800,10.5625,10.53125,4.927350997924805
19-01-1994,10.4375,10.5625,258800,10.5625,10.5,4.9127302169799805
20-01-1994,10.1875,10.5,531200,10.5,10.3125,4.8250017166137695
21-01-1994,10.34375,10.34375,668400,10.75,10.75,5.029698371887207
24-01-1994,10.75,10.8125,989200,11.03125,11.03125,5.161289691925049
25-01-1994,10.90625,11.03125,718400,11.03125,10.90625,5.1028032302856445
26-01-1994,10.59375,10.90625,658400,10.90625,10.625,4.971211910247803
27-01-1994,10.40625,10.53125,588000,10.59375,10.53125,4.927350997924805
28-01-1994,10.5625,10.65625,825200,10.75,10.75,5.029698371887207
31-01-1994,10.625,10.6875,475600,10.6875,10.625,5.032065391540527
01-02-1994,10.6875,10.6875,970400,10.875,10.71875,5.0764689445495605
02-02-1994,10.46875,10.65625,379200,10.6875,10.5,4.972867965698242
03-02-1994,10.375,10.5625,355200,10.5625,10.5,4.972867965698242
04-02-1994,10.34375,10.5,245200,10.5,10.375,4.9136643409729
07-02-1994,10.3125,10.3125,480800,10.40625,10.34375,4.898863315582275
08-02-1994,10.15625,10.28125,487600,10.4375,10.375,4.9136643409729
09-02-1994,10.375,10.4375,487200,10.5,10.46875,4.958064079284668
10-02-1994,10.46875,10.46875,826400,10.90625,10.5625,5.002464294433594
11-02-1994,10.46875,10.46875,267200,10.59375,10.53125,4.987667083740234
14-02-1994,10.5,10.5625,474400,10.78125,10.78125,5.106067657470703
15-02-1994,10.71875,10.75,1182800,11.25,11.21875,5.313272953033447
16-02-1994,11.09375,11.21875,548000,11.28125,11.15625,5.283668041229248
17-02-1994,10.75,11.15625,632800,11.15625,10.90625,5.165267467498779
18-02-1994,10.8125,10.9375,685200,11.15625,10.84375,5.135666370391846
22-02-1994,10.8125,10.8125,745200,11.03125,10.9375,5.180066108703613
23-02-1994,10.8125,10.9375,978000,10.9375,10.84375,5.135666370391846
24-02-1994,10.6875,10.6875,778800,10.8125,10.75,5.0912675857543945
25-02-1994,10.53125,10.71875,1219200,10.71875,10.65625,5.046867370605469
28-02-1994,10.65625,10.65625,641200,10.84375,10.75,5.0912675857543945
01-03-1994,10.625,10.75,454400,10.8125,10.75,5.0912675857543945
02-03-1994,10.65625,10.65625,534400,10.9375,10.84375,5.135666370391846
03-03-1994,10.65625,10.84375,386400,10.96875,10.9375,5.180066108703613
04-03-1994,10.875,10.9375,423600,11.0625,11.03125,5.22446870803833
07-03-1994,11.0,11.0,242400,11.09375,11.0,5.209669589996338
08-03-1994,10.8125,11.09375,509200,11.09375,10.9375,5.180066108703613
09-03-1994,10.84375,10.875,487200,11.09375,11.09375,5.254068851470947
10-03-1994,10.96875,11.03125,265600,11.09375,11.0,5.209669589996338
11-03-1994,11.125,11.1875,414400,11.28125,11.28125,5.342870712280273
14-03-1994,11.125,11.28125,208000,11.28125,11.21875,5.313272953033447
15-03-1994,11.03125,11.21875,283200,11.21875,11.0625,5.239271640777588
16-03-1994,11.0625,11.0625,268400,11.1875,11.125,5.268869876861572
17-03-1994,10.875,11.15625,1064000,11.15625,11.09375,5.254068851470947
18-03-1994,10.90625,11.0625,1128800,11.1875,11.125,5.268869876861572
21-03-1994,10.96875,11.0625,440400,11.09375,11.0,5.209669589996338
22-03-1994,10.9375,10.9375,190400,11.0,10.9375,5.180066108703613
23-03-1994,10.90625,10.9375,505600,11.09375,11.09375,5.254068851470947
24-03-1994,10.8125,10.9375,663200,11.0,10.96875,5.194867134094238
25-03-1994,10.75,10.96875,495200,10.96875,10.78125,5.106067657470703
28-03-1994,10.6875,10.78125,498800,10.8125,10.78125,5.106067657470703
29-03-1994,10.34375,10.71875,360800,10.78125,10.375,4.9136643409729
30-03-1994,10.03125,10.375,808000,10.375,10.09375,4.780463695526123
31-03-1994,9.71875,10.03125,563200,10.125,10.125,4.795262813568115
04-04-1994,9.84375,10.0,495600,10.0625,9.90625,4.691659450531006
05-04-1994,10.0,10.0,632000,10.46875,10.4375,4.943265438079834
06-04-1994,10.25,10.4375,342000,10.53125,10.25,4.854464054107666
07-04-1994,10.1875,10.25,238000,10.375,10.28125,4.869264125823975
08-04-1994,10.03125,10.25,295600,10.25,10.09375,4.780463695526123
11-04-1994,10.03125,10.125,162000,10.3125,10.3125,4.884064197540283
12-04-1994,10.1875,10.28125,260400,10.46875,10.34375,4.898863315582275
13-04-1994,10.28125,10.375,466000,10.46875,10.3125,4.884064197540283
14-04-1994,10.0,10.28125,205200,10.28125,10.0625,4.765662670135498
15-04-1994,9.9375,10.0,462400,10.09375,9.9375,4.706460952758789
18-04-1994,9.6875,9.96875,380000,9.96875,9.8125,4.647260665893555
19-04-1994,9.6875,9.875,454400,9.96875,9.75,4.617660999298096
20-04-1994,9.65625,9.75,298800,9.8125,9.78125,4.63245964050293
21-04-1994,9.75,9.75,674400,10.0,10.0,4.736062526702881
22-04-1994,9.625,10.0,343200,10.0,9.875,4.676863670349121
25-04-1994,9.75,9.84375,296800,10.0,9.96875,4.721263885498047
26-04-1994,9.84375,9.90625,403600,10.0,10.0,4.736062526702881
28-04-1994,10.0,10.0,676000,10.25,10.09375,4.780463695526123
29-04-1994,10.09375,10.09375,422000,10.4375,10.34375,4.898863315582275
02-05-1994,10.1875,10.25,668800,10.28125,10.28125,4.931239128112793
03-05-1994,10.265625,10.3125,309600,10.34375,10.28125,4.931239128112793
04-05-1994,10.1875,10.28125,822000,10.53125,10.4375,5.006181716918945
05-05-1994,10.25,10.4375,286000,10.46875,10.28125,4.931239128112793
06-05-1994,10.0625,10.21875,309200,10.21875,10.09375,4.841307640075684
09-05-1994,10.03125,10.03125,233600,10.125,10.125,4.856297492980957
10-05-1994,10.09375,10.1875,216800,10.1875,10.15625,4.871285915374756
11-05-1994,10.0625,10.15625,462800,10.1875,10.09375,4.841307640075684
12-05-1994,9.90625,10.09375,1078400,10.09375,9.90625,4.751375675201416
13-05-1994,9.90625,9.9375,220800,10.0,9.9375,4.766365051269531
16-05-1994,9.875,10.0,408800,10.0625,9.90625,4.751375675201416
17-05-1994,9.8125,9.84375,642000,10.0,10.0,4.7963433265686035
18-05-1994,9.78125,10.03125,957200,10.03125,9.90625,4.751375675201416
19-05-1994,9.8125,9.96875,342400,9.96875,9.96875,4.781355857849121
20-05-1994,9.84375,9.96875,504400,9.96875,9.875,4.73638916015625
23-05-1994,9.78125,9.9375,308800,9.9375,9.9375,4.766365051269531
24-05-1994,9.875,9.875,763200,10.03125,9.9375,4.766365051269531
25-05-1994,9.84375,9.90625,525600,10.03125,10.03125,4.811330318450928
26-05-1994,10.03125,10.03125,342000,10.25,10.25,4.916250705718994
27-05-1994,10.1875,10.25,470800,10.5625,10.46875,5.021170139312744
31-05-1994,10.1875,10.40625,504400,10.46875,10.1875,4.8862738609313965
01-06-1994,10.03125,10.1875,349200,10.1875,10.0625,4.826321125030518
02-06-1994,9.96875,10.15625,405200,10.15625,10.0,4.7963433265686035
03-06-1994,10.03125,10.09375,242800,10.34375,10.21875,4.901264190673828
06-06-1994,10.1875,10.28125,290000,10.375,10.25,4.916250705718994
07-06-1994,10.0,10.25,348800,10.25,10.03125,4.811330318450928
08-06-1994,10.0,10.0625,1194000,10.125,10.125,4.856297492980957
09-06-1994,10.0625,10.0625,565200,10.1875,10.1875,4.8862738609313965
10-06-1994,10.0,10.1875,126000,10.1875,10.0625,4.826321125030518
13-06-1994,10.0,10.0,639200,10.1875,10.1875,4.8862738609313965
14-06-1994,10.11328125,10.21875,685600,10.25,10.1875,4.8862738609313965
15-06-1994,10.1875,10.25,270000,10.25,10.21875,4.901264190673828
16-06-1994,10.21875,10.21875,468800,10.3125,10.21875,4.901264190673828
17-06-1994,10.1875,10.21875,1267600,10.3125,10.3125,4.946227073669434
20-06-1994,10.1875,10.1875,223600,10.34375,10.28125,4.931239128112793
21-06-1994,10.09375,10.21875,430000,10.3125,10.3125,4.946227073669434
22-06-1994,10.0,10.25,480400,10.25,10.09375,4.841307640075684
23-06-1994,10.0,10.03125,341600,10.15625,10.0625,4.826321125030518
24-06-1994,9.96875,10.0,746800,10.125,10.03125,4.811330318450928
27-06-1994,9.84375,9.96875,544800,10.09375,9.96875,4.781355857849121
28-06-1994,9.5625,9.875,488000,9.875,9.6875,4.646457672119141
29-06-1994,9.65625,9.75,362000,9.9375,9.6875,4.646457672119141
30-06-1994,9.625,9.6875,408000,9.75,9.75,4.676433086395264
01-07-1994,9.59375,9.8125,356000,9.8125,9.71875,4.6614460945129395
05-07-1994,9.65625,9.65625,225600,9.75,9.65625,4.631470680236816
06-07-1994,9.625,9.6875,345600,9.71875,9.65625,4.631470680236816
07-07-1994,9.65625,9.6875,248000,9.90625,9.90625,4.751375675201416
08-07-1994,9.8125,9.875,309600,9.96875,9.875,4.73638916015625
11-07-1994,9.375,9.9375,296400,9.96875,9.6875,4.646457672119141
12-07-1994,9.625,9.75,660400,9.9375,9.625,4.616480827331543
13-07-1994,9.53125,9.625,714000,9.6875,9.5625,4.586501598358154
14-07-1994,9.53125,9.6875,606800,9.75,9.75,4.676433086395264
15-07-1994,9.59375,9.71875,792800,9.71875,9.625,4.616480827331543
18-07-1994,9.5625,9.625,776400,9.65625,9.5625,4.586501598358154
19-07-1994,9.375,9.59375,2578400,9.625,9.4375,4.526548862457275
20-07-1994,9.25,9.4375,646000,9.46875,9.46875,4.541536331176758
21-07-1994,9.4375,9.4375,874800,9.53125,9.53125,4.571512222290039
22-07-1994,9.28125,9.40625,639200,9.40625,9.375,4.496570110321045
25-07-1994,9.3125,9.375,519600,9.5625,9.4375,4.526548862457275
26-07-1994,9.5,9.53125,483200,9.59375,9.5625,4.586501598358154
27-07-1994,9.5625,9.5625,1155200,9.8125,9.71875,4.6614460945129395
28-07-1994,9.71875,9.71875,1022000,10.03125,10.0,4.7963433265686035
29-07-1994,9.9375,10.0,528400,10.0625,10.03125,4.811330318450928
01-08-1994,10.0,10.0,750800,10.21875,10.21875,4.965615749359131
02-08-1994,10.125,10.21875,1064800,10.375,10.125,4.920058727264404
03-08-1994,10.125,10.125,1486800,10.4375,10.4375,5.071910858154297
04-08-1994,10.21875,10.4375,624000,10.4375,10.28125,4.9959845542907715
05-08-1994,10.1875,10.28125,474800,10.3125,10.21875,4.965615749359131
08-08-1994,10.09375,10.28125,558000,10.28125,10.09375,4.904872417449951
09-08-1994,9.9375,10.125,616000,10.125,10.09375,4.904872417449951
10-08-1994,10.09375,10.125,775200,10.375,10.34375,5.026354789733887
11-08-1994,10.09375,10.28125,737600,10.3125,10.28125,4.9959845542907715
12-08-1994,10.25,10.25,396000,10.375,10.34375,5.026354789733887
15-08-1994,10.328125,10.4375,330000,10.46875,10.375,5.041542053222656
16-08-1994,10.375,10.40625,454000,10.5625,10.53125,5.11746883392334
17-08-1994,10.34375,10.59375,480400,10.59375,10.4375,5.071910858154297
18-08-1994,10.46875,10.5,812000,10.59375,10.5,5.1022844314575195
19-08-1994,10.46875,10.53125,864400,10.5625,10.53125,5.11746883392334
22-08-1994,10.5,10.5,612000,10.59375,10.5,5.1022844314575195
23-08-1994,10.53125,10.59375,462400,10.71875,10.65625,5.178210258483887
24-08-1994,10.625,10.6875,656800,10.75,10.75,5.2237653732299805
25-08-1994,10.75,10.75,234000,10.90625,10.8125,5.25413703918457
26-08-1994,10.8125,10.8125,903600,11.09375,11.09375,5.390804290771484
29-08-1994,11.09375,11.15625,465200,11.21875,11.09375,5.390804290771484
30-08-1994,10.9375,11.125,819200,11.125,10.9375,5.314876556396484
31-08-1994,10.8125,10.875,398000,10.90625,10.8125,5.25413703918457
01-09-1994,10.6875,10.84375,500800,10.84375,10.6875,5.193394660949707
02-09-1994,10.59375,10.75,824000,10.8125,10.71875,5.208583354949951
06-09-1994,10.75,10.75,123600,10.84375,10.84375,5.269320964813232
07-09-1994,10.75,10.84375,732800,10.9375,10.75,5.2237653732299805
08-09-1994,10.75,10.8125,409600,10.84375,10.8125,5.25413703918457
09-09-1994,10.71875,10.75,344800,10.8125,10.75,5.2237653732299805
12-09-1994,10.6875,10.75,588800,10.75,10.6875,5.193394660949707
13-09-1994,10.53125,10.71875,186400,10.75,10.53125,5.11746883392334
14-09-1994,10.40625,10.5,672400,10.53125,10.46875,5.087096214294434
15-09-1994,10.46875,10.59375,582000,10.59375,10.5,5.1022844314575195
16-09-1994,10.46875,10.46875,1028000,10.53125,10.5,5.1022844314575195
19-09-1994,10.40625,10.5625,517600,10.5625,10.5,5.1022844314575195
20-09-1994,10.3125,10.4375,210000,10.53125,10.4375,5.071910858154297
21-09-1994,10.1875,10.40625,542000,10.40625,10.3125,5.01116943359375
22-09-1994,10.1875,10.28125,758400,10.46875,10.1875,4.9504289627075195
23-09-1994,10.0625,10.125,621600,10.34375,10.34375,5.026354789733887
26-09-1994,10.15625,10.34375,1248000,10.40625,10.25,5.054090976715088
27-09-1994,10.25,10.25,616800,10.4375,10.34375,5.100317478179932
28-09-1994,10.28125,10.3125,384000,10.5625,10.5,5.177363872528076
29-09-1994,10.46875,10.5,1003200,10.53125,10.53125,5.19277286529541
30-09-1994,10.5625,10.59375,506000,10.6875,10.6875,5.269814968109131
03-10-1994,10.46875,10.625,352800,10.625,10.53125,5.19277286529541
04-10-1994,10.15625,10.5625,514000,10.5625,10.1875,5.023273468017578
05-10-1994,9.9375,10.0625,703600,10.09375,10.0625,4.961640357971191
06-10-1994,9.96875,10.0,378000,10.15625,10.125,4.992457389831543
07-10-1994,10.0625,10.0625,442800,10.40625,10.28125,5.069500923156738
10-10-1994,10.28125,10.34375,423200,10.40625,10.40625,5.131136417388916
11-10-1994,10.40625,10.40625,704000,10.65625,10.59375,5.223590850830078
12-10-1994,10.34375,10.5625,557200,10.5625,10.375,5.115727424621582
13-10-1994,10.4375,10.4375,628800,10.46875,10.46875,5.161952495574951
14-10-1994,10.40625,10.46875,181200,10.5,10.5,5.177363872528076
17-10-1994,10.4375,10.5,350000,10.5,10.46875,5.161952495574951
18-10-1994,10.40625,10.5,390000,10.5,10.40625,5.131136417388916
19-10-1994,10.40625,10.40625,1552800,10.71875,10.65625,5.2544074058532715
20-10-1994,10.65625,10.71875,972000,10.8125,10.8125,5.331450939178467
21-10-1994,10.75,10.8125,1296800,10.84375,10.84375,5.346858501434326
24-10-1994,10.75,10.875,1084800,10.875,10.78125,5.316041946411133
25-10-1994,10.78125,10.8125,490800,10.90625,10.875,5.362267017364502
26-10-1994,10.75,10.875,1262400,10.875,10.75,5.300633907318115
27-10-1994,10.5625,10.625,662000,10.71875,10.65625,5.2544074058532715
28-10-1994,10.625,10.625,850800,11.125,11.125,5.485538959503174
31-10-1994,11.15625,11.15625,636800,11.375,11.25,5.547173976898193
01-11-1994,10.84375,11.125,346400,11.15625,10.90625,5.377676486968994
02-11-1994,10.90625,10.90625,555200,11.0,10.90625,5.377676486968994
03-11-1994,10.84375,10.96875,400400,10.96875,10.9375,5.393083572387695
04-11-1994,10.71875,11.0,547600,11.03125,10.71875,5.285225868225098
07-11-1994,10.78125,10.78125,646400,11.0,11.0,5.423902988433838
08-11-1994,10.9375,11.0,309600,11.0,11.0,5.423902988433838
09-11-1994,10.96875,11.0625,239200,11.0625,11.0,5.423902988433838
10-11-1994,10.8125,11.09375,235600,11.09375,10.8125,5.331450939178467
11-11-1994,10.4375,10.625,762800,10.65625,10.5,5.177363872528076
14-11-1994,10.625,10.625,337600,10.9375,10.90625,5.377676486968994
15-11-1994,10.625,10.84375,394000,10.9375,10.6875,5.269814968109131
16-11-1994,10.625,10.6875,474400,10.71875,10.6875,5.269814968109131
17-11-1994,10.5625,10.71875,152800,10.78125,10.65625,5.2544074058532715
18-11-1994,10.65625,10.6875,828800,10.84375,10.78125,5.316041946411133
21-11-1994,10.84375,10.84375,381600,10.9375,10.90625,5.377676486968994
22-11-1994,10.4375,10.75,280400,10.75,10.46875,5.161952495574951
23-11-1994,9.9375,10.3125,420800,10.34375,10.1875,5.023273468017578
25-11-1994,10.15625,10.15625,353200,10.25,10.21875,5.0386834144592285
28-11-1994,10.1875,10.25,434800,10.4375,10.375,5.115727424621582
29-11-1994,10.125,10.375,265200,10.40625,10.28125,5.069500923156738
30-11-1994,10.125,10.3125,449200,10.3125,10.125,4.992457389831543
01-12-1994,10.0625,10.1875,448400,10.25,10.21875,5.0386834144592285
02-12-1994,10.1875,10.28125,506400,10.4375,10.375,5.115727424621582
05-12-1994,10.21875,10.46875,562000,10.5,10.25,5.054090976715088
06-12-1994,10.15625,10.15625,192800,10.375,10.34375,5.100317478179932
07-12-1994,10.25,10.25,185600,10.4375,10.28125,5.069500923156738
08-12-1994,10.125,10.34375,320400,10.40625,10.1875,5.023273468017578
09-12-1994,9.96875,10.125,591600,10.125,9.96875,4.915413856506348
12-12-1994,9.9375,10.0625,355600,10.09375,10.0625,4.961640357971191
13-12-1994,9.96875,10.0625,469600,10.0625,10.03125,4.946228981018066
14-12-1994,9.90625,10.0,1179600,10.03125,10.0,4.930820941925049
15-12-1994,10.0625,10.0625,564400,10.375,10.28125,5.069500923156738
16-12-1994,10.40625,10.875,1536400,10.875,10.46875,5.161952495574951
19-12-1994,10.34375,10.40625,297600,10.40625,10.375,5.115727424621582
20-12-1994,10.3125,10.3125,354800,10.4375,10.40625,5.131136417388916
21-12-1994,10.34375,10.34375,393600,10.5,10.46875,5.161952495574951
22-12-1994,10.53125,10.53125,290400,10.75,10.65625,5.2544074058532715
23-12-1994,10.625,10.65625,285600,10.75,10.65625,5.32942533493042
27-12-1994,10.78125,10.8125,248000,10.875,10.875,5.438826560974121
28-12-1994,10.5,10.71875,247200,10.71875,10.59375,5.2981672286987305
29-12-1994,10.65625,10.65625,250400,10.78125,10.78125,5.391940116882324
30-12-1994,10.53125,10.71875,530800,10.9375,10.9375,5.470082759857178
03-01-1995,10.6875,10.8125,630000,10.875,10.84375,5.423196792602539
04-01-1995,10.5,10.875,389600,10.875,10.625,5.313794136047363
05-01-1995,10.375,10.6875,466000,10.6875,10.4375,5.220023155212402
06-01-1995,10.4375,10.46875,757600,10.65625,10.625,5.313794136047363
09-01-1995,10.5,10.625,174400,10.625,10.5625,5.282536029815674
10-01-1995,10.59375,10.65625,210400,10.84375,10.65625,5.32942533493042
11-01-1995,10.5,10.71875,230000,10.71875,10.59375,5.2981672286987305
12-01-1995,10.5,10.53125,453600,10.6875,10.5625,5.282536029815674
13-01-1995,10.40625,10.625,320000,10.65625,10.5625,5.282536029815674
16-01-1995,10.625,10.6875,518400,10.75,10.71875,5.360685348510742
17-01-1995,10.53125,10.65625,434400,10.75,10.75,5.3763108253479
18-01-1995,10.40625,10.65625,313600,10.6875,10.5,5.251281261444092
19-01-1995,10.25,10.4375,821600,10.46875,10.34375,5.173135280609131
20-01-1995,10.09375,10.34375,800400,10.34375,10.125,5.063734531402588
23-01-1995,9.9375,9.9375,518400,10.375,10.375,5.1887664794921875
24-01-1995,10.0625,10.3125,412000,10.3125,10.21875,5.110621929168701
25-01-1995,10.0625,10.3125,516800,10.5,10.15625,5.0793633460998535
26-01-1995,10.09375,10.21875,485200,10.25,10.125,5.063734531402588
27-01-1995,10.0625,10.15625,279200,10.1875,10.15625,5.0793633460998535
30-01-1995,10.0625,10.15625,265200,10.1875,10.09375,5.048105716705322
31-01-1995,10.0,10.03125,303600,10.125,10.0625,5.032477378845215
01-02-1995,9.96875,10.09375,469600,10.125,10.0625,5.032477378845215
02-02-1995,10.03125,10.03125,1426800,10.3125,10.28125,5.141878604888916
03-02-1995,10.53125,10.625,1368400,10.6875,10.625,5.313794136047363
06-02-1995,10.59375,10.59375,1441600,10.78125,10.75,5.3763108253479
07-02-1995,10.6875,10.75,693200,10.8125,10.78125,5.391940116882324
08-02-1995,10.75,10.78125,443600,10.84375,10.78125,5.391940116882324
09-02-1995,10.75,10.75,792400,10.875,10.84375,5.423196792602539
10-02-1995,10.8125,10.875,378000,10.90625,10.84375,5.423196792602539
13-02-1995,10.8125,10.8125,337200,10.9375,10.875,5.438826560974121
14-02-1995,10.78125,10.875,343600,10.90625,10.8125,5.407567024230957
15-02-1995,10.84375,10.875,468400,11.0,10.96875,5.485713481903076
16-02-1995,10.9375,10.9375,274400,11.0,10.96875,5.485713481903076
17-02-1995,10.9375,10.96875,267600,10.96875,10.9375,5.470082759857178
21-02-1995,10.96875,11.0,556800,11.0625,11.03125,5.516970634460449
22-02-1995,10.96875,11.03125,566000,11.125,11.0,5.501340866088867
23-02-1995,10.9375,11.0,637200,11.15625,11.125,5.563857555389404
24-02-1995,11.15625,11.1875,282400,11.21875,11.21875,5.610744953155518
27-02-1995,11.03125,11.09375,310400,11.15625,11.09375,5.548226833343506
28-02-1995,11.09375,11.125,326000,11.25,11.21875,5.610744953155518
01-03-1995,11.0625,11.21875,256000,11.25,11.0625,5.532599449157715
02-03-1995,10.90625,11.09375,225600,11.09375,11.03125,5.516970634460449
03-03-1995,10.875,10.9375,386400,11.03125,11.03125,5.516970634460449
06-03-1995,10.96875,11.0,460800,11.21875,11.15625,5.579483985900879
07-03-1995,11.0,11.125,752800,11.125,11.125,5.563857555389404
08-03-1995,11.03125,11.15625,212400,11.1875,11.09375,5.548226833343506
09-03-1995,10.9375,11.0,186800,11.03125,10.9375,5.470082759857178
10-03-1995,11.0,11.0,490000,11.21875,11.15625,5.579483985900879
13-03-1995,11.0625,11.15625,233200,11.21875,11.21875,5.610744953155518
14-03-1995,11.09375,11.21875,506800,11.375,11.125,5.563857555389404
15-03-1995,11.09375,11.1875,492800,11.25,11.125,5.563857555389404
16-03-1995,11.0625,11.125,637200,11.15625,11.125,5.563857555389404
17-03-1995,11.125,11.21875,1329600,11.21875,11.21875,5.610744953155518
20-03-1995,11.28125,11.28125,416800,11.5,11.4375,5.720144271850586
21-03-1995,11.28125,11.46875,571200,11.59375,11.3125,5.657630920410156
22-03-1995,11.1875,11.3125,390400,11.3125,11.1875,5.5951151847839355
23-03-1995,11.1875,11.21875,826800,11.4375,11.4375,5.720144271850586
24-03-1995,11.4375,11.4375,778400,11.71875,11.65625,5.829548358917236
27-03-1995,11.59375,11.65625,587600,11.6875,11.59375,5.87387752532959
28-03-1995,11.53125,11.65625,226400,11.65625,11.5625,5.858046531677246
29-03-1995,11.625,11.65625,647600,11.96875,11.65625,5.905544281005859
30-03-1995,11.5625,11.75,695600,12.0625,12.0,6.079700946807861
31-03-1995,11.875,11.875,768000,12.21875,12.21875,6.190527439117432
03-04-1995,12.09375,12.09375,427600,12.25,12.15625,6.158863067626953
04-04-1995,11.90625,12.125,478800,12.125,11.96875,6.063866138458252
05-04-1995,11.78125,11.9375,388800,11.9375,11.875,6.016371250152588
06-04-1995,11.78125,12.0,350800,12.0,11.8125,5.984707355499268
07-04-1995,11.71875,11.875,560000,11.875,11.8125,5.984707355499268
10-04-1995,11.65625,11.75,356800,11.75,11.6875,5.921380043029785
11-04-1995,11.625,11.75,464400,11.75,11.71875,5.937207221984863
12-04-1995,11.5,11.625,476000,11.78125,11.78125,5.968871116638184
13-04-1995,11.78125,11.875,680000,12.0,11.875,6.016371250152588
17-04-1995,11.59375,12.0625,556800,12.0625,11.6875,5.921380043029785
18-04-1995,11.703125,11.75,257600,11.78125,11.75,5.95304012298584
19-04-1995,11.75,11.75,678800,12.0625,12.0,6.079700946807861
20-04-1995,12.09375,12.09375,1201200,12.46875,12.375,6.2696919441223145
21-04-1995,12.25,12.5,994400,12.5625,12.3125,6.238024711608887
24-04-1995,12.28125,12.28125,896400,12.625,12.625,6.3963494300842285
25-04-1995,12.34375,12.5625,517600,12.59375,12.59375,6.380521297454834
26-04-1995,12.46875,12.59375,620800,12.65625,12.625,6.3963494300842285
27-04-1995,12.375,12.53125,941600,12.53125,12.46875,6.317192077636719
28-04-1995,12.4375,12.53125,256000,12.5625,12.53125,6.3488545417785645
01-05-1995,12.53125,12.59375,514800,12.625,12.53125,6.3488545417785645
02-05-1995,12.53125,12.53125,314800,12.6875,12.6875,6.428015232086182
03-05-1995,12.625,12.75,546400,12.875,12.75,6.4596848487854
04-05-1995,12.65625,12.75,475600,12.875,12.78125,6.475515365600586
05-05-1995,12.5625,12.875,441200,12.875,12.5625,6.364686012268066
08-05-1995,12.4375,12.5625,373600,12.78125,12.625,6.3963494300842285
09-05-1995,12.53125,12.625,605600,12.71875,12.53125,6.3488545417785645
10-05-1995,12.28125,12.625,818400,12.625,12.34375,6.2538604736328125
11-05-1995,12.3125,12.40625,1210000,12.53125,12.46875,6.317192077636719
12-05-1995,12.5,12.5,618400,12.625,12.625,6.3963494300842285
15-05-1995,12.65625,12.6875,422000,12.8125,12.8125,6.491349697113037
16-05-1995,12.78125,12.8125,558000,13.0,12.9375,6.5546770095825195
17-05-1995,12.9375,13.0,406000,13.0,12.96875,6.57050895690918
18-05-1995,12.75,12.96875,638800,12.96875,12.75,6.4596848487854
19-05-1995,12.578125,12.75,798400,12.75,12.625,6.3963494300842285
22-05-1995,12.375,12.6875,930400,12.78125,12.375,6.2696919441223145
23-05-1995,12.46875,12.46875,722400,12.59375,12.59375,6.380521297454834
24-05-1995,12.46875,12.71875,505200,12.71875,12.5,6.3330230712890625
25-05-1995,12.5,12.5,405600,12.75,12.75,6.4596848487854
26-05-1995,12.5625,12.75,380800,12.8125,12.5625,6.364686012268066
30-05-1995,12.40625,12.59375,683200,12.59375,12.46875,6.317192077636719
31-05-1995,12.359375,12.46875,993200,12.5,12.4375,6.301357746124268
01-06-1995,12.3125,12.46875,747200,12.46875,12.4375,6.301357746124268
02-06-1995,12.34375,12.375,1074400,12.46875,12.40625,6.285524368286133
05-06-1995,12.34375,12.375,1834000,12.5,12.4375,6.301357746124268
06-06-1995,12.40625,12.4375,362400,12.625,12.625,6.3963494300842285
07-06-1995,12.59375,12.59375,433600,12.6875,12.59375,6.380521297454834
08-06-1995,12.53125,12.53125,185200,12.625,12.5625,6.364686012268066
09-06-1995,12.40625,12.53125,246800,12.625,12.4375,6.301357746124268
12-06-1995,12.4375,12.46875,335200,12.6875,12.65625,6.4121856689453125
13-06-1995,12.5625,12.6875,352400,12.75,12.75,6.4596848487854
14-06-1995,12.5625,12.75,388400,12.8125,12.8125,6.491349697113037
15-06-1995,12.8125,12.84375,447200,13.15625,13.0625,6.618007183074951
16-06-1995,13.15625,13.1875,1386400,13.3125,13.1875,6.681339263916016
19-06-1995,13.3125,13.3125,470400,13.46875,13.34375,6.760501384735107
20-06-1995,13.25,13.34375,976800,13.34375,13.34375,6.760501384735107
21-06-1995,13.25,13.28125,301200,13.34375,13.25,6.713001728057861
22-06-1995,13.21875,13.21875,764400,13.625,13.4375,6.808000564575195
23-06-1995,13.34375,13.46875,616000,13.59375,13.59375,6.887162208557129
26-06-1995,13.625,13.625,691600,13.90625,13.875,7.029656887054443
27-06-1995,13.53125,13.84375,727200,13.84375,13.53125,6.855495452880859
28-06-1995,13.3125,13.4375,454000,13.5,13.4375,6.884315490722656
29-06-1995,13.3125,13.40625,296000,13.5,13.46875,6.90032434463501
30-06-1995,13.5,13.5,478800,13.75,13.75,7.04441499710083
03-07-1995,13.5625,13.5625,230400,13.6875,13.625,6.980374813079834
05-07-1995,13.65625,13.65625,356400,13.96875,13.84375,7.09244441986084
06-07-1995,13.875,13.90625,594400,14.6875,14.5625,7.460676670074463
07-07-1995,14.5625,14.65625,1274800,15.078125,14.75,7.556734085083008
10-07-1995,14.59375,14.59375,874000,15.4375,15.4375,7.9089579582214355
11-07-1995,14.8125,15.40625,1071600,15.40625,14.90625,7.636786937713623
12-07-1995,14.65625,14.875,732000,14.90625,14.6875,7.524713516235352
13-07-1995,14.625,14.75,621600,14.75,14.6875,7.524713516235352
14-07-1995,14.5625,14.5625,748800,14.84375,14.84375,7.604766845703125
17-07-1995,14.75,14.84375,354000,14.90625,14.8125,7.588756084442139
18-07-1995,14.53125,14.875,466400,14.875,14.53125,7.444669246673584
19-07-1995,13.90625,14.4375,501600,14.4375,14.4375,7.396636486053467
20-07-1995,14.5,14.625,1048800,14.84375,14.625,7.4926934242248535
21-07-1995,14.1875,14.65625,1096000,14.65625,14.25,7.30057430267334
24-07-1995,14.0625,14.375,938000,14.40625,14.1875,7.268555641174316
25-07-1995,13.875,14.21875,1194800,14.28125,14.25,7.30057430267334
26-07-1995,14.1875,14.4375,1308000,14.59375,14.53125,7.444669246673584
27-07-1995,14.46875,14.59375,612800,14.71875,14.71875,7.540724277496338
28-07-1995,14.375,14.71875,734800,14.8125,14.71875,7.540724277496338
31-07-1995,14.46875,14.75,695600,14.78125,14.75,7.556734085083008
01-08-1995,14.6875,14.75,804800,14.78125,14.78125,7.572743892669678
02-08-1995,14.59375,14.78125,1149200,14.78125,14.65625,7.508707523345947
03-08-1995,14.4375,14.65625,483600,14.65625,14.5625,7.460676670074463
04-08-1995,14.40625,14.5625,809600,14.5625,14.46875,7.412644863128662
07-08-1995,14.40625,14.5,700000,14.71875,14.5625,7.460676670074463
08-08-1995,14.5,14.5625,486800,14.71875,14.59375,7.476683616638184
09-08-1995,14.40625,14.65625,935200,14.65625,14.53125,7.444669246673584
10-08-1995,14.28125,14.5625,808800,14.5625,14.3125,7.332596302032471
11-08-1995,14.34375,14.375,672400,14.53125,14.5,7.428656578063965
14-08-1995,14.46875,14.5,434000,14.65625,14.65625,7.508707523345947
15-08-1995,14.5625,14.59375,791200,14.6875,14.65625,7.508707523345947
16-08-1995,14.5,14.65625,309600,14.65625,14.65625,7.508707523345947
17-08-1995,14.59375,14.65625,558400,14.75,14.6875,7.524713516235352
18-08-1995,14.59375,14.71875,681600,14.71875,14.6875,7.524713516235352
21-08-1995,14.8125,14.8125,556800,15.03125,14.9375,7.652797222137451
22-08-1995,14.6875,14.9375,250000,14.9375,14.75,7.556734085083008
23-08-1995,14.5,14.65625,440400,14.75,14.53125,7.444669246673584
24-08-1995,14.5625,14.59375,365600,14.8125,14.6875,7.524713516235352
25-08-1995,14.5625,14.65625,384400,14.71875,14.65625,7.508707523345947
28-08-1995,14.625,14.71875,472400,14.8125,14.78125,7.572743892669678
29-08-1995,14.75,14.78125,358400,15.125,15.125,7.748854160308838
30-08-1995,14.96875,15.125,644000,15.28125,15.28125,7.82890510559082
31-08-1995,15.21875,15.28125,447600,15.34375,15.3125,7.84491491317749
01-09-1995,15.25,15.25,442400,15.5,15.40625,7.892948150634766
05-09-1995,15.375,15.375,588400,15.75,15.71875,8.053046226501465
06-09-1995,15.28125,15.71875,696800,15.71875,15.34375,7.860928535461426
07-09-1995,15.21875,15.40625,604800,15.40625,15.40625,7.892948150634766
08-09-1995,15.28125,15.375,585600,15.5,15.4375,7.9089579582214355
11-09-1995,15.40625,15.5,218400,15.5,15.5,7.94097900390625
12-09-1995,15.3125,15.53125,444400,15.53125,15.34375,7.860928535461426
13-09-1995,15.34375,15.34375,331200,15.625,15.40625,7.892948150634766
14-09-1995,15.375,15.375,444800,15.71875,15.6875,8.03703784942627
15-09-1995,15.65625,16.375,1132400,16.375,15.75,8.069056510925293
18-09-1995,15.625,15.71875,1022400,15.8125,15.679688453674316,8.033034324645996
19-09-1995,15.09375,15.625,1298800,15.625,15.125,7.748854160308838
20-09-1995,15.03125,15.125,960800,15.375,15.3125,7.84491491317749
21-09-1995,14.90625,15.34375,468400,15.34375,15.1875,7.78087854385376
22-09-1995,14.59375,14.9375,950800,14.96875,14.8125,7.588756084442139
25-09-1995,14.5625,14.96875,746000,15.0625,14.625,7.4926934242248535
26-09-1995,14.125,14.625,1081200,14.625,14.28125,7.316584587097168
27-09-1995,14.0625,14.28125,1363200,14.3125,14.21875,7.372326850891113
28-09-1995,14.28125,14.3125,608400,14.875,14.875,7.712582588195801
29-09-1995,14.46875,14.875,629200,14.875,14.71875,7.6315717697143555
02-10-1995,14.46875,14.65625,483200,14.71875,14.65625,7.599161148071289
03-10-1995,14.5625,14.6875,891200,14.9375,14.75,7.647772312164307
04-10-1995,13.96875,14.75,1327200,14.78125,14.03125,7.275106906890869
05-10-1995,13.90625,14.09375,1583600,14.15625,14.09375,7.307508945465088
06-10-1995,14.0,14.15625,346000,14.375,14.09375,7.307508945465088
09-10-1995,13.6875,14.0625,562000,14.09375,13.84375,7.177887916564941
10-10-1995,13.625,13.6875,847600,14.25,14.25,7.388524532318115
11-10-1995,13.875,14.1875,881200,14.1875,13.96875,7.242697238922119
12-10-1995,14.03125,14.0625,623200,14.28125,14.15625,7.339920520782471
13-10-1995,14.28125,14.3125,491200,14.5,14.4375,7.485743045806885
16-10-1995,14.4375,14.4375,968800,14.84375,14.71875,7.6315717697143555
17-10-1995,14.625,14.75,896400,14.875,14.6875,7.615366458892822
18-10-1995,14.53125,14.6875,1352800,14.8125,14.65625,7.599161148071289
19-10-1995,14.625,14.625,535200,14.71875,14.71875,7.6315717697143555
20-10-1995,14.65625,14.75,505200,14.875,14.75,7.647772312164307
23-10-1995,14.4375,14.6875,320400,14.6875,14.4375,7.485743045806885
24-10-1995,14.28125,14.5,508400,14.59375,14.375,7.453336238861084
25-10-1995,14.125,14.4375,567200,14.53125,14.125,7.323713779449463
26-10-1995,14.15625,14.15625,508000,14.46875,14.1875,7.356119155883789
27-10-1995,14.0,14.15625,417600,14.53125,14.4375,7.485743045806885
30-10-1995,14.28125,14.375,464400,14.65625,14.5625,7.550556182861328
31-10-1995,14.53125,14.5625,396400,14.84375,14.53125,7.5343523025512695
01-11-1995,14.375,14.625,380800,14.625,14.40625,7.469539642333984
02-11-1995,14.375,14.46875,502800,14.5625,14.46875,7.501948356628418
03-11-1995,14.40625,14.5,568800,14.625,14.59375,7.566755294799805
06-11-1995,14.6875,14.6875,575600,14.9375,14.78125,7.663969993591309
07-11-1995,14.5625,14.71875,355600,14.78125,14.625,7.5829596519470215
08-11-1995,14.3125,14.65625,489200,14.6875,14.40625,7.469539642333984
09-11-1995,14.03125,14.40625,706800,14.40625,14.34375,7.437134742736816
10-11-1995,14.5,14.5,672400,14.84375,14.71875,7.6315717697143555
13-11-1995,14.5,14.71875,584800,14.90625,14.75,7.647772312164307
14-11-1995,14.75,14.8125,416800,15.0,15.0,7.777394771575928
15-11-1995,14.875,14.875,821200,15.03125,15.03125,7.793594837188721
16-11-1995,14.71875,15.0,450800,15.0,14.8125,7.680177688598633
17-11-1995,14.65625,14.78125,487600,14.875,14.75,7.647772312164307
20-11-1995,14.5,14.75,436400,14.75,14.625,7.5829596519470215
21-11-1995,14.53125,14.53125,564400,15.15625,15.0625,7.809802532196045
22-11-1995,15.0,15.03125,311600,15.1875,15.1875,7.874614238739014
24-11-1995,15.1875,15.21875,65200,15.28125,15.28125,7.923221588134766
27-11-1995,15.28125,15.28125,464000,15.625,15.625,8.101455688476562
28-11-1995,15.53125,15.5625,607600,15.84375,15.8125,8.1986665725708
29-11-1995,15.75,15.75,490000,16.0625,15.875,8.23107624053955
30-11-1995,15.75,15.8125,828800,15.96875,15.84375,8.214877128601074
01-12-1995,15.6875,15.8125,477600,15.875,15.78125,8.182474136352539
04-12-1995,15.4375,15.71875,621200,15.78125,15.625,8.101455688476562
05-12-1995,15.625,15.78125,572000,15.84375,15.71875,8.150063514709473
06-12-1995,15.40625,15.71875,807200,15.71875,15.4375,8.00423526763916
07-12-1995,15.0,15.4375,747200,15.4375,15.0,7.777394771575928
08-12-1995,15.03125,15.0625,656800,15.21875,15.0625,7.809802532196045
11-12-1995,14.875,15.15625,526800,15.1875,14.96875,7.76119327545166
12-12-1995,14.40625,14.84375,855200,14.84375,14.53125,7.5343523025512695
13-12-1995,14.4375,14.71875,742800,14.8125,14.4375,7.485743045806885
14-12-1995,14.5,14.5,1298000,14.90625,14.84375,7.696377277374268
15-12-1995,14.71875,14.90625,1550000,14.96875,14.78125,7.663969993591309
18-12-1995,14.4375,14.59375,766400,14.8125,14.53125,7.5343523025512695
19-12-1995,14.34375,14.4375,476000,14.78125,14.6875,7.615366458892822
20-12-1995,14.5625,14.6875,823600,15.0625,14.625,7.5829596519470215
21-12-1995,14.6875,14.75,772400,14.96875,14.78125,7.663969993591309
22-12-1995,14.59375,14.75,532400,14.9375,14.75,7.647772312164307
26-12-1995,14.5625,14.75,438000,14.78125,14.71875,7.6315717697143555
27-12-1995,14.28125,14.6875,433200,14.6875,14.3125,7.507648468017578
28-12-1995,14.0625,14.34375,912000,14.34375,14.21875,7.45846700668335
29-12-1995,14.125,14.21875,961200,14.75,14.75,7.737139701843262
02-01-1996,14.53125,14.625,677600,14.71875,14.625,7.671564102172852
03-01-1996,14.375,14.5625,827200,14.59375,14.5,7.605998992919922
04-01-1996,14.125,14.5,980800,14.5625,14.3125,7.507648468017578
05-01-1996,14.21875,14.25,380000,14.375,14.34375,7.524038791656494
08-01-1996,14.125,14.375,292800,14.375,14.28125,7.49125337600708
09-01-1996,13.84375,14.34375,985200,14.375,13.875,7.2781524658203125
10-01-1996,13.3125,13.78125,772800,13.8125,13.3125,6.983089447021484
11-01-1996,12.96875,13.34375,1276800,13.375,13.0,6.8191704750061035
12-01-1996,13.09375,13.125,1936000,13.25,13.1875,6.917523384094238
15-01-1996,13.25,13.25,1616000,13.8125,13.5,7.0814409255981445
16-01-1996,13.28125,13.5625,1394400,13.59375,13.4375,7.0486626625061035
17-01-1996,13.375,13.375,1546400,13.75,13.75,7.212586402893066
18-01-1996,13.75,13.75,2071200,13.96875,13.96875,7.327328205108643
19-01-1996,13.96875,13.96875,1660800,14.34375,14.34375,7.524038791656494
22-01-1996,14.09375,14.21875,671200,14.28125,14.125,7.409292697906494
23-01-1996,13.96875,14.0625,1414400,14.0625,14.0,7.343722820281982
24-01-1996,14.03125,14.03125,447600,14.375,14.1875,7.442074775695801
25-01-1996,13.96875,14.1875,891200,14.21875,14.125,7.409292697906494
26-01-1996,14.0,14.0,382400,14.3125,14.3125,7.507648468017578
29-01-1996,14.25,14.25,704000,14.8125,14.5,7.605998992919922
30-01-1996,14.53125,14.53125,698800,14.9375,14.71875,7.7207441329956055
31-01-1996,14.6875,14.6875,1503200,15.34375,15.34375,8.04858684539795
01-02-1996,15.1875,15.3125,1016400,15.46875,15.40625,8.081374168395996
02-02-1996,15.09375,15.4375,540000,15.46875,15.25,7.999413013458252
05-02-1996,15.4375,15.4375,799600,15.90625,15.65625,8.21251106262207
06-02-1996,15.3125,15.625,745600,15.625,15.375,8.064980506896973
07-02-1996,15.0625,15.25,682000,15.46875,15.125,7.933843612670898
08-02-1996,15.15625,15.15625,1069200,15.71875,15.71875,8.245294570922852
09-02-1996,15.6875,15.71875,1084400,15.84375,15.8125,8.29447078704834
12-02-1996,15.875,15.875,992000,16.125,16.03125,8.409218788146973
13-02-1996,16.03125,16.03125,772400,16.375,16.375,8.589531898498535
14-02-1996,15.875,16.34375,484000,16.34375,15.90625,8.343650817871094
15-02-1996,15.875,15.90625,826000,15.96875,15.96875,8.376428604125977
16-02-1996,15.46875,15.9375,530000,15.9375,15.5,8.130549430847168
20-02-1996,15.25,15.3125,323600,15.65625,15.59375,8.179728507995605
21-02-1996,15.53125,15.59375,602000,15.78125,15.59375,8.179728507995605
22-02-1996,15.65625,15.65625,638800,16.125,16.125,8.458395004272461
23-02-1996,15.5625,16.0,544800,16.09375,16.0625,8.425610542297363
26-02-1996,16.0,16.0,1174000,16.53125,16.375,8.589531898498535
27-02-1996,16.125,16.375,1091200,16.375,16.28125,8.540356636047363
28-02-1996,16.34375,16.34375,906400,16.65625,16.4375,8.622319221496582
29-02-1996,16.25,16.34375,1310800,16.59375,16.46875,8.638710021972656
01-03-1996,16.28125,16.5625,832800,16.59375,16.34375,8.573139190673828
04-03-1996,16.3125,16.3125,847600,16.5,16.5,8.65510082244873
05-03-1996,16.25,16.4375,420400,16.5625,16.5625,8.687886238098145
06-03-1996,16.5,16.5625,363600,16.765625,16.5,8.65510082244873
07-03-1996,16.25,16.46875,333200,16.5,16.46875,8.638710021972656
08-03-1996,16.125,16.53125,820800,16.53125,16.125,8.458395004272461
11-03-1996,15.90625,16.0,993200,16.4375,16.40625,8.60592269897461
12-03-1996,16.25,16.28125,845200,16.625,16.53125,8.671493530273438
13-03-1996,16.3125,16.40625,430000,16.5,16.5,8.65510082244873
14-03-1996,16.5,16.59375,628800,16.75,16.71875,8.769848823547363
15-03-1996,16.65625,16.78125,825200,16.8125,16.71875,8.769848823547363
18-03-1996,16.84375,16.84375,581200,17.28125,17.15625,8.999338150024414
19-03-1996,17.0625,17.25,365600,17.375,17.125,8.982943534851074
20-03-1996,16.96875,17.15625,438400,17.34375,17.21875,9.032124519348145
21-03-1996,16.90625,17.21875,283200,17.21875,16.96875,8.900978088378906
22-03-1996,16.90625,17.03125,357600,17.09375,16.96875,8.900978088378906
25-03-1996,16.9375,17.03125,519200,17.1875,17.0,8.917377471923828
26-03-1996,16.8125,16.875,716400,17.03125,16.84375,8.835418701171875
27-03-1996,16.59375,16.90625,413200,16.90625,16.625,8.809582710266113
28-03-1996,16.1875,16.5,1114800,16.5,16.21875,8.594316482543945
29-03-1996,15.9375,16.21875,1180800,16.3125,16.15625,8.561192512512207
01-04-1996,16.09375,16.25,828800,16.3125,16.09375,8.528074264526367
02-04-1996,15.9375,16.15625,549200,16.15625,16.03125,8.494952201843262
03-04-1996,15.84375,16.03125,372800,16.03125,15.96875,8.461837768554688
04-04-1996,15.84375,15.9375,520000,16.3125,16.3125,8.643990516662598
08-04-1996,15.90625,16.09375,759600,16.09375,16.03125,8.494952201843262
09-04-1996,15.8125,16.0625,918800,16.0625,15.875,8.41215705871582
10-04-1996,15.59375,15.8125,1020400,15.84375,15.78125,8.362478256225586
11-04-1996,15.25,15.75,770000,15.78125,15.5,8.213445663452148
12-04-1996,15.40625,15.5625,615600,15.8125,15.5,8.213445663452148
15-04-1996,15.40625,15.4375,852800,15.875,15.8125,8.37903881072998
16-04-1996,15.75,15.84375,656800,15.96875,15.96875,8.461837768554688
17-04-1996,16.25,16.3125,1409600,16.53125,16.46875,8.726788520812988
18-04-1996,16.375,16.46875,824000,16.59375,16.59375,8.793024063110352
19-04-1996,16.6875,16.6875,947600,16.96875,16.8125,8.908940315246582
22-04-1996,16.84375,16.84375,902800,16.96875,16.90625,8.9586181640625
23-04-1996,16.78125,16.90625,636000,16.96875,16.9375,8.975173950195312
24-04-1996,16.90625,17.0,383600,17.09375,17.03125,9.02485466003418
25-04-1996,16.9375,16.96875,372800,17.4375,17.375,9.20700454711914
26-04-1996,16.8125,17.3125,402400,17.34375,16.84375,8.925494194030762
29-04-1996,16.78125,16.875,449600,17.0625,16.90625,8.9586181640625
30-04-1996,16.75,16.84375,245600,16.9375,16.8125,8.908940315246582
01-05-1996,16.71875,16.75,288800,16.9375,16.84375,8.925494194030762
02-05-1996,16.71875,16.71875,376400,16.875,16.75,8.875822067260742
03-05-1996,16.5,16.75,267600,16.875,16.53125,8.759904861450195
06-05-1996,16.375,16.53125,350800,16.78125,16.78125,8.892382621765137
07-05-1996,16.5,16.78125,467200,16.8125,16.5,8.743346214294434
08-05-1996,16.25,16.5,519600,16.5,16.34375,8.660545349121094
09-05-1996,16.28125,16.3125,877600,16.5,16.46875,8.726788520812988
10-05-1996,16.5625,16.5625,654400,16.8125,16.6875,8.84270191192627
13-05-1996,16.71875,16.78125,559200,17.21875,17.21875,9.124210357666016
14-05-1996,16.90625,17.1875,631200,17.375,16.9375,8.975173950195312
15-05-1996,16.875,17.0,475200,17.21875,17.03125,9.02485466003418
16-05-1996,16.96875,17.0,477200,17.25,16.96875,8.991734504699707
17-05-1996,16.9375,17.0,336800,17.03125,16.96875,8.991734504699707
20-05-1996,16.96875,16.96875,527200,17.125,17.125,9.074533462524414
21-05-1996,16.9375,17.125,415200,17.125,16.9375,8.975173950195312
22-05-1996,16.84375,16.96875,806800,17.1875,17.125,9.074533462524414
23-05-1996,16.90625,17.125,534800,17.125,16.96875,8.991734504699707
24-05-1996,16.71875,17.0,374400,17.0,16.78125,8.892382621765137
28-05-1996,16.34375,16.8125,902000,16.8125,16.34375,8.660545349121094
29-05-1996,16.34375,16.5,666000,16.5625,16.53125,8.759904861450195
30-05-1996,16.375,16.5,1358000,16.5625,16.5625,8.77646541595459
31-05-1996,16.65625,16.6875,1353200,16.875,16.75,8.875822067260742
03-06-1996,16.65625,16.6875,648400,16.84375,16.84375,8.925494194030762
04-06-1996,16.875,17.125,1120000,17.125,16.9375,8.975173950195312
05-06-1996,16.875,16.9375,1467600,16.9375,16.90625,8.9586181640625
06-06-1996,16.90625,16.9375,574000,17.0,16.9375,8.975173950195312
07-06-1996,16.75,16.875,548000,16.9375,16.9375,8.975173950195312
10-06-1996,16.84375,16.875,557200,17.125,17.09375,9.05797290802002
11-06-1996,17.0,17.09375,714800,17.21875,17.03125,9.02485466003418
12-06-1996,16.625,17.0,291200,17.125,16.625,8.809582710266113
13-06-1996,16.375,16.6875,1126800,16.6875,16.5625,8.77646541595459
14-06-1996,16.46875,16.5625,520000,16.65625,16.5,8.743346214294434
17-06-1996,16.09375,16.4375,854800,16.4375,16.125,8.544633865356445
18-06-1996,16.21875,16.21875,1239600,16.53125,16.46875,8.726788520812988
19-06-1996,16.46875,16.59375,552000,16.625,16.53125,8.759904861450195
20-06-1996,16.34375,16.53125,534800,16.75,16.40625,8.693668365478516
21-06-1996,16.3125,16.5,1032400,16.5,16.375,8.677109718322754
24-06-1996,16.4375,16.4375,716000,16.84375,16.8125,8.908940315246582
25-06-1996,16.71875,16.75,1012400,17.0,17.0,9.008293151855469
26-06-1996,16.75,16.84375,2206800,16.9375,16.8125,8.998926162719727
27-06-1996,16.65625,16.71875,1538400,16.9375,16.9375,9.06583309173584
28-06-1996,16.8125,17.0,880000,17.0625,16.90625,9.04910659790039
01-07-1996,16.65625,16.90625,560000,16.9375,16.875,9.032382011413574
02-07-1996,16.71875,16.75,718000,16.84375,16.78125,8.98220157623291
03-07-1996,16.6875,16.75,354400,17.0,17.0,9.099287033081055
05-07-1996,16.625,16.8125,455200,16.84375,16.65625,8.915294647216797
08-07-1996,16.25,16.59375,638000,16.59375,16.40625,8.781481742858887
09-07-1996,16.28125,16.46875,478000,16.5,16.4375,8.798208236694336
10-07-1996,16.3125,16.53125,524400,16.8125,16.65625,8.915294647216797
11-07-1996,16.21875,16.59375,297200,16.625,16.28125,8.71457576751709
12-07-1996,16.15625,16.25,247200,16.3125,16.28125,8.71457576751709
15-07-1996,15.53125,16.21875,770800,16.21875,15.53125,8.313132286071777
16-07-1996,15.21875,15.53125,943600,15.8125,15.625,8.363311767578125
17-07-1996,15.65625,15.65625,1032000,16.40625,16.40625,8.781481742858887
18-07-1996,16.15625,16.40625,1220000,16.4375,16.34375,8.748029708862305
19-07-1996,16.0,16.34375,816800,16.34375,16.15625,8.647668838500977
22-07-1996,16.0,16.125,528400,16.15625,16.125,8.630939483642578
23-07-1996,15.5625,16.15625,860000,16.1875,15.71875,8.413492202758789
24-07-1996,15.40625,15.5,649600,15.65625,15.59375,8.346587181091309
25-07-1996,15.5625,15.59375,1160400,15.75,15.71875,8.413492202758789
26-07-1996,15.6875,15.71875,841200,15.84375,15.8125,8.463672637939453
29-07-1996,15.8125,15.84375,236000,16.0,15.90625,8.513854026794434
30-07-1996,15.8125,15.875,759200,16.0,15.96875,8.547309875488281
31-07-1996,15.96875,15.96875,500000,16.09375,16.09375,8.614217758178711
01-08-1996,16.0625,16.0625,758000,16.4375,16.4375,8.798208236694336
02-08-1996,16.65625,16.6875,634400,16.90625,16.75,8.96547794342041
05-08-1996,16.8125,16.8125,581600,16.96875,16.96875,9.082559585571289
06-08-1996,16.8125,16.875,782400,17.03125,17.0,9.099287033081055
07-08-1996,16.875,17.0625,393200,17.0625,16.96875,9.082559585571289
08-08-1996,16.875,16.90625,262800,16.96875,16.96875,9.082559585571289
09-08-1996,16.90625,16.96875,491600,17.0625,17.03125,9.116009712219238
12-08-1996,16.90625,17.03125,867200,17.09375,17.09375,9.149471282958984
13-08-1996,16.96875,17.09375,692800,17.15625,17.09375,9.149471282958984
14-08-1996,17.03125,17.0625,359600,17.15625,17.15625,9.182921409606934
15-08-1996,17.21875,17.21875,472400,17.34375,17.34375,9.283280372619629
16-08-1996,17.375,17.375,656400,17.46875,17.4375,9.333463668823242
19-08-1996,17.46875,17.46875,662800,17.65625,17.625,9.433820724487305
20-08-1996,17.625,17.625,507200,17.71875,17.6875,9.467272758483887
21-08-1996,17.65625,17.71875,412800,17.78125,17.78125,9.517451286315918
22-08-1996,17.75,17.75,611600,18.0625,18.0,9.634543418884277
23-08-1996,17.90625,17.96875,499600,18.0,17.90625,9.584358215332031
26-08-1996,17.625,17.90625,405600,17.90625,17.625,9.433820724487305
27-08-1996,17.421875,17.5,622000,17.65625,17.5625,9.400365829467773
28-08-1996,17.53125,17.5625,345200,17.8125,17.71875,9.484002113342285
29-08-1996,17.3125,17.65625,588000,17.65625,17.40625,9.316732406616211
30-08-1996,17.15625,17.375,476000,17.40625,17.25,9.233101844787598
03-09-1996,17.03125,17.15625,380400,17.375,17.3125,9.266551971435547
04-09-1996,17.0625,17.25,611200,17.40625,17.34375,9.283280372619629
05-09-1996,17.28125,17.28125,312800,17.59375,17.46875,9.35018539428711
06-09-1996,17.375,17.4375,468400,17.625,17.53125,9.383635520935059
09-09-1996,17.59375,17.59375,262000,17.65625,17.65625,9.450544357299805
10-09-1996,17.53125,17.59375,519200,17.6875,17.5625,9.400365829467773
11-09-1996,17.53125,17.53125,412000,17.71875,17.71875,9.484002113342285
12-09-1996,17.84375,17.84375,505200,18.09375,18.09375,9.684721946716309
13-09-1996,18.09375,18.09375,642400,18.4375,18.21875,9.751627922058105
16-09-1996,18.125,18.28125,772000,18.40625,18.21875,9.751627922058105
17-09-1996,18.09375,18.1875,717200,18.25,18.1875,9.73489761352539
18-09-1996,18.0625,18.1875,639600,18.40625,18.34375,9.818532943725586
19-09-1996,18.25,18.375,927600,18.46875,18.34375,9.818532943725586
20-09-1996,18.28125,18.34375,1062400,18.34375,18.34375,9.818532943725586
23-09-1996,18.25,18.28125,502000,18.4375,18.4375,9.86871337890625
24-09-1996,18.375,18.375,640800,18.5625,18.40625,9.851988792419434
25-09-1996,18.03125,18.40625,976000,18.40625,18.1875,9.73489761352539
26-09-1996,18.1875,18.1875,641200,18.375,18.1875,9.837669372558594
27-09-1996,17.875,18.1875,410400,18.1875,17.9375,9.702442169189453
30-09-1996,17.9375,17.9375,664400,18.0625,18.03125,9.753153800964355
01-10-1996,17.9375,18.0,790000,18.4375,18.4375,9.97289752960205
02-10-1996,18.4375,18.4375,698400,18.71875,18.71875,10.125025749206543
03-10-1996,18.375,18.71875,430800,18.75,18.40625,9.955997467041016
04-10-1996,18.03125,18.46875,796400,18.5,18.0625,9.770063400268555
07-10-1996,17.625,18.0625,1048000,18.0625,17.84375,9.651738166809082
08-10-1996,17.84375,17.84375,843200,18.03125,17.90625,9.685544967651367
09-10-1996,17.6875,17.9375,276000,17.9375,17.78125,9.617928504943848
10-10-1996,17.59375,17.75,338800,17.75,17.65625,9.550315856933594
11-10-1996,17.5625,17.625,582000,17.78125,17.75,9.601027488708496
14-10-1996,17.65625,17.6875,426800,17.71875,17.65625,9.550315856933594
15-10-1996,17.53125,17.65625,585600,17.84375,17.75,9.601027488708496
16-10-1996,17.6875,17.8125,550400,17.84375,17.84375,9.651738166809082
17-10-1996,17.875,17.875,890400,18.40625,18.21875,9.854578018188477
18-10-1996,18.1875,18.25,713600,18.46875,18.46875,9.989798545837402
21-10-1996,18.125,18.3125,749600,18.4375,18.125,9.803868293762207
22-10-1996,17.71875,18.09375,909600,18.09375,17.875,9.668642044067383
23-10-1996,17.65625,17.84375,740800,18.09375,18.0,9.736249923706055
24-10-1996,17.96875,18.0,1368800,18.46875,18.1875,9.837669372558594
25-10-1996,17.96875,18.1875,732800,18.1875,18.0,9.736249923706055
28-10-1996,17.625,18.09375,628400,18.28125,17.625,9.533411979675293
29-10-1996,17.75,17.75,769600,17.9375,17.8125,9.634828567504883
30-10-1996,17.5,17.8125,786000,17.875,17.5625,9.499602317810059
31-10-1996,17.375,17.4375,985200,17.5625,17.5625,9.499602317810059
01-11-1996,17.4375,17.625,666400,17.6875,17.65625,9.550315856933594
04-11-1996,17.6875,17.6875,712000,18.03125,18.0,9.736249923706055
05-11-1996,18.03125,18.0625,1154000,18.3125,18.15625,9.820769309997559
06-11-1996,18.3125,18.3125,894000,18.53125,18.53125,10.023608207702637
07-11-1996,18.40625,18.4375,990800,19.0625,19.0,10.277155876159668
08-11-1996,18.6875,19.0,858800,19.0,18.75,10.141926765441895
11-11-1996,18.8125,18.8125,496000,19.0625,19.03125,10.294052124023438
12-11-1996,19.0625,19.0625,386400,19.40625,19.40625,10.496896743774414
13-11-1996,19.375,19.375,554000,19.6875,19.6875,10.649023056030273
14-11-1996,19.625,19.6875,508000,20.0,19.96875,10.801155090332031
15-11-1996,19.875,20.125,749600,20.21875,19.875,10.750445365905762
18-11-1996,19.8125,19.90625,337600,19.96875,19.875,10.750445365905762
19-11-1996,19.8125,19.9375,462000,20.0,20.0,10.8180570602417
20-11-1996,20.0625,20.0625,363200,20.5,20.5,11.088506698608398
21-11-1996,20.28125,20.5,556800,20.5,20.28125,10.970186233520508
22-11-1996,20.34375,20.34375,1084800,20.71875,20.59375,11.139220237731934
25-11-1996,20.59375,20.59375,575600,21.34375,21.15625,11.443475723266602
26-11-1996,20.875,21.09375,1001600,21.3125,20.9375,11.325157165527344
27-11-1996,20.8125,21.0,536800,21.0625,21.0625,11.392770767211914
29-11-1996,21.125,21.125,178000,21.4375,21.4375,11.595602989196777
02-12-1996,21.21875,21.375,648400,21.78125,21.5625,11.663219451904297
03-12-1996,20.84375,21.5,565200,21.8125,20.84375,11.274439811706543
04-12-1996,20.15625,20.625,1081200,20.625,20.25,10.953280448913574
05-12-1996,20.34375,20.34375,703600,20.90625,20.71875,11.206827163696289
06-12-1996,19.75,19.75,1231600,20.0625,20.03125,10.83495807647705
09-12-1996,19.84375,20.0,841200,20.34375,20.28125,10.970186233520508
10-12-1996,20.0,20.15625,903200,20.21875,20.0625,10.851862907409668
11-12-1996,19.78125,20.0,687600,20.03125,19.78125,10.699732780456543
12-12-1996,19.46875,19.8125,677200,19.84375,19.46875,10.530705451965332
13-12-1996,19.125,19.40625,896800,19.4375,19.4375,10.513799667358398
16-12-1996,19.375,19.4375,716000,19.53125,19.40625,10.496896743774414
17-12-1996,19.1875,19.1875,864000,19.375,19.28125,10.429283142089844
18-12-1996,19.125,19.1875,541200,19.625,19.46875,10.530705451965332
19-12-1996,19.53125,19.5625,580000,19.71875,19.65625,10.632122039794922
20-12-1996,20.09375,20.375,1226400,20.375,20.3125,10.987089157104492
23-12-1996,19.9375,20.25,246400,20.28125,20.0,10.8180570602417
24-12-1996,19.96875,19.96875,207600,20.0625,20.03125,10.83495807647705
26-12-1996,20.0,20.03125,284000,20.25,20.25,10.953280448913574
27-12-1996,20.09375,20.125,264400,20.3125,20.1875,11.022902488708496
30-12-1996,20.125,20.1875,400000,20.59375,20.28125,11.074090003967285
31-12-1996,19.78125,20.25,316000,20.25,19.96875,10.903456687927246
02-01-1997,19.28125,20.03125,560400,20.03125,19.6875,10.749889373779297
03-01-1997,19.75,19.875,1194800,19.96875,19.875,10.852270126342773
06-01-1997,19.78125,20.0625,494800,20.40625,20.03125,10.937580108642578
07-01-1997,19.75,19.9375,698400,20.25,20.25,11.057026863098145
08-01-1997,19.90625,20.28125,621200,20.40625,20.0,10.92051887512207
09-01-1997,19.90625,20.0625,804000,20.28125,20.03125,10.937580108642578
10-01-1997,19.625,19.78125,1167200,20.0625,20.03125,10.937580108642578
13-01-1997,19.84375,19.96875,627600,20.1875,20.0625,10.9546480178833
14-01-1997,20.15625,20.15625,551600,20.375,20.34375,11.10821533203125
15-01-1997,19.75,20.25,826800,20.25,19.96875,10.903456687927246
16-01-1997,19.6875,19.90625,695600,20.0625,19.9375,10.886395454406738
17-01-1997,19.90625,19.9375,692000,20.40625,20.3125,11.091154098510742
20-01-1997,20.25,20.25,608800,20.4375,20.25,11.057026863098145
21-01-1997,20.0625,20.125,781600,20.40625,20.28125,11.074090003967285
22-01-1997,19.8125,20.25,740800,20.25,19.875,10.852270126342773
23-01-1997,19.4375,19.90625,692800,20.0,19.46875,10.630448341369629
24-01-1997,19.15625,19.46875,958400,19.5625,19.1875,10.476872444152832
27-01-1997,18.6875,19.0625,1679600,19.28125,19.25,10.511004447937012
28-01-1997,19.25,19.25,1145200,19.9375,19.75,10.784018516540527
29-01-1997,19.5,19.6875,768800,20.0,19.9375,10.886395454406738
30-01-1997,20.0,20.0,693600,20.40625,20.40625,11.142348289489746
31-01-1997,20.40625,20.46875,813600,20.78125,20.40625,11.142348289489746
03-02-1997,20.125,20.46875,726800,20.46875,20.21875,11.039959907531738
04-02-1997,20.28125,20.28125,538800,20.6875,20.625,11.261789321899414
05-02-1997,20.1875,20.71875,809200,20.75,20.1875,11.022902488708496
06-02-1997,20.125,20.15625,922800,20.6875,20.65625,11.278848648071289
07-02-1997,20.625,20.65625,701200,21.125,20.8125,11.364171028137207
10-02-1997,20.75,20.8125,475200,21.0,20.78125,11.347101211547852
11-02-1997,20.625,20.84375,488800,21.03125,21.03125,11.48360824584961
12-02-1997,20.78125,20.96875,663200,21.0,20.9375,11.432424545288086
13-02-1997,20.9375,20.9375,1190000,21.5625,21.4375,11.705429077148438
14-02-1997,21.34375,21.4375,1218400,21.875,21.78125,11.8931303024292
18-02-1997,21.609375,21.78125,938400,21.90625,21.84375,11.92725658416748
19-02-1997,21.53125,21.71875,625200,22.0625,21.71875,11.859004020690918
20-02-1997,21.5,21.625,503200,21.875,21.71875,11.859004020690918
21-02-1997,21.34375,21.71875,735200,21.71875,21.46875,11.722498893737793
24-02-1997,21.34375,21.34375,685600,21.9375,21.875,11.944323539733887
25-02-1997,21.59375,21.625,796000,21.8125,21.65625,11.824874877929688
26-02-1997,21.1875,21.65625,1129600,21.65625,21.5625,11.773690223693848
27-02-1997,21.125,21.5625,784800,21.5625,21.125,11.534794807434082
28-02-1997,20.96875,21.0,632400,21.25,21.09375,11.517738342285156
03-03-1997,20.8125,21.03125,486000,21.21875,21.21875,11.585991859436035
04-03-1997,20.96875,21.15625,673600,21.28125,21.0,11.466547012329102
05-03-1997,21.03125,21.0625,1022800,21.1875,21.125,11.534794807434082
06-03-1997,21.1875,21.1875,1107600,21.53125,21.5,11.739559173583984
07-03-1997,21.46875,21.53125,836000,21.6875,21.65625,11.824874877929688
10-03-1997,21.5,21.65625,740400,21.65625,21.625,11.807809829711914
11-03-1997,21.65625,21.65625,487600,21.875,21.875,11.944323539733887
12-03-1997,21.9375,21.9375,794800,22.03125,22.03125,12.029641151428223
13-03-1997,21.78125,22.0,734000,22.03125,21.78125,11.8931303024292
14-03-1997,21.96875,22.0,1066400,22.375,22.375,12.217339515686035
17-03-1997,22.0625,22.375,551200,22.375,22.375,12.217339515686035
18-03-1997,22.15625,22.4375,927200,22.5625,22.5625,12.319711685180664
19-03-1997,22.40625,22.5625,1159600,22.75,22.65625,12.370899200439453
20-03-1997,22.0,22.75,1630400,22.78125,22.125,12.080826759338379
21-03-1997,22.1875,22.3125,1335200,22.53125,22.53125,12.302652359008789
24-03-1997,22.40625,22.5625,1390800,22.84375,22.65625,12.370899200439453
25-03-1997,22.28125,22.6875,1308400,22.6875,22.40625,12.234395027160645
26-03-1997,21.75,22.34375,1606000,22.34375,21.875,12.04647445678711
27-03-1997,21.34375,22.125,1728400,22.3125,21.34375,11.753914833068848
31-03-1997,20.25,21.34375,1502400,21.34375,20.5,11.289262771606445
01-04-1997,20.71875,20.75,1352400,21.53125,21.28125,11.719494819641113
02-04-1997,21.09375,21.3125,787200,21.75,21.34375,11.753914833068848
03-04-1997,20.9375,21.34375,1355200,21.34375,21.09375,11.616247177124023
04-04-1997,20.96875,21.03125,621600,21.625,21.625,11.908791542053223
07-04-1997,21.46875,21.625,596800,21.875,21.5,11.839958190917969
08-04-1997,21.15625,21.46875,1469200,21.46875,21.375,11.771127700805664
09-04-1997,21.1875,21.625,452000,21.625,21.21875,11.685076713562012
10-04-1997,21.125,21.21875,476800,21.25,21.1875,11.667862892150879
11-04-1997,20.21875,21.03125,763600,21.03125,20.21875,11.134376525878906
14-04-1997,20.15625,20.3125,562000,20.59375,20.5625,11.323688507080078
15-04-1997,20.71875,20.8125,1304800,21.4375,21.4375,11.8055419921875
16-04-1997,21.125,21.1875,1021600,21.625,21.5625,11.874378204345703
17-04-1997,21.5,21.59375,1083600,22.125,21.96875,12.098097801208496
18-04-1997,21.90625,22.0,551200,22.15625,22.03125,12.132525444030762
21-04-1997,21.8125,22.03125,628000,22.125,21.96875,12.098097801208496
22-04-1997,21.96875,21.96875,705200,22.46875,22.40625,12.339027404785156
23-04-1997,22.375,22.46875,959200,22.84375,22.53125,12.40787124633789
24-04-1997,22.21875,22.65625,740400,22.75,22.40625,12.339027404785156
25-04-1997,22.375,22.46875,472000,22.53125,22.46875,12.373444557189941
28-04-1997,22.375,22.46875,562400,22.59375,22.4375,12.356237411499023
29-04-1997,22.5,22.5,685200,23.125,23.125,12.73483657836914
30-04-1997,22.78125,23.09375,889600,23.25,22.84375,12.57995319366455
01-05-1997,22.625,22.71875,731200,23.03125,23.0,12.66600513458252
02-05-1997,22.75,23.0625,981600,23.25,23.03125,12.683211326599121
05-05-1997,23.15625,23.15625,818000,24.375,24.375,13.423211097717285
06-05-1997,23.40625,24.1875,1568400,24.1875,23.71875,13.061817169189453
07-05-1997,23.5625,23.71875,572800,23.9375,23.59375,12.992986679077148
08-05-1997,23.28125,23.34375,775200,23.71875,23.5625,12.97576904296875
09-05-1997,23.1875,23.6875,546400,23.84375,23.75,13.079028129577637
12-05-1997,23.8125,23.9375,595600,24.21875,24.1875,13.319954872131348
13-05-1997,23.53125,24.1875,677600,24.1875,23.71875,13.061817169189453
14-05-1997,23.90625,23.90625,602400,24.21875,24.125,13.285537719726562
15-05-1997,23.9375,24.0625,481600,24.21875,24.1875,13.319954872131348
16-05-1997,23.625,24.1875,687600,24.1875,23.75,13.079028129577637
19-05-1997,23.875,23.875,573200,24.21875,24.09375,13.268326759338379
20-05-1997,23.75,23.96875,494000,24.25,24.25,13.354377746582031
21-05-1997,23.5,24.21875,868800,24.21875,23.625,13.01019287109375
22-05-1997,23.625,23.75,484000,24.0625,23.8125,13.113447189331055
23-05-1997,23.875,23.875,689200,24.4375,24.375,13.423211097717285
27-05-1997,24.15625,24.28125,701600,24.59375,24.53125,13.509270668029785
28-05-1997,24.3125,24.5,451400,24.8125,24.625,13.56088924407959
29-05-1997,24.4375,24.875,589000,25.0,24.5,13.492050170898438
30-05-1997,24.0,24.0,544400,24.875,24.875,13.698554992675781
02-06-1997,24.5625,24.8125,417200,24.9375,24.6875,13.595307350158691
03-06-1997,24.625,24.8125,298400,25.0,24.875,13.698554992675781
04-06-1997,24.375,24.75,439600,24.8125,24.5625,13.52646541595459
05-06-1997,24.3125,24.5,721800,24.875,24.625,13.56088924407959
06-06-1997,24.5625,24.625,2882000,24.875,24.875,13.698554992675781
09-06-1997,24.875,24.9375,529000,25.3125,25.3125,13.939485549926758
10-06-1997,25.0,25.4375,862000,25.875,25.0,13.767399787902832
11-06-1997,24.875,25.25,564000,25.4375,24.875,13.698554992675781
12-06-1997,25.1875,25.25,429200,25.875,25.8125,14.214838981628418
13-06-1997,25.6875,26.0625,672800,26.3125,25.875,14.249252319335938
16-06-1997,25.75,26.0,442400,26.1875,25.8125,14.214838981628418
17-06-1997,25.25,25.5,814000,25.5625,25.25,13.905067443847656
18-06-1997,25.03125,25.375,645400,25.5,25.5,14.04274845123291
19-06-1997,25.3125,25.5,603800,25.75,25.6875,14.146008491516113
20-06-1997,25.5625,26.0,792400,26.0625,25.8125,14.214838981628418
23-06-1997,24.9375,25.3125,620600,25.5625,25.0625,13.801814079284668
24-06-1997,24.875,25.125,672600,25.5,25.375,13.973910331726074
25-06-1997,24.8125,25.375,583600,25.84375,24.96875,13.750190734863281
26-06-1997,24.3125,24.8125,547000,24.96875,24.875,13.764711380004883
27-06-1997,24.75,25.0625,664600,25.625,25.625,14.179731369018555
30-06-1997,24.65625,25.5,693000,25.5,24.96875,13.816595077514648
01-07-1997,24.8125,24.875,501800,25.4375,25.375,14.041397094726562
02-07-1997,25.25,25.375,448200,26.0,26.0,14.387240409851074
03-07-1997,25.6875,26.0,312200,26.3125,26.03125,14.404525756835938
07-07-1997,25.90625,26.15625,604800,26.40625,25.96875,14.369948387145996
08-07-1997,25.8125,25.90625,425200,26.375,26.25,14.525585174560547
09-07-1997,25.6875,26.4375,494000,26.5,25.8125,14.283488273620605
10-07-1997,25.5625,25.9375,373000,26.3125,26.1875,14.490995407104492
11-07-1997,26.0625,26.28125,429800,26.5625,26.1875,14.490995407104492
14-07-1997,26.03125,26.21875,428400,26.46875,26.25,14.525585174560547
15-07-1997,26.25,26.5,636000,26.65625,26.65625,14.750380516052246
16-07-1997,26.46875,26.875,741800,26.9375,26.625,14.733085632324219
17-07-1997,26.25,26.5625,721000,27.65625,27.0625,14.975177764892578
18-07-1997,26.375,27.25,748400,27.3125,26.375,14.594746589660645
21-07-1997,26.0,26.3125,409400,26.5625,26.21875,14.50828742980957
22-07-1997,26.03125,26.09375,453400,27.09375,26.96875,14.923295021057129
23-07-1997,26.78125,27.09375,578200,27.125,26.8125,14.8368501663208
24-07-1997,25.375,26.8125,1386800,26.8203125,26.34375,14.577451705932617
25-07-1997,25.90625,26.46875,716400,26.625,25.90625,14.335365295410156
28-07-1997,25.5,26.03125,697000,26.25,25.71875,14.231609344482422
29-07-1997,25.3125,25.71875,1226600,25.8125,25.6875,14.214322090148926
30-07-1997,25.0625,25.9375,914200,25.96875,25.4375,14.075972557067871
31-07-1997,24.75,25.3125,1594000,25.96875,25.9375,14.352657318115234
01-08-1997,25.25,26.0,717000,26.15625,25.8125,14.283488273620605
04-08-1997,25.5625,25.8125,271200,26.1875,25.75,14.248905181884766
05-08-1997,25.53125,25.6875,385800,25.875,25.5625,14.145150184631348
06-08-1997,25.5,25.5,453800,25.9375,25.78125,14.266192436218262
07-08-1997,25.21875,25.90625,538600,26.125,25.21875,13.954935073852539
08-08-1997,24.125,24.96875,805800,25.15625,24.28125,13.436161994934082
11-08-1997,24.3125,24.625,679800,24.8125,24.4375,13.522619247436523
12-08-1997,24.0625,24.5625,526600,24.625,24.25,13.418868064880371
13-08-1997,24.0,24.8125,804800,24.8125,24.09375,13.332405090332031
14-08-1997,24.03125,24.09375,597000,24.5,24.21875,13.40157413482666
15-08-1997,23.375,23.9375,522000,24.1875,23.4375,12.969265937805176
18-08-1997,22.78125,23.4375,850000,24.3125,24.0625,13.315114974975586
19-08-1997,24.0,24.0625,634400,24.65625,24.40625,13.505329132080078
20-08-1997,23.96875,24.46875,771400,24.65625,24.53125,13.574508666992188
21-08-1997,24.28125,24.65625,501400,24.71875,24.375,13.48803997039795
22-08-1997,23.78125,24.0,667400,24.46875,24.46875,13.539912223815918
25-08-1997,24.25,24.5,532800,24.8125,24.5,13.557207107543945
26-08-1997,24.3125,24.3125,968600,25.0,24.78125,13.712833404541016
27-08-1997,24.09375,24.71875,531200,24.875,24.4375,13.522619247436523
28-08-1997,23.53125,24.0625,691600,24.96875,24.3125,13.45345687866211
29-08-1997,24.03125,24.21875,493000,24.5,24.1875,13.384278297424316
02-09-1997,24.0625,24.3125,674400,24.6875,24.25,13.418868064880371
03-09-1997,24.25,24.25,539600,25.03125,24.5,13.557207107543945
04-09-1997,24.28125,24.28125,448200,25.09375,24.78125,13.712833404541016
05-09-1997,24.375,24.96875,338000,25.125,24.71875,13.678251266479492
08-09-1997,24.71875,24.71875,404400,24.96875,24.875,13.764711380004883
09-09-1997,24.625,24.625,623800,25.1875,24.71875,13.678251266479492
10-09-1997,24.59375,24.65625,597000,24.875,24.625,13.626380920410156
11-09-1997,23.8125,24.5625,450200,24.75,24.375,13.48803997039795
12-09-1997,23.75,24.5625,655400,24.5625,24.3125,13.45345687866211
15-09-1997,24.09375,24.1875,292000,24.53125,24.21875,13.40157413482666
16-09-1997,24.625,24.71875,783800,25.1875,25.15625,13.920341491699219
17-09-1997,25.0,25.28125,507800,25.5,25.0625,13.868464469909668
18-09-1997,24.84375,25.1875,524600,25.4375,24.84375,13.74742317199707
19-09-1997,24.5,24.84375,1387600,25.03125,24.625,13.626380920410156
22-09-1997,24.5,24.625,592800,24.78125,24.71875,13.678251266479492
23-09-1997,24.4375,24.84375,594200,24.84375,24.65625,13.643667221069336
24-09-1997,23.84375,24.40625,674400,24.5625,24.0625,13.315114974975586
25-09-1997,23.8125,24.0625,583200,24.25,24.0,13.280526161193848
26-09-1997,24.03125,24.09375,924800,24.8125,24.8125,13.799123764038086
29-09-1997,24.65625,24.6875,534000,25.125,25.09375,13.95554256439209
30-09-1997,24.59375,24.96875,648000,25.0,24.84375,13.816505432128906
01-10-1997,24.75,24.96875,527000,25.09375,24.96875,13.886024475097656
02-10-1997,24.84375,24.96875,595200,25.625,25.5625,14.216231346130371
03-10-1997,25.0625,25.96875,784400,26.0,25.3125,14.077189445495605
06-10-1997,25.375,25.375,520600,25.96875,25.9375,14.42478084564209
07-10-1997,25.625,25.8125,400200,26.125,26.0625,14.494292259216309
08-10-1997,25.53125,25.9375,425200,26.03125,25.84375,14.372639656066895
09-10-1997,25.4375,25.6875,396200,25.875,25.8125,14.355263710021973
10-10-1997,25.375,25.75,591000,25.75,25.53125,14.198850631713867
13-10-1997,25.28125,25.84375,275800,25.875,25.40625,14.129326820373535
14-10-1997,25.03125,25.4375,513000,25.8125,25.65625,14.268370628356934
15-10-1997,25.46875,25.53125,321200,25.875,25.78125,14.33788013458252
16-10-1997,25.03125,26.03125,675400,26.1875,25.21875,14.025060653686523
17-10-1997,24.96875,25.1875,637400,25.46875,25.34375,14.094568252563477
20-10-1997,25.25,25.34375,511200,25.9375,25.53125,14.198850631713867
21-10-1997,25.5625,25.9375,442000,26.125,26.125,14.529052734375
22-10-1997,25.71875,26.1875,424000,26.21875,25.78125,14.33788013458252
23-10-1997,24.59375,25.75,805600,25.875,25.3125,14.077189445495605
24-10-1997,25.25,25.8125,608200,25.8125,25.53125,14.198850631713867
27-10-1997,24.3125,25.375,955600,25.6875,24.5,13.625332832336426
28-10-1997,23.4375,23.5,1933600,24.9375,24.5,13.625332832336426
29-10-1997,23.9375,24.5,895000,24.9375,24.46875,13.607953071594238
30-10-1997,24.125,24.125,735600,24.71875,24.125,13.416780471801758
31-10-1997,24.125,24.25,801600,24.65625,24.59375,13.677467346191406
03-11-1997,25.125,25.25,800600,25.6875,25.46875,14.164090156555176
04-11-1997,25.375,25.46875,889000,25.84375,25.71875,14.303126335144043
05-11-1997,25.8125,25.8125,589200,26.15625,25.875,14.390021324157715
06-11-1997,25.5,26.125,840200,26.625,26.46875,14.720224380493164
07-11-1997,25.75,26.0,1173600,26.65625,26.5,14.737600326538086
10-11-1997,25.96875,26.625,716000,26.9375,26.03125,14.476911544799805
11-11-1997,25.21875,26.03125,450000,26.03125,25.46875,14.164090156555176
12-11-1997,24.75,24.75,567600,25.84375,25.21875,14.025060653686523
13-11-1997,25.0625,25.25,626400,25.90625,25.625,14.250986099243164
14-11-1997,25.09375,25.625,572800,25.75,25.46875,14.164090156555176
17-11-1997,25.59375,25.59375,493400,26.1875,26.09375,14.51167106628418
18-11-1997,25.40625,26.0,544200,26.0,25.5625,14.216231346130371
19-11-1997,25.875,25.875,448400,26.34375,26.03125,14.476911544799805
20-11-1997,26.25,26.25,906400,27.125,26.90625,14.963542938232422
21-11-1997,26.75,27.125,584800,27.21875,26.90625,14.963542938232422
24-11-1997,26.75,26.75,568600,27.4375,26.8125,14.911404609680176
25-11-1997,26.78125,27.0,506800,27.1875,26.84375,14.928775787353516
26-11-1997,26.96875,26.96875,462000,27.3125,27.0,15.015670776367188
28-11-1997,27.0625,27.125,245600,27.5,27.40625,15.241595268249512
01-12-1997,27.3125,27.5,653600,28.1875,28.15625,15.658698081970215
02-12-1997,27.9375,28.03125,621200,28.4375,28.0,15.571815490722656
03-12-1997,27.4375,28.125,640600,28.125,27.5,15.293741226196289
04-12-1997,27.3125,27.5625,529200,27.875,27.4375,15.258987426757812
05-12-1997,27.0625,27.375,577000,28.21875,28.03125,15.589188575744629
08-12-1997,27.375,28.15625,676400,28.15625,27.46875,15.276360511779785
09-12-1997,27.4375,27.53125,426000,27.625,27.5,15.293741226196289
10-12-1997,27.25,27.375,603400,27.59375,27.4375,15.258987426757812
11-12-1997,27.125,27.40625,928600,27.6875,27.28125,15.17208480834961
12-12-1997,27.125,27.34375,530200,27.4921875,27.375,15.224222183227539
15-12-1997,27.25,27.4375,431000,27.9375,27.8125,15.467533111572266
16-12-1997,27.78125,27.8125,758000,28.375,28.21875,15.693460464477539
17-12-1997,28.375,28.40625,804400,29.40625,28.71875,15.971529006958008
18-12-1997,28.25,28.75,506000,28.75,28.375,15.78035831451416
19-12-1997,27.875,28.25,1281600,28.46875,28.25,15.710840225219727
22-12-1997,28.25,28.3125,621400,28.6875,28.3125,15.745596885681152
23-12-1997,28.1875,28.4375,729400,28.5625,28.25,15.710840225219727
24-12-1997,28.125,28.25,446400,28.34375,28.125,15.641329765319824
26-12-1997,28.15625,28.375,134200,28.5,28.15625,15.658698081970215
29-12-1997,28.28125,28.3125,366400,29.125,28.8125,16.09225082397461
30-12-1997,29.125,29.5,893600,29.75,29.6875,16.580955505371094
31-12-1997,29.5625,29.6875,674600,30.0625,30.0625,16.79039192199707
02-01-1998,29.125,29.75,465400,29.8125,29.75,16.61585807800293
05-01-1998,29.3125,29.75,655200,29.78125,29.6875,16.580955505371094
06-01-1998,29.15625,29.375,736000,29.6875,29.28125,16.354055404663086
07-01-1998,28.5,29.0,838400,29.0,28.84375,16.10970687866211
08-01-1998,27.5,28.5,1014600,28.5,27.84375,15.551190376281738
09-01-1998,26.5625,27.875,667000,27.875,26.78125,14.95776653289795
12-01-1998,26.34375,26.375,986800,27.375,26.65625,14.887948989868164
13-01-1998,26.28125,26.71875,1169800,26.84375,26.3125,14.695956230163574
14-01-1998,26.4375,26.4375,1832000,27.96875,27.8125,15.533738136291504
15-01-1998,27.28125,27.8125,859000,27.8125,27.4375,15.324291229248047
16-01-1998,27.75,27.75,677200,28.5,27.875,15.568639755249023
20-01-1998,27.96875,27.96875,737800,28.96875,28.96875,16.179519653320312
21-01-1998,27.75,28.6875,572200,28.75,28.21875,15.760625839233398
22-01-1998,27.5,27.75,636200,28.1875,28.0625,15.673368453979492
23-01-1998,27.5625,28.125,596200,28.28125,28.03125,15.655915260314941
26-01-1998,28.0,28.15625,397800,28.46875,28.03125,15.655915260314941
27-01-1998,27.875,27.9375,465400,28.34375,28.1875,15.743184089660645
28-01-1998,27.5625,28.3125,481400,28.5,28.28125,15.79554271697998
29-01-1998,28.3125,28.375,886000,29.0,28.65625,16.004980087280273
30-01-1998,27.71875,28.65625,735400,28.65625,27.8125,15.533738136291504
02-02-1998,28.1875,28.375,985000,28.84375,28.5,15.917712211608887
03-02-1998,28.3125,28.375,362800,28.5,28.46875,15.90026569366455
04-02-1998,27.875,28.40625,443800,28.40625,28.125,15.708268165588379
05-02-1998,27.65625,28.03125,624200,28.3125,28.125,15.708268165588379
06-02-1998,27.8125,28.375,493400,28.4375,28.25,15.77807331085205
09-02-1998,27.6875,28.1875,519200,28.375,28.0,15.638460159301758
10-02-1998,27.6875,28.0,660800,28.125,27.90625,15.586091041564941
11-02-1998,27.90625,28.03125,708000,28.4375,28.03125,15.655915260314941
12-02-1998,27.71875,27.96875,664600,28.53125,28.5,15.917712211608887
13-02-1998,28.0625,28.4375,439200,28.71875,28.28125,15.79554271697998
17-02-1998,28.25,28.375,571000,28.875,28.4375,15.882808685302734
18-02-1998,28.28125,28.5,570600,28.6875,28.59375,15.970078468322754
19-02-1998,28.0625,28.40625,282600,28.53125,28.21875,15.760625839233398
20-02-1998,28.03125,28.34375,670400,28.5625,28.5625,15.952608108520508
23-02-1998,28.09375,28.5625,465200,28.59375,28.5,15.917712211608887
24-02-1998,28.25,28.5,745600,28.5625,28.5,15.917712211608887
25-02-1998,28.625,28.6875,1169200,29.3125,29.15625,16.284238815307617
26-02-1998,29.046875,29.09375,659600,29.6875,29.625,16.546043395996094
27-02-1998,29.5,29.5625,652400,30.0,29.96875,16.738033294677734
02-03-1998,29.8125,29.96875,768400,30.375,30.375,16.964935302734375
03-03-1998,30.375,30.375,1603800,31.375,31.375,17.523447036743164
04-03-1998,30.40625,31.375,483600,31.375,30.65625,17.12200927734375
05-03-1998,29.90625,30.59375,635600,30.59375,30.15625,16.84276008605957
06-03-1998,30.1875,30.3125,974600,31.0,31.0,17.314006805419922
09-03-1998,30.5,30.875,606800,30.875,30.8125,17.20928382873535
10-03-1998,30.75,30.90625,452200,31.03125,30.84375,17.22674560546875
11-03-1998,30.625,30.71875,304800,30.96875,30.78125,17.19182777404785
12-03-1998,30.65625,30.65625,296800,31.03125,30.875,17.244190216064453
13-03-1998,30.8125,31.0625,349800,31.5,31.21875,17.436180114746094
16-03-1998,31.5,31.5,385000,31.96875,31.53125,17.6107177734375
17-03-1998,31.15625,31.59375,936800,31.9375,31.21875,17.436180114746094
18-03-1998,30.75,31.0,603200,31.5,30.875,17.244190216064453
19-03-1998,30.53125,30.6875,940000,30.875,30.8125,17.20928382873535
20-03-1998,30.625,31.0625,916600,31.15625,30.90625,17.26164436340332
23-03-1998,30.625,30.71875,386400,31.125,30.8125,17.20928382873535
24-03-1998,30.8125,30.8125,344800,31.625,31.25,17.453630447387695
25-03-1998,31.28125,31.53125,858400,32.15625,32.125,17.942337036132812
26-03-1998,31.8125,32.0,471200,32.15625,32.09375,17.924884796142578
27-03-1998,31.5,32.09375,693600,32.21875,31.6875,17.76441192626953
30-03-1998,31.375,31.71875,453800,31.875,31.65625,17.74688720703125
31-03-1998,31.84375,32.0,541000,32.5,32.375,18.14983367919922
01-04-1998,31.875,32.1875,482000,32.25,32.21875,18.062231063842773
02-04-1998,32.0,32.125,606200,32.8125,32.6875,18.325029373168945
03-04-1998,32.1875,32.75,729400,32.75,32.65625,18.30751609802246
06-04-1998,31.84375,32.53125,492600,32.59375,32.03125,17.957120895385742
07-04-1998,31.46875,32.0625,708800,32.46875,31.75,17.7994441986084
08-04-1998,31.0625,31.75,846600,31.75,31.25,17.519136428833008
09-04-1998,31.28125,31.375,260200,31.71875,31.53125,17.67681121826172
13-04-1998,31.125,31.53125,1152000,31.90625,31.84375,17.85200309753418
14-04-1998,31.875,31.9375,1023400,32.90625,32.71875,18.342533111572266
15-04-1998,32.28125,32.8125,758000,33.0,32.28125,18.097270965576172
16-04-1998,31.4375,32.3125,379200,32.3125,31.8125,17.834489822387695
17-04-1998,31.9375,32.0625,705000,33.375,33.21875,18.622844696044922
20-04-1998,32.3125,32.9375,572200,32.984375,32.375,18.14983367919922
21-04-1998,32.40625,32.40625,897800,33.75,33.53125,18.79804229736328
22-04-1998,33.53125,33.625,764600,34.25,34.15625,19.148422241210938
23-04-1998,33.8125,34.125,709400,34.21875,34.03125,19.078344345092773
24-04-1998,33.9375,34.0,1249400,34.1875,34.09375,19.11338233947754
27-04-1998,33.625,33.625,1113200,34.34375,33.9375,19.025785446166992
28-04-1998,33.5,33.9375,825400,34.1875,33.84375,18.973224639892578
29-04-1998,33.9375,34.0625,619600,34.5625,34.40625,19.2885799407959
30-04-1998,34.0625,34.53125,894000,36.59375,35.25,19.7615909576416
01-05-1998,34.75,35.3125,382400,35.34375,34.96875,19.60390853881836
04-05-1998,34.03125,34.96875,600600,35.21875,34.3125,19.23602294921875
05-05-1998,34.1875,34.4375,512000,34.75,34.5625,19.37616539001465
06-05-1998,34.15625,34.5,344400,34.75,34.1875,19.165945053100586
07-05-1998,33.25,34.21875,661600,34.25,33.34375,18.692920684814453
08-05-1998,33.3125,33.3125,478400,33.84375,33.5625,18.815563201904297
11-05-1998,33.5625,33.5625,474400,34.0,33.625,18.850595474243164
12-05-1998,33.1875,33.375,574800,34.34375,34.28125,19.218490600585938
13-05-1998,34.125,34.15625,465200,34.78125,34.71875,19.463760375976562
14-05-1998,34.84375,34.84375,753800,36.09375,35.90625,20.129493713378906
15-05-1998,34.875,35.90625,744200,35.90625,34.96875,19.60390853881836
18-05-1998,34.625,35.09375,426600,35.15625,34.625,19.411212921142578
19-05-1998,34.65625,34.6875,496000,35.0625,35.03125,19.638961791992188
20-05-1998,34.75,35.0625,387600,35.3125,35.21875,19.744068145751953
21-05-1998,34.375,35.21875,588200,35.28125,34.53125,19.358652114868164
22-05-1998,34.28125,34.59375,261400,34.8125,34.3125,19.23602294921875
26-05-1998,33.25,34.375,487000,34.5,33.25,18.640363693237305
27-05-1998,32.5625,33.125,556400,33.3125,33.0,18.500219345092773
28-05-1998,32.75,32.875,751800,33.28125,32.9375,18.465177536010742
29-05-1998,32.875,33.0625,569000,33.5,33.0,18.500219345092773
01-06-1998,32.4375,33.125,592600,33.1875,32.75,18.360063552856445
02-06-1998,32.5625,32.75,493800,33.0625,32.71875,18.342533111572266
03-06-1998,32.6875,32.6875,444000,33.0625,32.90625,18.447656631469727
04-06-1998,32.6875,32.96875,509200,33.0,32.71875,18.342533111572266
05-06-1998,32.625,32.65625,461000,33.25,32.96875,18.482685089111328
08-06-1998,33.03125,33.09375,442400,33.46875,33.4375,18.745479583740234
09-06-1998,32.84375,33.25,415800,33.3125,33.09375,18.552772521972656
10-06-1998,32.8125,33.09375,634400,33.9375,33.75,18.920671463012695
11-06-1998,32.3125,33.6875,575200,34.0625,32.3125,18.114789962768555
12-06-1998,31.71875,32.3125,669200,32.6875,32.53125,18.237422943115234
15-06-1998,32.25,32.3125,675000,33.09375,32.71875,18.342533111572266
16-06-1998,32.6875,32.71875,802000,33.1875,33.0625,18.535247802734375
17-06-1998,33.3125,33.3125,819000,34.34375,33.875,19.059925079345703
18-06-1998,33.875,33.875,510000,34.4375,33.96875,19.1126766204834
19-06-1998,32.90625,33.96875,552000,34.125,33.25,18.708271026611328
22-06-1998,32.53125,33.1875,629600,33.4375,32.53125,18.303855895996094
23-06-1998,32.4375,32.6875,1167400,33.09375,33.03125,18.585187911987305
24-06-1998,32.3125,33.03125,671400,33.03125,32.65625,18.37420082092285
25-06-1998,32.0,32.625,677600,32.71875,32.09375,18.057693481445312
26-06-1998,31.6875,31.6875,925000,32.5625,32.375,18.215951919555664
29-06-1998,32.40625,32.40625,615800,33.15625,32.6875,18.39177703857422
30-06-1998,32.65625,32.75,1024600,33.46875,33.34375,18.761022567749023
01-07-1998,33.28125,33.34375,745800,34.3125,34.15625,19.218172073364258
02-07-1998,33.625,34.15625,455600,34.375,33.78125,19.007179260253906
06-07-1998,33.71875,34.0,764600,34.3125,34.0,19.130266189575195
07-07-1998,33.71875,34.0,351200,34.0,33.75,18.989591598510742
08-07-1998,33.6875,33.6875,490800,34.0625,33.875,19.059925079345703
09-07-1998,33.0625,33.75,569000,33.75,33.375,18.77859115600586
10-07-1998,33.34375,33.34375,478600,34.0,33.6875,18.954429626464844
13-07-1998,33.125,33.75,277400,33.9375,33.1875,18.6731014251709
14-07-1998,33.1875,33.1875,396000,33.71875,33.71875,18.97201919555664
15-07-1998,33.4375,33.65625,673200,34.1875,34.0625,19.165420532226562
16-07-1998,33.71875,33.9375,380800,34.21875,34.1875,19.235755920410156
17-07-1998,33.5625,34.21875,389600,34.21875,33.59375,18.901683807373047
20-07-1998,32.5,33.625,1001400,33.625,32.53125,18.303855895996094
21-07-1998,31.0625,32.46875,2814200,32.46875,31.125,17.512632369995117
22-07-1998,30.09375,31.25,1590600,31.34375,30.5625,17.19613265991211
23-07-1998,29.875,30.53125,1459400,30.625,30.03125,16.8972225189209
24-07-1998,29.625,30.0625,850200,30.4375,30.0,16.879629135131836
27-07-1998,29.03125,29.84375,1567400,29.84375,29.4375,16.563146591186523
28-07-1998,28.21875,29.125,1750600,29.15625,28.8125,16.211484909057617
29-07-1998,28.1875,28.6875,1417600,29.0625,28.5,16.035655975341797
30-07-1998,28.46875,28.5625,1400000,29.125,28.84375,16.22907257080078
31-07-1998,28.0,28.5625,1013400,28.9375,28.03125,15.771915435791016
03-08-1998,27.5,28.03125,922400,28.59375,28.0625,15.789493560791016
04-08-1998,26.90625,28.1875,1316400,28.25,27.0,15.19167423248291
05-08-1998,26.25,26.9375,1773600,27.09375,26.65625,14.998269081115723
06-08-1998,26.25,26.5,1362800,26.8125,26.5,14.910341262817383
07-08-1998,26.40625,26.4375,1790000,27.625,27.21875,15.314757347106934
10-08-1998,26.90625,27.21875,1017600,27.5625,26.90625,15.138935089111328
11-08-1998,25.984375,26.25,1166800,27.03125,27.0,15.19167423248291
12-08-1998,27.3125,27.375,972600,27.71875,27.4375,15.437837600708008
13-08-1998,27.3125,27.3125,582000,28.15625,27.53125,15.490585327148438
14-08-1998,26.9375,27.53125,1326000,27.875,27.34375,15.385077476501465
17-08-1998,27.0625,27.21875,603000,27.8125,27.6875,15.578496932983398
18-08-1998,27.5,27.5625,608800,28.125,27.96875,15.736741065979004
19-08-1998,27.8125,28.0,1235800,28.6875,28.53125,16.053239822387695
20-08-1998,28.53125,28.53125,1038400,28.8125,28.65625,16.123567581176758
21-08-1998,28.1875,28.53125,1171800,28.6875,28.59375,16.088401794433594
24-08-1998,28.59375,28.59375,977400,30.0,29.28125,16.475229263305664
25-08-1998,28.6875,29.5625,759800,29.625,29.09375,16.36972999572754
26-08-1998,28.0,28.75,919000,28.96875,28.03125,15.771915435791016
27-08-1998,26.15625,28.03125,1619800,28.03125,26.21875,14.752104759216309
28-08-1998,25.875,26.34375,885400,26.9375,25.96875,14.611433982849121
31-08-1998,24.125,26.03125,1057800,26.34375,24.21875,13.62679672241211
01-09-1998,23.59375,24.875,1900400,25.0625,24.53125,13.802627563476562
02-09-1998,24.03125,24.53125,1263600,25.0,24.59375,13.837788581848145
03-09-1998,23.65625,24.25,1485000,24.53125,23.75,13.363049507141113
04-09-1998,22.59375,23.8125,1744600,23.875,23.375,13.152053833007812
08-09-1998,23.03125,23.875,3996200,24.0,23.90625,13.450961112976074
09-09-1998,23.71875,24.125,1452400,24.34375,23.90625,13.450961112976074
10-09-1998,22.6875,23.25,1043200,23.5,22.96875,12.92347526550293
11-09-1998,22.625,22.75,1189600,23.0,22.6875,12.76522445678711
14-09-1998,22.65625,22.71875,2507000,24.40625,24.40625,13.732290267944336
15-09-1998,23.75,24.25,1380600,24.28125,24.125,13.574049949645996
16-09-1998,24.09375,24.21875,2644200,24.6875,24.6875,13.890535354614258
17-09-1998,24.0625,24.3125,956800,24.75,24.5625,13.820204734802246
18-09-1998,24.375,24.5,2433800,25.09375,25.03125,14.083948135375977
21-09-1998,24.53125,24.9375,1325000,25.78125,25.21875,14.18945026397705
22-09-1998,25.34375,25.34375,1477800,27.75,26.96875,15.174089431762695
23-09-1998,26.125,26.5625,1789000,28.75,28.71875,16.158737182617188
24-09-1998,27.3125,28.71875,844200,29.0,27.75,15.613668441772461
25-09-1998,26.65625,27.125,757400,27.28125,26.78125,15.068598747253418
28-09-1998,26.6875,26.8125,386600,27.4375,27.28125,15.436376571655273
29-09-1998,26.875,27.5,1074400,28.0,27.25,15.41869831085205
30-09-1998,26.875,27.1875,872600,27.25,27.25,15.41869831085205
01-10-1998,25.8125,26.875,1244800,26.96875,26.125,14.782144546508789
02-10-1998,25.96875,26.21875,690000,26.4375,26.03125,14.729100227355957
05-10-1998,25.75,26.09375,955000,26.65625,26.5,14.994324684143066
06-10-1998,25.6875,26.625,574000,27.03125,26.09375,14.7644624710083
07-10-1998,26.0625,26.125,688600,27.5,26.90625,15.224202156066895
08-10-1998,25.4375,26.40625,1016200,26.625,26.625,15.065058708190918
09-10-1998,25.96875,26.6875,590800,27.0625,26.75,15.135786056518555
12-10-1998,26.9375,26.9375,541800,28.4375,28.25,15.984519004821777
13-10-1998,27.25,28.0625,674200,28.5,28.15625,15.931474685668945
14-10-1998,27.8125,28.15625,580800,28.5,27.875,15.772327423095703
15-10-1998,27.34375,27.5,806400,28.5,28.25,15.984519004821777
16-10-1998,29.28125,29.75,1301400,30.46875,29.40625,16.638750076293945
19-10-1998,29.4375,29.5,784000,30.25,30.125,17.045440673828125
20-10-1998,30.125,30.25,793000,31.40625,31.0,17.540536880493164
21-10-1998,30.71875,31.125,396600,31.25,31.09375,17.593582153320312
22-10-1998,30.5625,30.96875,400200,31.40625,31.25,17.68199348449707
23-10-1998,29.125,30.5,1099600,30.8125,29.875,16.903982162475586
26-10-1998,29.875,29.875,965400,31.65625,31.03125,17.558231353759766
27-10-1998,31.25,31.5625,1882400,32.40625,32.0,18.106367111206055
28-10-1998,31.75,32.4375,1071000,32.5,31.90625,18.05331802368164
29-10-1998,31.90625,31.90625,1004000,33.0,32.71875,18.513051986694336
30-10-1998,32.0625,32.84375,1007800,33.15625,32.0625,18.1417293548584
02-11-1998,32.1875,32.1875,967800,33.46875,32.78125,18.548404693603516
03-11-1998,32.4375,32.90625,1223200,33.84375,32.71875,18.513051986694336
04-11-1998,32.84375,33.0625,819200,33.21875,33.1875,18.77828025817871
05-11-1998,32.0,33.1875,703600,33.1875,33.0,18.672182083129883
06-11-1998,32.46875,32.875,955000,32.875,32.46875,18.3715877532959
09-11-1998,31.34375,32.40625,569600,32.40625,31.625,17.89417839050293
10-11-1998,31.65625,31.6875,773000,32.21875,32.125,18.177091598510742
11-11-1998,31.59375,32.125,663400,32.4375,31.96875,18.08867645263672
12-11-1998,31.5,31.5,1336200,33.375,32.65625,18.477693557739258
13-11-1998,31.5,32.65625,2055400,33.375,31.5,17.82344627380371
16-11-1998,31.8125,31.875,1262000,32.5,32.15625,18.194774627685547
17-11-1998,31.5625,32.15625,1286600,32.15625,31.71875,17.947227478027344
18-11-1998,31.15625,31.75,648000,32.0,31.84375,18.017959594726562
19-11-1998,31.84375,31.9375,594800,32.75,32.21875,18.230133056640625
20-11-1998,32.3125,32.5,431400,32.6875,32.3125,18.283180236816406
23-11-1998,32.03125,32.4375,456000,32.8125,32.53125,18.406951904296875
24-11-1998,32.65625,32.65625,514000,33.1875,33.09375,18.725238800048828
25-11-1998,32.78125,33.21875,541600,33.375,32.9375,18.636825561523438
27-11-1998,32.75,32.90625,104800,32.96875,32.78125,18.548404693603516
30-11-1998,31.625,32.65625,666600,32.8125,31.78125,17.982587814331055
01-12-1998,31.5625,31.84375,442000,32.4375,32.15625,18.194774627685547
02-12-1998,30.875,32.09375,550400,32.09375,31.6875,17.929542541503906
03-12-1998,30.65625,31.75,738200,31.75,30.78125,17.41676902770996
04-12-1998,30.71875,30.90625,708000,31.4375,30.90625,17.487491607666016
07-12-1998,30.5,30.90625,548800,30.90625,30.5,17.257627487182617
08-12-1998,29.5,29.9375,1765600,30.1875,29.8125,16.86862564086914
09-12-1998,29.40625,29.6875,1174600,29.84375,29.71875,16.815574645996094
10-12-1998,29.375,29.65625,876000,29.75,29.65625,16.780214309692383
11-12-1998,28.5,29.65625,1330800,29.75,29.0,16.40889549255371
14-12-1998,28.5,28.875,1124400,28.96875,28.5625,16.161340713500977
15-12-1998,27.90625,28.5,1530800,28.5625,28.28125,16.0022029876709
16-12-1998,27.375,28.21875,869400,28.375,27.75,15.701616287231445
17-12-1998,27.4375,27.9375,1021000,28.09375,27.78125,15.719292640686035
18-12-1998,27.5,27.6875,2595200,29.125,29.0,16.40889549255371
21-12-1998,28.9375,29.0,1508200,30.1875,29.8125,16.86862564086914
22-12-1998,28.9375,29.71875,653800,30.3125,29.375,16.621076583862305
23-12-1998,29.125,29.625,868600,30.71875,30.71875,17.38139533996582
24-12-1998,30.03125,30.625,326800,30.625,30.125,17.045440673828125
28-12-1998,29.78125,30.0,757000,30.1875,30.0625,17.010074615478516
29-12-1998,29.6875,29.8125,622200,30.25,30.25,17.20199966430664
30-12-1998,29.875,30.125,527600,30.21875,30.0625,17.09537124633789
31-12-1998,29.0,29.9375,1404000,31.8125,29.0,16.491178512573242
04-01-1999,30.25,30.25,1748800,31.25,30.40625,17.290851593017578
05-01-1999,30.0,30.1875,1563200,31.0,30.78125,17.504104614257812
06-01-1999,30.65625,30.78125,1463800,31.09375,30.9375,17.59296417236328
07-01-1999,30.75,30.96875,1730800,31.75,31.5625,17.948366165161133
08-01-1999,31.625,31.625,1388600,32.40625,32.34375,18.39263153076172
11-01-1999,31.6875,32.21875,714000,32.65625,31.96875,18.179393768310547
12-01-1999,31.5,31.8125,949000,32.5,31.6875,18.019458770751953
13-01-1999,30.4375,30.5,1230400,31.5625,31.375,17.84174346923828
14-01-1999,30.65625,31.375,1182000,31.625,30.78125,17.504104614257812
15-01-1999,30.90625,30.90625,1019800,32.1875,32.1875,18.303781509399414
19-01-1999,31.5625,32.3125,782800,32.625,31.78125,18.0727596282959
20-01-1999,31.125,31.71875,836200,31.875,31.1875,17.735118865966797
21-01-1999,30.1875,30.9375,859400,31.34375,30.5,17.34416961669922
22-01-1999,30.125,30.4375,986200,31.1875,30.15625,17.148693084716797
25-01-1999,29.6875,30.0625,885400,30.8125,30.65625,17.433021545410156
26-01-1999,30.375,30.78125,1028400,31.25,30.46875,17.326393127441406
27-01-1999,30.0,30.5,1181400,30.5,30.0,17.059829711914062
28-01-1999,29.0625,29.9375,1334200,30.1875,29.15625,16.58002281188965
29-01-1999,29.09375,29.09375,1313600,30.21875,30.15625,17.148693084716797
01-02-1999,30.0,30.125,755400,31.59375,30.875,17.557416915893555
02-02-1999,30.6875,30.84375,1098200,31.4375,30.9375,17.59296417236328
03-02-1999,31.0,31.25,1099800,32.28125,32.25,18.339313507080078
04-02-1999,31.875,32.25,1841400,33.03125,32.5,18.481491088867188
05-02-1999,32.125,32.5,1284600,33.25,32.84375,18.676963806152344
08-02-1999,32.5625,32.71875,983200,33.125,32.59375,18.534801483154297
09-02-1999,32.59375,32.625,1144400,33.53125,33.1875,18.872447967529297
10-02-1999,33.0,33.0625,1434800,34.5,34.34375,19.529958724975586
11-02-1999,33.75,34.3125,1315400,34.3125,33.84375,19.245628356933594
12-02-1999,33.59375,33.9375,720800,34.09375,33.84375,19.245628356933594
16-02-1999,33.375,34.125,770400,34.71875,33.6875,19.156776428222656
17-02-1999,32.9375,33.40625,536800,33.96875,32.9375,18.730276107788086
18-02-1999,32.8125,33.0625,681000,34.125,33.8125,19.227859497070312
19-02-1999,33.84375,33.84375,1246800,35.1875,34.84375,19.81429672241211
22-02-1999,34.59375,34.78125,741200,34.96875,34.8125,19.79651641845703
23-02-1999,34.9375,35.3125,1107200,36.03125,35.75,20.329639434814453
24-02-1999,34.75,35.75,885800,36.3125,34.90625,19.84983253479004
25-02-1999,33.75,34.78125,584200,34.78125,34.34375,19.529958724975586
26-02-1999,33.875,34.375,669600,34.5,34.375,19.54772186279297
01-03-1999,32.65625,34.46875,1819000,34.46875,33.46875,19.032379150390625
02-03-1999,33.34375,33.5,625600,33.875,33.71875,19.174551010131836
03-03-1999,33.375,33.78125,1009200,34.375,34.34375,19.529958724975586
04-03-1999,33.84375,34.40625,1040400,34.6875,33.96875,19.316715240478516
05-03-1999,33.96875,34.1875,762400,34.46875,34.46875,19.60103988647461
08-03-1999,33.5,34.46875,501800,34.46875,33.84375,19.245628356933594
09-03-1999,33.34375,33.875,547200,34.0,33.5625,19.085691452026367
10-03-1999,33.34375,33.5625,514600,33.9375,33.84375,19.245628356933594
11-03-1999,33.28125,33.84375,732600,33.84375,33.53125,19.067922592163086
12-03-1999,33.40625,33.5,859600,34.1875,33.625,19.121225357055664
15-03-1999,33.40625,33.5,469000,34.46875,34.15625,19.423341751098633
16-03-1999,33.90625,34.15625,640600,34.5,34.03125,19.352245330810547
17-03-1999,33.3125,34.125,619600,34.125,33.5625,19.085691452026367
18-03-1999,32.8125,33.6875,931200,34.25,34.09375,19.38779067993164
19-03-1999,33.21875,34.1875,1133200,34.1875,33.375,18.979068756103516
22-03-1999,32.78125,33.375,630400,33.5625,33.21875,18.890209197998047
23-03-1999,32.03125,33.34375,591400,33.375,32.625,18.55257797241211
24-03-1999,31.4375,32.625,801800,32.75,31.65625,18.00168228149414
25-03-1999,31.84375,32.125,608000,32.40625,31.96875,18.179393768310547
26-03-1999,31.09375,32.0,614400,32.0,31.46875,17.895061492919922
29-03-1999,31.15625,31.46875,562400,31.71875,31.46875,17.98076629638672
30-03-1999,30.5625,30.8125,925400,31.28125,30.75,17.570077896118164
31-03-1999,30.5,30.75,1225600,31.09375,30.9375,17.677215576171875
01-04-1999,30.25,30.9375,1387800,30.9375,30.84375,17.623645782470703
05-04-1999,30.125,30.96875,1476600,31.0,30.15625,17.23082160949707
06-04-1999,29.90625,30.15625,1252400,30.75,30.46875,17.409378051757812
07-04-1999,30.3125,30.4375,1230200,30.8125,30.5,17.4272403717041
08-04-1999,30.34375,30.5,1194000,30.75,30.6875,17.534379959106445
09-04-1999,30.28125,30.5,911800,30.65625,30.5625,17.462947845458984
12-04-1999,30.3125,30.5,1106400,31.21875,31.125,17.784360885620117
13-04-1999,31.125,31.125,1762000,32.34375,31.9375,18.248594284057617
14-04-1999,32.5,32.5,2267800,34.5,33.625,19.21280860900879
15-04-1999,34.125,34.1875,2739000,37.25,36.34375,20.766273498535156
16-04-1999,36.21875,36.21875,1859600,36.75,36.40625,20.80198097229004
19-04-1999,37.15625,37.3125,3306000,39.90625,39.625,22.641124725341797
20-04-1999,36.375,38.3125,2900000,38.4375,37.03125,21.15908432006836
21-04-1999,35.25,36.78125,1851800,36.78125,36.125,20.64126968383789
22-04-1999,34.65625,36.125,1729400,36.125,35.46875,20.266311645507812
23-04-1999,35.21875,35.46875,749800,36.46875,36.0,20.569849014282227
26-04-1999,35.90625,36.0,514400,36.5,36.125,20.64126968383789
27-04-1999,36.25,36.25,1181600,37.9375,37.15625,21.230510711669922
28-04-1999,37.15625,37.15625,1085600,38.9375,38.15625,21.801898956298828
29-04-1999,38.25,38.25,1139000,39.59375,39.59375,22.623271942138672
30-04-1999,38.0625,39.46875,1138800,39.46875,38.5,21.998313903808594
03-05-1999,38.0,38.40625,1192800,38.6875,38.5625,22.03402328491211
04-05-1999,37.9375,38.6875,1013600,38.6875,37.96875,21.694774627685547
05-05-1999,38.03125,38.09375,591600,38.5,38.46875,21.980459213256836
06-05-1999,38.03125,38.09375,756400,38.5625,38.5625,22.03402328491211
07-05-1999,38.5625,38.5625,1675400,40.3125,40.0,22.855390548706055
10-05-1999,38.90625,40.0,1138200,40.53125,39.28125,22.444705963134766
11-05-1999,38.9375,39.28125,517600,39.5,39.40625,22.51612091064453
12-05-1999,37.53125,38.875,1332000,38.96875,37.53125,21.444782257080078
13-05-1999,36.65625,37.5625,1104800,38.125,37.625,21.498348236083984
14-05-1999,37.25,37.53125,1047400,37.8125,37.46875,21.40906524658203
17-05-1999,37.375,37.46875,711000,37.90625,37.6875,21.5340633392334
18-05-1999,36.75,37.4375,983400,37.4375,37.1875,21.248371124267578
19-05-1999,37.125,37.5,785000,37.9375,37.9375,21.676908493041992
20-05-1999,37.5,37.9375,440200,38.34375,37.5,21.42692756652832
21-05-1999,37.0625,37.375,499600,37.5,37.375,21.355501174926758
24-05-1999,37.46875,37.5,744000,38.46875,37.65625,21.516206741333008
25-05-1999,36.0625,37.78125,1037200,37.96875,36.0625,20.605567932128906
26-05-1999,36.25,36.5625,1032200,37.9375,37.875,21.641193389892578
27-05-1999,36.3125,37.875,937200,37.875,37.0,21.14122772216797
28-05-1999,36.78125,36.875,1239600,38.5625,38.375,21.926889419555664
01-06-1999,38.0,38.125,1637800,39.0625,38.90625,22.230443954467773
02-06-1999,38.78125,38.90625,1121200,39.9375,39.6875,22.676837921142578
03-06-1999,39.25,39.5625,785600,39.9375,39.90625,22.801816940307617
04-06-1999,39.96875,39.96875,1058000,40.8125,40.21875,22.980379104614258
07-06-1999,40.28125,40.34375,829000,40.8125,40.46875,23.123226165771484
08-06-1999,40.28125,40.34375,1023200,40.59375,40.34375,23.051807403564453
09-06-1999,40.125,40.28125,707600,40.5625,40.28125,23.016090393066406
10-06-1999,39.46875,40.1875,922000,40.1875,39.65625,22.658985137939453
11-06-1999,38.875,39.59375,1296000,39.90625,39.03125,22.301862716674805
14-06-1999,38.75,39.125,1360200,39.25,38.8125,22.17686653137207
15-06-1999,38.625,38.6875,1265000,39.65625,39.625,22.641124725341797
16-06-1999,38.53125,39.6875,1188200,39.6875,38.90625,22.230443954467773
17-06-1999,38.8125,38.875,619800,39.625,39.21875,22.408992767333984
18-06-1999,38.1875,38.25,1363000,40.21875,40.1875,22.962528228759766
21-06-1999,38.84375,39.9375,993400,39.9375,39.75,22.712543487548828
22-06-1999,38.9375,39.625,465800,39.65625,39.28125,22.444705963134766
23-06-1999,38.625,39.40625,552600,39.6875,39.59375,22.623271942138672
24-06-1999,38.09375,39.46875,627400,39.46875,38.1875,21.81975555419922
25-06-1999,37.5,38.03125,658400,38.34375,38.25,21.85546112060547
28-06-1999,37.75,38.28125,797000,38.75,38.5,22.084918975830078
29-06-1999,38.4375,38.5,431400,39.0,38.9375,22.335895538330078
30-06-1999,38.71875,39.03125,1136200,41.0,40.875,23.447303771972656
01-07-1999,40.28125,40.6875,589000,40.6875,40.4375,23.19634246826172
02-07-1999,39.90625,40.1875,550800,40.4375,40.25,23.088787078857422
06-07-1999,39.8125,40.375,576200,40.46875,40.34375,23.142562866210938
07-07-1999,40.28125,40.46875,483200,40.90625,40.4375,23.19634246826172
08-07-1999,40.1875,40.5,402800,40.59375,40.28125,23.10670280456543
09-07-1999,40.125,40.375,516200,40.375,40.34375,23.142562866210938
12-07-1999,39.28125,40.4375,555400,40.46875,39.5,22.658565521240234
13-07-1999,37.875,39.25,1412000,39.25,37.875,21.726394653320312
14-07-1999,36.125,37.90625,1716200,38.46875,37.53125,21.52920913696289
15-07-1999,37.34375,37.65625,842400,37.875,37.4375,21.47543716430664
16-07-1999,37.03125,37.5625,640000,37.78125,37.75,21.654701232910156
19-07-1999,37.03125,38.0,566800,38.09375,37.53125,21.52920913696289
20-07-1999,37.0,37.59375,843400,37.75,37.5,21.51128578186035
21-07-1999,37.53125,37.5625,753200,38.90625,38.71875,22.210403442382812
22-07-1999,38.5625,38.90625,717400,39.0,38.875,22.300033569335938
23-07-1999,38.125,38.5,642400,38.59375,38.5,22.084918975830078
26-07-1999,37.71875,38.5,521800,38.5,38.09375,21.851882934570312
27-07-1999,37.5625,38.125,604600,38.28125,37.71875,21.636760711669922
28-07-1999,37.4375,37.71875,413600,37.84375,37.8125,21.6905460357666
29-07-1999,36.6875,37.5,603200,37.65625,37.5,21.51128578186035
30-07-1999,37.15625,37.5625,860000,37.75,37.15625,21.314096450805664
02-08-1999,36.28125,37.03125,826200,37.03125,36.4375,20.90180015563965
03-08-1999,36.5625,36.5625,728200,37.21875,36.9375,21.188615798950195
04-08-1999,36.5625,37.0,629600,37.3125,36.84375,21.13483238220215
05-08-1999,36.46875,36.96875,536400,37.15625,36.53125,20.955577850341797
06-08-1999,35.9375,36.53125,628400,36.75,36.53125,20.955577850341797
09-08-1999,36.3125,36.65625,595200,37.21875,37.15625,21.314096450805664
10-08-1999,36.78125,37.125,680200,37.375,36.90625,21.170690536499023
11-08-1999,36.625,37.0,807000,38.09375,38.0,21.7981014251709
12-08-1999,37.6875,38.25,524400,38.6875,37.90625,21.74432373046875
13-08-1999,38.0,38.03125,268600,38.46875,38.1875,21.905658721923828
16-08-1999,38.0,38.3125,348400,38.5,38.5,22.084918975830078
17-08-1999,38.875,38.875,1408200,39.59375,39.5,22.658565521240234
18-08-1999,39.0625,39.5,540400,39.5625,39.25,22.515148162841797
19-08-1999,38.46875,39.125,380800,39.25,39.0625,22.407594680786133
20-08-1999,39.25,39.5,704600,39.5625,39.4375,22.622711181640625
23-08-1999,39.25,39.3125,576200,40.0,39.90625,22.891592025756836
24-08-1999,39.375,39.8125,570800,39.9375,39.84375,22.855743408203125
25-08-1999,39.71875,39.71875,662200,40.25,40.03125,22.963300704956055
26-08-1999,39.15625,40.0,609400,40.21875,39.875,22.873680114746094
27-08-1999,39.28125,39.96875,477200,39.96875,39.3125,22.550992965698242
30-08-1999,38.5,39.1875,505400,39.4375,38.59375,22.138702392578125
31-08-1999,37.71875,38.375,950800,39.0,38.96875,22.35380744934082
01-09-1999,38.59375,38.90625,741000,39.4375,38.96875,22.35380744934082
02-09-1999,37.75,38.75,789800,39.09375,38.84375,22.2821044921875
03-09-1999,39.0,39.125,924800,39.625,39.5625,22.69440460205078
07-09-1999,39.5,39.625,668000,39.8125,39.65625,22.748191833496094
08-09-1999,39.40625,39.5625,985200,40.125,39.84375,22.855743408203125
09-09-1999,39.84375,39.84375,1126400,40.3125,40.0625,22.981216430664062
10-09-1999,36.125,37.5,7024200,37.75,36.84375,21.13483238220215
13-09-1999,36.09375,36.9375,4800000,37.0625,36.65625,21.027286529541016
14-09-1999,35.75,35.75,2206200,36.53125,36.21875,20.776315689086914
15-09-1999,35.375,36.34375,2089800,36.65625,35.625,20.43572425842285
16-09-1999,34.625,35.59375,1905800,35.59375,34.84375,19.987573623657227
17-09-1999,35.0,35.0,1756800,36.125,36.0625,20.686691284179688
20-09-1999,36.09375,36.125,1850000,36.53125,36.53125,20.955577850341797
21-09-1999,36.6875,37.0,2683000,37.5,37.40625,21.457500457763672
22-09-1999,37.3125,37.4375,1921400,37.96875,37.59375,21.565067291259766
23-09-1999,36.53125,37.6875,2406600,37.6875,36.75,21.0810604095459
24-09-1999,36.59375,36.75,1006000,37.25,37.0,21.224462509155273
27-09-1999,36.5625,37.125,940200,37.1875,36.875,21.152769088745117
28-09-1999,35.53125,36.28125,844200,36.625,36.5,21.040355682373047
29-09-1999,36.3125,36.5,893400,37.03125,36.53125,21.058368682861328
30-09-1999,36.3125,36.78125,944200,37.28125,37.28125,21.490697860717773
01-10-1999,36.15625,37.0625,640600,37.0625,36.625,21.11240577697754
04-10-1999,36.40625,36.5,523600,36.8125,36.75,21.184465408325195
05-10-1999,35.875,36.75,981800,36.75,36.625,21.11240577697754
06-10-1999,36.34375,36.6875,793400,37.15625,37.03125,21.346590042114258
07-10-1999,37.125,37.15625,1730800,39.0,38.9375,22.445451736450195
08-10-1999,38.8125,38.96875,1342000,39.8125,39.25,22.62558937072754
11-10-1999,39.09375,39.375,705000,40.125,39.78125,22.931827545166016
12-10-1999,38.0625,39.59375,817600,39.59375,38.5,22.19325828552246
13-10-1999,37.625,38.4375,1479400,38.5625,37.75,21.760929107666016
14-10-1999,37.03125,38.25,972800,38.25,37.75,21.760929107666016
15-10-1999,36.0,37.75,973400,37.75,36.1875,20.860219955444336
18-10-1999,35.84375,36.25,1021400,36.71875,36.34375,20.950294494628906
19-10-1999,35.96875,36.5,995800,36.65625,36.09375,20.806161880493164
20-10-1999,35.59375,36.15625,1147400,36.15625,35.84375,20.662065505981445
21-10-1999,34.8125,35.71875,2079600,35.71875,35.1875,20.283763885498047
22-10-1999,35.15625,35.21875,2462600,35.6875,35.5,20.463911056518555
25-10-1999,34.59375,35.4375,2035800,35.46875,35.1875,20.283763885498047
26-10-1999,34.78125,35.1875,1768400,35.28125,34.8125,20.067598342895508
27-10-1999,34.6875,35.4375,1699000,35.8125,35.25,20.319807052612305
28-10-1999,35.4375,35.625,1642200,36.125,35.84375,20.662065505981445
29-10-1999,35.84375,36.125,1270200,37.0,36.71875,21.166454315185547
01-11-1999,36.3125,36.65625,2327000,37.3125,36.875,21.256528854370117
02-11-1999,35.625,36.96875,2004800,36.96875,35.625,20.535966873168945
03-11-1999,35.3125,35.9375,2516800,36.15625,35.3125,20.355831146240234
04-11-1999,34.25,35.34375,2747800,35.5,34.375,19.815404891967773
05-11-1999,32.25,33.875,6086800,34.125,33.15625,19.112857818603516
08-11-1999,32.25,33.09375,3802400,33.71875,33.34375,19.220947265625
09-11-1999,32.59375,33.5,2875800,33.75,32.78125,18.89669418334961
10-11-1999,32.125,32.8125,3271000,33.5,32.875,18.950727462768555
11-11-1999,32.875,32.9375,3295600,33.75,32.96875,19.004772186279297
12-11-1999,30.71875,32.96875,4074600,33.3125,31.3125,18.050025939941406
15-11-1999,30.78125,31.3125,5867600,32.0,31.625,18.230173110961914
16-11-1999,31.90625,32.0,4135200,32.8125,32.5,18.73456382751465
17-11-1999,32.5,32.5,3732600,33.625,33.5625,19.347047805786133
18-11-1999,33.125,33.3125,3487000,33.8125,33.15625,19.112857818603516
19-11-1999,33.375,33.5,4079200,33.90625,33.625,19.383071899414062
22-11-1999,33.375,33.65625,3242200,33.8125,33.6875,19.41910171508789
23-11-1999,33.0,33.84375,7309200,33.875,33.4375,19.274991989135742
24-11-1999,33.125,33.125,2859400,34.5,34.34375,19.797391891479492
26-11-1999,33.75,34.125,816800,34.15625,34.03125,19.61725616455078
29-11-1999,32.8125,34.0,2078000,34.0,32.96875,19.004772186279297
30-11-1999,31.875,32.96875,3083000,32.96875,32.375,18.662508010864258
01-12-1999,32.125,32.5625,2326400,33.0625,32.96875,19.004772186279297
02-12-1999,32.5,32.84375,1299400,33.15625,33.0,19.022789001464844
03-12-1999,32.8125,32.8125,1888200,33.9375,33.6875,19.41910171508789
06-12-1999,33.65625,33.6875,1924200,34.25,34.21875,19.7253360748291
07-12-1999,33.25,34.21875,2543800,34.5,33.96875,19.581226348876953
08-12-1999,33.0,33.96875,1074800,33.96875,33.5,19.31100845336914
09-12-1999,32.0625,33.6875,1638800,33.8125,32.8125,18.91470718383789
10-12-1999,31.875,32.9375,895400,32.9375,31.875,18.37428855895996
13-12-1999,31.96875,32.0625,1185000,32.6875,32.328125,18.635482788085938
14-12-1999,32.28125,32.40625,2202000,32.9375,32.71875,18.860660552978516
15-12-1999,32.625,32.71875,1838400,33.25,33.09375,19.076833724975586
16-12-1999,32.53125,33.0,942400,33.125,32.625,18.80661964416504
17-12-1999,32.5,32.625,3335200,33.0,32.71875,18.860660552978516
20-12-1999,31.09375,32.21875,1364400,32.375,32.375,18.662508010864258
21-12-1999,31.5,32.0625,1172000,32.25,32.25,18.59044647216797
22-12-1999,31.53125,31.9375,427800,31.96875,31.8125,18.3382568359375
23-12-1999,31.5,31.90625,1335800,32.09375,31.90625,18.39230728149414
27-12-1999,31.84375,31.90625,2413600,32.34375,32.21875,18.572439193725586
28-12-1999,32.125,32.15625,1826600,33.28125,33.125,19.094850540161133
29-12-1999,32.625,33.375,813800,33.375,32.96875,19.108613967895508
30-12-1999,32.6875,33.09375,462800,33.3125,32.78125,18.99993324279785
31-12-1999,32.875,33.03125,415600,33.78125,33.78125,19.579530715942383
03-01-2000,30.1875,30.25,6250200,32.40625,31.9375,18.510896682739258
04-01-2000,30.25,31.8125,2799600,31.84375,30.5,17.67772674560547
05-01-2000,30.03125,30.5,2350800,31.125,30.875,17.895076751708984
06-01-2000,30.25,30.4375,2038800,30.875,30.65625,17.768293380737305
07-01-2000,31.125,31.1875,3213800,32.6875,32.625,18.90937042236328
10-01-2000,32.65625,32.6875,1856800,33.3125,33.25,19.27161979675293
11-01-2000,32.59375,33.21875,1698200,33.84375,32.90625,19.072385787963867
12-01-2000,32.40625,32.90625,1353000,33.1875,32.5,18.836917877197266
13-01-2000,32.5,32.5,2671600,34.5,34.15625,19.796884536743164
14-01-2000,33.65625,34.28125,1230200,34.34375,33.75,19.561416625976562
18-01-2000,32.25,33.125,1415200,33.21875,32.28125,18.71013069152832
19-01-2000,31.75,32.0625,1249200,32.4375,32.1875,18.655805587768555
20-01-2000,31.25,32.5,884600,32.5625,31.46875,18.239213943481445
21-01-2000,31.0625,32.125,2320800,32.1875,31.21875,18.094310760498047
24-01-2000,30.5,31.375,1092000,31.375,30.65625,17.768293380737305
25-01-2000,29.28125,30.65625,2350800,30.6875,29.8125,17.27926254272461
26-01-2000,29.3125,29.9375,1829200,30.1875,30.15625,17.47848892211914
27-01-2000,29.75,30.1875,1382000,30.78125,29.875,17.31547737121582
28-01-2000,28.75,29.75,1109200,29.875,28.75,16.66344451904297
31-01-2000,28.46875,29.0,1644000,29.8125,29.25,16.953229904174805
01-02-2000,29.15625,29.375,1235800,29.84375,29.65625,17.188701629638672
02-02-2000,29.34375,29.65625,1505400,29.96875,29.65625,17.188701629638672
03-02-2000,29.78125,30.0,1542600,30.875,30.1875,17.496604919433594
04-02-2000,29.96875,30.3125,1257200,30.3125,30.15625,17.47848892211914
07-02-2000,30.03125,30.09375,1020400,30.4375,30.28125,17.550945281982422
08-02-2000,29.71875,30.40625,1516200,30.65625,29.84375,17.2973690032959
09-02-2000,29.59375,29.8125,1234400,29.9375,29.625,17.170576095581055
10-02-2000,28.0,29.71875,1108200,29.8125,28.5,16.518537521362305
11-02-2000,27.375,28.625,1299200,28.625,27.84375,16.13817024230957
14-02-2000,27.125,27.84375,1680400,27.9375,27.34375,15.848374366760254
15-02-2000,27.25,27.3125,1787400,29.84375,29.25,16.953229904174805
16-02-2000,28.34375,29.21875,1355800,29.8125,28.90625,16.753986358642578
17-02-2000,28.6875,28.90625,1224600,29.15625,28.78125,16.68153953552246
18-02-2000,28.0,28.0,1978000,29.125,28.15625,16.319293975830078
22-02-2000,28.03125,28.6875,1065200,29.15625,28.9375,16.772106170654297
23-02-2000,28.25,28.375,1305400,29.78125,29.625,17.170576095581055
24-02-2000,27.34375,29.0,1966200,29.03125,28.28125,16.391746520996094
25-02-2000,25.9375,28.0,2002600,28.0,26.375,15.286888122558594
28-02-2000,25.5625,25.5625,2485600,26.46875,26.125,15.141988754272461
29-02-2000,25.53125,26.125,2145000,26.375,25.84375,14.978987693786621
01-03-2000,25.8125,25.96875,1582400,26.75,26.5,15.359332084655762
02-03-2000,26.1875,26.5,1181200,26.71875,26.5,15.359332084655762
03-03-2000,26.5,26.5,1019600,28.0,27.5625,15.975159645080566
06-03-2000,26.59375,27.9375,1176200,28.1875,26.96875,15.631028175354004
07-03-2000,26.0625,26.96875,1689200,27.21875,26.25,15.214445114135742
08-03-2000,26.25,26.34375,1656200,27.40625,27.03125,15.66724967956543
09-03-2000,26.75,26.90625,1481600,27.46875,27.4375,15.902721405029297
10-03-2000,26.78125,27.3125,1005800,27.4375,27.1875,15.75781536102295
13-03-2000,26.0,26.5,1565600,27.25,27.09375,15.703476905822754
14-03-2000,26.8125,27.15625,1161000,27.46875,27.0,15.649147033691406
15-03-2000,26.9375,27.125,2499200,29.625,29.25,16.953229904174805
16-03-2000,29.15625,29.34375,2386200,32.375,32.1875,18.655805587768555
17-03-2000,31.5,32.1875,2389800,32.8125,32.40625,18.78258514404297
20-03-2000,31.03125,32.28125,1743400,32.3125,31.125,18.039976119995117
21-03-2000,30.3125,31.15625,1084600,31.28125,31.03125,17.98564338684082
22-03-2000,30.375,31.0,1086600,31.09375,30.59375,17.73206329345703
23-03-2000,29.28125,30.5,1639000,30.53125,30.125,17.46038055419922
24-03-2000,29.3125,30.125,1993200,30.375,29.78125,17.26114273071289
27-03-2000,28.8125,29.5,1303800,29.78125,29.1953125,16.921533584594727
28-03-2000,28.375,29.03125,1790800,29.78125,28.5,16.518537521362305
29-03-2000,28.3125,28.40625,1705000,29.1875,28.6875,16.732894897460938
30-03-2000,27.90625,28.6875,2237400,29.6875,29.03125,16.933395385742188
31-03-2000,27.625,29.03125,1917200,30.15625,27.625,16.113161087036133
03-04-2000,28.0,28.0,1432400,29.875,29.59375,17.261489868164062
04-04-2000,28.875,29.5,1708000,30.6875,30.0,17.498455047607422
05-04-2000,29.15625,30.375,1655800,30.5,29.53125,17.225032806396484
06-04-2000,29.1875,29.90625,1000600,30.4375,29.375,17.133909225463867
07-04-2000,28.96875,29.75,807600,29.96875,29.125,16.98807144165039
10-04-2000,28.875,29.09375,864400,30.0625,29.65625,17.297937393188477
11-04-2000,29.78125,30.125,1189400,30.46875,30.0,17.498455047607422
12-04-2000,30.25,30.25,2041000,32.25,32.0,18.665016174316406
13-04-2000,30.875,31.5,1292200,31.75,31.03125,18.099958419799805
14-04-2000,29.53125,31.0625,1719000,31.3125,29.5625,17.243263244628906
17-04-2000,29.125,29.625,1199600,30.625,30.53125,17.808319091796875
18-04-2000,29.5,30.5,2115600,30.53125,29.5625,17.243263244628906
19-04-2000,29.53125,29.625,1127400,30.375,30.25,17.644268035888672
20-04-2000,29.9375,30.25,944000,30.625,30.21875,17.626033782958984
24-04-2000,30.0,30.09375,1353400,31.0625,30.96875,18.063501358032227
25-04-2000,30.5,30.96875,1516000,32.5,31.84375,18.573875427246094
26-04-2000,30.875,31.75,1653600,31.78125,31.21875,18.209321975708008
27-04-2000,31.0625,31.28125,939400,31.65625,31.375,18.300458908081055
28-04-2000,31.03125,31.5,957800,32.15625,32.03125,18.683237075805664
01-05-2000,31.84375,31.90625,1436600,32.40625,31.875,18.592103958129883
02-05-2000,31.375,31.875,1317800,32.46875,32.1875,18.774375915527344
03-05-2000,30.15625,32.3125,1634400,32.375,31.4375,18.3369140625
04-05-2000,30.625,31.3125,699800,31.59375,31.25,18.227550506591797
05-05-2000,31.09375,31.3125,445800,32.21875,31.78125,18.537424087524414
08-05-2000,31.3125,31.75,903800,32.09375,31.625,18.446279525756836
09-05-2000,31.09375,31.4375,638600,32.03125,31.34375,18.2822322845459
10-05-2000,31.21875,31.46875,754800,31.6875,31.40625,18.318693161010742
11-05-2000,31.53125,31.5625,878800,32.3125,31.90625,18.61032485961914
12-05-2000,30.75,31.90625,1162400,32.3125,31.4375,18.3369140625
15-05-2000,31.1875,31.4375,722800,31.625,31.40625,18.318693161010742
16-05-2000,31.1875,31.34375,943200,32.46875,32.375,18.88374137878418
17-05-2000,31.96875,32.25,562000,32.375,32.3125,18.847278594970703
18-05-2000,31.5,32.3125,983200,32.6875,31.625,18.446279525756836
19-05-2000,31.0625,31.375,637600,31.75,31.4375,18.3369140625
22-05-2000,30.59375,31.53125,793000,31.65625,30.65625,17.881221771240234
23-05-2000,30.5625,30.59375,529800,31.0,30.71875,17.917682647705078
24-05-2000,30.84375,30.84375,1955400,32.46875,32.0,18.665016174316406
25-05-2000,30.3125,32.0625,1433600,32.125,30.5,17.790088653564453
26-05-2000,29.78125,30.375,964200,30.6875,29.8125,17.389089584350586
30-05-2000,29.09375,30.03125,1738600,30.09375,29.46875,17.18857765197754
31-05-2000,29.03125,29.5625,1722200,29.75,29.03125,16.933395385742188
01-06-2000,28.5625,29.03125,758200,29.5,29.40625,17.152132034301758
02-06-2000,29.46875,30.125,1137400,30.3125,29.46875,17.18857765197754
05-06-2000,29.3125,29.46875,717000,29.75,29.46875,17.18857765197754
06-06-2000,28.875,29.59375,707400,29.59375,29.28125,17.079212188720703
07-06-2000,28.5,29.40625,782600,29.4375,28.5,16.623533248901367
08-06-2000,28.25,28.53125,1641200,28.84375,28.78125,16.78757095336914
09-06-2000,28.71875,28.84375,1110000,29.375,29.25,17.060985565185547
12-06-2000,28.53125,29.125,766000,29.28125,28.546875,16.650861740112305
13-06-2000,28.25,28.4375,947000,28.5,28.375,16.55061912536621
14-06-2000,28.1875,28.46875,1169400,29.375,29.0625,16.951618194580078
15-06-2000,28.8125,29.0625,875600,29.25,29.125,16.98807144165039
16-06-2000,29.03125,30.0,1594600,30.0,29.265625,17.070098876953125
19-06-2000,29.375,29.375,3848000,30.1875,29.6875,17.3161678314209
20-06-2000,27.125,29.875,1835800,29.875,27.78125,16.20429801940918
21-06-2000,27.3125,27.5625,1495200,27.75,27.625,16.113161087036133
22-06-2000,27.78125,28.0,1186600,28.375,28.125,16.40479278564453
23-06-2000,27.5,28.15625,1075200,28.4375,27.75,16.18606948852539
26-06-2000,27.09375,27.75,1361000,28.09375,27.40625,15.985566139221191
27-06-2000,27.28125,27.28125,1114000,28.6875,28.34375,16.532381057739258
28-06-2000,27.8125,28.375,1404200,29.125,28.9609375,17.000349044799805
29-06-2000,27.75,28.75,938400,28.75,27.96875,16.41792106628418
30-06-2000,27.53125,27.71875,1808200,28.5234375,28.5,16.729768753051758
03-07-2000,28.40625,28.5,570000,29.25,29.25,17.17003059387207
05-07-2000,28.53125,29.25,836200,29.46875,28.8125,16.9132080078125
06-07-2000,28.59375,28.875,947600,29.28125,28.96875,17.004932403564453
07-07-2000,28.53125,29.3125,1539400,29.5,28.71875,16.858177185058594
10-07-2000,27.78125,28.5,1657600,28.5625,27.9375,16.399580001831055
11-07-2000,27.875,28.0,1909000,29.21875,29.21875,17.15168571472168
12-07-2000,28.75,29.5,1103800,29.5625,29.21875,17.15168571472168
13-07-2000,28.78125,29.125,1021200,29.3125,29.28125,17.188379287719727
14-07-2000,29.21875,29.25,1058800,29.875,29.875,17.53690528869629
17-07-2000,28.53125,29.875,1125000,29.96875,28.65625,16.82149314880371
18-07-2000,27.75,28.65625,2474200,28.96875,27.84375,16.344547271728516
19-07-2000,27.5625,27.84375,1340400,28.15625,28.0,16.43626594543457
20-07-2000,27.5,28.125,1556800,28.5,27.78125,16.3078670501709
21-07-2000,27.5625,27.90625,1376000,28.1875,27.59375,16.197792053222656
24-07-2000,27.40625,27.71875,564000,27.96875,27.78125,16.3078670501709
25-07-2000,27.875,27.90625,964200,28.375,28.125,16.5096378326416
26-07-2000,28.09375,28.125,1790600,28.8125,28.21875,16.564672470092773
27-07-2000,28.125,28.5,1035200,28.875,28.65625,16.82149314880371
28-07-2000,28.0,28.65625,1415200,29.5,28.25,16.58301544189453
31-07-2000,28.1875,28.25,1300800,29.28125,28.5625,16.766454696655273
01-08-2000,28.34375,28.875,889600,28.875,28.6875,16.83983039855957
02-08-2000,28.1875,28.5625,1128200,28.59375,28.3125,16.619705200195312
03-08-2000,27.6875,28.5,955800,28.8125,27.875,16.362890243530273
04-08-2000,27.5625,27.90625,1140600,28.0,27.84375,16.344547271728516
07-08-2000,27.625,27.78125,1072000,28.15625,28.0625,16.472957611083984
08-08-2000,27.8125,27.8125,1767400,29.375,29.1875,17.133342742919922
09-08-2000,29.0625,29.25,848600,29.5,29.5,17.316787719726562
10-08-2000,29.1875,29.375,715600,29.59375,29.25,17.17003059387207
11-08-2000,29.1875,29.28125,743200,29.75,29.625,17.39015007019043
14-08-2000,28.875,29.71875,690000,29.71875,29.5,17.316787719726562
15-08-2000,29.09375,29.4375,881600,29.625,29.5625,17.353466033935547
16-08-2000,29.25,29.3125,754400,29.75,29.53125,17.335128784179688
17-08-2000,28.875,29.46875,1192600,29.71875,29.03125,17.0416202545166
18-08-2000,28.96875,28.96875,846600,29.46875,29.1875,17.133342742919922
21-08-2000,28.5625,29.1875,926000,29.4375,28.84375,16.93155288696289
22-08-2000,28.59375,28.78125,667800,28.90625,28.65625,16.82149314880371
23-08-2000,28.0625,28.59375,885600,28.6875,28.15625,16.52799415588379
24-08-2000,28.03125,28.28125,646200,28.4375,28.09375,16.491296768188477
25-08-2000,27.9375,28.09375,1381400,28.78125,28.71875,16.858177185058594
28-08-2000,28.0,28.625,953600,28.8125,28.1875,16.546335220336914
29-08-2000,28.0625,28.09375,1375000,28.59375,28.46875,16.71142578125
30-08-2000,28.15625,28.5,756200,28.5,28.25,16.58301544189453
31-08-2000,28.03125,28.125,639800,28.46875,28.0390625,16.459196090698242
01-09-2000,27.875,28.125,643800,28.21875,27.90625,16.381229400634766
05-09-2000,27.90625,27.90625,1009800,28.375,28.09375,16.491296768188477
06-09-2000,28.0625,28.125,1303000,28.53125,28.28125,16.601367950439453
07-09-2000,28.1875,28.75,1646200,28.96875,28.21875,16.564672470092773
08-09-2000,27.53125,28.21875,1395000,28.4375,27.59375,16.197792053222656
11-09-2000,27.5625,27.65625,1021200,28.1875,27.5625,16.179445266723633
12-09-2000,27.34375,27.5625,2733800,28.75,28.5625,16.766454696655273
13-09-2000,28.5,28.5,2170000,28.96875,28.59375,16.78480339050293
14-09-2000,28.71875,28.9375,1506600,29.125,28.75,16.876529693603516
15-09-2000,27.75,28.78125,1978400,28.84375,27.8125,16.32619857788086
18-09-2000,25.5,27.75,4503400,27.75,26.0,15.262251853942871
19-09-2000,25.90625,26.0,2885800,26.6875,26.1875,15.372308731079102
20-09-2000,26.1875,26.1875,1894800,26.6875,26.625,15.629131317138672
21-09-2000,26.09375,26.65625,1607200,26.75,26.5,15.555755615234375
22-09-2000,26.53125,26.625,2294600,27.0,26.875,15.775876998901367
25-09-2000,26.4375,26.875,1206800,27.0,26.71875,15.684161186218262
26-09-2000,26.03125,26.8125,1870400,27.03125,26.8125,15.739192008972168
27-09-2000,26.53125,26.59375,1332400,26.9375,26.78125,15.838996887207031
28-09-2000,26.75,26.8125,2129800,28.34375,28.0,16.559785842895508
29-09-2000,27.53125,28.125,974600,28.1875,27.9375,16.5228271484375
02-10-2000,27.3125,27.875,1455600,27.90625,27.5625,16.30105209350586
03-10-2000,27.5625,27.5625,1615800,29.15625,28.6875,16.96638298034668
04-10-2000,28.6875,28.75,1770600,29.53125,29.5,17.44692039489746
05-10-2000,29.5,29.5,3267000,30.0625,29.65625,17.53932762145996
06-10-2000,29.75,29.75,2146400,30.28125,30.0625,17.779598236083984
09-10-2000,30.0,30.0625,1225800,30.65625,30.3125,17.92745018005371
10-10-2000,30.21875,30.3125,2049000,30.875,30.25,17.890487670898438
11-10-2000,29.75,30.25,1554400,30.84375,29.84375,17.65022087097168
12-10-2000,28.5625,29.8125,3137000,29.8125,29.0,17.15121078491211
13-10-2000,28.5625,29.03125,1216200,29.21875,29.21875,17.28058433532715
16-10-2000,28.96875,29.09375,1216400,29.59375,29.40625,17.3914737701416
17-10-2000,28.4375,29.34375,2009800,29.5,28.8125,17.040319442749023
18-10-2000,27.65625,28.375,2404600,28.90625,28.84375,17.058805465698242
19-10-2000,27.625,28.6875,4289600,28.6875,27.71875,16.393447875976562
20-10-2000,26.84375,27.5,2645600,27.78125,27.0,15.96837043762207
23-10-2000,26.25,27.0,3290000,27.1875,26.4375,15.63569450378418
24-10-2000,26.0625,26.46875,3787800,26.6875,26.6875,15.78354549407959
25-10-2000,25.71875,26.5,2067600,26.53125,25.875,15.303011894226074
26-10-2000,25.21875,25.9375,3598800,26.0,25.84375,15.284530639648438
27-10-2000,24.75,25.65625,5096800,25.65625,25.53125,15.099716186523438
30-10-2000,25.5,25.5,4837400,27.375,26.875,15.89444351196289
31-10-2000,26.78125,27.0625,3097200,27.90625,27.78125,16.430421829223633
01-11-2000,27.5,27.75,3218000,28.5,28.1875,16.670677185058594
02-11-2000,27.46875,28.09375,1755400,28.5,27.625,16.338003158569336
03-11-2000,26.90625,27.71875,2216000,28.25,27.46875,16.245607376098633
06-11-2000,27.71875,27.875,2295200,28.5,28.3125,16.744611740112305
07-11-2000,28.125,28.3125,2151800,28.9375,28.75,17.00335693359375
08-11-2000,28.65625,28.875,1333400,29.375,29.125,17.22513771057129
09-11-2000,28.6875,29.0,1913400,29.46875,29.21875,17.28058433532715
10-11-2000,29.03125,29.15625,2041400,29.625,29.28125,17.31754493713379
13-11-2000,28.8125,29.0,2201200,29.4375,29.0,17.15121078491211
14-11-2000,28.0625,29.09375,1789600,29.1875,28.6875,16.96638298034668
15-11-2000,28.59375,28.8125,1898000,29.0,28.96875,17.132726669311523
16-11-2000,28.25,28.90625,847600,29.0,28.65625,16.94791603088379
17-11-2000,27.75,28.875,2400200,29.3125,27.8125,16.448898315429688
20-11-2000,27.5,27.9375,1820000,28.5625,28.0625,16.596752166748047
21-11-2000,27.40625,27.40625,2811800,28.3125,28.125,16.63371467590332
22-11-2000,27.1875,28.1875,1117000,28.1875,27.4375,16.227113723754883
24-11-2000,27.4375,27.8125,387400,28.21875,27.9375,16.5228271484375
27-11-2000,27.375,27.875,2286600,28.03125,27.40625,16.20863151550293
28-11-2000,27.34375,27.40625,1554800,27.96875,27.71875,16.393447875976562
29-11-2000,27.6875,27.71875,2101200,28.625,28.375,16.781574249267578
30-11-2000,27.9375,28.0,2519400,28.5625,28.15625,16.65219497680664
01-12-2000,27.875,27.9375,1589000,28.28125,28.03125,16.578269958496094
04-12-2000,28.0,28.15625,2015600,29.5,29.25,17.299062728881836
05-12-2000,29.375,29.375,2342400,30.28125,30.125,17.81655502319336
06-12-2000,29.5625,30.0,2052800,30.6875,30.0,17.74262809753418
07-12-2000,29.5,29.5,1420600,30.0,29.5625,17.483884811401367
08-12-2000,29.25,30.1875,1285800,30.1875,29.59375,17.50236701965332
11-12-2000,29.5,29.53125,1595600,30.59375,30.3125,17.92745018005371
12-12-2000,30.0,30.0,1655200,30.71875,30.375,17.964412689208984
13-12-2000,29.03125,29.625,3400600,30.375,29.4375,17.409950256347656
14-12-2000,27.28125,28.8125,3120800,29.0,27.96875,16.541311264038086
15-12-2000,27.125,27.84375,2816400,28.75,28.28125,16.726125717163086
18-12-2000,27.90625,28.375,2251400,28.75,28.75,17.00335693359375
19-12-2000,28.09375,28.625,1927400,28.90625,28.25,16.7076358795166
20-12-2000,27.40625,27.625,1804000,28.40625,27.78125,16.430421829223633
21-12-2000,27.625,28.53125,2108200,29.15625,28.9375,17.114248275756836
22-12-2000,28.34375,29.0625,1774800,29.6875,28.96875,17.132726669311523
26-12-2000,28.25,28.84375,1202800,29.15625,29.0,17.15121078491211
27-12-2000,28.3125,28.9375,1021000,29.90625,29.8125,17.75417709350586
28-12-2000,28.8125,29.5625,1308400,29.9375,29.71875,17.698348999023438
29-12-2000,29.75,29.84375,1508800,30.59375,29.78125,17.735572814941406
02-01-2001,29.15625,29.8125,1526600,29.9375,29.53125,17.586694717407227
03-01-2001,29.0625,29.5,1271800,30.5625,30.3125,18.05194664001465
04-01-2001,29.96875,30.0,2350800,31.9375,31.5,18.759136199951172
05-01-2001,30.71875,31.625,2599200,31.6875,31.625,18.833576202392578
08-01-2001,31.15625,31.5,3041000,31.96875,31.5625,18.79635238647461
09-01-2001,30.9375,31.4375,2846400,31.96875,31.09375,18.517208099365234
10-01-2001,29.8125,30.65625,1697200,30.84375,30.8125,18.349708557128906
11-01-2001,30.125,30.9375,1554000,31.03125,30.46875,18.144996643066406
12-01-2001,29.78125,30.34375,2737000,30.46875,30.125,17.940277099609375
16-01-2001,30.0,30.25,3236000,31.25,31.25,18.610254287719727
17-01-2001,30.8125,31.5,1878600,31.9375,31.65625,18.852184295654297
18-01-2001,30.75,31.53125,2288600,31.53125,30.96875,18.442760467529297
19-01-2001,30.46875,31.03125,1747000,31.125,30.9375,18.424152374267578
22-01-2001,30.25,30.6875,1897200,31.34375,31.0625,18.498584747314453
23-01-2001,31.25,31.4375,1841000,31.96875,31.8125,18.945240020751953
24-01-2001,30.8125,31.84375,1110400,31.84375,31.375,18.6846981048584
25-01-2001,31.28125,31.5,1724200,32.34375,32.15625,19.149951934814453
26-01-2001,31.65625,32.15625,1598200,32.5,32.375,19.280223846435547
29-01-2001,31.75,32.375,1159600,32.494998931884766,32.279998779296875,19.22364616394043
30-01-2001,30.399999618530273,30.399999618530273,3288000,32.494998931884766,32.40999984741211,19.301057815551758
31-01-2001,31.985000610351562,32.415000915527344,3259400,33.07500076293945,32.75,19.50355339050293
01-02-2001,32.39500045776367,32.755001068115234,2660800,33.5099983215332,33.5,19.9501895904541
02-02-2001,32.099998474121094,33.400001525878906,1846000,33.54999923706055,32.47999954223633,19.34275245666504
05-02-2001,32.275001525878906,32.375,2332400,32.71500015258789,32.59000015258789,19.408262252807617
06-02-2001,32.0,32.5,1962000,32.5,32.345001220703125,19.262359619140625
07-02-2001,31.875,32.345001220703125,1276400,32.56999969482422,32.30500030517578,19.238534927368164
08-02-2001,32.20000076293945,32.30500030517578,1065200,32.5,32.369998931884766,19.277244567871094
09-02-2001,31.8799991607666,32.369998931884766,1411400,32.369998931884766,31.920000076293945,19.009258270263672
12-02-2001,31.700000762939453,31.799999237060547,2029000,32.67499923706055,32.42499923706055,19.31000328063965
13-02-2001,32.154998779296875,32.474998474121094,1266000,32.970001220703125,32.63999938964844,19.43804168701172
14-02-2001,32.130001068115234,32.689998626708984,1631600,32.689998626708984,32.130001068115234,19.134309768676758
15-02-2001,32.224998474121094,32.400001525878906,2094200,32.900001525878906,32.68000030517578,19.461864471435547
16-02-2001,31.7549991607666,32.72999954223633,1975400,32.72999954223633,31.959999084472656,19.0330810546875
20-02-2001,31.68000030517578,31.899999618530273,2010000,32.060001373291016,31.905000686645508,19.000328063964844
21-02-2001,31.3799991607666,31.799999237060547,1183200,31.924999237060547,31.514999389648438,18.768062591552734
22-02-2001,30.899999618530273,31.75,1487000,31.940000534057617,31.43000030517578,18.717445373535156
23-02-2001,30.809999465942383,31.43000030517578,1267400,31.43000030517578,31.165000915527344,18.55962562561035
26-02-2001,30.799999237060547,31.049999237060547,2145400,31.200000762939453,31.114999771118164,18.529855728149414
27-02-2001,30.174999237060547,31.049999237060547,3387800,31.174999237060547,30.450000762939453,18.133825302124023
28-02-2001,29.989999771118164,30.524999618530273,2136200,30.739999771118164,30.274999618530273,18.029619216918945
01-03-2001,29.934999465942383,30.274999618530273,2192000,30.549999237060547,30.2450008392334,18.011751174926758
02-03-2001,30.649999618530273,30.75,1738600,31.399999618530273,30.815000534057617,18.3511962890625
05-03-2001,30.75,30.924999237060547,2477400,32.595001220703125,32.39500045776367,19.292133331298828
06-03-2001,32.57500076293945,33.20000076293945,2457800,33.619998931884766,32.744998931884766,19.50057029724121
07-03-2001,32.91999816894531,33.17499923706055,2103600,33.46500015258789,33.224998474121094,19.78641700744629
08-03-2001,33.0099983215332,33.224998474121094,1647200,33.834999084472656,33.7400016784668,20.093120574951172
09-03-2001,32.150001525878906,33.70000076293945,2020600,33.75,32.29499816894531,19.23257827758789
12-03-2001,31.6299991607666,32.39500045776367,2210800,32.494998931884766,31.75,18.908018112182617
13-03-2001,30.7549991607666,31.875,2777000,31.975000381469727,31.200000762939453,18.580482482910156
14-03-2001,30.375,31.200000762939453,1854800,31.25,31.024999618530273,18.476261138916016
15-03-2001,30.78499984741211,31.024999618530273,1702800,31.5,31.049999237060547,18.49115753173828
16-03-2001,29.149999618530273,30.924999237060547,2927000,31.0,29.899999618530273,17.806289672851562
19-03-2001,28.625,28.899999618530273,4913800,29.674999237060547,29.645000457763672,17.654428482055664
20-03-2001,28.899999618530273,29.524999618530273,2766200,29.84000015258789,29.1299991607666,17.347742080688477
21-03-2001,28.149999618530273,29.1299991607666,2408200,29.200000762939453,28.360000610351562,16.889175415039062
22-03-2001,27.7549991607666,28.395000457763672,3000800,28.94499969482422,28.850000381469727,17.180986404418945
23-03-2001,27.799999237060547,28.610000610351562,2108000,29.010000228881836,28.739999771118164,17.1154727935791
26-03-2001,28.549999237060547,28.7450008392334,1755200,29.469999313354492,29.3799991607666,17.496610641479492
27-03-2001,28.899999618530273,29.350000381469727,2649600,30.0,29.329999923706055,17.466840744018555
28-03-2001,28.450000762939453,29.125,1346200,29.25,28.895000457763672,17.325916290283203
29-03-2001,28.1200008392334,28.549999237060547,2162400,28.639999389648438,28.3700008392334,17.01112937927246
30-03-2001,27.309999465942383,28.350000381469727,3539800,28.4950008392334,28.420000076293945,17.041114807128906
02-04-2001,28.100000381469727,28.5,1685200,29.28499984741211,28.31999969482422,16.981151580810547
03-04-2001,27.25,28.200000762939453,2848400,28.225000381469727,27.55500030517578,16.522436141967773
04-04-2001,27.75,28.049999237060547,1908000,28.389999389648438,28.200000762939453,16.909191131591797
05-04-2001,28.299999237060547,28.5,2634800,30.049999237060547,29.875,17.913557052612305
06-04-2001,28.655000686645508,29.5,2972800,30.0,29.469999313354492,17.67071533203125
09-04-2001,29.424999237060547,29.649999618530273,1831400,30.100000381469727,29.799999237060547,17.868581771850586
10-04-2001,29.770000457763672,29.850000381469727,2629400,30.360000610351562,30.149999618530273,18.07845115661621
11-04-2001,29.024999618530273,30.225000381469727,2241600,30.299999237060547,29.614999771118164,17.757658004760742
12-04-2001,29.375,29.649999618530273,2088000,30.200000762939453,30.100000381469727,18.048465728759766
16-04-2001,29.905000686645508,30.399999618530273,913200,30.424999237060547,30.360000610351562,18.204368591308594
17-04-2001,30.0,30.309999465942383,1347800,30.725000381469727,30.545000076293945,18.31529998779297
18-04-2001,30.299999237060547,30.424999237060547,3444000,32.560001373291016,31.795000076293945,19.064821243286133
19-04-2001,30.75,31.875,3062600,31.924999237060547,31.43000030517578,18.845956802368164
20-04-2001,30.8799991607666,31.309999465942383,1273200,31.520000457763672,31.094999313354492,18.64508628845215
23-04-2001,30.799999237060547,31.0,976200,31.190000534057617,30.979999542236328,18.576133728027344
24-04-2001,30.635000228881836,30.850000381469727,1271400,31.010000228881836,30.68000030517578,18.396240234375
25-04-2001,30.1299991607666,30.364999771118164,1054400,31.125,30.96500015258789,18.567136764526367
26-04-2001,30.700000762939453,30.850000381469727,1517200,31.850000381469727,31.510000228881836,18.893924713134766
27-04-2001,31.100000381469727,31.149999618530273,1215800,32.119998931884766,31.924999237060547,19.142765045166016
30-04-2001,31.565000534057617,31.950000762939453,908600,32.16999816894531,31.690000534057617,19.001859664916992
01-05-2001,31.329999923706055,31.815000534057617,674800,31.875,31.75,19.03783416748047
02-05-2001,31.149999618530273,31.875,893400,31.875,31.565000534057617,18.926904678344727
03-05-2001,30.889999389648438,31.5,1104600,31.625,31.475000381469727,18.872936248779297
04-05-2001,30.940000534057617,31.299999237060547,1096600,32.08000183105469,32.04999923706055,19.21772575378418
07-05-2001,31.5049991607666,32.0,1075400,32.189998626708984,32.0099983215332,19.19373893737793
08-05-2001,31.799999237060547,32.0099983215332,1561600,32.36000061035156,32.154998779296875,19.280677795410156
09-05-2001,31.899999618530273,32.07500076293945,1541800,32.20000076293945,32.125,19.2626895904541
10-05-2001,32.25,32.349998474121094,2098200,32.79999923706055,32.60499954223633,19.55050277709961
11-05-2001,32.29999923706055,33.0,1993000,33.0,32.59000015258789,19.541505813598633
14-05-2001,32.400001525878906,32.57500076293945,1569800,33.01499938964844,32.935001373291016,19.748388290405273
15-05-2001,32.650001525878906,32.70000076293945,1961600,33.439998626708984,33.30500030517578,19.970243453979492
16-05-2001,33.01499938964844,33.32500076293945,2841800,34.775001525878906,34.755001068115234,20.839679718017578
17-05-2001,34.85499954223633,34.92499923706055,3299800,35.994998931884766,35.599998474121094,21.346357345581055
18-05-2001,34.744998931884766,35.474998474121094,2180600,35.474998474121094,35.040000915527344,21.010576248168945
21-05-2001,34.54999923706055,35.165000915527344,1577600,35.22999954223633,35.025001525878906,21.001575469970703
22-05-2001,34.755001068115234,35.150001525878906,1434400,35.42499923706055,35.1150016784668,21.0555477142334
23-05-2001,34.41999816894531,35.150001525878906,1807800,35.150001525878906,34.77000045776367,20.848674774169922
24-05-2001,34.3849983215332,34.76499938964844,1280600,35.0,34.970001220703125,20.968605041503906
25-05-2001,33.92499923706055,34.75,2030200,34.75,34.5,20.6867733001709
29-05-2001,34.150001525878906,34.619998931884766,1699400,34.625,34.400001525878906,20.62681770324707
30-05-2001,33.95000076293945,34.29999923706055,1120200,34.599998474121094,34.060001373291016,20.422950744628906
31-05-2001,34.10499954223633,34.20000076293945,1142800,34.44499969482422,34.22999954223633,20.524885177612305
01-06-2001,33.95000076293945,34.10499954223633,820200,34.380001068115234,34.224998474121094,20.521886825561523
04-06-2001,34.1150016784668,34.45000076293945,763200,34.599998474121094,34.435001373291016,20.647804260253906
05-06-2001,34.0,34.400001525878906,1343400,34.994998931884766,34.97999954223633,20.974599838256836
06-06-2001,34.0,34.70000076293945,1738200,34.974998474121094,34.244998931884766,20.533885955810547
07-06-2001,33.8849983215332,34.29999923706055,1353200,34.5,34.400001525878906,20.62681770324707
08-06-2001,33.80500030517578,34.29999923706055,1154200,34.400001525878906,33.9900016784668,20.3809757232666
11-06-2001,33.130001068115234,33.900001525878906,1149400,33.904998779296875,33.57500076293945,20.13213539123535
12-06-2001,32.79999923706055,33.58000183105469,1258800,33.584999084472656,33.255001068115234,19.940256118774414
13-06-2001,32.81999969482422,32.900001525878906,1330800,33.38999938964844,33.20500183105469,19.9102783203125
14-06-2001,32.54999923706055,32.79999923706055,1681000,32.974998474121094,32.779998779296875,19.655437469482422
15-06-2001,33.18000030517578,33.599998474121094,3168200,33.70000076293945,33.560001373291016,20.123138427734375
18-06-2001,33.125,33.5,1710400,33.599998474121094,33.17499923706055,19.89228630065918
19-06-2001,32.57500076293945,33.275001525878906,1142200,33.400001525878906,32.67499923706055,19.592479705810547
20-06-2001,32.400001525878906,32.45000076293945,1977200,33.0,32.9900016784668,19.781356811523438
21-06-2001,32.8849983215332,32.9900016784668,1401400,33.375,33.209999084472656,19.91327667236328
22-06-2001,32.790000915527344,33.275001525878906,1148400,33.7400016784668,32.92499923706055,19.742382049560547
25-06-2001,32.28499984741211,33.04999923706055,865400,33.20000076293945,32.65999984741211,19.58348274230957
26-06-2001,31.905000686645508,32.375,2138000,32.744998931884766,32.69499969482422,19.604473114013672
27-06-2001,31.75,32.25,2383200,32.66999816894531,31.969999313354492,19.287738800048828
28-06-2001,31.80500030517578,31.899999618530273,2153400,32.380001068115234,32.16999816894531,19.408395767211914
29-06-2001,31.600000381469727,32.29499816894531,2437600,32.29499816894531,31.649999618530273,19.094680786132812
02-07-2001,31.540000915527344,31.774999618530273,2150600,32.95000076293945,32.54999923706055,19.637653350830078
03-07-2001,32.314998626708984,32.54999923706055,942400,33.029998779296875,32.95000076293945,19.87897491455078
05-07-2001,32.709999084472656,33.150001525878906,1574000,33.42499923706055,33.095001220703125,19.96645736694336
06-07-2001,31.850000381469727,32.974998474121094,1201200,32.974998474121094,32.20000076293945,19.42650604248047
09-07-2001,31.93000030517578,31.950000762939453,816200,32.73500061035156,32.599998474121094,19.66781997680664
10-07-2001,32.20000076293945,32.599998474121094,805800,32.625,32.275001525878906,19.47174644470215
11-07-2001,31.0,32.150001525878906,3419000,32.20000076293945,31.325000762939453,18.89860725402832
12-07-2001,31.325000762939453,31.325000762939453,1716800,32.5,32.404998779296875,19.550182342529297
13-07-2001,32.11000061035156,32.5,1044200,32.82500076293945,32.75,19.758319854736328
16-07-2001,32.1150016784668,32.875,1152400,33.05500030517578,32.18000030517578,19.4144287109375
17-07-2001,32.130001068115234,32.20000076293945,1309800,32.95000076293945,32.630001068115234,19.685922622680664
18-07-2001,32.5,32.57500076293945,1946000,33.29999923706055,33.27000045776367,20.07202911376953
19-07-2001,32.224998474121094,33.20000076293945,2277600,33.20500183105469,32.369998931884766,19.5290584564209
20-07-2001,31.6299991607666,32.125,1790200,32.25,32.19499969482422,19.42347526550293
23-07-2001,31.5049991607666,32.189998626708984,805200,32.20000076293945,31.75,19.15500831604004
24-07-2001,30.760000228881836,31.625,1830600,31.75,31.0049991607666,18.705549240112305
25-07-2001,31.075000762939453,31.125,911000,31.600000381469727,31.5,19.004180908203125
26-07-2001,31.0,31.375,910200,31.7450008392334,31.614999771118164,19.073566436767578
27-07-2001,31.354999542236328,31.895000457763672,1055200,32.064998626708984,31.5,19.004180908203125
30-07-2001,30.5,31.700000762939453,1757400,31.75,31.190000534057617,18.81715965270996
31-07-2001,31.25,31.299999237060547,1730200,32.45000076293945,31.5,19.004180908203125
01-08-2001,31.155000686645508,31.600000381469727,743000,31.649999618530273,31.3700008392334,18.92575454711914
02-08-2001,31.274999618530273,31.549999237060547,747200,31.649999618530273,31.5,19.004180908203125
03-08-2001,31.075000762939453,31.700000762939453,927200,31.81999969482422,31.524999618530273,19.019268035888672
06-08-2001,30.825000762939453,31.649999618530273,1018200,31.700000762939453,30.864999771118164,18.62108612060547
07-08-2001,30.645000457763672,30.924999237060547,1647200,31.399999618530273,31.024999618530273,18.717609405517578
08-08-2001,30.31999969482422,30.799999237060547,1558800,30.985000610351562,30.440000534057617,18.364681243896484
09-08-2001,30.225000381469727,30.25,1635800,30.690000534057617,30.520000457763672,18.412944793701172
10-08-2001,30.575000762939453,30.575000762939453,1247400,31.610000610351562,31.450000762939453,18.974016189575195
13-08-2001,31.049999237060547,31.350000381469727,914800,31.375,31.125,18.777936935424805
14-08-2001,30.954999923706055,31.125,913400,31.350000381469727,31.2450008392334,18.850330352783203
15-08-2001,31.375,31.625,1044600,31.7450008392334,31.399999618530273,18.9438533782959
16-08-2001,31.25,31.424999237060547,1553600,31.899999618530273,31.704999923706055,19.127857208251953
17-08-2001,31.350000381469727,31.549999237060547,1289800,31.75,31.434999465942383,18.964969635009766
20-08-2001,31.364999771118164,31.674999237060547,1018200,31.674999237060547,31.655000686645508,19.097694396972656
21-08-2001,31.514999389648438,31.655000686645508,1198800,32.25,31.56999969482422,19.04641342163086
22-08-2001,31.299999237060547,31.69499969482422,745600,32.064998626708984,31.81999969482422,19.19724464416504
23-08-2001,31.5,31.75,685800,31.915000915527344,31.565000534057617,19.04338836669922
24-08-2001,31.350000381469727,31.450000762939453,743600,32.244998931884766,32.06999969482422,19.34807586669922
27-08-2001,32.0,32.0,550200,32.349998474121094,32.04999923706055,19.33600616455078
28-08-2001,31.4950008392334,32.04999923706055,1401600,32.18000030517578,31.774999618530273,19.170103073120117
29-08-2001,31.149999618530273,32.0,1987200,32.060001373291016,31.200000762939453,18.82318878173828
30-08-2001,30.415000915527344,31.325000762939453,1915000,31.325000762939453,30.719999313354492,18.533592224121094
31-08-2001,30.489999771118164,30.844999313354492,1532800,31.625,31.2549991607666,18.856374740600586
04-09-2001,30.774999618530273,31.049999237060547,1865000,31.75,30.975000381469727,18.68743896484375
05-09-2001,30.3799991607666,30.850000381469727,1540400,31.239999771118164,31.184999465942383,18.81414031982422
06-09-2001,30.604999542236328,30.799999237060547,1352200,31.174999237060547,30.760000228881836,18.55773162841797
07-09-2001,29.950000762939453,30.700000762939453,3196000,30.75,29.954999923706055,18.07206916809082
10-09-2001,29.530000686645508,29.649999618530273,3490600,30.149999618530273,30.100000381469727,18.159555435180664
17-09-2001,26.850000381469727,28.350000381469727,6017400,28.354999542236328,27.5,16.590957641601562
18-09-2001,27.0,27.5,3014200,27.8700008392334,27.350000381469727,16.500459671020508
19-09-2001,26.084999084472656,27.600000381469727,2958600,27.889999389648438,27.0,16.289295196533203
20-09-2001,25.80500030517578,26.649999618530273,3558400,26.75,26.149999618530273,15.776484489440918
21-09-2001,24.575000762939453,25.0,4279400,25.850000381469727,24.575000762939453,14.826279640197754
24-09-2001,25.104999542236328,25.149999618530273,3876400,27.350000381469727,27.170000076293945,16.391864776611328
25-09-2001,25.924999237060547,26.75,2937200,26.950000762939453,26.510000228881836,15.993675231933594
26-09-2001,24.899999618530273,26.5,4474800,26.850000381469727,25.350000381469727,15.421829223632812
27-09-2001,24.725000381469727,25.295000076293945,2857000,25.4950008392334,25.475000381469727,15.497870445251465
28-09-2001,25.760000228881836,26.0,2819800,27.110000610351562,27.05500030517578,16.459070205688477
01-10-2001,26.375,27.0,2189800,27.0049991607666,26.875,16.349563598632812
02-10-2001,26.579999923706055,27.0,1833400,27.30500030517578,26.75,16.27352523803711
03-10-2001,26.375,26.375,2313600,27.450000762939453,27.155000686645508,16.51991081237793
04-10-2001,26.940000534057617,27.280000686645508,3208800,27.5,27.075000762939453,16.471240997314453
05-10-2001,26.7549991607666,27.575000762939453,3303800,27.790000915527344,27.25,16.57769775390625
08-10-2001,26.934999465942383,27.299999237060547,1721400,27.385000228881836,27.125,16.50166130065918
09-10-2001,26.760000228881836,27.125,2267400,27.475000381469727,26.9950008392334,16.422576904296875
10-10-2001,26.875,27.149999618530273,3936200,28.06999969482422,28.0,17.033964157104492
11-10-2001,28.075000762939453,28.125,3966600,30.0,29.260000228881836,17.80049705505371
12-10-2001,28.59000015258789,29.260000228881836,2431600,29.424999237060547,29.395000457763672,17.882627487182617
15-10-2001,29.0,29.270000457763672,1496000,29.725000381469727,29.56999969482422,17.989086151123047
16-10-2001,29.549999237060547,29.700000762939453,1916600,30.200000762939453,29.875,18.17464256286621
17-10-2001,28.78499984741211,29.75,2927600,29.899999618530273,29.010000228881836,17.648406982421875
18-10-2001,28.4950008392334,28.885000228881836,1986200,29.325000762939453,28.5,17.338146209716797
19-10-2001,27.799999237060547,28.5,2447600,28.549999237060547,28.274999618530273,17.201265335083008
22-10-2001,28.299999237060547,28.469999313354492,1592400,29.44499969482422,29.315000534057617,17.83395767211914
23-10-2001,29.299999237060547,29.5,2836000,30.024999618530273,29.674999237060547,18.052967071533203
24-10-2001,29.299999237060547,29.450000762939453,1395200,30.190000534057617,29.674999237060547,18.052967071533203
25-10-2001,29.075000762939453,29.450000762939453,1061200,29.94499969482422,29.8799991607666,18.17768096923828
26-10-2001,29.549999237060547,29.625,1309800,30.790000915527344,30.520000457763672,18.567028045654297
29-10-2001,29.219999313354492,30.350000381469727,1107600,30.399999618530273,29.510000228881836,17.952585220336914
30-10-2001,28.635000228881836,29.299999237060547,1016400,29.299999237060547,28.704999923706055,17.462860107421875
31-10-2001,28.600000381469727,29.0,1332400,29.149999618530273,28.600000381469727,17.39898109436035
01-11-2001,28.274999618530273,28.450000762939453,1068000,29.450000762939453,28.899999618530273,17.58148956298828
02-11-2001,28.78499984741211,29.0,1481000,29.7450008392334,29.0,17.64232063293457
05-11-2001,29.674999237060547,29.850000381469727,1233000,30.299999237060547,30.084999084472656,18.30238914489746
06-11-2001,29.8799991607666,30.200000762939453,1248200,30.7450008392334,30.684999465942383,18.667404174804688
07-11-2001,30.350000381469727,30.375,969600,31.0,30.459999084472656,18.530521392822266
08-11-2001,30.2450008392334,30.649999618530273,1730600,31.450000762939453,30.360000610351562,18.469680786132812
09-11-2001,30.225000381469727,30.475000381469727,867800,30.719999313354492,30.4950008392334,18.551815032958984
12-11-2001,29.850000381469727,30.375,802200,30.475000381469727,30.139999389648438,18.33584976196289
13-11-2001,30.325000762939453,30.399999618530273,3121000,31.700000762939453,31.549999237060547,19.193626403808594
14-11-2001,31.875,32.0,2545400,32.474998474121094,32.19499969482422,19.586017608642578
15-11-2001,31.844999313354492,32.19499969482422,2629800,32.494998931884766,32.0,19.467391967773438
16-11-2001,31.145000457763672,31.5,2532600,31.885000228881836,31.600000381469727,19.22405242919922
19-11-2001,31.065000534057617,32.150001525878906,2756600,32.20000076293945,31.649999618530273,19.254467010498047
20-11-2001,31.014999389648438,31.524999618530273,1667800,31.875,31.375,19.087167739868164
21-11-2001,30.530000686645508,31.25,1564600,31.290000915527344,30.93000030517578,18.816457748413086
23-11-2001,31.020000457763672,31.05500030517578,613600,31.25,31.145000457763672,18.947248458862305
26-11-2001,30.399999618530273,31.200000762939453,2552400,31.225000381469727,31.125,18.93507957458496
27-11-2001,30.649999618530273,31.225000381469727,1229600,31.239999771118164,30.924999237060547,18.81340789794922
28-11-2001,30.424999237060547,30.799999237060547,1805200,30.850000381469727,30.53499984741211,18.576148986816406
29-11-2001,30.325000762939453,30.75,1449000,30.78499984741211,30.475000381469727,18.539649963378906
30-11-2001,30.405000686645508,30.71500015258789,2107800,31.2450008392334,30.674999237060547,18.661317825317383
03-12-2001,30.260000228881836,30.75,2138200,30.75,30.56999969482422,18.597436904907227
04-12-2001,30.5,30.55500030517578,2254200,31.364999771118164,31.360000610351562,19.078041076660156
05-12-2001,31.375,31.375,2441200,32.4900016784668,32.380001068115234,19.698566436767578
06-12-2001,31.799999237060547,32.275001525878906,1780200,32.459999084472656,32.025001525878906,19.482608795166016
07-12-2001,31.815000534057617,32.75,2208200,32.75,31.989999771118164,19.4613037109375
10-12-2001,31.3799991607666,31.989999771118164,1376800,32.0,31.434999465942383,19.123668670654297
11-12-2001,31.389999389648438,31.485000610351562,2551200,32.494998931884766,32.11000061035156,19.5343017578125
12-12-2001,31.844999313354492,32.099998474121094,2434400,32.165000915527344,32.165000915527344,19.567773818969727
13-12-2001,31.549999237060547,32.0,1357000,32.04999923706055,31.709999084472656,19.290956497192383
14-12-2001,30.924999237060547,31.149999618530273,3505000,31.325000762939453,31.2549991607666,19.014162063598633
17-12-2001,31.399999618530273,31.850000381469727,2045200,32.45000076293945,32.125,19.54344367980957
18-12-2001,31.850000381469727,32.025001525878906,2434800,33.459999084472656,32.900001525878906,20.01491355895996
19-12-2001,32.529998779296875,32.79999923706055,2479200,33.79999923706055,33.494998931884766,20.37688446044922
20-12-2001,33.39500045776367,33.79999923706055,4221200,34.0,33.875,20.608057022094727
21-12-2001,33.76499938964844,33.900001525878906,2994600,34.09000015258789,33.775001525878906,20.547225952148438
24-12-2001,33.7400016784668,33.75,646600,34.39500045776367,33.96500015258789,20.662805557250977
26-12-2001,33.77000045776367,33.849998474121094,1859000,34.599998474121094,34.375,20.912242889404297
27-12-2001,34.095001220703125,34.27000045776367,1668800,34.70000076293945,34.20500183105469,20.942852020263672
28-12-2001,33.900001525878906,34.224998474121094,1214400,34.369998931884766,34.119998931884766,20.890804290771484
31-12-2001,33.85499954223633,34.119998931884766,1463000,34.5,33.86000061035156,20.73161506652832
02-01-2002,33.42499923706055,33.86000061035156,1824200,33.92499923706055,33.869998931884766,20.737730026245117
03-01-2002,33.599998474121094,33.650001525878906,1292400,34.25,33.994998931884766,20.814268112182617
04-01-2002,34.06999969482422,34.06999969482422,2374000,34.91999816894531,34.599998474121094,21.18468475341797
07-01-2002,34.220001220703125,34.650001525878906,1504800,34.790000915527344,34.220001220703125,20.952043533325195
08-01-2002,33.775001525878906,34.20000076293945,1978400,34.23500061035156,33.900001525878906,20.756101608276367
09-01-2002,33.78499984741211,34.099998474121094,1872400,34.6150016784668,33.845001220703125,20.722436904907227
10-01-2002,33.2599983215332,34.01499938964844,2051600,34.125,33.494998931884766,20.508134841918945
11-01-2002,33.275001525878906,33.619998931884766,1629400,33.95000076293945,33.45500183105469,20.483646392822266
14-01-2002,32.81999969482422,33.275001525878906,1664400,33.525001525878906,32.849998474121094,20.113218307495117
15-01-2002,32.08000183105469,32.845001220703125,2960400,33.02000045776367,32.4900016784668,19.892797470092773
16-01-2002,31.78499984741211,32.52000045776367,1787800,32.599998474121094,31.895000457763672,19.528491973876953
17-01-2002,31.760000228881836,31.809999465942383,1221000,32.4900016784668,32.43000030517578,19.856060028076172
18-01-2002,32.189998626708984,32.43000030517578,1338800,32.7400016784668,32.685001373291016,20.012195587158203
22-01-2002,32.380001068115234,32.73500061035156,1482800,32.83000183105469,32.46500015258789,19.877498626708984
23-01-2002,32.29499816894531,32.46500015258789,1482600,32.96500015258789,32.73500061035156,20.04280662536621
24-01-2002,32.849998474121094,33.0,2006600,33.599998474121094,33.29499816894531,20.385684967041016
25-01-2002,33.400001525878906,33.5,2817000,34.525001525878906,34.275001525878906,20.985708236694336
28-01-2002,34.279998779296875,34.54999923706055,1379400,34.720001220703125,34.69499969482422,21.242862701416016
29-01-2002,34.005001068115234,34.150001525878906,4203400,34.82500076293945,34.349998474121094,21.031627655029297
30-01-2002,34.20500183105469,34.70000076293945,4056800,35.0,34.994998931884766,21.42654800415039
31-01-2002,35.0,35.0,4303600,35.79999923706055,35.689998626708984,21.85208511352539
01-02-2002,34.70000076293945,35.45000076293945,3514600,35.994998931884766,34.79999923706055,21.307153701782227
04-02-2002,33.900001525878906,34.70000076293945,2440800,35.20000076293945,33.994998931884766,20.814268112182617
05-02-2002,33.625,33.95000076293945,2839800,34.46500015258789,34.17499923706055,20.924476623535156
06-02-2002,34.005001068115234,34.25,1799600,34.54999923706055,34.150001525878906,20.909177780151367
07-02-2002,33.95000076293945,34.0,2890200,34.79499816894531,34.474998474121094,21.108169555664062
08-02-2002,34.17499923706055,34.54999923706055,1639200,34.970001220703125,34.775001525878906,21.29184341430664
11-02-2002,34.849998474121094,34.91999816894531,2356600,35.80500030517578,35.75,21.88882064819336
12-02-2002,34.994998931884766,35.7400016784668,2047000,35.744998931884766,35.40999984741211,21.68063735961914
13-02-2002,35.25,35.28499984741211,1288800,35.9900016784668,35.86000061035156,21.95616340637207
14-02-2002,35.45000076293945,35.75,1823200,36.040000915527344,35.75,21.88882064819336
15-02-2002,35.65999984741211,35.75,2178800,36.099998474121094,35.8849983215332,21.971471786499023
19-02-2002,35.29999923706055,35.400001525878906,2236400,35.7400016784668,35.525001525878906,21.751054763793945
20-02-2002,35.599998474121094,35.650001525878906,1924600,36.54999923706055,36.42499923706055,22.302095413208008
21-02-2002,36.43000030517578,36.43000030517578,4727800,37.47999954223633,36.92499923706055,22.608234405517578
22-02-2002,36.849998474121094,36.93000030517578,4399600,38.099998474121094,37.849998474121094,23.174589157104492
25-02-2002,37.03499984741211,37.67499923706055,4205600,38.13999938964844,37.22999954223633,22.79498291015625
26-02-2002,36.76499938964844,37.22999954223633,3218800,37.599998474121094,37.150001525878906,22.746000289916992
27-02-2002,36.83000183105469,37.275001525878906,2015600,37.404998779296875,37.1150016784668,22.724573135375977
28-02-2002,36.5,37.07500076293945,2801200,37.17499923706055,36.779998779296875,22.51946449279785
01-03-2002,36.650001525878906,36.790000915527344,2612600,37.43000030517578,37.125,22.730695724487305
04-03-2002,37.064998626708984,37.17499923706055,3226600,38.900001525878906,38.689998626708984,23.688894271850586
05-03-2002,37.27000045776367,38.599998474121094,3276600,38.599998474121094,37.540000915527344,22.98478889465332
06-03-2002,37.845001220703125,37.900001525878906,1846000,38.560001373291016,38.3650016784668,23.489912033081055
07-03-2002,37.904998779296875,38.375,2107000,38.540000915527344,38.334999084472656,23.471540451049805
08-03-2002,38.01499938964844,38.70000076293945,2379400,38.70000076293945,38.290000915527344,23.443988800048828
11-03-2002,38.099998474121094,38.415000915527344,1871600,38.46500015258789,38.275001525878906,23.4348087310791
12-03-2002,37.79999923706055,38.0,2342000,38.599998474121094,38.435001373291016,23.532773971557617
13-03-2002,38.0,38.5,1944600,38.5,38.1349983215332,23.34908676147461
14-03-2002,37.6349983215332,38.13999938964844,2903800,38.13999938964844,37.7599983215332,23.11948585510254
15-03-2002,37.650001525878906,38.04999923706055,2384800,38.05500030517578,37.96500015258789,23.24500274658203
18-03-2002,37.599998474121094,37.92499923706055,2625000,38.150001525878906,37.77000045776367,23.125612258911133
19-03-2002,37.64500045776367,37.79999923706055,2644600,38.119998931884766,37.869998931884766,23.186832427978516
20-03-2002,37.400001525878906,37.744998931884766,3252000,38.13999938964844,37.67499923706055,23.067440032958984
21-03-2002,36.25,37.5,3042800,37.505001068115234,36.75,22.501089096069336
22-03-2002,36.0,36.75,2680800,36.775001525878906,36.525001525878906,22.363325119018555
25-03-2002,35.97999954223633,36.45000076293945,1585400,36.599998474121094,35.9900016784668,22.035762786865234
26-03-2002,35.880001068115234,35.880001068115234,2230600,36.79999923706055,36.54999923706055,22.516279220581055
27-03-2002,35.95000076293945,36.29999923706055,2608800,36.994998931884766,36.25,22.331462860107422
28-03-2002,35.755001068115234,36.29999923706055,2213800,36.29999923706055,36.17499923706055,22.285247802734375
01-04-2002,35.314998626708984,35.849998474121094,2175600,36.20000076293945,35.974998474121094,22.162050247192383
02-04-2002,35.47999954223633,35.974998474121094,1822800,36.29999923706055,35.994998931884766,22.174365997314453
03-04-2002,35.3849983215332,35.900001525878906,3781400,35.95000076293945,35.54999923706055,21.900226593017578
04-04-2002,35.349998474121094,35.599998474121094,2478400,35.8849983215332,35.599998474121094,21.9310359954834
05-04-2002,36.04999923706055,36.099998474121094,2677000,36.70000076293945,36.564998626708984,22.525510787963867
08-04-2002,35.95000076293945,36.29999923706055,2222400,36.52000045776367,36.400001525878906,22.42386245727539
09-04-2002,36.5099983215332,36.849998474121094,2837400,37.75,37.39500045776367,23.03682518005371
10-04-2002,37.39500045776367,37.45000076293945,2840800,38.005001068115234,38.0,23.409526824951172
11-04-2002,37.6150016784668,37.875,2015800,38.27000045776367,37.619998931884766,23.175439834594727
12-04-2002,36.81999969482422,37.599998474121094,1628200,37.775001525878906,37.32500076293945,22.993701934814453
15-04-2002,36.85499954223633,37.35499954223633,1081000,37.45000076293945,37.029998779296875,22.81196403503418
16-04-2002,37.10499954223633,37.154998779296875,1866800,37.915000915527344,37.85499954223633,23.320201873779297
17-04-2002,37.099998474121094,38.0,1929800,38.0,37.595001220703125,23.1600341796875
18-04-2002,36.88999938964844,37.525001525878906,2362400,37.56999969482422,37.17499923706055,22.90129852294922
19-04-2002,36.880001068115234,37.25,1905000,37.45000076293945,36.974998474121094,22.7780818939209
22-04-2002,35.79999923706055,37.1349983215332,2386400,37.22999954223633,35.9900016784668,22.171283721923828
23-04-2002,35.57500076293945,36.224998474121094,2121200,36.224998474121094,35.92499923706055,22.131250381469727
24-04-2002,35.529998779296875,35.974998474121094,2170400,36.125,35.939998626708984,22.140491485595703
25-04-2002,35.22999954223633,35.525001525878906,2266000,36.400001525878906,36.28499984741211,22.3530216217041
26-04-2002,36.08000183105469,36.529998779296875,1680600,36.7400016784668,36.130001068115234,22.25753402709961
29-04-2002,35.349998474121094,36.130001068115234,1581200,36.18000030517578,35.369998931884766,21.789348602294922
30-04-2002,35.56999969482422,35.75,2051000,36.099998474121094,36.04999923706055,22.208251953125
01-05-2002,34.665000915527344,35.75,3128000,35.79999923706055,35.650001525878906,21.96183967590332
02-05-2002,35.8650016784668,35.900001525878906,2032800,36.540000915527344,36.41999816894531,22.43619728088379
03-05-2002,35.994998931884766,36.400001525878906,1717400,36.66999816894531,36.584999084472656,22.5378360748291
06-05-2002,34.900001525878906,36.25,2146800,36.375,34.900001525878906,21.499807357788086
07-05-2002,34.89500045776367,35.20000076293945,2052200,35.494998931884766,35.1349983215332,21.644573211669922
08-05-2002,35.220001220703125,35.275001525878906,1903800,36.20000076293945,36.150001525878906,22.269861221313477
09-05-2002,35.5,35.95000076293945,1009600,36.0,35.619998931884766,21.9433536529541
10-05-2002,34.935001373291016,35.54999923706055,1039400,35.67499923706055,35.08000183105469,21.610698699951172
13-05-2002,34.93000030517578,35.099998474121094,1107200,35.42499923706055,35.224998474121094,21.70001983642578
14-05-2002,35.53499984741211,35.79999923706055,2212200,36.275001525878906,36.22999954223633,22.31913948059082
15-05-2002,36.0,36.0,3628800,37.125,37.0,22.793489456176758
16-05-2002,36.45000076293945,37.125,1376400,37.125,36.564998626708984,22.525510787963867
17-05-2002,36.30500030517578,36.5,1929400,36.89500045776367,36.47999954223633,22.473142623901367
20-05-2002,35.54499816894531,36.494998931884766,1751200,36.494998931884766,35.8849983215332,22.106603622436523
21-05-2002,35.185001373291016,36.25,1191200,36.29999923706055,35.224998474121094,21.70001983642578
22-05-2002,34.80500030517578,35.17499923706055,1683000,35.525001525878906,35.08000183105469,21.610698699951172
23-05-2002,35.125,35.5,1717600,36.04999923706055,36.04999923706055,22.208251953125
24-05-2002,35.57500076293945,35.625,2318800,36.54999923706055,36.125,22.254457473754883
28-05-2002,35.564998626708984,36.20000076293945,1393600,36.20000076293945,35.744998931884766,22.02035903930664
29-05-2002,35.40999984741211,35.849998474121094,1052400,35.95000076293945,35.5,21.869426727294922
30-05-2002,34.474998474121094,35.45000076293945,2241800,35.5,34.86000061035156,21.475168228149414
31-05-2002,34.900001525878906,34.935001373291016,1688000,36.060001373291016,35.51499938964844,21.878665924072266
03-06-2002,34.60499954223633,35.51499938964844,1448800,35.59000015258789,34.650001525878906,21.34579849243164
04-06-2002,33.35499954223633,34.29999923706055,2909000,34.584999084472656,34.21500015258789,21.077816009521484
05-06-2002,34.14500045776367,34.25,2189200,34.92499923706055,34.64500045776367,21.342710494995117
06-06-2002,33.59000015258789,34.67499923706055,1294200,34.845001220703125,33.790000915527344,20.816001892089844
07-06-2002,33.400001525878906,33.78499984741211,2646800,33.880001068115234,33.8650016784668,20.86219596862793
10-06-2002,33.529998779296875,33.8650016784668,1999600,34.3849983215332,34.119998931884766,21.019290924072266
11-06-2002,33.689998626708984,34.220001220703125,1413400,34.79499816894531,33.755001068115234,20.794448852539062
12-06-2002,33.369998931884766,33.95000076293945,2279600,34.404998779296875,34.334999084472656,21.151742935180664
13-06-2002,33.724998474121094,34.334999084472656,1308000,34.42499923706055,33.834999084472656,20.843719482421875
14-06-2002,33.10499954223633,33.834999084472656,1953600,33.97999954223633,33.88999938964844,20.87760353088379
17-06-2002,34.09000015258789,34.375,3235200,35.10499954223633,35.10499954223633,21.6260929107666
18-06-2002,34.904998779296875,35.099998474121094,2026800,35.349998474121094,35.255001068115234,21.71849822998047
19-06-2002,34.42499923706055,35.25,2262800,35.255001068115234,34.529998779296875,21.27187156677246
20-06-2002,34.369998931884766,34.5,1729800,34.84000015258789,34.435001373291016,21.213350296020508
21-06-2002,33.89500045776367,33.90999984741211,2747800,34.59000015258789,34.25,21.099380493164062
24-06-2002,33.57500076293945,33.875,1970000,34.44499969482422,34.400001525878906,21.191783905029297
25-06-2002,33.77000045776367,34.599998474121094,1800800,34.970001220703125,33.875,20.868366241455078
26-06-2002,33.185001373291016,33.76499938964844,2137400,33.849998474121094,33.775001525878906,20.942773818969727
27-06-2002,33.744998931884766,33.814998626708984,1870600,34.599998474121094,34.470001220703125,21.37372589111328
28-06-2002,34.150001525878906,34.67499923706055,3523400,35.06999969482422,34.150001525878906,21.175296783447266
01-07-2002,33.57500076293945,34.349998474121094,2508000,34.720001220703125,33.73500061035156,20.917966842651367
02-07-2002,32.63999938964844,33.834999084472656,2732000,33.8849983215332,33.279998779296875,20.63583755493164
03-07-2002,32.32500076293945,33.29499816894531,2316800,33.5099983215332,33.220001220703125,20.5986328125
05-07-2002,33.5,33.54999923706055,1291600,34.55500030517578,34.29999923706055,21.268306732177734
08-07-2002,33.42499923706055,34.29999923706055,2714600,34.29999923706055,33.72999954223633,20.91486930847168
09-07-2002,33.64500045776367,33.76499938964844,2783200,34.75,34.04999923706055,21.113285064697266
10-07-2002,32.69499969482422,33.974998474121094,2551000,34.07500076293945,32.78499984741211,20.328907012939453
11-07-2002,31.725000381469727,32.70000076293945,3095400,33.19499969482422,32.529998779296875,20.170791625976562
12-07-2002,32.10499954223633,32.45000076293945,2291600,33.34000015258789,32.59000015258789,20.207990646362305
15-07-2002,30.600000381469727,32.59000015258789,3085600,32.59000015258789,32.154998779296875,19.93826675415039
16-07-2002,30.100000381469727,31.579999923706055,3483400,31.700000762939453,30.5,18.912052154541016
17-07-2002,30.450000762939453,30.700000762939453,2456800,31.5,30.9950008392334,19.2189884185791
18-07-2002,30.0,31.0,2549000,31.31999969482422,30.1200008392334,18.676422119140625
19-07-2002,29.274999618530273,29.649999618530273,2618200,30.549999237060547,29.399999618530273,18.2299747467041
22-07-2002,28.299999237060547,29.399999618530273,3521400,29.975000381469727,28.875,17.90444564819336
23-07-2002,28.274999618530273,29.149999618530273,2675000,29.899999618530273,28.610000610351562,17.740129470825195
24-07-2002,28.0049991607666,28.110000610351562,2399400,30.469999313354492,30.350000381469727,18.819042205810547
25-07-2002,29.479999542236328,30.049999237060547,2325200,31.219999313354492,30.575000762939453,18.95855712890625
26-07-2002,30.5,30.799999237060547,3048000,31.225000381469727,31.219999313354492,19.358503341674805
29-07-2002,31.469999313354492,31.549999237060547,2262000,33.5,33.29499816894531,20.645137786865234
30-07-2002,31.950000762939453,33.04499816894531,2434600,33.2599983215332,33.005001068115234,20.465316772460938
31-07-2002,32.15999984741211,32.75,2083400,32.994998931884766,32.994998931884766,20.459117889404297
01-08-2002,31.799999237060547,32.375,2660600,33.025001525878906,32.2400016784668,19.990968704223633
02-08-2002,30.125,31.899999618530273,2742400,31.9950008392334,30.600000381469727,18.97405433654785
05-08-2002,30.049999237060547,30.399999618530273,3130600,30.875,30.100000381469727,18.66402244567871
06-08-2002,30.350000381469727,30.350000381469727,1637600,31.844999313354492,31.0,19.222082138061523
07-08-2002,30.674999237060547,31.174999237060547,1693600,31.959999084472656,31.854999542236328,19.752241134643555
08-08-2002,31.545000076293945,31.975000381469727,1824200,32.78499984741211,32.7400016784668,20.301006317138672
09-08-2002,32.20500183105469,32.744998931884766,1380600,33.17499923706055,33.0,20.462223052978516
12-08-2002,31.950000762939453,32.375,1801800,32.970001220703125,32.834999084472656,20.359912872314453
13-08-2002,32.14500045776367,32.375,1565800,33.084999084472656,32.435001373291016,20.111879348754883
14-08-2002,31.360000610351562,32.185001373291016,2600000,33.28499984741211,33.19499969482422,20.5831298828125
15-08-2002,32.380001068115234,33.1349983215332,1882600,33.564998626708984,32.935001373291016,20.421916961669922
16-08-2002,32.26499938964844,32.45000076293945,1850800,33.14500045776367,32.85499954223633,20.372310638427734
19-08-2002,32.70000076293945,32.75,2123800,34.165000915527344,34.05500030517578,21.11638641357422
20-08-2002,33.505001068115234,33.70000076293945,2168600,34.04999923706055,33.709999084472656,20.902469635009766
21-08-2002,33.57500076293945,34.125,1435400,34.525001525878906,34.060001373291016,21.119495391845703
22-08-2002,34.025001525878906,34.20000076293945,1323800,34.654998779296875,34.54499816894531,21.42022705078125
23-08-2002,33.540000915527344,34.54499816894531,1213800,34.54499816894531,33.70000076293945,20.896257400512695
26-08-2002,33.275001525878906,33.95000076293945,1306200,34.21500015258789,34.15999984741211,21.181499481201172
27-08-2002,34.150001525878906,34.15999984741211,2081000,34.974998474121094,34.25,21.23729705810547
28-08-2002,33.900001525878906,34.244998931884766,2228400,34.244998931884766,34.0,21.0822811126709
29-08-2002,33.654998779296875,33.92499923706055,1563600,34.275001525878906,33.814998626708984,20.967575073242188
30-08-2002,33.900001525878906,33.95000076293945,2088000,34.70000076293945,34.2599983215332,21.243505477905273
03-09-2002,32.869998931884766,33.75,2112000,33.79999923706055,32.88999938964844,20.394012451171875
04-09-2002,32.29999923706055,32.8849983215332,2331200,33.10499954223633,32.994998931884766,20.459117889404297
05-09-2002,32.34000015258789,32.9900016784668,1726400,33.23500061035156,32.79999923706055,20.33820152282715
06-09-2002,32.73500061035156,32.94499969482422,2240600,33.255001068115234,32.78499984741211,20.328907012939453
09-09-2002,32.025001525878906,32.45000076293945,2746000,32.720001220703125,32.32500076293945,20.043678283691406
10-09-2002,32.470001220703125,32.57500076293945,1468400,33.1150016784668,33.11000061035156,20.53042984008789
11-09-2002,32.68000030517578,33.23500061035156,962600,33.44499969482422,33.14500045776367,20.552125930786133
12-09-2002,32.334999084472656,32.95000076293945,1385400,33.0099983215332,32.459999084472656,20.12738037109375
13-09-2002,31.350000381469727,32.0,3839000,32.150001525878906,31.649999618530273,19.625131607055664
16-09-2002,29.885000228881836,30.850000381469727,5911800,30.850000381469727,30.524999618530273,18.92755889892578
17-09-2002,29.93000030517578,30.75,2952200,30.899999618530273,30.06999969482422,18.645421981811523
18-09-2002,28.575000762939453,29.364999771118164,4083800,30.014999389648438,29.8799991607666,18.527610778808594
19-09-2002,29.600000381469727,29.75,2797000,30.100000381469727,29.700000762939453,18.41600227355957
20-09-2002,29.75,29.950000762939453,2448200,30.219999313354492,30.1200008392334,18.676422119140625
23-09-2002,28.885000228881836,29.600000381469727,2027600,29.8700008392334,29.125,18.05945587158203
24-09-2002,28.549999237060547,29.0049991607666,3018200,29.125,28.825000762939453,17.873443603515625
25-09-2002,28.854999542236328,29.024999618530273,2817800,29.774999618530273,29.649999618530273,18.385000228881836
26-09-2002,29.614999771118164,29.979999542236328,2672400,30.5,30.46500015258789,19.03803062438965
27-09-2002,29.584999084472656,30.434999465942383,2464400,30.540000915527344,29.850000381469727,18.653705596923828
30-09-2002,28.5049991607666,29.844999313354492,2572200,29.844999313354492,29.165000915527344,18.22564125061035
01-10-2002,29.1299991607666,29.415000915527344,2490800,30.53499984741211,30.5049991607666,19.063020706176758
02-10-2002,29.549999237060547,30.5049991607666,2424000,30.649999618530273,29.885000228881836,18.675575256347656
03-10-2002,29.78499984741211,30.25,2821600,30.635000228881836,30.114999771118164,18.819313049316406
04-10-2002,28.7549991607666,30.5,3083000,30.770000457763672,29.229999542236328,18.266258239746094
07-10-2002,28.0,29.30500030517578,2481000,29.454999923706055,28.415000915527344,17.756959915161133
08-10-2002,28.125,28.989999771118164,2714800,29.655000686645508,29.225000381469727,18.263137817382812
09-10-2002,27.864999771118164,28.700000762939453,3006000,28.915000915527344,27.864999771118164,17.413251876831055
10-10-2002,27.514999389648438,27.69499969482422,3124400,29.315000534057617,29.190000534057617,18.241262435913086
11-10-2002,29.350000381469727,29.44499969482422,2595400,30.53499984741211,30.065000534057617,18.788068771362305
14-10-2002,29.30500030517578,29.71500015258789,2983800,30.1299991607666,29.5,18.434993743896484
15-10-2002,30.2450008392334,30.5,2547800,31.329999923706055,31.219999313354492,19.509841918945312
16-10-2002,29.170000076293945,30.700000762939453,4642800,30.704999923706055,29.2450008392334,18.275632858276367
17-10-2002,29.25,29.25,3921000,30.399999618530273,30.084999084472656,18.800561904907227
18-10-2002,29.665000915527344,30.125,2944000,30.979999542236328,30.78499984741211,19.238006591796875
21-10-2002,30.405000686645508,30.760000228881836,1960200,32.08000183105469,32.08000183105469,20.047273635864258
22-10-2002,30.764999389648438,31.75,1723200,31.799999237060547,30.94499969482422,19.337987899780273
23-10-2002,30.520000457763672,30.94499969482422,1820400,31.475000381469727,31.045000076293945,19.400487899780273
24-10-2002,30.899999618530273,31.5,2576800,32.0,31.075000762939453,19.41922378540039
25-10-2002,30.5,30.950000762939453,1706800,31.485000610351562,31.295000076293945,19.55670738220215
28-10-2002,30.399999618530273,31.825000762939453,1525200,31.825000762939453,30.565000534057617,19.100522994995117
29-10-2002,29.75,30.68000030517578,1503000,30.875,30.565000534057617,19.100522994995117
30-10-2002,30.329999923706055,30.575000762939453,1747600,31.270000457763672,31.045000076293945,19.400487899780273
31-10-2002,30.55500030517578,30.969999313354492,1711600,31.31999969482422,30.700000762939453,19.184894561767578
01-11-2002,30.274999618530273,30.674999237060547,2017800,31.434999465942383,31.270000457763672,19.541091918945312
04-11-2002,31.424999237060547,31.575000762939453,2012200,32.349998474121094,31.584999084472656,19.737932205200195
05-11-2002,31.665000915527344,31.799999237060547,1310000,32.21500015258789,32.21500015258789,20.131633758544922
06-11-2002,31.719999313354492,32.21500015258789,1710600,32.4900016784668,32.38999938964844,20.24098777770996
07-11-2002,31.149999618530273,32.45000076293945,2239600,32.45000076293945,31.389999389648438,19.61608123779297
08-11-2002,31.2549991607666,31.5,1797600,32.14500045776367,31.55500030517578,19.719188690185547
11-11-2002,30.674999237060547,31.25,1355600,31.40999984741211,30.790000915527344,19.241130828857422
12-11-2002,30.950000762939453,31.225000381469727,2106400,31.985000610351562,31.639999389648438,19.772306442260742
13-11-2002,31.0,31.5,2033400,31.959999084472656,31.30500030517578,19.562963485717773
14-11-2002,31.700000762939453,31.75,1875600,32.349998474121094,32.28499984741211,20.175378799438477
15-11-2002,32.060001373291016,32.32500076293945,2340200,32.72999954223633,32.67499923706055,20.41908836364746
18-11-2002,32.084999084472656,32.94499969482422,1089600,32.9900016784668,32.099998474121094,20.059762954711914
19-11-2002,31.71500015258789,32.04999923706055,1345400,32.3849983215332,31.985000610351562,19.987899780273438
20-11-2002,31.600000381469727,31.700000762939453,2368000,32.19499969482422,32.11000061035156,20.066015243530273
21-11-2002,31.93000030517578,32.04999923706055,2365000,32.994998931884766,32.92499923706055,20.575319290161133
22-11-2002,32.755001068115234,32.92499923706055,1810200,33.29999923706055,33.01499938964844,20.631559371948242
25-11-2002,32.470001220703125,32.95000076293945,1641800,33.439998626708984,32.810001373291016,20.503459930419922
26-11-2002,31.80500030517578,32.650001525878906,2010000,32.689998626708984,31.829999923706055,19.891036987304688
27-11-2002,32.099998474121094,32.20000076293945,2271000,33.82500076293945,33.709999084472656,21.065879821777344
29-11-2002,33.814998626708984,34.07500076293945,1773600,34.349998474121094,33.994998931884766,21.243982315063477
02-12-2002,34.0,34.5,4143600,34.8650016784668,34.43000030517578,21.515819549560547
03-12-2002,33.564998626708984,34.04999923706055,2440600,34.17499923706055,33.599998474121094,20.99713706970215
04-12-2002,33.34000015258789,33.474998474121094,1834800,34.0,33.755001068115234,21.0939998626709
05-12-2002,33.25,33.95000076293945,1170600,33.95000076293945,33.33000183105469,20.828411102294922
06-12-2002,32.875,32.92499923706055,2224600,34.095001220703125,33.96500015258789,21.225234985351562
09-12-2002,33.04999923706055,33.96500015258789,1537000,33.96500015258789,33.04999923706055,20.653438568115234
10-12-2002,32.875,33.25,1951600,33.29999923706055,33.025001525878906,20.637815475463867
11-12-2002,32.724998474121094,33.025001525878906,1613400,33.599998474121094,33.28499984741211,20.8002872467041
12-12-2002,33.0,33.28499984741211,1505000,33.595001220703125,33.314998626708984,20.81903839111328
13-12-2002,32.4900016784668,32.875,1450400,33.19499969482422,32.4900016784668,20.30348777770996
16-12-2002,32.525001525878906,32.57500076293945,2266600,33.244998931884766,33.11000061035156,20.690937042236328
17-12-2002,32.82500076293945,33.19499969482422,1325400,33.54499816894531,32.82500076293945,20.512832641601562
18-12-2002,32.32500076293945,32.83000183105469,1283200,32.95000076293945,32.56999969482422,20.353477478027344
19-12-2002,32.11000061035156,32.5,2329000,33.029998779296875,32.224998474121094,20.13788604736328
20-12-2002,32.5099983215332,32.650001525878906,2213800,32.9900016784668,32.93000030517578,20.57845115661621
23-12-2002,32.650001525878906,32.93000030517578,1335800,33.29999923706055,33.06999969482422,20.66593360900879
24-12-2002,32.869998931884766,32.94499969482422,444600,33.150001525878906,32.92499923706055,20.575319290161133
26-12-2002,32.810001373291016,33.0,709600,33.404998779296875,32.90999984741211,20.565946578979492
27-12-2002,32.099998474121094,32.58000183105469,807000,32.67499923706055,32.13999938964844,20.226116180419922
30-12-2002,31.764999389648438,32.09000015258789,1049000,32.584999084472656,32.45000076293945,20.421207427978516
31-12-2002,31.954999923706055,32.3849983215332,933000,32.79999923706055,32.43000030517578,20.40862464904785
02-01-2003,32.43000030517578,32.79999923706055,2045200,33.90999984741211,33.875,21.317970275878906
03-01-2003,33.099998474121094,33.775001525878906,1731000,33.779998779296875,33.36000061035156,20.993885040283203
06-01-2003,33.224998474121094,33.46500015258789,2151800,34.0099983215332,33.98500061035156,21.387191772460938
07-01-2003,33.224998474121094,33.75,1993000,33.98500061035156,33.369998931884766,21.00017547607422
08-01-2003,32.57500076293945,33.404998779296875,1801800,33.45500183105469,32.625,20.531341552734375
09-01-2003,32.720001220703125,32.900001525878906,2019400,33.21500015258789,33.07500076293945,20.814523696899414
10-01-2003,32.400001525878906,32.599998474121094,2319200,33.0,32.849998474121094,20.672931671142578
13-01-2003,32.43000030517578,32.974998474121094,1870000,33.2400016784668,32.57500076293945,20.499876022338867
14-01-2003,32.275001525878906,32.58000183105469,1387600,32.60499954223633,32.60499954223633,20.51875114440918
15-01-2003,32.11000061035156,32.814998626708984,1476800,32.92499923706055,32.275001525878906,20.31108283996582
16-01-2003,32.349998474121094,32.375,1311200,32.82500076293945,32.3849983215332,20.38030433654785
17-01-2003,31.625,32.3849983215332,1855600,32.470001220703125,32.060001373291016,20.17576789855957
21-01-2003,31.344999313354492,32.42499923706055,1732800,32.42499923706055,31.354999542236328,19.732112884521484
22-01-2003,30.649999618530273,31.354999542236328,1938000,31.454999923706055,30.71500015258789,19.329349517822266
23-01-2003,30.950000762939453,31.21500015258789,2849400,32.2400016784668,32.23500061035156,20.285903930664062
24-01-2003,31.149999618530273,32.099998474121094,2345200,32.1349983215332,31.399999618530273,19.76042366027832
27-01-2003,30.350000381469727,31.399999618530273,2591600,31.475000381469727,30.389999389648438,19.12481689453125
28-01-2003,30.18000030517578,30.459999084472656,1921000,30.674999237060547,30.614999771118164,19.266414642333984
29-01-2003,29.739999771118164,30.0,3845200,31.7549991607666,31.31999969482422,19.7100830078125
30-01-2003,29.989999771118164,31.165000915527344,2892400,31.170000076293945,30.0049991607666,18.882543563842773
31-01-2003,29.934999465942383,30.010000228881836,3238200,31.0,30.40999984741211,19.13740348815918
03-02-2003,30.389999389648438,30.459999084472656,2295000,30.94499969482422,30.80500030517578,19.3859920501709
04-02-2003,30.1200008392334,30.80500030517578,2363000,30.80500030517578,30.315000534057617,19.077625274658203
05-02-2003,30.184999465942383,31.299999237060547,3193400,31.5,30.2450008392334,19.033565521240234
06-02-2003,29.75,29.875,1966800,30.309999465942383,29.924999237060547,18.832191467285156
07-02-2003,29.329999923706055,30.424999237060547,2233000,30.424999237060547,29.485000610351562,18.5552921295166
10-02-2003,29.045000076293945,29.4950008392334,2359000,29.684999465942383,29.559999465942383,18.60249137878418
11-02-2003,29.100000381469727,29.725000381469727,2382000,30.024999618530273,29.46500015258789,18.54270362854004
12-02-2003,29.145000457763672,29.579999923706055,1754600,29.790000915527344,29.344999313354492,18.467193603515625
13-02-2003,28.344999313354492,29.280000686645508,4447600,29.375,28.604999542236328,18.001497268676758
14-02-2003,28.5,28.604999542236328,3478200,29.010000228881836,29.010000228881836,18.256366729736328
18-02-2003,29.389999389648438,29.399999618530273,2344600,29.81999969482422,29.719999313354492,18.70318031311035
19-02-2003,29.174999237060547,29.43000030517578,1792200,29.69499969482422,29.5049991607666,18.567873001098633
20-02-2003,29.25,29.795000076293945,1288800,29.850000381469727,29.389999389648438,18.495506286621094
21-02-2003,28.959999084472656,29.575000762939453,1628400,30.024999618530273,29.795000076293945,18.750383377075195
24-02-2003,28.989999771118164,29.5,1217800,29.6200008392334,29.05500030517578,18.284687042236328
25-02-2003,28.5049991607666,28.625,2081000,29.46500015258789,29.399999618530273,18.501802444458008
26-02-2003,29.174999237060547,29.350000381469727,1982800,29.844999313354492,29.2549991607666,18.410554885864258
27-02-2003,29.18000030517578,29.459999084472656,2139400,29.71500015258789,29.5,18.56473159790039
28-02-2003,29.485000610351562,29.649999618530273,2137600,30.114999771118164,29.78499984741211,18.74408531188965
03-03-2003,29.69499969482422,30.0,1699000,30.200000762939453,29.829999923706055,18.77240562438965
04-03-2003,29.204999923706055,29.829999923706055,2187600,29.850000381469727,29.204999923706055,18.379087448120117
05-03-2003,28.93000030517578,29.209999084472656,1831200,29.514999389648438,29.514999389648438,18.574172973632812
06-03-2003,28.684999465942383,29.25,2328600,29.375,28.799999237060547,18.124216079711914
07-03-2003,28.399999618530273,28.559999465942383,2052400,29.424999237060547,29.350000381469727,18.470333099365234
10-03-2003,28.225000381469727,29.354999542236328,2269000,29.354999542236328,28.225000381469727,17.762359619140625
11-03-2003,27.594999313354492,28.299999237060547,2137200,28.3700008392334,27.7450008392334,17.460285186767578
12-03-2003,27.280000686645508,27.639999389648438,2769000,27.739999771118164,27.575000762939453,17.35329818725586
13-03-2003,28.190000534057617,28.450000762939453,3396000,29.020000457763672,29.020000457763672,18.262657165527344
14-03-2003,28.204999923706055,29.235000610351562,3584400,29.350000381469727,28.489999771118164,17.929126739501953
17-03-2003,28.5,28.549999237060547,4731600,30.344999313354492,30.200000762939453,19.005247116088867
18-03-2003,29.774999618530273,30.100000381469727,2744200,30.450000762939453,30.40999984741211,19.13740348815918
19-03-2003,29.674999237060547,30.229999542236328,2106400,30.28499984741211,30.270000457763672,19.04930305480957
20-03-2003,29.604999542236328,30.125,2407200,30.5,30.309999465942383,19.07447624206543
21-03-2003,30.475000381469727,30.75,3535000,31.389999389648438,31.290000915527344,19.691204071044922
24-03-2003,29.834999084472656,30.625,1965800,30.864999771118164,30.149999618530273,18.973783493041992
25-03-2003,29.969999313354492,30.274999618530273,2190800,30.459999084472656,30.260000228881836,19.04300880432129
26-03-2003,29.709999084472656,30.264999389648438,2376000,30.30500030517578,30.135000228881836,18.964353561401367
27-03-2003,29.450000762939453,29.825000762939453,2426600,30.135000228881836,29.8799991607666,18.948490142822266
28-03-2003,29.075000762939453,29.549999237060547,3220400,29.549999237060547,29.139999389648438,18.47921371459961
31-03-2003,28.280000686645508,28.75,3173800,29.149999618530273,29.075000762939453,18.437999725341797
01-04-2003,28.524999618530273,29.06999969482422,2556000,29.399999618530273,29.315000534057617,18.590192794799805
02-04-2003,29.315000534057617,29.850000381469727,5049600,31.3700008392334,30.8700008392334,19.57630157470703
03-04-2003,30.559999465942383,30.8700008392334,2164400,31.149999618530273,30.80500030517578,19.535091400146484
04-04-2003,30.459999084472656,30.854999542236328,2515600,31.149999618530273,30.8700008392334,19.57630157470703
07-04-2003,31.0049991607666,31.8700008392334,2559600,32.20000076293945,31.100000381469727,19.72216033935547
08-04-2003,30.6299991607666,31.104999542236328,1782400,31.165000915527344,31.084999084472656,19.712642669677734
09-04-2003,30.59000015258789,30.59000015258789,2378800,31.21500015258789,30.760000228881836,19.506547927856445
10-04-2003,30.375,30.760000228881836,1925400,31.059999465942383,30.954999923706055,19.630207061767578
11-04-2003,30.7549991607666,31.350000381469727,2467000,31.700000762939453,31.030000686645508,19.67777442932129
14-04-2003,30.799999237060547,31.030000686645508,2953600,32.0,31.899999618530273,20.229480743408203
15-04-2003,31.225000381469727,31.799999237060547,3718800,31.80500030517578,31.674999237060547,20.086793899536133
16-04-2003,31.315000534057617,31.674999237060547,2691000,32.09000015258789,31.46500015258789,19.95362663269043
17-04-2003,31.354999542236328,31.46500015258789,3086400,31.725000381469727,31.71500015258789,20.112159729003906
21-04-2003,31.364999771118164,31.71500015258789,1612600,31.764999389648438,31.524999618530273,19.99167251586914
22-04-2003,31.280000686645508,31.530000686645508,2738400,32.060001373291016,32.060001373291016,20.330947875976562
23-04-2003,31.645000457763672,32.224998474121094,2351000,32.23500061035156,32.20000076293945,20.419729232788086
24-04-2003,31.709999084472656,32.20000076293945,985000,32.25,31.875,20.213634490966797
25-04-2003,31.229999542236328,31.75,1289400,31.825000762939453,31.30500030517578,19.85215950012207
28-04-2003,31.5,31.575000762939453,2152800,32.46500015258789,32.35499954223633,20.518020629882812
29-04-2003,32.0,32.29999923706055,1535800,32.494998931884766,32.224998474121094,20.435583114624023
30-04-2003,31.834999084472656,32.099998474121094,2842600,32.29999923706055,31.989999771118164,20.28654670715332
01-05-2003,31.190000534057617,32.0,2535800,32.04999923706055,31.834999084472656,20.188262939453125
02-05-2003,31.635000228881836,31.834999084472656,2440800,32.29999923706055,32.26499938964844,20.46094512939453
05-05-2003,31.9950008392334,32.224998474121094,1782800,32.595001220703125,32.185001373291016,20.410207748413086
06-05-2003,32.130001068115234,32.22999954223633,2182400,32.744998931884766,32.400001525878906,20.546558380126953
07-05-2003,31.809999465942383,32.400001525878906,2053200,32.404998779296875,32.1150016784668,20.36583137512207
08-05-2003,31.674999237060547,31.899999618530273,1386400,32.26499938964844,31.84000015258789,20.191444396972656
09-05-2003,31.899999618530273,32.099998474121094,1220000,32.5,32.400001525878906,20.546558380126953
12-05-2003,32.20000076293945,32.400001525878906,1829800,33.209999084472656,33.130001068115234,21.009485244750977
13-05-2003,32.560001373291016,33.005001068115234,1578600,33.04999923706055,32.7599983215332,20.77484893798828
14-05-2003,32.29499816894531,32.8849983215332,1767600,32.95500183105469,32.369998931884766,20.527528762817383
15-05-2003,32.43000030517578,32.75,2038000,33.09000015258789,33.04499816894531,20.955589294433594
16-05-2003,32.52000045776367,32.75,2396200,33.099998474121094,32.814998626708984,20.809728622436523
19-05-2003,31.649999618530273,32.689998626708984,1804000,32.69499969482422,31.725000381469727,20.118499755859375
20-05-2003,31.385000228881836,31.850000381469727,2160600,31.934999465942383,31.68000030517578,20.089969635009766
21-05-2003,31.100000381469727,31.524999618530273,2850200,31.6299991607666,31.174999237060547,19.769723892211914
22-05-2003,31.299999237060547,31.399999618530273,1914800,31.864999771118164,31.700000762939453,20.102649688720703
23-05-2003,31.1200008392334,31.600000381469727,1560800,31.614999771118164,31.299999237060547,19.8489933013916
27-05-2003,31.0,31.149999618530273,3254200,31.735000610351562,31.639999389648438,20.064599990844727
28-05-2003,31.28499984741211,31.75,2080200,31.93000030517578,31.30500030517578,19.85215950012207
29-05-2003,30.469999313354492,31.350000381469727,2909200,31.385000228881836,30.774999618530273,19.51605987548828
30-05-2003,30.75,30.875,3596000,31.25,31.024999618530273,19.67459487915039
02-06-2003,31.174999237060547,31.25,3701400,32.3650016784668,31.799999237060547,20.166061401367188
03-06-2003,31.825000762939453,32.0,2870000,32.334999084472656,32.04499816894531,20.32143783569336
04-06-2003,31.950000762939453,31.959999084472656,3203600,32.39500045776367,32.20000076293945,20.419729232788086
05-06-2003,31.950000762939453,32.125,2281600,32.775001525878906,32.525001525878906,20.625831604003906
06-06-2003,32.60499954223633,33.0,3080000,33.435001373291016,32.64500045776367,20.701927185058594
09-06-2003,32.125,32.474998474121094,1504800,32.57500076293945,32.30500030517578,20.48630714416504
10-06-2003,32.165000915527344,32.30500030517578,1191400,32.494998931884766,32.375,20.530698776245117
11-06-2003,32.334999084472656,32.375,1942400,33.125,33.125,21.00632095336914
12-06-2003,33.08000183105469,33.224998474121094,3095400,33.935001373291016,33.650001525878906,21.33925437927246
13-06-2003,32.88999938964844,33.650001525878906,2771600,33.650001525878906,33.0099983215332,20.933395385742188
16-06-2003,33.04999923706055,33.224998474121094,2299000,33.90999984741211,33.90999984741211,21.504127502441406
17-06-2003,33.66999816894531,33.79999923706055,2937600,34.1349983215332,34.040000915527344,21.58656883239746
18-06-2003,33.0,33.79999923706055,2316600,33.80500030517578,33.54999923706055,21.275833129882812
19-06-2003,33.025001525878906,33.5,2102800,33.70000076293945,33.07500076293945,20.974611282348633
20-06-2003,33.07500076293945,33.45000076293945,2542600,33.73500061035156,33.255001068115234,21.088762283325195
23-06-2003,33.01499938964844,33.255001068115234,2331000,33.2599983215332,33.119998931884766,21.003149032592773
24-06-2003,33.1150016784668,33.244998931884766,1878200,33.48500061035156,33.19499969482422,21.050710678100586
25-06-2003,33.005001068115234,33.224998474121094,2729800,33.51499938964844,33.22999954223633,21.07290267944336
26-06-2003,32.83000183105469,33.119998931884766,2909600,33.54999923706055,33.400001525878906,21.328330993652344
27-06-2003,32.70500183105469,33.20000076293945,2003200,33.244998931884766,32.85499954223633,20.980310440063477
30-06-2003,32.57500076293945,32.97999954223633,2978400,33.150001525878906,32.92499923706055,21.0250186920166
01-07-2003,32.05500030517578,32.875,3145200,32.880001068115234,32.849998474121094,20.977121353149414
02-07-2003,32.75,32.79999923706055,1605600,33.25,33.17499923706055,21.184659957885742
03-07-2003,32.53499984741211,32.974998474121094,1152600,33.150001525878906,32.80500030517578,20.948381423950195
07-07-2003,33.02000045776367,33.025001525878906,1285000,33.529998779296875,33.3650016784668,21.30598258972168
08-07-2003,33.09000015258789,33.3650016784668,1200800,33.650001525878906,33.61000061035156,21.462434768676758
09-07-2003,33.150001525878906,33.525001525878906,1089400,33.69499969482422,33.26499938964844,21.24213409423828
10-07-2003,32.5,33.2400016784668,1396400,33.2400016784668,32.775001525878906,20.929229736328125
11-07-2003,32.82500076293945,32.900001525878906,1687000,33.32500076293945,33.0099983215332,21.079288482666016
14-07-2003,32.80500030517578,33.20000076293945,1821200,33.310001373291016,32.845001220703125,20.973926544189453
15-07-2003,32.45000076293945,33.0,2820000,33.09000015258789,32.6150016784668,20.82705307006836
16-07-2003,32.45000076293945,32.82500076293945,2081000,32.95000076293945,32.60499954223633,20.820674896240234
17-07-2003,32.60499954223633,32.60499954223633,3021800,33.42499923706055,33.29999923706055,21.26447868347168
18-07-2003,33.64500045776367,33.70000076293945,2742600,33.790000915527344,33.775001525878906,21.567808151245117
21-07-2003,33.459999084472656,33.92499923706055,2760800,33.92499923706055,33.71500015258789,21.529483795166016
22-07-2003,32.85499954223633,33.599998474121094,3875800,33.60499954223633,33.1349983215332,21.159114837646484
23-07-2003,33.025001525878906,33.13999938964844,2811400,33.845001220703125,33.845001220703125,21.612499237060547
24-07-2003,33.19499969482422,34.0,1803400,34.1150016784668,33.26499938964844,21.24213409423828
25-07-2003,33.099998474121094,33.32500076293945,2194400,34.150001525878906,34.04499816894531,21.74021339416504
28-07-2003,33.57500076293945,33.92499923706055,2653800,34.150001525878906,34.10499954223633,21.778522491455078
29-07-2003,33.900001525878906,34.22999954223633,3713600,34.54999923706055,34.470001220703125,22.011615753173828
30-07-2003,34.27000045776367,34.525001525878906,1585000,34.625,34.474998474121094,22.014802932739258
31-07-2003,34.45000076293945,34.75,3011400,35.32500076293945,34.82500076293945,22.238300323486328
01-08-2003,34.470001220703125,34.79999923706055,1788000,34.85499954223633,34.67499923706055,22.14251136779785
04-08-2003,34.025001525878906,34.599998474121094,1624600,34.82500076293945,34.70000076293945,22.158472061157227
05-08-2003,34.189998626708984,34.599998474121094,1848400,34.625,34.334999084472656,21.92540168762207
06-08-2003,33.994998931884766,34.334999084472656,1631400,34.5099983215332,34.165000915527344,21.816852569580078
07-08-2003,33.78499984741211,34.150001525878906,1705600,34.154998779296875,34.0,21.71147918701172
08-08-2003,33.939998626708984,34.125,1196200,34.17499923706055,34.165000915527344,21.816852569580078
11-08-2003,34.060001373291016,34.165000915527344,1255400,34.5,34.279998779296875,21.890281677246094
12-08-2003,34.130001068115234,34.474998474121094,1254000,34.904998779296875,34.904998779296875,22.289382934570312
13-08-2003,34.79999923706055,34.904998779296875,1826000,35.10499954223633,35.10499954223633,22.417110443115234
14-08-2003,35.0,35.0,2076600,35.8650016784668,35.625,22.749162673950195
15-08-2003,35.0,35.625,1195400,35.70000076293945,35.665000915527344,22.77470588684082
18-08-2003,35.6349983215332,35.665000915527344,1784400,36.1150016784668,36.08000183105469,23.03971290588379
19-08-2003,35.66999816894531,36.04999923706055,1576400,36.099998474121094,35.939998626708984,22.950305938720703
20-08-2003,35.64500045776367,35.875,1301400,35.92499923706055,35.81999969482422,22.873689651489258
21-08-2003,35.95500183105469,36.0,1645200,36.345001220703125,36.25,23.148271560668945
22-08-2003,35.72999954223633,36.349998474121094,1341600,36.4900016784668,35.78499984741211,22.85133171081543
25-08-2003,35.54999923706055,35.77000045776367,1306800,35.81999969482422,35.814998626708984,22.8704833984375
26-08-2003,35.36000061035156,35.814998626708984,2432800,35.814998626708984,35.584999084472656,22.723613739013672
27-08-2003,35.369998931884766,35.584999084472656,1834200,35.63999938964844,35.45500183105469,22.640607833862305
28-08-2003,35.244998931884766,35.58000183105469,1239000,35.76499938964844,35.70000076293945,22.79705047607422
29-08-2003,35.70000076293945,35.70000076293945,1472000,36.185001373291016,36.14500045776367,23.081218719482422
02-09-2003,36.125,36.125,1912200,37.0,36.900001525878906,23.563344955444336
03-09-2003,36.540000915527344,36.89500045776367,1723800,37.0,36.65999984741211,23.410083770751953
04-09-2003,36.42499923706055,36.65999984741211,1092200,36.92499923706055,36.630001068115234,23.390928268432617
05-09-2003,35.94499969482422,36.525001525878906,1413600,36.525001525878906,36.255001068115234,23.151453018188477
08-09-2003,36.25,36.30500030517578,1355000,36.84000015258789,36.33000183105469,23.199363708496094
09-09-2003,35.959999084472656,36.130001068115234,1678600,36.43000030517578,36.060001373291016,23.02694320678711
10-09-2003,35.220001220703125,36.03499984741211,1471000,36.05500030517578,35.279998779296875,22.528852462768555
11-09-2003,35.380001068115234,35.380001068115234,1894800,35.8650016784668,35.56999969482422,22.71403694152832
12-09-2003,35.084999084472656,35.400001525878906,1656800,35.845001220703125,35.70000076293945,22.79705047607422
15-09-2003,35.375,35.70000076293945,1523800,35.775001525878906,35.55500030517578,22.70446014404297
16-09-2003,35.5,35.5,1834000,36.03499984741211,36.03499984741211,23.010967254638672
17-09-2003,35.56999969482422,36.150001525878906,1795400,36.150001525878906,35.56999969482422,22.71403694152832
18-09-2003,35.57500076293945,35.67499923706055,1282600,36.07500076293945,35.95500183105469,22.95989418029785
19-09-2003,35.86000061035156,35.959999084472656,1759000,36.45000076293945,36.064998626708984,23.03013038635254
22-09-2003,35.2599983215332,35.665000915527344,1582800,35.689998626708984,35.3650016784668,22.583131790161133
23-09-2003,35.17499923706055,35.375,1389000,35.375,35.279998779296875,22.528852462768555
24-09-2003,34.2400016784668,35.22999954223633,2471200,35.275001525878906,34.525001525878906,22.046730041503906
25-09-2003,34.11000061035156,34.54999923706055,1593000,34.57500076293945,34.13999938964844,21.800884246826172
26-09-2003,33.650001525878906,33.95000076293945,1770800,34.02000045776367,33.7599983215332,21.710840225219727
29-09-2003,33.375,33.76499938964844,2151000,33.92499923706055,33.880001068115234,21.78801918029785
30-09-2003,33.084999084472656,33.875,3305200,33.88999938964844,33.130001068115234,21.305688858032227
01-10-2003,32.939998626708984,33.130001068115234,4697600,33.81999969482422,33.81999969482422,21.749435424804688
02-10-2003,33.814998626708984,33.814998626708984,1644000,34.39500045776367,34.314998626708984,22.06775665283203
03-10-2003,34.314998626708984,34.314998626708984,2060800,35.165000915527344,34.560001373291016,22.22532081604004
06-10-2003,34.5,34.560001373291016,1117600,34.8849983215332,34.65999984741211,22.289640426635742
07-10-2003,34.255001068115234,34.65999984741211,2371800,34.65999984741211,34.54999923706055,22.218889236450195
08-10-2003,34.345001220703125,34.54999923706055,1155600,34.625,34.584999084472656,22.241392135620117
09-10-2003,34.584999084472656,34.584999084472656,1944800,34.994998931884766,34.84000015258789,22.405391693115234
10-10-2003,34.834999084472656,34.84000015258789,1802600,35.150001525878906,35.07500076293945,22.556520462036133
13-10-2003,35.150001525878906,35.150001525878906,948200,35.54999923706055,35.4900016784668,22.823400497436523
14-10-2003,35.22999954223633,35.38999938964844,1718400,35.52000045776367,35.439998626708984,22.79124641418457
15-10-2003,35.165000915527344,35.525001525878906,2287200,35.6349983215332,35.525001525878906,22.845901489257812
16-10-2003,35.400001525878906,35.525001525878906,4660400,36.06999969482422,35.53499984741211,22.852331161499023
17-10-2003,35.32500076293945,35.625,2004200,35.93000030517578,35.744998931884766,22.987380981445312
20-10-2003,35.67499923706055,35.744998931884766,1614600,36.459999084472656,35.994998931884766,23.14816665649414
21-10-2003,35.79999923706055,35.900001525878906,1418000,36.08000183105469,35.869998931884766,23.06777572631836
22-10-2003,35.400001525878906,35.880001068115234,1731400,35.880001068115234,35.45000076293945,22.79767608642578
23-10-2003,35.380001068115234,35.42499923706055,1259000,35.69499969482422,35.560001373291016,22.868412017822266
24-10-2003,35.14500045776367,35.5,1316600,35.540000915527344,35.439998626708984,22.79124641418457
27-10-2003,35.505001068115234,35.505001068115234,1444800,35.95000076293945,35.814998626708984,23.032400131225586
28-10-2003,35.09000015258789,35.810001373291016,3179800,35.98500061035156,35.4900016784668,22.823400497436523
29-10-2003,35.52000045776367,35.54999923706055,2057400,36.08000183105469,35.97999954223633,23.138507843017578
30-10-2003,36.0099983215332,36.189998626708984,2529400,36.69499969482422,36.654998779296875,23.572599411010742
31-10-2003,36.560001373291016,36.65999984741211,2119400,36.86000061035156,36.775001525878906,23.649770736694336
03-11-2003,36.915000915527344,37.0,1824400,37.220001220703125,37.11000061035156,23.865217208862305
04-11-2003,36.92499923706055,37.11000061035156,1733800,37.40999984741211,37.16999816894531,23.90378189086914
05-11-2003,37.125,37.165000915527344,1345400,37.3650016784668,37.29999923706055,23.98740577697754
06-11-2003,37.189998626708984,37.20000076293945,1974000,37.85499954223633,37.810001373291016,24.31537437438965
07-11-2003,37.67499923706055,37.810001373291016,1789800,37.935001373291016,37.70500183105469,24.247859954833984
10-11-2003,36.95000076293945,37.70500183105469,2083400,37.80500030517578,37.459999084472656,24.090299606323242
11-11-2003,37.255001068115234,37.540000915527344,1964000,37.67499923706055,37.58000183105469,24.167470932006836
12-11-2003,36.904998779296875,37.57500076293945,1724400,38.209999084472656,38.13999938964844,24.52759552001953
13-11-2003,37.89500045776367,38.13999938964844,2146400,38.189998626708984,38.040000915527344,24.463279724121094
14-11-2003,37.775001525878906,38.150001525878906,1708800,38.375,37.93000030517578,24.39254379272461
17-11-2003,37.43000030517578,37.93000030517578,1544400,37.93000030517578,37.7599983215332,24.28321075439453
18-11-2003,37.3650016784668,37.82500076293945,2215400,37.95000076293945,37.42499923706055,24.067787170410156
19-11-2003,37.2599983215332,37.400001525878906,1202200,37.75,37.599998474121094,24.180328369140625
20-11-2003,37.17499923706055,37.60499954223633,2006000,37.625,37.28499984741211,23.977752685546875
21-11-2003,36.90999984741211,37.290000915527344,1422200,37.32500076293945,37.125,23.874853134155273
24-11-2003,37.125,37.125,1635000,37.689998626708984,37.689998626708984,24.238201141357422
25-11-2003,37.685001373291016,37.685001373291016,3327800,39.165000915527344,39.095001220703125,25.141754150390625
26-11-2003,38.80500030517578,39.099998474121094,1560200,39.099998474121094,38.875,25.00026512145996
28-11-2003,38.8849983215332,38.8849983215332,672400,39.095001220703125,39.04999923706055,25.112808227539062
01-12-2003,39.0099983215332,39.0099983215332,2158000,40.02000045776367,39.94499969482422,25.68837547302246
02-12-2003,39.599998474121094,39.625,2392400,39.880001068115234,39.82500076293945,25.611209869384766
03-12-2003,39.82500076293945,39.82500076293945,2982600,40.904998779296875,40.244998931884766,25.881303787231445
04-12-2003,40.1150016784668,40.150001525878906,2285800,40.599998474121094,40.599998474121094,26.109615325927734
05-12-2003,40.54999923706055,40.599998474121094,2417800,40.92499923706055,40.650001525878906,26.141775131225586
08-12-2003,40.29999923706055,40.54999923706055,1954600,40.95000076293945,40.95000076293945,26.334684371948242
09-12-2003,40.869998931884766,40.869998931884766,3016200,41.619998931884766,41.35499954223633,26.59514808654785
10-12-2003,40.6150016784668,41.345001220703125,2587000,41.345001220703125,40.875,26.286447525024414
11-12-2003,40.75,40.880001068115234,2540600,41.060001373291016,40.85499954223633,26.273590087890625
12-12-2003,40.625,40.875,1419600,40.875,40.720001220703125,26.186771392822266
15-12-2003,40.875,41.25,2137400,41.56999969482422,40.875,26.286447525024414
16-12-2003,40.505001068115234,40.875,2440600,41.0,40.8849983215332,26.292879104614258
17-12-2003,40.5,40.7599983215332,1885600,40.90999984741211,40.904998779296875,26.305747985839844
18-12-2003,40.75,40.95000076293945,1913000,41.779998779296875,41.779998779296875,26.868459701538086
19-12-2003,41.209999084472656,41.75,2430000,41.91999816894531,41.42499923706055,26.640159606933594
22-12-2003,41.525001525878906,41.54999923706055,1354200,41.915000915527344,41.915000915527344,26.955280303955078
23-12-2003,41.775001525878906,41.904998779296875,1524000,42.349998474121094,41.95000076293945,26.977792739868164
24-12-2003,41.54999923706055,41.95500183105469,513400,41.95500183105469,41.595001220703125,26.749488830566406
26-12-2003,41.689998626708984,41.720001220703125,299600,41.915000915527344,41.845001220703125,26.910261154174805
29-12-2003,41.68000030517578,42.04999923706055,1271200,42.07500076293945,42.07500076293945,27.214263916015625
30-12-2003,41.63999938964844,42.08000183105469,1342400,42.08000183105469,41.849998474121094,27.068721771240234
31-12-2003,41.650001525878906,41.90999984741211,994800,42.05500030517578,41.95500183105469,27.136640548706055
02-01-2004,41.20000076293945,42.08000183105469,1697000,42.1150016784668,41.314998626708984,26.722694396972656
05-01-2004,41.400001525878906,41.400001525878906,1481800,42.0,41.98500061035156,27.15604019165039
06-01-2004,41.54999923706055,41.935001373291016,1564600,42.099998474121094,42.025001525878906,27.18191909790039
07-01-2004,41.494998931884766,41.900001525878906,2247000,42.025001525878906,41.82500076293945,27.052553176879883
08-01-2004,41.380001068115234,41.900001525878906,1343200,41.91999816894531,41.88999938964844,27.09459686279297
09-01-2004,41.06999969482422,41.88999938964844,1185400,41.88999938964844,41.15999984741211,26.622434616088867
12-01-2004,41.20000076293945,41.224998474121094,1176400,41.790000915527344,41.75,27.004045486450195
13-01-2004,41.45000076293945,41.79999923706055,1320400,42.310001373291016,41.91999816894531,27.11400604248047
14-01-2004,41.900001525878906,42.07500076293945,1051400,42.380001068115234,42.31999969482422,27.372722625732422
15-01-2004,41.95000076293945,42.400001525878906,1240200,42.5,42.38999938964844,27.418001174926758
16-01-2004,42.165000915527344,42.474998474121094,1725600,42.5,42.26499938964844,27.337141036987305
20-01-2004,40.3849983215332,42.064998626708984,4240200,42.064998626708984,40.525001525878906,26.211719512939453
21-01-2004,40.415000915527344,40.57500076293945,2375000,41.095001220703125,41.040000915527344,26.544811248779297
22-01-2004,40.779998779296875,40.834999084472656,1415800,41.349998474121094,40.869998931884766,26.434871673583984
23-01-2004,40.86000061035156,41.099998474121094,1584400,41.3650016784668,41.064998626708984,26.56097984313965
26-01-2004,40.44499969482422,41.01499938964844,1395000,41.060001373291016,40.8849983215332,26.44455337524414
27-01-2004,40.375,41.150001525878906,2029800,41.150001525878906,40.38999938964844,26.12439727783203
28-01-2004,39.70000076293945,40.4900016784668,2045400,40.790000915527344,39.83000183105469,25.76219367980957
29-01-2004,38.45000076293945,39.80500030517578,3882800,40.1349983215332,38.775001525878906,25.07980728149414
30-01-2004,38.150001525878906,38.150001525878906,3707600,39.275001525878906,39.04999923706055,25.257667541503906
02-02-2004,38.89500045776367,39.39500045776367,2459000,39.540000915527344,39.0099983215332,25.231809616088867
03-02-2004,38.5,38.560001373291016,2836800,39.54999923706055,38.9900016784668,25.2188663482666
04-02-2004,38.47999954223633,38.994998931884766,2253200,38.994998931884766,38.5,24.901935577392578
05-02-2004,38.380001068115234,38.625,1913600,39.42499923706055,39.154998779296875,25.325590133666992
06-02-2004,39.099998474121094,39.125,2210400,39.80500030517578,39.68000030517578,25.665159225463867
09-02-2004,39.04499816894531,39.55500030517578,1597600,39.57500076293945,39.19499969482422,25.35145378112793
10-02-2004,39.0,39.04999923706055,1337000,39.470001220703125,39.39500045776367,25.480819702148438
11-02-2004,39.154998779296875,39.154998779296875,1679400,40.154998779296875,39.974998474121094,25.855966567993164
12-02-2004,39.6349983215332,39.67499923706055,2031000,40.28499984741211,39.915000915527344,25.81715965270996
13-02-2004,39.35499954223633,40.01499938964844,1613000,40.08000183105469,39.41999816894531,25.496990203857422
17-02-2004,38.720001220703125,39.525001525878906,2389800,39.7400016784668,39.6150016784668,25.62312126159668
18-02-2004,39.27000045776367,39.68000030517578,1212400,39.8650016784668,39.42499923706055,25.50022315979004
19-02-2004,39.45000076293945,39.75,1547000,40.08000183105469,39.45000076293945,25.516395568847656
20-02-2004,39.310001373291016,39.625,2089200,39.75,39.689998626708984,25.671634674072266
23-02-2004,39.5,39.71500015258789,1981000,39.849998474121094,39.744998931884766,25.70719337463379
24-02-2004,38.970001220703125,39.744998931884766,2875600,39.904998779296875,39.224998474121094,25.37085723876953
25-02-2004,39.060001373291016,39.23500061035156,1366400,39.7400016784668,39.650001525878906,25.645751953125
26-02-2004,39.290000915527344,39.900001525878906,1738000,39.900001525878906,39.86000061035156,25.781579971313477
27-02-2004,39.14500045776367,39.14500045776367,2508000,40.0,39.7599983215332,25.716903686523438
01-03-2004,39.8849983215332,40.0,2098800,40.25,39.95000076293945,25.83979606628418
02-03-2004,39.400001525878906,39.849998474121094,1505400,40.0,39.58000183105469,25.600481033325195
03-03-2004,39.345001220703125,39.56999969482422,1314400,39.79999923706055,39.599998474121094,25.61341667175293
04-03-2004,39.084999084472656,39.599998474121094,1577800,39.64500045776367,39.400001525878906,25.484050750732422
05-03-2004,39.150001525878906,39.400001525878906,1991400,39.88999938964844,39.36000061035156,25.45819091796875
08-03-2004,38.61000061035156,39.125,2305600,39.2400016784668,38.61000061035156,24.973079681396484
09-03-2004,37.91999816894531,38.64500045776367,3424200,38.71500015258789,38.21500015258789,24.71759033203125
10-03-2004,37.314998626708984,38.21500015258789,2222600,38.275001525878906,37.39500045776367,24.187213897705078
11-03-2004,36.459999084472656,36.51499938964844,4377200,37.404998779296875,36.709999084472656,23.74415397644043
12-03-2004,37.39500045776367,37.400001525878906,3703800,37.8650016784668,37.845001220703125,24.47828483581543
15-03-2004,37.349998474121094,38.17499923706055,4728600,38.31999969482422,38.09000015258789,24.636743545532227
16-03-2004,38.09000015258789,38.5,4135000,38.900001525878906,38.474998474121094,24.885757446289062
17-03-2004,38.54999923706055,38.54999923706055,2466600,39.18000030517578,39.025001525878906,25.24150276184082
18-03-2004,38.4900016784668,38.70000076293945,1760800,39.064998626708984,38.869998931884766,25.141254425048828
19-03-2004,38.4900016784668,38.70500183105469,1733400,38.970001220703125,38.564998626708984,24.94397735595703
22-03-2004,37.64500045776367,38.375,2277400,38.560001373291016,37.900001525878906,24.51384735107422
23-03-2004,37.619998931884766,38.099998474121094,2510400,38.19499969482422,37.755001068115234,24.420072555541992
24-03-2004,37.255001068115234,37.57500076293945,1977400,37.875,37.685001373291016,24.37479019165039
25-03-2004,37.58000183105469,37.84000015258789,2394000,38.73500061035156,38.65999984741211,25.005428314208984
26-03-2004,38.32500076293945,38.61000061035156,1697000,38.935001373291016,38.599998474121094,24.966617584228516
29-03-2004,38.73500061035156,38.869998931884766,1338600,39.25,39.04499816894531,25.41244888305664
30-03-2004,39.005001068115234,39.04999923706055,2495000,39.48500061035156,39.415000915527344,25.65327262878418
31-03-2004,39.20000076293945,39.494998931884766,2220200,39.70500183105469,39.6150016784668,25.783435821533203
01-04-2004,39.2599983215332,39.474998474121094,1692800,39.720001220703125,39.435001373291016,25.66628646850586
02-04-2004,39.439998626708984,39.744998931884766,2160000,39.88999938964844,39.82500076293945,25.920106887817383
05-04-2004,39.755001068115234,39.92499923706055,2401800,40.6349983215332,40.6349983215332,26.447290420532227
06-04-2004,40.29999923706055,40.29999923706055,1967400,40.83000183105469,40.790000915527344,26.54818344116211
07-04-2004,40.04999923706055,40.6349983215332,1622400,40.65999984741211,40.19499969482422,26.160924911499023
08-04-2004,40.22999954223633,40.29499816894531,1780000,40.68000030517578,40.31999969482422,26.242280960083008
12-04-2004,40.415000915527344,40.60499954223633,959200,40.7599983215332,40.4900016784668,26.35293197631836
13-04-2004,39.775001525878906,40.5,1740200,40.505001068115234,39.959999084472656,26.007976531982422
14-04-2004,39.93000030517578,39.9900016784668,2499600,40.470001220703125,40.310001373291016,26.235769271850586
15-04-2004,40.470001220703125,40.494998931884766,2995800,41.04499816894531,41.04499816894531,26.71414566040039
16-04-2004,41.060001373291016,41.29499816894531,2679000,41.665000915527344,41.595001220703125,27.072114944458008
19-04-2004,41.51499938964844,41.51499938964844,2559600,41.8849983215332,41.599998474121094,27.07535743713379
20-04-2004,41.814998626708984,42.44499969482422,4004400,42.45000076293945,41.81999969482422,27.218555450439453
21-04-2004,41.654998779296875,41.82500076293945,4936800,42.79499816894531,42.75,27.823850631713867
22-04-2004,42.775001525878906,42.775001525878906,6315600,44.70000076293945,44.69499969482422,29.08976173400879
23-04-2004,43.404998779296875,44.459999084472656,3518400,44.46500015258789,44.04999923706055,28.669960021972656
26-04-2004,43.44499969482422,43.7400016784668,2698200,44.349998474121094,43.52000045776367,28.32500457763672
27-04-2004,43.81999969482422,43.900001525878906,3615600,44.599998474121094,44.06999969482422,28.682964324951172
28-04-2004,42.849998474121094,43.94499969482422,2127800,43.95000076293945,43.05500030517578,28.022357940673828
29-04-2004,42.84000015258789,43.05500030517578,2223400,43.505001068115234,43.099998474121094,28.05164337158203
30-04-2004,42.900001525878906,43.14500045776367,2832800,43.53499984741211,43.10499954223633,28.05489158630371
03-05-2004,43.19499969482422,43.400001525878906,2332800,43.7599983215332,43.7599983215332,28.481199264526367
04-05-2004,43.3650016784668,43.60499954223633,2031600,44.25,43.77000045776367,28.487716674804688
05-05-2004,43.404998779296875,43.619998931884766,1750600,44.005001068115234,43.79999923706055,28.50723648071289
06-05-2004,43.165000915527344,43.720001220703125,1471200,43.755001068115234,43.505001068115234,28.315242767333984
07-05-2004,42.70500183105469,43.275001525878906,4300200,43.849998474121094,42.9900016784668,27.980043411254883
10-05-2004,41.59000015258789,42.79999923706055,3414600,42.80500030517578,41.89500045776367,27.267377853393555
11-05-2004,41.755001068115234,41.974998474121094,3931800,42.31999969482422,42.15999984741211,27.439849853515625
12-05-2004,41.55500030517578,42.125,3349200,42.814998626708984,42.790000915527344,27.849878311157227
13-05-2004,42.15999984741211,42.400001525878906,2295200,42.76499938964844,42.209999084472656,27.472400665283203
14-05-2004,42.125,42.95000076293945,2318200,43.14500045776367,42.83000183105469,27.87590980529785
17-05-2004,41.83000183105469,42.494998931884766,1684200,42.5099983215332,42.42499923706055,27.612319946289062
18-05-2004,42.3650016784668,42.375,2096600,42.915000915527344,42.7400016784668,27.817337036132812
19-05-2004,42.7599983215332,43.099998474121094,2260800,43.665000915527344,42.83000183105469,27.87590980529785
20-05-2004,42.720001220703125,42.875,2943800,43.345001220703125,43.20000076293945,28.116727828979492
21-05-2004,43.33000183105469,43.400001525878906,2731800,43.64500045776367,43.625,28.39333724975586
24-05-2004,43.845001220703125,43.849998474121094,3572200,44.255001068115234,44.20000076293945,28.767580032348633
25-05-2004,44.09000015258789,44.20000076293945,4990000,45.23500061035156,45.04999923706055,29.32080078125
26-05-2004,44.724998474121094,44.79999923706055,3927200,45.09000015258789,44.849998474121094,29.190637588500977
27-05-2004,44.53499984741211,44.849998474121094,4543000,45.130001068115234,44.900001525878906,29.223167419433594
28-05-2004,44.775001525878906,44.900001525878906,2457800,45.02000045776367,44.939998626708984,29.24921417236328
01-06-2004,44.939998626708984,45.0,3247400,45.75,45.650001525878906,29.7113037109375
02-06-2004,45.650001525878906,45.650001525878906,3604000,46.7400016784668,46.525001525878906,30.280807495117188
03-06-2004,46.255001068115234,46.474998474121094,2669600,46.625,46.400001525878906,30.199459075927734
04-06-2004,46.130001068115234,46.5,2406200,46.59000015258789,46.14500045776367,30.033479690551758
07-06-2004,46.26499938964844,46.27000045776367,2748600,47.29999923706055,47.0,30.5899658203125
08-06-2004,46.66999816894531,47.0,2634000,47.165000915527344,47.08000183105469,30.642026901245117
09-06-2004,47.064998626708984,47.189998626708984,4105200,47.54999923706055,47.18000030517578,30.707111358642578
10-06-2004,47.04999923706055,47.150001525878906,1963800,47.35499954223633,47.165000915527344,30.697345733642578
14-06-2004,46.439998626708984,46.79999923706055,2014800,46.904998779296875,46.474998474121094,30.24826431274414
15-06-2004,45.97999954223633,46.875,5129400,46.875,46.06999969482422,29.98468017578125
16-06-2004,45.57500076293945,45.994998931884766,3679800,46.25,46.064998626708984,29.981401443481445
17-06-2004,45.94499969482422,46.060001373291016,2294000,46.310001373291016,46.224998474121094,30.08555030822754
18-06-2004,45.91999816894531,45.91999816894531,1897400,46.724998474121094,46.3849983215332,30.189680099487305
21-06-2004,46.130001068115234,46.29999923706055,1540600,46.58000183105469,46.185001373291016,30.05953025817871
22-06-2004,46.209999084472656,46.29999923706055,2595400,46.60499954223633,46.44499969482422,30.22874641418457
23-06-2004,46.275001525878906,46.400001525878906,1859200,47.224998474121094,47.1349983215332,30.677824020385742
24-06-2004,46.994998931884766,47.0099983215332,2223200,47.42499923706055,47.39500045776367,30.84705352783203
25-06-2004,47.400001525878906,47.5099983215332,3504800,48.22999954223633,47.775001525878906,31.09436798095703
28-06-2004,47.54499816894531,48.25,2456200,48.349998474121094,47.59000015258789,31.130355834960938
29-06-2004,47.61000061035156,47.61000061035156,2198200,47.915000915527344,47.79999923706055,31.267702102661133
30-06-2004,47.29499816894531,47.630001068115234,1929800,48.03499984741211,47.94499969482422,31.36256217956543
01-07-2004,47.0099983215332,48.25,3309000,48.29999923706055,47.334999084472656,30.963544845581055
02-07-2004,46.665000915527344,47.494998931884766,2427400,47.494998931884766,46.814998626708984,30.623397827148438
06-07-2004,46.13999938964844,46.650001525878906,2006800,46.720001220703125,46.31999969482422,30.29960060119629
07-07-2004,46.26499938964844,46.400001525878906,2215400,46.95500183105469,46.275001525878906,30.270164489746094
08-07-2004,45.60499954223633,46.150001525878906,2057200,46.41999816894531,46.10499954223633,30.158966064453125
09-07-2004,46.40999984741211,46.53499984741211,2423600,46.92499923706055,46.720001220703125,30.561260223388672
12-07-2004,46.23500061035156,46.724998474121094,2065800,46.79999923706055,46.435001373291016,30.374818801879883
13-07-2004,46.32500076293945,46.400001525878906,1181000,46.525001525878906,46.3849983215332,30.34211540222168
14-07-2004,46.08000183105469,46.25,1937000,46.630001068115234,46.45000076293945,30.384628295898438
15-07-2004,46.2400016784668,46.45000076293945,1816600,46.724998474121094,46.415000915527344,30.361736297607422
16-07-2004,46.59000015258789,46.70000076293945,2033400,47.064998626708984,46.845001220703125,30.643024444580078
19-07-2004,46.0099983215332,46.849998474121094,2545200,47.025001525878906,46.279998779296875,30.2734317779541
20-07-2004,45.75,46.29499816894531,1955000,46.404998779296875,46.060001373291016,30.12950897216797
21-07-2004,43.19499969482422,44.880001068115234,8213600,45.1150016784668,43.375,28.37317657470703
22-07-2004,43.3650016784668,43.375,5297000,44.099998474121094,43.71500015258789,28.595563888549805
23-07-2004,43.099998474121094,43.59000015258789,3072200,43.900001525878906,43.42499923706055,28.40587043762207
26-07-2004,43.34000015258789,43.3650016784668,3475600,43.9900016784668,43.90999984741211,28.72311782836914
27-07-2004,43.81999969482422,43.90999984741211,2609800,44.375,44.369998931884766,29.024028778076172
28-07-2004,44.15999984741211,44.20000076293945,2721800,44.96500015258789,44.775001525878906,29.28895378112793
29-07-2004,44.67499923706055,44.779998779296875,2727400,45.375,45.18000030517578,29.553869247436523
30-07-2004,44.81999969482422,45.185001373291016,2837800,45.42499923706055,45.2599983215332,29.60622215270996
02-08-2004,44.834999084472656,45.2599983215332,2483600,45.27000045776367,45.099998474121094,29.50153923034668
03-08-2004,44.665000915527344,45.04999923706055,3095000,45.224998474121094,45.13999938964844,29.5277099609375
04-08-2004,44.974998474121094,45.0,2671000,45.64500045776367,45.529998779296875,29.782819747924805
05-08-2004,44.630001068115234,45.529998779296875,2778200,45.60499954223633,44.70000076293945,29.239887237548828
06-08-2004,43.60499954223633,44.5,2883400,44.5,43.775001525878906,28.634828567504883
09-08-2004,43.779998779296875,43.779998779296875,1698000,44.2599983215332,43.935001373291016,28.739465713500977
10-08-2004,44.02000045776367,44.02000045776367,2326200,44.7400016784668,44.73500061035156,29.262794494628906
11-08-2004,44.189998626708984,44.67499923706055,2146800,44.935001373291016,44.79999923706055,29.305307388305664
12-08-2004,43.935001373291016,44.79999923706055,2376000,44.80500030517578,44.150001525878906,28.880115509033203
13-08-2004,43.720001220703125,44.154998779296875,2430000,44.81999969482422,43.970001220703125,28.762371063232422
16-08-2004,43.75,43.970001220703125,3010200,45.07500076293945,44.71500015258789,29.24970054626465
17-08-2004,44.845001220703125,44.875,2419000,45.244998931884766,44.94499969482422,29.4001522064209
18-08-2004,44.66999816894531,44.939998626708984,2642400,45.56999969482422,45.48500061035156,29.753398895263672
19-08-2004,44.6349983215332,45.48500061035156,2664600,45.724998474121094,45.0,29.436128616333008
20-08-2004,44.69499969482422,44.875,2238200,45.529998779296875,45.375,29.68143653869629
23-08-2004,45.220001220703125,45.474998474121094,1677400,45.70000076293945,45.255001068115234,29.602933883666992
24-08-2004,45.095001220703125,45.505001068115234,3067200,45.849998474121094,45.32500076293945,29.64872169494629
25-08-2004,44.904998779296875,45.45000076293945,1848000,46.05500030517578,45.744998931884766,29.923471450805664
26-08-2004,45.55500030517578,45.64500045776367,1329200,46.04999923706055,45.86000061035156,29.998689651489258
27-08-2004,45.654998779296875,45.98500061035156,949200,46.029998779296875,46.02000045776367,30.103355407714844
30-08-2004,45.525001525878906,46.02000045776367,1024400,46.02000045776367,45.529998779296875,29.782819747924805
31-08-2004,45.209999084472656,45.654998779296875,1732800,46.25,45.64500045776367,29.858043670654297
01-09-2004,45.45000076293945,45.77000045776367,1473400,46.150001525878906,45.86000061035156,29.998689651489258
02-09-2004,45.689998626708984,45.869998931884766,1363000,46.415000915527344,46.29999923706055,30.286500930786133
03-09-2004,46.29999923706055,46.400001525878906,1390000,46.744998931884766,46.5099983215332,30.423885345458984
07-09-2004,46.125,46.724998474121094,2656800,46.845001220703125,46.32500076293945,30.30286979675293
08-09-2004,45.810001373291016,46.25,2027000,46.34000015258789,45.814998626708984,29.969257354736328
09-09-2004,44.459999084472656,45.33000183105469,4287800,45.349998474121094,44.900001525878906,29.37070655822754
10-09-2004,44.02000045776367,44.724998474121094,3346600,44.790000915527344,44.48500061035156,29.09925651550293
13-09-2004,44.540000915527344,44.57500076293945,2727600,45.33000183105469,44.775001525878906,29.28895378112793
14-09-2004,43.880001068115234,44.900001525878906,3960200,44.92499923706055,44.20000076293945,28.912826538085938
15-09-2004,43.779998779296875,44.125,3415800,44.345001220703125,44.2400016784668,28.938989639282227
16-09-2004,44.724998474121094,45.0,4619200,45.67499923706055,45.494998931884766,29.759920120239258
17-09-2004,45.64500045776367,46.39500045776367,4205200,46.39500045776367,46.0,30.090269088745117
20-09-2004,45.650001525878906,45.665000915527344,2131000,46.119998931884766,45.720001220703125,29.9071102142334
21-09-2004,46.0,46.025001525878906,2193800,46.43000030517578,46.255001068115234,30.257083892822266
22-09-2004,45.6349983215332,46.2599983215332,2025200,46.2599983215332,45.73500061035156,29.91692352294922
23-09-2004,45.25,45.65999984741211,2363400,45.79499816894531,45.314998626708984,29.642183303833008
24-09-2004,45.14500045776367,45.25,1749000,45.869998931884766,45.65999984741211,29.867868423461914
27-09-2004,45.185001373291016,45.599998474121094,1798800,45.599998474121094,45.29999923706055,29.632366180419922
28-09-2004,44.95000076293945,45.15999984741211,1868200,45.935001373291016,45.69499969482422,30.076679229736328
29-09-2004,45.54999923706055,45.57500076293945,2133000,46.349998474121094,46.27000045776367,30.45513153076172
30-09-2004,46.04499816894531,46.27000045776367,2787200,46.86000061035156,46.584999084472656,30.6624755859375
01-10-2004,46.75,46.875,2744000,47.46500015258789,47.349998474121094,31.165985107421875
04-10-2004,47.17499923706055,47.625,3797800,48.310001373291016,47.17499923706055,31.05080795288086
05-10-2004,46.85499954223633,47.275001525878906,2332400,47.29999923706055,46.935001373291016,30.892839431762695
06-10-2004,46.900001525878906,46.900001525878906,2316800,47.650001525878906,47.6150016784668,31.340425491333008
07-10-2004,47.125,47.599998474121094,1583200,47.70000076293945,47.130001068115234,31.02117919921875
08-10-2004,46.45000076293945,47.11000061035156,1565600,47.279998779296875,46.630001068115234,30.692087173461914
11-10-2004,46.619998931884766,46.75,829600,46.974998474121094,46.625,30.688791275024414
12-10-2004,46.10499954223633,46.5,1916600,46.505001068115234,46.27000045776367,30.45513153076172
13-10-2004,45.349998474121094,46.57500076293945,3139800,46.81999969482422,45.47999954223633,29.935152053833008
14-10-2004,44.92499923706055,45.650001525878906,3047800,45.650001525878906,45.16999816894531,29.731094360351562
15-10-2004,45.25,45.54999923706055,2661200,45.875,45.64500045776367,30.043743133544922
18-10-2004,44.64500045776367,45.5,3659600,45.505001068115234,45.29999923706055,29.81666374206543
19-10-2004,44.39500045776367,45.349998474121094,3922400,45.724998474121094,44.435001373291016,29.2473201751709
20-10-2004,44.375,44.4900016784668,2679400,44.875,44.55500030517578,29.326309204101562
21-10-2004,43.7400016784668,44.505001068115234,2951200,45.189998626708984,44.875,29.53692626953125
22-10-2004,44.54999923706055,44.900001525878906,1591200,45.21500015258789,44.55500030517578,29.326309204101562
25-10-2004,44.25,44.29999923706055,1602400,44.79499816894531,44.63999938964844,29.38225555419922
26-10-2004,44.3849983215332,44.689998626708984,1908000,45.150001525878906,45.150001525878906,29.717937469482422
27-10-2004,44.70000076293945,45.025001525878906,1720000,45.595001220703125,45.44499969482422,29.912105560302734
28-10-2004,45.01499938964844,45.25,1642000,45.834999084472656,45.54499816894531,29.977935791015625
29-10-2004,45.5099983215332,45.57500076293945,1691200,46.20500183105469,46.13999938964844,30.36955451965332
01-11-2004,45.685001373291016,46.064998626708984,1853000,46.2400016784668,45.845001220703125,30.17539405822754
02-11-2004,45.44499969482422,45.775001525878906,2560800,46.45000076293945,45.5,29.948307037353516
03-11-2004,45.650001525878906,45.67499923706055,2801200,46.32500076293945,46.224998474121094,30.425506591796875
04-11-2004,46.334999084472656,46.45000076293945,2485400,47.345001220703125,47.334999084472656,31.1561222076416
05-11-2004,47.20500183105469,47.34000015258789,3121000,47.92499923706055,47.38999938964844,31.192312240600586
08-11-2004,47.25,47.3650016784668,2840200,47.435001373291016,47.32500076293945,31.149534225463867
09-11-2004,47.17499923706055,47.45000076293945,2131200,47.47999954223633,47.220001220703125,31.08043098449707
10-11-2004,46.904998779296875,47.42499923706055,2163600,47.42499923706055,46.92499923706055,30.88624382019043
11-11-2004,46.974998474121094,47.0,2075000,47.880001068115234,47.720001220703125,31.409523010253906
12-11-2004,47.36000061035156,47.595001220703125,1472400,47.9900016784668,47.9900016784668,31.58724021911621
15-11-2004,47.619998931884766,47.9900016784668,2069400,48.25,47.775001525878906,31.44571876525879
16-11-2004,47.095001220703125,47.650001525878906,2466400,47.685001373291016,47.17499923706055,31.05080795288086
17-11-2004,46.96500015258789,47.0,1921400,47.76499938964844,47.349998474121094,31.165985107421875
18-11-2004,47.33000183105469,47.400001525878906,1803800,47.92499923706055,47.849998474121094,31.495092391967773
19-11-2004,47.220001220703125,47.849998474121094,1903000,47.875,47.439998626708984,31.22523307800293
22-11-2004,47.35499954223633,47.540000915527344,1581800,48.0,47.994998931884766,31.590539932250977
23-11-2004,47.5,47.959999084472656,1676000,48.0,47.689998626708984,31.389785766601562
24-11-2004,47.650001525878906,47.8650016784668,1073000,47.95500183105469,47.79499816894531,31.45888900756836
26-11-2004,47.72999954223633,47.845001220703125,728600,48.04999923706055,47.86000061035156,31.501678466796875
29-11-2004,47.04999923706055,48.025001525878906,1822000,48.130001068115234,47.619998931884766,31.34370231628418
30-11-2004,47.04999923706055,47.25,2664000,47.58000183105469,47.1150016784668,31.011306762695312
01-12-2004,47.125,47.349998474121094,1988800,47.90999984741211,47.814998626708984,31.4720516204834
02-12-2004,47.275001525878906,47.75,2186000,47.76499938964844,47.53499984741211,31.287757873535156
03-12-2004,47.26499938964844,47.349998474121094,2816800,48.10499954223633,47.51499938964844,31.27459144592285
06-12-2004,47.07500076293945,47.17499923706055,1511800,47.650001525878906,47.415000915527344,31.208768844604492
07-12-2004,47.0,47.51499938964844,2346800,47.70000076293945,47.029998779296875,30.955368041992188
08-12-2004,46.95000076293945,47.18000030517578,1688800,47.400001525878906,47.2599983215332,31.10675048828125
09-12-2004,46.595001220703125,47.099998474121094,2090600,47.474998474121094,47.220001220703125,31.08043098449707
10-12-2004,46.814998626708984,47.095001220703125,1543600,47.44499969482422,46.84000015258789,30.830312728881836
13-12-2004,46.64500045776367,47.04999923706055,1803200,47.095001220703125,46.900001525878906,30.86980628967285
14-12-2004,46.584999084472656,46.904998779296875,2526800,46.94499969482422,46.70000076293945,30.7381649017334
15-12-2004,45.9900016784668,46.70500183105469,3580600,46.779998779296875,46.09000015258789,30.336647033691406
16-12-2004,45.685001373291016,46.20000076293945,3256400,46.29499816894531,45.93000030517578,30.231340408325195
17-12-2004,45.470001220703125,45.5,5164400,45.95000076293945,45.849998474121094,30.178682327270508
20-12-2004,45.849998474121094,45.849998474121094,2481400,46.52000045776367,46.375,30.524234771728516
21-12-2004,46.165000915527344,46.625,2410400,46.939998626708984,46.564998626708984,30.649301528930664
22-12-2004,46.404998779296875,46.42499923706055,1785600,46.75,46.724998474121094,30.754608154296875
23-12-2004,46.66999816894531,46.82500076293945,1366200,47.005001068115234,46.880001068115234,30.856630325317383
27-12-2004,46.54999923706055,46.89500045776367,1625000,47.1150016784668,46.54999923706055,30.639423370361328
28-12-2004,46.45500183105469,46.67499923706055,1551200,46.869998931884766,46.689998626708984,30.73158073425293
29-12-2004,46.290000915527344,46.5,968400,46.599998474121094,46.5,30.791168212890625
30-12-2004,46.25,46.685001373291016,886000,46.79999923706055,46.45000076293945,30.758068084716797
31-12-2004,46.314998626708984,46.45000076293945,860800,46.65999984741211,46.34000015258789,30.685230255126953
03-01-2005,45.83000183105469,46.505001068115234,2381800,46.60499954223633,46.08000183105469,30.513059616088867
04-01-2005,45.56999969482422,46.20500183105469,2747400,46.314998626708984,45.790000915527344,30.321029663085938
05-01-2005,45.775001525878906,45.775001525878906,3396600,46.59000015258789,46.060001373291016,30.499805450439453
06-01-2005,45.54499816894531,46.310001373291016,4081600,46.400001525878906,45.564998626708984,30.17203140258789
07-01-2005,45.025001525878906,45.6150016784668,3391600,45.650001525878906,45.5099983215332,30.135618209838867
10-01-2005,45.46500015258789,45.5099983215332,3338400,45.88999938964844,45.630001068115234,30.215085983276367
11-01-2005,45.349998474121094,45.45000076293945,3554200,45.665000915527344,45.459999084472656,30.102516174316406
12-01-2005,45.150001525878906,45.32500076293945,2788200,45.5099983215332,45.5099983215332,30.135618209838867
13-01-2005,44.994998931884766,45.5,2005400,45.599998474121094,45.125,29.880680084228516
14-01-2005,45.1150016784668,45.1349983215332,2245400,45.90999984741211,45.80500030517578,30.330970764160156
18-01-2005,45.095001220703125,45.80500030517578,3336800,45.974998474121094,45.685001373291016,30.251497268676758
19-01-2005,45.53499984741211,45.599998474121094,2155400,45.970001220703125,45.625,30.211769104003906
20-01-2005,44.6150016784668,45.625,2796200,45.625,44.70000076293945,29.599252700805664
21-01-2005,43.849998474121094,44.599998474121094,4141200,44.82500076293945,43.849998474121094,29.036401748657227
24-01-2005,43.650001525878906,43.974998474121094,2986400,44.42499923706055,43.650001525878906,28.903961181640625
25-01-2005,43.71500015258789,43.75,2564200,44.275001525878906,43.744998931884766,28.966890335083008
26-01-2005,43.349998474121094,43.75,3344000,43.95500183105469,43.5,28.804649353027344
27-01-2005,42.79999923706055,43.0,5482600,43.42499923706055,43.130001068115234,28.559635162353516
28-01-2005,42.779998779296875,43.130001068115234,2491000,43.39500045776367,43.39500045776367,28.735122680664062
31-01-2005,43.130001068115234,43.39500045776367,2552200,43.689998626708984,43.4900016784668,28.79801368713379
01-02-2005,43.290000915527344,43.5,2595400,44.130001068115234,43.875,29.052959442138672
02-02-2005,43.52000045776367,43.70000076293945,2218400,43.81999969482422,43.79999923706055,29.003292083740234
03-02-2005,43.3849983215332,43.6349983215332,1714200,43.70000076293945,43.58000183105469,28.857624053955078
04-02-2005,43.275001525878906,43.46500015258789,1703600,43.75,43.75,28.970182418823242
07-02-2005,43.45000076293945,43.744998931884766,1821800,43.77000045776367,43.65999984741211,28.91059112548828
08-02-2005,43.55500030517578,44.07500076293945,1887400,44.125,43.95000076293945,29.102617263793945
09-02-2005,43.3650016784668,43.900001525878906,2116800,43.94499969482422,43.45500183105469,28.77485466003418
10-02-2005,43.459999084472656,43.47999954223633,2167800,44.26499938964844,44.095001220703125,29.198640823364258
11-02-2005,43.810001373291016,44.095001220703125,2200800,44.875,44.4900016784668,29.46019744873047
14-02-2005,44.27000045776367,44.6150016784668,1038200,44.665000915527344,44.380001068115234,29.387359619140625
15-02-2005,44.029998779296875,44.470001220703125,1288800,44.560001373291016,44.154998779296875,29.238372802734375
16-02-2005,43.7400016784668,43.75,1735000,44.525001525878906,44.44499969482422,29.430404663085938
17-02-2005,44.75,45.150001525878906,3778800,45.63999938964844,45.58000183105469,30.181961059570312
18-02-2005,45.56999969482422,45.71500015258789,3156000,45.82500076293945,45.75,30.294538497924805
22-02-2005,44.720001220703125,45.75,2633200,45.75,44.720001220703125,29.612499237060547
23-02-2005,44.55500030517578,44.724998474121094,2067200,45.17499923706055,45.064998626708984,29.8409481048584
24-02-2005,44.625,45.0,2669000,45.04999923706055,44.96500015258789,29.774730682373047
25-02-2005,44.79999923706055,44.79999923706055,2251600,45.31999969482422,45.224998474121094,29.9468936920166
28-02-2005,44.65999984741211,44.85499954223633,2201000,45.17499923706055,44.875,29.715129852294922
01-03-2005,44.970001220703125,45.0,1851800,45.66999816894531,45.63999938964844,30.221698760986328
02-03-2005,45.099998474121094,45.34000015258789,2756000,45.400001525878906,45.400001525878906,30.062776565551758
03-03-2005,45.29999923706055,45.5,2333200,45.814998626708984,45.67499923706055,30.244873046875
04-03-2005,45.70000076293945,46.0,2793800,46.900001525878906,46.814998626708984,30.999767303466797
07-03-2005,46.494998931884766,46.810001373291016,1781600,46.86000061035156,46.59000015258789,30.850772857666016
08-03-2005,46.28499984741211,46.42499923706055,1671400,46.68000030517578,46.404998779296875,30.728267669677734
09-03-2005,46.14500045776367,46.25,1854000,46.51499938964844,46.21500015258789,30.602445602416992
10-03-2005,46.150001525878906,46.54999923706055,2299000,46.6349983215332,46.619998931884766,30.870628356933594
11-03-2005,46.375,46.505001068115234,2051200,46.79499816894531,46.53499984741211,30.814353942871094
14-03-2005,46.415000915527344,46.529998779296875,2127200,46.81999969482422,46.474998474121094,30.77461814880371
15-03-2005,46.630001068115234,46.790000915527344,3342800,47.31999969482422,47.14500045776367,31.218280792236328
16-03-2005,46.43000030517578,46.775001525878906,2875000,46.8849983215332,46.7599983215332,30.963354110717773
17-03-2005,46.400001525878906,46.625,1742000,46.7400016784668,46.560001373291016,30.830907821655273
18-03-2005,46.189998626708984,46.625,5306200,46.82500076293945,46.189998626708984,30.585899353027344
21-03-2005,45.93000030517578,46.19499969482422,1988600,46.334999084472656,46.09000015258789,30.519685745239258
22-03-2005,45.89500045776367,46.029998779296875,1777200,46.5,45.9900016784668,30.453458786010742
23-03-2005,45.77000045776367,45.98500061035156,2490000,46.17499923706055,46.0,30.460079193115234
24-03-2005,45.724998474121094,46.0,2036600,46.22999954223633,45.79999923706055,30.32765769958496
28-03-2005,45.279998779296875,45.80500030517578,3841800,45.80500030517578,45.369998931884766,30.042905807495117
29-03-2005,44.244998931884766,45.20000076293945,3686800,45.38999938964844,44.2599983215332,29.489898681640625
30-03-2005,44.2599983215332,44.54999923706055,2583000,45.0,44.814998626708984,29.859682083129883
31-03-2005,44.650001525878906,44.814998626708984,2048200,45.095001220703125,44.76499938964844,29.826372146606445
01-04-2005,44.48500061035156,45.04499816894531,2329600,45.119998931884766,44.630001068115234,29.73642349243164
04-04-2005,44.275001525878906,44.67499923706055,1600600,44.77000045776367,44.709999084472656,29.789714813232422
05-04-2005,44.70500183105469,44.709999084472656,1947800,45.279998779296875,45.26499938964844,30.15950584411621
06-04-2005,45.0,45.38999938964844,1796200,45.564998626708984,45.125,30.06623077392578
07-04-2005,45.060001373291016,45.224998474121094,4293000,45.650001525878906,45.58000183105469,30.369382858276367
08-04-2005,45.19499969482422,45.599998474121094,1201400,45.689998626708984,45.19499969482422,30.11286735534668
11-04-2005,44.96500015258789,45.13999938964844,1177000,45.2400016784668,45.119998931884766,30.06290626525879
12-04-2005,44.82500076293945,45.099998474121094,1832400,45.7599983215332,45.619998931884766,30.396045684814453
13-04-2005,44.47999954223633,45.619998931884766,2099000,45.650001525878906,44.57500076293945,29.699769973754883
14-04-2005,43.345001220703125,44.56999969482422,2737800,44.625,43.55500030517578,29.020156860351562
15-04-2005,42.53499984741211,43.68000030517578,3633000,43.79999923706055,42.53499984741211,28.340551376342773
18-04-2005,42.224998474121094,42.53499984741211,4522200,43.45000076293945,43.119998931884766,28.73032569885254
19-04-2005,43.54999923706055,44.25,3301800,44.5,43.900001525878906,29.250038146972656
20-04-2005,43.01499938964844,43.900001525878906,2140800,44.16999816894531,43.02000045776367,28.6636905670166
21-04-2005,43.029998779296875,43.45000076293945,4250600,43.470001220703125,43.25,28.816951751708984
22-04-2005,42.05500030517578,43.625,2466400,43.625,42.55500030517578,28.353891372680664
25-04-2005,42.724998474121094,42.875,1778800,43.150001525878906,42.93000030517578,28.603742599487305
26-04-2005,42.03499984741211,42.900001525878906,1557200,42.90999984741211,42.03499984741211,28.00740623474121
27-04-2005,41.275001525878906,41.91999816894531,1582800,42.369998931884766,42.255001068115234,28.15398597717285
28-04-2005,41.34000015258789,41.900001525878906,1939600,42.119998931884766,41.375,27.567649841308594
29-04-2005,41.06999969482422,41.75,2005200,42.005001068115234,41.90999984741211,27.92411231994629
02-05-2005,41.599998474121094,41.849998474121094,1567400,42.400001525878906,41.97999954223633,27.970762252807617
03-05-2005,41.78499984741211,41.875,2073800,42.494998931884766,42.150001525878906,28.08402442932129
04-05-2005,42.18000030517578,42.23500061035156,2316800,42.79499816894531,42.78499984741211,28.507110595703125
05-05-2005,42.189998626708984,42.67499923706055,1722200,42.849998474121094,42.470001220703125,28.297239303588867
06-05-2005,42.58000183105469,42.595001220703125,2110000,42.94499969482422,42.6150016784668,28.39385414123535
09-05-2005,42.185001373291016,42.56999969482422,1704200,42.625,42.584999084472656,28.373865127563477
10-05-2005,41.78499984741211,42.19499969482422,1489600,42.25,41.85499954223633,27.887468338012695
11-05-2005,41.58000183105469,41.915000915527344,2632200,42.310001373291016,42.2599983215332,28.15732192993164
12-05-2005,41.77000045776367,42.375,2972200,43.10499954223633,41.78499984741211,27.840831756591797
13-05-2005,40.875,41.91999816894531,2652600,41.91999816894531,41.040000915527344,27.344436645507812
16-05-2005,40.82500076293945,41.040000915527344,1657200,41.689998626708984,41.650001525878906,27.75087547302246
17-05-2005,41.435001373291016,41.474998474121094,1678600,42.349998474121094,42.30500030517578,28.18729591369629
18-05-2005,42.314998626708984,42.5,1671200,42.744998931884766,42.584999084472656,28.373865127563477
19-05-2005,42.099998474121094,42.57500076293945,1605400,42.91999816894531,42.23500061035156,28.140661239624023
20-05-2005,41.7599983215332,42.23500061035156,2030600,42.290000915527344,41.93000030517578,27.93743896484375
23-05-2005,41.9900016784668,42.0,1563400,42.82500076293945,42.66999816894531,28.430490493774414
24-05-2005,42.125,42.56999969482422,2603400,42.56999969482422,42.5,28.317232131958008
25-05-2005,41.939998626708984,42.375,2097000,42.380001068115234,42.310001373291016,28.190628051757812
26-05-2005,42.314998626708984,42.54999923706055,1937800,42.64500045776367,42.540000915527344,28.34388542175293
27-05-2005,42.474998474121094,42.564998626708984,1113400,42.85499954223633,42.76499938964844,28.49378776550293
31-05-2005,42.150001525878906,42.689998626708984,2049000,42.75,42.21500015258789,28.127334594726562
01-06-2005,42.244998931884766,42.255001068115234,1954000,43.04999923706055,42.86000061035156,28.55708885192871
02-06-2005,42.369998931884766,42.6150016784668,1654800,42.82500076293945,42.76499938964844,28.49378776550293
03-06-2005,42.435001373291016,42.76499938964844,1885400,42.875,42.584999084472656,28.373865127563477
06-06-2005,42.45500183105469,42.53499984741211,2282800,42.76499938964844,42.45500183105469,28.287250518798828
07-06-2005,42.375,42.459999084472656,2356400,43.064998626708984,42.834999084472656,28.540416717529297
08-06-2005,41.959999084472656,42.95000076293945,4120800,42.994998931884766,41.9900016784668,27.977418899536133
09-06-2005,41.099998474121094,41.92499923706055,4459400,41.94499969482422,41.224998474121094,27.467714309692383
10-06-2005,39.91999816894531,41.22999954223633,5282200,41.28499984741211,40.75,27.151226043701172
13-06-2005,40.79999923706055,40.79999923706055,3485800,41.619998931884766,41.21500015258789,27.461048126220703
14-06-2005,40.93000030517578,41.21500015258789,2489000,41.40999984741211,41.20500183105469,27.45438003540039
15-06-2005,40.119998931884766,40.474998474121094,8329000,41.6150016784668,41.224998474121094,27.467714309692383
16-06-2005,41.16999816894531,41.17499923706055,3497000,41.70000076293945,41.45000076293945,27.617631912231445
17-06-2005,41.529998779296875,41.689998626708984,3919600,41.90999984741211,41.7400016784668,27.81084632873535
20-06-2005,41.47999954223633,41.625,2273400,41.904998779296875,41.880001068115234,27.90412139892578
21-06-2005,41.64500045776367,41.755001068115234,2638000,41.95500183105469,41.720001220703125,27.797521591186523
22-06-2005,41.17499923706055,41.70000076293945,2373400,41.82500076293945,41.185001373291016,27.44106101989746
23-06-2005,40.564998626708984,41.189998626708984,3540400,41.275001525878906,40.935001373291016,27.274486541748047
24-06-2005,40.09000015258789,40.70000076293945,3222600,40.80500030517578,40.345001220703125,26.881366729736328
27-06-2005,40.0099983215332,40.349998474121094,3158800,40.39500045776367,40.0099983215332,26.658166885375977
28-06-2005,39.9900016784668,39.9900016784668,2100600,40.66999816894531,40.619998931884766,27.255355834960938
29-06-2005,40.36000061035156,40.54499816894531,1806000,40.78499984741211,40.470001220703125,27.15468978881836
30-06-2005,39.494998931884766,39.5,2999400,40.23500061035156,39.84000015258789,26.731975555419922
01-07-2005,39.959999084472656,39.959999084472656,2079400,40.400001525878906,40.07500076293945,26.889659881591797
05-07-2005,40.18000030517578,40.439998626708984,2810800,40.75,40.665000915527344,27.285537719726562
06-07-2005,40.220001220703125,40.665000915527344,2461800,40.665000915527344,40.224998474121094,26.99030113220215
07-07-2005,39.630001068115234,39.630001068115234,2631000,40.435001373291016,40.3849983215332,27.09765625
08-07-2005,40.23500061035156,40.349998474121094,2025400,41.224998474121094,41.20500183105469,27.647865295410156
11-07-2005,40.97999954223633,41.46500015258789,1950600,41.560001373291016,41.130001068115234,27.59754753112793
12-07-2005,40.650001525878906,41.125,1456000,41.130001068115234,40.744998931884766,27.339214324951172
13-07-2005,40.69499969482422,40.775001525878906,1474600,41.209999084472656,41.150001525878906,27.610965728759766
14-07-2005,41.099998474121094,41.154998779296875,1860600,41.564998626708984,41.5,27.84581184387207
15-07-2005,41.31999969482422,41.73500061035156,1475400,41.73500061035156,41.505001068115234,27.84916877746582
18-07-2005,41.16999816894531,41.349998474121094,1621200,41.59000015258789,41.185001373291016,27.63445472717285
19-07-2005,41.400001525878906,41.42499923706055,2380000,41.904998779296875,41.599998474121094,27.912904739379883
20-07-2005,41.32500076293945,41.40999984741211,1668400,42.470001220703125,42.45000076293945,28.483226776123047
21-07-2005,41.900001525878906,42.57500076293945,4821600,43.244998931884766,42.064998626708984,28.224912643432617
22-07-2005,42.185001373291016,42.185001373291016,3610000,42.939998626708984,42.875,28.76841926574707
25-07-2005,42.67499923706055,42.70000076293945,3812200,43.76499938964844,42.83000183105469,28.738210678100586
26-07-2005,42.82500076293945,42.82500076293945,2405000,43.220001220703125,42.88999938964844,28.77847671508789
27-07-2005,42.790000915527344,42.89500045776367,1895000,43.130001068115234,43.0,28.852279663085938
28-07-2005,42.95000076293945,42.97999954223633,2025600,43.400001525878906,43.189998626708984,28.979759216308594
29-07-2005,42.80500030517578,42.95000076293945,2155600,43.244998931884766,42.82500076293945,28.734861373901367
01-08-2005,42.71500015258789,42.82500076293945,1707600,43.11000061035156,42.755001068115234,28.687911987304688
02-08-2005,42.875,42.93000030517578,2106600,43.3650016784668,43.13999938964844,28.94622230529785
03-08-2005,42.935001373291016,43.01499938964844,1455000,43.349998474121094,43.290000915527344,29.046865463256836
04-08-2005,42.959999084472656,43.17499923706055,1649200,43.2599983215332,43.04999923706055,28.885833740234375
05-08-2005,42.810001373291016,42.85499954223633,1953400,43.17499923706055,43.07500076293945,28.902612686157227
08-08-2005,42.80500030517578,43.21500015258789,1302200,43.275001525878906,42.91999816894531,28.79860496520996
09-08-2005,42.86000061035156,43.04999923706055,1110400,43.150001525878906,43.0,28.852279663085938
10-08-2005,42.84000015258789,43.099998474121094,1706600,43.32500076293945,42.91999816894531,28.79860496520996
11-08-2005,42.79999923706055,42.91999816894531,1312800,43.27000045776367,43.27000045776367,29.033445358276367
12-08-2005,43.16999816894531,43.2599983215332,2252000,43.6150016784668,43.45000076293945,29.154218673706055
15-08-2005,43.255001068115234,43.32500076293945,1196600,43.65999984741211,43.595001220703125,29.25152015686035
16-08-2005,43.17499923706055,43.42499923706055,2366000,43.5,43.17499923706055,28.96969985961914
17-08-2005,43.005001068115234,43.099998474121094,1892600,43.310001373291016,43.20500183105469,28.989845275878906
18-08-2005,42.834999084472656,43.04499816894531,2098600,43.09000015258789,42.95000076293945,28.818742752075195
19-08-2005,42.77000045776367,42.95000076293945,1966600,42.994998931884766,42.869998931884766,28.765052795410156
22-08-2005,42.494998931884766,42.93000030517578,1601800,43.0,42.81999969482422,28.73151969909668
23-08-2005,42.34000015258789,42.869998931884766,2048200,42.8849983215332,42.525001525878906,28.533571243286133
24-08-2005,42.154998779296875,42.375,2309200,42.505001068115234,42.27000045776367,28.362470626831055
25-08-2005,41.95500183105469,42.29499816894531,1733400,42.46500015258789,42.06999969482422,28.228273391723633
26-08-2005,41.665000915527344,42.025001525878906,1480200,42.1150016784668,41.89500045776367,28.110851287841797
29-08-2005,41.69499969482422,41.84000015258789,1215600,42.275001525878906,42.20500183105469,28.318857192993164
30-08-2005,41.314998626708984,42.04999923706055,1901800,42.07500076293945,41.53499984741211,27.869293212890625
31-08-2005,41.2599983215332,41.70000076293945,3207600,42.13999938964844,42.13999938964844,28.275243759155273
01-09-2005,42.255001068115234,42.31999969482422,2842000,42.845001220703125,42.775001525878906,28.701326370239258
02-09-2005,42.68000030517578,42.8650016784668,2295800,43.095001220703125,42.814998626708984,28.72814178466797
06-09-2005,42.98500061035156,43.0,1640600,43.349998474121094,43.189998626708984,28.979759216308594
07-09-2005,42.755001068115234,43.2400016784668,2495200,43.25,43.029998779296875,28.87242317199707
08-09-2005,41.970001220703125,42.0,3441600,42.56999969482422,42.26499938964844,28.359106063842773
09-09-2005,42.1150016784668,42.45000076293945,1583800,42.459999084472656,42.314998626708984,28.392658233642578
12-09-2005,41.869998931884766,42.025001525878906,2934200,42.18000030517578,42.0099983215332,28.188005447387695
13-09-2005,41.459999084472656,41.849998474121094,2326600,41.869998931884766,41.53499984741211,27.869293212890625
14-09-2005,41.025001525878906,41.47999954223633,2302400,41.57500076293945,41.150001525878906,27.610965728759766
15-09-2005,40.775001525878906,41.349998474121094,2941400,41.35499954223633,41.08000183105469,27.563993453979492
16-09-2005,40.6150016784668,41.08000183105469,12419800,41.33000183105469,40.79499816894531,27.372772216796875
19-09-2005,39.90999984741211,40.82500076293945,4274400,40.82500076293945,40.375,27.0909481048584
20-09-2005,40.040000915527344,40.5,3061200,40.71500015258789,40.189998626708984,26.966827392578125
21-09-2005,39.255001068115234,40.0,3765600,40.05500030517578,39.43000030517578,26.45687484741211
22-09-2005,39.25,39.43000030517578,2808200,39.95500183105469,39.755001068115234,26.674951553344727
23-09-2005,39.29999923706055,39.70000076293945,2817000,40.32500076293945,40.099998474121094,26.906435012817383
26-09-2005,39.314998626708984,40.275001525878906,2410200,40.435001373291016,39.584999084472656,26.56086540222168
27-09-2005,39.72999954223633,39.849998474121094,3086400,40.185001373291016,40.05500030517578,26.876239776611328
28-09-2005,39.65999984741211,39.88999938964844,4403800,40.13999938964844,40.13999938964844,27.157012939453125
29-09-2005,40.10499954223633,40.25,3408000,40.869998931884766,40.7400016784668,27.562938690185547
30-09-2005,40.43000030517578,40.7400016784668,2098600,41.165000915527344,41.165000915527344,27.850486755371094
03-10-2005,40.6150016784668,41.060001373291016,2229800,41.16999816894531,40.97999954223633,27.725324630737305
04-10-2005,40.45000076293945,41.0,2612600,41.099998474121094,40.474998474121094,27.383665084838867
05-10-2005,39.95000076293945,40.505001068115234,2802000,40.53499984741211,40.05500030517578,27.099506378173828
06-10-2005,39.665000915527344,40.0,3191400,40.165000915527344,39.95500183105469,27.03185272216797
07-10-2005,39.85499954223633,40.29999923706055,2239000,40.45500183105469,40.0,27.06229019165039
10-10-2005,39.76499938964844,40.05500030517578,1262400,40.095001220703125,39.939998626708984,27.021697998046875
11-10-2005,39.790000915527344,39.95000076293945,1966800,40.2400016784668,40.04499816894531,27.09273338317871
12-10-2005,39.7599983215332,40.084999084472656,2111000,40.45500183105469,40.20000076293945,27.197608947753906
13-10-2005,39.85499954223633,39.8849983215332,2520400,40.33000183105469,40.099998474121094,27.12994956970215
14-10-2005,39.959999084472656,40.20500183105469,1447000,40.650001525878906,40.56999969482422,27.44793128967285
17-10-2005,40.0,40.45000076293945,1803400,40.66999816894531,40.560001373291016,27.441152572631836
18-10-2005,40.33000183105469,40.45500183105469,2268600,40.869998931884766,40.689998626708984,27.529123306274414
19-10-2005,40.29999923706055,40.5,3387200,41.39500045776367,41.19499969482422,27.87078285217285
20-10-2005,40.25,41.25,2415600,41.415000915527344,40.45500183105469,27.37012481689453
21-10-2005,40.060001373291016,40.625,2471600,40.724998474121094,40.084999084472656,27.119796752929688
24-10-2005,40.04499816894531,40.209999084472656,2474600,40.61000061035156,40.5,27.40057373046875
25-10-2005,40.025001525878906,40.54999923706055,2711600,40.60499954223633,40.540000915527344,27.427635192871094
26-10-2005,40.79999923706055,41.375,4904400,41.560001373291016,41.224998474121094,27.891075134277344
27-10-2005,41.025001525878906,41.20000076293945,2414800,41.2599983215332,41.025001525878906,27.755765914916992
28-10-2005,41.095001220703125,41.244998931884766,3585400,42.13999938964844,42.10499954223633,28.48644256591797
31-10-2005,42.25,42.349998474121094,2225400,42.54499816894531,42.380001068115234,28.672510147094727
01-11-2005,41.89500045776367,42.125,2467600,42.349998474121094,41.9900016784668,28.408639907836914
02-11-2005,42.01499938964844,42.15999984741211,1943600,42.44499969482422,42.21500015258789,28.560867309570312
03-11-2005,42.224998474121094,42.3650016784668,1750000,42.6150016784668,42.46500015258789,28.7299861907959
04-11-2005,42.04499816894531,42.525001525878906,2078000,42.6150016784668,42.04499816894531,28.445852279663086
07-11-2005,42.05500030517578,42.16999816894531,1209400,42.53499984741211,42.505001068115234,28.757081985473633
08-11-2005,42.064998626708984,42.20500183105469,1268400,42.654998779296875,42.52000045776367,28.767230987548828
09-11-2005,41.625,42.744998931884766,1412800,42.744998931884766,42.310001373291016,28.62513542175293
10-11-2005,41.95500183105469,42.275001525878906,1092800,42.79999923706055,42.63999938964844,28.84840202331543
11-11-2005,42.61000061035156,42.724998474121094,986200,43.005001068115234,43.0,29.09195899963379
14-11-2005,42.70500183105469,42.84000015258789,1334800,42.994998931884766,42.90999984741211,29.03107452392578
15-11-2005,42.73500061035156,42.73500061035156,2662600,43.60499954223633,43.60499954223633,29.50128936767578
16-11-2005,43.130001068115234,43.625,2357400,43.89500045776367,43.33000183105469,29.315229415893555
17-11-2005,43.25,43.33000183105469,1755000,43.60499954223633,43.60499954223633,29.50128936767578
18-11-2005,43.369998931884766,44.0,1382400,44.0,43.564998626708984,29.474233627319336
21-11-2005,43.400001525878906,43.525001525878906,1435600,43.720001220703125,43.63999938964844,29.524959564208984
22-11-2005,43.18000030517578,43.57500076293945,1536600,43.625,43.619998931884766,29.511430740356445
23-11-2005,43.45000076293945,43.525001525878906,972200,43.92499923706055,43.76499938964844,29.609525680541992
25-11-2005,43.54999923706055,43.935001373291016,353800,43.935001373291016,43.619998931884766,29.511430740356445
28-11-2005,43.57500076293945,43.665000915527344,1629600,44.064998626708984,44.025001525878906,29.785446166992188
29-11-2005,43.689998626708984,44.025001525878906,2227000,44.17499923706055,43.790000915527344,29.626445770263672
30-11-2005,43.95000076293945,44.040000915527344,2449600,44.42499923706055,44.1349983215332,29.85984992980957
01-12-2005,44.150001525878906,44.154998779296875,1739400,44.834999084472656,44.790000915527344,30.303010940551758
02-12-2005,44.45000076293945,44.790000915527344,1315200,44.935001373291016,44.84000015258789,30.33683967590332
05-12-2005,44.3650016784668,44.650001525878906,1798600,44.70000076293945,44.494998931884766,30.103424072265625
06-12-2005,44.17499923706055,44.55500030517578,1727200,44.61000061035156,44.20500183105469,29.90721893310547
07-12-2005,43.65999984741211,44.20500183105469,2597800,44.349998474121094,43.7400016784668,29.59261703491211
08-12-2005,43.20500183105469,43.8849983215332,2710800,43.8849983215332,43.404998779296875,29.365966796875
09-12-2005,43.5099983215332,43.525001525878906,1789000,44.04499816894531,43.935001373291016,29.72454833984375
12-12-2005,44.099998474121094,44.119998931884766,1312800,44.404998779296875,44.310001373291016,29.97825050354004
13-12-2005,43.935001373291016,43.935001373291016,1282400,44.59000015258789,44.45000076293945,30.072967529296875
14-12-2005,44.36000061035156,44.36000061035156,2176400,45.27000045776367,45.099998474121094,30.512727737426758
15-12-2005,44.68000030517578,45.25,2098400,45.25,44.82500076293945,30.326677322387695
16-12-2005,44.95500183105469,45.04499816894531,2136000,45.21500015258789,45.02000045776367,30.458616256713867
19-12-2005,44.64500045776367,45.14500045776367,1795800,45.43000030517578,44.665000915527344,30.218454360961914
20-12-2005,44.505001068115234,44.92499923706055,1478800,45.099998474121094,44.55500030517578,30.14400291442871
21-12-2005,44.709999084472656,44.82500076293945,1361800,45.150001525878906,45.08000183105469,30.499204635620117
22-12-2005,44.974998474121094,45.255001068115234,898000,45.349998474121094,45.10499954223633,30.51610565185547
23-12-2005,45.05500030517578,45.275001525878906,944400,45.435001373291016,45.3849983215332,30.705551147460938
27-12-2005,44.525001525878906,45.5,1200000,45.54999923706055,44.525001525878906,30.12371826171875
28-12-2005,44.34000015258789,44.46500015258789,960200,44.84000015258789,44.73500061035156,30.49178695678711
29-12-2005,44.529998779296875,45.15999984741211,623200,45.15999984741211,44.529998779296875,30.352054595947266
30-12-2005,43.994998931884766,44.53499984741211,887600,44.53499984741211,43.994998931884766,29.98738670349121
03-01-2006,43.54999923706055,44.29999923706055,2982800,44.8849983215332,44.790000915527344,30.529287338256836
04-01-2006,44.505001068115234,44.744998931884766,1346200,44.94499969482422,44.915000915527344,30.614479064941406
05-01-2006,44.31999969482422,44.724998474121094,1876400,45.0,44.474998474121094,30.314565658569336
06-01-2006,44.76499938964844,44.79999923706055,1263400,45.15999984741211,45.11000061035156,30.747385025024414
09-01-2006,44.85499954223633,44.900001525878906,1169400,45.150001525878906,44.90999984741211,30.611066818237305
10-01-2006,44.0099983215332,45.334999084472656,1560600,45.334999084472656,44.72999954223633,30.488374710083008
11-01-2006,44.45000076293945,44.974998474121094,1776000,45.025001525878906,44.994998931884766,30.66899871826172
12-01-2006,44.81999969482422,45.42499923706055,1587400,45.42499923706055,45.1150016784668,30.75079917907715
13-01-2006,44.61000061035156,45.165000915527344,1175800,45.19499969482422,44.77000045776367,30.515655517578125
17-01-2006,44.459999084472656,44.70000076293945,1180800,45.0,44.900001525878906,30.604251861572266
18-01-2006,44.599998474121094,44.650001525878906,1232400,44.95500183105469,44.91999816894531,30.617889404296875
19-01-2006,44.584999084472656,44.91999816894531,1806200,45.064998626708984,44.69499969482422,30.464523315429688
20-01-2006,43.064998626708984,44.5,2907000,44.619998931884766,43.22999954223633,29.46595573425293
23-01-2006,43.30500030517578,43.560001373291016,1407000,43.9900016784668,43.790000915527344,29.847673416137695
24-01-2006,43.53499984741211,43.77000045776367,1548200,44.20500183105469,43.72999954223633,29.806766510009766
25-01-2006,43.42499923706055,43.720001220703125,1550400,44.04999923706055,43.435001373291016,29.605684280395508
26-01-2006,43.005001068115234,43.5,2267600,43.60499954223633,43.099998474121094,29.377355575561523
27-01-2006,42.755001068115234,43.099998474121094,2208600,43.86000061035156,43.84000015258789,29.881742477416992
30-01-2006,43.8650016784668,43.8650016784668,1703200,44.345001220703125,44.26499938964844,30.171436309814453
31-01-2006,42.130001068115234,42.529998779296875,5613400,43.0,42.14500045776367,28.726408004760742
01-02-2006,41.53499984741211,41.82500076293945,3770200,42.625,42.0,28.627578735351562
02-02-2006,41.97999954223633,42.38999938964844,4383000,43.20000076293945,42.7400016784668,29.13197135925293
03-02-2006,42.165000915527344,42.5,1902400,42.7400016784668,42.34000015258789,28.859329223632812
06-02-2006,41.834999084472656,42.224998474121094,3733200,42.45000076293945,42.45000076293945,28.934295654296875
07-02-2006,42.13999938964844,42.25,1900600,42.55500030517578,42.22999954223633,28.784360885620117
08-02-2006,41.86000061035156,42.19499969482422,1419800,42.494998931884766,42.45000076293945,28.934295654296875
09-02-2006,42.400001525878906,42.400001525878906,1401400,42.685001373291016,42.51499938964844,28.978607177734375
10-02-2006,42.255001068115234,42.45000076293945,1759000,42.724998474121094,42.65999984741211,29.077449798583984
13-02-2006,42.5,42.630001068115234,2038800,43.119998931884766,43.0,29.309194564819336
14-02-2006,42.880001068115234,42.90999984741211,2148800,43.915000915527344,43.779998779296875,29.84084701538086
15-02-2006,43.584999084472656,43.75,2393800,44.33000183105469,44.20500183105469,30.130531311035156
16-02-2006,43.80500030517578,44.25,1982600,44.2599983215332,44.095001220703125,30.055564880371094
17-02-2006,43.69499969482422,44.099998474121094,2775800,44.29499816894531,44.220001220703125,30.1407527923584
21-02-2006,43.6349983215332,44.220001220703125,1245800,44.29999923706055,43.900001525878906,29.922637939453125
22-02-2006,43.959999084472656,44.025001525878906,1458400,44.31999969482422,44.084999084472656,30.048734664916992
23-02-2006,43.43000030517578,43.8849983215332,2432800,43.900001525878906,43.43000030517578,29.602277755737305
24-02-2006,43.16999816894531,43.33000183105469,3131200,43.400001525878906,43.290000915527344,29.50686264038086
27-02-2006,43.275001525878906,43.275001525878906,2791400,43.599998474121094,43.33000183105469,29.534128189086914
28-02-2006,42.79999923706055,43.125,2537800,43.310001373291016,42.91999816894531,29.254667282104492
01-03-2006,43.07500076293945,43.07500076293945,3766000,44.2400016784668,44.150001525878906,30.093034744262695
02-03-2006,43.72999954223633,43.75,3575200,44.5099983215332,44.275001525878906,30.178245544433594
03-03-2006,43.880001068115234,44.20000076293945,2872600,44.875,44.55500030517578,30.36907958984375
06-03-2006,44.70000076293945,44.875,4010400,45.459999084472656,44.935001373291016,30.62809944152832
07-03-2006,44.95000076293945,45.04999923706055,2735600,45.53499984741211,45.35499954223633,30.914377212524414
08-03-2006,44.64500045776367,45.15999984741211,2858400,45.5,44.92499923706055,30.621294021606445
09-03-2006,44.84000015258789,44.94499969482422,2075400,45.275001525878906,44.91999816894531,30.617889404296875
10-03-2006,44.849998474121094,44.8849983215332,2987000,45.81999969482422,45.779998779296875,31.204055786132812
13-03-2006,45.935001373291016,45.994998931884766,3615800,46.369998931884766,46.17499923706055,31.473297119140625
14-03-2006,46.1150016784668,46.14500045776367,3080400,46.9900016784668,46.95000076293945,32.00155258178711
15-03-2006,47.41999816894531,47.5,5376400,48.44499969482422,48.35499954223633,32.959197998046875
16-03-2006,48.334999084472656,48.375,4744400,49.10499954223633,48.95000076293945,33.364768981933594
17-03-2006,48.5,49.125,3873600,49.290000915527344,48.81999969482422,33.27614212036133
20-03-2006,48.04999923706055,48.67499923706055,3205600,48.83000183105469,48.25,32.88764190673828
21-03-2006,47.65999984741211,48.25,2872800,48.375,47.79999923706055,32.5809211730957
22-03-2006,47.849998474121094,47.92499923706055,3399600,49.290000915527344,49.209999084472656,33.5419807434082
23-03-2006,48.70000076293945,49.310001373291016,2250800,49.375,48.95500183105469,33.3681755065918
24-03-2006,48.5099983215332,48.95000076293945,2153200,49.06999969482422,48.599998474121094,33.12620162963867
27-03-2006,48.2400016784668,48.6349983215332,1679400,48.775001525878906,48.3849983215332,32.97965621948242
28-03-2006,48.275001525878906,48.3849983215332,2599800,48.8849983215332,48.400001525878906,32.9898796081543
29-03-2006,47.69499969482422,48.17499923706055,3176800,48.17499923706055,47.72999954223633,32.756534576416016
30-03-2006,47.45500183105469,47.625,2134000,47.875,47.71500015258789,32.74624252319336
31-03-2006,47.71500015258789,48.1150016784668,1778200,48.380001068115234,48.154998779296875,33.04821014404297
03-04-2006,48.09000015258789,48.60499954223633,2043400,48.8849983215332,48.224998474121094,33.09625244140625
04-04-2006,47.96500015258789,48.125,2254000,49.095001220703125,48.31999969482422,33.161441802978516
05-04-2006,48.04999923706055,48.775001525878906,2612800,49.040000915527344,48.994998931884766,33.624691009521484
06-04-2006,47.71500015258789,48.900001525878906,3442200,48.900001525878906,47.75,32.7702751159668
07-04-2006,47.54999923706055,48.1349983215332,3133800,48.5,47.775001525878906,32.78742599487305
10-04-2006,47.619998931884766,47.650001525878906,2595400,48.13999938964844,47.92499923706055,32.89036560058594
11-04-2006,47.40999984741211,48.17499923706055,2877600,48.19499969482422,47.6150016784668,32.67761993408203
12-04-2006,47.2599983215332,47.57500076293945,3941800,48.04999923706055,47.869998931884766,32.85262680053711
13-04-2006,47.75,47.869998931884766,1999600,48.32500076293945,47.875,32.856056213378906
17-04-2006,47.95000076293945,48.20000076293945,1615800,48.84000015258789,48.18000030517578,33.06535339355469
18-04-2006,48.099998474121094,48.619998931884766,2390600,49.439998626708984,49.310001373291016,33.84087371826172
19-04-2006,48.79999923706055,48.814998626708984,2570000,49.81999969482422,49.584999084472656,34.029605865478516
20-04-2006,50.52000045776367,51.04999923706055,6325200,51.72999954223633,50.75,34.829132080078125
21-04-2006,50.935001373291016,51.75,4044800,52.20000076293945,51.33000183105469,35.227176666259766
24-04-2006,50.8849983215332,51.20500183105469,3023800,51.810001373291016,51.619998931884766,35.426212310791016
25-04-2006,50.814998626708984,51.67499923706055,3377600,51.79999923706055,51.314998626708984,35.216880798339844
26-04-2006,51.21500015258789,51.21500015258789,2767200,52.189998626708984,52.17499923706055,35.80708694458008
27-04-2006,51.279998779296875,52.18000030517578,3172200,52.18000030517578,51.650001525878906,35.44678497314453
28-04-2006,51.23500061035156,51.5,2580400,51.70000076293945,51.349998474121094,35.24091339111328
01-05-2006,51.189998626708984,51.42499923706055,2911800,51.76499938964844,51.35499954223633,35.24433517456055
02-05-2006,51.25,51.334999084472656,1741600,51.935001373291016,51.47999954223633,35.33013153076172
03-05-2006,51.375,51.57500076293945,2766800,52.41999816894531,52.20000076293945,35.82424545288086
04-05-2006,51.935001373291016,52.349998474121094,2865600,52.845001220703125,52.02000045776367,35.70072937011719
05-05-2006,52.25,52.29499816894531,2385400,53.0,52.93000030517578,36.32524871826172
08-05-2006,52.93000030517578,52.93000030517578,1714600,53.540000915527344,53.290000915527344,36.57231903076172
09-05-2006,52.904998779296875,53.165000915527344,1064000,53.32500076293945,53.025001525878906,36.39043426513672
10-05-2006,52.71500015258789,52.974998474121094,1417200,53.26499938964844,52.935001373291016,36.32868576049805
11-05-2006,52.625,52.79999923706055,1658600,53.474998474121094,52.834999084472656,36.26005554199219
12-05-2006,51.38999938964844,52.84000015258789,2565600,52.84000015258789,51.39500045776367,35.271785736083984
15-05-2006,50.70000076293945,51.099998474121094,2382800,51.65999984741211,51.18000030517578,35.124229431152344
16-05-2006,51.11000061035156,51.150001525878906,1922000,51.779998779296875,51.44499969482422,35.30610656738281
17-05-2006,49.470001220703125,51.31999969482422,3691400,51.51499938964844,50.119998931884766,34.39676284790039
18-05-2006,49.625,49.720001220703125,2412600,50.63999938964844,49.63999938964844,34.06736373901367
19-05-2006,49.470001220703125,49.939998626708984,3161800,50.29999923706055,49.974998474121094,34.2972526550293
22-05-2006,48.959999084472656,49.869998931884766,3331800,50.125,49.35499954223633,33.871761322021484
23-05-2006,49.57500076293945,49.900001525878906,3145400,50.01499938964844,49.65999984741211,34.08106994628906
24-05-2006,49.0,49.42499923706055,3443600,50.25,49.709999084472656,34.11539077758789
25-05-2006,49.75,50.375,1903800,50.70500183105469,50.375,34.571773529052734
26-05-2006,50.0,50.720001220703125,1324300,50.79999923706055,50.2599983215332,34.492835998535156
30-05-2006,49.18000030517578,50.06999969482422,2431700,50.290000915527344,49.279998779296875,33.820289611816406
31-05-2006,48.84000015258789,49.20000076293945,3059200,49.81999969482422,49.650001525878906,34.07420349121094
01-06-2006,49.72999954223633,49.79999923706055,2120000,50.63999938964844,50.43000030517578,34.609519958496094
02-06-2006,49.70000076293945,50.38999938964844,1471500,50.79999923706055,50.06999969482422,34.36246109008789
05-06-2006,48.939998626708984,49.849998474121094,2664900,50.29999923706055,49.25,33.79969787597656
06-06-2006,48.83000183105469,49.400001525878906,3518800,50.02000045776367,49.189998626708984,33.758522033691406
07-06-2006,48.279998779296875,49.189998626708984,3059900,49.380001068115234,48.560001373291016,33.32616424560547
08-06-2006,46.810001373291016,48.599998474121094,4148600,48.75,48.02000045776367,32.955562591552734
09-06-2006,48.18000030517578,48.349998474121094,2404900,49.13999938964844,48.709999084472656,33.42910385131836
12-06-2006,47.72999954223633,48.70000076293945,2168800,49.189998626708984,47.83000183105469,32.825172424316406
13-06-2006,47.2400016784668,47.560001373291016,2210100,48.459999084472656,47.400001525878906,32.53007888793945
14-06-2006,46.4900016784668,47.34000015258789,3279600,47.65999984741211,47.29999923706055,32.4614372253418
15-06-2006,47.38999938964844,47.5,2940500,49.08000183105469,48.970001220703125,33.607540130615234
16-06-2006,48.02000045776367,48.56999969482422,3073300,48.91999816894531,48.22999954223633,33.09969711303711
19-06-2006,47.06999969482422,48.220001220703125,2437300,48.47999954223633,47.43000030517578,32.550655364990234
20-06-2006,47.060001373291016,47.2400016784668,2171200,48.0,47.599998474121094,32.66733169555664
21-06-2006,47.279998779296875,47.5099983215332,3022100,48.150001525878906,47.93000030517578,32.89379119873047
22-06-2006,46.93000030517578,47.93000030517578,2073000,48.0,47.5,32.598690032958984
23-06-2006,47.09000015258789,47.16999816894531,2239000,48.08000183105469,47.540000915527344,32.62614822387695
26-06-2006,47.31999969482422,47.540000915527344,1544400,47.93000030517578,47.630001068115234,32.68791198730469
27-06-2006,46.95000076293945,47.58000183105469,2069200,47.970001220703125,47.04999923706055,32.289878845214844
28-06-2006,46.310001373291016,46.869998931884766,2397500,47.13999938964844,46.790000915527344,32.22444152832031
29-06-2006,46.70000076293945,47.13999938964844,2360400,47.79999923706055,47.650001525878906,32.81672668457031
30-06-2006,47.29999923706055,47.900001525878906,2455600,47.900001525878906,47.5,32.71340560913086
03-07-2006,47.33000183105469,47.95000076293945,899000,48.0,47.5099983215332,32.720306396484375
05-07-2006,46.70000076293945,47.52000045776367,1880600,47.529998779296875,46.900001525878906,32.30019760131836
06-07-2006,46.16999816894531,47.0,1912700,47.310001373291016,46.459999084472656,31.997169494628906
07-07-2006,45.439998626708984,46.36000061035156,3340400,46.720001220703125,45.54999923706055,31.370441436767578
10-07-2006,45.47999954223633,45.70000076293945,2302000,45.84000015258789,45.7400016784668,31.501306533813477
11-07-2006,45.0099983215332,45.72999954223633,2468200,45.79999923706055,45.61000061035156,31.41177749633789
12-07-2006,45.189998626708984,46.25,1825500,46.58000183105469,45.220001220703125,31.14318084716797
13-07-2006,44.349998474121094,44.84000015258789,1881400,45.060001373291016,44.540000915527344,30.674861907958984
14-07-2006,43.77000045776367,44.290000915527344,3217700,44.43000030517578,44.189998626708984,30.433805465698242
17-07-2006,43.189998626708984,44.099998474121094,2230800,44.439998626708984,43.34000015258789,29.848403930664062
18-07-2006,42.22999954223633,43.29999923706055,3135900,43.709999084472656,42.900001525878906,29.54538345336914
19-07-2006,43.040000915527344,43.040000915527344,2637200,44.540000915527344,44.27000045776367,30.488893508911133
20-07-2006,43.36000061035156,45.599998474121094,3020400,46.0,43.709999084472656,30.103229522705078
21-07-2006,42.5,44.029998779296875,3451300,44.06999969482422,43.34000015258789,29.848403930664062
24-07-2006,43.36000061035156,43.369998931884766,2048200,44.189998626708984,43.93000030517578,30.2547550201416
25-07-2006,43.900001525878906,44.349998474121094,2740700,44.90999984741211,44.540000915527344,30.674861907958984
26-07-2006,43.81999969482422,44.5,2812400,44.630001068115234,44.380001068115234,30.564668655395508
27-07-2006,44.70000076293945,44.7400016784668,3357000,45.56999969482422,45.43000030517578,31.28780174255371
28-07-2006,45.279998779296875,45.599998474121094,2212500,45.849998474121094,45.650001525878906,31.439332962036133
31-07-2006,45.5,45.70000076293945,1605300,45.88999938964844,45.72999954223633,31.49440574645996
01-08-2006,44.77000045776367,45.45000076293945,1532200,45.5,44.97999954223633,30.97788429260254
02-08-2006,44.779998779296875,45.08000183105469,1767400,45.7400016784668,45.470001220703125,31.315351486206055
03-08-2006,45.2400016784668,45.29999923706055,1995300,46.619998931884766,46.400001525878906,31.955860137939453
04-08-2006,45.70000076293945,47.06999969482422,2925900,47.349998474121094,46.52000045776367,32.03847885131836
07-08-2006,46.09000015258789,46.52000045776367,1514900,46.66999816894531,46.34000015258789,31.914522171020508
08-08-2006,45.09000015258789,46.38999938964844,2111400,46.599998474121094,45.15999984741211,31.101856231689453
09-08-2006,43.97999954223633,45.75,1935500,45.75,44.0099983215332,30.309844970703125
10-08-2006,43.61000061035156,44.040000915527344,1563300,44.720001220703125,44.599998474121094,30.716176986694336
11-08-2006,44.2400016784668,44.599998474121094,1607300,44.790000915527344,44.279998779296875,30.49579429626465
14-08-2006,44.08000183105469,44.599998474121094,1238300,45.13999938964844,44.15999984741211,30.413143157958984
15-08-2006,44.439998626708984,44.650001525878906,1050000,44.939998626708984,44.900001525878906,30.92278289794922
16-08-2006,44.7400016784668,45.20000076293945,1357000,45.560001373291016,45.380001068115234,31.253368377685547
17-08-2006,44.93000030517578,45.20000076293945,1412100,45.43000030517578,45.2400016784668,31.156946182250977
18-08-2006,44.79999923706055,45.349998474121094,1469900,45.5,44.97999954223633,30.97788429260254
21-08-2006,44.209999084472656,44.880001068115234,1491400,44.880001068115234,44.36000061035156,30.550884246826172
22-08-2006,44.18000030517578,44.290000915527344,978700,44.7599983215332,44.189998626708984,30.433805465698242
23-08-2006,43.86000061035156,44.189998626708984,1390400,44.5099983215332,44.09000015258789,30.36492919921875
24-08-2006,43.52000045776367,44.47999954223633,1128100,44.47999954223633,43.70000076293945,30.09634780883789
25-08-2006,42.959999084472656,43.45000076293945,1416700,43.720001220703125,43.52000045776367,29.972375869750977
28-08-2006,43.5,43.5,1231300,44.060001373291016,43.720001220703125,30.11012840270996
29-08-2006,43.40999984741211,43.720001220703125,2200200,44.0,43.90999984741211,30.240968704223633
30-08-2006,43.72999954223633,43.90999984741211,1191300,44.150001525878906,43.849998474121094,30.199647903442383
31-08-2006,43.75,44.040000915527344,1779900,44.25,43.900001525878906,30.234088897705078
01-09-2006,43.939998626708984,44.099998474121094,1030300,44.349998474121094,44.16999816894531,30.420040130615234
05-09-2006,43.810001373291016,44.16999816894531,1671900,44.5,44.130001068115234,30.39249610900879
06-09-2006,43.209999084472656,43.900001525878906,2708000,43.90999984741211,43.380001068115234,29.87596893310547
07-09-2006,43.08000183105469,43.150001525878906,2792400,43.79999923706055,43.5099983215332,29.96549415588379
08-09-2006,43.70000076293945,43.869998931884766,3745800,44.310001373291016,43.959999084472656,30.275405883789062
11-09-2006,43.38999938964844,43.959999084472656,2505300,44.15999984741211,43.810001373291016,30.17209243774414
12-09-2006,43.619998931884766,44.0,2784300,44.060001373291016,43.70000076293945,30.09634780883789
13-09-2006,43.599998474121094,43.72999954223633,2892100,44.060001373291016,43.88999938964844,30.22719383239746
14-09-2006,43.720001220703125,43.900001525878906,2886800,44.79999923706055,44.66999816894531,30.764387130737305
15-09-2006,43.41999816894531,44.75,6236900,44.75,43.529998779296875,29.97925567626953
18-09-2006,42.959999084472656,42.97999954223633,5013000,44.130001068115234,43.95000076293945,30.268526077270508
19-09-2006,43.86000061035156,44.0,3185100,44.630001068115234,44.540000915527344,30.674861907958984
20-09-2006,44.310001373291016,44.83000183105469,2217900,44.86000061035156,44.779998779296875,30.840137481689453
21-09-2006,43.689998626708984,44.689998626708984,2320900,44.939998626708984,43.959999084472656,30.275405883789062
22-09-2006,43.47999954223633,44.15999984741211,2461400,44.33000183105469,44.06999969482422,30.351163864135742
25-09-2006,43.630001068115234,44.25,2592200,44.619998931884766,44.560001373291016,30.688631057739258
26-09-2006,44.310001373291016,44.310001373291016,3032800,45.369998931884766,45.36000061035156,31.239585876464844
27-09-2006,45.02000045776367,45.11000061035156,2725200,45.59000015258789,45.290000915527344,31.336456298828125
28-09-2006,45.060001373291016,45.45000076293945,2595900,45.689998626708984,45.36000061035156,31.384885787963867
29-09-2006,44.84000015258789,45.150001525878906,1741900,45.22999954223633,44.900001525878906,31.066604614257812
02-10-2006,44.31999969482422,44.79999923706055,2304300,45.459999084472656,45.20000076293945,31.274173736572266
03-10-2006,44.56999969482422,45.20000076293945,3009300,45.849998474121094,45.47999954223633,31.46792984008789
04-10-2006,45.2599983215332,45.47999954223633,2145800,46.150001525878906,46.060001373291016,31.869211196899414
05-10-2006,45.970001220703125,46.0,4154300,47.70000076293945,47.459999084472656,32.837886810302734
06-10-2006,47.119998931884766,47.36000061035156,4149600,48.15999984741211,47.75,33.038551330566406
09-10-2006,47.380001068115234,47.70000076293945,2367900,47.900001525878906,47.68000030517578,32.9901123046875
10-10-2006,47.58000183105469,47.58000183105469,3830500,48.5099983215332,48.209999084472656,33.35682678222656
11-10-2006,48.099998474121094,48.220001220703125,1581500,48.66999816894531,48.540000915527344,33.58515548706055
12-10-2006,48.560001373291016,48.560001373291016,2635500,49.220001220703125,48.93000030517578,33.855010986328125
13-10-2006,48.619998931884766,48.72999954223633,2111200,49.2599983215332,49.150001525878906,34.00722122192383
16-10-2006,48.880001068115234,48.93000030517578,2991100,50.11000061035156,49.9900016784668,34.588417053222656
17-10-2006,48.97999954223633,49.400001525878906,2698500,49.77000045776367,49.5,34.24938201904297
18-10-2006,46.900001525878906,47.70000076293945,7830200,48.939998626708984,47.220001220703125,32.671836853027344
19-10-2006,46.099998474121094,46.349998474121094,4458500,47.119998931884766,46.59000015258789,32.23594284057617
20-10-2006,45.75,46.25,4345300,46.5099983215332,46.34000015258789,32.06295394897461
23-10-2006,46.2599983215332,46.31999969482422,2844700,47.13999938964844,47.0,32.51961898803711
24-10-2006,46.900001525878906,47.0,2691400,47.2400016784668,46.959999084472656,32.491947174072266
25-10-2006,46.5,47.119998931884766,2679000,47.119998931884766,46.70000076293945,32.31205368041992
26-10-2006,46.540000915527344,47.0,2997200,47.619998931884766,47.5099983215332,32.87248611450195
27-10-2006,46.5,47.08000183105469,2128600,47.2400016784668,47.029998779296875,32.54037857055664
30-10-2006,46.599998474121094,46.75,4040100,47.95000076293945,47.93000030517578,33.1630973815918
31-10-2006,47.58000183105469,47.88999938964844,4299200,48.25,47.93000030517578,33.1630973815918
01-11-2006,47.4900016784668,48.0,3334200,48.060001373291016,47.7599983215332,33.04547119140625
02-11-2006,47.02000045776367,47.5,2981900,47.63999938964844,47.150001525878906,32.6234016418457
03-11-2006,46.66999816894531,47.400001525878906,1491400,47.529998779296875,46.7599983215332,32.35355758666992
06-11-2006,46.560001373291016,46.720001220703125,2731200,47.189998626708984,47.150001525878906,32.6234016418457
07-11-2006,47.189998626708984,47.38999938964844,3161500,47.79999923706055,47.63999938964844,32.96245193481445
08-11-2006,47.369998931884766,47.529998779296875,1531800,48.08000183105469,47.91999816894531,33.15616989135742
09-11-2006,46.959999084472656,47.79999923706055,2614200,47.900001525878906,47.0099983215332,32.52653503417969
10-11-2006,46.5099983215332,47.0099983215332,2292200,47.130001068115234,46.84000015258789,32.40891647338867
13-11-2006,46.72999954223633,46.86000061035156,1486800,47.349998474121094,47.04999923706055,32.554229736328125
14-11-2006,46.529998779296875,47.04999923706055,1693700,47.08000183105469,46.9900016784668,32.5127067565918
15-11-2006,46.900001525878906,47.11000061035156,2795400,47.470001220703125,47.22999954223633,32.678749084472656
16-11-2006,46.95000076293945,47.4900016784668,1889000,47.4900016784668,47.22999954223633,32.678749084472656
17-11-2006,46.81999969482422,47.0,2461800,47.25,47.06999969482422,32.568058013916016
20-11-2006,46.45000076293945,47.849998474121094,1918000,47.849998474121094,46.5,32.17366409301758
21-11-2006,46.2400016784668,46.400001525878906,3752800,47.25,47.0,32.51961898803711
22-11-2006,46.93000030517578,47.060001373291016,1878400,47.58000183105469,47.56999969482422,32.91401290893555
24-11-2006,47.06999969482422,47.22999954223633,894100,47.849998474121094,47.38999938964844,32.789451599121094
27-11-2006,46.709999084472656,47.220001220703125,2543500,47.279998779296875,46.91999816894531,32.464263916015625
28-11-2006,46.349998474121094,46.720001220703125,2262200,46.84000015258789,46.709999084472656,32.3189697265625
29-11-2006,46.689998626708984,46.880001068115234,1368200,47.15999984741211,47.09000015258789,32.58189010620117
30-11-2006,46.81999969482422,46.970001220703125,1670600,47.54999923706055,47.20000076293945,32.65800094604492
01-12-2006,46.38999938964844,47.20000076293945,2501800,47.349998474121094,46.83000183105469,32.40199279785156
04-12-2006,46.2599983215332,46.70000076293945,3233300,47.529998779296875,47.27000045776367,32.70643615722656
05-12-2006,47.06999969482422,47.11000061035156,2241800,47.810001373291016,47.459999084472656,32.837886810302734
06-12-2006,47.189998626708984,47.709999084472656,3342600,48.0,47.36000061035156,32.76870346069336
07-12-2006,47.25,47.5,1538500,47.79999923706055,47.290000915527344,32.72027587890625
08-12-2006,47.20000076293945,47.2400016784668,1426600,47.7400016784668,47.529998779296875,32.8863410949707
11-12-2006,46.619998931884766,47.439998626708984,1728000,47.5,46.72999954223633,32.33279800415039
12-12-2006,46.349998474121094,46.52000045776367,1860200,46.95000076293945,46.83000183105469,32.40199279785156
13-12-2006,46.220001220703125,47.0099983215332,1930400,47.25,46.650001525878906,32.2774543762207
14-12-2006,46.45000076293945,46.58000183105469,4177600,48.09000015258789,47.91999816894531,33.15616989135742
15-12-2006,46.11000061035156,47.43000030517578,8531000,47.43000030517578,46.79999923706055,32.381229400634766
18-12-2006,46.86000061035156,47.0,3245000,47.2400016784668,47.2400016784668,32.685672760009766
19-12-2006,46.4900016784668,46.779998779296875,2656500,47.11000061035156,46.970001220703125,32.498878479003906
20-12-2006,46.47999954223633,46.630001068115234,2235500,47.150001525878906,46.65999984741211,32.284385681152344
21-12-2006,46.0099983215332,46.65999984741211,2592300,46.77000045776367,46.2400016784668,31.993772506713867
22-12-2006,45.93000030517578,46.29999923706055,1926100,46.45000076293945,46.099998474121094,31.896900177001953
26-12-2006,46.04999923706055,46.099998474121094,1236700,46.369998931884766,46.25,32.00068664550781
27-12-2006,46.13999938964844,46.13999938964844,1710600,46.72999954223633,46.619998931884766,32.4038200378418
28-12-2006,46.41999816894531,46.45000076293945,1599100,46.7400016784668,46.540000915527344,32.34821701049805
29-12-2006,46.119998931884766,46.380001068115234,1302000,46.40999984741211,46.189998626708984,32.104942321777344
03-01-2007,45.689998626708984,46.369998931884766,2301200,46.97999954223633,45.88999938964844,31.896421432495117
04-01-2007,45.599998474121094,45.599998474121094,2493700,46.279998779296875,46.16999816894531,32.09105682373047
05-01-2007,45.68000030517578,45.959999084472656,2337500,46.279998779296875,46.0,31.9728946685791
08-01-2007,45.779998779296875,46.099998474121094,1832600,46.33000183105469,46.16999816894531,32.09105682373047
09-01-2007,46.029998779296875,46.40999984741211,1692000,46.54999923706055,46.52000045776367,32.33432388305664
10-01-2007,46.029998779296875,46.220001220703125,2727400,46.869998931884766,46.79999923706055,32.528934478759766
11-01-2007,46.66999816894531,46.779998779296875,2344000,47.54999923706055,47.47999954223633,33.001583099365234
12-01-2007,46.880001068115234,47.279998779296875,1506200,47.560001373291016,47.54999923706055,33.05023193359375
16-01-2007,47.0099983215332,47.599998474121094,3062800,47.7599983215332,47.75,33.189247131347656
17-01-2007,47.38999938964844,47.900001525878906,3883000,48.29999923706055,47.58000183105469,33.07108688354492
18-01-2007,47.34000015258789,48.369998931884766,1695700,48.369998931884766,47.40999984741211,32.952919006347656
19-01-2007,47.349998474121094,47.45000076293945,2131900,47.709999084472656,47.47999954223633,33.001583099365234
22-01-2007,46.45000076293945,47.31999969482422,4815600,47.54999923706055,47.04999923706055,32.702720642089844
23-01-2007,47.0,47.0,2665000,47.560001373291016,47.470001220703125,32.99463653564453
24-01-2007,47.189998626708984,47.43000030517578,2005800,47.65999984741211,47.43000030517578,32.96683120727539
25-01-2007,46.849998474121094,47.5099983215332,2353600,47.869998931884766,47.08000183105469,32.72355270385742
26-01-2007,46.70000076293945,47.099998474121094,4404000,47.20000076293945,46.95000076293945,32.63320541381836
29-01-2007,46.61000061035156,46.75,3522700,47.06999969482422,46.90999984741211,32.60540008544922
30-01-2007,47.81999969482422,48.310001373291016,6925600,50.95000076293945,50.150001525878906,34.857398986816406
31-01-2007,48.52000045776367,49.369998931884766,4702900,51.20000076293945,50.9900016784668,35.44125747680664
01-02-2007,50.81999969482422,50.900001525878906,3299300,51.900001525878906,51.79999923706055,36.00423812866211
02-02-2007,51.15999984741211,51.630001068115234,2448600,51.66999816894531,51.47999954223633,35.781837463378906
05-02-2007,51.18000030517578,51.310001373291016,2193100,51.810001373291016,51.720001220703125,35.94865036010742
06-02-2007,51.70000076293945,51.75,2892800,51.93000030517578,51.900001525878906,36.07376480102539
07-02-2007,51.79999923706055,52.0,1330400,52.09000015258789,52.0,36.14326858520508
08-02-2007,51.68000030517578,52.0099983215332,1482400,52.13999938964844,51.75,35.96949768066406
09-02-2007,51.099998474121094,52.0,1606700,52.099998474121094,51.33000183105469,35.677574157714844
12-02-2007,51.25,51.25,1848600,51.75,51.65999984741211,35.906944274902344
13-02-2007,51.88999938964844,52.0,2483700,52.560001373291016,51.95000076293945,36.1085090637207
14-02-2007,52.02000045776367,52.04999923706055,1762800,52.93000030517578,52.77000045776367,36.67845916748047
15-02-2007,52.56999969482422,52.56999969482422,1869900,53.20000076293945,53.08000183105469,36.89393997192383
16-02-2007,52.36000061035156,52.869998931884766,1718400,53.13999938964844,52.54999923706055,36.52556228637695
20-02-2007,52.52000045776367,52.61000061035156,1851800,53.5,53.33000183105469,37.067691802978516
21-02-2007,52.54999923706055,53.060001373291016,1127100,53.470001220703125,53.43000030517578,37.13719940185547
22-02-2007,52.59000015258789,53.29999923706055,1466700,53.650001525878906,52.86000061035156,36.74103546142578
23-02-2007,52.43000030517578,52.849998474121094,1159000,52.939998626708984,52.77000045776367,36.67845916748047
26-02-2007,52.40999984741211,52.75,1305700,53.040000915527344,52.599998474121094,36.560306549072266
27-02-2007,50.81999969482422,51.97999954223633,2703200,52.06999969482422,51.38999938964844,35.71928787231445
28-02-2007,51.209999084472656,51.470001220703125,3195500,52.349998474121094,51.63999938964844,35.89305114746094
01-03-2007,50.72999954223633,50.79999923706055,3382900,51.77000045776367,51.529998779296875,35.81657791137695
02-03-2007,50.86000061035156,52.380001068115234,1823900,52.380001068115234,50.900001525878906,35.37870407104492
05-03-2007,50.13999938964844,50.29999923706055,2096000,51.34000015258789,50.209999084472656,34.89910125732422
06-03-2007,50.20000076293945,50.70000076293945,3004300,50.869998931884766,50.529998779296875,35.12152099609375
07-03-2007,50.310001373291016,50.369998931884766,1751400,51.22999954223633,50.779998779296875,35.295284271240234
08-03-2007,50.66999816894531,51.11000061035156,2149100,51.529998779296875,51.13999938964844,35.54551315307617
09-03-2007,50.68000030517578,51.619998931884766,1790900,51.68000030517578,50.880001068115234,35.36479187011719
12-03-2007,50.400001525878906,50.77000045776367,1472000,51.27000045776367,50.97999954223633,35.43430709838867
13-03-2007,49.5099983215332,50.56999969482422,2396200,50.75,49.63999938964844,34.5029182434082
14-03-2007,48.7400016784668,50.20000076293945,3819000,50.650001525878906,49.5,34.405601501464844
15-03-2007,49.150001525878906,49.5,2074800,50.220001220703125,49.93000030517578,34.7044792175293
16-03-2007,50.02000045776367,50.02000045776367,2824500,50.65999984741211,50.40999984741211,35.038108825683594
19-03-2007,50.900001525878906,50.900001525878906,2876300,51.40999984741211,51.27000045776367,35.6358642578125
20-03-2007,51.02000045776367,51.150001525878906,2619400,51.349998474121094,51.20000076293945,35.58721160888672
21-03-2007,51.099998474121094,51.150001525878906,2412500,52.84000015258789,52.599998474121094,36.560306549072266
22-03-2007,52.279998779296875,52.540000915527344,1929100,52.86000061035156,52.65999984741211,36.60200881958008
23-03-2007,52.36000061035156,52.45000076293945,1416900,53.02000045776367,52.869998931884766,36.74797058105469
26-03-2007,51.849998474121094,52.689998626708984,1640000,52.95000076293945,52.45000076293945,36.45604705810547
27-03-2007,51.220001220703125,52.08000183105469,2041400,52.25,52.040000915527344,36.17107009887695
28-03-2007,51.0,51.70000076293945,2166500,51.779998779296875,51.349998474121094,35.836090087890625
29-03-2007,51.18000030517578,51.81999969482422,1706300,52.040000915527344,51.560001373291016,35.98263168334961
30-03-2007,51.040000915527344,51.560001373291016,1490200,52.08000183105469,51.599998474121094,36.010555267333984
02-04-2007,51.2400016784668,51.540000915527344,906900,51.869998931884766,51.7599983215332,36.12220001220703
03-04-2007,51.91999816894531,52.0,1173800,52.34000015258789,52.20000076293945,36.42927551269531
04-04-2007,52.15999984741211,52.2599983215332,952900,52.540000915527344,52.43000030517578,36.58979415893555
05-04-2007,51.91999816894531,52.20000076293945,1632400,52.5,52.31999969482422,36.51301956176758
09-04-2007,52.31999969482422,52.5,1246400,52.72999954223633,52.4900016784668,36.63166046142578
10-04-2007,52.4900016784668,52.66999816894531,1503100,52.939998626708984,52.79999923706055,36.848018646240234
11-04-2007,52.0,52.900001525878906,1617300,52.90999984741211,52.209999084472656,36.43627166748047
12-04-2007,51.630001068115234,52.279998779296875,2414100,52.290000915527344,51.83000183105469,36.17107009887695
13-04-2007,51.540000915527344,52.65999984741211,2666700,52.65999984741211,52.27000045776367,36.478118896484375
16-04-2007,52.31999969482422,52.5,1713300,53.029998779296875,53.029998779296875,37.00852966308594
17-04-2007,52.810001373291016,53.279998779296875,1803000,53.560001373291016,53.560001373291016,37.37839889526367
18-04-2007,50.5099983215332,53.0,5590000,53.0,51.7599983215332,36.12220001220703
19-04-2007,50.9900016784668,52.77000045776367,4761100,52.77000045776367,51.310001373291016,35.80816650390625
20-04-2007,51.380001068115234,51.90999984741211,3934100,52.38999938964844,51.68000030517578,36.06638717651367
23-04-2007,51.619998931884766,51.900001525878906,2363300,52.27000045776367,51.619998931884766,36.0245246887207
24-04-2007,51.22999954223633,51.810001373291016,2330900,51.939998626708984,51.380001068115234,35.857017517089844
25-04-2007,51.09000015258789,51.58000183105469,2539100,51.77000045776367,51.66999816894531,36.05941390991211
26-04-2007,50.81999969482422,50.81999969482422,2312400,51.790000915527344,51.459999084472656,35.912845611572266
27-04-2007,51.310001373291016,51.43000030517578,2076500,52.2400016784668,51.959999084472656,36.261783599853516
30-04-2007,51.25,52.04999923706055,1565000,52.04999923706055,51.310001373291016,35.80816650390625
01-05-2007,51.130001068115234,51.63999938964844,1655400,51.7599983215332,51.5099983215332,35.94775390625
02-05-2007,51.68000030517578,51.720001220703125,2413200,52.61000061035156,52.41999816894531,36.58281326293945
03-05-2007,52.36000061035156,52.61000061035156,1459900,52.84000015258789,52.599998474121094,36.708438873291016
04-05-2007,52.400001525878906,52.849998474121094,2111000,53.099998474121094,52.9900016784668,36.980613708496094
07-05-2007,52.5,53.79999923706055,1041800,53.79999923706055,52.720001220703125,36.79217529296875
08-05-2007,52.060001373291016,52.2599983215332,1317400,52.599998474121094,52.599998474121094,36.708438873291016
09-05-2007,52.25,52.61000061035156,1571500,52.779998779296875,52.66999816894531,36.757286071777344
10-05-2007,51.77000045776367,52.25,1945100,52.4900016784668,51.90999984741211,36.22689437866211
11-05-2007,51.849998474121094,52.2400016784668,1404200,52.349998474121094,52.33000183105469,36.52000427246094
14-05-2007,52.099998474121094,52.25,1611400,52.599998474121094,52.380001068115234,36.554893493652344
15-05-2007,51.970001220703125,52.29999923706055,1541400,52.959999084472656,51.97999954223633,36.275753021240234
16-05-2007,51.63999938964844,52.04999923706055,1680700,52.2599983215332,51.95000076293945,36.25481414794922
17-05-2007,51.2400016784668,51.70000076293945,1562500,51.7400016784668,51.599998474121094,36.010555267333984
18-05-2007,51.29999923706055,51.70000076293945,2120800,51.83000183105469,51.43000030517578,35.89192199707031
21-05-2007,51.11000061035156,51.11000061035156,3522200,51.959999084472656,51.959999084472656,36.261783599853516
22-05-2007,51.130001068115234,51.790000915527344,7987800,55.13999938964844,53.720001220703125,37.49006271362305
23-05-2007,52.9900016784668,53.959999084472656,3113000,54.0,53.2400016784668,37.15507888793945
24-05-2007,52.40999984741211,53.61000061035156,2142100,54.0,52.459999084472656,36.610721588134766
25-05-2007,52.040000915527344,52.040000915527344,961100,52.900001525878906,52.720001220703125,36.79217529296875
29-05-2007,52.2599983215332,52.4900016784668,2554000,52.779998779296875,52.75,36.813114166259766
30-05-2007,52.43000030517578,52.63999938964844,3864600,53.15999984741211,52.79999923706055,36.848018646240234
31-05-2007,52.43000030517578,52.650001525878906,2560500,53.0099983215332,52.720001220703125,36.79217529296875
01-06-2007,52.45000076293945,52.75,1816300,53.08000183105469,52.58000183105469,36.694480895996094
04-06-2007,51.9900016784668,52.2400016784668,1508000,52.470001220703125,52.29999923706055,36.49907302856445
05-06-2007,51.31999969482422,51.79999923706055,2859200,51.88999938964844,51.650001525878906,36.045440673828125
06-06-2007,51.150001525878906,51.36000061035156,3020300,51.81999969482422,51.709999084472656,36.087318420410156
07-06-2007,51.130001068115234,51.33000183105469,2871700,51.790000915527344,51.25,35.766300201416016
08-06-2007,51.41999816894531,51.459999084472656,2375100,52.02000045776367,52.02000045776367,36.30366516113281
11-06-2007,51.83000183105469,51.970001220703125,2224800,52.88999938964844,52.540000915527344,36.66655349731445
12-06-2007,52.04999923706055,52.150001525878906,3073100,53.45000076293945,52.849998474121094,36.882896423339844
13-06-2007,54.130001068115234,54.5,5357900,55.45000076293945,55.349998474121094,38.627601623535156
14-06-2007,54.5,54.75,3065300,55.77000045776367,55.56999969482422,38.7811164855957
15-06-2007,55.04999923706055,56.0,4263700,56.09000015258789,55.36000061035156,38.634578704833984
18-06-2007,55.0,55.61000061035156,2601000,55.86000061035156,55.31999969482422,38.60666275024414
19-06-2007,54.7400016784668,55.0099983215332,1544600,55.5,55.41999816894531,38.67645263671875
20-06-2007,55.040000915527344,55.79999923706055,3181800,56.70000076293945,55.43000030517578,38.683441162109375
21-06-2007,55.0,55.040000915527344,1893100,56.13999938964844,55.849998474121094,38.97653579711914
22-06-2007,55.06999969482422,55.70000076293945,2134000,56.11000061035156,55.119998931884766,38.46709442138672
25-06-2007,54.790000915527344,55.119998931884766,1591500,55.93000030517578,54.880001068115234,38.29959487915039
26-06-2007,54.02000045776367,54.900001525878906,1920700,55.15999984741211,54.150001525878906,37.7901496887207
27-06-2007,53.5,53.54999923706055,1790400,54.849998474121094,54.849998474121094,38.42768859863281
28-06-2007,54.369998931884766,55.09000015258789,1272300,55.59000015258789,54.45000076293945,38.147438049316406
29-06-2007,53.5099983215332,54.41999816894531,3081700,54.41999816894531,54.189998626708984,37.96530532836914
02-07-2007,54.40999984741211,54.61000061035156,1972500,55.65999984741211,55.61000061035156,38.96013641357422
03-07-2007,55.4900016784668,55.599998474121094,866000,55.869998931884766,55.72999954223633,39.044212341308594
05-07-2007,55.0099983215332,55.59000015258789,1152100,55.81999969482422,55.540000915527344,38.911102294921875
06-07-2007,55.099998474121094,55.630001068115234,2623700,56.189998626708984,55.810001373291016,39.10026168823242
09-07-2007,56.36000061035156,56.5099983215332,2520300,56.9900016784668,56.70000076293945,39.72380065917969
10-07-2007,55.25,56.2400016784668,2281800,56.439998626708984,55.29999923706055,38.742958068847656
11-07-2007,55.29999923706055,55.349998474121094,1553500,56.34000015258789,56.27000045776367,39.422542572021484
12-07-2007,56.27000045776367,56.5,1769200,57.540000915527344,57.459999084472656,40.2562370300293
13-07-2007,57.060001373291016,57.31999969482422,1828000,58.11000061035156,57.90999984741211,40.57151794433594
16-07-2007,57.529998779296875,57.68000030517578,1312400,58.31999969482422,58.0099983215332,40.64156723022461
17-07-2007,57.72999954223633,58.22999954223633,1482000,58.52000045776367,58.15999984741211,40.74665451049805
18-07-2007,57.2599983215332,58.0,2376800,58.189998626708984,57.900001525878906,40.56449508666992
19-07-2007,57.060001373291016,58.02000045776367,3337600,58.59000015258789,57.790000915527344,40.48743438720703
20-07-2007,56.13999938964844,57.15999984741211,2911700,57.650001525878906,57.09000015258789,39.99701690673828
23-07-2007,56.849998474121094,57.70000076293945,1731400,57.790000915527344,57.06999969482422,39.98299789428711
24-07-2007,56.15999984741211,56.70000076293945,2861700,57.15999984741211,56.72999954223633,39.74480438232422
25-07-2007,55.5,56.13999938964844,2254700,57.060001373291016,56.16999816894531,39.35248565673828
26-07-2007,54.869998931884766,55.5,3308600,56.22999954223633,55.52000045776367,38.897090911865234
27-07-2007,54.59000015258789,55.310001373291016,2597100,55.650001525878906,54.63999938964844,38.28056716918945
30-07-2007,53.88999938964844,53.88999938964844,2416500,55.59000015258789,55.290000915527344,38.7359504699707
31-07-2007,54.5099983215332,54.5099983215332,3355200,56.0099983215332,55.04999923706055,38.567806243896484
01-08-2007,54.970001220703125,55.029998779296875,3413300,56.09000015258789,56.02000045776367,39.24739456176758
02-08-2007,55.459999084472656,56.279998779296875,1872800,56.380001068115234,56.08000183105469,39.289424896240234
03-08-2007,54.689998626708984,56.08000183105469,2485400,56.25,54.7599983215332,38.364654541015625
06-08-2007,54.099998474121094,55.099998474121094,3265400,55.220001220703125,55.220001220703125,38.68691635131836
07-08-2007,54.209999084472656,54.849998474121094,2708100,55.349998474121094,54.880001068115234,38.448707580566406
08-08-2007,54.459999084472656,54.90999984741211,2569400,55.56999969482422,55.47999954223633,38.86907196044922
09-08-2007,53.40999984741211,54.349998474121094,3431900,55.560001373291016,54.2599983215332,38.01433181762695
10-08-2007,53.11000061035156,53.900001525878906,2992900,54.959999084472656,54.630001068115234,38.27356719970703
13-08-2007,53.72999954223633,55.0,2329800,55.189998626708984,54.130001068115234,37.92326354980469
14-08-2007,53.43000030517578,53.939998626708984,1698800,54.22999954223633,53.720001220703125,37.63601303100586
15-08-2007,51.79999923706055,52.25,2341100,54.09000015258789,51.88999938964844,36.35391616821289
16-08-2007,50.58000183105469,51.630001068115234,3271800,52.900001525878906,52.599998474121094,36.85135269165039
17-08-2007,52.47999954223633,53.97999954223633,3827000,54.25,52.869998931884766,37.04050827026367
20-08-2007,52.619998931884766,52.900001525878906,2367800,54.72999954223633,54.599998474121094,38.252532958984375
21-08-2007,54.20000076293945,55.20000076293945,1920400,55.52000045776367,54.88999938964844,38.455718994140625
22-08-2007,55.029998779296875,55.029998779296875,3394500,57.66999816894531,57.439998626708984,40.24221420288086
23-08-2007,56.0,57.70000076293945,1826900,57.75,56.5,39.58367156982422
24-08-2007,56.27000045776367,56.279998779296875,1719100,57.040000915527344,56.97999954223633,39.91996383666992
27-08-2007,56.45000076293945,56.7599983215332,2106800,58.47999954223633,58.130001068115234,40.72564697265625
28-08-2007,55.810001373291016,57.38999938964844,3442800,57.939998626708984,56.060001373291016,39.27541732788086
29-08-2007,56.400001525878906,56.63999938964844,2274000,57.65999984741211,57.65999984741211,40.3963623046875
30-08-2007,57.27000045776367,57.27000045776367,2130700,58.34000015258789,57.709999084472656,40.431392669677734
31-08-2007,57.11000061035156,58.0099983215332,2095500,58.560001373291016,58.16999816894531,40.7536735534668
04-09-2007,57.56999969482422,57.779998779296875,1614000,58.7400016784668,58.36000061035156,40.88677978515625
05-09-2007,57.29999923706055,57.86000061035156,1916000,58.209999084472656,57.75,40.459415435791016
06-09-2007,56.900001525878906,57.5,2668300,58.400001525878906,57.560001373291016,40.3262939453125
07-09-2007,56.40999984741211,56.70000076293945,1994000,57.41999816894531,56.79999923706055,39.79384994506836
10-09-2007,55.52000045776367,57.130001068115234,1175200,57.25,56.290000915527344,39.43655776977539
11-09-2007,55.939998626708984,56.130001068115234,1430800,56.90999984741211,56.52000045776367,39.59768295288086
12-09-2007,55.04999923706055,56.349998474121094,3071100,56.40999984741211,55.84000015258789,39.121280670166016
13-09-2007,55.40999984741211,56.209999084472656,1924600,56.5,55.88999938964844,39.156307220458984
14-09-2007,55.04999923706055,55.54999923706055,3570000,57.0099983215332,56.83000183105469,39.814857482910156
17-09-2007,56.7599983215332,56.77000045776367,1880900,57.63999938964844,57.16999816894531,40.053062438964844
18-09-2007,55.75,57.0099983215332,3790000,57.9900016784668,57.810001373291016,40.5014533996582
19-09-2007,57.369998931884766,57.810001373291016,3261600,58.400001525878906,58.0,40.63456726074219
20-09-2007,56.66999816894531,58.5,1655400,58.5,57.75,40.459415435791016
21-09-2007,57.75,58.08000183105469,2823800,58.5,57.849998474121094,40.52948760986328
24-09-2007,57.400001525878906,57.79999923706055,1495000,58.400001525878906,57.7400016784668,40.45240783691406
25-09-2007,57.0,57.529998779296875,2438700,58.04999923706055,57.880001068115234,40.55050277709961
26-09-2007,58.0,58.11000061035156,1912600,58.88999938964844,58.66999816894531,41.30377960205078
27-09-2007,58.27000045776367,58.959999084472656,2188100,59.86000061035156,59.58000183105469,41.94442367553711
28-09-2007,59.5099983215332,59.7599983215332,2458000,60.0,59.63999938964844,41.98666000366211
01-10-2007,57.75,58.709999084472656,2557100,59.38999938964844,58.470001220703125,41.16297912597656
02-10-2007,57.880001068115234,58.349998474121094,1602500,58.5,58.279998779296875,41.02922058105469
03-10-2007,57.54999923706055,58.279998779296875,1839900,58.47999954223633,58.2400016784668,41.001060485839844
04-10-2007,58.25,58.5,1642100,58.72999954223633,58.459999084472656,41.15593719482422
05-10-2007,58.88999938964844,59.06999969482422,1921500,59.900001525878906,59.70000076293945,42.028900146484375
08-10-2007,59.29999923706055,59.47999954223633,970500,59.97999954223633,59.56999969482422,41.937374114990234
09-10-2007,59.02000045776367,59.849998474121094,1943300,60.0,59.7400016784668,42.05705642700195
10-10-2007,59.209999084472656,59.79999923706055,1837600,59.79999923706055,59.220001220703125,41.69097900390625
11-10-2007,59.349998474121094,59.77000045776367,2091600,59.959999084472656,59.650001525878906,41.99369430541992
12-10-2007,59.25,59.650001525878906,1700200,60.0,60.0,42.24008560180664
15-10-2007,58.810001373291016,59.619998931884766,2349400,59.970001220703125,59.52000045776367,41.902183532714844
16-10-2007,58.099998474121094,59.4900016784668,2654800,59.63999938964844,58.61000061035156,41.26154708862305
17-10-2007,56.880001068115234,59.95000076293945,4328400,59.95000076293945,57.65999984741211,40.592735290527344
18-10-2007,57.11000061035156,58.04999923706055,2606500,58.59000015258789,57.36000061035156,40.381526947021484
19-10-2007,55.90999984741211,56.90999984741211,3992100,57.099998474121094,56.279998779296875,39.6212043762207
22-10-2007,55.5099983215332,55.75,2240300,56.91999816894531,56.5,39.776092529296875
23-10-2007,55.709999084472656,56.63999938964844,2473500,56.91999816894531,56.61000061035156,39.8535270690918
24-10-2007,55.68000030517578,56.45000076293945,3169900,56.70000076293945,56.59000015258789,39.839447021484375
25-10-2007,55.779998779296875,55.91999816894531,3002700,57.04999923706055,56.70000076293945,39.916893005371094
26-10-2007,56.06999969482422,56.33000183105469,2049500,57.619998931884766,56.97999954223633,40.114017486572266
29-10-2007,56.439998626708984,57.25,1315000,57.38999938964844,57.060001373291016,40.17034149169922
30-10-2007,56.369998931884766,57.849998474121094,1308300,57.849998474121094,56.540000915527344,39.80424880981445
31-10-2007,56.5,56.75,2501400,57.65999984741211,57.2599983215332,40.31113815307617
01-11-2007,56.310001373291016,56.869998931884766,2350800,57.209999084472656,56.599998474121094,39.846500396728516
02-11-2007,55.86000061035156,56.790000915527344,3100700,57.099998474121094,56.72999954223633,39.938011169433594
05-11-2007,56.06999969482422,56.56999969482422,1755600,56.880001068115234,56.52000045776367,39.79018020629883
06-11-2007,56.06999969482422,56.470001220703125,1418100,57.20000076293945,57.150001525878906,40.23369598388672
07-11-2007,56.029998779296875,56.75,2341800,56.83000183105469,56.13999938964844,39.52265548706055
08-11-2007,55.31999969482422,56.189998626708984,3085000,56.529998779296875,56.2400016784668,39.593048095703125
09-11-2007,54.95000076293945,55.290000915527344,3495400,55.75,55.27000045776367,38.9101676940918
12-11-2007,54.45000076293945,55.060001373291016,3020300,55.47999954223633,54.83000183105469,38.600406646728516
13-11-2007,54.77000045776367,55.18000030517578,2369700,55.7599983215332,55.70000076293945,39.212890625
14-11-2007,55.369998931884766,56.150001525878906,2312000,56.66999816894531,55.38999938964844,38.99465560913086
15-11-2007,54.099998474121094,55.279998779296875,3199800,55.279998779296875,54.709999084472656,38.51592254638672
16-11-2007,53.84000015258789,54.970001220703125,4312600,55.0,54.45000076293945,38.332889556884766
19-11-2007,53.790000915527344,54.189998626708984,3094100,54.459999084472656,53.97999954223633,38.00200271606445
20-11-2007,53.209999084472656,54.06999969482422,2526900,54.47999954223633,53.959999084472656,37.98793411254883
21-11-2007,53.2400016784668,53.619998931884766,2453900,54.810001373291016,53.970001220703125,37.994972229003906
23-11-2007,53.939998626708984,54.099998474121094,801800,54.70000076293945,54.619998931884766,38.452571868896484
26-11-2007,53.93000030517578,54.529998779296875,2610400,55.150001525878906,53.97999954223633,38.00200271606445
27-11-2007,53.97999954223633,54.150001525878906,2923600,55.54999923706055,55.540000915527344,39.10025405883789
28-11-2007,55.599998474121094,56.0,2886200,56.84000015258789,56.68000030517578,39.90281677246094
29-11-2007,55.7400016784668,56.5099983215332,2641300,57.0,55.939998626708984,39.38186264038086
30-11-2007,55.369998931884766,56.86000061035156,3409000,56.86000061035156,55.5,39.07209777832031
03-12-2007,54.459999084472656,55.63999938964844,2629400,55.63999938964844,54.470001220703125,38.34697341918945
04-12-2007,54.02000045776367,54.040000915527344,2180100,54.81999969482422,54.5,38.36809539794922
05-12-2007,54.779998779296875,54.900001525878906,2673000,55.90999984741211,55.619998931884766,39.15657043457031
06-12-2007,55.459999084472656,55.599998474121094,1825100,57.0,56.93000030517578,40.07880783081055
07-12-2007,56.4900016784668,57.150001525878906,1941400,57.150001525878906,56.810001373291016,39.994327545166016
10-12-2007,56.56999969482422,56.849998474121094,1401800,57.810001373291016,57.61000061035156,40.55752944946289
11-12-2007,55.7400016784668,57.63999938964844,2460900,57.9900016784668,55.970001220703125,39.40297317504883
12-12-2007,55.36000061035156,57.34000015258789,2086200,57.34000015258789,55.900001525878906,39.35368728637695
13-12-2007,55.5099983215332,55.7400016784668,2009700,56.68000030517578,56.58000183105469,39.83241271972656
14-12-2007,55.66999816894531,55.83000183105469,1792600,56.970001220703125,55.900001525878906,39.35368728637695
17-12-2007,52.220001220703125,53.130001068115234,6292300,53.720001220703125,52.4900016784668,36.953041076660156
18-12-2007,51.40999984741211,52.970001220703125,3576300,52.970001220703125,51.93000030517578,36.55880355834961
19-12-2007,51.81999969482422,52.040000915527344,3000000,52.880001068115234,52.43000030517578,36.910797119140625
20-12-2007,51.93000030517578,52.709999084472656,2488800,53.04999923706055,52.650001525878906,37.065696716308594
21-12-2007,52.93000030517578,53.43000030517578,3557400,54.279998779296875,54.2599983215332,38.199127197265625
24-12-2007,53.970001220703125,54.54999923706055,1256600,55.52000045776367,55.09000015258789,38.783451080322266
26-12-2007,54.61000061035156,54.869998931884766,2198500,55.36000061035156,55.040000915527344,38.748252868652344
27-12-2007,53.939998626708984,54.720001220703125,2148000,54.86000061035156,54.0099983215332,38.217552185058594
28-12-2007,53.63999938964844,54.5,1602600,54.72999954223633,54.040000915527344,38.238773345947266
31-12-2007,53.27000045776367,53.66999816894531,1897800,54.119998931884766,53.540000915527344,37.88497543334961
02-01-2008,52.099998474121094,53.54999923706055,2795600,53.97999954223633,52.16999816894531,36.91556930541992
03-01-2008,51.65999984741211,52.189998626708984,2749200,52.66999816894531,51.689998626708984,36.57591247558594
04-01-2008,50.38999938964844,51.29999923706055,4205400,51.43000030517578,50.5,35.73386764526367
07-01-2008,49.29999923706055,50.709999084472656,4291400,51.150001525878906,49.650001525878906,35.13239669799805
08-01-2008,47.31999969482422,49.70000076293945,5542400,49.70000076293945,47.470001220703125,33.589839935302734
09-01-2008,46.349998474121094,47.599998474121094,5437200,48.029998779296875,47.540000915527344,33.639366149902344
10-01-2008,46.709999084472656,47.279998779296875,5619300,49.869998931884766,49.040000915527344,34.700767517089844
11-01-2008,47.70000076293945,48.689998626708984,3521400,49.2599983215332,47.91999816894531,33.90825271606445
14-01-2008,48.119998931884766,48.209999084472656,2600300,48.84000015258789,48.54999923706055,34.35404586791992
15-01-2008,47.41999816894531,48.04999923706055,3097000,48.34000015258789,47.650001525878906,33.71720504760742
16-01-2008,46.7599983215332,47.34000015258789,4086900,48.720001220703125,47.709999084472656,33.75965881347656
17-01-2008,46.58000183105469,48.25,4410300,48.54999923706055,46.689998626708984,33.03789520263672
18-01-2008,46.52000045776367,46.56999969482422,3889300,48.0,47.150001525878906,33.363399505615234
22-01-2008,45.02000045776367,45.15999984741211,6016900,48.72999954223633,48.22999954223633,34.12763214111328
23-01-2008,46.619998931884766,46.90999984741211,6304700,49.77000045776367,49.70000076293945,35.16779327392578
24-01-2008,48.95000076293945,49.959999084472656,4356300,50.849998474121094,50.290000915527344,35.58527755737305
25-01-2008,49.88999938964844,50.68000030517578,3971100,51.09000015258789,49.97999954223633,35.36591720581055
28-01-2008,49.15999984741211,49.95000076293945,3965500,50.15999984741211,50.09000015258789,35.44375228881836
29-01-2008,50.060001373291016,50.13999938964844,2621400,51.0099983215332,50.63999938964844,35.83293151855469
30-01-2008,48.599998474121094,48.599998474121094,4374100,50.81999969482422,49.47999954223633,35.012107849121094
31-01-2008,48.529998779296875,48.709999084472656,4571800,51.11000061035156,50.41999816894531,35.67725372314453
01-02-2008,49.7599983215332,50.349998474121094,2306400,51.06999969482422,50.900001525878906,36.01691818237305
04-02-2008,50.290000915527344,50.709999084472656,2110900,51.34000015258789,50.97999954223633,36.07350540161133
05-02-2008,49.59000015258789,50.18000030517578,2854000,50.470001220703125,49.59000015258789,35.08994674682617
06-02-2008,49.0,50.02000045776367,4999300,50.13999938964844,49.369998931884766,34.934268951416016
07-02-2008,48.5,49.29999923706055,4514900,49.52000045776367,48.900001525878906,34.601707458496094
08-02-2008,48.06999969482422,48.459999084472656,2524200,49.099998474121094,48.5099983215332,34.32574462890625
11-02-2008,47.84000015258789,48.310001373291016,2566400,48.650001525878906,48.59000015258789,34.382347106933594
12-02-2008,48.619998931884766,48.970001220703125,3383000,49.369998931884766,49.0099983215332,34.67954635620117
13-02-2008,49.22999954223633,49.47999954223633,3728300,50.060001373291016,50.0099983215332,35.387142181396484
14-02-2008,48.86000061035156,50.0,3248400,50.150001525878906,48.90999984741211,34.60878372192383
15-02-2008,48.2599983215332,48.810001373291016,2548500,49.040000915527344,48.86000061035156,34.57339859008789
19-02-2008,48.52000045776367,49.5099983215332,1857500,49.75,48.720001220703125,34.474334716796875
20-02-2008,48.040000915527344,48.310001373291016,2695500,49.45000076293945,49.2599983215332,34.856441497802734
21-02-2008,48.16999816894531,49.349998474121094,3928600,49.77000045776367,48.31999969482422,34.19130325317383
22-02-2008,47.66999816894531,48.31999969482422,3011500,48.77000045776367,48.400001525878906,34.247901916503906
25-02-2008,48.150001525878906,48.33000183105469,4501700,48.9900016784668,48.9900016784668,34.66539001464844
26-02-2008,48.560001373291016,48.630001068115234,5632400,49.59000015258789,49.2599983215332,34.856441497802734
27-02-2008,48.79999923706055,49.04999923706055,3788900,50.16999816894531,49.5099983215332,35.033348083496094
28-02-2008,49.5,50.290000915527344,4703800,50.58000183105469,49.95000076293945,35.344688415527344
29-02-2008,48.95000076293945,49.4900016784668,6220300,49.619998931884766,49.06999969482422,34.72199249267578
03-03-2008,48.45000076293945,48.88999938964844,3098300,49.15999984741211,49.040000915527344,34.700767517089844
04-03-2008,47.900001525878906,48.66999816894531,4499500,49.040000915527344,48.4900016784668,34.31159973144531
05-03-2008,47.75,48.529998779296875,3845700,48.599998474121094,48.2599983215332,34.14883041381836
06-03-2008,47.72999954223633,48.11000061035156,3044100,48.18000030517578,47.79999923706055,33.82333755493164
07-03-2008,46.81999969482422,47.5099983215332,3277500,48.0,47.130001068115234,33.3492431640625
10-03-2008,46.13999938964844,47.08000183105469,2307800,47.130001068115234,46.27000045776367,32.74070358276367
11-03-2008,46.720001220703125,47.220001220703125,2427900,47.869998931884766,47.81999969482422,33.83749008178711
12-03-2008,47.470001220703125,48.0099983215332,1888900,48.400001525878906,47.560001373291016,33.65351486206055
13-03-2008,46.45000076293945,46.869998931884766,2761500,48.0,47.7599983215332,33.7950325012207
14-03-2008,46.25,48.02000045776367,2861400,48.36000061035156,46.75,33.08036422729492
17-03-2008,45.25,45.52000045776367,4165800,48.13999938964844,47.619998931884766,33.69597244262695
18-03-2008,47.86000061035156,48.43000030517578,3881700,49.060001373291016,49.04999923706055,34.70783996582031
19-03-2008,47.83000183105469,49.38999938964844,2861600,49.56999969482422,47.86000061035156,33.86579513549805
20-03-2008,47.470001220703125,48.31999969482422,4059800,48.5099983215332,48.31999969482422,34.19130325317383
24-03-2008,48.61000061035156,48.779998779296875,2477800,49.56999969482422,49.41999816894531,34.969669342041016
25-03-2008,49.31999969482422,49.540000915527344,2861700,50.20000076293945,49.90999984741211,35.316383361816406
26-03-2008,48.77000045776367,49.54999923706055,1967600,49.619998931884766,49.060001373291016,34.71492004394531
27-03-2008,48.189998626708984,48.970001220703125,2238100,49.13999938964844,48.33000183105469,34.3946647644043
28-03-2008,47.720001220703125,48.04999923706055,2256000,48.77000045776367,47.88999938964844,34.08154296875
31-03-2008,47.70000076293945,47.959999084472656,3187800,48.54999923706055,48.22999954223633,34.323524475097656
01-04-2008,48.54999923706055,48.63999938964844,2729200,50.470001220703125,50.459999084472656,35.91050338745117
02-04-2008,50.099998474121094,50.7599983215332,2354500,50.90999984741211,50.34000015258789,35.82511901855469
03-04-2008,49.7599983215332,50.150001525878906,2089400,50.2400016784668,50.02000045776367,35.59737777709961
04-04-2008,49.959999084472656,50.0,2340900,51.16999816894531,50.81999969482422,36.16670608520508
07-04-2008,50.54999923706055,51.290000915527344,1447900,51.290000915527344,50.849998474121094,36.18806838989258
08-04-2008,49.66999816894531,50.22999954223633,2432700,50.290000915527344,49.84000015258789,35.46929168701172
09-04-2008,49.0099983215332,49.56999969482422,1808900,49.970001220703125,49.4900016784668,35.22021484375
10-04-2008,49.599998474121094,49.79999923706055,2083400,51.0,50.84000015258789,36.180938720703125
11-04-2008,49.470001220703125,50.34000015258789,3396300,50.34000015258789,49.75,35.40523147583008
14-04-2008,49.540000915527344,49.84000015258789,1891900,50.369998931884766,50.06999969482422,35.63298034667969
15-04-2008,49.90999984741211,50.380001068115234,4083900,50.779998779296875,50.54999923706055,35.97455596923828
16-04-2008,51.84000015258789,52.13999938964844,5746000,53.58000183105469,52.529998779296875,37.38365936279297
17-04-2008,50.88999938964844,51.15999984741211,3983300,52.08000183105469,51.040000915527344,36.32328796386719
18-04-2008,51.869998931884766,51.900001525878906,5090300,52.38999938964844,52.34000015258789,37.24843978881836
21-04-2008,51.93000030517578,52.15999984741211,2486000,52.79999923706055,52.619998931884766,37.44771194458008
22-04-2008,51.79999923706055,52.66999816894531,2359100,52.849998474121094,52.209999084472656,37.15593338012695
23-04-2008,51.209999084472656,52.310001373291016,3397800,52.33000183105469,51.540000915527344,36.679107666015625
24-04-2008,51.09000015258789,51.709999084472656,2813300,52.27000045776367,51.90999984741211,36.94240951538086
25-04-2008,51.380001068115234,52.279998779296875,1783300,52.38999938964844,52.20000076293945,37.14881134033203
28-04-2008,51.970001220703125,52.04999923706055,1907800,52.68000030517578,52.40999984741211,37.29825973510742
29-04-2008,52.290000915527344,52.45000076293945,3555500,53.09000015258789,52.619998931884766,37.44771194458008
30-04-2008,52.22999954223633,52.83000183105469,2757100,53.310001373291016,52.290000915527344,37.212860107421875
01-05-2008,52.20000076293945,52.31999969482422,2783800,53.5,53.5,38.073974609375
02-05-2008,52.75,54.119998931884766,2270400,54.119998931884766,53.119998931884766,37.80354309082031
05-05-2008,52.529998779296875,53.16999816894531,2451600,53.16999816894531,52.86000061035156,37.61851119995117
06-05-2008,52.11000061035156,52.790000915527344,2272900,53.70000076293945,53.58000183105469,38.13091278076172
07-05-2008,52.880001068115234,53.709999084472656,2562700,53.79999923706055,52.939998626708984,37.675445556640625
08-05-2008,52.0,53.040000915527344,2861800,53.400001525878906,52.88999938964844,37.63987350463867
09-05-2008,52.220001220703125,52.630001068115234,1897400,53.20000076293945,53.099998474121094,37.789310455322266
12-05-2008,52.630001068115234,53.150001525878906,1457000,53.779998779296875,53.75,38.25188446044922
13-05-2008,53.779998779296875,53.779998779296875,2631300,54.88999938964844,54.689998626708984,38.92085266113281
14-05-2008,54.689998626708984,54.869998931884766,1886800,55.59000015258789,55.22999954223633,39.305145263671875
15-05-2008,54.150001525878906,54.56999969482422,1913800,55.220001220703125,54.9900016784668,39.13435363769531
16-05-2008,53.880001068115234,55.189998626708984,3017200,55.189998626708984,54.63999938964844,38.88526916503906
19-05-2008,54.599998474121094,54.77000045776367,2249900,55.47999954223633,54.88999938964844,39.063201904296875
20-05-2008,53.869998931884766,54.52000045776367,2915500,54.52000045776367,54.2599983215332,38.61483383178711
21-05-2008,52.959999084472656,54.349998474121094,2727100,54.439998626708984,53.08000183105469,37.77507019042969
22-05-2008,52.959999084472656,53.06999969482422,2261900,53.630001068115234,53.27000045776367,37.9102897644043
23-05-2008,52.029998779296875,53.119998931884766,2082000,53.15999984741211,52.459999084472656,37.33384704589844
27-05-2008,51.81999969482422,52.43000030517578,3403100,52.630001068115234,52.29999923706055,37.219970703125
28-05-2008,52.189998626708984,52.5,2581800,52.939998626708984,52.65999984741211,37.47616958618164
29-05-2008,52.2599983215332,52.369998931884766,3005500,52.970001220703125,52.619998931884766,37.44771194458008
30-05-2008,53.16999816894531,53.380001068115234,3871900,54.0,53.70000076293945,38.21630096435547
02-06-2008,52.060001373291016,53.59000015258789,4253000,53.599998474121094,52.18000030517578,37.13457107543945
03-06-2008,51.20000076293945,52.470001220703125,3655000,52.59000015258789,51.540000915527344,36.679107666015625
04-06-2008,51.0099983215332,51.5,2249000,51.68000030517578,51.369998931884766,36.558128356933594
05-06-2008,51.15999984741211,51.58000183105469,2640100,51.689998626708984,51.5,36.650638580322266
06-06-2008,50.15999984741211,51.16999816894531,2374300,51.20000076293945,50.15999984741211,35.69701385498047
09-06-2008,50.0,50.540000915527344,2032900,50.709999084472656,50.459999084472656,35.91050338745117
10-06-2008,49.81999969482422,49.939998626708984,2454200,50.779998779296875,50.20000076293945,35.72549057006836
11-06-2008,48.709999084472656,50.0,1925500,50.11000061035156,48.7400016784668,34.68645477294922
12-06-2008,49.08000183105469,49.08000183105469,2181300,50.0,49.540000915527344,35.25578308105469
13-06-2008,49.060001373291016,49.83000183105469,2228800,50.27000045776367,49.709999084472656,35.37675857543945
16-06-2008,48.939998626708984,49.47999954223633,1739200,49.7400016784668,49.5,35.22731018066406
17-06-2008,49.45000076293945,49.65999984741211,1934400,50.04999923706055,49.45000076293945,35.19173812866211
18-06-2008,48.689998626708984,49.22999954223633,2364200,49.36000061035156,49.029998779296875,34.89282989501953
19-06-2008,48.709999084472656,49.099998474121094,1524800,49.650001525878906,49.47999954223633,35.21309280395508
20-06-2008,48.40999984741211,49.29999923706055,3927200,49.29999923706055,48.61000061035156,34.59394454956055
23-06-2008,48.13999938964844,48.90999984741211,2632900,48.90999984741211,48.31999969482422,34.3875732421875
24-06-2008,47.70000076293945,48.5,2753100,48.65999984741211,47.779998779296875,34.00326919555664
25-06-2008,47.869998931884766,47.869998931884766,4431400,48.66999816894531,48.650001525878906,34.622406005859375
26-06-2008,46.75,48.06999969482422,4187000,48.06999969482422,46.79999923706055,33.49862289428711
27-06-2008,46.220001220703125,46.95000076293945,5513800,47.0099983215332,46.36000061035156,33.183685302734375
30-06-2008,46.279998779296875,46.380001068115234,4235100,47.91999816894531,47.5099983215332,34.00685501098633
01-07-2008,46.380001068115234,46.91999816894531,3530200,47.47999954223633,47.43000030517578,33.949562072753906
02-07-2008,46.15999984741211,47.5,3699800,47.849998474121094,46.15999984741211,33.0405387878418
03-07-2008,46.380001068115234,46.45000076293945,2636600,47.66999816894531,47.20000076293945,33.784942626953125
07-07-2008,46.290000915527344,47.58000183105469,3845200,47.849998474121094,46.7400016784668,33.455684661865234
08-07-2008,46.630001068115234,46.77000045776367,2375800,47.689998626708984,47.65999984741211,34.11420440673828
09-07-2008,46.119998931884766,47.65999984741211,3111400,47.75,46.150001525878906,33.03337478637695
10-07-2008,45.349998474121094,46.2400016784668,3324500,46.630001068115234,46.34000015258789,33.169376373291016
11-07-2008,45.25,45.900001525878906,2260000,46.34000015258789,45.599998474121094,32.63967514038086
14-07-2008,45.5099983215332,46.060001373291016,2048200,46.560001373291016,45.900001525878906,32.854427337646484
15-07-2008,44.060001373291016,45.470001220703125,4526800,45.880001068115234,45.0099983215332,32.217384338378906
16-07-2008,44.38999938964844,45.06999969482422,5156000,46.54999923706055,46.54999923706055,33.3196907043457
17-07-2008,46.77000045776367,47.4900016784668,8502100,47.77000045776367,47.0,33.641780853271484
18-07-2008,46.130001068115234,47.38999938964844,3205200,47.38999938964844,46.72999954223633,33.448524475097656
21-07-2008,46.08000183105469,47.0099983215332,2622100,47.0099983215332,46.84000015258789,33.52725601196289
22-07-2008,46.599998474121094,46.599998474121094,2943400,47.77000045776367,47.709999084472656,34.14999008178711
23-07-2008,47.0,47.86000061035156,2484800,47.97999954223633,47.83000183105469,34.23588562011719
24-07-2008,45.959999084472656,47.52000045776367,3007800,47.70000076293945,46.04999923706055,32.961795806884766
25-07-2008,46.09000015258789,46.16999816894531,2126900,46.7599983215332,46.459999084472656,33.25526809692383
28-07-2008,45.97999954223633,46.40999984741211,1813700,46.849998474121094,45.97999954223633,32.91168975830078
29-07-2008,46.16999816894531,46.349998474121094,2373000,46.90999984741211,46.88999938964844,33.56304168701172
30-07-2008,46.79999923706055,46.88999938964844,2287100,48.040000915527344,47.790000915527344,34.20724868774414
31-07-2008,46.79999923706055,47.06999969482422,2152300,47.84000015258789,46.849998474121094,33.53441619873047
01-08-2008,46.59000015258789,47.130001068115234,2590000,47.650001525878906,46.81999969482422,33.51294708251953
04-08-2008,46.310001373291016,46.86000061035156,2484300,47.15999984741211,46.72999954223633,33.448524475097656
05-08-2008,47.189998626708984,47.189998626708984,2162600,47.86000061035156,47.79999923706055,34.214412689208984
06-08-2008,47.16999816894531,47.70000076293945,3084100,48.900001525878906,48.630001068115234,34.80852127075195
07-08-2008,47.79999923706055,48.310001373291016,2329000,48.630001068115234,48.119998931884766,34.44345474243164
08-08-2008,47.650001525878906,47.81999969482422,2948800,50.08000183105469,50.0,35.78913497924805
11-08-2008,49.279998779296875,49.599998474121094,2589800,50.56999969482422,49.9900016784668,35.78197479248047
12-08-2008,49.68000030517578,50.439998626708984,3209000,51.0,49.970001220703125,35.76765823364258
13-08-2008,48.47999954223633,49.52000045776367,3126800,49.7599983215332,48.959999084472656,35.044715881347656
14-08-2008,48.36000061035156,48.689998626708984,1907300,49.58000183105469,49.31999969482422,35.302406311035156
15-08-2008,49.150001525878906,49.54999923706055,2567000,50.220001220703125,49.459999084472656,35.40260314941406
18-08-2008,48.560001373291016,49.709999084472656,2317100,49.959999084472656,48.939998626708984,35.03040313720703
19-08-2008,47.7599983215332,48.95000076293945,3270600,49.08000183105469,47.869998931884766,34.264530181884766
20-08-2008,47.25,48.04999923706055,2136900,48.09000015258789,47.86000061035156,34.257347106933594
21-08-2008,47.22999954223633,47.22999954223633,2272600,48.439998626708984,48.290000915527344,34.565147399902344
22-08-2008,48.4900016784668,48.5099983215332,1616600,49.11000061035156,48.95000076293945,35.03756332397461
25-08-2008,47.81999969482422,48.56999969482422,2116000,48.849998474121094,48.09000015258789,34.421993255615234
26-08-2008,47.7400016784668,48.25,1819200,48.40999984741211,48.279998779296875,34.5579833984375
27-08-2008,48.09000015258789,48.43000030517578,2137100,48.83000183105469,48.689998626708984,34.8514518737793
28-08-2008,47.83000183105469,48.93000030517578,2324700,50.0099983215332,49.810001373291016,35.653141021728516
29-08-2008,49.2400016784668,49.54999923706055,3169700,50.099998474121094,49.61000061035156,35.50998306274414
02-09-2008,49.220001220703125,50.04999923706055,3409000,50.720001220703125,49.529998779296875,35.45271301269531
03-09-2008,48.939998626708984,49.4900016784668,2549600,49.779998779296875,49.470001220703125,35.40977478027344
04-09-2008,47.70000076293945,48.9900016784668,3833500,49.0,47.91999816894531,34.30031967163086
05-09-2008,47.099998474121094,47.56999969482422,3519800,48.08000183105469,47.90999984741211,34.29314041137695
08-09-2008,48.4900016784668,48.900001525878906,4072200,49.54999923706055,49.290000915527344,35.28092956542969
09-09-2008,47.959999084472656,49.279998779296875,5442900,49.560001373291016,48.0,34.35756301879883
10-09-2008,47.939998626708984,48.08000183105469,3956000,48.689998626708984,48.189998626708984,34.49357223510742
11-09-2008,46.849998474121094,47.81999969482422,7668200,48.0099983215332,47.9900016784668,34.35042190551758
12-09-2008,46.900001525878906,47.79999923706055,3565300,48.060001373291016,47.66999816894531,34.12134552001953
15-09-2008,46.369998931884766,46.369998931884766,4823900,47.849998474121094,46.5,33.283897399902344
16-09-2008,45.18000030517578,45.790000915527344,5584900,47.2400016784668,47.0,33.641780853271484
17-09-2008,45.0099983215332,46.060001373291016,6133000,46.380001068115234,45.02000045776367,32.22452163696289
18-09-2008,43.529998779296875,45.59000015258789,7095300,47.33000183105469,46.720001220703125,33.44135665893555
19-09-2008,47.70000076293945,49.119998931884766,6070700,50.13999938964844,48.779998779296875,34.91587448120117
22-09-2008,45.75,48.2599983215332,2689400,48.5,47.06999969482422,33.691890716552734
23-09-2008,45.93000030517578,47.25,2887100,48.0,45.959999084472656,32.89735794067383
24-09-2008,45.130001068115234,46.060001373291016,2317000,46.68000030517578,45.41999816894531,32.510841369628906
25-09-2008,45.040000915527344,45.779998779296875,3587500,46.220001220703125,45.08000183105469,32.26748275756836
26-09-2008,43.720001220703125,44.27000045776367,3492400,44.93000030517578,44.77000045776367,32.26750183105469
29-09-2008,41.95000076293945,44.09000015258789,5441500,44.459999084472656,42.79999923706055,30.84762191772461
30-09-2008,43.04999923706055,43.58000183105469,4255900,44.709999084472656,44.45000076293945,32.036842346191406
01-10-2008,42.02000045776367,43.61000061035156,4482100,43.900001525878906,42.61000061035156,30.7106876373291
02-10-2008,40.599998474121094,42.439998626708984,6469000,42.45000076293945,41.84000015258789,30.155725479125977
03-10-2008,40.369998931884766,42.38999938964844,3597800,43.04999923706055,40.369998931884766,29.09623146057129
06-10-2008,37.08000183105469,39.119998931884766,5127100,39.63999938964844,39.099998474121094,28.180885314941406
07-10-2008,36.099998474121094,38.11000061035156,7045200,39.439998626708984,36.150001525878906,26.054712295532227
08-10-2008,35.0,35.22999954223633,6796800,37.79999923706055,35.400001525878906,25.5141544342041
09-10-2008,34.0,36.119998931884766,7855400,36.43000030517578,35.0,25.225872039794922
10-10-2008,31.0,33.0099983215332,9938700,35.41999816894531,33.189998626708984,23.921327590942383
13-10-2008,34.029998779296875,34.310001373291016,6151300,37.52000045776367,37.52000045776367,27.04212760925293
14-10-2008,36.099998474121094,39.04999923706055,5929000,41.09000015258789,37.27000045776367,26.861940383911133
15-10-2008,33.459999084472656,37.130001068115234,4171000,37.130001068115234,33.68000030517578,24.27448844909668
16-10-2008,32.61000061035156,35.77000045776367,6461200,35.77000045776367,35.34000015258789,25.47090721130371
17-10-2008,33.79999923706055,34.09000015258789,5273200,35.619998931884766,33.97999954223633,24.490707397460938
20-10-2008,33.16999816894531,34.400001525878906,4733700,34.77000045776367,34.47999954223633,24.85108184814453
21-10-2008,34.029998779296875,34.63999938964844,4693700,35.66999816894531,34.88999938964844,25.14657211303711
22-10-2008,31.139999389648438,33.9900016784668,5262600,34.34000015258789,32.25,23.24382972717285
23-10-2008,30.280000686645508,32.599998474121094,5503700,33.04999923706055,31.969999313354492,23.042028427124023
24-10-2008,28.770000457763672,29.610000610351562,3601200,31.520000457763672,30.5,21.98253631591797
27-10-2008,28.56999969482422,30.149999618530273,5875800,30.440000534057617,28.75,20.72124481201172
28-10-2008,28.5,29.549999237060547,6123400,32.150001525878906,32.09000015258789,23.128515243530273
29-10-2008,31.329999923706055,31.889999389648438,5437400,33.880001068115234,32.15999984741211,23.178955078125
30-10-2008,32.189998626708984,33.04999923706055,3830200,34.25,33.13999938964844,23.885290145874023
31-10-2008,32.75,34.849998474121094,3703700,34.849998474121094,33.38999938964844,24.065467834472656
03-11-2008,33.09000015258789,33.59000015258789,3357300,33.65999984741211,33.47999954223633,24.130338668823242
04-11-2008,33.38999938964844,34.52000045776367,2668600,34.77000045776367,34.70000076293945,25.009641647338867
05-11-2008,33.34000015258789,34.2400016784668,3005800,35.0099983215332,33.459999084472656,24.11592674255371
06-11-2008,31.68000030517578,33.16999816894531,4016000,33.56999969482422,31.860000610351562,22.962745666503906
07-11-2008,31.739999771118164,32.11000061035156,3388100,32.90999984741211,32.90999984741211,23.71950912475586
10-11-2008,32.68000030517578,33.650001525878906,3028300,34.099998474121094,33.11000061035156,23.863666534423828
11-11-2008,31.739999771118164,32.540000915527344,3638000,33.27000045776367,32.2599983215332,23.251035690307617
12-11-2008,30.799999237060547,31.65999984741211,4507600,32.310001373291016,31.0,22.342906951904297
13-11-2008,30.0,31.25,4394500,33.95000076293945,33.79999923706055,24.360973358154297
14-11-2008,31.6200008392334,33.150001525878906,3874800,33.79999923706055,31.84000015258789,22.948326110839844
17-11-2008,31.030000686645508,31.459999084472656,5633600,33.220001220703125,32.189998626708984,23.200586318969727
18-11-2008,31.520000457763672,31.989999771118164,4545700,33.470001220703125,32.83000183105469,23.661863327026367
19-11-2008,30.739999771118164,32.779998779296875,4609800,33.310001373291016,31.010000228881836,22.350107192993164
20-11-2008,28.790000915527344,30.559999465942383,7264000,31.65999984741211,29.040000915527344,20.930255889892578
21-11-2008,28.709999084472656,29.760000228881836,7541600,30.729999542236328,30.489999771118164,21.97533416748047
24-11-2008,30.850000381469727,31.010000228881836,6416100,33.099998474121094,32.31999969482422,23.294288635253906
25-11-2008,31.200000762939453,33.15999984741211,5272600,33.2400016784668,32.04999923706055,23.09968376159668
26-11-2008,31.280000686645508,31.309999465942383,3849300,33.540000915527344,33.470001220703125,24.12312889099121
28-11-2008,32.9900016784668,32.9900016784668,1454500,34.119998931884766,34.119998931884766,24.59161376953125
01-12-2008,30.739999771118164,33.220001220703125,5652600,33.220001220703125,30.8799991607666,22.25641632080078
02-12-2008,30.829999923706055,31.34000015258789,5405700,32.93000030517578,32.59000015258789,23.488882064819336
03-12-2008,30.139999389648438,30.290000915527344,5845800,32.88999938964844,32.41999816894531,23.36635398864746
04-12-2008,31.270000457763672,32.029998779296875,4478200,32.81999969482422,31.770000457763672,22.897876739501953
05-12-2008,30.56999969482422,31.3799991607666,5883300,32.66999816894531,32.38999938964844,23.3447322845459
08-12-2008,31.75,33.20000076293945,5848100,34.529998779296875,32.84000015258789,23.6690673828125
09-12-2008,31.59000015258789,31.729999542236328,7407300,33.029998779296875,32.2400016784668,23.236621856689453
10-12-2008,32.11000061035156,32.5099983215332,5367800,32.880001068115234,32.4900016784668,23.416812896728516
11-12-2008,30.770000457763672,32.189998626708984,5358600,32.220001220703125,31.1200008392334,22.429391860961914
12-12-2008,30.219999313354492,30.270000457763672,4950200,31.639999389648438,31.299999237060547,22.559123992919922
15-12-2008,30.809999465942383,31.299999237060547,3541200,31.8700008392334,31.25,22.523096084594727
16-12-2008,31.56999969482422,31.600000381469727,5391000,33.13999938964844,33.0,23.784391403198242
17-12-2008,32.0,32.54999923706055,4360800,33.43000030517578,33.040000915527344,23.813220977783203
18-12-2008,32.34000015258789,33.650001525878906,4279200,33.68000030517578,32.65999984741211,23.539335250854492
19-12-2008,32.81999969482422,32.93000030517578,5821000,33.91999816894531,33.400001525878906,24.072683334350586
22-12-2008,32.54999923706055,33.36000061035156,3460200,33.97999954223633,33.22999954223633,23.950153350830078
23-12-2008,32.33000183105469,33.47999954223633,3417000,33.959999084472656,32.66999816894531,23.546541213989258
24-12-2008,32.61000061035156,32.650001525878906,1039700,33.529998779296875,33.369998931884766,24.051054000854492
26-12-2008,33.38999938964844,33.40999984741211,1483800,34.189998626708984,34.099998474121094,24.577190399169922
29-12-2008,33.119998931884766,34.08000183105469,1994900,34.08000183105469,33.58000183105469,24.424455642700195
30-12-2008,33.91999816894531,34.0,2706700,35.06999969482422,35.0099983215332,25.464563369750977
31-12-2008,34.70000076293945,35.0,3338500,35.41999816894531,35.04999923706055,25.493661880493164
02-01-2009,35.0,35.150001525878906,2621100,36.869998931884766,36.66999816894531,26.67197036743164
05-01-2009,35.900001525878906,36.38999938964844,3187900,36.91999816894531,36.27000045776367,26.381023406982422
06-01-2009,36.189998626708984,36.61000061035156,3134700,37.380001068115234,36.939998626708984,26.868350982666016
07-01-2009,35.810001373291016,36.529998779296875,5411300,37.2599983215332,35.84000015258789,26.06827163696289
08-01-2009,35.29999923706055,35.72999954223633,5706200,37.15999984741211,37.0,26.911991119384766
09-01-2009,35.91999816894531,37.0,3965000,37.470001220703125,36.279998779296875,26.388303756713867
12-01-2009,35.290000915527344,36.2599983215332,3156900,36.2599983215332,35.59000015258789,25.88642120361328
13-01-2009,34.72999954223633,35.380001068115234,3569600,35.84000015258789,35.18000030517578,25.588218688964844
14-01-2009,34.25,34.70000076293945,3824900,34.90999984741211,34.4900016784668,25.086341857910156
15-01-2009,33.86000061035156,34.29999923706055,4024900,35.540000915527344,35.099998474121094,25.530029296875
16-01-2009,33.7599983215332,35.59000015258789,3849100,35.59000015258789,34.630001068115234,25.188173294067383
20-01-2009,33.349998474121094,34.619998931884766,3271500,34.619998931884766,33.43000030517578,24.31534767150879
21-01-2009,32.68000030517578,33.7400016784668,4373200,34.540000915527344,34.43000030517578,25.042699813842773
22-01-2009,32.84000015258789,33.88999938964844,3549300,34.20000076293945,33.630001068115234,24.46082305908203
23-01-2009,32.0099983215332,32.0099983215332,3733700,33.470001220703125,33.040000915527344,24.031692504882812
26-01-2009,32.619998931884766,32.970001220703125,2900100,34.040000915527344,33.18000030517578,24.133514404296875
27-01-2009,33.33000183105469,33.33000183105469,3476100,34.779998779296875,34.529998779296875,25.11543846130371
28-01-2009,34.650001525878906,35.130001068115234,5129400,35.29999923706055,34.900001525878906,25.384552001953125
29-01-2009,33.11000061035156,33.41999816894531,4884200,34.209999084472656,33.79999923706055,24.584468841552734
30-01-2009,32.470001220703125,33.63999938964844,4575300,34.099998474121094,32.65999984741211,23.755294799804688
02-02-2009,31.790000915527344,32.15999984741211,3597100,32.880001068115234,32.470001220703125,23.617097854614258
03-02-2009,32.689998626708984,33.29999923706055,4858900,34.16999816894531,34.0,24.72994613647461
04-02-2009,34.0,34.11000061035156,5101200,35.400001525878906,34.540000915527344,25.12271499633789
05-02-2009,34.060001373291016,34.400001525878906,4201600,35.900001525878906,35.599998474121094,25.893707275390625
06-02-2009,35.380001068115234,35.689998626708984,4885700,36.279998779296875,35.81999969482422,26.053726196289062
09-02-2009,35.5,35.72999954223633,2246400,36.2599983215332,35.970001220703125,26.162830352783203
10-02-2009,33.900001525878906,35.5099983215332,3364300,35.970001220703125,34.150001525878906,24.839046478271484
11-02-2009,34.619998931884766,35.400001525878906,3832600,35.439998626708984,35.060001373291016,25.500930786132812
12-02-2009,33.4900016784668,34.5099983215332,3984100,34.790000915527344,34.77000045776367,25.290002822875977
13-02-2009,34.58000183105469,34.58000183105469,3406500,35.720001220703125,35.119998931884766,25.54457664489746
17-02-2009,30.030000686645508,33.0099983215332,5169500,33.5,32.959999084472656,23.97349739074707
18-02-2009,32.27000045776367,33.13999938964844,6064900,33.22999954223633,32.779998779296875,23.84256935119629
19-02-2009,31.209999084472656,33.06999969482422,5670100,33.06999969482422,31.329999923706055,22.78790855407715
20-02-2009,29.940000534057617,30.729999542236328,5742100,31.950000762939453,30.709999084472656,22.336957931518555
23-02-2009,29.329999923706055,30.93000030517578,5467900,31.09000015258789,29.389999389648438,21.37684440612793
24-02-2009,28.760000228881836,29.719999313354492,5786800,30.209999084472656,30.0,21.820537567138672
25-02-2009,28.8700008392334,29.889999389648438,6194900,30.0,29.299999237060547,21.311389923095703
26-02-2009,28.440000534057617,29.850000381469727,5151400,29.950000762939453,28.479999542236328,20.714963912963867
27-02-2009,27.75,28.0,6514100,28.649999618530273,27.799999237060547,20.220359802246094
02-03-2009,26.020000457763672,27.209999084472656,7048600,27.389999389648438,26.31999969482422,19.143878936767578
03-03-2009,26.229999542236328,26.649999618530273,11432400,28.239999771118164,27.549999237060547,20.038524627685547
04-03-2009,27.399999618530273,28.059999465942383,6765400,29.0,28.43000030517578,20.678598403930664
05-03-2009,25.950000762939453,27.739999771118164,6878400,28.0,26.190000534057617,19.049327850341797
06-03-2009,25.799999237060547,25.979999542236328,7203000,26.969999313354492,26.799999237060547,19.493005752563477
09-03-2009,26.1299991607666,26.440000534057617,4744800,27.030000686645508,26.309999465942383,19.136608123779297
10-03-2009,26.56999969482422,26.56999969482422,4219800,27.84000015258789,27.799999237060547,20.220359802246094
11-03-2009,27.239999771118164,27.239999771118164,4050600,28.43000030517578,28.100000381469727,20.43856430053711
12-03-2009,27.15999984741211,27.979999542236328,4564900,28.510000228881836,28.389999389648438,20.64949607849121
13-03-2009,27.639999389648438,28.59000015258789,3843300,28.59000015258789,27.850000381469727,20.256731033325195
16-03-2009,25.600000381469727,25.600000381469727,9800100,28.149999618530273,26.940000534057617,19.594839096069336
17-03-2009,26.09000015258789,26.25,5253700,27.31999969482422,27.31999969482422,19.87122917175293
18-03-2009,26.6299991607666,27.09000015258789,5292300,28.100000381469727,27.850000381469727,20.256731033325195
19-03-2009,28.110000610351562,28.110000610351562,9203300,29.280000686645508,28.75,20.91134262084961
20-03-2009,27.59000015258789,28.540000915527344,7789600,29.270000457763672,27.739999771118164,20.176715850830078
23-03-2009,27.950000762939453,28.40999984741211,5150700,29.729999542236328,29.729999542236328,21.624149322509766
24-03-2009,27.309999465942383,29.170000076293945,8290500,31.399999618530273,30.350000381469727,22.07510757446289
25-03-2009,30.219999313354492,30.639999389648438,7531900,32.2599983215332,30.850000381469727,22.438783645629883
26-03-2009,30.829999923706055,30.950000762939453,5071300,32.459999084472656,32.400001525878906,23.566179275512695
27-03-2009,31.389999389648438,31.920000076293945,5028100,32.349998474121094,31.8799991607666,23.411962509155273
30-03-2009,29.8799991607666,31.1200008392334,4129300,31.1200008392334,30.360000610351562,22.295705795288086
31-03-2009,30.170000076293945,30.600000381469727,4531800,31.600000381469727,30.850000381469727,22.655546188354492
01-04-2009,29.690000534057617,30.3700008392334,4456400,31.469999313354492,31.110000610351562,22.84648323059082
02-04-2009,31.579999923706055,31.799999237060547,5495400,33.40999984741211,32.56999969482422,23.918678283691406
03-04-2009,31.709999084472656,31.84000015258789,5453600,32.54999923706055,32.439998626708984,23.823213577270508
06-04-2009,31.479999542236328,32.15999984741211,3396000,32.349998474121094,32.150001525878906,23.610246658325195
07-04-2009,30.610000610351562,31.90999984741211,4182600,32.040000915527344,30.709999084472656,22.552736282348633
08-04-2009,30.18000030517578,30.920000076293945,2995800,31.200000762939453,30.600000381469727,22.471956253051758
09-04-2009,31.260000228881836,32.90999984741211,3343900,32.90999984741211,32.540000915527344,23.89664649963379
13-04-2009,31.579999923706055,32.16999816894531,2914700,32.459999084472656,32.2400016784668,23.67634391784668
14-04-2009,30.969999313354492,31.850000381469727,3692400,31.989999771118164,31.510000228881836,23.14023780822754
15-04-2009,30.809999465942383,31.450000762939453,6679400,31.829999923706055,31.15999984741211,22.883207321166992
16-04-2009,32.5,32.9900016784668,11027300,34.060001373291016,33.150001525878906,24.344619750976562
17-04-2009,32.130001068115234,32.220001220703125,6003700,33.06999969482422,32.220001220703125,23.661651611328125
20-04-2009,31.149999618530273,31.75,3717400,32.130001068115234,31.25,22.949304580688477
21-04-2009,30.950000762939453,30.950000762939453,3696600,32.0,31.760000228881836,23.323835372924805
22-04-2009,31.15999984741211,31.520000457763672,4970100,33.81999969482422,33.0,24.234466552734375
23-04-2009,32.400001525878906,33.2400016784668,3960900,33.369998931884766,33.2599983215332,24.425403594970703
24-04-2009,33.150001525878906,33.5,4084600,34.2599983215332,33.869998931884766,24.873369216918945
27-04-2009,32.81999969482422,33.400001525878906,2766000,33.81999969482422,33.18000030517578,24.36665153503418
28-04-2009,32.40999984741211,33.15999984741211,2521600,33.5099983215332,32.5099983215332,23.87462043762207
29-04-2009,32.849998474121094,32.849998474121094,2593600,33.869998931884766,33.400001525878906,24.528213500976562
30-04-2009,32.709999084472656,33.68000030517578,2871000,34.18000030517578,32.79999923706055,24.08758544921875
01-05-2009,32.380001068115234,32.63999938964844,3076400,33.45000076293945,33.29999923706055,24.454776763916016
04-05-2009,32.79999923706055,33.27000045776367,3154900,34.31999969482422,34.29999923706055,25.18915367126465
05-05-2009,33.79999923706055,34.25,2903000,34.709999084472656,34.08000183105469,25.027591705322266
06-05-2009,33.88999938964844,34.470001220703125,2624800,34.75,34.619998931884766,25.42416000366211
07-05-2009,33.38999938964844,34.970001220703125,2991900,34.970001220703125,33.599998474121094,24.675090789794922
08-05-2009,33.86000061035156,34.2400016784668,3233700,34.790000915527344,34.65999984741211,25.45353126525879
11-05-2009,33.810001373291016,34.25,3653400,34.56999969482422,34.33000183105469,25.211185455322266
12-05-2009,33.459999084472656,34.59000015258789,4358300,34.630001068115234,34.54999923706055,25.372745513916016
13-05-2009,33.150001525878906,34.119998931884766,7137500,34.310001373291016,34.060001373291016,25.012895584106445
14-05-2009,33.650001525878906,34.060001373291016,4448800,34.66999816894531,33.95000076293945,24.932130813598633
15-05-2009,32.790000915527344,33.7400016784668,4971100,34.029998779296875,33.0099983215332,24.24180793762207
18-05-2009,33.04999923706055,33.25,3932100,33.68000030517578,33.68000030517578,24.733837127685547
19-05-2009,33.33000183105469,33.5099983215332,4159500,34.11000061035156,33.529998779296875,24.623685836791992
20-05-2009,33.650001525878906,33.72999954223633,4258800,34.54999923706055,33.720001220703125,24.76321029663086
21-05-2009,32.5099983215332,33.54999923706055,3196300,33.560001373291016,32.790000915527344,24.080238342285156
22-05-2009,32.5099983215332,32.939998626708984,2744700,33.459999084472656,32.540000915527344,23.89664649963379
26-05-2009,32.06999969482422,32.25,3102300,33.90999984741211,33.709999084472656,24.755870819091797
27-05-2009,32.38999938964844,33.77000045776367,4157200,33.83000183105469,32.40999984741211,23.801177978515625
28-05-2009,31.479999542236328,32.0,4722400,32.5099983215332,32.13999938964844,23.6028995513916
29-05-2009,31.729999542236328,32.27000045776367,4498100,32.40999984741211,32.290000915527344,23.713058471679688
01-06-2009,33.58000183105469,33.77000045776367,6710100,36.0099983215332,35.849998474121094,26.32743263244629
02-06-2009,35.380001068115234,35.939998626708984,5945900,36.61000061035156,35.95000076293945,26.40087890625
03-06-2009,35.54999923706055,35.939998626708984,4079400,36.189998626708984,35.9900016784668,26.430252075195312
04-06-2009,35.79999923706055,36.189998626708984,2684400,36.689998626708984,36.61000061035156,26.885570526123047
05-06-2009,36.45000076293945,36.7599983215332,4385200,37.27000045776367,37.029998779296875,27.194002151489258
08-06-2009,36.27000045776367,36.939998626708984,2453800,37.33000183105469,36.970001220703125,27.149934768676758
09-06-2009,36.61000061035156,37.029998779296875,2401800,37.33000183105469,37.2599983215332,27.362905502319336
10-06-2009,37.0099983215332,37.40999984741211,3723200,37.79999923706055,37.58000183105469,27.59790802001953
11-06-2009,37.56999969482422,37.66999816894531,2876900,38.41999816894531,37.869998931884766,27.81088638305664
12-06-2009,37.279998779296875,37.72999954223633,3334500,38.189998626708984,38.08000183105469,27.965106964111328
15-06-2009,36.66999816894531,37.20000076293945,3723900,37.41999816894531,36.86000061035156,27.06915855407715
16-06-2009,36.529998779296875,37.900001525878906,4066500,37.95000076293945,36.599998474121094,26.87821388244629
17-06-2009,36.2400016784668,36.47999954223633,3664800,37.060001373291016,36.77000045776367,27.003070831298828
18-06-2009,36.11000061035156,36.689998626708984,3278600,36.84000015258789,36.18000030517578,26.569786071777344
19-06-2009,35.380001068115234,36.400001525878906,5333400,36.470001220703125,35.470001220703125,26.048381805419922
22-06-2009,34.459999084472656,35.22999954223633,5207600,35.22999954223633,34.459999084472656,25.306665420532227
23-06-2009,34.349998474121094,34.619998931884766,4039600,35.11000061035156,34.95000076293945,25.6664981842041
24-06-2009,35.09000015258789,35.16999816894531,3714400,35.95000076293945,35.29999923706055,25.92352867126465
25-06-2009,35.209999084472656,35.209999084472656,4712800,37.08000183105469,36.79999923706055,27.02509880065918
26-06-2009,37.0,37.2599983215332,6856000,37.900001525878906,37.45000076293945,27.736085891723633
29-06-2009,37.31999969482422,37.540000915527344,4709200,38.970001220703125,37.91999816894531,28.08417510986328
30-06-2009,37.0099983215332,37.619998931884766,3230100,37.9900016784668,37.34000015258789,27.654621124267578
01-07-2009,37.33000183105469,37.36000061035156,2886900,37.91999816894531,37.5,27.77311897277832
02-07-2009,36.220001220703125,36.900001525878906,3167400,37.5,36.220001220703125,26.825132369995117
06-07-2009,35.40999984741211,36.0099983215332,3656700,36.040000915527344,35.709999084472656,26.44741439819336
07-07-2009,34.79999923706055,35.59000015258789,3214800,35.79999923706055,34.900001525878906,25.847522735595703
08-07-2009,34.470001220703125,34.97999954223633,3778600,35.150001525878906,34.86000061035156,25.81789779663086
09-07-2009,34.869998931884766,34.9900016784668,2878600,35.380001068115234,35.11000061035156,26.0030460357666
10-07-2009,34.900001525878906,34.9900016784668,2772000,35.869998931884766,35.77000045776367,26.491851806640625
13-07-2009,35.68000030517578,35.939998626708984,3189100,36.75,36.720001220703125,27.195436477661133
14-07-2009,36.34000015258789,36.79999923706055,2434200,37.2599983215332,37.189998626708984,27.543533325195312
15-07-2009,37.45000076293945,37.540000915527344,3960000,38.36000061035156,38.2400016784668,28.321182250976562
16-07-2009,37.959999084472656,38.04999923706055,2715100,38.70000076293945,38.540000915527344,28.543359756469727
17-07-2009,38.16999816894531,38.16999816894531,2543400,38.93000030517578,38.75,28.698890686035156
20-07-2009,38.880001068115234,38.880001068115234,3175300,39.95000076293945,39.939998626708984,29.580228805541992
21-07-2009,38.959999084472656,40.29999923706055,3981400,40.31999969482422,39.7400016784668,29.432092666625977
22-07-2009,39.16999816894531,39.849998474121094,5877700,40.27000045776367,40.16999816894531,29.750568389892578
23-07-2009,40.029998779296875,40.27000045776367,4094000,40.9900016784668,40.83000183105469,30.2393741607666
24-07-2009,39.95000076293945,40.29999923706055,2762600,40.939998626708984,40.939998626708984,30.320846557617188
27-07-2009,40.2599983215332,40.900001525878906,2589700,41.0,40.63999938964844,30.098648071289062
28-07-2009,39.88999938964844,40.36000061035156,2339000,40.61000061035156,40.25,29.809814453125
29-07-2009,39.5,39.900001525878906,2247100,40.2599983215332,39.939998626708984,29.580228805541992
30-07-2009,40.310001373291016,40.560001373291016,2603800,41.06999969482422,40.380001068115234,29.906095504760742
31-07-2009,40.15999984741211,40.349998474121094,3064900,40.83000183105469,40.54999923706055,30.031991958618164
03-08-2009,40.29999923706055,41.2400016784668,3435500,41.2400016784668,40.689998626708984,30.135692596435547
04-08-2009,40.400001525878906,40.599998474121094,2372100,41.099998474121094,41.04999923706055,30.402294158935547
05-08-2009,39.7599983215332,41.220001220703125,2976400,41.34000015258789,40.38999938964844,29.91350746154785
06-08-2009,40.22999954223633,40.380001068115234,2753000,40.779998779296875,40.40999984741211,29.92831802368164
07-08-2009,40.52000045776367,40.79999923706055,1835800,41.209999084472656,40.959999084472656,30.335655212402344
10-08-2009,39.79999923706055,40.86000061035156,2780400,40.86000061035156,40.060001373291016,29.66910171508789
11-08-2009,39.5,40.04999923706055,2274300,40.130001068115234,39.959999084472656,29.595043182373047
12-08-2009,39.79999923706055,39.849998474121094,2888900,41.38999938964844,40.880001068115234,30.276405334472656
13-08-2009,40.83000183105469,41.040000915527344,3439800,42.0,42.0,31.10588264465332
14-08-2009,40.77000045776367,42.0,2425100,42.0,41.290000915527344,30.580062866210938
17-08-2009,39.84000015258789,40.41999816894531,2441600,40.790000915527344,40.18000030517578,29.757970809936523
18-08-2009,40.060001373291016,40.2599983215332,2960300,41.22999954223633,41.16999816894531,30.491188049316406
19-08-2009,40.540000915527344,40.77000045776367,2309300,41.630001068115234,41.060001373291016,30.409717559814453
20-08-2009,41.060001373291016,41.310001373291016,3605800,41.93000030517578,41.65999984741211,30.854087829589844
21-08-2009,41.52000045776367,41.790000915527344,3694500,42.45000076293945,42.290000915527344,31.320674896240234
24-08-2009,41.900001525878906,42.529998779296875,3810700,42.75,42.029998779296875,31.12812614440918
25-08-2009,42.06999969482422,42.380001068115234,4042500,43.25,43.04999923706055,31.8835391998291
26-08-2009,42.130001068115234,42.83000183105469,2664100,42.88999938964844,42.279998779296875,31.313261032104492
27-08-2009,41.900001525878906,42.31999969482422,2366200,42.83000183105469,42.70000076293945,31.62433433532715
28-08-2009,42.0099983215332,43.189998626708984,2130100,43.2599983215332,42.27000045776367,31.305858612060547
31-08-2009,41.43000030517578,41.779998779296875,1780000,42.060001373291016,41.81999969482422,30.972591400146484
01-09-2009,41.130001068115234,41.65999984741211,2594600,42.43000030517578,41.25,30.55042839050293
02-09-2009,40.849998474121094,41.220001220703125,2727500,41.47999954223633,40.93000030517578,30.31342887878418
03-09-2009,40.599998474121094,41.11000061035156,2530900,41.2599983215332,41.04999923706055,30.402294158935547
04-09-2009,40.86000061035156,40.90999984741211,1949500,41.77000045776367,41.77000045776367,30.935544967651367
08-09-2009,41.400001525878906,42.029998779296875,2306000,42.189998626708984,41.849998474121094,30.99479866027832
09-09-2009,42.529998779296875,43.060001373291016,5901300,44.0,43.93000030517578,32.53528594970703
10-09-2009,43.0,43.0099983215332,5033400,43.91999816894531,43.849998474121094,32.47603988647461
11-09-2009,43.720001220703125,43.720001220703125,3645200,44.470001220703125,44.02000045776367,32.601951599121094
14-09-2009,43.439998626708984,43.66999816894531,3080800,44.459999084472656,44.20000076293945,32.73524856567383
15-09-2009,43.52000045776367,44.709999084472656,5309300,44.709999084472656,43.869998931884766,32.490840911865234
16-09-2009,43.130001068115234,44.11000061035156,5220500,44.15999984741211,43.90999984741211,32.52046585083008
17-09-2009,43.630001068115234,43.959999084472656,4515800,44.5,44.45000076293945,32.9203987121582
18-09-2009,44.279998779296875,44.56999969482422,4513000,44.90999984741211,44.369998931884766,32.861148834228516
21-09-2009,43.689998626708984,43.88999938964844,2631700,44.15999984741211,43.849998474121094,32.47603988647461
22-09-2009,43.369998931884766,44.06999969482422,2796500,44.290000915527344,43.97999954223633,32.57230758666992
23-09-2009,42.970001220703125,44.15999984741211,3361800,44.279998779296875,43.0099983215332,31.85391616821289
24-09-2009,42.16999816894531,43.02000045776367,3157800,43.25,42.38999938964844,31.394737243652344
25-09-2009,41.970001220703125,42.22999954223633,3921800,42.7599983215332,42.29999923706055,31.328081130981445
28-09-2009,42.349998474121094,42.38999938964844,3980700,43.279998779296875,43.11000061035156,32.163692474365234
29-09-2009,42.91999816894531,43.13999938964844,2713300,43.4900016784668,43.09000015258789,32.148765563964844
30-09-2009,42.130001068115234,43.0099983215332,4025800,43.29999923706055,42.709999084472656,31.86526107788086
01-10-2009,41.4900016784668,42.43000030517578,3832200,42.709999084472656,41.529998779296875,30.98488426208496
02-10-2009,40.77000045776367,41.189998626708984,5015800,41.86000061035156,41.689998626708984,31.10424041748047
05-10-2009,41.31999969482422,41.790000915527344,3028600,42.52000045776367,42.400001525878906,31.63397979736328
06-10-2009,42.56999969482422,42.61000061035156,4467200,43.959999084472656,43.310001373291016,32.31291580200195
07-10-2009,43.04999923706055,43.310001373291016,5300200,44.189998626708984,44.16999816894531,32.954532623291016
08-10-2009,44.459999084472656,44.540000915527344,6750700,45.290000915527344,44.95000076293945,33.53648376464844
09-10-2009,44.630001068115234,45.060001373291016,5420700,45.060001373291016,45.02000045776367,33.58872985839844
12-10-2009,45.11000061035156,45.310001373291016,3405000,45.529998779296875,45.209999084472656,33.73046112060547
13-10-2009,44.209999084472656,45.029998779296875,4364800,45.2599983215332,44.4900016784668,33.19328308105469
14-10-2009,44.630001068115234,45.04999923706055,4432300,45.349998474121094,45.279998779296875,33.78269958496094
15-10-2009,44.90999984741211,45.040000915527344,4317700,45.380001068115234,45.36000061035156,33.84237289428711
16-10-2009,44.7599983215332,45.130001068115234,3596600,45.54999923706055,45.33000183105469,33.82001495361328
19-10-2009,45.310001373291016,45.4900016784668,4061000,46.36000061035156,46.220001220703125,34.4840087890625
20-10-2009,46.18000030517578,46.45000076293945,9094100,48.61000061035156,48.52000045776367,36.20000457763672
21-10-2009,47.849998474121094,48.34000015258789,7887900,49.720001220703125,47.970001220703125,35.78965759277344
22-10-2009,47.36000061035156,48.06999969482422,4464200,48.959999084472656,48.75,36.37162399291992
23-10-2009,47.439998626708984,48.90999984741211,3991300,49.0099983215332,47.779998779296875,35.64790344238281
26-10-2009,46.70000076293945,47.880001068115234,3202200,48.36000061035156,47.11000061035156,35.148040771484375
27-10-2009,47.029998779296875,47.34000015258789,2882000,47.849998474121094,47.060001373291016,35.110740661621094
28-10-2009,46.04999923706055,46.849998474121094,3590000,47.04999923706055,46.119998931884766,34.409400939941406
29-10-2009,46.2400016784668,46.400001525878906,3285800,47.13999938964844,46.939998626708984,35.02119445800781
30-10-2009,45.599998474121094,46.75,4313300,47.2400016784668,45.91999816894531,34.260189056396484
02-11-2009,45.54999923706055,45.84000015258789,3951500,46.81999969482422,46.31999969482422,34.558631896972656
03-11-2009,45.939998626708984,45.939998626708984,2543500,47.06999969482422,47.0099983215332,35.073421478271484
04-11-2009,46.400001525878906,47.290000915527344,3930400,47.529998779296875,46.5,34.69292068481445
05-11-2009,46.81999969482422,46.84000015258789,2862800,48.290000915527344,48.27000045776367,36.01349639892578
06-11-2009,47.40999984741211,48.08000183105469,2893900,48.869998931884766,48.38999938964844,36.10301208496094
09-11-2009,48.66999816894531,48.849998474121094,2677900,49.810001373291016,49.720001220703125,37.095314025878906
10-11-2009,49.189998626708984,49.599998474121094,2766300,50.0,49.43000030517578,36.87895202636719
11-11-2009,48.93000030517578,49.81999969482422,3264100,49.900001525878906,49.15999984741211,36.67749786376953
12-11-2009,48.279998779296875,49.04999923706055,2919400,49.56999969482422,48.33000183105469,36.058265686035156
13-11-2009,48.02000045776367,48.34000015258789,1911300,49.25,48.97999954223633,36.543209075927734
16-11-2009,49.58000183105469,49.70000076293945,4375300,51.15999984741211,51.02000045776367,38.065223693847656
17-11-2009,50.25,51.099998474121094,2916000,51.11000061035156,50.599998474121094,37.75186538696289
18-11-2009,50.20000076293945,50.22999954223633,2133100,50.70000076293945,50.599998474121094,37.75186538696289
19-11-2009,49.29999923706055,50.189998626708984,2785600,50.43000030517578,49.720001220703125,37.095314025878906
20-11-2009,49.150001525878906,49.41999816894531,2455500,49.650001525878906,49.5099983215332,36.938636779785156
23-11-2009,49.650001525878906,50.189998626708984,2266900,50.47999954223633,49.779998779296875,37.14008712768555
24-11-2009,48.90999984741211,49.58000183105469,2581400,50.06999969482422,49.38999938964844,36.84909439086914
25-11-2009,49.060001373291016,49.47999954223633,1746700,49.4900016784668,49.36000061035156,36.82673645019531
27-11-2009,47.72999954223633,48.04999923706055,1139800,49.02000045776367,48.65999984741211,36.304466247558594
30-11-2009,47.77000045776367,48.5099983215332,3298200,48.77000045776367,48.63999938964844,36.28955078125
01-12-2009,48.61000061035156,48.93000030517578,3599000,49.5099983215332,48.72999954223633,36.3567008972168
02-12-2009,48.38999938964844,48.79999923706055,2670100,49.33000183105469,48.779998779296875,36.39398956298828
03-12-2009,48.27000045776367,48.84000015258789,2181900,49.16999816894531,48.29999923706055,36.03586959838867
04-12-2009,47.97999954223633,48.93000030517578,3001300,49.33000183105469,48.4900016784668,36.17763137817383
07-12-2009,47.880001068115234,48.040000915527344,2065900,48.689998626708984,48.54999923706055,36.22239303588867
08-12-2009,47.310001373291016,48.0099983215332,3062100,48.029998779296875,47.58000183105469,35.498695373535156
09-12-2009,47.0,47.58000183105469,3659200,48.060001373291016,47.86000061035156,35.70759201049805
10-12-2009,47.540000915527344,48.20000076293945,2485100,48.47999954223633,47.7599983215332,35.63299560546875
11-12-2009,47.11000061035156,47.72999954223633,3294900,48.290000915527344,47.9900016784668,35.80459213256836
14-12-2009,48.84000015258789,49.43000030517578,3576500,49.43000030517578,49.279998779296875,36.76704788208008
15-12-2009,48.7400016784668,49.060001373291016,2397900,49.220001220703125,48.88999938964844,36.47605514526367
16-12-2009,48.380001068115234,49.0099983215332,2562500,49.029998779296875,48.45000076293945,36.14778518676758
17-12-2009,47.61000061035156,48.18000030517578,4141300,48.40999984741211,47.61000061035156,35.52107238769531
18-12-2009,47.310001373291016,47.68000030517578,3067700,47.900001525878906,47.56999969482422,35.4912223815918
21-12-2009,47.56999969482422,47.97999954223633,2864200,48.0099983215332,47.59000015258789,35.50615692138672
22-12-2009,47.47999954223633,47.68000030517578,2108700,47.88999938964844,47.630001068115234,35.536014556884766
23-12-2009,47.34000015258789,47.70000076293945,1843600,47.810001373291016,47.61000061035156,35.52107238769531
24-12-2009,47.61000061035156,47.7400016784668,613100,48.09000015258789,47.959999084472656,35.7822151184082
28-12-2009,47.79999923706055,48.029998779296875,1537100,48.2400016784668,48.220001220703125,35.97618865966797
29-12-2009,47.9900016784668,48.13999938964844,2789300,48.880001068115234,48.47999954223633,36.40420150756836
30-12-2009,48.189998626708984,48.189998626708984,1807900,48.709999084472656,48.630001068115234,36.516849517822266
31-12-2009,47.95000076293945,48.63999938964844,1297500,48.79999923706055,47.9900016784668,36.0362548828125
04-01-2010,48.060001373291016,48.59000015258789,2728100,48.939998626708984,48.56999969482422,36.47177505493164
05-01-2010,48.08000183105469,48.439998626708984,2247700,48.58000183105469,48.439998626708984,36.374168395996094
06-01-2010,48.029998779296875,48.4900016784668,2575200,48.4900016784668,48.33000183105469,36.29157257080078
07-01-2010,48.13999938964844,48.13999938964844,2593100,48.689998626708984,48.63999938964844,36.52435302734375
08-01-2010,48.459999084472656,48.52000045776367,3119500,49.150001525878906,49.099998474121094,36.869789123535156
11-01-2010,49.099998474121094,49.40999984741211,2944300,50.150001525878906,49.95000076293945,37.50803756713867
12-01-2010,48.439998626708984,49.060001373291016,3908700,49.689998626708984,48.689998626708984,36.56189727783203
13-01-2010,48.220001220703125,48.70000076293945,2433700,48.880001068115234,48.65999984741211,36.53936004638672
14-01-2010,48.22999954223633,48.47999954223633,1803500,48.599998474121094,48.5099983215332,36.42672348022461
15-01-2010,47.790000915527344,48.61000061035156,3264200,48.61000061035156,47.880001068115234,35.95365524291992
19-01-2010,47.810001373291016,47.93000030517578,3319100,48.66999816894531,48.65999984741211,36.53936004638672
20-01-2010,47.779998779296875,48.150001525878906,2660700,48.349998474121094,48.25,36.23149871826172
21-01-2010,45.849998474121094,48.04999923706055,5862000,48.209999084472656,45.900001525878906,34.46685028076172
22-01-2010,45.290000915527344,45.72999954223633,3519400,46.25,45.349998474121094,34.053855895996094
25-01-2010,45.2400016784668,45.75,2080300,46.02000045776367,45.43000030517578,34.11392593383789
26-01-2010,44.849998474121094,45.22999954223633,3237400,45.7400016784668,45.189998626708984,33.93369674682617
27-01-2010,42.38999938964844,42.849998474121094,7651100,44.560001373291016,43.9900016784668,33.032615661621094
28-01-2010,43.810001373291016,44.65999984741211,4070500,44.88999938964844,43.93000030517578,32.987545013427734
29-01-2010,43.5,44.13999938964844,3473300,44.689998626708984,43.59000015258789,32.73225021362305
01-02-2010,43.4900016784668,43.91999816894531,3297300,44.279998779296875,43.70000076293945,32.814842224121094
02-02-2010,43.63999938964844,43.79999923706055,5056100,44.150001525878906,44.02000045776367,33.05513000488281
03-02-2010,43.5,43.75,3233200,44.06999969482422,43.7400016784668,32.844879150390625
04-02-2010,42.459999084472656,43.400001525878906,4017000,43.41999816894531,42.529998779296875,31.936275482177734
05-02-2010,41.939998626708984,42.599998474121094,4144200,42.70000076293945,42.65999984741211,32.03390121459961
08-02-2010,42.2400016784668,42.709999084472656,2383200,43.029998779296875,42.25,31.726037979125977
09-02-2010,42.61000061035156,42.709999084472656,3267100,43.91999816894531,43.290000915527344,32.50697708129883
10-02-2010,42.63999938964844,43.2400016784668,2126000,43.349998474121094,42.9900016784668,32.28170394897461
11-02-2010,42.68000030517578,43.25,3633600,43.9900016784668,43.900001525878906,32.965023040771484
12-02-2010,42.91999816894531,43.380001068115234,3109400,43.810001373291016,43.63999938964844,32.76980209350586
16-02-2010,43.77000045776367,43.970001220703125,2493900,44.779998779296875,44.689998626708984,33.55825424194336
17-02-2010,44.72999954223633,44.95000076293945,3815000,45.54999923706055,45.45000076293945,34.12894821166992
18-02-2010,45.459999084472656,45.459999084472656,4462500,46.72999954223633,46.56999969482422,34.9699592590332
19-02-2010,46.279998779296875,46.34000015258789,3001800,47.11000061035156,46.7599983215332,35.112640380859375
22-02-2010,46.349998474121094,46.970001220703125,2000900,47.0,46.459999084472656,34.887367248535156
23-02-2010,45.400001525878906,46.27000045776367,3138300,46.529998779296875,45.61000061035156,34.24909591674805
24-02-2010,45.18000030517578,45.869998931884766,3925200,45.91999816894531,45.43000030517578,34.11392593383789
25-02-2010,44.29999923706055,44.970001220703125,2772500,45.29999923706055,45.220001220703125,33.95623016357422
26-02-2010,45.08000183105469,45.2400016784668,2254600,45.709999084472656,45.52000045776367,34.18151092529297
01-03-2010,45.72999954223633,45.75,2135700,46.2599983215332,46.09000015258789,34.60953140258789
02-03-2010,45.959999084472656,46.369998931884766,2505700,46.4900016784668,46.040000915527344,34.57197570800781
03-03-2010,46.099998474121094,46.099998474121094,2526400,46.91999816894531,46.20000076293945,34.69213104248047
04-03-2010,46.18000030517578,46.45000076293945,2373400,46.75,46.47999954223633,34.90237808227539
05-03-2010,46.709999084472656,46.790000915527344,2518200,47.52000045776367,47.27000045776367,35.495609283447266
08-03-2010,46.650001525878906,47.400001525878906,2355200,47.5,46.65999984741211,35.037532806396484
09-03-2010,46.400001525878906,46.650001525878906,2394800,46.84000015258789,46.63999938964844,35.02252960205078
10-03-2010,46.47999954223633,46.709999084472656,2024200,47.09000015258789,46.7400016784668,35.09761428833008
11-03-2010,45.900001525878906,46.619998931884766,3519700,46.75,46.65999984741211,35.037532806396484
12-03-2010,46.0,46.84000015258789,4984900,46.97999954223633,46.650001525878906,35.030033111572266
15-03-2010,45.22999954223633,46.540000915527344,4762900,46.599998474121094,45.470001220703125,34.14395523071289
16-03-2010,45.47999954223633,45.54999923706055,4462800,46.16999816894531,45.79999923706055,34.39175033569336
17-03-2010,45.90999984741211,46.0,4342900,46.7400016784668,46.279998779296875,34.75221252441406
18-03-2010,46.189998626708984,46.27000045776367,3877400,47.38999938964844,47.189998626708984,35.43552780151367
19-03-2010,46.599998474121094,46.77000045776367,4644000,47.939998626708984,46.77000045776367,35.12014389038086
22-03-2010,46.310001373291016,46.38999938964844,2658100,47.15999984741211,46.939998626708984,35.24778366088867
23-03-2010,46.68000030517578,47.09000015258789,2294200,47.599998474121094,47.540000915527344,35.69834899902344
24-03-2010,46.779998779296875,47.25,2749100,47.439998626708984,46.900001525878906,35.2177619934082
25-03-2010,46.7400016784668,47.18000030517578,2781100,47.4900016784668,46.790000915527344,35.13517379760742
26-03-2010,46.810001373291016,46.90999984741211,3180000,47.41999816894531,47.22999954223633,35.46556854248047
29-03-2010,47.02000045776367,47.34000015258789,3240900,47.47999954223633,47.209999084472656,35.68477249145508
30-03-2010,47.16999816894531,47.349998474121094,2508000,47.720001220703125,47.43000030517578,35.85106658935547
31-03-2010,47.02000045776367,47.40999984741211,2469000,47.7400016784668,47.36000061035156,35.79814910888672
01-04-2010,47.13999938964844,47.529998779296875,3977000,48.0,47.68000030517578,36.04001998901367
05-04-2010,47.45000076293945,47.7400016784668,3175300,48.0,47.880001068115234,36.19120407104492
06-04-2010,47.380001068115234,47.709999084472656,2258700,47.779998779296875,47.70000076293945,36.05514907836914
07-04-2010,47.0,47.59000015258789,3455300,47.66999816894531,47.2400016784668,35.70744705200195
08-04-2010,46.61000061035156,47.150001525878906,2141900,47.27000045776367,47.209999084472656,35.68477249145508
09-04-2010,47.18000030517578,47.220001220703125,2250400,47.7599983215332,47.72999954223633,36.07783508300781
12-04-2010,47.36000061035156,47.7400016784668,3005900,47.970001220703125,47.959999084472656,36.25167465209961
13-04-2010,47.5,47.779998779296875,3115200,48.08000183105469,47.900001525878906,36.20632553100586
14-04-2010,47.779998779296875,48.08000183105469,4904600,48.43000030517578,48.36000061035156,36.55402374267578
15-04-2010,48.65999984741211,48.90999984741211,7125500,49.689998626708984,49.54999923706055,37.45351028442383
16-04-2010,48.529998779296875,49.380001068115234,4783000,49.58000183105469,49.0099983215332,37.04533386230469
19-04-2010,48.36000061035156,49.0099983215332,4919300,49.599998474121094,48.810001373291016,36.894168853759766
20-04-2010,50.209999084472656,50.220001220703125,9909100,51.279998779296875,50.709999084472656,38.33032989501953
21-04-2010,50.2599983215332,50.84000015258789,5143300,51.16999816894531,51.04999923706055,38.587310791015625
22-04-2010,50.31999969482422,50.68000030517578,6796700,52.47999954223633,52.349998474121094,39.56995391845703
23-04-2010,50.84000015258789,52.04999923706055,5254600,52.4900016784668,52.43000030517578,39.630435943603516
26-04-2010,52.11000061035156,52.11000061035156,3967000,52.720001220703125,52.5,39.6833381652832
27-04-2010,50.869998931884766,52.27000045776367,5002100,52.27000045776367,50.97999954223633,38.53440475463867
28-04-2010,50.599998474121094,51.209999084472656,4293900,51.400001525878906,51.220001220703125,38.7158203125
29-04-2010,51.439998626708984,51.66999816894531,2540600,52.29999923706055,52.279998779296875,39.517051696777344
30-04-2010,51.04999923706055,52.380001068115234,3760200,52.56999969482422,51.099998474121094,38.62510681152344
03-05-2010,51.099998474121094,51.43000030517578,2283600,52.099998474121094,52.0,39.30540466308594
04-05-2010,50.099998474121094,51.310001373291016,2679400,51.36000061035156,50.369998931884766,38.073326110839844
05-05-2010,49.560001373291016,49.959999084472656,2915800,50.290000915527344,49.77000045776367,37.61980438232422
06-05-2010,45.45000076293945,49.529998779296875,5478800,50.45000076293945,48.2400016784668,36.463314056396484
07-05-2010,46.93000030517578,48.119998931884766,5777500,48.630001068115234,47.709999084472656,36.06269836425781
10-05-2010,49.54999923706055,49.880001068115234,4217600,50.47999954223633,50.2400016784668,37.97506332397461
11-05-2010,49.599998474121094,49.65999984741211,4329200,50.900001525878906,50.119998931884766,37.884361267089844
12-05-2010,50.439998626708984,50.439998626708984,3762600,51.54999923706055,51.4900016784668,38.9199104309082
13-05-2010,50.36000061035156,51.45000076293945,3335500,51.470001220703125,50.4900016784668,38.16404342651367
14-05-2010,48.86000061035156,49.97999954223633,3711200,50.18000030517578,49.36000061035156,37.30989456176758
17-05-2010,48.7599983215332,49.47999954223633,3664500,50.130001068115234,49.720001220703125,37.58201217651367
18-05-2010,48.689998626708984,50.20000076293945,3535100,50.68000030517578,48.79999923706055,36.88660430908203
19-05-2010,47.02000045776367,48.5,4711100,48.720001220703125,47.5,35.90398025512695
20-05-2010,45.11000061035156,46.54999923706055,4813500,46.58000183105469,45.119998931884766,34.10499572753906
21-05-2010,44.08000183105469,44.2599983215332,5858200,45.869998931884766,45.540000915527344,34.422454833984375
24-05-2010,45.150001525878906,45.27000045776367,3684400,46.0,45.2599983215332,34.210811614990234
25-05-2010,43.34000015258789,44.02000045776367,3352500,45.209999084472656,45.11000061035156,34.09743881225586
26-05-2010,45.11000061035156,45.4900016784668,3633500,46.22999954223633,45.15999984741211,34.135231018066406
27-05-2010,46.0,46.15999984741211,3356200,46.959999084472656,46.93000030517578,35.47311782836914
28-05-2010,46.08000183105469,46.88999938964844,3354900,47.04999923706055,46.43000030517578,35.095184326171875
01-06-2010,45.08000183105469,46.09000015258789,4046200,46.72999954223633,45.15999984741211,34.135231018066406
02-06-2010,45.04999923706055,45.310001373291016,2822000,46.459999084472656,46.43000030517578,35.095184326171875
03-06-2010,46.43000030517578,46.81999969482422,2815200,47.040000915527344,46.7599983215332,35.34463119506836
04-06-2010,44.060001373291016,45.83000183105469,4178700,45.88999938964844,44.2400016784668,33.4398307800293
07-06-2010,43.27000045776367,44.33000183105469,3102700,44.4900016784668,43.279998779296875,32.71418380737305
08-06-2010,42.869998931884766,43.36000061035156,4614200,43.86000061035156,43.400001525878906,32.80488204956055
09-06-2010,43.52000045776367,43.7400016784668,3691800,44.79999923706055,43.68000030517578,33.01652145385742
10-06-2010,43.709999084472656,43.709999084472656,3753200,45.25,45.0,34.0142936706543
11-06-2010,44.41999816894531,44.869998931884766,2753800,45.61000061035156,45.54999923706055,34.430023193359375
14-06-2010,45.58000183105469,45.810001373291016,4115000,46.4900016784668,45.650001525878906,34.50560760498047
15-06-2010,45.86000061035156,46.18000030517578,3493500,46.84000015258789,46.779998779296875,35.359745025634766
16-06-2010,46.209999084472656,46.54999923706055,3989500,47.06999969482422,46.43000030517578,35.095184326171875
17-06-2010,45.45000076293945,46.5,3552600,46.529998779296875,46.0099983215332,34.77772521972656
18-06-2010,45.029998779296875,46.09000015258789,5657500,46.220001220703125,45.2599983215332,34.210811614990234
21-06-2010,45.779998779296875,45.88999938964844,4644900,46.81999969482422,46.13999938964844,34.875980377197266
22-06-2010,44.459999084472656,46.27000045776367,3540900,46.400001525878906,44.54999923706055,33.67414855957031
23-06-2010,43.70000076293945,44.58000183105469,3987200,44.77000045776367,44.09000015258789,33.326454162597656
24-06-2010,43.27000045776367,43.790000915527344,3400100,44.20000076293945,43.36000061035156,32.774654388427734
25-06-2010,43.459999084472656,43.54999923706055,9673300,44.290000915527344,44.15999984741211,33.37936019897461
28-06-2010,43.16999816894531,43.970001220703125,3307600,43.9900016784668,43.189998626708984,32.876949310302734
29-06-2010,41.04999923706055,42.47999954223633,7171800,42.529998779296875,41.369998931884766,31.491533279418945
30-06-2010,41.11000061035156,41.279998779296875,4533300,42.25,41.279998779296875,31.423025131225586
01-07-2010,40.72999954223633,41.209999084472656,5913000,41.720001220703125,41.56999969482422,31.643787384033203
02-07-2010,40.959999084472656,41.70000076293945,4395400,41.959999084472656,41.130001068115234,31.308855056762695
06-07-2010,40.790000915527344,41.619998931884766,3337000,42.0,41.209999084472656,31.3697452545166
07-07-2010,41.130001068115234,41.209999084472656,3431600,42.5099983215332,42.4900016784668,32.3441047668457
08-07-2010,42.529998779296875,42.779998779296875,3688500,43.16999816894531,43.040000915527344,32.76277160644531
09-07-2010,42.91999816894531,43.08000183105469,2491700,43.40999984741211,43.33000183105469,32.9835319519043
12-07-2010,42.689998626708984,43.279998779296875,2795800,43.369998931884766,42.86000061035156,32.62574768066406
13-07-2010,43.779998779296875,44.209999084472656,5383200,44.58000183105469,44.18000030517578,33.63055419921875
14-07-2010,43.619998931884766,43.939998626708984,4071900,44.47999954223633,44.150001525878906,33.607723236083984
15-07-2010,43.18000030517578,44.040000915527344,3489800,44.04999923706055,43.970001220703125,33.470699310302734
16-07-2010,42.599998474121094,43.58000183105469,3130200,43.810001373291016,42.70000076293945,32.503971099853516
19-07-2010,42.279998779296875,42.849998474121094,3712400,43.08000183105469,42.849998474121094,32.61814498901367
20-07-2010,41.380001068115234,42.209999084472656,7394500,42.880001068115234,42.75,32.542022705078125
21-07-2010,41.95000076293945,43.09000015258789,6070100,43.369998931884766,42.060001373291016,32.01677703857422
22-07-2010,41.65999984741211,42.939998626708984,9462800,42.939998626708984,42.189998626708984,32.11573791503906
23-07-2010,42.119998931884766,42.29999923706055,6339400,43.36000061035156,43.310001373291016,32.96831130981445
26-07-2010,42.959999084472656,43.5099983215332,4302700,43.63999938964844,43.52000045776367,33.12815475463867
27-07-2010,43.400001525878906,43.849998474121094,4697400,44.060001373291016,43.58000183105469,33.17383575439453
28-07-2010,43.11000061035156,43.560001373291016,3136800,43.7599983215332,43.34000015258789,32.99113082885742
29-07-2010,43.09000015258789,43.68000030517578,4201700,43.90999984741211,43.33000183105469,32.9835319519043
30-07-2010,42.540000915527344,42.91999816894531,3664800,43.7400016784668,43.5,33.11293029785156
02-08-2010,43.9900016784668,44.27000045776367,4041200,44.97999954223633,44.77000045776367,34.07968521118164
03-08-2010,44.54999923706055,44.689998626708984,4377700,45.130001068115234,44.959999084472656,34.22431182861328
04-08-2010,44.9900016784668,45.290000915527344,3698200,45.70000076293945,45.540000915527344,34.66581726074219
05-08-2010,45.15999984741211,45.33000183105469,3301100,45.9900016784668,45.63999938964844,34.741939544677734
06-08-2010,45.02000045776367,45.20000076293945,3821200,45.810001373291016,45.61000061035156,34.7191047668457
09-08-2010,45.2599983215332,45.72999954223633,2346800,45.959999084472656,45.70000076293945,34.7876091003418
10-08-2010,44.83000183105469,45.209999084472656,3904100,45.400001525878906,45.220001220703125,34.422218322753906
11-08-2010,43.349998474121094,44.439998626708984,3885800,44.4900016784668,43.599998474121094,33.189056396484375
12-08-2010,42.79999923706055,42.83000183105469,4140700,43.41999816894531,43.189998626708984,32.876949310302734
13-08-2010,42.86000061035156,42.959999084472656,2455700,43.40999984741211,43.02000045776367,32.747554779052734
16-08-2010,42.27000045776367,42.689998626708984,3813300,42.9900016784668,42.630001068115234,32.45066833496094
17-08-2010,42.86000061035156,42.86000061035156,4340100,44.099998474121094,43.56999969482422,33.166221618652344
18-08-2010,42.54999923706055,42.88999938964844,6070600,43.02000045776367,42.619998931884766,32.443058013916016
19-08-2010,41.939998626708984,42.470001220703125,5082900,42.619998931884766,42.040000915527344,32.001548767089844
20-08-2010,41.58000183105469,41.779998779296875,3473100,42.189998626708984,42.099998474121094,32.04722595214844
23-08-2010,41.779998779296875,42.369998931884766,3470700,42.54999923706055,41.84000015258789,31.84931182861328
24-08-2010,40.86000061035156,41.369998931884766,4866900,41.41999816894531,41.220001220703125,31.377349853515625
25-08-2010,40.33000183105469,40.93000030517578,7023600,41.290000915527344,41.13999938964844,31.31644630432129
26-08-2010,40.75,41.400001525878906,4266900,41.4900016784668,40.77000045776367,31.03479766845703
27-08-2010,40.560001373291016,41.119998931884766,3749400,41.95000076293945,41.849998474121094,31.85693359375
30-08-2010,41.16999816894531,41.650001525878906,2438300,41.959999084472656,41.16999816894531,31.339298248291016
31-08-2010,40.79999923706055,40.939998626708984,4565300,41.709999084472656,41.2599983215332,31.40779685974121
01-09-2010,41.81999969482422,41.93000030517578,3418400,42.880001068115234,42.779998779296875,32.564849853515625
02-09-2010,42.869998931884766,42.970001220703125,7148600,44.34000015258789,44.2599983215332,33.69145202636719
03-09-2010,44.5,44.7599983215332,4251400,45.11000061035156,45.0,34.2547492980957
07-09-2010,44.65999984741211,44.86000061035156,3421400,45.13999938964844,45.0,34.2547492980957
08-09-2010,44.91999816894531,44.91999816894531,4263200,45.72999954223633,45.279998779296875,34.467899322509766
09-09-2010,44.880001068115234,45.630001068115234,3077600,45.9900016784668,45.15999984741211,34.37655258178711
10-09-2010,45.08000183105469,45.20000076293945,3084000,45.81999969482422,45.72999954223633,34.81044387817383
13-09-2010,46.09000015258789,46.099998474121094,3693700,46.720001220703125,46.59000015258789,35.46508026123047
14-09-2010,46.18000030517578,46.58000183105469,4216100,47.02000045776367,46.77000045776367,35.60211181640625
15-09-2010,46.400001525878906,46.93000030517578,4234700,47.06999969482422,47.06999969482422,35.83047866821289
16-09-2010,46.5099983215332,46.900001525878906,4145200,47.0,46.880001068115234,35.68585205078125
17-09-2010,46.189998626708984,46.900001525878906,21470600,47.22999954223633,46.2400016784668,35.19866943359375
20-09-2010,46.2599983215332,46.4900016784668,5613100,47.22999954223633,47.09000015258789,35.845703125
21-09-2010,46.970001220703125,47.119998931884766,4126400,47.66999816894531,47.25,35.967491149902344
22-09-2010,46.189998626708984,47.09000015258789,4205900,47.33000183105469,46.529998779296875,35.4194221496582
23-09-2010,45.52000045776367,46.189998626708984,3007400,46.349998474121094,45.59000015258789,34.7038688659668
24-09-2010,46.40999984741211,46.52000045776367,4243500,47.310001373291016,47.08000183105469,35.838077545166016
27-09-2010,46.869998931884766,47.2400016784668,2904700,47.43000030517578,46.939998626708984,35.73149490356445
28-09-2010,46.130001068115234,46.66999816894531,2550300,47.209999084472656,47.08000183105469,36.09956741333008
29-09-2010,46.619998931884766,46.939998626708984,2939700,47.099998474121094,46.810001373291016,35.89252471923828
30-09-2010,46.560001373291016,46.97999954223633,3379300,47.630001068115234,47.02000045776367,36.05356216430664
01-10-2010,47.08000183105469,47.22999954223633,4603900,47.7599983215332,47.2599983215332,36.237586975097656
04-10-2010,46.40999984741211,47.220001220703125,2567900,47.45000076293945,46.79999923706055,35.88486862182617
05-10-2010,47.18000030517578,47.38999938964844,3276600,48.189998626708984,48.099998474121094,36.88166427612305
06-10-2010,47.91999816894531,48.09000015258789,2543900,48.34000015258789,48.29999923706055,37.03501892089844
07-10-2010,48.13999938964844,48.599998474121094,3393800,48.70000076293945,48.290000915527344,37.027347564697266
08-10-2010,48.040000915527344,48.2400016784668,2223500,48.59000015258789,48.43000030517578,37.134700775146484
11-10-2010,48.040000915527344,48.52000045776367,1390700,48.58000183105469,48.290000915527344,37.027347564697266
12-10-2010,47.40999984741211,48.130001068115234,2398800,48.4900016784668,48.27000045776367,37.01200866699219
13-10-2010,48.41999816894531,48.41999816894531,3759800,49.08000183105469,48.7599983215332,37.38774108886719
14-10-2010,48.560001373291016,48.77000045776367,2871800,49.13999938964844,48.9900016784668,37.5640983581543
15-10-2010,48.65999984741211,49.40999984741211,6595900,49.5,48.959999084472656,37.54109191894531
18-10-2010,48.900001525878906,49.040000915527344,4380500,49.540000915527344,49.18000030517578,37.70977020263672
19-10-2010,45.56999969482422,46.25,10465000,47.5,46.47999954223633,35.63950729370117
20-10-2010,46.08000183105469,46.45000076293945,5693300,47.13999938964844,46.560001373291016,35.70084762573242
21-10-2010,46.439998626708984,46.81999969482422,4030300,47.220001220703125,47.040000915527344,36.06889724731445
22-10-2010,46.099998474121094,47.119998931884766,4823800,47.20000076293945,46.689998626708984,35.80052185058594
25-10-2010,46.79999923706055,47.04999923706055,3199800,47.7599983215332,46.939998626708984,35.99221420288086
26-10-2010,46.119998931884766,46.61000061035156,5117100,46.63999938964844,46.150001525878906,35.386474609375
27-10-2010,45.56999969482422,45.75,2958200,46.310001373291016,46.25,35.46315002441406
28-10-2010,45.689998626708984,46.52000045776367,3064400,46.619998931884766,45.91999816894531,35.210105895996094
29-10-2010,45.56999969482422,45.7400016784668,3139700,46.11000061035156,45.68000030517578,35.026084899902344
01-11-2010,45.93000030517578,46.060001373291016,3528400,46.59000015258789,46.22999954223633,35.44780731201172
02-11-2010,46.349998474121094,46.689998626708984,3448800,46.709999084472656,46.4900016784668,35.64717483520508
03-11-2010,45.63999938964844,46.66999816894531,3206800,46.70000076293945,46.310001373291016,35.5091552734375
04-11-2010,46.81999969482422,46.849998474121094,3797700,48.0,47.88999938964844,36.720638275146484
05-11-2010,47.65999984741211,48.0,3602300,48.560001373291016,48.36000061035156,37.08102798461914
08-11-2010,47.790000915527344,48.08000183105469,3697300,48.65999984741211,48.599998474121094,37.26506805419922
09-11-2010,47.939998626708984,48.75,3862400,48.779998779296875,48.130001068115234,36.90467071533203
10-11-2010,47.599998474121094,48.20000076293945,2800000,48.2599983215332,48.09000015258789,36.87400436401367
11-11-2010,47.54999923706055,47.709999084472656,3293700,47.9900016784668,47.93000030517578,36.75133514404297
12-11-2010,47.189998626708984,47.4900016784668,2667300,47.81999969482422,47.41999816894531,36.36026382446289
15-11-2010,47.220001220703125,47.41999816894531,3456300,48.31999969482422,48.0,36.80498504638672
16-11-2010,46.79999923706055,47.68000030517578,3875500,47.88999938964844,47.0099983215332,36.0458869934082
17-11-2010,46.630001068115234,47.0,2662000,47.16999816894531,46.869998931884766,35.938541412353516
18-11-2010,47.18000030517578,47.45000076293945,3278600,48.0,47.25,36.22991943359375
19-11-2010,46.97999954223633,47.2400016784668,2246300,47.380001068115234,47.290000915527344,36.26058578491211
22-11-2010,46.88999938964844,46.9900016784668,2455300,47.5,47.5,36.421600341796875
23-11-2010,46.290000915527344,47.0,2656300,47.02000045776367,46.61000061035156,35.73918533325195
24-11-2010,46.939998626708984,47.0,1734500,47.630001068115234,47.599998474121094,36.49828338623047
26-11-2010,46.79999923706055,47.040000915527344,674500,47.33000183105469,47.130001068115234,36.137908935546875
29-11-2010,46.41999816894531,46.849998474121094,3559700,47.59000015258789,47.400001525878906,36.344932556152344
30-11-2010,46.90999984741211,47.0,5970200,48.18000030517578,47.630001068115234,36.521278381347656
01-12-2010,48.13999938964844,48.5099983215332,4519400,48.689998626708984,48.36000061035156,37.08102798461914
02-12-2010,48.43000030517578,48.58000183105469,4141000,48.90999984741211,48.61000061035156,37.272727966308594
03-12-2010,47.84000015258789,48.380001068115234,7278500,50.56999969482422,50.40999984741211,38.65291213989258
06-12-2010,48.75,50.13999938964844,8850800,50.45000076293945,50.22999954223633,38.514892578125
07-12-2010,50.4900016784668,50.7599983215332,6332300,51.130001068115234,50.59000015258789,38.79092788696289
08-12-2010,50.349998474121094,50.5099983215332,3886000,51.150001525878906,50.560001373291016,38.7679328918457
09-12-2010,50.22999954223633,50.939998626708984,3280600,50.959999084472656,50.47999954223633,38.70658493041992
10-12-2010,50.529998779296875,51.0099983215332,2225400,51.099998474121094,51.060001373291016,39.15131378173828
13-12-2010,50.93000030517578,51.220001220703125,2589400,51.34000015258789,51.189998626708984,39.25099563598633
14-12-2010,51.029998779296875,51.279998779296875,3257800,51.59000015258789,51.40999984741211,39.41969299316406
15-12-2010,50.79999923706055,51.099998474121094,2880700,51.40999984741211,50.900001525878906,39.02863311767578
16-12-2010,50.75,50.939998626708984,2264800,51.66999816894531,51.650001525878906,39.60369873046875
17-12-2010,51.619998931884766,51.66999816894531,4964200,52.20000076293945,51.970001220703125,39.84907913208008
20-12-2010,52.40999984741211,53.66999816894531,4125200,53.88999938964844,52.709999084472656,40.41647720336914
21-12-2010,52.779998779296875,53.060001373291016,2517600,53.25,53.06999969482422,40.692535400390625
22-12-2010,53.04999923706055,53.18000030517578,2328800,53.630001068115234,53.619998931884766,41.11425018310547
23-12-2010,53.29999923706055,53.630001068115234,1718900,53.75,53.459999084472656,40.9915657043457
27-12-2010,53.2400016784668,53.400001525878906,1563000,53.689998626708984,53.540000915527344,41.05290603637695
28-12-2010,53.310001373291016,53.61000061035156,1342400,53.79999923706055,53.72999954223633,41.19858932495117
29-12-2010,53.43000030517578,53.650001525878906,1649000,53.849998474121094,53.56999969482422,41.337493896484375
30-12-2010,53.439998626708984,53.4900016784668,1348400,53.790000915527344,53.599998474121094,41.36063003540039
31-12-2010,53.2599983215332,53.54999923706055,1521400,53.599998474121094,53.400001525878906,41.2063102722168
03-01-2011,53.720001220703125,53.72999954223633,3156300,54.5,54.38999938964844,41.97024917602539
04-01-2011,53.470001220703125,54.470001220703125,3465200,54.47999954223633,54.060001373291016,41.7155876159668
05-01-2011,53.810001373291016,53.95000076293945,2783700,54.63999938964844,54.33000183105469,41.92394256591797
06-01-2011,53.869998931884766,54.400001525878906,1967000,54.61000061035156,54.25,41.86220932006836
07-01-2011,53.65999984741211,54.40999984741211,2297000,54.540000915527344,54.0,41.6693115234375
10-01-2011,53.599998474121094,54.0099983215332,2127500,54.400001525878906,54.369998931884766,41.95480728149414
11-01-2011,54.18000030517578,54.59000015258789,2410900,54.68000030517578,54.459999084472656,42.02426528930664
12-01-2011,54.880001068115234,55.0099983215332,3274700,55.58000183105469,55.439998626708984,42.78048324584961
13-01-2011,55.25,55.54999923706055,2643500,55.849998474121094,55.7599983215332,43.02740478515625
14-01-2011,55.5099983215332,55.619998931884766,2504200,56.02000045776367,55.959999084472656,43.18173599243164
18-01-2011,55.779998779296875,55.779998779296875,2147600,56.36000061035156,56.150001525878906,43.32835006713867
19-01-2011,54.849998474121094,55.9900016784668,4601900,56.099998474121094,55.0099983215332,42.44866943359375
20-01-2011,54.11000061035156,55.0,3945800,55.04999923706055,54.22999954223633,41.84678268432617
21-01-2011,54.18000030517578,54.689998626708984,7141700,55.0,54.709999084472656,42.21717071533203
24-01-2011,54.59000015258789,54.970001220703125,3525600,55.5,55.5,42.82677459716797
25-01-2011,54.349998474121094,55.31999969482422,3383600,55.540000915527344,54.90999984741211,42.37150192260742
26-01-2011,55.20000076293945,55.43000030517578,2800500,55.709999084472656,55.43000030517578,42.77277374267578
27-01-2011,55.0,55.5,2547100,55.5,55.290000915527344,42.66473388671875
28-01-2011,54.45000076293945,55.45000076293945,3124700,56.0,54.709999084472656,42.21717071533203
31-01-2011,53.130001068115234,54.189998626708984,6107900,54.900001525878906,53.4900016784668,41.275760650634766
01-02-2011,53.040000915527344,54.119998931884766,5494300,54.119998931884766,53.54999923706055,41.32204818725586
02-02-2011,53.22999954223633,53.279998779296875,2670700,53.849998474121094,53.529998779296875,41.306636810302734
03-02-2011,53.130001068115234,53.380001068115234,3189400,53.689998626708984,53.34000015258789,41.160011291503906
04-02-2011,53.349998474121094,53.5099983215332,2913900,54.33000183105469,54.25,41.86220932006836
07-02-2011,54.40999984741211,54.54999923706055,3814400,55.54999923706055,55.22999954223633,42.618438720703125
08-02-2011,54.84000015258789,55.130001068115234,2556500,55.52000045776367,55.27000045776367,42.6493034362793
09-02-2011,54.58000183105469,55.0,1838100,55.029998779296875,54.95000076293945,42.402366638183594
10-02-2011,54.65999984741211,54.77000045776367,2436400,55.88999938964844,55.709999084472656,42.98882293701172
11-02-2011,55.33000183105469,55.439998626708984,1776500,55.97999954223633,55.810001373291016,43.06599044799805
14-02-2011,55.290000915527344,55.88999938964844,1541900,55.88999938964844,55.720001220703125,42.99654006958008
15-02-2011,54.2599983215332,55.27000045776367,3512800,55.470001220703125,54.41999816894531,41.99338912963867
16-02-2011,54.09000015258789,54.720001220703125,2628500,55.0099983215332,54.810001373291016,42.294334411621094
17-02-2011,54.470001220703125,54.709999084472656,1424300,55.099998474121094,54.939998626708984,42.3946533203125
18-02-2011,54.77000045776367,54.81999969482422,2663200,55.52000045776367,54.900001525878906,42.36378479003906
22-02-2011,53.18000030517578,54.380001068115234,3257500,54.91999816894531,53.34000015258789,41.160011291503906
23-02-2011,52.41999816894531,53.369998931884766,3171100,53.5099983215332,53.02000045776367,40.91309356689453
24-02-2011,52.529998779296875,52.90999984741211,2083900,53.599998474121094,53.220001220703125,41.06740951538086
25-02-2011,53.189998626708984,53.38999938964844,2818900,53.75,53.560001373291016,41.329769134521484
28-02-2011,53.81999969482422,53.91999816894531,2325300,54.38999938964844,54.099998474121094,41.7464599609375
01-03-2011,53.31999969482422,55.11000061035156,2605300,55.29999923706055,53.470001220703125,41.26032257080078
02-03-2011,53.279998779296875,53.279998779296875,2546600,54.880001068115234,54.02000045776367,41.684730529785156
03-03-2011,54.45000076293945,54.470001220703125,2227700,55.16999816894531,55.040000915527344,42.47181701660156
04-03-2011,54.25,55.099998474121094,2460800,55.33000183105469,54.88999938964844,42.35606002807617
07-03-2011,54.459999084472656,54.83000183105469,2560500,55.47999954223633,54.77000045776367,42.26347351074219
08-03-2011,54.81999969482422,54.849998474121094,3201000,56.0,55.709999084472656,42.98882293701172
09-03-2011,55.150001525878906,55.709999084472656,2538200,55.93000030517578,55.849998474121094,43.09686279296875
10-03-2011,54.189998626708984,55.06999969482422,2908700,55.11000061035156,54.380001068115234,41.96253204345703
11-03-2011,53.959999084472656,53.959999084472656,2039900,54.939998626708984,54.61000061035156,42.140010833740234
14-03-2011,54.0,54.25,2095400,54.540000915527344,54.36000061035156,41.947086334228516
15-03-2011,52.5,52.79999923706055,3978500,54.31999969482422,53.970001220703125,41.64614486694336
16-03-2011,52.5099983215332,53.72999954223633,3723900,54.060001373291016,53.060001373291016,40.94395065307617
17-03-2011,53.34000015258789,54.029998779296875,2603200,54.189998626708984,53.75,41.47637939453125
18-03-2011,53.65999984741211,54.61000061035156,3522300,54.7400016784668,54.0,41.6693115234375
21-03-2011,54.63999938964844,54.7599983215332,2609800,55.189998626708984,55.0,42.44093704223633
22-03-2011,54.43000030517578,55.099998474121094,1950900,55.15999984741211,54.72999954223633,42.23259735107422
23-03-2011,54.189998626708984,54.540000915527344,2524500,54.79999923706055,54.66999816894531,42.18630599975586
24-03-2011,54.459999084472656,54.869998931884766,2112100,55.04999923706055,55.0,42.44093704223633
25-03-2011,54.93000030517578,55.09000015258789,3369100,55.2599983215332,54.970001220703125,42.41781234741211
28-03-2011,54.16999816894531,55.099998474121094,3355400,55.13999938964844,54.27000045776367,41.87763595581055
29-03-2011,53.61000061035156,54.02000045776367,2301600,54.40999984741211,54.40999984741211,42.2503776550293
30-03-2011,53.470001220703125,54.09000015258789,3890400,54.16999816894531,53.54999923706055,41.582557678222656
31-03-2011,53.36000061035156,53.54999923706055,3396100,54.15999984741211,53.720001220703125,41.714576721191406
01-04-2011,53.70000076293945,54.189998626708984,3129400,54.33000183105469,54.150001525878906,42.04848861694336
04-04-2011,54.06999969482422,54.290000915527344,2351600,54.77000045776367,54.75,42.51438903808594
05-04-2011,54.310001373291016,54.59000015258789,2053300,55.130001068115234,54.4900016784668,42.312503814697266
06-04-2011,54.220001220703125,54.779998779296875,1867000,54.939998626708984,54.45000076293945,42.28144836425781
07-04-2011,54.04999923706055,54.470001220703125,1845200,54.68000030517578,54.33000183105469,42.18824768066406
08-04-2011,53.779998779296875,54.65999984741211,2729400,54.720001220703125,54.33000183105469,42.18824768066406
11-04-2011,54.13999938964844,54.15999984741211,2096500,54.61000061035156,54.31999969482422,42.18049240112305
12-04-2011,53.0,53.84000015258789,2585700,54.02000045776367,53.599998474121094,41.62139892578125
13-04-2011,53.150001525878906,53.900001525878906,2313800,53.95000076293945,53.310001373291016,41.39619827270508
14-04-2011,52.54999923706055,52.97999954223633,2006800,53.33000183105469,53.189998626708984,41.30302047729492
15-04-2011,53.18000030517578,53.630001068115234,2765800,53.720001220703125,53.310001373291016,41.39619827270508
18-04-2011,52.09000015258789,52.72999954223633,2442400,52.81999969482422,52.599998474121094,40.84486770629883
19-04-2011,52.47999954223633,52.56999969482422,2293800,53.15999984741211,52.900001525878906,41.07783889770508
20-04-2011,53.38999938964844,53.650001525878906,2455700,54.040000915527344,53.86000061035156,41.82328414916992
21-04-2011,53.810001373291016,54.060001373291016,1566800,54.209999084472656,54.06999969482422,41.98635482788086
25-04-2011,53.900001525878906,53.95000076293945,2808300,54.61000061035156,54.40999984741211,42.2503776550293
26-04-2011,55.459999084472656,56.25,7000100,58.0,57.72999954223633,44.82841491699219
27-04-2011,56.90999984741211,57.63999938964844,4068200,57.880001068115234,57.66999816894531,44.781829833984375
28-04-2011,57.70000076293945,57.709999084472656,4288400,58.45000076293945,58.34000015258789,45.30208969116211
29-04-2011,58.06999969482422,58.5,2567400,58.790000915527344,58.40999984741211,45.35645294189453
02-05-2011,57.88999938964844,58.56999969482422,2496800,58.75,58.029998779296875,45.06136703491211
03-05-2011,57.59000015258789,57.959999084472656,6313100,58.380001068115234,58.310001373291016,45.27880859375
04-05-2011,57.540000915527344,58.25,3035400,58.5099983215332,57.7599983215332,44.851707458496094
05-05-2011,57.119998931884766,57.5099983215332,2697200,58.08000183105469,57.400001525878906,44.57216262817383
06-05-2011,57.72999954223633,58.2599983215332,3571100,58.630001068115234,58.150001525878906,45.1545524597168
09-05-2011,57.709999084472656,58.150001525878906,2547000,58.599998474121094,58.0099983215332,45.04582977294922
10-05-2011,57.95000076293945,58.36000061035156,3193300,58.61000061035156,58.290000915527344,45.263267517089844
11-05-2011,57.459999084472656,58.290000915527344,3052800,58.5099983215332,58.09000015258789,45.10795211791992
12-05-2011,57.349998474121094,58.040000915527344,2385500,58.439998626708984,58.33000183105469,45.29433059692383
13-05-2011,57.849998474121094,58.09000015258789,3478800,58.599998474121094,57.95000076293945,44.99925231933594
16-05-2011,57.36000061035156,57.779998779296875,3247800,58.470001220703125,57.40999984741211,44.579933166503906
17-05-2011,56.20000076293945,57.29999923706055,3701500,57.400001525878906,56.97999954223633,44.24602508544922
18-05-2011,56.81999969482422,57.15999984741211,2503300,57.849998474121094,57.75,44.84395217895508
19-05-2011,57.27000045776367,58.0,2833900,58.349998474121094,57.650001525878906,44.76629638671875
20-05-2011,56.970001220703125,57.47999954223633,3301000,57.7400016784668,57.09000015258789,44.33143997192383
23-05-2011,56.130001068115234,56.540000915527344,3048800,56.72999954223633,56.540000915527344,43.90436553955078
24-05-2011,56.27000045776367,56.79999923706055,2202600,56.9900016784668,56.5099983215332,43.88106155395508
25-05-2011,56.150001525878906,56.220001220703125,3043800,57.18000030517578,57.040000915527344,44.29262161254883
26-05-2011,56.52000045776367,56.81999969482422,2333600,57.2400016784668,56.9900016784668,44.2537841796875
27-05-2011,56.84000015258789,57.2599983215332,2768400,57.38999938964844,57.040000915527344,44.29262161254883
31-05-2011,56.75,57.599998474121094,3934000,57.7599983215332,57.31999969482422,44.51005172729492
01-06-2011,56.2599983215332,57.0099983215332,4885300,57.310001373291016,56.2599983215332,43.68693542480469
02-06-2011,56.16999816894531,56.470001220703125,2633400,56.790000915527344,56.4900016784668,43.865543365478516
03-06-2011,55.72999954223633,55.75,3466800,56.52000045776367,56.08000183105469,43.54716491699219
06-06-2011,55.529998779296875,55.91999816894531,2386300,56.18000030517578,55.77000045776367,43.30643081665039
07-06-2011,55.68000030517578,55.9900016784668,3159400,56.189998626708984,55.709999084472656,43.25986099243164
08-06-2011,55.0,55.56999969482422,4249600,55.880001068115234,55.13999938964844,42.81722640991211
09-06-2011,55.0099983215332,55.13999938964844,2259300,55.7599983215332,55.34000015258789,42.9725341796875
10-06-2011,54.470001220703125,55.119998931884766,2864400,55.349998474121094,54.63999938964844,42.42897415161133
13-06-2011,54.41999816894531,54.779998779296875,2059500,55.11000061035156,54.54999923706055,42.35907745361328
14-06-2011,54.9900016784668,55.09000015258789,2586700,56.0,55.54999923706055,43.13560485839844
15-06-2011,54.060001373291016,54.959999084472656,3974100,55.209999084472656,54.29999923706055,42.16495132446289
16-06-2011,54.02000045776367,54.43000030517578,2421600,54.84000015258789,54.63999938964844,42.42897415161133
17-06-2011,54.77000045776367,55.08000183105469,2988400,55.27000045776367,54.93000030517578,42.65418243408203
20-06-2011,54.279998779296875,54.84000015258789,3625100,55.09000015258789,54.619998931884766,42.4134407043457
21-06-2011,54.5099983215332,54.93000030517578,2786100,55.66999816894531,55.540000915527344,43.127845764160156
22-06-2011,55.38999938964844,56.0,3356600,56.58000183105469,55.439998626708984,43.05018615722656
23-06-2011,54.040000915527344,54.63999938964844,4160400,54.970001220703125,54.880001068115234,42.61534118652344
24-06-2011,54.27000045776367,54.91999816894531,2311000,55.13999938964844,54.349998474121094,42.203792572021484
27-06-2011,54.18000030517578,54.400001525878906,1792600,55.060001373291016,54.75,42.51438903808594
28-06-2011,54.439998626708984,54.630001068115234,2631600,55.2400016784668,54.9900016784668,42.967586517333984
29-06-2011,54.72999954223633,55.15999984741211,2648700,55.279998779296875,55.18000030517578,43.11603927612305
30-06-2011,55.33000183105469,55.41999816894531,3313600,56.650001525878906,56.4900016784668,44.13963317871094
01-07-2011,56.18000030517578,56.290000915527344,3097000,57.709999084472656,57.61000061035156,45.0147819519043
05-07-2011,57.220001220703125,57.63999938964844,2996300,57.849998474121094,57.650001525878906,45.04602813720703
06-07-2011,57.560001373291016,57.599998474121094,2496300,58.279998779296875,58.119998931884766,45.41328430175781
07-07-2011,58.470001220703125,58.59000015258789,3128000,59.27000045776367,59.02000045776367,46.11651611328125
08-07-2011,58.0099983215332,58.150001525878906,2948900,58.95000076293945,58.90999984741211,46.03056335449219
11-07-2011,57.93000030517578,58.04999923706055,3448200,58.2599983215332,58.13999938964844,45.42890548706055
12-07-2011,57.529998779296875,58.0099983215332,3195300,58.150001525878906,57.599998474121094,45.0069694519043
13-07-2011,57.630001068115234,57.9900016784668,2308600,58.34000015258789,57.720001220703125,45.100730895996094
14-07-2011,56.65999984741211,57.779998779296875,2587500,58.06999969482422,56.81999969482422,44.397491455078125
15-07-2011,56.5,56.9900016784668,2902400,57.09000015258789,57.09000015258789,44.60846710205078
18-07-2011,55.95000076293945,56.869998931884766,2243100,56.869998931884766,56.33000183105469,44.01462936401367
19-07-2011,55.93000030517578,56.54999923706055,2725100,56.720001220703125,56.619998931884766,44.24121856689453
20-07-2011,56.20000076293945,56.91999816894531,1758000,56.91999816894531,56.58000183105469,44.209964752197266
21-07-2011,56.56999969482422,57.02000045776367,3304100,57.599998474121094,56.959999084472656,44.50687789916992
22-07-2011,56.27000045776367,56.900001525878906,1947500,56.97999954223633,56.970001220703125,44.51470184326172
25-07-2011,56.380001068115234,56.560001373291016,3171700,57.599998474121094,57.0099983215332,44.54594802856445
26-07-2011,51.70000076293945,52.459999084472656,12866100,54.06999969482422,52.34000015258789,40.896949768066406
27-07-2011,50.5,51.9900016784668,7590500,52.0,50.720001220703125,39.631134033203125
28-07-2011,49.77000045776367,50.790000915527344,7165100,51.36000061035156,49.790000915527344,38.90445327758789
29-07-2011,49.04999923706055,49.220001220703125,7215800,50.290000915527344,49.79999923706055,38.912269592285156
01-08-2011,49.40999984741211,50.5099983215332,5047500,51.20000076293945,49.900001525878906,38.99041748046875
02-08-2011,48.34000015258789,48.939998626708984,6119600,49.65999984741211,48.34000015258789,37.77146530151367
03-08-2011,47.619998931884766,48.34000015258789,7930300,49.33000183105469,48.869998931884766,38.18559646606445
04-08-2011,46.47999954223633,48.220001220703125,6749900,48.220001220703125,46.5,36.333744049072266
05-08-2011,45.47999954223633,47.290000915527344,9731700,47.79999923706055,46.33000183105469,36.20092010498047
08-08-2011,42.79999923706055,45.0099983215332,8200500,45.369998931884766,42.900001525878906,33.52082061767578
09-08-2011,41.689998626708984,43.130001068115234,11071900,44.4900016784668,44.380001068115234,34.677242279052734
10-08-2011,42.220001220703125,43.43000030517578,10189900,44.290000915527344,42.31999969482422,33.06761169433594
11-08-2011,42.52000045776367,42.560001373291016,6940500,45.54999923706055,44.83000183105469,35.028865814208984
12-08-2011,44.45000076293945,44.9900016784668,5034900,45.43000030517578,45.09000015258789,35.23202133178711
15-08-2011,44.79999923706055,45.0099983215332,5269100,45.97999954223633,45.290000915527344,35.38829040527344
16-08-2011,44.310001373291016,44.459999084472656,4400000,45.2400016784668,44.77000045776367,34.98196792602539
17-08-2011,43.81999969482422,45.09000015258789,4732100,45.470001220703125,44.04999923706055,34.419395446777344
18-08-2011,41.08000183105469,42.59000015258789,8271600,42.77000045776367,41.41999816894531,32.364383697509766
19-08-2011,40.81999969482422,40.9900016784668,7705700,42.18000030517578,41.36000061035156,32.3174934387207
22-08-2011,41.900001525878906,42.36000061035156,6677800,42.66999816894531,42.040000915527344,32.84883499145508
23-08-2011,41.79999923706055,42.16999816894531,5919100,43.849998474121094,43.83000183105469,34.24748992919922
24-08-2011,43.369998931884766,43.849998474121094,4863500,44.86000061035156,44.72999954223633,34.950714111328125
25-08-2011,43.459999084472656,45.0,6498800,45.150001525878906,43.56999969482422,34.044334411621094
26-08-2011,42.540000915527344,43.33000183105469,4798300,45.099998474121094,44.790000915527344,34.997596740722656
29-08-2011,45.400001525878906,45.40999984741211,2708400,46.56999969482422,46.45000076293945,36.294673919677734
30-08-2011,45.720001220703125,46.38999938964844,3931800,46.709999084472656,46.41999816894531,36.271240234375
31-08-2011,46.13999938964844,46.790000915527344,3761200,47.27000045776367,46.540000915527344,36.364994049072266
01-09-2011,45.09000015258789,46.779998779296875,5124500,46.880001068115234,45.209999084472656,35.325782775878906
02-09-2011,43.5,44.400001525878906,3966600,44.599998474121094,43.66999816894531,34.122474670410156
06-09-2011,42.18000030517578,42.29999923706055,4540500,43.59000015258789,43.400001525878906,33.9114990234375
07-09-2011,43.88999938964844,44.119998931884766,3549000,45.040000915527344,45.0,35.16169357299805
08-09-2011,43.90999984741211,44.5099983215332,3272300,44.88999938964844,44.150001525878906,34.49752426147461
09-09-2011,42.2599983215332,43.59000015258789,4226000,43.66999816894531,42.5099983215332,33.2160758972168
12-09-2011,41.2400016784668,41.9900016784668,4648800,42.470001220703125,42.36000061035156,33.098876953125
13-09-2011,42.27000045776367,42.52000045776367,4310800,43.650001525878906,43.40999984741211,33.919307708740234
14-09-2011,43.0,43.7400016784668,5174000,45.33000183105469,44.79999923706055,35.00542068481445
15-09-2011,44.72999954223633,45.34000015258789,3622700,45.619998931884766,45.599998474121094,35.63050842285156
16-09-2011,45.04999923706055,45.939998626708984,4960800,46.290000915527344,45.38999938964844,35.46641540527344
19-09-2011,44.08000183105469,44.56999969482422,3652100,45.34000015258789,45.11000061035156,35.24763488769531
20-09-2011,44.88999938964844,45.31999969482422,3629500,45.95000076293945,45.0,35.16169357299805
21-09-2011,43.619998931884766,44.88999938964844,4734100,45.380001068115234,43.650001525878906,34.106849670410156
22-09-2011,41.560001373291016,42.34000015258789,7108300,42.52000045776367,42.08000183105469,32.88008117675781
23-09-2011,41.5,41.5,4468900,43.349998474121094,42.65999984741211,33.33328628540039
26-09-2011,42.2400016784668,43.029998779296875,3702300,44.119998931884766,44.08000183105469,34.44282531738281
27-09-2011,44.68000030517578,45.34000015258789,3067300,46.060001373291016,44.959999084472656,35.13042449951172
28-09-2011,42.869998931884766,44.7599983215332,3678800,45.06999969482422,42.959999084472656,33.83863067626953
29-09-2011,42.4900016784668,43.86000061035156,3867200,44.189998626708984,43.20000076293945,34.02768325805664
30-09-2011,41.59000015258789,42.630001068115234,4178400,43.0,41.599998474121094,32.76738739013672
03-10-2011,40.130001068115234,41.150001525878906,4906100,41.70000076293945,40.150001525878906,31.62525749206543
04-10-2011,39.119998931884766,39.380001068115234,5000000,41.880001068115234,41.849998474121094,32.96432876586914
05-10-2011,41.599998474121094,42.040000915527344,4469800,43.0,42.849998474121094,33.751991271972656
06-10-2011,42.43000030517578,42.88999938964844,5065200,43.849998474121094,43.849998474121094,34.5396842956543
07-10-2011,42.63999938964844,44.279998779296875,4907800,44.279998779296875,43.150001525878906,33.98829650878906
10-10-2011,43.849998474121094,44.040000915527344,2329000,44.9900016784668,44.9900016784668,35.4376335144043
11-10-2011,44.220001220703125,44.77000045776367,3291900,44.97999954223633,44.7400016784668,35.2407112121582
12-10-2011,45.040000915527344,45.040000915527344,3185600,46.599998474121094,46.02000045776367,36.248924255371094
13-10-2011,44.900001525878906,45.63999938964844,2389000,45.900001525878906,45.689998626708984,35.9890022277832
14-10-2011,46.2599983215332,46.45000076293945,2722600,46.9900016784668,46.88999938964844,36.93421173095703
17-10-2011,45.220001220703125,46.720001220703125,2602400,46.790000915527344,45.43000030517578,35.784210205078125
18-10-2011,45.0,45.5,3803000,47.2599983215332,46.81999969482422,36.879085540771484
19-10-2011,45.9900016784668,46.720001220703125,2211300,47.099998474121094,46.209999084472656,36.39859390258789
20-10-2011,45.63999938964844,46.41999816894531,2705900,46.83000183105469,46.529998779296875,36.65065383911133
21-10-2011,46.709999084472656,47.20000076293945,3254100,47.380001068115234,47.36000061035156,37.30442428588867
24-10-2011,47.36000061035156,47.5,3174600,48.58000183105469,48.22999954223633,37.98969650268555
25-10-2011,45.45000076293945,47.91999816894531,5355000,47.91999816894531,45.650001525878906,35.95750427246094
26-10-2011,45.16999816894531,46.33000183105469,4752900,46.630001068115234,46.279998779296875,36.453731536865234
27-10-2011,47.849998474121094,47.900001525878906,5438200,49.66999816894531,49.18000030517578,38.73799514770508
28-10-2011,48.56999969482422,48.939998626708984,3803200,49.599998474121094,49.130001068115234,38.69861602783203
31-10-2011,47.68000030517578,48.25,6078300,49.290000915527344,48.630001068115234,38.304786682128906
01-11-2011,46.290000915527344,46.88999938964844,4627100,47.91999816894531,46.650001525878906,36.745174407958984
02-11-2011,47.29999923706055,47.41999816894531,3392000,48.220001220703125,47.86000061035156,37.69826889038086
03-11-2011,47.9900016784668,48.5099983215332,4094900,49.619998931884766,49.52000045776367,39.005802154541016
04-11-2011,48.709999084472656,48.939998626708984,2630200,49.47999954223633,49.22999954223633,38.77738571166992
07-11-2011,48.560001373291016,49.40999984741211,2871900,49.91999816894531,49.720001220703125,39.16333770751953
08-11-2011,48.31999969482422,49.560001373291016,4518400,49.65999984741211,48.97999954223633,38.58047866821289
09-11-2011,45.9900016784668,47.470001220703125,6247700,47.4900016784668,46.13999938964844,36.343467712402344
10-11-2011,45.849998474121094,46.83000183105469,5612100,46.95000076293945,46.189998626708984,36.38285446166992
11-11-2011,46.650001525878906,46.97999954223633,3551700,47.18000030517578,46.93000030517578,36.96573257446289
14-11-2011,46.029998779296875,46.7400016784668,3247200,47.029998779296875,46.34000015258789,36.50099182128906
15-11-2011,46.11000061035156,46.2400016784668,8102200,46.68000030517578,46.2400016784668,36.4222297668457
16-11-2011,45.349998474121094,45.880001068115234,4207200,46.310001373291016,45.439998626708984,35.79208755493164
17-11-2011,44.0,45.16999816894531,3618800,45.310001373291016,44.380001068115234,34.9571418762207
18-11-2011,44.369998931884766,44.90999984741211,3535100,45.2599983215332,44.939998626708984,35.398250579833984
21-11-2011,43.290000915527344,44.29999923706055,3092300,44.41999816894531,43.790000915527344,34.49241256713867
22-11-2011,43.310001373291016,43.79999923706055,2717100,44.34000015258789,44.04999923706055,34.697208404541016
23-11-2011,42.5,43.630001068115234,2710300,43.7599983215332,42.5,33.47630310058594
25-11-2011,42.40999984741211,42.529998779296875,1302300,43.11000061035156,42.58000183105469,33.53933334350586
28-11-2011,43.34000015258789,43.849998474121094,3003400,44.220001220703125,43.70000076293945,34.42152786254883
29-11-2011,43.189998626708984,43.75,4092500,44.15999984741211,43.38999938964844,34.17735290527344
30-11-2011,44.91999816894531,44.93000030517578,6398100,45.599998474121094,45.439998626708984,35.79208755493164
01-12-2011,45.04999923706055,45.279998779296875,2838100,45.65999984741211,45.119998931884766,35.5400276184082
02-12-2011,45.529998779296875,45.560001373291016,5096000,46.4900016784668,45.95000076293945,36.19379425048828
05-12-2011,46.540000915527344,46.86000061035156,4440100,47.25,47.029998779296875,37.04447555541992
06-12-2011,46.709999084472656,46.91999816894531,3059500,47.529998779296875,47.189998626708984,37.17051696777344
07-12-2011,46.189998626708984,46.970001220703125,8082500,47.72999954223633,47.5099983215332,37.422576904296875
08-12-2011,46.20000076293945,47.099998474121094,4231900,47.20000076293945,46.31999969482422,36.48524475097656
09-12-2011,46.279998779296875,46.5,3034100,47.2400016784668,47.130001068115234,37.12326431274414
12-12-2011,46.04999923706055,46.63999938964844,2926100,46.86000061035156,46.7599983215332,36.83182144165039
13-12-2011,46.130001068115234,47.15999984741211,3789300,47.33000183105469,46.43000030517578,36.57189178466797
14-12-2011,45.47999954223633,46.09000015258789,4168000,46.16999816894531,45.81999969482422,36.09140396118164
15-12-2011,45.65999984741211,46.459999084472656,2567200,46.65999984741211,45.75,36.0362663269043
16-12-2011,45.79999923706055,46.130001068115234,5745900,47.09000015258789,46.0,36.233192443847656
19-12-2011,45.4900016784668,46.220001220703125,3307800,46.279998779296875,45.619998931884766,35.933860778808594
20-12-2011,46.38999938964844,46.58000183105469,2807000,47.33000183105469,47.22999954223633,37.2020263671875
21-12-2011,46.189998626708984,47.33000183105469,4179500,47.869998931884766,46.70000076293945,36.78455352783203
22-12-2011,46.7599983215332,46.9900016784668,2422000,47.33000183105469,46.970001220703125,36.997230529785156
23-12-2011,47.06999969482422,47.220001220703125,1563500,47.790000915527344,47.720001220703125,37.58799362182617
27-12-2011,47.439998626708984,47.619998931884766,1093900,48.0,47.869998931884766,37.706138610839844
28-12-2011,46.279998779296875,47.470001220703125,1847700,47.54999923706055,46.40999984741211,36.833126068115234
29-12-2011,46.400001525878906,46.540000915527344,1500100,46.9900016784668,46.90999984741211,37.22994613647461
30-12-2011,46.65999984741211,46.689998626708984,1313000,47.130001068115234,46.709999084472656,37.07121658325195
03-01-2012,47.86000061035156,47.880001068115234,2370000,48.470001220703125,48.029998779296875,38.118839263916016
04-01-2012,47.869998931884766,47.9900016784668,1806600,48.40999984741211,48.279998779296875,38.317256927490234
05-01-2012,47.41999816894531,47.79999923706055,1904900,48.5099983215332,48.400001525878906,38.41249084472656
06-01-2012,47.56999969482422,48.310001373291016,6990800,48.33000183105469,47.790000915527344,37.92837142944336
09-01-2012,47.560001373291016,47.970001220703125,1958600,48.04999923706055,47.880001068115234,37.99979019165039
10-01-2012,48.209999084472656,48.650001525878906,3422700,48.91999816894531,48.68000030517578,38.63470458984375
11-01-2012,48.459999084472656,48.4900016784668,2050000,49.209999084472656,49.04999923706055,38.92835235595703
12-01-2012,48.900001525878906,49.349998474121094,2345300,49.65999984741211,49.5,39.28549575805664
13-01-2012,48.599998474121094,49.08000183105469,2331000,49.52000045776367,49.369998931884766,39.18232727050781
17-01-2012,50.439998626708984,50.459999084472656,5960200,51.88999938964844,50.959999084472656,40.44422912597656
18-01-2012,50.38999938964844,51.0099983215332,5000300,51.33000183105469,50.70000076293945,40.23786926269531
19-01-2012,50.68000030517578,50.70000076293945,3669700,51.279998779296875,51.220001220703125,40.65058135986328
20-01-2012,51.0,51.189998626708984,3488300,51.72999954223633,51.470001220703125,40.84897994995117
23-01-2012,51.29999923706055,51.4900016784668,2557700,51.7400016784668,51.54999923706055,40.9124870300293
24-01-2012,51.119998931884766,51.22999954223633,1900600,52.0,51.93000030517578,41.214046478271484
25-01-2012,51.45000076293945,51.939998626708984,2643500,53.0,52.81999969482422,41.92041778564453
26-01-2012,52.72999954223633,53.779998779296875,2924000,53.939998626708984,53.0099983215332,42.071197509765625
27-01-2012,52.58000183105469,52.790000915527344,2981000,53.13999938964844,52.77000045776367,41.88072204589844
30-01-2012,52.119998931884766,52.400001525878906,4684200,53.5,53.20000076293945,42.22199630737305
31-01-2012,51.86000061035156,53.150001525878906,5015000,53.91999816894531,53.029998779296875,42.08707046508789
01-02-2012,53.540000915527344,54.09000015258789,5174900,55.45000076293945,54.900001525878906,43.57119369506836
02-02-2012,54.52000045776367,55.0,3014000,55.0,54.97999954223633,43.63468551635742
03-02-2012,54.959999084472656,55.52000045776367,2896700,55.65999984741211,55.599998474121094,44.12675094604492
06-02-2012,55.04999923706055,55.11000061035156,3083500,55.849998474121094,55.58000183105469,44.110877990722656
07-02-2012,55.08000183105469,55.5,2225000,55.95000076293945,55.790000915527344,44.27754211425781
08-02-2012,55.540000915527344,55.779998779296875,2613600,56.2400016784668,56.0,44.444210052490234
09-02-2012,55.630001068115234,56.20000076293945,2684700,56.36000061035156,56.34000015258789,44.714046478271484
10-02-2012,55.15999984741211,55.880001068115234,2005700,55.900001525878906,55.709999084472656,44.214054107666016
13-02-2012,55.290000915527344,55.869998931884766,2804600,55.9900016784668,55.95000076293945,44.404510498046875
14-02-2012,55.560001373291016,55.84000015258789,2559800,56.040000915527344,55.970001220703125,44.420387268066406
15-02-2012,55.130001068115234,55.130001068115234,1690700,56.16999816894531,55.439998626708984,43.999752044677734
16-02-2012,55.52000045776367,55.56999969482422,2423200,56.540000915527344,56.41999816894531,44.77751922607422
17-02-2012,56.18000030517578,56.56999969482422,2410000,56.90999984741211,56.189998626708984,44.59498977661133
21-02-2012,56.380001068115234,56.470001220703125,2184900,56.939998626708984,56.560001373291016,44.88863754272461
22-02-2012,56.099998474121094,56.63999938964844,1904000,56.709999084472656,56.220001220703125,44.61880874633789
23-02-2012,56.0,56.27000045776367,3022400,56.59000015258789,56.34000015258789,44.714046478271484
24-02-2012,55.79999923706055,56.380001068115234,2264200,56.41999816894531,55.91999816894531,44.380714416503906
27-02-2012,55.29999923706055,55.5,2456400,56.7400016784668,56.27000045776367,44.65848922729492
28-02-2012,55.869998931884766,56.18000030517578,2015800,56.540000915527344,56.0099983215332,44.45213317871094
29-02-2012,55.529998779296875,56.0,3208000,56.31999969482422,55.689998626708984,44.198158264160156
01-03-2012,55.439998626708984,55.869998931884766,2698500,56.25,55.880001068115234,44.34897232055664
02-03-2012,55.439998626708984,55.90999984741211,2118900,55.91999816894531,55.5,44.04737854003906
05-03-2012,55.209999084472656,55.54999923706055,2153600,55.72999954223633,55.36000061035156,43.93627166748047
06-03-2012,53.619998931884766,54.79999923706055,4456100,54.86000061035156,53.619998931884766,42.55532455444336
07-03-2012,53.88999938964844,53.88999938964844,4799700,54.38999938964844,54.2400016784668,43.047386169433594
08-03-2012,54.459999084472656,54.459999084472656,2421600,55.380001068115234,54.97999954223633,43.63468551635742
09-03-2012,54.939998626708984,55.08000183105469,2127700,55.849998474121094,55.439998626708984,43.999752044677734
12-03-2012,55.470001220703125,55.720001220703125,2078600,55.91999816894531,55.65999984741211,44.174354553222656
13-03-2012,55.849998474121094,55.880001068115234,2738800,56.689998626708984,56.689998626708984,44.99180603027344
14-03-2012,56.650001525878906,56.77000045776367,2584000,57.11000061035156,56.95000076293945,45.19816207885742
15-03-2012,56.90999984741211,57.0,2803600,57.91999816894531,57.880001068115234,45.936256408691406
16-03-2012,57.599998474121094,57.95000076293945,3272200,58.0,57.90999984741211,45.96006774902344
19-03-2012,57.68000030517578,57.849998474121094,2188800,58.2400016784668,58.08000183105469,46.09498596191406
20-03-2012,56.9900016784668,57.720001220703125,1827500,57.869998931884766,57.189998626708984,45.388633728027344
21-03-2012,56.90999984741211,57.2400016784668,1720100,57.369998931884766,57.130001068115234,45.34102249145508
22-03-2012,55.65999984741211,56.72999954223633,2456000,56.72999954223633,56.58000183105469,44.90452194213867
23-03-2012,56.11000061035156,56.59000015258789,2009900,57.189998626708984,56.90999984741211,45.16642379760742
26-03-2012,57.540000915527344,57.68000030517578,1880900,57.9900016784668,57.83000183105469,45.896583557128906
27-03-2012,57.7400016784668,57.9900016784668,1741200,58.15999984741211,57.79999923706055,45.87276077270508
28-03-2012,56.2599983215332,57.36000061035156,2313200,57.400001525878906,56.77000045776367,45.33769226074219
29-03-2012,56.040000915527344,56.400001525878906,1999000,56.880001068115234,56.79999923706055,45.36165237426758
30-03-2012,56.900001525878906,57.09000015258789,2038800,57.369998931884766,57.119998931884766,45.6171989440918
02-04-2012,56.720001220703125,56.88999938964844,2879900,57.56999969482422,57.16999816894531,45.657142639160156
03-04-2012,56.5,57.06999969482422,2376000,57.189998626708984,56.939998626708984,45.47345733642578
04-04-2012,56.0,56.45000076293945,2275500,56.5099983215332,56.40999984741211,45.0501823425293
05-04-2012,56.02000045776367,56.25,1819000,56.529998779296875,56.310001373291016,44.97032165527344
09-04-2012,55.13999938964844,55.66999816894531,2072300,55.72999954223633,55.5099983215332,44.331417083740234
10-04-2012,54.63999938964844,55.369998931884766,2847200,55.5,54.75,43.72446823120117
11-04-2012,55.209999084472656,55.400001525878906,2744000,55.619998931884766,55.36000061035156,44.211631774902344
12-04-2012,55.310001373291016,55.41999816894531,2089800,56.7400016784668,56.689998626708984,45.27379608154297
13-04-2012,54.790000915527344,55.650001525878906,4757900,56.13999938964844,54.81999969482422,43.78037643432617
16-04-2012,54.70000076293945,55.119998931884766,4100500,55.61000061035156,55.150001525878906,44.04392623901367
17-04-2012,55.349998474121094,55.5,3184000,56.25,55.77000045776367,44.5390625
18-04-2012,55.15999984741211,55.5,2135600,56.060001373291016,55.91999816894531,44.65885925292969
19-04-2012,55.099998474121094,55.900001525878906,3159600,56.25,55.40999984741211,44.25156784057617
20-04-2012,55.54999923706055,55.58000183105469,3765900,56.20000076293945,55.790000915527344,44.55503845214844
23-04-2012,54.369998931884766,55.130001068115234,3514700,55.31999969482422,55.220001220703125,44.099822998046875
24-04-2012,55.43000030517578,55.5,3290900,56.790000915527344,56.68000030517578,45.26581573486328
25-04-2012,57.060001373291016,57.060001373291016,4123300,58.130001068115234,57.54999923706055,45.96061325073242
26-04-2012,56.97999954223633,57.41999816894531,2032400,57.70000076293945,57.599998474121094,46.00053405761719
27-04-2012,57.560001373291016,57.810001373291016,2106000,58.27000045776367,58.11000061035156,46.40784454345703
30-04-2012,57.09000015258789,58.119998931884766,1887000,58.22999954223633,57.380001068115234,45.824851989746094
01-05-2012,56.709999084472656,57.279998779296875,2023700,58.09000015258789,57.369998931884766,45.816864013671875
02-05-2012,56.9900016784668,57.040000915527344,2225200,57.849998474121094,57.72999954223633,46.10435485839844
03-05-2012,57.209999084472656,57.84000015258789,1989300,57.91999816894531,57.33000183105469,45.78490447998047
04-05-2012,56.06999969482422,57.099998474121094,2280400,57.099998474121094,56.43000030517578,45.0661506652832
07-05-2012,56.02000045776367,56.18000030517578,2496400,57.22999954223633,56.7599983215332,45.32969284057617
08-05-2012,55.61000061035156,56.33000183105469,3053500,56.66999816894531,56.529998779296875,45.14601516723633
09-05-2012,55.290000915527344,55.939998626708984,3306300,56.20000076293945,55.779998779296875,44.54705047607422
10-05-2012,56.029998779296875,56.33000183105469,2879000,56.68000030517578,56.33000183105469,44.986297607421875
11-05-2012,55.83000183105469,55.86000061035156,2144200,57.08000183105469,56.38999938964844,45.03422164916992
14-05-2012,55.290000915527344,55.869998931884766,2613200,56.119998931884766,55.779998779296875,44.54705047607422
15-05-2012,55.16999816894531,55.83000183105469,2448000,56.08000183105469,55.369998931884766,44.21961975097656
16-05-2012,54.7599983215332,55.72999954223633,3464500,55.91999816894531,54.88999938964844,43.836280822753906
17-05-2012,53.619998931884766,54.91999816894531,4416200,55.08000183105469,53.77000045776367,42.94181442260742
18-05-2012,53.349998474121094,54.060001373291016,3740600,54.75,53.54999923706055,42.76613235473633
21-05-2012,53.630001068115234,53.84000015258789,2466600,54.529998779296875,54.38999938964844,43.43696975708008
22-05-2012,54.279998779296875,54.560001373291016,2080800,54.9900016784668,54.63999938964844,43.636627197265625
23-05-2012,53.72999954223633,54.29999923706055,3235100,55.29999923706055,55.099998474121094,44.00398254394531
24-05-2012,54.939998626708984,55.33000183105469,4060700,55.75,55.75,44.52309036254883
25-05-2012,56.150001525878906,56.36000061035156,6119900,56.709999084472656,56.290000915527344,44.954349517822266
29-05-2012,56.65999984741211,56.66999816894531,4422800,57.279998779296875,57.20000076293945,45.681095123291016
30-05-2012,55.70000076293945,56.77000045776367,3761800,56.79999923706055,56.0,44.72275924682617
31-05-2012,55.529998779296875,55.869998931884766,4782700,56.65999984741211,56.150001525878906,44.84254837036133
01-06-2012,54.52000045776367,55.060001373291016,5064100,55.29999923706055,54.849998474121094,43.80433654785156
04-06-2012,53.95000076293945,54.86000061035156,4681600,54.9900016784668,54.40999984741211,43.45294189453125
05-06-2012,53.4900016784668,54.11000061035156,3980800,54.36000061035156,54.189998626708984,43.277244567871094
06-06-2012,54.40999984741211,54.56999969482422,3491200,55.290000915527344,55.290000915527344,44.155731201171875
07-06-2012,55.810001373291016,55.97999954223633,5769400,56.4900016784668,55.86000061035156,44.6109504699707
08-06-2012,55.36000061035156,55.63999938964844,2963700,56.25,56.0099983215332,44.73073196411133
11-06-2012,54.91999816894531,56.619998931884766,3221000,56.63999938964844,55.02000045776367,43.94010925292969
12-06-2012,54.68000030517578,55.08000183105469,3219400,55.650001525878906,55.47999954223633,44.30746841430664
13-06-2012,54.189998626708984,55.220001220703125,5693900,55.27000045776367,54.52000045776367,43.54079818725586
14-06-2012,53.599998474121094,54.529998779296875,4451000,54.66999816894531,54.08000183105469,43.18939971923828
15-06-2012,53.97999954223633,54.38999938964844,4060400,54.540000915527344,54.47999954223633,43.50886154174805
18-06-2012,54.0,54.25,2727600,54.599998474121094,54.43000030517578,43.46891784667969
19-06-2012,54.529998779296875,54.58000183105469,2822700,55.79999923706055,55.41999816894531,44.25954055786133
20-06-2012,54.47999954223633,55.40999984741211,2621700,55.529998779296875,54.93000030517578,43.868228912353516
21-06-2012,53.119998931884766,55.06999969482422,4725300,55.29999923706055,53.189998626708984,42.47863006591797
22-06-2012,52.970001220703125,53.47999954223633,3544300,53.81999969482422,53.66999816894531,42.861976623535156
25-06-2012,52.0,53.06999969482422,2941800,53.11000061035156,52.2599983215332,41.735904693603516
26-06-2012,51.400001525878906,52.279998779296875,2917200,52.439998626708984,51.88999938964844,41.4404182434082
27-06-2012,51.439998626708984,51.849998474121094,2843500,52.290000915527344,51.59000015258789,41.488670349121094
28-06-2012,50.349998474121094,50.779998779296875,3688500,51.09000015258789,50.939998626708984,40.96595001220703
29-06-2012,52.20000076293945,52.43000030517578,2888000,52.88999938964844,52.88999938964844,42.53413009643555
02-07-2012,51.720001220703125,52.459999084472656,4031800,53.099998474121094,52.060001373291016,41.86665344238281
03-07-2012,51.77000045776367,51.88999938964844,2278000,52.720001220703125,52.52000045776367,42.2365837097168
05-07-2012,51.97999954223633,52.29999923706055,2381800,52.970001220703125,52.709999084472656,42.38938522338867
06-07-2012,51.630001068115234,52.08000183105469,2589400,52.16999816894531,52.060001373291016,41.86665344238281
09-07-2012,51.70000076293945,51.91999816894531,3715200,52.31999969482422,52.29999923706055,42.05965805053711
10-07-2012,50.90999984741211,52.529998779296875,4137000,52.790000915527344,51.22999954223633,41.19915008544922
11-07-2012,50.20000076293945,51.540000915527344,4577900,51.540000915527344,50.290000915527344,40.443206787109375
12-07-2012,49.06999969482422,49.869998931884766,3588200,50.290000915527344,50.040000915527344,40.24215316772461
13-07-2012,50.04999923706055,50.09000015258789,2676700,50.849998474121094,50.75,40.813140869140625
16-07-2012,50.029998779296875,50.560001373291016,3365500,50.70000076293945,50.45000076293945,40.57189178466797
17-07-2012,49.880001068115234,50.529998779296875,3152300,50.72999954223633,50.5,40.61209487915039
18-07-2012,50.33000183105469,50.38999938964844,4922100,53.04999923706055,52.7400016784668,42.41350173950195
19-07-2012,52.720001220703125,52.790000915527344,4027800,53.66999816894531,53.63999938964844,43.13728332519531
20-07-2012,53.0,53.06999969482422,3761200,53.470001220703125,53.290000915527344,42.85581588745117
23-07-2012,52.15999984741211,52.65999984741211,4743700,53.900001525878906,53.56999969482422,43.08099365234375
24-07-2012,51.16999816894531,53.9900016784668,4704100,54.0,52.290000915527344,42.05162048339844
25-07-2012,52.29999923706055,52.91999816894531,3763200,53.47999954223633,52.70000076293945,42.38134002685547
26-07-2012,52.70000076293945,53.45000076293945,3482600,54.0,53.560001373291016,43.07295227050781
27-07-2012,53.61000061035156,54.0099983215332,3966500,55.5,55.27000045776367,44.44811248779297
30-07-2012,54.47999954223633,55.13999938964844,3145400,55.439998626708984,54.58000183105469,43.89322280883789
31-07-2012,54.2400016784668,54.5,3027500,54.91999816894531,54.34000015258789,43.700218200683594
01-08-2012,53.779998779296875,54.72999954223633,2697400,55.0,53.9900016784668,43.41875457763672
02-08-2012,52.79999923706055,53.47999954223633,2335300,53.93000030517578,53.68000030517578,43.169456481933594
03-08-2012,54.459999084472656,54.56999969482422,2663800,55.70000076293945,55.619998931884766,44.72959899902344
06-08-2012,55.56999969482422,55.86000061035156,1695800,56.189998626708984,55.56999969482422,44.689388275146484
07-08-2012,55.58000183105469,55.63999938964844,1922100,56.81999969482422,56.52000045776367,45.45338439941406
08-08-2012,56.0099983215332,56.33000183105469,2467900,57.0,56.880001068115234,45.74289321899414
09-08-2012,56.59000015258789,56.720001220703125,1894100,57.150001525878906,56.79999923706055,45.67855453491211
10-08-2012,56.4900016784668,56.59000015258789,1704900,57.36000061035156,57.310001373291016,46.08868408203125
13-08-2012,56.939998626708984,57.220001220703125,2025600,57.66999816894531,57.61000061035156,46.329959869384766
14-08-2012,57.040000915527344,57.720001220703125,1511000,57.880001068115234,57.20000076293945,46.000240325927734
15-08-2012,57.02000045776367,57.150001525878906,1241300,57.689998626708984,57.599998474121094,46.321922302246094
16-08-2012,57.45000076293945,57.72999954223633,3969500,59.84000015258789,59.66999816894531,47.986602783203125
17-08-2012,59.540000915527344,59.7599983215332,3798600,60.0,60.0,48.25200271606445
20-08-2012,58.7599983215332,59.7400016784668,2837800,59.7400016784668,59.279998779296875,47.672969818115234
21-08-2012,58.91999816894531,59.5,2610000,59.5,59.08000183105469,47.51213455200195
22-08-2012,58.47999954223633,59.02000045776367,2534300,59.029998779296875,58.7599983215332,47.254783630371094
23-08-2012,58.41999816894531,58.63999938964844,2548000,59.20000076293945,58.880001068115234,47.351295471191406
24-08-2012,58.72999954223633,58.790000915527344,4707700,60.13999938964844,59.68000030517578,47.99464797973633
27-08-2012,59.83000183105469,59.90999984741211,2883800,60.45000076293945,60.099998474121094,48.33241653442383
28-08-2012,59.209999084472656,59.939998626708984,2745800,60.150001525878906,59.34000015258789,47.721214294433594
29-08-2012,59.029998779296875,59.4900016784668,1897700,59.650001525878906,59.279998779296875,47.672969818115234
30-08-2012,58.650001525878906,58.90999984741211,1952300,59.15999984741211,58.91999816894531,47.383453369140625
31-08-2012,59.099998474121094,59.310001373291016,2560300,59.810001373291016,59.290000915527344,47.68101501464844
04-09-2012,58.22999954223633,59.189998626708984,2889100,59.47999954223633,58.91999816894531,47.383453369140625
05-09-2012,58.16999816894531,58.849998474121094,2661100,59.029998779296875,58.45000076293945,47.0054817199707
06-09-2012,58.95000076293945,59.060001373291016,4257300,59.86000061035156,59.709999084472656,48.01875686645508
07-09-2012,59.91999816894531,59.970001220703125,3063900,61.099998474121094,60.599998474121094,48.73451614379883
10-09-2012,60.150001525878906,60.349998474121094,2937100,61.060001373291016,60.38999938964844,48.56563186645508
11-09-2012,60.16999816894531,60.400001525878906,3154200,60.9900016784668,60.31999969482422,48.509342193603516
12-09-2012,60.40999984741211,60.40999984741211,2821500,61.209999084472656,61.08000183105469,49.12053680419922
13-09-2012,60.599998474121094,61.189998626708984,2999500,61.869998931884766,61.369998931884766,49.35374069213867
14-09-2012,60.709999084472656,61.54999923706055,4593700,62.09000015258789,61.119998931884766,49.15269470214844
17-09-2012,60.66999816894531,61.02000045776367,3091500,61.2599983215332,61.18000030517578,49.20094299316406
18-09-2012,60.7400016784668,61.02000045776367,3378900,61.369998931884766,61.33000183105469,49.32157897949219
19-09-2012,60.95000076293945,61.310001373291016,4805900,61.81999969482422,61.20000076293945,49.217037200927734
20-09-2012,60.63999938964844,60.84000015258789,3538100,61.349998474121094,61.08000183105469,49.12053680419922
21-09-2012,60.4900016784668,61.27000045776367,8844000,61.369998931884766,60.810001373291016,48.90340042114258
24-09-2012,60.2400016784668,60.650001525878906,2529500,60.939998626708984,60.619998931884766,48.7506103515625
25-09-2012,59.689998626708984,60.779998779296875,2603000,60.900001525878906,59.75,48.050941467285156
26-09-2012,58.5,59.470001220703125,3503000,59.540000915527344,58.65999984741211,47.47630310058594
27-09-2012,58.119998931884766,58.90999984741211,2878400,59.279998779296875,59.15999984741211,47.8809814453125
28-09-2012,58.630001068115234,58.939998626708984,2484700,59.779998779296875,59.470001220703125,48.13188552856445
01-10-2012,59.369998931884766,59.540000915527344,2604600,60.209999084472656,59.56999969482422,48.21281433105469
02-10-2012,58.560001373291016,59.650001525878906,2951400,59.84000015258789,58.810001373291016,47.59769821166992
03-10-2012,58.9900016784668,59.040000915527344,2995200,59.91999816894531,59.86000061035156,48.447509765625
04-10-2012,59.900001525878906,60.18000030517578,2764900,60.599998474121094,60.599998474121094,49.04644012451172
05-10-2012,60.40999984741211,61.0,2160200,61.189998626708984,60.65999984741211,49.09499740600586
08-10-2012,60.08000183105469,60.33000183105469,1573100,60.4900016784668,60.38999938964844,48.8764762878418
09-10-2012,58.970001220703125,59.869998931884766,2808400,60.16999816894531,59.06999969482422,47.808143615722656
10-10-2012,58.20000076293945,58.81999969482422,2512700,58.9900016784668,58.279998779296875,47.16876220703125
11-10-2012,58.40999984741211,58.849998474121094,1504700,58.970001220703125,58.43000030517578,47.29015350341797
12-10-2012,58.2599983215332,58.72999954223633,2130300,59.02000045776367,58.54999923706055,47.38727569580078
15-10-2012,58.209999084472656,58.540000915527344,2324500,59.04999923706055,58.869998931884766,47.64626693725586
16-10-2012,59.04999923706055,59.09000015258789,1743300,59.720001220703125,59.61000061035156,48.24519729614258
17-10-2012,59.650001525878906,59.75,1889900,60.290000915527344,60.18000030517578,48.70650863647461
18-10-2012,59.7599983215332,60.119998931884766,4004400,60.95000076293945,60.75,49.16783905029297
19-10-2012,60.04999923706055,60.380001068115234,4595100,60.970001220703125,60.790000915527344,49.20022201538086
22-10-2012,60.09000015258789,60.59000015258789,2870100,60.880001068115234,60.560001373291016,49.01407241821289
23-10-2012,59.2599983215332,59.70000076293945,4570800,61.7599983215332,60.72999954223633,49.151649475097656
24-10-2012,59.959999084472656,60.79999923706055,2410100,61.11000061035156,60.13999938964844,48.674129486083984
25-10-2012,59.849998474121094,60.720001220703125,1584700,60.79999923706055,60.470001220703125,48.94123077392578
26-10-2012,59.83000183105469,60.25,1937200,60.68000030517578,60.27000045776367,48.779354095458984
31-10-2012,60.560001373291016,60.59000015258789,2746000,61.5,61.33000183105469,49.63726043701172
01-11-2012,61.060001373291016,61.33000183105469,2920500,62.27000045776367,62.119998931884766,50.27665710449219
02-11-2012,62.0099983215332,62.61000061035156,2116100,62.650001525878906,62.02000045776367,50.19570541381836
05-11-2012,61.65999984741211,61.86000061035156,1962500,62.47999954223633,62.33000183105469,50.44661331176758
06-11-2012,62.150001525878906,62.560001373291016,2221000,63.33000183105469,62.95000076293945,50.94839859008789
07-11-2012,61.369998931884766,62.2599983215332,2100300,62.45000076293945,61.7400016784668,49.969093322753906
08-11-2012,60.290000915527344,60.91999816894531,3426300,61.47999954223633,60.349998474121094,48.84410858154297
09-11-2012,60.060001373291016,60.060001373291016,2094900,61.40999984741211,60.439998626708984,48.91695022583008
12-11-2012,60.349998474121094,60.61000061035156,1450900,61.22999954223633,60.90999984741211,49.29733657836914
13-11-2012,60.36000061035156,60.45000076293945,1810900,61.540000915527344,60.83000183105469,49.23258590698242
14-11-2012,59.38999938964844,61.0099983215332,2516800,61.119998931884766,59.54999923706055,48.19662094116211
15-11-2012,58.38999938964844,59.459999084472656,4620500,59.93000030517578,58.75,47.54914474487305
16-11-2012,58.47999954223633,58.790000915527344,4401300,59.52000045776367,58.869998931884766,47.64626693725586
19-11-2012,59.34000015258789,59.47999954223633,2858300,59.86000061035156,59.54999923706055,48.19662094116211
20-11-2012,59.27000045776367,59.58000183105469,1814300,59.880001068115234,59.849998474121094,48.439422607421875
21-11-2012,59.61000061035156,59.790000915527344,1571900,59.90999984741211,59.77000045776367,48.374691009521484
23-11-2012,59.81999969482422,60.0,709300,60.650001525878906,60.619998931884766,49.0626335144043
26-11-2012,60.380001068115234,60.38999938964844,1598500,61.0,60.540000915527344,48.99787521362305
27-11-2012,60.41999816894531,60.72999954223633,2402700,61.529998779296875,60.540000915527344,48.99787521362305
28-11-2012,60.13999938964844,60.369998931884766,2617900,61.52000045776367,61.459999084472656,49.74247360229492
29-11-2012,61.15999984741211,61.619998931884766,2164200,61.84000015258789,61.83000183105469,50.04193878173828
30-11-2012,61.470001220703125,61.93000030517578,4019600,62.2400016784668,61.56999969482422,49.831504821777344
03-12-2012,61.060001373291016,61.959999084472656,1981000,62.61000061035156,61.06999969482422,49.42683792114258
04-12-2012,60.810001373291016,60.9900016784668,1319400,61.349998474121094,61.15999984741211,49.49968338012695
05-12-2012,60.9900016784668,61.22999954223633,2621800,62.04999923706055,61.709999084472656,49.944828033447266
06-12-2012,61.369998931884766,61.66999816894531,2992000,61.88999938964844,61.54999923706055,49.81532669067383
07-12-2012,60.88999938964844,61.75,2612400,61.95000076293945,61.16999816894531,49.507774353027344
10-12-2012,61.22999954223633,61.25,3146800,62.279998779296875,61.970001220703125,50.15524673461914
11-12-2012,61.81999969482422,62.099998474121094,2620200,62.290000915527344,61.86000061035156,50.06622314453125
12-12-2012,61.7400016784668,62.09000015258789,2710000,62.58000183105469,62.11000061035156,50.2685546875
13-12-2012,61.90999984741211,61.90999984741211,2414800,62.5099983215332,62.04999923706055,50.21999740600586
14-12-2012,59.720001220703125,62.06999969482422,5492500,62.400001525878906,59.81999969482422,48.71348190307617
17-12-2012,59.970001220703125,60.11000061035156,3492600,60.540000915527344,60.2599983215332,49.071781158447266
18-12-2012,60.40999984741211,60.47999954223633,4373200,61.95000076293945,61.790000915527344,50.317718505859375
19-12-2012,61.2400016784668,61.79999923706055,2433400,61.970001220703125,61.38999938964844,49.991981506347656
20-12-2012,61.279998779296875,61.470001220703125,1683500,61.88999938964844,61.88999938964844,50.39914321899414
21-12-2012,60.810001373291016,61.06999969482422,3489500,61.54999923706055,61.290000915527344,49.91054153442383
24-12-2012,60.849998474121094,61.08000183105469,403300,61.290000915527344,61.08000183105469,49.739540100097656
26-12-2012,60.75,61.209999084472656,862500,61.470001220703125,61.0,49.67439270019531
27-12-2012,60.06999969482422,61.02000045776367,1508600,61.130001068115234,60.689998626708984,49.42194366455078
28-12-2012,59.959999084472656,60.25,1486800,60.720001220703125,60.02000045776367,48.876338958740234
31-12-2012,59.54999923706055,59.7599983215332,1899900,60.88999938964844,60.810001373291016,49.519676208496094
02-01-2013,61.650001525878906,62.34000015258789,3821800,62.5,61.97999954223633,50.47242736816406
03-01-2013,61.880001068115234,62.060001373291016,3062700,63.209999084472656,62.22999954223633,50.676029205322266
04-01-2013,62.310001373291016,62.38999938964844,1831000,62.75,62.400001525878906,50.814456939697266
07-01-2013,61.91999816894531,62.16999816894531,2876400,62.470001220703125,62.2599983215332,50.70044708251953
08-01-2013,60.83000183105469,60.939998626708984,3122900,62.22999954223633,62.220001220703125,50.667869567871094
09-01-2013,61.83000183105469,62.5099983215332,2930300,62.880001068115234,61.869998931884766,50.38285446166992
10-01-2013,62.16999816894531,62.27000045776367,2524000,62.849998474121094,62.7599983215332,51.10761260986328
11-01-2013,62.45000076293945,63.04999923706055,1384900,63.04999923706055,62.560001373291016,50.944740295410156
14-01-2013,62.540000915527344,62.56999969482422,1405800,62.97999954223633,62.880001068115234,51.20533752441406
15-01-2013,62.41999816894531,62.630001068115234,1791400,62.81999969482422,62.619998931884766,50.99359893798828
16-01-2013,62.099998474121094,62.40999984741211,1125100,62.5,62.290000915527344,50.72488021850586
17-01-2013,62.369998931884766,62.689998626708984,1856600,63.439998626708984,63.29999923706055,51.5473518371582
18-01-2013,62.7400016784668,63.52000045776367,2535700,63.720001220703125,63.720001220703125,51.88938522338867
22-01-2013,63.04999923706055,63.540000915527344,2228100,63.91999816894531,63.650001525878906,51.832374572753906
23-01-2013,63.459999084472656,63.5099983215332,1447200,63.9900016784668,63.93000030517578,52.06037902832031
24-01-2013,63.880001068115234,63.95000076293945,2027000,64.9800033569336,64.83000183105469,52.79328536987305
25-01-2013,64.62000274658203,64.73999786376953,2117300,65.22000122070312,64.98999786376953,52.923587799072266
28-01-2013,64.76000213623047,64.9000015258789,2792900,65.5999984741211,65.44000244140625,53.290035247802734
29-01-2013,63.11000061035156,64.05999755859375,4300700,64.44999694824219,64.13999938964844,52.23140335083008
30-01-2013,63.25,63.4900016784668,2754800,64.2699966430664,63.560001373291016,51.75908279418945
31-01-2013,62.83000183105469,63.47999954223633,3726300,63.5099983215332,62.83000183105469,51.164634704589844
01-02-2013,62.619998931884766,63.310001373291016,2828800,63.36000061035156,62.900001525878906,51.22162628173828
04-02-2013,61.7599983215332,62.5,2939300,62.81999969482422,61.790000915527344,50.317718505859375
05-02-2013,62.060001373291016,62.279998779296875,2605300,62.9900016784668,62.84000015258789,51.17276382446289
06-02-2013,62.09000015258789,62.56999969482422,2379600,62.72999954223633,62.27000045776367,50.70859146118164
07-02-2013,61.619998931884766,62.31999969482422,1844000,62.43000030517578,62.06999969482422,50.54573059082031
08-02-2013,61.790000915527344,61.900001525878906,1560200,62.72999954223633,62.720001220703125,51.075035095214844
11-02-2013,62.47999954223633,62.70000076293945,1185600,62.93000030517578,62.79999923706055,51.140193939208984
12-02-2013,62.65999984741211,62.869998931884766,1053200,63.119998931884766,63.02000045776367,51.319339752197266
13-02-2013,62.90999984741211,63.209999084472656,1363100,63.560001373291016,63.54999923706055,51.750938415527344
14-02-2013,63.400001525878906,63.54999923706055,1488500,63.869998931884766,63.70000076293945,51.873085021972656
15-02-2013,63.2400016784668,63.869998931884766,2256600,64.12999725341797,63.25,51.50664138793945
19-02-2013,63.9900016784668,64.63999938964844,2913600,64.6500015258789,64.19000244140625,52.27210998535156
20-02-2013,63.119998931884766,64.0199966430664,1523800,64.19999694824219,63.119998931884766,51.400779724121094
21-02-2013,61.4900016784668,62.810001373291016,2370600,62.95000076293945,61.619998931884766,50.179256439208984
22-02-2013,61.310001373291016,61.880001068115234,2703200,62.2400016784668,61.47999954223633,50.06526184082031
25-02-2013,59.75,61.77000045776367,2580700,61.88999938964844,59.77000045776367,48.672760009765625
26-02-2013,59.709999084472656,59.9900016784668,2100000,60.33000183105469,60.08000183105469,48.925201416015625
27-02-2013,60.060001373291016,60.119998931884766,2026000,61.650001525878906,61.45000076293945,50.04083251953125
28-02-2013,61.31999969482422,61.529998779296875,2453100,62.0099983215332,61.5,50.08156204223633
01-03-2013,60.45000076293945,61.15999984741211,1840800,62.02000045776367,61.599998474121094,50.162986755371094
04-03-2013,60.650001525878906,61.34000015258789,2157700,61.66999816894531,61.540000915527344,50.114131927490234
05-03-2013,61.900001525878906,62.0,1544900,62.650001525878906,62.29999923706055,50.7330207824707
06-03-2013,62.060001373291016,62.560001373291016,2380200,62.779998779296875,62.61000061035156,50.985469818115234
07-03-2013,62.02000045776367,62.84000015258789,1663900,62.849998474121094,62.16999816894531,50.62715530395508
08-03-2013,62.029998779296875,62.58000183105469,1559400,62.709999084472656,62.439998626708984,50.84701156616211
11-03-2013,62.09000015258789,62.310001373291016,1219000,62.68000030517578,62.4900016784668,50.88774108886719
12-03-2013,61.20000076293945,62.40999984741211,2365800,62.5,61.2599983215332,49.88611602783203
13-03-2013,61.040000915527344,61.20000076293945,1666600,61.630001068115234,61.31999969482422,49.93497085571289
14-03-2013,60.84000015258789,61.459999084472656,2409100,61.66999816894531,61.25,49.87797927856445
15-03-2013,61.13999938964844,61.369998931884766,6748400,62.22999954223633,62.22999954223633,50.676029205322266
18-03-2013,61.5099983215332,61.560001373291016,2145800,62.52000045776367,62.31999969482422,50.749305725097656
19-03-2013,61.5099983215332,62.439998626708984,2691600,62.560001373291016,62.4900016784668,50.88774108886719
20-03-2013,62.56999969482422,62.72999954223633,2507000,63.40999984741211,63.15999984741211,51.43334197998047
21-03-2013,62.45000076293945,62.75,2726200,63.459999084472656,62.540000915527344,50.9284553527832
22-03-2013,62.13999938964844,62.709999084472656,2036900,62.790000915527344,62.2599983215332,50.70044708251953
25-03-2013,61.040000915527344,62.41999816894531,3653200,62.47999954223633,61.439998626708984,50.0327033996582
26-03-2013,60.86000061035156,61.349998474121094,3338600,61.439998626708984,61.0099983215332,49.991722106933594
27-03-2013,60.18000030517578,60.66999816894531,3482300,60.869998931884766,60.619998931884766,49.67216110229492
28-03-2013,60.369998931884766,60.650001525878906,1927800,61.060001373291016,60.939998626708984,49.93436813354492
01-04-2013,60.400001525878906,60.83000183105469,2273600,61.06999969482422,60.880001068115234,49.88520050048828
02-04-2013,60.7400016784668,61.189998626708984,1593700,61.45000076293945,60.86000061035156,49.86882781982422
03-04-2013,60.77000045776367,61.0,2562700,61.540000915527344,61.099998474121094,50.06547164916992
04-04-2013,61.09000015258789,61.2599983215332,2356000,62.08000183105469,61.720001220703125,50.57350540161133
05-04-2013,60.83000183105469,60.86000061035156,2840600,61.7599983215332,61.56999969482422,50.45058822631836
08-04-2013,61.25,61.41999816894531,2124700,61.95000076293945,61.900001525878906,50.72098159790039
09-04-2013,61.619998931884766,62.060001373291016,1347700,62.459999084472656,62.13999938964844,50.91764831542969
10-04-2013,61.869998931884766,62.150001525878906,1608800,62.68000030517578,62.58000183105469,51.27818298339844
11-04-2013,62.38999938964844,62.689998626708984,2162000,63.63999938964844,63.54999923706055,52.072998046875
12-04-2013,63.09000015258789,63.279998779296875,2842500,63.65999984741211,63.439998626708984,51.98286437988281
15-04-2013,61.4900016784668,63.0099983215332,3007300,63.08000183105469,61.529998779296875,50.41781997680664
16-04-2013,61.599998474121094,62.02000045776367,1965100,62.81999969482422,62.7599983215332,51.42567825317383
17-04-2013,60.63999938964844,62.380001068115234,3753500,62.45000076293945,61.040000915527344,50.01630401611328
18-04-2013,60.16999816894531,60.97999954223633,2009300,61.189998626708984,60.5,49.57383346557617
19-04-2013,60.02000045776367,60.65999984741211,2687900,60.81999969482422,60.5,49.57383346557617
22-04-2013,60.130001068115234,60.75,2526900,60.970001220703125,60.779998779296875,49.80327224731445
23-04-2013,61.189998626708984,61.540000915527344,3099800,62.9900016784668,62.7599983215332,51.42567825317383
24-04-2013,62.880001068115234,62.959999084472656,3340000,64.4800033569336,64.19999694824219,52.60560989379883
25-04-2013,64.25,64.25,5197500,65.94000244140625,65.18000030517578,53.408626556396484
26-04-2013,64.20999908447266,65.18000030517578,2552500,65.23999786376953,64.37999725341797,52.75310134887695
29-04-2013,64.41000366210938,64.68000030517578,1385000,64.94999694824219,64.83000183105469,53.121849060058594
30-04-2013,63.939998626708984,64.63999938964844,1856200,64.88999938964844,64.55999755859375,52.900596618652344
01-05-2013,63.84000015258789,64.2699966430664,1914000,64.5,63.869998931884766,52.33522033691406
02-05-2013,64.0,64.1500015258789,2751900,64.66999816894531,64.5199966430664,52.86782455444336
03-05-2013,65.1500015258789,65.1500015258789,2666500,65.95999908447266,65.70999908447266,53.84292221069336
06-05-2013,65.23999786376953,65.56999969482422,2029100,65.77999877929688,65.75,53.875694274902344
07-05-2013,65.81999969482422,65.87999725341797,2190600,66.83000183105469,66.75,54.695091247558594
08-05-2013,66.47000122070312,66.69999694824219,2413800,67.81999969482422,67.73999786376953,55.506290435791016
09-05-2013,67.18000030517578,67.55999755859375,3046900,68.81999969482422,68.1500015258789,55.842254638671875
10-05-2013,67.62999725341797,68.29000091552734,2078900,68.47000122070312,68.30000305175781,55.96516799926758
13-05-2013,67.88999938964844,68.19999694824219,1203100,68.48999786376953,68.29000091552734,55.95697021484375
14-05-2013,68.29000091552734,68.4000015258789,2583900,69.61000061035156,69.37999725341797,56.85011672973633
15-05-2013,69.08000183105469,69.12999725341797,2015300,70.19999694824219,70.18000030517578,57.50563430786133
16-05-2013,69.5999984741211,69.91000366210938,1843300,70.1500015258789,69.91000366210938,57.28438186645508
17-05-2013,70.08000183105469,70.13999938964844,3009500,70.8499984741211,70.77999877929688,57.99728775024414
20-05-2013,70.54000091552734,70.63999938964844,1496800,71.48999786376953,71.0,58.177547454833984
21-05-2013,70.83999633789062,71.16999816894531,2171600,71.63999938964844,71.16000366210938,58.30867004394531
22-05-2013,70.41999816894531,71.06999969482422,2661300,71.63999938964844,70.80000305175781,58.01366424560547
23-05-2013,70.06999969482422,70.16000366210938,1810000,70.7300033569336,70.2699966430664,57.57938766479492
24-05-2013,69.44999694824219,69.95999908447266,1158700,70.29000091552734,70.2300033569336,57.54662322998047
28-05-2013,70.37999725341797,70.91999816894531,1305400,71.33999633789062,70.45999908447266,57.73505401611328
29-05-2013,69.86000061035156,70.05000305175781,1178300,70.62999725341797,70.16999816894531,57.49744415283203
30-05-2013,70.12999725341797,70.30000305175781,1361600,70.98999786376953,70.55999755859375,57.8170280456543
31-05-2013,70.12999725341797,70.45999908447266,1968500,71.3499984741211,70.12999725341797,57.464664459228516
03-06-2013,69.80999755859375,70.33000183105469,1978000,70.95999908447266,70.93000030517578,58.12018585205078
04-06-2013,69.58000183105469,70.80999755859375,1551600,71.23999786376953,70.04000091552734,57.39092254638672
05-06-2013,69.1500015258789,69.73999786376953,2058800,69.9800033569336,69.18000030517578,56.686248779296875
06-06-2013,68.91999816894531,69.16999816894531,2424900,69.70999908447266,69.58999633789062,57.02219009399414
07-06-2013,69.7699966430664,70.05000305175781,1772700,70.7699966430664,70.69999694824219,57.93172073364258
10-06-2013,70.05999755859375,70.80000305175781,1032500,70.80000305175781,70.5199966430664,57.78423309326172
11-06-2013,69.62000274658203,69.63999938964844,1356100,70.47000122070312,70.0999984741211,57.44007873535156
12-06-2013,69.27999877929688,70.6500015258789,2023400,70.73999786376953,69.4000015258789,56.86649703979492
13-06-2013,69.22000122070312,69.2699966430664,2158500,70.70999908447266,70.48999786376953,57.759666442871094
14-06-2013,70.1500015258789,70.3499984741211,1161500,70.70999908447266,70.23999786376953,57.554805755615234
17-06-2013,70.30999755859375,70.75,1608100,71.08000183105469,70.66999816894531,57.90714645385742
18-06-2013,70.69000244140625,70.8499984741211,1764700,71.73999786376953,71.33000183105469,58.44794845581055
19-06-2013,70.41999816894531,71.22000122070312,1335400,71.37000274658203,70.41999816894531,57.70229721069336
20-06-2013,68.87999725341797,69.80000305175781,3253500,70.19000244140625,69.05999755859375,56.58792495727539
21-06-2013,68.37999725341797,69.69000244140625,3625000,69.81999969482422,68.43000030517578,56.071685791015625
24-06-2013,67.13999938964844,67.30000305175781,3606700,68.08999633789062,67.1500015258789,55.02284240722656
25-06-2013,67.54000091552734,67.69999694824219,1918000,68.01000213623047,67.81999969482422,55.57184982299805
26-06-2013,67.69999694824219,68.26000213623047,1974700,68.5199966430664,68.3499984741211,56.32171630859375
27-06-2013,68.70999908447266,68.94000244140625,2450400,69.83000183105469,69.79000091552734,57.508277893066406
28-06-2013,69.05000305175781,69.70999908447266,5405500,69.79000091552734,69.16999816894531,56.997398376464844
01-07-2013,69.30000305175781,69.80999755859375,2671800,70.16000366210938,69.55000305175781,57.31053924560547
02-07-2013,68.9000015258789,69.5199966430664,2211100,69.97000122070312,69.16999816894531,56.997398376464844
03-07-2013,68.16000366210938,68.69999694824219,1483400,69.12999725341797,68.7699966430664,56.66778564453125
05-07-2013,69.27999877929688,69.44999694824219,1031300,69.9800033569336,69.97000122070312,57.6566047668457
08-07-2013,70.20999908447266,70.37000274658203,2256300,70.83000183105469,70.73999786376953,58.291099548339844
09-07-2013,71.05999755859375,71.36000061035156,1677000,71.5,71.13999938964844,58.62073516845703
10-07-2013,70.5999984741211,70.98999786376953,1884900,71.29000091552734,71.19000244140625,58.661922454833984
11-07-2013,71.80999755859375,71.98999786376953,1445500,72.33999633789062,72.20999908447266,59.502418518066406
12-07-2013,71.55000305175781,72.18000030517578,1760900,72.18000030517578,71.87000274658203,59.22227096557617
15-07-2013,71.69999694824219,71.97000122070312,954800,72.12999725341797,72.05000305175781,59.370601654052734
16-07-2013,71.33000183105469,72.0999984741211,1618000,72.33000183105469,71.45999908447266,58.8844108581543
17-07-2013,71.37000274658203,71.83000183105469,852300,72.0199966430664,71.58999633789062,58.99153137207031
18-07-2013,70.80999755859375,71.9000015258789,1451800,72.80000305175781,72.69999694824219,59.90616989135742
19-07-2013,72.30000305175781,72.93000030517578,3090200,73.43000030517578,73.29000091552734,60.392391204833984
22-07-2013,73.36000061035156,73.51000213623047,1584200,74.06999969482422,73.66999816894531,60.70547103881836
23-07-2013,70.16999816894531,72.6500015258789,5093700,72.79000091552734,71.5999984741211,58.999755859375
24-07-2013,71.19999694824219,72.06999969482422,2556200,72.4800033569336,71.41000366210938,58.84321594238281
25-07-2013,71.06999969482422,71.20999908447266,1729300,72.30000305175781,72.26000213623047,59.54362487792969
26-07-2013,71.5,71.94999694824219,1091800,72.05000305175781,71.97000122070312,59.3046760559082
29-07-2013,71.54000091552734,71.91000366210938,1148200,72.23999786376953,71.62999725341797,59.02447509765625
30-07-2013,71.73999786376953,72.0199966430664,1146500,72.3499984741211,71.94999694824219,59.28818893432617
31-07-2013,71.98999786376953,72.13999938964844,1514200,72.79000091552734,72.04000091552734,59.362335205078125
01-08-2013,72.83000183105469,72.87999725341797,1508600,73.79000091552734,73.69000244140625,60.72196960449219
02-08-2013,72.81999969482422,73.2699966430664,3441600,75.38999938964844,74.25,61.18342971801758
05-08-2013,73.56999969482422,74.0,799800,74.0999984741211,73.73999786376953,60.76317596435547
06-08-2013,73.16000366210938,73.43000030517578,1241600,73.70999908447266,73.47000122070312,60.540687561035156
07-08-2013,72.97000122070312,73.19999694824219,1305600,73.75,73.54000091552734,60.598365783691406
08-08-2013,73.5,73.83999633789062,1010100,74.0999984741211,73.54000091552734,60.598365783691406
09-08-2013,72.81999969482422,73.0,1146700,73.56999969482422,73.30000305175781,60.400611877441406
12-08-2013,72.94000244140625,73.08999633789062,1112700,73.87000274658203,73.5199966430664,60.58189010620117
13-08-2013,73.16999816894531,73.58000183105469,820000,74.25,73.97000122070312,60.95270538330078
14-08-2013,73.5,73.83999633789062,850400,73.94999694824219,73.56999969482422,60.623085021972656
15-08-2013,72.41999816894531,72.94999694824219,1266600,73.0,72.5999984741211,59.823787689208984
16-08-2013,72.26000213623047,72.37000274658203,1710700,72.91999816894531,72.43000030517578,59.683712005615234
19-08-2013,72.0999984741211,72.38999938964844,1161100,72.6500015258789,72.16000366210938,59.46122360229492
20-08-2013,71.88999938964844,72.08999633789062,1442700,72.41000366210938,72.3499984741211,59.61779022216797
21-08-2013,71.91000366210938,71.91000366210938,1444200,72.54000091552734,72.0,59.32938003540039
22-08-2013,72.18000030517578,72.18000030517578,1186200,73.30999755859375,72.87999725341797,60.054508209228516
23-08-2013,72.69000244140625,73.01000213623047,1128000,73.44000244140625,73.27999877929688,60.384132385253906
26-08-2013,72.98999786376953,73.25,775700,73.70999908447266,72.98999786376953,60.14516830444336
27-08-2013,71.41000366210938,72.13999938964844,1452500,72.51000213623047,71.51000213623047,58.925628662109375
28-08-2013,71.18000030517578,71.27999877929688,1280000,71.87999725341797,71.5999984741211,58.999755859375
29-08-2013,71.1500015258789,71.41000366210938,1185000,72.26000213623047,71.76000213623047,59.13162612915039
30-08-2013,71.23999786376953,71.91999816894531,1444900,71.91999816894531,71.47000122070312,58.89265060424805
03-09-2013,71.06999969482422,72.18000030517578,1877400,72.5999984741211,71.48999786376953,58.90912628173828
04-09-2013,71.51000213623047,71.55999755859375,1349200,73.02999877929688,72.81999969482422,60.00507736206055
05-09-2013,72.30000305175781,72.73999786376953,1361500,73.37999725341797,72.56999969482422,59.799068450927734
06-09-2013,71.97000122070312,72.76000213623047,1303400,73.43000030517578,72.87999725341797,60.054508209228516
09-09-2013,72.98999786376953,73.16999816894531,1554800,73.83000183105469,73.55999755859375,60.614837646484375
10-09-2013,73.76000213623047,73.94000244140625,1536100,74.62000274658203,74.43000030517578,61.331756591796875
11-09-2013,74.0,74.41000366210938,1252700,74.58999633789062,74.31999969482422,61.241127014160156
12-09-2013,73.80999755859375,74.36000061035156,1510400,74.86000061035156,73.94000244140625,60.92796325683594
13-09-2013,73.66000366210938,74.0199966430664,1150300,74.52999877929688,74.37000274658203,61.28228759765625
16-09-2013,75.01000213623047,75.18000030517578,1544200,75.55999755859375,75.0999984741211,61.883846282958984
17-09-2013,74.80000305175781,75.0,1452800,75.48999786376953,75.48999786376953,62.205204010009766
18-09-2013,75.20999908447266,75.58999633789062,1862700,76.30000305175781,76.1500015258789,62.74906539916992
19-09-2013,76.05999755859375,76.37999725341797,1514500,76.63999938964844,76.33000183105469,62.897369384765625
20-09-2013,76.27999877929688,76.36000061035156,2770000,77.04000091552734,76.48999786376953,63.02920913696289
23-09-2013,75.58000183105469,76.16000366210938,1516100,76.4800033569336,76.2300033569336,62.81498718261719
24-09-2013,76.33000183105469,76.38999938964844,3670700,78.55999755859375,78.0,64.27350616455078
25-09-2013,77.22000122070312,77.9000015258789,2484500,77.98999786376953,77.23999786376953,63.64722442626953
26-09-2013,76.54000091552734,77.12000274658203,1914800,77.44999694824219,77.27999877929688,64.02837371826172
27-09-2013,76.43000030517578,76.69000244140625,1505700,76.91000366210938,76.7300033569336,63.57268142700195
30-09-2013,76.04000091552734,76.08000183105469,1863700,76.5999984741211,76.2699966430664,63.19153594970703
01-10-2013,76.08000183105469,76.38999938964844,1863100,76.80999755859375,76.41000366210938,63.30754852294922
02-10-2013,74.9800033569336,75.77999877929688,1993200,76.0999984741211,75.54000091552734,62.586727142333984
03-10-2013,74.4800033569336,75.30999755859375,1888300,75.69000244140625,74.91000366210938,62.06476593017578
04-10-2013,74.73999786376953,74.80999755859375,1346700,75.58000183105469,75.33999633789062,62.421024322509766
07-10-2013,74.54000091552734,74.62999725341797,1229300,75.3499984741211,74.88999938964844,62.048194885253906
08-10-2013,74.04000091552734,75.08999633789062,1904200,75.30999755859375,74.05999755859375,61.360511779785156
09-10-2013,73.5999984741211,74.19999694824219,1452600,74.56999969482422,74.2300033569336,61.50135803222656
10-10-2013,74.8499984741211,74.94999694824219,2076400,76.58000183105469,76.5199966430664,63.398677825927734
11-10-2013,76.26000213623047,76.33000183105469,1516400,77.2699966430664,76.93000030517578,63.73836135864258
14-10-2013,76.30000305175781,76.41999816894531,881400,77.36000061035156,77.25,64.00352478027344
15-10-2013,75.69000244140625,76.83999633789062,2734500,77.2300033569336,75.76000213623047,62.76900100708008
16-10-2013,75.44999694824219,75.81999969482422,2428000,76.61000061035156,75.9000015258789,62.885005950927734
17-10-2013,75.52999877929688,75.7300033569336,1452500,76.91999816894531,76.86000061035156,63.68040466308594
18-10-2013,77.1500015258789,77.29000091552734,1717600,77.83000183105469,77.41999816894531,64.14435577392578
21-10-2013,76.87000274658203,77.36000061035156,1783400,77.55999755859375,77.55999755859375,64.26034545898438
22-10-2013,77.4000015258789,77.9000015258789,2283100,78.55000305175781,78.04000091552734,64.65804290771484
23-10-2013,77.7699966430664,77.8499984741211,2210900,78.69999694824219,78.47000122070312,65.01429748535156
24-10-2013,78.25,78.94000244140625,2289600,79.5,78.51000213623047,65.04745483398438
25-10-2013,77.69999694824219,78.62000274658203,3112700,78.62000274658203,78.55000305175781,65.08061218261719
28-10-2013,78.19999694824219,78.4000015258789,1533300,78.69000244140625,78.44999694824219,64.99772644042969
29-10-2013,78.54000091552734,78.73999786376953,1513600,79.5199966430664,79.23999786376953,65.65226745605469
30-10-2013,78.33999633789062,79.33999633789062,1434900,79.37999725341797,78.45999908447266,65.00601196289062
31-10-2013,78.30000305175781,78.5199966430664,1901900,79.36000061035156,78.79000091552734,65.27945709228516
01-11-2013,78.51000213623047,79.05000305175781,1442000,79.3499984741211,78.9800033569336,65.43684387207031
04-11-2013,79.0199966430664,79.25,1317300,79.29000091552734,79.22000122070312,65.63570404052734
05-11-2013,78.51000213623047,78.94000244140625,1422100,79.33000183105469,79.1500015258789,65.57771301269531
06-11-2013,79.16000366210938,79.68000030517578,1444300,79.68000030517578,79.25,65.66056823730469
07-11-2013,78.30000305175781,78.80999755859375,1727100,79.27999877929688,78.36000061035156,64.92317199707031
08-11-2013,78.22000122070312,78.36000061035156,1903600,79.27999877929688,79.08000183105469,65.51971435546875
11-11-2013,79.01000213623047,79.08999633789062,991100,79.36000061035156,79.08999633789062,65.52799224853516
12-11-2013,78.63999938964844,79.05999755859375,1312400,79.2699966430664,78.83000183105469,65.31256866455078
13-11-2013,78.38999938964844,78.5199966430664,1962400,79.33000183105469,79.25,65.66056823730469
14-11-2013,79.19999694824219,79.5,2103400,79.77999877929688,79.55000305175781,65.9090805053711
15-11-2013,79.58000183105469,79.80999755859375,2535700,79.91999816894531,79.6500015258789,65.9919662475586
18-11-2013,79.25,79.95999908447266,1571100,79.97000122070312,79.44999694824219,65.82622528076172
19-11-2013,79.02999877929688,79.3499984741211,1566600,79.69999694824219,79.16999816894531,65.59429168701172
20-11-2013,78.55000305175781,79.5199966430664,1486400,79.52999877929688,78.63999938964844,65.1551513671875
21-11-2013,78.73999786376953,78.79000091552734,1597800,79.41999816894531,79.16999816894531,65.59429168701172
22-11-2013,78.91999816894531,79.08999633789062,1717000,79.52999877929688,79.5,65.86768341064453
25-11-2013,79.19000244140625,79.61000061035156,1113300,79.83999633789062,79.23999786376953,65.65226745605469
26-11-2013,79.16000366210938,79.30000305175781,1556000,79.54000091552734,79.27999877929688,65.68541717529297
27-11-2013,79.23999786376953,79.54000091552734,1184600,79.68000030517578,79.5,65.86768341064453
29-11-2013,79.47000122070312,79.47000122070312,792200,79.83999633789062,79.58000183105469,65.93396759033203
02-12-2013,79.0199966430664,79.4000015258789,1899800,79.80000305175781,79.08000183105469,65.51971435546875
03-12-2013,77.95999908447266,78.54000091552734,2418900,78.9800033569336,78.20999908447266,64.79888153076172
04-12-2013,77.30000305175781,77.87000274658203,2096700,78.5,78.12000274658203,64.72431945800781
05-12-2013,77.79000091552734,77.91999816894531,2277700,79.2300033569336,78.91000366210938,65.37885284423828
06-12-2013,79.45999908447266,79.48999786376953,2565300,80.62000274658203,80.48999786376953,66.68792724609375
09-12-2013,79.80000305175781,80.45999908447266,2057700,80.66999816894531,79.83999633789062,66.14939880371094
10-12-2013,79.66999816894531,79.7699966430664,1741100,80.5999984741211,79.86000061035156,66.16596984863281
11-12-2013,78.58000183105469,79.93000030517578,1895500,79.98999786376953,78.69999694824219,65.20486450195312
12-12-2013,78.23999786376953,78.61000061035156,2056800,78.83999633789062,78.43000030517578,64.98117065429688
13-12-2013,78.45999908447266,78.5999984741211,1505200,79.37000274658203,78.94999694824219,65.41197204589844
16-12-2013,79.0999984741211,79.22000122070312,1893400,80.48999786376953,79.98999786376953,66.27366638183594
17-12-2013,79.83999633789062,79.95999908447266,1931100,80.3499984741211,79.95999908447266,66.24881744384766
18-12-2013,79.18000030517578,80.11000061035156,2231300,81.22000122070312,81.19000244140625,67.26789855957031
19-12-2013,80.87000274658203,81.08999633789062,2230800,82.1500015258789,81.81999969482422,67.78985595703125
20-12-2013,81.72000122070312,81.97000122070312,3449600,82.58000183105469,81.87000274658203,67.831298828125
23-12-2013,82.27999877929688,82.41999816894531,1189400,82.76000213623047,82.69999694824219,68.51896667480469
24-12-2013,82.55999755859375,82.66000366210938,828100,83.61000061035156,83.33999633789062,69.04922485351562
26-12-2013,83.4000015258789,83.55999755859375,1046000,83.83999633789062,83.70999908447266,69.35575103759766
27-12-2013,83.5,83.5,999000,83.94999694824219,83.58999633789062,69.60560607910156
30-12-2013,83.27999877929688,83.45999908447266,1215600,83.55999755859375,83.44000244140625,69.48068237304688
31-12-2013,83.75,83.75,1252600,84.31999969482422,84.08000183105469,70.01362609863281
02-01-2014,83.06999969482422,83.97000122070312,1390800,84.0999984741211,83.19000244140625,69.27250671386719
03-01-2014,83.1500015258789,83.20999908447266,1393300,84.12000274658203,83.73999786376953,69.7304916381836
06-01-2014,82.54000091552734,83.88999938964844,2225700,84.02999877929688,82.70999908447266,68.87281799316406
07-01-2014,82.47000122070312,82.77999877929688,2856500,83.05000305175781,82.5999984741211,68.78119659423828
08-01-2014,81.94999694824219,82.70999908447266,2308500,82.7699966430664,82.05999755859375,68.33154296875
09-01-2014,81.93000030517578,82.33999633789062,1783300,82.87000274658203,82.08000183105469,68.34822082519531
10-01-2014,81.88999938964844,82.33999633789062,1795700,82.54000091552734,82.47000122070312,68.6729736328125
13-01-2014,80.97000122070312,81.98999786376953,2199800,82.48999786376953,81.11000061035156,67.54047393798828
14-01-2014,81.12000274658203,81.4000015258789,1761900,82.2300033569336,82.2300033569336,68.47311401367188
15-01-2014,82.29000091552734,82.33999633789062,2223300,82.7699966430664,82.51000213623047,68.70626068115234
16-01-2014,82.33999633789062,82.4800033569336,1154800,83.08000183105469,82.83999633789062,68.9810562133789
17-01-2014,82.58000183105469,82.75,1931600,83.02999877929688,82.66000366210938,68.8311767578125
21-01-2014,82.52999877929688,83.08000183105469,1499700,83.33000183105469,83.02999877929688,69.13928985595703
22-01-2014,82.66999816894531,83.04000091552734,1173900,83.08000183105469,82.87000274658203,69.00604248046875
23-01-2014,81.12999725341797,82.23999786376953,1448300,82.23999786376953,81.54000091552734,67.89852905273438
24-01-2014,79.20999908447266,80.66000366210938,2112900,81.02999877929688,79.20999908447266,65.95835876464844
27-01-2014,78.11000061035156,79.41000366210938,3004300,79.83000183105469,78.29000091552734,65.19229125976562
28-01-2014,78.0199966430664,79.68000030517578,5558600,80.18000030517578,79.01000213623047,65.79180145263672
29-01-2014,77.98999786376953,79.87999725341797,3482300,80.13999938964844,78.31999969482422,65.21724700927734
30-01-2014,78.76000213623047,79.0199966430664,2143300,79.41999816894531,79.29000091552734,66.02497863769531
31-01-2014,77.94999694824219,78.30999755859375,2660000,79.62000274658203,78.87000274658203,65.67523956298828
03-02-2014,76.75,78.88999938964844,2426500,79.3499984741211,76.77999877929688,63.93489456176758
04-02-2014,76.25,76.94000244140625,2112500,77.61000061035156,77.43000030517578,64.47615051269531
05-02-2014,76.83999633789062,77.0999984741211,3507500,78.61000061035156,77.58999633789062,64.60936737060547
06-02-2014,77.80000305175781,77.83000183105469,2701800,78.62000274658203,78.12000274658203,65.05072021484375
07-02-2014,78.4800033569336,78.76000213623047,2448800,79.79000091552734,79.68000030517578,66.34972381591797
10-02-2014,78.61000061035156,79.43000030517578,2485000,79.61000061035156,78.80000305175781,65.61695861816406
11-02-2014,78.66000366210938,78.81999969482422,4726500,79.16000366210938,78.7699966430664,65.5919418334961
12-02-2014,78.61000061035156,78.76000213623047,4856000,79.16000366210938,78.79000091552734,65.60862731933594
13-02-2014,77.94999694824219,78.31999969482422,6027000,78.47000122070312,78.18000030517578,65.10069274902344
14-02-2014,78.0199966430664,78.0199966430664,6466500,78.79000091552734,78.58999633789062,65.44207000732422
18-02-2014,78.58000183105469,78.72000122070312,2575500,79.98999786376953,79.91999816894531,66.5495834350586
19-02-2014,79.38999938964844,79.62999725341797,2139600,80.33999633789062,79.41000366210938,66.12488555908203
20-02-2014,79.45999908447266,79.55000305175781,1919500,80.91999816894531,80.76000213623047,67.24903106689453
21-02-2014,80.7300033569336,80.91000366210938,2399900,81.7699966430664,81.4800033569336,67.84859466552734
24-02-2014,81.69999694824219,81.91999816894531,2257900,82.7300033569336,81.73999786376953,68.0650863647461
25-02-2014,81.48999786376953,81.63999938964844,2099800,82.41999816894531,81.86000061035156,68.1650161743164
26-02-2014,81.86000061035156,81.94999694824219,2156300,82.63999938964844,82.44999694824219,68.65631103515625
27-02-2014,81.9800033569336,82.26000213623047,2180300,82.6500015258789,82.2300033569336,68.47311401367188
28-02-2014,82.13999938964844,82.30999755859375,2330500,83.22000122070312,82.5,68.69792938232422
03-03-2014,81.30000305175781,81.61000061035156,1786700,82.23999786376953,81.83999633789062,68.14835357666016
04-03-2014,82.55000305175781,82.69000244140625,1840500,83.22000122070312,82.58000183105469,68.76455688476562
05-03-2014,82.12999725341797,82.61000061035156,1448400,82.76000213623047,82.37999725341797,68.59801483154297
06-03-2014,82.31999969482422,82.58999633789062,1845700,82.80000305175781,82.37000274658203,68.58969116210938
07-03-2014,82.27999877929688,82.7699966430664,1658700,82.9800033569336,82.77999877929688,68.93110656738281
10-03-2014,81.7300033569336,82.43000030517578,1391000,82.48999786376953,82.2699966430664,68.50641632080078
11-03-2014,81.9000015258789,82.41999816894531,2306600,83.06999969482422,81.97000122070312,68.25662231445312
12-03-2014,81.44999694824219,81.55999755859375,2823300,82.16999816894531,82.0999984741211,68.3648681640625
13-03-2014,80.94000244140625,82.30000305175781,2870900,82.5999984741211,81.08000183105469,67.5155029296875
14-03-2014,80.22000122070312,80.77999877929688,3558100,81.41999816894531,80.29000091552734,66.8576889038086
17-03-2014,80.76000213623047,80.77999877929688,2358200,82.05999755859375,81.77999877929688,68.09838104248047
18-03-2014,81.62999725341797,81.93000030517578,1763000,82.1500015258789,81.76000213623047,68.08171844482422
19-03-2014,80.12000274658203,81.62000274658203,2665400,81.68000030517578,80.66999816894531,67.1740951538086
20-03-2014,80.08000183105469,80.5,2275200,80.70999908447266,80.66999816894531,67.1740951538086
21-03-2014,80.62000274658203,80.7699966430664,5376600,81.43000030517578,80.76000213623047,67.24903106689453
24-03-2014,79.9800033569336,81.06999969482422,1857600,81.36000061035156,80.13999938964844,66.7327651977539
25-03-2014,80.55999755859375,80.70999908447266,2182500,81.41000366210938,81.22000122070312,67.632080078125
26-03-2014,80.66999816894531,81.52999877929688,1981100,81.75,80.66999816894531,67.1740951538086
27-03-2014,79.47000122070312,80.54000091552734,1536600,80.54000091552734,79.83999633789062,66.83092498779297
28-03-2014,79.87999725341797,80.08999633789062,1267500,81.22000122070312,80.76000213623047,67.60099029541016
31-03-2014,81.0,81.0999984741211,2264600,81.81999969482422,81.33000183105469,68.07813262939453
01-04-2014,81.47000122070312,81.5,2223100,82.23999786376953,82.19999694824219,68.80635833740234
02-04-2014,82.08000183105469,82.08999633789062,2430100,83.38999938964844,83.1500015258789,69.6015853881836
03-04-2014,82.95999908447266,83.44999694824219,2400200,83.91000366210938,83.62000274658203,69.99498748779297
04-04-2014,83.26000213623047,84.0,3158100,85.13999938964844,83.56999969482422,69.95314025878906
07-04-2014,81.83999633789062,83.36000061035156,1753200,83.37999725341797,82.08999633789062,68.71428680419922
08-04-2014,81.4800033569336,81.98999786376953,1874700,82.66999816894531,82.26000213623047,68.85657501220703
09-04-2014,82.47000122070312,82.4800033569336,2018900,83.4800033569336,83.3499984741211,69.76895904541016
10-04-2014,81.77999877929688,83.26000213623047,1926000,83.58999633789062,81.9800033569336,68.6222152709961
11-04-2014,80.97000122070312,81.33999633789062,2017300,82.0199966430664,81.2699966430664,68.02790069580078
14-04-2014,80.91000366210938,82.12000274658203,1428100,82.4000015258789,81.63999938964844,68.33759307861328
15-04-2014,80.80000305175781,81.66000366210938,1786900,82.2300033569336,82.16000366210938,68.77289581298828
16-04-2014,82.52999877929688,82.83000183105469,1804100,83.75,83.3499984741211,69.76895904541016
17-04-2014,83.33999633789062,83.52999877929688,2654100,84.4800033569336,84.20999908447266,70.48884582519531
21-04-2014,83.5999984741211,84.36000061035156,2395000,84.5999984741211,84.5999984741211,70.81532287597656
22-04-2014,85.04000091552734,85.9800033569336,3527500,86.45999908447266,85.11000061035156,71.24221801757812
23-04-2014,85.23999786376953,85.38999938964844,2154100,85.87000274658203,85.4000015258789,71.48495483398438
24-04-2014,85.16000366210938,85.66000366210938,1871100,85.80000305175781,85.61000061035156,71.66072845458984
25-04-2014,84.19000244140625,85.1500015258789,2175000,85.43000030517578,84.47000122070312,70.70651245117188
28-04-2014,83.56999969482422,84.91000366210938,1898900,85.0999984741211,84.4800033569336,70.71487426757812
29-04-2014,84.16999816894531,84.87000274658203,1504800,84.97000122070312,84.7699966430664,70.95759582519531
30-04-2014,84.33999633789062,84.6500015258789,1681600,85.36000061035156,85.2300033569336,71.34265899658203
01-05-2014,84.81999969482422,85.1500015258789,1713800,85.73999786376953,85.27999877929688,71.38451385498047
02-05-2014,85.04000091552734,85.12999725341797,1612000,85.80000305175781,85.43000030517578,71.51005554199219
05-05-2014,84.58999633789062,85.02999877929688,1373500,85.73999786376953,85.55000305175781,71.61052703857422
06-05-2014,85.16999816894531,85.4800033569336,1369100,85.87000274658203,85.33999633789062,71.43473052978516
07-05-2014,84.93000030517578,85.44000244140625,1501600,86.22000122070312,86.12000274658203,72.08763122558594
08-05-2014,85.87999725341797,85.87999725341797,1236400,86.83999633789062,86.12000274658203,72.08763122558594
09-05-2014,85.4000015258789,85.94999694824219,1277700,86.3499984741211,86.2300033569336,72.17970275878906
12-05-2014,86.58999633789062,86.58999633789062,1395500,87.5,87.16999816894531,72.9665298461914
13-05-2014,86.77999877929688,87.56999969482422,2996000,88.0,86.9000015258789,72.74052429199219
14-05-2014,86.16999816894531,87.04000091552734,1929500,87.04000091552734,86.2300033569336,72.17970275878906
15-05-2014,84.81999969482422,85.77999877929688,2327900,86.0999984741211,85.95999908447266,71.9537124633789
16-05-2014,85.30000305175781,85.7699966430664,2230400,85.93000030517578,85.62999725341797,71.67748260498047
19-05-2014,85.2699966430664,85.3499984741211,1313300,86.44000244140625,86.05999755859375,72.03740692138672
20-05-2014,85.0,85.93000030517578,1733300,86.08000183105469,85.33000183105469,71.42635345458984
21-05-2014,85.25,85.58999633789062,1178400,86.02999877929688,85.70999908447266,71.74443817138672
22-05-2014,85.38999938964844,85.94999694824219,1345100,86.26000213623047,85.86000061035156,71.87002563476562
23-05-2014,85.75,85.80000305175781,986000,86.54000091552734,86.4000015258789,72.32201385498047
27-05-2014,86.52999877929688,86.58999633789062,1228900,87.0999984741211,86.72000122070312,72.58988952636719
28-05-2014,86.48999786376953,86.80000305175781,1408600,87.25,86.5199966430664,72.42243194580078
29-05-2014,86.3499984741211,86.72000122070312,1271600,86.94000244140625,86.75,72.6149673461914
30-05-2014,86.43000030517578,86.5,2216500,86.77999877929688,86.55000305175781,72.44757843017578
02-06-2014,86.29000091552734,86.55000305175781,1780900,87.25,86.94999694824219,72.78240966796875
03-06-2014,86.61000061035156,86.68000030517578,1611200,87.19999694824219,86.83000183105469,72.68196868896484
04-06-2014,86.41999816894531,86.62000274658203,1003800,87.20999908447266,87.12000274658203,72.92471313476562
05-06-2014,87.05000305175781,87.19999694824219,1986100,87.87000274658203,87.66999816894531,73.38510131835938
06-06-2014,87.77999877929688,87.81999969482422,1669500,88.86000061035156,88.48999786376953,74.07147979736328
09-06-2014,88.33999633789062,88.48999786376953,1361800,89.48999786376953,89.04000091552734,74.5318603515625
10-06-2014,88.52999877929688,88.73999786376953,1447900,89.0999984741211,88.9000015258789,74.4146728515625
11-06-2014,88.4000015258789,88.69000244140625,1102500,88.93000030517578,88.69000244140625,74.23890686035156
12-06-2014,87.61000061035156,88.4000015258789,1475200,88.41000366210938,87.80999755859375,73.50226593017578
13-06-2014,87.69000244140625,87.8499984741211,1213700,88.62999725341797,88.18000030517578,73.81200408935547
16-06-2014,87.19000244140625,87.97000122070312,2315200,88.19999694824219,87.58999633789062,73.31812286376953
17-06-2014,87.25,87.37999725341797,1412800,88.33000183105469,87.97000122070312,73.63619995117188
18-06-2014,87.61000061035156,88.16999816894531,1309000,88.55000305175781,88.41000366210938,74.00450897216797
19-06-2014,88.2699966430664,88.5,1719400,88.94999694824219,88.87999725341797,74.39790344238281
20-06-2014,88.86000061035156,89.05000305175781,3819100,89.5,89.37999725341797,74.81647491455078
23-06-2014,88.18000030517578,89.2300033569336,1815200,89.29000091552734,88.69999694824219,74.24726867675781
24-06-2014,88.18000030517578,88.41000366210938,1678800,89.0999984741211,88.2300033569336,73.85383605957031
25-06-2014,88.0199966430664,88.1500015258789,1292900,88.9000015258789,88.62000274658203,74.1802978515625
26-06-2014,87.30999755859375,88.05000305175781,1397800,88.19999694824219,87.94999694824219,73.97001647949219
27-06-2014,87.4000015258789,87.5999984741211,3046600,88.72000122070312,88.55000305175781,74.47466278076172
30-06-2014,87.45999908447266,88.33999633789062,2121600,88.45999908447266,87.55999755859375,73.64203643798828
01-07-2014,86.98999786376953,87.95999908447266,2679400,88.0,87.37000274658203,73.48223114013672
02-07-2014,87.1500015258789,87.31999969482422,1446700,87.7699966430664,87.20999908447266,73.34764099121094
03-07-2014,87.51000213623047,87.72000122070312,864400,87.97000122070312,87.69999694824219,73.75977325439453
07-07-2014,87.19999694824219,87.75,1352900,87.83999633789062,87.44000244140625,73.54109954833984
08-07-2014,86.7699966430664,87.41999816894531,1732400,87.41999816894531,86.83000183105469,73.02806091308594
09-07-2014,86.63999938964844,87.12999725341797,1465500,87.45999908447266,86.73999786376953,72.95233917236328
10-07-2014,85.48999786376953,85.95999908447266,1587900,86.25,85.6500015258789,72.0356216430664
11-07-2014,85.47000122070312,85.63999938964844,1238800,86.1500015258789,85.9000015258789,72.24588012695312
14-07-2014,86.02999877929688,86.4000015258789,1549100,86.69999694824219,86.19000244140625,72.48978424072266
15-07-2014,86.01000213623047,86.44999694824219,1527000,86.86000061035156,86.31999969482422,72.59912872314453
16-07-2014,86.05000305175781,86.51000213623047,1758000,86.68000030517578,86.29000091552734,72.57390594482422
17-07-2014,84.70999908447266,85.7699966430664,1936900,85.7699966430664,84.73999786376953,71.27027130126953
18-07-2014,84.83999633789062,84.9800033569336,1737900,85.5,85.19999694824219,71.65717315673828
21-07-2014,84.9000015258789,85.2300033569336,1670100,85.79000091552734,85.5199966430664,71.92630767822266
22-07-2014,85.70999908447266,85.98999786376953,1382000,86.26000213623047,85.77999877929688,72.14496612548828
23-07-2014,85.51000213623047,85.87999725341797,1708900,86.11000061035156,85.58000183105469,71.97674560546875
24-07-2014,85.29000091552734,85.62000274658203,2052200,86.02999877929688,85.38999938964844,71.81695556640625
25-07-2014,85.0199966430664,85.08000183105469,1059200,85.44000244140625,85.16000366210938,71.6235122680664
28-07-2014,84.30999755859375,85.23999786376953,2296900,85.23999786376953,84.75,71.2786865234375
29-07-2014,83.44999694824219,84.4800033569336,3379400,84.72000122070312,83.5,70.22738647460938
30-07-2014,83.62999725341797,83.95999908447266,2970900,84.33000183105469,84.08999633789062,70.72358703613281
31-07-2014,82.3499984741211,83.93000030517578,2776900,84.01000213623047,82.37000274658203,69.27699279785156
01-08-2014,81.72000122070312,81.9800033569336,2781900,82.5,82.05999755859375,69.0162582397461
04-08-2014,81.87000274658203,82.02999877929688,1816200,83.01000213623047,82.83000183105469,69.66388702392578
05-08-2014,82.31999969482422,82.36000061035156,2739500,83.3499984741211,82.72000122070312,69.57135009765625
06-08-2014,81.86000061035156,82.19999694824219,2122900,82.91999816894531,82.77999877929688,69.62184143066406
07-08-2014,82.94999694824219,83.29000091552734,1790200,84.08000183105469,83.04000091552734,69.84049224853516
08-08-2014,82.98999786376953,83.22000122070312,1855300,84.66000366210938,84.5999984741211,71.15253448486328
11-08-2014,84.48999786376953,84.81999969482422,1303600,85.20999908447266,84.68000030517578,71.21981048583984
12-08-2014,84.23999786376953,84.62000274658203,1385200,85.33999633789062,84.9800033569336,71.47211456298828
13-08-2014,85.38999938964844,85.38999938964844,1377100,86.26000213623047,86.0,72.32998657226562
14-08-2014,85.94000244140625,86.16999816894531,1537400,86.80999755859375,86.7300033569336,72.94396209716797
15-08-2014,86.36000061035156,87.19999694824219,2805000,87.4000015258789,87.0199966430664,73.1878662109375
18-08-2014,87.33999633789062,87.4000015258789,2021400,88.20999908447266,87.97000122070312,73.98685455322266
19-08-2014,88.0,88.16999816894531,1916600,88.80000305175781,88.4800033569336,74.41577911376953
20-08-2014,88.30999755859375,88.5,1572800,89.37000274658203,89.13999938964844,74.97087860107422
21-08-2014,88.54000091552734,89.2699966430664,1266800,89.44000244140625,89.05999755859375,74.90359497070312
22-08-2014,88.22000122070312,88.8499984741211,1460700,89.20999908447266,88.5,74.43260955810547
25-08-2014,88.62999725341797,89.11000061035156,1105200,89.16999816894531,88.81999969482422,74.70174407958984
26-08-2014,88.4000015258789,89.04000091552734,995300,89.2300033569336,88.41000366210938,74.35692596435547
27-08-2014,88.27999877929688,88.27999877929688,1032600,88.77999877929688,88.4800033569336,74.41577911376953
28-08-2014,87.51000213623047,88.05000305175781,899300,88.25,88.02999877929688,74.0373306274414
29-08-2014,87.80000305175781,88.26000213623047,1251800,88.43000030517578,88.20999908447266,74.18870544433594
02-09-2014,87.88999938964844,88.27999877929688,1646300,88.61000061035156,88.37000274658203,74.32328033447266
03-09-2014,88.0199966430664,88.66000366210938,1178500,88.98999786376953,88.12000274658203,74.1130142211914
04-09-2014,88.08000183105469,88.16999816894531,1863100,89.43000030517578,88.29000091552734,74.25598907470703
05-09-2014,87.47000122070312,88.08999633789062,1859200,88.30999755859375,88.29000091552734,74.25598907470703
08-09-2014,87.66999816894531,88.12000274658203,1645400,88.31999969482422,88.0,74.0120620727539
09-09-2014,87.62000274658203,87.94999694824219,1526400,88.25,87.79000091552734,73.83545684814453
10-09-2014,87.43000030517578,88.08999633789062,2277400,88.2699966430664,88.12999725341797,74.12142181396484
11-09-2014,87.70999908447266,87.80000305175781,1818500,88.63999938964844,88.55999755859375,74.48307800292969
12-09-2014,87.95999908447266,88.33999633789062,1877500,88.80000305175781,88.26000213623047,74.23075866699219
15-09-2014,87.62999725341797,88.02999877929688,1125700,88.58000183105469,88.30000305175781,74.26439666748047
16-09-2014,87.94000244140625,88.18000030517578,1476100,89.05999755859375,88.69999694824219,74.60082244873047
17-09-2014,88.2300033569336,88.86000061035156,1839800,89.16999816894531,88.62999725341797,74.54192352294922
18-09-2014,88.58000183105469,89.01000213623047,1590400,89.11000061035156,88.93000030517578,74.79424285888672
19-09-2014,88.20999908447266,89.38999938964844,4549000,89.58000183105469,88.62000274658203,74.5335464477539
22-09-2014,87.63999938964844,88.58999633789062,1231900,88.62999725341797,87.77999877929688,73.82706451416016
23-09-2014,86.69000244140625,87.41999816894531,2644800,87.62999725341797,86.7300033569336,72.94396209716797
24-09-2014,86.11000061035156,86.7300033569336,3133100,86.80000305175781,86.52999877929688,72.77574920654297
25-09-2014,84.95999908447266,86.4000015258789,1986100,86.4000015258789,84.95999908447266,71.45529174804688
26-09-2014,84.33999633789062,84.3499984741211,1549500,85.83999633789062,85.61000061035156,72.41537475585938
29-09-2014,84.77999877929688,84.9800033569336,1536500,85.61000061035156,85.27999877929688,72.13622283935547
30-09-2014,84.22000122070312,85.25,1952900,85.62000274658203,84.41999816894531,71.4087905883789
01-10-2014,82.9000015258789,84.27999877929688,2184000,84.37000274658203,83.11000061035156,70.3006820678711
02-10-2014,82.66000366210938,83.12000274658203,1460500,83.4800033569336,83.05999755859375,70.25838470458984
03-10-2014,83.2699966430664,83.44000244140625,1527000,83.83999633789062,83.62999725341797,70.74054718017578
06-10-2014,83.2300033569336,83.80999755859375,1288700,84.02999877929688,83.58999633789062,70.70671081542969
07-10-2014,81.66999816894531,83.0,1688700,83.0199966430664,81.72000122070312,69.12492370605469
08-10-2014,81.36000061035156,81.80000305175781,1771600,83.55999755859375,83.51000213623047,70.63903045654297
09-10-2014,81.56999969482422,83.30000305175781,1860200,83.38999938964844,81.68000030517578,69.09105682373047
10-10-2014,80.2699966430664,81.33000183105469,2696100,81.61000061035156,80.79000091552734,68.33826446533203
13-10-2014,79.13999938964844,80.79000091552734,2022500,81.0199966430664,79.19000244140625,66.98484802246094
14-10-2014,79.66000366210938,79.8499984741211,2255400,81.51000213623047,80.52999877929688,68.11832427978516
15-10-2014,79.05999755859375,79.93000030517578,2806900,81.30999755859375,80.94000244140625,68.46515655517578
16-10-2014,79.98999786376953,80.0999984741211,3936000,83.41999816894531,83.06999969482422,70.26683807373047
17-10-2014,82.91000366210938,83.87999725341797,3697600,84.56999969482422,83.38999938964844,70.53751373291016
20-10-2014,82.87999725341797,83.26000213623047,2029400,83.87000274658203,83.41000366210938,70.55443572998047
21-10-2014,84.91000366210938,85.80000305175781,2634300,86.87000274658203,86.5999984741211,73.25279235839844
22-10-2014,86.05999755859375,86.69999694824219,2862700,87.44999694824219,86.08999633789062,72.82136535644531
23-10-2014,87.0999984741211,87.0999984741211,1754100,87.86000061035156,87.33999633789062,73.87873840332031
24-10-2014,87.18000030517578,87.36000061035156,1355400,88.11000061035156,87.9800033569336,74.42010498046875
27-10-2014,87.55000305175781,87.86000061035156,1437000,88.5999984741211,88.41000366210938,74.78382873535156
28-10-2014,88.95999908447266,88.95999908447266,1458700,89.86000061035156,89.83999633789062,75.993408203125
29-10-2014,88.93000030517578,89.80000305175781,2641000,90.12999725341797,89.54000091552734,75.73965454101562
30-10-2014,88.79000091552734,89.37999725341797,1966900,90.16000366210938,90.0199966430664,76.14569091796875
31-10-2014,90.41000366210938,91.06999969482422,2256600,91.38999938964844,91.05000305175781,77.01692962646484
03-11-2014,90.43000030517578,90.95999908447266,2129100,91.33000183105469,90.9000015258789,76.8900375366211
04-11-2014,90.55999755859375,90.75,2377500,91.23999786376953,90.9000015258789,76.8900375366211
05-11-2014,91.05999755859375,91.37000274658203,1332400,91.8499984741211,91.72000122070312,77.58367156982422
06-11-2014,91.66000366210938,92.0,1322200,93.04000091552734,92.95999908447266,78.63255310058594
07-11-2014,92.44000244140625,92.9800033569336,1545700,93.16000366210938,92.80999755859375,78.50566864013672
10-11-2014,92.68000030517578,92.7300033569336,1775000,93.4000015258789,93.06999969482422,78.72561645507812
11-11-2014,92.70999908447266,93.06999969482422,1789400,93.5,93.0,78.66638946533203
12-11-2014,92.76000213623047,92.77999877929688,1276400,93.43000030517578,93.2300033569336,78.86092376708984
13-11-2014,92.51000213623047,93.19999694824219,2169600,93.41999816894531,92.66000366210938,78.37879943847656
14-11-2014,92.58999633789062,92.58999633789062,2346900,93.77999877929688,93.77999877929688,79.326171875
17-11-2014,93.22000122070312,93.56999969482422,1776200,94.04000091552734,93.9800033569336,79.49534606933594
18-11-2014,93.94999694824219,94.0199966430664,1663700,94.95999908447266,94.70999908447266,80.11280059814453
19-11-2014,94.05999755859375,94.51000213623047,1513800,94.66000366210938,94.6500015258789,80.06208038330078
20-11-2014,93.87999725341797,94.04000091552734,1734300,95.11000061035156,95.08000183105469,80.4258041381836
21-11-2014,95.79000091552734,96.23999786376953,1624700,96.54000091552734,95.9000015258789,81.11944580078125
24-11-2014,95.76000213623047,96.02999877929688,1040700,96.33000183105469,96.08999633789062,81.28014373779297
25-11-2014,95.45999908447266,96.01000213623047,2003600,96.18000030517578,95.72000122070312,80.96717834472656
26-11-2014,95.16999816894531,95.58000183105469,1745700,95.76000213623047,95.52999877929688,80.80644226074219
28-11-2014,94.76000213623047,95.77999877929688,1039400,95.8499984741211,94.93000030517578,80.29894256591797
01-12-2014,94.12000274658203,94.75,1914500,94.87000274658203,94.30999755859375,79.77449035644531
02-12-2014,94.4000015258789,94.54000091552734,1830100,95.37000274658203,94.9800033569336,80.34121704101562
03-12-2014,95.19999694824219,95.2699966430664,1794700,96.91999816894531,96.80000305175781,81.88069915771484
04-12-2014,95.8499984741211,96.72000122070312,1904100,96.83999633789062,96.16999816894531,81.34781646728516
05-12-2014,95.97000122070312,96.06999969482422,1548100,97.16999816894531,96.69000244140625,81.78765869140625
08-12-2014,96.2300033569336,97.23999786376953,1618400,97.79000091552734,96.33000183105469,81.48314666748047
09-12-2014,94.94999694824219,95.37999725341797,2342900,96.33000183105469,95.98999786376953,81.19554138183594
10-12-2014,94.44000244140625,95.58000183105469,1722400,95.69000244140625,94.61000061035156,80.02825164794922
11-12-2014,94.80000305175781,95.06999969482422,1250100,95.80999755859375,94.98999786376953,80.34966278076172
12-12-2014,93.30000305175781,94.12000274658203,1568000,94.73999786376953,93.30999755859375,78.92860412597656
15-12-2014,92.27999877929688,94.08999633789062,2220700,94.08999633789062,92.47000122070312,78.21807098388672
16-12-2014,92.29000091552734,92.37000274658203,1392600,94.44000244140625,92.44000244140625,78.19271087646484
17-12-2014,91.69999694824219,92.4800033569336,3085600,93.48999786376953,93.20999908447266,78.84403228759766
18-12-2014,94.08999633789062,94.47000122070312,1685100,95.44000244140625,95.44000244140625,80.73030853271484
19-12-2014,95.11000061035156,95.4800033569336,2916700,96.26000213623047,96.0199966430664,81.22091674804688
22-12-2014,96.06999969482422,96.36000061035156,1124900,96.81999969482422,96.7699966430664,81.8553237915039
23-12-2014,96.7300033569336,97.16999816894531,801400,97.5999984741211,97.20999908447266,82.22752380371094
24-12-2014,97.11000061035156,97.25,770600,97.44999694824219,97.11000061035156,82.1429214477539
26-12-2014,97.0199966430664,97.26000213623047,554600,97.45999908447266,97.02999877929688,82.07527160644531
29-12-2014,96.26000213623047,96.62000274658203,835900,96.72000122070312,96.30999755859375,81.87548065185547
30-12-2014,95.66999816894531,95.94999694824219,942400,96.2699966430664,96.06999969482422,81.67144775390625
31-12-2014,94.69000244140625,96.51000213623047,1259900,96.66999816894531,94.69999694824219,80.50676727294922
02-01-2015,93.87999725341797,95.16000366210938,1378400,95.45999908447266,94.68000030517578,80.48978424072266
05-01-2015,92.18000030517578,94.20999908447266,1827500,94.20999908447266,92.33999633789062,78.50048065185547
06-01-2015,90.43000030517578,92.68000030517578,2681700,92.81999969482422,91.06999969482422,77.42082977294922
07-01-2015,91.37999725341797,91.83999633789062,1696500,92.44999694824219,92.05999755859375,78.262451171875
08-01-2015,92.9000015258789,92.94000244140625,1717400,94.31999969482422,94.27999877929688,80.14972686767578
09-01-2015,93.06999969482422,94.5,1416600,94.72000122070312,93.56999969482422,79.54615020751953
12-01-2015,92.83999633789062,93.76000213623047,1354000,93.95999908447266,93.13999938964844,79.18059539794922
13-01-2015,92.29000091552734,93.8499984741211,2117000,94.5199966430664,93.02999877929688,79.08708190917969
14-01-2015,91.61000061035156,91.68000030517578,1891100,93.02999877929688,92.83999633789062,78.925537109375
15-01-2015,91.94999694824219,92.87999725341797,1732600,93.5,92.16999816894531,78.35597229003906
16-01-2015,91.45999908447266,92.08000183105469,2161400,93.29000091552734,93.29000091552734,79.30811309814453
20-01-2015,92.37999725341797,93.76000213623047,2009200,93.83999633789062,93.41000366210938,79.41014099121094
21-01-2015,92.95999908447266,93.08999633789062,1770000,94.0,93.7300033569336,79.68216705322266
22-01-2015,93.55000305175781,94.43000030517578,2242800,94.94000244140625,94.5999984741211,80.4217529296875
23-01-2015,93.55000305175781,94.62999725341797,1792900,94.73999786376953,93.55999755859375,79.5376205444336
26-01-2015,92.88999938964844,93.55000305175781,2216700,93.9800033569336,93.7300033569336,79.68216705322266
27-01-2015,92.12000274658203,93.37000274658203,2702000,94.16000366210938,93.45999908447266,79.45263671875
28-01-2015,92.05999755859375,93.8499984741211,2972000,93.87999725341797,92.12000274658203,78.31344604492188
29-01-2015,91.68000030517578,92.12999725341797,3202700,94.05999755859375,93.75,79.69915771484375
30-01-2015,92.86000061035156,92.9800033569336,3866600,94.13999938964844,93.08999633789062,79.13809204101562
02-02-2015,92.81999969482422,93.55999755859375,1750700,94.98999786376953,94.91000366210938,80.68531036376953
03-02-2015,94.83999633789062,95.0,2222400,96.19000244140625,95.87000274658203,81.50142669677734
04-02-2015,95.63999938964844,96.0,2111200,96.5999984741211,95.8499984741211,81.48442077636719
05-02-2015,95.9000015258789,96.0,1671400,97.26000213623047,97.06999969482422,82.52156829833984
06-02-2015,96.8499984741211,96.9800033569336,1810700,97.83999633789062,97.08999633789062,82.53858184814453
09-02-2015,96.41999816894531,96.66999816894531,1050100,97.22000122070312,96.81999969482422,82.30905151367188
10-02-2015,96.4000015258789,97.20999908447266,1078300,97.25,97.05000305175781,82.50458526611328
11-02-2015,96.27999877929688,97.0,826300,97.0999984741211,96.72000122070312,82.22404479980469
12-02-2015,96.9000015258789,97.08999633789062,1513700,97.80999755859375,97.77999877929688,83.12516021728516
13-02-2015,97.80000305175781,97.80000305175781,1280200,98.69000244140625,98.26000213623047,83.53323364257812
17-02-2015,97.80999755859375,97.86000061035156,1232100,98.54000091552734,98.19000244140625,83.4737319946289
18-02-2015,97.70999908447266,97.70999908447266,1202700,98.69999694824219,98.44000244140625,83.68624877929688
19-02-2015,97.97000122070312,97.97000122070312,1316800,98.80000305175781,98.43000030517578,83.6777572631836
20-02-2015,97.79000091552734,98.25,2221200,99.80999755859375,99.48999786376953,84.57887268066406
23-02-2015,98.87999725341797,99.25,1376600,99.45999908447266,99.25,84.37483978271484
24-02-2015,98.94000244140625,98.95999908447266,1806000,99.87999725341797,99.4800033569336,84.57039642333984
25-02-2015,99.2699966430664,99.2699966430664,1516500,99.93000030517578,99.76000213623047,84.80842590332031
26-02-2015,99.19999694824219,99.87000274658203,1775500,99.94999694824219,99.30999755859375,84.42585754394531
27-02-2015,98.83000183105469,99.31999969482422,1709800,99.45999908447266,98.86000061035156,84.04329681396484
02-03-2015,98.72000122070312,98.9000015258789,1797700,99.9000015258789,99.55999755859375,84.63838195800781
03-03-2015,99.11000061035156,99.19999694824219,1913000,99.79000091552734,99.66999816894531,84.7319107055664
04-03-2015,98.16999816894531,99.27999877929688,2038100,99.27999877929688,98.19999694824219,83.48220825195312
05-03-2015,98.08999633789062,98.13999938964844,1705900,99.25,99.12000274658203,84.26433563232422
06-03-2015,97.5999984741211,98.16999816894531,2361400,98.66000366210938,97.7699966430664,83.11665344238281
09-03-2015,97.69000244140625,97.72000122070312,1549700,99.05000305175781,98.69000244140625,83.89876556396484
10-03-2015,96.7300033569336,97.75,1868600,97.86000061035156,96.7300033569336,82.2325668334961
11-03-2015,96.1500015258789,96.83000183105469,1884000,96.9800033569336,96.19000244140625,81.77348327636719
12-03-2015,96.37999725341797,96.5199966430664,1420200,98.25,98.08000183105469,83.38021850585938
13-03-2015,96.75,97.91999816894531,1784100,98.05999755859375,97.66000366210938,83.02314758300781
16-03-2015,97.80000305175781,98.04000091552734,1378000,99.1500015258789,99.08000183105469,84.2303466796875
17-03-2015,98.36000061035156,98.63999938964844,1450100,99.0,98.76000213623047,83.95826721191406
18-03-2015,97.33999633789062,98.36000061035156,2568000,100.13999938964844,99.80999755859375,84.85092163085938
19-03-2015,98.7699966430664,99.36000061035156,1666600,99.68000030517578,99.37000274658203,84.47686004638672
20-03-2015,98.37999725341797,99.69000244140625,5200100,99.73999786376953,98.52999877929688,83.76274108886719
23-03-2015,97.88999938964844,98.69999694824219,1815600,98.93000030517578,97.9000015258789,83.22718048095703
24-03-2015,97.5199966430664,97.66000366210938,1628800,98.16999816894531,97.61000061035156,82.98065948486328
25-03-2015,96.48999786376953,97.79000091552734,1761900,97.95999908447266,96.5,82.0370101928711
26-03-2015,95.77999877929688,96.08000183105469,1684800,96.93000030517578,96.52999877929688,82.0625228881836
27-03-2015,96.05000305175781,96.48999786376953,1860800,96.98999786376953,96.73999786376953,82.65632629394531
30-03-2015,97.1500015258789,97.19999694824219,1973600,98.22000122070312,97.88999938964844,83.63890838623047
31-03-2015,96.81999969482422,97.33999633789062,1741500,97.58000183105469,97.13999938964844,82.99811553955078
01-04-2015,96.0999984741211,97.0,1479700,97.1500015258789,96.5199966430664,82.46834564208984
02-04-2015,96.26000213623047,96.30999755859375,1074600,97.30000305175781,96.61000061035156,82.54525756835938
06-04-2015,96.0,96.13999938964844,1095300,98.25,97.76000213623047,83.52783203125
07-04-2015,97.55999755859375,97.83999633789062,1592700,98.76000213623047,97.94000244140625,83.68165588378906
08-04-2015,96.81999969482422,97.7699966430664,1405900,98.23999786376953,97.26000213623047,83.10063171386719
09-04-2015,96.7699966430664,97.06999969482422,954600,97.73999786376953,97.27999877929688,83.11770629882812
10-04-2015,97.08999633789062,97.44000244140625,1386600,97.87000274658203,97.54000091552734,83.33987426757812
13-04-2015,96.98999786376953,97.16999816894531,1551000,98.18000030517578,98.04000091552734,83.76708221435547
14-04-2015,97.58000183105469,97.83000183105469,2239800,99.55999755859375,99.48999786376953,85.0059814453125
15-04-2015,98.94999694824219,99.9000015258789,2330500,99.91999816894531,99.04000091552734,84.6214828491211
16-04-2015,98.0199966430664,98.58999633789062,1431900,98.83000183105469,98.23999786376953,83.93795776367188
17-04-2015,95.41999816894531,97.43000030517578,2628400,97.4800033569336,95.87000274658203,81.91297912597656
20-04-2015,96.29000091552734,96.30000305175781,1493800,97.29000091552734,97.0199966430664,82.89557647705078
21-04-2015,94.11000061035156,95.95999908447266,3956700,96.41999816894531,94.41999816894531,80.6740951538086
22-04-2015,93.5199966430664,94.41999816894531,2578000,94.68000030517578,94.44000244140625,80.69117736816406
23-04-2015,93.7699966430664,94.23999786376953,2653600,95.08999633789062,94.70999908447266,80.92186737060547
24-04-2015,94.20999908447266,94.70999908447266,1925500,94.80999755859375,94.62999725341797,80.85350799560547
27-04-2015,94.52999877929688,94.7699966430664,2404400,95.2699966430664,94.95999908447266,81.13548278808594
28-04-2015,94.44000244140625,94.62000274658203,1911900,95.2699966430664,95.16000366210938,81.30635833740234
29-04-2015,94.08999633789062,94.3499984741211,1527900,95.22000122070312,94.52999877929688,80.76806640625
30-04-2015,93.30999755859375,94.19000244140625,1731900,94.83000183105469,93.58000183105469,79.95638275146484
01-05-2015,93.83999633789062,94.06999969482422,2113100,95.16000366210938,95.05000305175781,81.21237182617188
04-05-2015,95.19000244140625,95.33000183105469,1516400,95.75,95.62000274658203,81.69938659667969
05-05-2015,94.63999938964844,95.66999816894531,1094700,96.33999633789062,94.77999877929688,80.981689453125
06-05-2015,94.31999969482422,95.16999816894531,1008100,95.41000366210938,94.86000061035156,81.05004119873047
07-05-2015,94.45999908447266,94.73999786376953,992200,95.30000305175781,95.0199966430664,81.18671417236328
08-05-2015,95.66000366210938,96.0199966430664,1096100,96.38999938964844,95.91999816894531,81.95569610595703
11-05-2015,95.77999877929688,95.9000015258789,1199000,96.4000015258789,95.77999877929688,81.83609771728516
12-05-2015,95.0,95.63999938964844,1157600,95.98999786376953,95.62000274658203,81.69938659667969
13-05-2015,95.5,95.88999938964844,1750400,96.45999908447266,95.79000091552734,81.84463500976562
14-05-2015,96.41999816894531,96.44999694824219,1324700,97.55999755859375,97.45999908447266,83.27151489257812
15-05-2015,96.37999725341797,97.55999755859375,1624100,97.61000061035156,97.12000274658203,82.98102569580078
18-05-2015,96.69999694824219,97.08000183105469,1152900,97.23999786376953,96.94000244140625,82.82720947265625
19-05-2015,96.54000091552734,97.16999816894531,1886100,97.37000274658203,96.66999816894531,82.59652709960938
20-05-2015,96.08000183105469,96.83000183105469,1014100,96.95999908447266,96.68000030517578,82.60507202148438
21-05-2015,96.5199966430664,96.68000030517578,1294400,97.95999908447266,97.51000213623047,83.3142318725586
22-05-2015,96.87999725341797,97.44999694824219,1270900,97.55999755859375,96.87999725341797,82.77594757080078
26-05-2015,94.93000030517578,96.77999877929688,2152700,96.80000305175781,95.37999725341797,81.49432373046875
27-05-2015,95.12000274658203,95.66999816894531,1251100,96.37999725341797,96.18000030517578,82.1778793334961
28-05-2015,94.93000030517578,95.83999633789062,1332800,95.88999938964844,95.54000091552734,81.63102722167969
29-05-2015,93.83000183105469,95.26000213623047,3743800,95.69000244140625,93.83000183105469,80.16998291015625
01-06-2015,93.0,94.33000183105469,1949300,94.37999725341797,93.77999877929688,80.12725830078125
02-06-2015,93.30999755859375,93.6500015258789,1479300,95.01000213623047,94.61000061035156,80.83643341064453
03-06-2015,94.55000305175781,94.72000122070312,1594300,95.33999633789062,95.08000183105469,81.23799896240234
04-06-2015,93.29000091552734,94.4800033569336,1481500,94.62999725341797,93.44999694824219,79.8453140258789
05-06-2015,92.72000122070312,93.20999908447266,1472000,93.44000244140625,93.2300033569336,79.65731048583984
08-06-2015,92.55999755859375,93.0999984741211,1878500,93.25,92.56999969482422,79.09342193603516
09-06-2015,92.4000015258789,92.69000244140625,1449400,93.19000244140625,92.7300033569336,79.23011779785156
10-06-2015,92.94000244140625,93.08000183105469,2234300,94.88999938964844,94.58999633789062,80.8193359375
11-06-2015,94.19999694824219,94.69999694824219,1322000,94.91999816894531,94.83000183105469,81.0244140625
12-06-2015,93.45999908447266,94.33000183105469,1149200,94.5999984741211,93.69999694824219,80.05889129638672
15-06-2015,92.13999938964844,92.72000122070312,1784600,92.87999725341797,92.62999725341797,79.14466857910156
16-06-2015,92.36000061035156,92.38999938964844,1823800,92.94999694824219,92.66000366210938,79.17030334472656
17-06-2015,91.7699966430664,92.87999725341797,1370000,93.11000061035156,92.5999984741211,79.11905670166016
18-06-2015,92.75,93.12999725341797,1712700,93.87999725341797,93.52999877929688,79.91366577148438
19-06-2015,92.72000122070312,93.31999969482422,3285000,93.4800033569336,92.86000061035156,79.34119415283203
22-06-2015,93.12999725341797,93.48999786376953,1350000,93.83999633789062,93.76000213623047,80.11016082763672
23-06-2015,93.12999725341797,93.66000366210938,1273700,93.79000091552734,93.31999969482422,79.73421478271484
24-06-2015,93.13999938964844,93.33000183105469,2072300,94.72000122070312,94.16999816894531,80.46049499511719
25-06-2015,92.80000305175781,94.4800033569336,1800800,94.5,92.91000366210938,79.38390350341797
26-06-2015,92.44999694824219,92.79000091552734,1476400,93.0199966430664,92.77999877929688,79.68882751464844
29-06-2015,91.41000366210938,91.72000122070312,1624700,92.7300033569336,91.44999694824219,78.54647827148438
30-06-2015,91.56999969482422,92.08000183105469,1702400,92.5999984741211,91.79000091552734,78.8385238647461
01-07-2015,91.97000122070312,92.4000015258789,2583400,93.63999938964844,93.43000030517578,80.24710845947266
02-07-2015,92.80999755859375,93.5199966430664,1662900,93.83999633789062,93.4000015258789,80.22134399414062
06-07-2015,92.30000305175781,92.30000305175781,1344300,93.61000061035156,93.12000274658203,79.98085021972656
07-07-2015,92.20999908447266,93.2300033569336,1891800,93.98999786376953,93.83000183105469,80.59066772460938
08-07-2015,91.51000213623047,93.19000244140625,1801600,93.33999633789062,91.93000030517578,78.9587631225586
09-07-2015,91.86000061035156,92.95999908447266,1439600,93.3499984741211,91.86000061035156,78.89862823486328
10-07-2015,92.5,93.19999694824219,1668700,93.55000305175781,92.58000183105469,79.5170669555664
13-07-2015,93.19999694824219,93.58999633789062,1362500,93.8499984741211,93.73999786376953,80.51335906982422
14-07-2015,93.52999877929688,93.66000366210938,1197600,94.31999969482422,94.04000091552734,80.77104187011719
15-07-2015,93.13999938964844,94.06999969482422,1455400,94.2300033569336,93.37000274658203,80.1955795288086
16-07-2015,93.4000015258789,94.26000213623047,1265200,94.33000183105469,93.61000061035156,80.40170288085938
17-07-2015,92.8499984741211,93.4800033569336,1379000,94.11000061035156,93.0199966430664,79.89498138427734
20-07-2015,92.73999786376953,92.97000122070312,1764100,93.7699966430664,93.45999908447266,80.27287292480469
21-07-2015,91.87999725341797,93.1500015258789,2055900,93.30999755859375,92.16000366210938,79.15632629394531
22-07-2015,88.86000061035156,92.7699966430664,4548700,93.61000061035156,89.58000183105469,76.94033813476562
23-07-2015,89.19000244140625,90.05999755859375,2469700,90.83999633789062,89.4000015258789,76.7857437133789
24-07-2015,87.8499984741211,89.2699966430664,1920100,89.30999755859375,88.2699966430664,75.81517791748047
27-07-2015,87.01000213623047,87.66000366210938,2596600,87.8499984741211,87.26000213623047,74.94770812988281
28-07-2015,87.36000061035156,87.5999984741211,1921200,89.0999984741211,88.73999786376953,76.21888732910156
29-07-2015,88.37000274658203,88.72000122070312,1255000,89.48999786376953,89.33999633789062,76.73418426513672
30-07-2015,88.7699966430664,88.91999816894531,1411400,89.55000305175781,89.27999877929688,76.68267059326172
31-07-2015,89.2300033569336,89.72000122070312,1702100,89.87000274658203,89.47000122070312,76.8458480834961
03-08-2015,88.23999786376953,89.48999786376953,1426800,89.5999984741211,88.66000366210938,76.150146484375
04-08-2015,88.19000244140625,88.91999816894531,1690000,89.02999877929688,88.33999633789062,75.87529754638672
05-08-2015,89.0999984741211,89.16999816894531,1344800,90.37999725341797,89.58999633789062,76.94892883300781
06-08-2015,89.12000274658203,89.5999984741211,1026400,89.83000183105469,89.22000122070312,76.63114929199219
07-08-2015,88.94000244140625,89.13999938964844,1342100,89.7300033569336,89.30000305175781,76.6998519897461
10-08-2015,89.7699966430664,89.7699966430664,1258400,91.4000015258789,91.37999725341797,78.4863510131836
11-08-2015,89.0,90.27999877929688,1513200,90.31999969482422,89.22000122070312,76.63114929199219
12-08-2015,87.87000274658203,92.05999755859375,1626200,92.05999755859375,89.33999633789062,76.73418426513672
13-08-2015,88.5999984741211,89.04000091552734,968800,89.83999633789062,89.43000030517578,76.81153869628906
14-08-2015,89.19999694824219,89.36000061035156,824500,89.83000183105469,89.76000213623047,77.09496307373047
17-08-2015,88.68000030517578,89.27999877929688,752800,90.22000122070312,90.04000091552734,77.33544158935547
18-08-2015,89.51000213623047,90.04000091552734,764400,90.19999694824219,89.93000030517578,77.24095916748047
19-08-2015,88.5,89.12000274658203,957600,89.61000061035156,88.8499984741211,76.3133316040039
20-08-2015,87.38999938964844,88.31999969482422,1462100,88.31999969482422,87.41000366210938,75.07653045654297
21-08-2015,85.19000244140625,86.91000366210938,2253100,87.08999633789062,85.22000122070312,73.1955337524414
24-08-2015,78.79000091552734,80.02999877929688,3721000,84.72000122070312,82.19000244140625,70.59307098388672
25-08-2015,80.0199966430664,84.58999633789062,2899200,84.76000213623047,80.08999633789062,68.78934478759766
26-08-2015,81.08000183105469,81.83999633789062,2768800,83.43000030517578,83.26000213623047,71.51210021972656
27-08-2015,83.33000183105469,84.22000122070312,2341100,85.27999877929688,84.81999969482422,72.85197448730469
28-08-2015,84.0,84.41000366210938,1334800,85.0999984741211,85.05999755859375,73.05811309814453
31-08-2015,83.87999725341797,84.2300033569336,1610100,85.0199966430664,84.52999877929688,72.6029052734375
01-09-2015,81.37000274658203,82.4000015258789,2320900,82.88999938964844,81.83999633789062,70.29246520996094
02-09-2015,81.80000305175781,82.88999938964844,1631900,83.1500015258789,82.69000244140625,71.02252960205078
03-09-2015,82.94999694824219,83.76000213623047,1464200,83.97000122070312,83.25,71.50350952148438
04-09-2015,81.4800033569336,82.05999755859375,1547700,82.2699966430664,81.76000213623047,70.22373962402344
08-09-2015,82.9800033569336,83.23999786376953,1609100,84.19999694824219,84.16000366210938,72.28510284423828
09-09-2015,83.45999908447266,84.94999694824219,1689500,85.1500015258789,83.55000305175781,71.76115417480469
10-09-2015,82.8499984741211,83.37000274658203,1518400,83.98999786376953,83.41000366210938,71.64094543457031
11-09-2015,82.5999984741211,83.2699966430664,1242600,83.58000183105469,83.58000183105469,71.78693389892578
14-09-2015,82.4800033569336,83.5,1129500,83.5999984741211,82.62999725341797,70.97098541259766
15-09-2015,82.68000030517578,82.91000366210938,1591700,84.62999725341797,84.45999908447266,72.54277801513672
16-09-2015,84.26000213623047,84.45999908447266,1833900,86.0199966430664,85.76000213623047,73.65933990478516
17-09-2015,85.27999877929688,85.55999755859375,3093900,86.91000366210938,85.55999755859375,73.48757934570312
18-09-2015,84.33000183105469,84.52999877929688,4858400,85.54000091552734,84.77999877929688,72.817626953125
21-09-2015,84.0999984741211,84.83000183105469,1792100,85.25,84.2699966430664,72.37957000732422
22-09-2015,82.93000030517578,83.16000366210938,2531100,84.05999755859375,83.55000305175781,71.76115417480469
23-09-2015,82.7699966430664,83.5199966430664,1754200,83.62000274658203,83.20999908447266,71.46913146972656
24-09-2015,81.27999877929688,82.30999755859375,2311300,83.20999908447266,82.87999725341797,71.18571472167969
25-09-2015,82.08999633789062,83.43000030517578,1809000,83.55000305175781,82.43000030517578,70.79920196533203
28-09-2015,80.36000061035156,81.41999816894531,1798300,81.94999694824219,80.54000091552734,69.64057159423828
29-09-2015,80.41999816894531,80.75,2204000,81.8499984741211,81.33999633789062,70.33228302001953
30-09-2015,81.31999969482422,82.16999816894531,1792900,82.87000274658203,82.30999755859375,71.17101287841797
01-10-2015,81.0,82.18000030517578,1600600,82.72000122070312,81.55000305175781,70.51387023925781
02-10-2015,80.16000366210938,80.33000183105469,1101200,82.77999877929688,82.77999877929688,71.5774154663086
05-10-2015,83.37999725341797,83.44000244140625,1686300,85.68000030517578,85.62999725341797,74.04171752929688
06-10-2015,85.30999755859375,85.5199966430664,1393400,86.04000091552734,85.62000274658203,74.0330810546875
07-10-2015,85.5199966430664,86.20999908447266,1039100,87.55999755859375,86.37000274658203,74.68157958984375
08-10-2015,85.9000015258789,86.11000061035156,1238400,87.98999786376953,87.68000030517578,75.81427764892578
09-10-2015,87.44999694824219,87.70999908447266,1474900,88.5,87.66000366210938,75.7969970703125
12-10-2015,87.13999938964844,87.7699966430664,860300,87.7699966430664,87.61000061035156,75.7537612915039
13-10-2015,86.44000244140625,86.98999786376953,890700,87.5,86.52999877929688,74.81991577148438
14-10-2015,84.83999633789062,86.29000091552734,1971800,86.55000305175781,84.95999908447266,73.4623794555664
15-10-2015,84.4000015258789,85.45999908447266,1616500,85.62000274658203,85.55000305175781,73.9725570678711
16-10-2015,84.04000091552734,85.66999816894531,2730600,85.79000091552734,84.31999969482422,72.90900421142578
19-10-2015,83.86000061035156,84.16999816894531,1672900,84.31999969482422,84.05000305175781,72.67552947998047
20-10-2015,83.66000366210938,84.0199966430664,2111000,85.47000122070312,85.12999725341797,73.60938262939453
21-10-2015,82.37000274658203,84.12999725341797,3203200,86.19000244140625,85.55000305175781,73.9725570678711
22-10-2015,85.55999755859375,85.94000244140625,3514400,89.86000061035156,89.52999877929688,77.41394805908203
23-10-2015,89.7300033569336,89.94000244140625,2088400,90.69000244140625,90.58999633789062,78.33050537109375
26-10-2015,90.20999908447266,90.61000061035156,1526300,91.16000366210938,90.7300033569336,78.45153045654297
27-10-2015,89.6500015258789,90.0999984741211,1636300,90.9000015258789,90.58000183105469,78.32183074951172
28-10-2015,90.48999786376953,90.48999786376953,1545100,92.13999938964844,92.12999725341797,79.66207885742188
29-10-2015,91.20999908447266,91.9000015258789,959400,92.16999816894531,91.91999816894531,79.48049926757812
30-10-2015,91.73999786376953,92.12999725341797,1739000,92.51000213623047,91.94000244140625,79.49776458740234
02-11-2015,91.81999969482422,91.98999786376953,1221100,93.72000122070312,93.5,80.84666442871094
03-11-2015,92.87999725341797,93.2699966430664,1993800,93.79000091552734,93.01000213623047,80.42298126220703
04-11-2015,92.77999877929688,93.3499984741211,1037100,93.81999969482422,92.93000030517578,80.35379791259766
05-11-2015,92.29000091552734,93.0999984741211,1109400,93.63999938964844,93.0999984741211,80.50080108642578
06-11-2015,91.7300033569336,92.5999984741211,2009100,93.25,92.62000274658203,80.08576965332031
09-11-2015,90.94000244140625,92.4800033569336,1312600,92.58000183105469,91.38999938964844,79.022216796875
10-11-2015,90.69000244140625,91.05999755859375,900000,91.75,91.68000030517578,79.27297973632812
11-11-2015,90.94000244140625,92.41000366210938,1880900,92.41000366210938,91.33999633789062,78.9789810180664
12-11-2015,89.69000244140625,90.58000183105469,1543600,91.51000213623047,89.72000122070312,77.57820892333984
13-11-2015,89.37000274658203,89.73999786376953,1195000,90.47000122070312,89.41000366210938,77.3101806640625
16-11-2015,89.27999877929688,89.43000030517578,1333500,91.16000366210938,91.08000183105469,78.7541732788086
17-11-2015,89.95999908447266,91.26000213623047,1942000,91.56999969482422,90.0999984741211,77.90679168701172
18-11-2015,90.2699966430664,90.56999969482422,1226900,91.70999908447266,91.62000274658203,79.2210922241211
19-11-2015,90.9000015258789,91.5999984741211,1391600,92.5999984741211,92.4800033569336,79.9647216796875
20-11-2015,92.58000183105469,92.86000061035156,1971200,94.01000213623047,93.54000091552734,80.88125610351562
23-11-2015,93.1500015258789,93.62000274658203,1709300,93.93000030517578,93.31999969482422,80.6910400390625
24-11-2015,92.68000030517578,92.79000091552734,1305700,93.62999725341797,93.38999938964844,80.75155639648438
25-11-2015,93.20999908447266,93.38999938964844,1074900,93.87999725341797,93.38999938964844,80.75155639648438
27-11-2015,93.0,93.29000091552734,439900,93.69000244140625,93.19999694824219,80.58727264404297
30-11-2015,93.11000061035156,93.37999725341797,2228400,94.12999725341797,93.9800033569336,81.26170349121094
01-12-2015,93.55999755859375,94.30000305175781,2320800,95.0,94.16000366210938,81.4173583984375
02-12-2015,93.33000183105469,93.83999633789062,1656300,94.36000061035156,93.37999725341797,80.74290466308594
03-12-2015,91.75,93.47000122070312,1803100,93.88999938964844,92.36000061035156,79.86093139648438
04-12-2015,92.36000061035156,92.36000061035156,1982600,94.37000274658203,94.31999969482422,81.55570220947266
07-12-2015,92.9800033569336,93.58999633789062,1426400,93.79000091552734,93.4000015258789,80.76022338867188
08-12-2015,91.91000366210938,92.6500015258789,1794000,92.98999786376953,92.29000091552734,79.8004150390625
09-12-2015,91.62999725341797,91.9000015258789,1844000,93.44999694824219,92.38999938964844,79.8868637084961
10-12-2015,92.22000122070312,92.38999938964844,1760600,94.0199966430664,93.29000091552734,80.66510772705078
11-12-2015,91.23999786376953,92.08000183105469,1478400,92.93000030517578,91.45999908447266,79.0827407836914
14-12-2015,91.43000030517578,91.75,1960600,92.94000244140625,92.88999938964844,80.3192138671875
15-12-2015,92.08999633789062,93.13999938964844,1744400,93.5,92.23999786376953,79.75718688964844
16-12-2015,92.20999908447266,92.52999877929688,1565700,94.06999969482422,93.97000122070312,81.2530746459961
17-12-2015,92.54000091552734,93.94999694824219,2007600,94.16999816894531,92.55000305175781,80.02523040771484
18-12-2015,90.87000274658203,92.08000183105469,2650800,92.19999694824219,90.91999816894531,78.61583709716797
21-12-2015,90.95999908447266,91.69000244140625,1483300,92.0199966430664,91.83999633789062,79.41132354736328
22-12-2015,91.75,92.58000183105469,1426200,92.98999786376953,92.81999969482422,80.25868225097656
23-12-2015,93.1500015258789,93.44000244140625,1139300,94.3499984741211,94.20999908447266,81.46058654785156
24-12-2015,93.97000122070312,94.0,339000,94.44000244140625,94.12999725341797,81.39140319824219
28-12-2015,93.1500015258789,93.83000183105469,750000,94.0199966430664,93.7300033569336,81.04556274414062
29-12-2015,93.8499984741211,94.0999984741211,800100,94.43000030517578,94.25,81.97618865966797
30-12-2015,93.16000366210938,94.0999984741211,969200,94.41999816894531,93.19000244140625,81.05424499511719
31-12-2015,92.41000366210938,92.79000091552734,1071100,93.41999816894531,92.68000030517578,80.61067199707031
04-01-2016,89.91000366210938,92.68000030517578,1895500,92.68000030517578,91.05999755859375,79.20161437988281
05-01-2016,89.12999725341797,91.08000183105469,2428600,91.5,89.7300033569336,78.04483032226562
06-01-2016,86.91000366210938,87.91999816894531,2547700,88.66999816894531,87.5199966430664,76.12262725830078
07-01-2016,84.51000213623047,85.33000183105469,2606600,85.98999786376953,84.7300033569336,73.69595336914062
08-01-2016,83.83000183105469,85.18000030517578,2159100,85.48999786376953,84.0199966430664,73.07843017578125
11-01-2016,81.80999755859375,84.37000274658203,4311200,84.37000274658203,83.19000244140625,72.35650634765625
12-01-2016,82.56999969482422,84.08999633789062,2132700,84.5199966430664,83.79000091552734,72.87837219238281
13-01-2016,82.23999786376953,84.48999786376953,3002500,84.87999725341797,82.4800033569336,71.73896789550781
14-01-2016,81.81999969482422,82.83000183105469,2530200,83.9800033569336,82.83000183105469,72.04338836669922
15-01-2016,80.62999725341797,80.7699966430664,2556000,81.98999786376953,81.25,70.66912841796875
19-01-2016,80.69000244140625,81.94000244140625,2432400,82.29000091552734,81.69000244140625,71.05184936523438
20-01-2016,79.1500015258789,80.27999877929688,2990600,82.16000366210938,81.33999633789062,70.7474136352539
21-01-2016,80.58000183105469,81.83000183105469,3716000,82.51000213623047,81.6500015258789,71.01705169677734
22-01-2016,81.51000213623047,82.76000213623047,2039500,83.20999908447266,82.16000366210938,71.46063232421875
25-01-2016,80.94999694824219,84.05000305175781,1654600,84.05000305175781,81.05000305175781,70.49517822265625
26-01-2016,81.91000366210938,82.08000183105469,2525800,84.33999633789062,84.30999755859375,73.33065795898438
27-01-2016,84.62000274658203,87.5,3423800,88.0,86.20999908447266,74.98321533203125
28-01-2016,86.61000061035156,87.11000061035156,3301700,88.7699966430664,88.76000213623047,77.2011489868164
29-01-2016,88.69999694824219,89.26000213623047,3257900,90.06999969482422,90.06999969482422,78.3405532836914
01-02-2016,88.41999816894531,88.4800033569336,2481100,90.27999877929688,89.91999816894531,78.21009063720703
02-02-2016,88.19999694824219,89.30000305175781,3340400,89.69999694824219,88.5999984741211,77.06198120117188
03-02-2016,88.0,89.76000213623047,2023900,90.0,89.9800033569336,78.26226806640625
04-02-2016,89.5199966430664,89.56999969482422,1751200,92.70999908447266,91.45999908447266,79.54954528808594
05-02-2016,89.94000244140625,91.0,1866400,91.37000274658203,90.41000366210938,78.63629150390625
08-02-2016,88.66999816894531,89.33000183105469,2372600,90.56999969482422,90.26000213623047,78.50582885742188
09-02-2016,89.25,89.4800033569336,1373800,91.04000091552734,90.36000061035156,78.5927734375
10-02-2016,90.0999984741211,90.62999725341797,1682000,91.86000061035156,90.41999816894531,78.64495849609375
11-02-2016,88.31999969482422,88.93000030517578,1779000,90.37000274658203,89.5999984741211,77.93174743652344
12-02-2016,90.05999755859375,90.44000244140625,1587300,92.0999984741211,91.87999725341797,79.91482543945312
16-02-2016,91.68000030517578,93.01000213623047,2250300,93.70999908447266,93.54000091552734,81.35865783691406
17-02-2016,93.79000091552734,94.0,2767700,95.20999908447266,94.93000030517578,82.56766510009766
18-02-2016,94.76000213623047,95.0999984741211,1668600,95.8499984741211,95.56999969482422,83.1242904663086
19-02-2016,94.31999969482422,95.13999938964844,2579600,95.88999938964844,95.86000061035156,83.37652587890625
22-02-2016,96.20999908447266,96.25,1640700,97.33999633789062,96.43000030517578,83.87229919433594
23-02-2016,94.68000030517578,96.19000244140625,1558400,96.55999755859375,94.75,82.41110229492188
24-02-2016,92.98999786376953,93.62000274658203,2790200,94.55999755859375,94.20999908447266,81.94140625
25-02-2016,93.97000122070312,94.63999938964844,1583000,95.0999984741211,94.9800033569336,82.61112976074219
26-02-2016,94.76000213623047,95.5,1276500,95.7300033569336,94.93000030517578,82.56766510009766
29-02-2016,94.25,95.12999725341797,1566700,95.66999816894531,94.25,81.97618865966797
01-03-2016,94.70999908447266,95.12999725341797,1201500,97.12000274658203,96.83999633789062,84.22891998291016
02-03-2016,96.0999984741211,96.4000015258789,1122800,97.08000183105469,97.0199966430664,84.38549041748047
03-03-2016,95.8499984741211,96.87999725341797,1632000,97.05999755859375,96.56999969482422,83.99407958984375
04-03-2016,96.22000122070312,96.76000213623047,1546000,98.11000061035156,97.7300033569336,85.00302124023438
07-03-2016,97.0,97.0,1377700,98.04000091552734,97.77999877929688,85.0465087890625
08-03-2016,96.44000244140625,97.30999755859375,1302900,97.55999755859375,97.0999984741211,84.4550552368164
09-03-2016,96.56999969482422,97.4000015258789,1312600,97.7300033569336,96.87999725341797,84.26371765136719
10-03-2016,96.12999725341797,97.25,1348800,97.62999725341797,97.05999755859375,84.42027282714844
11-03-2016,97.79000091552734,97.97000122070312,1474500,98.66999816894531,98.16999816894531,85.3857192993164
14-03-2016,97.45999908447266,97.77999877929688,1306900,98.5,98.04000091552734,85.27265167236328
15-03-2016,96.73999786376953,97.0999984741211,1314200,97.98999786376953,97.9800033569336,85.22047424316406
16-03-2016,97.56999969482422,97.81999969482422,1285600,98.76000213623047,98.31999969482422,85.51618194580078
17-03-2016,98.41000366210938,98.44999694824219,2363600,101.04000091552734,100.68000030517578,87.56886291503906
18-03-2016,100.30999755859375,100.87999725341797,2781300,101.31999969482422,101.31999969482422,88.12550354003906
21-03-2016,100.63999938964844,101.02999877929688,1689000,101.91000366210938,101.75,88.49951171875
22-03-2016,101.19000244140625,101.44000244140625,1696800,102.47000122070312,102.27999877929688,88.96048736572266
23-03-2016,101.68000030517578,102.30000305175781,1731100,102.44999694824219,102.0999984741211,88.80393981933594
24-03-2016,101.22000122070312,101.44000244140625,1576600,101.81999969482422,101.38999938964844,88.18638610839844
28-03-2016,101.16000366210938,101.48999786376953,1442100,101.7300033569336,101.4000015258789,88.19508361816406
29-03-2016,100.33000183105469,100.41999816894531,1609500,101.56999969482422,101.41000366210938,88.684814453125
30-03-2016,101.94999694824219,102.11000061035156,1725800,102.94000244140625,102.62999725341797,89.75172424316406
31-03-2016,102.0,102.55999755859375,1234200,102.9800033569336,102.44000244140625,89.5855712890625
01-04-2016,101.36000061035156,101.75,1170500,103.61000061035156,103.44000244140625,90.46009826660156
04-04-2016,102.33999633789062,103.47000122070312,1444700,103.69999694824219,102.66999816894531,89.78670501708984
05-04-2016,101.36000061035156,102.04000091552734,1032800,102.3499984741211,101.80000305175781,89.02587890625
06-04-2016,100.79000091552734,101.81999969482422,1374600,102.80000305175781,102.70999908447266,89.82169342041016
07-04-2016,101.98999786376953,102.06999969482422,2046000,103.41000366210938,102.55999755859375,89.69050598144531
08-04-2016,102.79000091552734,103.62000274658203,1123800,104.36000061035156,103.20999908447266,90.25894165039062
11-04-2016,103.08000183105469,103.37000274658203,1032800,104.3499984741211,103.08999633789062,90.15400695800781
12-04-2016,103.2699966430664,103.3499984741211,1345900,105.0,104.37999725341797,91.28213500976562
13-04-2016,104.1500015258789,104.9000015258789,1863500,105.05000305175781,104.97000122070312,91.79808807373047
14-04-2016,104.62999725341797,105.1500015258789,1133200,105.5999984741211,104.93000030517578,91.76312255859375
15-04-2016,104.80000305175781,105.05000305175781,1251100,105.23999786376953,104.87999725341797,91.7193832397461
18-04-2016,104.41000366210938,104.41000366210938,1326100,105.45999908447266,105.30000305175781,92.08668518066406
19-04-2016,105.30000305175781,105.68000030517578,2090900,106.19000244140625,105.66999816894531,92.4102554321289
20-04-2016,103.66999816894531,104.69000244140625,2930400,105.6500015258789,104.3499984741211,91.25591278076172
21-04-2016,104.31999969482422,104.61000061035156,2086800,106.13999938964844,104.56999969482422,91.44828796386719
22-04-2016,104.22000122070312,104.80000305175781,1765600,105.41999816894531,104.66000366210938,91.5270004272461
25-04-2016,104.06999969482422,104.48999786376953,1315600,104.83999633789062,104.4800033569336,91.36956787109375
26-04-2016,104.05000305175781,104.79000091552734,1488800,105.43000030517578,105.41999816894531,92.1916275024414
27-04-2016,104.87000274658203,105.6500015258789,1124400,106.02999877929688,105.48999786376953,92.25285339355469
28-04-2016,104.30000305175781,104.69999694824219,1279300,105.66000366210938,104.56999969482422,91.44828796386719
29-04-2016,103.62999725341797,104.16000366210938,1768500,104.9000015258789,104.5199966430664,91.404541015625
02-05-2016,102.9000015258789,104.23999786376953,1389500,105.11000061035156,104.97000122070312,91.79808807373047
03-05-2016,103.88999938964844,104.54000091552734,1504000,104.75,104.47000122070312,91.36084747314453
04-05-2016,103.29000091552734,104.1500015258789,1255100,104.30000305175781,103.52999877929688,90.5387954711914
05-05-2016,102.9800033569336,103.95999908447266,1369500,104.3499984741211,103.16000366210938,90.21520233154297
06-05-2016,103.01000213623047,103.0999984741211,979500,104.19000244140625,104.19000244140625,91.11598205566406
09-05-2016,103.41999816894531,103.97000122070312,990400,104.38999938964844,104.08999633789062,91.02851867675781
10-05-2016,103.83999633789062,104.29000091552734,1181500,105.66999816894531,105.33999633789062,92.12167358398438
11-05-2016,104.27999877929688,105.27999877929688,947600,105.66000366210938,104.27999877929688,91.19468688964844
12-05-2016,103.7699966430664,104.5199966430664,1488400,105.02999877929688,104.52999877929688,91.41331481933594
13-05-2016,102.72000122070312,104.41000366210938,1247900,104.83000183105469,102.9800033569336,90.05781555175781
16-05-2016,103.16000366210938,103.26000213623047,1192400,104.55999755859375,104.30000305175781,91.21217346191406
17-05-2016,103.4000015258789,104.27999877929688,1509900,105.13999938964844,103.83000183105469,90.8011474609375
18-05-2016,102.68000030517578,103.61000061035156,1088000,104.33000183105469,103.30999755859375,90.34639739990234
19-05-2016,101.68000030517578,102.58000183105469,1233000,103.30000305175781,102.76000213623047,89.86541748046875
20-05-2016,103.01000213623047,103.33999633789062,1269200,103.77999877929688,103.13999938964844,90.19772338867188
23-05-2016,102.58999633789062,102.95999908447266,925900,103.52999877929688,103.23999786376953,90.28518676757812
24-05-2016,102.61000061035156,103.86000061035156,931600,105.18000030517578,104.91000366210938,91.74561309814453
25-05-2016,104.91000366210938,105.08999633789062,1286600,105.9000015258789,105.13999938964844,91.94676971435547
26-05-2016,104.98999786376953,105.30000305175781,834600,105.81999969482422,105.26000213623047,92.05169677734375
27-05-2016,104.83999633789062,105.25,836000,105.5,105.33999633789062,92.12167358398438
31-05-2016,104.91999816894531,105.47000122070312,2029400,106.13999938964844,106.02999877929688,92.72508239746094
01-06-2016,104.5999984741211,106.02999877929688,2725300,106.75,106.69999694824219,93.31101989746094
02-06-2016,105.93000030517578,106.44000244140625,1376100,107.12000274658203,107.12000274658203,93.67829895019531
03-06-2016,106.47000122070312,107.12000274658203,1238500,107.37000274658203,107.20999908447266,93.75702667236328
06-06-2016,107.1500015258789,107.30000305175781,1080700,108.0,107.76000213623047,94.23799896240234
07-06-2016,107.66999816894531,107.66999816894531,1797100,109.05999755859375,108.52999877929688,94.91138458251953
08-06-2016,108.44000244140625,108.62999725341797,1422400,109.54000091552734,109.38999938964844,95.6634750366211
09-06-2016,107.77999877929688,108.55999755859375,1481700,108.9800033569336,108.80000305175781,95.14749145507812
10-06-2016,107.61000061035156,108.08000183105469,1279800,108.55000305175781,108.08999633789062,94.52658081054688
13-06-2016,105.5999984741211,106.75,3362800,107.16000366210938,105.62999725341797,92.37528228759766
14-06-2016,104.94000244140625,105.37999725341797,1876800,106.19000244140625,105.69999694824219,92.43649291992188
15-06-2016,105.0199966430664,106.18000030517578,2201300,106.44000244140625,105.18000030517578,91.98175811767578
16-06-2016,103.86000061035156,104.91000366210938,1677200,105.55999755859375,105.30999755859375,92.0954360961914
17-06-2016,105.12999725341797,105.47000122070312,2115200,106.44000244140625,106.23999786376953,92.90874481201172
20-06-2016,106.69999694824219,107.04000091552734,1532500,108.19999694824219,106.7300033569336,93.33724975585938
21-06-2016,105.97000122070312,106.63999938964844,1180200,106.73999786376953,106.06999969482422,92.76005554199219
22-06-2016,105.75,106.19000244140625,1445300,106.69000244140625,105.80000305175781,92.5239486694336
23-06-2016,105.91000366210938,106.3499984741211,1488600,106.81999969482422,106.81999969482422,93.41596984863281
24-06-2016,101.20999908447266,103.29000091552734,3068700,104.08000183105469,101.69000244140625,88.92970275878906
27-06-2016,98.31999969482422,100.9000015258789,2783300,100.94000244140625,98.69999694824219,86.31488037109375
28-06-2016,99.02999877929688,99.41000366210938,1944800,100.55000305175781,100.52999877929688,88.40789031982422
29-06-2016,101.19999694824219,101.73999786376953,1495400,102.0,101.81999969482422,89.54232788085938
30-06-2016,102.13999938964844,102.13999938964844,1609900,104.16000366210938,104.16000366210938,91.60017395019531
01-07-2016,104.13999938964844,104.16000366210938,1603100,105.43000030517578,104.80999755859375,92.17180633544922
05-07-2016,103.2699966430664,104.26000213623047,1418600,104.3499984741211,103.91000366210938,91.38034057617188
06-07-2016,103.08000183105469,103.44999694824219,1811200,105.2699966430664,105.16999816894531,92.48838806152344
07-07-2016,104.98999786376953,105.36000061035156,1641700,106.30000305175781,105.91999816894531,93.14794158935547
08-07-2016,106.69000244140625,106.80999755859375,1630400,108.48999786376953,108.36000061035156,95.29374694824219
11-07-2016,108.56999969482422,108.77999877929688,1098900,109.44000244140625,109.01000213623047,95.8653564453125
12-07-2016,109.29000091552734,109.7699966430664,1289500,110.16000366210938,110.0199966430664,96.75357818603516
13-07-2016,109.4000015258789,110.52999877929688,1708400,110.77999877929688,110.58999633789062,97.25482940673828
14-07-2016,111.0199966430664,111.44999694824219,1321300,111.77999877929688,111.05000305175781,97.65937042236328
15-07-2016,110.76000213623047,111.47000122070312,1230300,111.55999755859375,111.22000122070312,97.80886840820312
18-07-2016,110.27999877929688,111.11000061035156,919900,111.27999877929688,110.66000366210938,97.31639099121094
19-07-2016,109.86000061035156,110.19000244140625,1290700,111.16000366210938,111.11000061035156,97.7121353149414
20-07-2016,112.16000366210938,112.5,2947000,114.5199966430664,114.22000122070312,100.44713592529297
21-07-2016,113.69000244140625,114.16000366210938,2244300,115.0199966430664,114.0,100.25365447998047
22-07-2016,113.7300033569336,114.02999877929688,1420000,114.66000366210938,114.58000183105469,100.76372528076172
25-07-2016,114.05999755859375,114.58000183105469,993500,114.83000183105469,114.80999755859375,100.9659652709961
26-07-2016,114.5,114.97000122070312,1316900,115.9800033569336,115.9000015258789,101.924560546875
27-07-2016,114.75,115.97000122070312,1197200,116.31999969482422,115.75,101.79264068603516
28-07-2016,114.2699966430664,115.47000122070312,988600,115.7300033569336,115.36000061035156,101.44966125488281
29-07-2016,114.55999755859375,115.31999969482422,856400,115.73999786376953,115.4000015258789,101.48484802246094
01-08-2016,114.30999755859375,114.91999816894531,1302700,115.86000061035156,115.44000244140625,101.52000427246094
02-08-2016,113.98999786376953,115.41000366210938,1848600,115.95999908447266,115.08000183105469,101.20341491699219
03-08-2016,114.6500015258789,115.41000366210938,925800,115.41000366210938,115.1500015258789,101.26497650146484
04-08-2016,114.61000061035156,114.98999786376953,1112900,116.41000366210938,115.63999938964844,101.6958999633789
05-08-2016,115.80000305175781,116.08999633789062,1077200,116.87000274658203,116.83999633789062,102.75119018554688
08-08-2016,116.87000274658203,117.18000030517578,1626800,117.66000366210938,117.45999908447266,103.29644012451172
09-08-2016,117.31999969482422,117.56999969482422,1416900,118.08000183105469,118.08000183105469,103.8416748046875
10-08-2016,117.2699966430664,118.37999725341797,1144000,118.37999725341797,117.80000305175781,103.59545135498047
11-08-2016,117.80000305175781,117.91000366210938,1002200,119.08000183105469,118.87999725341797,104.54521179199219
12-08-2016,118.30999755859375,118.8499984741211,866300,119.19000244140625,118.88999938964844,104.55400848388672
15-08-2016,118.8499984741211,118.8499984741211,967600,119.83999633789062,119.27999877929688,104.89696502685547
16-08-2016,118.33000183105469,118.95999908447266,927200,119.13999938964844,118.36000061035156,104.08792114257812
17-08-2016,118.0,118.26000213623047,1096200,119.06999969482422,118.98999786376953,104.6419448852539
18-08-2016,118.38999938964844,118.80000305175781,938900,118.98999786376953,118.9800033569336,104.6331558227539
19-08-2016,118.25,118.68000030517578,1314800,119.83999633789062,119.63999938964844,105.21356964111328
22-08-2016,119.0,119.22000122070312,994000,119.79000091552734,119.75,105.31029510498047
23-08-2016,119.69000244140625,119.75,1226200,120.5,119.77999877929688,105.33670043945312
24-08-2016,119.25,119.72000122070312,1217900,119.94999694824219,119.52999877929688,105.11682891845703
25-08-2016,118.86000061035156,119.12000274658203,1172000,119.72000122070312,119.4000015258789,105.00250244140625
26-08-2016,119.06999969482422,119.63999938964844,1347500,120.77999877929688,119.62999725341797,105.20478057861328
29-08-2016,119.58000183105469,119.70999908447266,1057700,120.66999816894531,120.48999786376953,105.9610595703125
30-08-2016,119.87000274658203,120.4800033569336,1162400,120.4800033569336,120.16999816894531,105.6796646118164
31-08-2016,118.75,119.94000244140625,1604700,119.9800033569336,118.8499984741211,104.51882934570312
01-09-2016,118.04000091552734,118.86000061035156,1427200,119.6500015258789,119.63999938964844,105.21356964111328
02-09-2016,119.94999694824219,123.5,1519400,123.5,121.12000274658203,106.51509094238281
06-09-2016,119.06999969482422,121.02999877929688,2116900,121.30999755859375,119.81999969482422,105.37186431884766
07-09-2016,119.04000091552734,119.5,1062000,119.7699966430664,119.66000366210938,105.23116302490234
08-09-2016,118.91999816894531,119.16000366210938,1268300,119.88999938964844,119.0199966430664,104.6683120727539
09-09-2016,115.77999877929688,118.08999633789062,1800400,118.31999969482422,115.77999877929688,101.81901550292969
12-09-2016,114.91000366210938,115.13999938964844,1542400,118.04000091552734,117.76000213623047,103.56026458740234
13-09-2016,115.44999694824219,116.79000091552734,2287200,117.38999938964844,115.69000244140625,101.7398681640625
14-09-2016,115.5199966430664,115.72000122070312,1591900,116.51000213623047,116.12000274658203,102.11801147460938
15-09-2016,115.83000183105469,116.06999969482422,974100,117.63999938964844,117.3499984741211,103.19970703125
16-09-2016,115.81999969482422,116.94000244140625,1743800,116.97000122070312,116.19000244140625,102.1795654296875
19-09-2016,116.70999908447266,117.0,999200,117.9800033569336,117.16000366210938,103.0326156616211
20-09-2016,117.80000305175781,117.91000366210938,1731900,118.94999694824219,118.4000015258789,104.1230697631836
21-09-2016,117.77999877929688,118.80000305175781,1537700,119.20999908447266,119.05999755859375,104.70350646972656
22-09-2016,119.62000274658203,120.11000061035156,998200,120.55999755859375,119.69000244140625,105.25753784179688
23-09-2016,117.69999694824219,119.3499984741211,1112800,119.43000030517578,117.80999755859375,103.60423278808594
26-09-2016,117.0,117.54000091552734,1134000,118.62999725341797,117.7300033569336,103.53386688232422
27-09-2016,117.29000091552734,117.69000244140625,1582200,119.45999908447266,119.0,104.65074157714844
28-09-2016,118.54000091552734,118.7300033569336,1473100,120.06999969482422,120.01000213623047,106.11859130859375
29-09-2016,118.98999786376953,119.56999969482422,1515100,120.52999877929688,119.04000091552734,105.26087188720703
30-09-2016,119.27999877929688,119.83000183105469,1962300,120.73999786376953,119.83999633789062,105.96826934814453
03-10-2016,119.12000274658203,119.37000274658203,1587600,120.94000244140625,119.88999938964844,106.0124740600586
04-10-2016,118.69000244140625,119.61000061035156,1724100,120.12000274658203,119.05999755859375,105.27854919433594
05-10-2016,119.02999877929688,119.6500015258789,999600,120.0,119.2699966430664,105.46424102783203
06-10-2016,118.68000030517578,119.06999969482422,1070800,119.72000122070312,119.55999755859375,105.72067260742188
07-10-2016,117.05000305175781,119.36000061035156,2175500,119.58000183105469,117.19999694824219,103.63385772705078
10-10-2016,116.16000366210938,117.58000183105469,1824200,118.48999786376953,116.41000366210938,102.93529510498047
11-10-2016,113.81999969482422,116.11000061035156,3983300,116.41000366210938,115.04000091552734,101.72388458251953
12-10-2016,115.18000030517578,115.25,1781200,117.19999694824219,116.80000305175781,103.28016662597656
13-10-2016,115.4800033569336,116.02999877929688,1297900,116.22000122070312,115.83999633789062,102.4312744140625
14-10-2016,115.87000274658203,117.06999969482422,1195300,117.06999969482422,115.88999938964844,102.47550201416016
17-10-2016,115.9000015258789,115.98999786376953,1500300,116.75,116.06999969482422,102.63462829589844
18-10-2016,114.95999908447266,116.86000061035156,1790500,117.13999938964844,115.08000183105469,101.75924682617188
19-10-2016,115.05999755859375,115.56999969482422,2659000,115.93000030517578,115.72000122070312,102.32515716552734
20-10-2016,111.83999633789062,113.72000122070312,3767000,115.0,113.27999877929688,100.16761016845703
21-10-2016,112.12999725341797,112.13999938964844,2427400,113.77999877929688,113.05999755859375,99.97307586669922
24-10-2016,112.4800033569336,113.5,2232400,113.8499984741211,113.08999633789062,99.99957275390625
25-10-2016,111.83999633789062,112.68000030517578,1807300,113.12999725341797,111.83999633789062,98.89427947998047
26-10-2016,111.5,111.68000030517578,2324600,114.62000274658203,113.37999725341797,100.25601959228516
27-10-2016,112.2699966430664,113.5999984741211,1668500,113.93000030517578,113.31999969482422,100.2029800415039
28-10-2016,113.25,113.51000213623047,1264200,114.76000213623047,113.83999633789062,100.66276550292969
31-10-2016,113.54000091552734,114.33000183105469,1465300,114.37000274658203,113.56999969482422,100.42402648925781
01-11-2016,111.52999877929688,113.56999969482422,1400500,113.8499984741211,112.12000274658203,99.14189147949219
02-11-2016,111.8499984741211,112.25,2484100,113.98999786376953,113.41999816894531,100.2914047241211
03-11-2016,113.12999725341797,113.81999969482422,1322500,113.91000366210938,113.55999755859375,100.41519927978516
04-11-2016,113.2300033569336,113.62999725341797,1945400,114.97000122070312,114.0199966430664,100.82194519042969
07-11-2016,115.0,115.31999969482422,1605400,117.29000091552734,117.16000366210938,103.59849548339844
08-11-2016,116.68000030517578,116.97000122070312,1462700,118.87999725341797,117.73999786376953,104.11133575439453
09-11-2016,116.0,116.47000122070312,2558200,121.6500015258789,121.1500015258789,107.12664031982422
10-11-2016,121.58000183105469,121.58999633789062,2256100,123.58999633789062,123.25,108.98356628417969
11-11-2016,122.5199966430664,122.76000213623047,1655400,124.19000244140625,123.91000366210938,109.56716918945312
14-11-2016,123.26000213623047,124.4800033569336,1482200,124.97000122070312,123.51000213623047,109.21345520019531
15-11-2016,122.5999984741211,123.2699966430664,1345800,124.9800033569336,124.97000122070312,110.50445556640625
16-11-2016,123.9000015258789,124.62999725341797,1308800,125.1500015258789,124.56999969482422,110.15074920654297
17-11-2016,123.9000015258789,124.5,1161800,124.9800033569336,124.08999633789062,109.72630310058594
18-11-2016,123.22000122070312,123.94000244140625,1064800,124.38999938964844,123.95999908447266,109.61137390136719
21-11-2016,123.26000213623047,123.36000061035156,1897400,124.44000244140625,123.4800033569336,109.18694305419922
22-11-2016,123.19000244140625,123.5199966430664,1569900,124.62000274658203,124.44000244140625,110.03581237792969
23-11-2016,124.41000366210938,124.4800033569336,1151800,125.23999786376953,124.94000244140625,110.4779281616211
25-11-2016,124.73999786376953,125.0,465000,125.7699966430664,125.7699966430664,111.21185302734375
28-11-2016,124.7300033569336,125.41000366210938,906200,125.75,124.87000274658203,110.41604614257812
29-11-2016,124.12999725341797,124.58999633789062,1222800,126.16000366210938,125.61000061035156,111.07038879394531
30-11-2016,125.18000030517578,126.30999755859375,2457700,127.61000061035156,125.18000030517578,110.69014739990234
01-12-2016,124.9000015258789,125.69999694824219,2443100,126.2699966430664,125.30000305175781,110.79625701904297
02-12-2016,123.5,124.58999633789062,1918400,125.7699966430664,125.19999694824219,110.70782470703125
05-12-2016,125.45999908447266,125.73999786376953,1661600,126.62000274658203,126.11000061035156,111.51250457763672
06-12-2016,125.41000366210938,126.0999984741211,1011700,126.69000244140625,126.48999786376953,111.84851837158203
07-12-2016,126.13999938964844,126.23999786376953,1021200,127.98999786376953,127.93000030517578,113.121826171875
08-12-2016,126.0999984741211,127.9000015258789,1393500,127.95999908447266,126.77999877929688,112.10497283935547
09-12-2016,125.45999908447266,126.47000122070312,1157300,127.0199966430664,127.0199966430664,112.31717681884766
12-12-2016,126.38999938964844,127.0199966430664,803600,127.58000183105469,126.98999786376953,112.29061126708984
13-12-2016,125.56999969482422,127.33000183105469,1247500,127.62000274658203,126.16000366210938,111.55671691894531
14-12-2016,123.91000366210938,126.19999694824219,1640300,126.5,124.16000366210938,109.78822326660156
15-12-2016,123.86000061035156,123.93000030517578,1364100,126.33999633789062,125.06999969482422,110.59288787841797
16-12-2016,124.1500015258789,125.08000183105469,3206600,125.77999877929688,124.91999816894531,110.46023559570312
19-12-2016,124.68000030517578,125.16999816894531,1048200,125.98999786376953,125.95999908447266,111.37987518310547
20-12-2016,125.5999984741211,126.5199966430664,836600,126.7300033569336,125.91999816894531,111.34449768066406
21-12-2016,124.69999694824219,125.80999755859375,859700,125.91000366210938,124.69999694824219,110.26571655273438
22-12-2016,123.76000213623047,124.63999938964844,821400,124.95999908447266,124.6500015258789,110.22151184082031
23-12-2016,124.61000061035156,124.91000366210938,436100,125.18000030517578,124.8499984741211,110.39836120605469
27-12-2016,124.77999877929688,125.08000183105469,498200,125.54000091552734,125.20999908447266,110.71669006347656
28-12-2016,122.54000091552734,124.76000213623047,991900,125.01000213623047,122.63999938964844,109.01004791259766
29-12-2016,122.0,122.98999786376953,905600,123.38999938964844,122.48999786376953,108.87672424316406
30-12-2016,121.8499984741211,122.9800033569336,830400,122.9800033569336,122.45999908447266,108.85006713867188
03-01-2017,121.72000122070312,123.7300033569336,1298800,124.06999969482422,122.5199966430664,108.90337371826172
04-01-2017,122.38999938964844,123.05000305175781,1135000,123.29000091552734,122.98999786376953,109.32115936279297
05-01-2017,120.69999694824219,122.94999694824219,1480500,123.62999725341797,121.61000061035156,108.09455108642578
06-01-2017,121.4000015258789,121.91000366210938,958600,123.20999908447266,122.87999725341797,109.223388671875
09-01-2017,122.19000244140625,122.68000030517578,980900,123.2300033569336,122.27999877929688,108.6900634765625
10-01-2017,121.79000091552734,122.36000061035156,1560400,122.9000015258789,122.56999969482422,108.94784545898438
11-01-2017,122.0199966430664,122.5,1139000,123.27999877929688,123.16000366210938,109.47227478027344
12-01-2017,120.05999755859375,122.98999786376953,1287100,123.18000030517578,122.61000061035156,108.98340606689453
13-01-2017,122.61000061035156,122.61000061035156,1021600,123.66000366210938,123.38999938964844,109.67672729492188
17-01-2017,122.25,122.73999786376953,964100,123.26000213623047,122.81999969482422,109.17005920410156
18-01-2017,122.94000244140625,122.94000244140625,989600,124.02999877929688,123.66000366210938,109.91670227050781
19-01-2017,122.61000061035156,123.5999984741211,1145600,124.26000213623047,123.37000274658203,109.658935546875
20-01-2017,123.29000091552734,123.75,1109700,124.41999816894531,123.73999786376953,109.98780822753906
23-01-2017,123.1500015258789,123.5999984741211,1145700,124.12999725341797,124.05000305175781,110.26335144042969
24-01-2017,123.86000061035156,124.43000030517578,2431200,127.5,127.05999755859375,112.93882751464844
25-01-2017,124.83999633789062,129.11000061035156,3539400,130.16000366210938,128.57000732421875,114.2810287475586
26-01-2017,127.18000030517578,128.74000549316406,1915600,130.0399932861328,128.2100067138672,113.9610366821289
27-01-2017,128.27000427246094,128.27000427246094,1176000,129.63999938964844,128.86000061035156,114.53878784179688
30-01-2017,127.72000122070312,128.82000732421875,1483900,128.86000061035156,128.7899932861328,114.4765625
31-01-2017,126.55999755859375,128.49000549316406,1664200,128.6300048828125,127.19999694824219,113.06327056884766
01-02-2017,125.95999908447266,127.13999938964844,1371300,127.91999816894531,126.87999725341797,112.77884674072266
02-02-2017,126.05999755859375,126.5999984741211,964400,127.3499984741211,126.9800033569336,112.86773681640625
03-02-2017,126.47000122070312,127.5999984741211,1486600,127.66000366210938,127.20999908447266,113.07217407226562
06-02-2017,126.81999969482422,127.05999755859375,741000,127.77999877929688,127.29000091552734,113.14326477050781
07-02-2017,126.80999755859375,127.54000091552734,1114600,127.9800033569336,126.94000244140625,112.83216094970703
08-02-2017,126.5199966430664,126.91999816894531,759200,127.38999938964844,127.12000274658203,112.99215698242188
09-02-2017,127.12000274658203,127.12000274658203,1164100,128.25999450683594,127.26000213623047,113.11661529541016
10-02-2017,127.18000030517578,127.63999938964844,725200,128.10000610351562,128.0,113.77437591552734
13-02-2017,128.33999633789062,128.33999633789062,897700,129.63999938964844,129.3699951171875,114.9920883178711
14-02-2017,128.5399932861328,129.3000030517578,960900,129.7100067138672,129.60000610351562,115.19654846191406
15-02-2017,128.89999389648438,129.19000244140625,838400,129.97999572753906,129.75999450683594,115.33873748779297
16-02-2017,129.38999938964844,129.8300018310547,1185500,130.30999755859375,130.25999450683594,115.78317260742188
17-02-2017,128.02999877929688,129.1699981689453,1939500,130.36000061035156,130.30999755859375,115.82762908935547
21-02-2017,129.60000610351562,129.9499969482422,1502900,130.89999389648438,130.41000366210938,115.91651916503906
22-02-2017,129.64999389648438,129.75,1299600,130.85000610351562,130.1199951171875,115.65873718261719
23-02-2017,129.3699951171875,130.47999572753906,1589000,130.86000061035156,130.4199981689453,115.9254150390625
24-02-2017,129.57000732421875,130.0,1661300,131.67999267578125,131.67999267578125,117.04536437988281
27-02-2017,131.07000732421875,131.47999572753906,1125100,132.00999450683594,131.8800048828125,117.22315979003906
28-02-2017,131.32000732421875,131.61000061035156,2274600,132.1999969482422,132.00999450683594,117.33869171142578
01-03-2017,133.22999572753906,133.27999877929688,1884000,135.24000549316406,134.9199981689453,119.92527770996094
02-03-2017,133.8699951171875,134.50999450683594,1661100,134.89999389648438,134.24000549316406,119.32086944580078
03-03-2017,133.33999633789062,134.05999755859375,1030000,134.44000244140625,134.3300018310547,119.40087127685547
06-03-2017,133.44000244140625,133.52000427246094,1256200,134.44000244140625,134.13999938964844,119.2319564819336
07-03-2017,133.3800048828125,133.7899932861328,1167000,134.36000061035156,133.89999389648438,119.01863098144531
08-03-2017,133.72999572753906,133.8800048828125,869800,134.64999389648438,133.8800048828125,119.00086975097656
09-03-2017,132.35000610351562,133.6699981689453,1154200,134.05999755859375,132.9499969482422,118.17424011230469
10-03-2017,132.97000122070312,133.91000366210938,976500,134.0800018310547,134.02000427246094,119.12532043457031
13-03-2017,133.60000610351562,134.02000427246094,890500,134.44000244140625,134.27000427246094,119.3475570678711
14-03-2017,132.72000122070312,133.6199951171875,913600,133.75999450683594,133.24000549316406,118.43201446533203
15-03-2017,133.7100067138672,133.91000366210938,1002000,135.92999267578125,135.4600067138672,120.40528869628906
16-03-2017,134.10000610351562,135.11000061035156,1001700,136.02000427246094,134.47999572753906,119.5342025756836
17-03-2017,134.52000427246094,135.0,2867700,135.7899932861328,135.5,120.44083404541016
20-03-2017,135.02000427246094,135.72000122070312,915600,136.02999877929688,135.22000122070312,120.19194030761719
21-03-2017,133.24000549316406,135.72000122070312,1109100,135.97000122070312,133.47999572753906,118.64535522460938
22-03-2017,132.88999938964844,133.44000244140625,819600,134.0399932861328,133.85000610351562,118.97421264648438
23-03-2017,133.05999755859375,133.72000122070312,1207800,134.38999938964844,133.44000244140625,118.6097640991211
24-03-2017,132.35000610351562,133.4600067138672,1215400,134.19000244140625,132.77000427246094,118.01427459716797
27-03-2017,129.1699981689453,130.91000366210938,1734700,132.11000061035156,131.63999938964844,117.00981140136719
28-03-2017,130.8699951171875,131.82000732421875,1476100,133.47000122070312,132.91000366210938,118.1386947631836
29-03-2017,131.50999450683594,132.0800018310547,947600,132.2899932861328,131.9499969482422,117.86175537109375
30-03-2017,131.64999389648438,131.72999572753906,752200,133.07000732421875,132.61000061035156,118.45130157470703
31-03-2017,132.11000061035156,132.33999633789062,1095800,133.3699951171875,132.47000122070312,118.32625579833984
03-04-2017,130.7100067138672,132.97000122070312,1945500,133.3800048828125,131.5800018310547,117.53128814697266
04-04-2017,130.94000244140625,131.5800018310547,981200,131.89999389648438,131.61000061035156,117.5580825805664
05-04-2017,130.97000122070312,132.1999969482422,1190400,133.17999267578125,131.05999755859375,117.06680297851562
06-04-2017,130.8300018310547,131.27999877929688,958900,132.35000610351562,131.6199951171875,117.56700897216797
07-04-2017,131.44000244140625,131.4600067138672,725300,132.32000732421875,131.72999572753906,117.66527557373047
10-04-2017,131.7100067138672,131.7100067138672,927500,132.77999877929688,132.24000549316406,118.12083435058594
11-04-2017,131.36000061035156,131.9199981689453,1400100,132.83999633789062,132.80999755859375,118.62994384765625
12-04-2017,130.7899932861328,132.7899932861328,1453900,132.7899932861328,130.8699951171875,116.8970718383789
13-04-2017,130.1699981689453,130.7100067138672,747400,131.57000732421875,130.1699981689453,116.27181243896484
17-04-2017,130.1699981689453,130.63999938964844,862200,131.47000122070312,131.3699951171875,117.34371185302734
18-04-2017,130.5800018310547,130.5800018310547,1610400,133.0,132.38999938964844,118.2547836303711
19-04-2017,131.7899932861328,132.8000030517578,1098400,133.19000244140625,132.1199951171875,118.01361083984375
20-04-2017,132.52000427246094,132.7899932861328,1276400,134.9199981689453,134.5800018310547,120.21098327636719
21-04-2017,134.58999633789062,134.8699951171875,2193400,135.7100067138672,134.8699951171875,120.47000122070312
24-04-2017,138.6300048828125,138.7899932861328,4098900,142.82000732421875,139.75999450683594,124.83792114257812
25-04-2017,138.72000122070312,138.91000366210938,2972700,140.99000549316406,139.25999450683594,124.39128875732422
26-04-2017,139.00999450683594,139.5,1938600,139.89999389648438,139.13999938964844,124.28409576416016
27-04-2017,139.02999877929688,139.2899932861328,1230300,140.2100067138672,139.4199981689453,124.53418731689453
28-04-2017,137.91000366210938,139.33999633789062,1535500,139.6199951171875,138.08999633789062,123.3462142944336
01-05-2017,136.5800018310547,137.8800048828125,1626800,138.0800018310547,137.64999389648438,122.95319366455078
02-05-2017,136.66000366210938,138.4600067138672,1675300,138.9199981689453,137.22000122070312,122.56910705566406
03-05-2017,136.47999572753906,137.05999755859375,1223000,138.0800018310547,137.9499969482422,123.22116088867188
04-05-2017,137.42999267578125,138.25,1541600,138.55999755859375,138.27000427246094,123.50700378417969
05-05-2017,138.38999938964844,138.85000610351562,924600,139.63999938964844,139.60000610351562,124.69496154785156
08-05-2017,139.10000610351562,139.33999633789062,874000,139.77999877929688,139.5399932861328,124.64139556884766
09-05-2017,138.58999633789062,139.4199981689453,792200,139.7899932861328,138.9499969482422,124.11438751220703
10-05-2017,137.60000610351562,138.8699951171875,893300,139.25999450683594,138.3000030517578,123.5338134765625
11-05-2017,136.47000122070312,138.33999633789062,1084900,138.33999633789062,138.0,123.26579284667969
12-05-2017,137.1199951171875,137.72000122070312,961000,137.97999572753906,137.3800048828125,122.71202850341797
15-05-2017,137.36000061035156,137.5399932861328,776800,138.19000244140625,137.69000244140625,122.9889144897461
16-05-2017,137.00999450683594,138.0500030517578,772700,138.07000732421875,137.72000122070312,123.01570892333984
17-05-2017,134.7100067138672,137.72000122070312,1625800,137.72000122070312,134.77999877929688,120.38963317871094
18-05-2017,133.89999389648438,134.9600067138672,1216400,136.22999572753906,135.35000610351562,120.89877319335938
19-05-2017,135.30999755859375,137.17999267578125,1085300,137.82000732421875,137.0,122.37258911132812
22-05-2017,137.19000244140625,137.52000427246094,817700,138.0399932861328,137.86000061035156,123.14075469970703
23-05-2017,137.5,138.0,1064100,139.0500030517578,138.77999877929688,123.96253967285156
24-05-2017,138.49000549316406,139.3000030517578,862100,139.7100067138672,139.52000427246094,124.62351989746094
25-05-2017,139.16000366210938,139.97999572753906,891200,140.72999572753906,140.5,125.49885559082031
26-05-2017,140.02999877929688,140.05999755859375,693900,140.77999877929688,140.3699951171875,125.38276672363281
30-05-2017,139.7899932861328,140.11000061035156,972500,141.4199981689453,141.10000610351562,126.03483581542969
31-05-2017,140.2899932861328,140.97999572753906,1223600,141.49000549316406,141.22000122070312,126.14202880859375
01-06-2017,142.0,143.16000366210938,1343400,143.69000244140625,143.33999633789062,128.0356903076172
02-06-2017,143.13999938964844,143.55999755859375,1084000,144.86000061035156,143.61000061035156,128.27685546875
05-06-2017,143.5399932861328,143.63999938964844,1490900,144.3699951171875,144.02000427246094,128.64308166503906
06-06-2017,142.7899932861328,143.69000244140625,963300,144.11000061035156,142.97999572753906,127.714111328125
07-06-2017,142.72000122070312,143.11000061035156,1513600,144.7100067138672,144.57000732421875,129.13436889648438
08-06-2017,143.10000610351562,144.57000732421875,1455300,144.9600067138672,144.58999633789062,129.1521759033203
09-06-2017,143.80999755859375,144.69000244140625,1140500,145.3800048828125,144.8000030517578,129.33981323242188
12-06-2017,143.47000122070312,144.8000030517578,1139100,145.60000610351562,144.72000122070312,129.26832580566406
13-06-2017,144.67999267578125,145.1199951171875,1175400,146.6699981689453,146.4199981689453,130.7868194580078
14-06-2017,145.97999572753906,146.9600067138672,1259800,147.0,146.74000549316406,131.07264709472656
15-06-2017,145.25,145.2899932861328,1104200,148.22999572753906,148.2100067138672,132.3856964111328
16-06-2017,148.38999938964844,148.57000732421875,2145600,149.55999755859375,148.6300048828125,132.76089477539062
19-06-2017,148.7899932861328,149.32000732421875,890200,150.24000549316406,150.17999267578125,134.14535522460938
20-06-2017,149.00999450683594,149.36000061035156,1296400,150.2899932861328,149.60000610351562,133.6272735595703
21-06-2017,146.52000427246094,149.6699981689453,2165200,149.9499969482422,146.61000061035156,130.95654296875
22-06-2017,145.4600067138672,146.44000244140625,1196200,146.63999938964844,146.19000244140625,130.5813751220703
23-06-2017,145.6199951171875,146.27000427246094,1344600,146.5800018310547,145.77999877929688,130.2151641845703
26-06-2017,144.89999389648438,146.00999450683594,837400,146.3000030517578,145.33999633789062,129.82211303710938
27-06-2017,142.16000366210938,144.7100067138672,1702100,145.44000244140625,142.27000427246094,127.07990264892578
28-06-2017,142.27999877929688,142.75999450683594,773900,144.22999572753906,143.6300048828125,128.88352966308594
29-06-2017,141.08999633789062,143.6699981689453,1049800,143.8000030517578,141.6199951171875,127.07990264892578
30-06-2017,142.0399932861328,142.0399932861328,1231700,143.92999267578125,143.25,128.54258728027344
03-07-2017,143.6999969482422,144.1999969482422,469500,144.80999755859375,144.11000061035156,129.31422424316406
05-07-2017,144.14999389648438,144.38999938964844,1079200,145.75999450683594,145.47999572753906,130.5435791015625
06-07-2017,144.0500030517578,145.02999877929688,836900,145.64999389648438,144.35000610351562,129.5296173095703
07-07-2017,144.52999877929688,144.6999969482422,989400,146.97999572753906,146.05999755859375,131.06405639648438
10-07-2017,145.6199951171875,145.6199951171875,1088700,147.22999572753906,146.24000549316406,131.2255859375
11-07-2017,144.7100067138672,146.2100067138672,1085500,146.5399932861328,145.82000732421875,130.84873962402344
12-07-2017,146.02000427246094,146.77999877929688,754300,147.50999450683594,146.24000549316406,131.2255859375
13-07-2017,144.5,146.10000610351562,1157200,146.1199951171875,144.6999969482422,129.8436737060547
14-07-2017,144.72999572753906,144.9600067138672,911100,145.9600067138672,145.6999969482422,130.7410125732422
17-07-2017,144.9600067138672,145.42999267578125,801400,146.7100067138672,146.2100067138672,131.19866943359375
18-07-2017,145.64999389648438,145.97000122070312,907800,146.7899932861328,146.63999938964844,131.5845184326172
19-07-2017,146.44000244140625,146.9499969482422,940700,147.72000122070312,147.67999267578125,132.51773071289062
20-07-2017,146.52999877929688,147.4600067138672,1178600,147.72000122070312,147.1199951171875,132.0152130126953
21-07-2017,145.92999267578125,146.52000427246094,1642700,147.88999938964844,147.2899932861328,132.1677703857422
24-07-2017,140.02000427246094,143.4499969482422,3224800,143.8699951171875,141.97999572753906,127.40290832519531
25-07-2017,140.5800018310547,143.0,2068700,143.57000732421875,141.64999389648438,127.10681915283203
26-07-2017,139.99000549316406,141.7100067138672,1307300,141.8300018310547,140.07000732421875,125.68905639648438
27-07-2017,139.50999450683594,140.3699951171875,1394600,140.85000610351562,140.82000732421875,126.362060546875
28-07-2017,139.91000366210938,140.69000244140625,1305900,141.07000732421875,140.8300018310547,126.37102508544922
31-07-2017,140.55999755859375,141.2100067138672,1181200,141.72000122070312,140.7100067138672,126.26333618164062
01-08-2017,139.55999755859375,141.10000610351562,1621300,141.33999633789062,139.91000366210938,125.54548645019531
02-08-2017,140.07000732421875,140.07000732421875,1484700,141.77000427246094,141.77000427246094,127.21453094482422
03-08-2017,140.1699981689453,141.8000030517578,1419300,141.83999633789062,141.42999267578125,126.90938568115234
04-08-2017,141.3800048828125,141.60000610351562,1223300,143.05999755859375,142.8800048828125,128.21055603027344
07-08-2017,140.83999633789062,141.67999267578125,1335600,142.50999450683594,141.6699981689453,127.12478637695312
08-08-2017,140.92999267578125,141.9499969482422,1009500,141.9499969482422,141.33999633789062,126.8286361694336
09-08-2017,140.2899932861328,141.25,1306600,141.77999877929688,140.72999572753906,126.2812728881836
10-08-2017,137.35000610351562,140.5399932861328,2062200,140.85000610351562,137.47000122070312,123.3559799194336
11-08-2017,137.8000030517578,138.1199951171875,964300,138.9199981689453,138.36000061035156,124.15461730957031
14-08-2017,138.86000061035156,139.55999755859375,777800,139.8800048828125,139.0500030517578,124.77377319335938
15-08-2017,138.99000549316406,139.05999755859375,1165000,139.7100067138672,139.08999633789062,124.8096923828125
16-08-2017,138.89999389648438,139.52999877929688,1091400,140.19000244140625,140.02999877929688,125.65315246582031
17-08-2017,136.1300048828125,138.5500030517578,1633300,138.9499969482422,136.19000244140625,122.2074203491211
18-08-2017,135.5399932861328,135.97999572753906,1123700,137.50999450683594,135.6699981689453,121.74076843261719
21-08-2017,135.07000732421875,135.60000610351562,1150600,136.0399932861328,135.60000610351562,121.677978515625
22-08-2017,135.9499969482422,136.1699981689453,918900,138.0800018310547,137.8699951171875,123.71491241455078
23-08-2017,136.44000244140625,137.19000244140625,729000,137.47000122070312,136.47999572753906,122.46764373779297
24-08-2017,135.6999969482422,136.75,740900,136.91000366210938,135.8699951171875,121.9202651977539
25-08-2017,136.44000244140625,136.7100067138672,621700,137.3800048828125,136.80999755859375,122.76374816894531
28-08-2017,136.1999969482422,137.11000061035156,591800,137.49000549316406,136.52999877929688,122.51248931884766
29-08-2017,135.1999969482422,135.8699951171875,912100,137.08999633789062,136.85000610351562,122.79964447021484
30-08-2017,136.3000030517578,136.75,1016900,137.22000122070312,136.94000244140625,122.8803939819336
31-08-2017,136.97000122070312,137.41000366210938,867800,137.77000427246094,137.50999450683594,123.39188385009766
01-09-2017,137.58999633789062,138.0,706700,138.66000366210938,137.72000122070312,123.58031463623047
05-09-2017,136.0399932861328,137.32000732421875,1069800,137.7899932861328,136.4499969482422,122.44071960449219
06-09-2017,136.5800018310547,137.14999389648438,1097300,137.39999389648438,136.89999389648438,122.84449005126953
07-09-2017,136.6699981689453,137.25,1219400,138.7100067138672,138.1300048828125,123.94822692871094
08-09-2017,137.83999633789062,137.83999633789062,1302900,140.41000366210938,140.0399932861328,125.66213989257812
11-09-2017,140.38999938964844,140.8699951171875,1125300,141.52999877929688,141.52000427246094,126.99016571044922
12-09-2017,141.35000610351562,141.80999755859375,810900,142.86000061035156,142.85000610351562,128.18362426757812
13-09-2017,142.13999938964844,142.49000549316406,753200,143.1999969482422,143.0,128.31820678710938
14-09-2017,142.3000030517578,142.77999877929688,1901400,145.47000122070312,145.07000732421875,130.17572021484375
15-09-2017,143.88999938964844,144.97000122070312,1915700,145.8300018310547,145.63999938964844,130.68716430664062
18-09-2017,145.6199951171875,145.97999572753906,712000,147.0399932861328,146.94000244140625,131.8537139892578
19-09-2017,146.89999389648438,147.10000610351562,1025700,148.10000610351562,148.0,132.80487060546875
20-09-2017,147.27000427246094,148.1300048828125,932000,148.27999877929688,147.75999450683594,132.5895233154297
21-09-2017,147.27999877929688,147.75999450683594,825700,148.10000610351562,147.33999633789062,132.21263122558594
22-09-2017,147.13999938964844,147.35000610351562,793200,147.9199981689453,147.39999389648438,132.2664794921875
25-09-2017,146.07000732421875,147.33999633789062,1112100,147.55999755859375,147.07000732421875,131.9703826904297
26-09-2017,146.80999755859375,147.32000732421875,617900,147.6300048828125,147.08999633789062,131.98829650878906
27-09-2017,146.8699951171875,147.6300048828125,931600,148.11000061035156,147.75999450683594,132.5895233154297
28-09-2017,146.42999267578125,146.89999389648438,697500,147.60000610351562,147.1999969482422,132.7879638671875
29-09-2017,146.6199951171875,146.9499969482422,1006100,148.0500030517578,147.9600067138672,133.47357177734375
02-10-2017,147.9600067138672,147.9600067138672,1180900,150.16000366210938,150.16000366210938,135.4581756591797
03-10-2017,149.5800018310547,150.2100067138672,1586300,150.8699951171875,149.7899932861328,135.12440490722656
04-10-2017,149.47000122070312,149.77999877929688,1376100,150.33999633789062,150.00999450683594,135.32286071777344
05-10-2017,149.82000732421875,150.0800018310547,1336300,152.6199951171875,151.5,136.66700744628906
06-10-2017,150.72999572753906,151.10000610351562,801000,151.67999267578125,151.6300048828125,136.78424072265625
09-10-2017,151.25999450683594,152.10000610351562,750900,152.25,151.6999969482422,136.84739685058594
10-10-2017,151.3800048828125,152.5,930200,152.5,151.6199951171875,136.7752227783203
11-10-2017,150.8699951171875,151.6199951171875,974300,151.64999389648438,151.44000244140625,136.61282348632812
12-10-2017,151.0399932861328,151.25999450683594,814700,153.35000610351562,153.22999572753906,138.2275848388672
13-10-2017,152.67999267578125,154.0,702400,154.3800048828125,152.82000732421875,137.8577423095703
16-10-2017,153.02000427246094,153.47000122070312,535800,153.8000030517578,153.41000366210938,138.38995361328125
17-10-2017,152.64999389648438,153.0399932861328,725900,153.38999938964844,153.07000732421875,138.08326721191406
18-10-2017,152.74000549316406,153.24000549316406,785500,154.38999938964844,153.75999450683594,138.70570373535156
19-10-2017,152.6699981689453,153.2899932861328,876200,153.75,153.47999572753906,138.45310974121094
20-10-2017,153.8300018310547,154.33999633789062,1477800,155.1199951171875,155.02999877929688,139.85137939453125
23-10-2017,148.44000244140625,149.35000610351562,2293900,157.27999877929688,155.50999450683594,140.28436279296875
24-10-2017,156.0,156.6300048828125,2129300,159.36000061035156,158.4199981689453,142.9094696044922
25-10-2017,156.0500030517578,158.1699981689453,1621700,158.2100067138672,157.5399932861328,142.11561584472656
26-10-2017,157.42999267578125,158.6699981689453,950400,158.97999572753906,157.5,142.0795440673828
27-10-2017,157.47999572753906,157.5,1136500,159.1199951171875,159.05999755859375,143.48680114746094
30-10-2017,157.3300018310547,158.4499969482422,979100,158.86000061035156,157.35000610351562,141.94422912597656
31-10-2017,156.5,157.58999633789062,1015900,157.8800048828125,156.52000427246094,141.19546508789062
01-11-2017,154.97000122070312,156.9600067138672,1725100,157.02999877929688,155.1199951171875,139.9325408935547
02-11-2017,154.69000244140625,155.4199981689453,883900,157.00999450683594,156.97999572753906,141.6104278564453
03-11-2017,156.1999969482422,156.99000549316406,1031300,157.58999633789062,157.3000030517578,141.8990936279297
06-11-2017,156.60000610351562,157.5,1061700,158.22999572753906,157.99000549316406,142.52154541015625
07-11-2017,157.25,157.97999572753906,570100,158.4199981689453,157.8300018310547,142.37721252441406
08-11-2017,157.1199951171875,157.2899932861328,425800,157.9600067138672,157.64999389648438,142.21484375
09-11-2017,155.22000122070312,156.77000427246094,1160300,156.8300018310547,156.35000610351562,141.04209899902344
10-11-2017,155.72000122070312,155.75999450683594,757000,157.4199981689453,157.13999938964844,141.75477600097656
13-11-2017,156.05999755859375,156.2899932861328,916800,158.0800018310547,157.61000061035156,142.17877197265625
14-11-2017,156.3300018310547,156.55999755859375,1084100,158.67999267578125,158.5399932861328,143.0177001953125
15-11-2017,155.36000061035156,157.8300018310547,918500,157.8300018310547,155.85000610351562,140.59107971191406
16-11-2017,155.83999633789062,156.1199951171875,839500,158.42999267578125,157.9199981689453,142.45840454101562
17-11-2017,156.47999572753906,156.97000122070312,793200,157.64999389648438,157.13999938964844,141.75477600097656
20-11-2017,157.0500030517578,157.5399932861328,713800,159.58999633789062,158.85000610351562,143.29734802246094
21-11-2017,159.00999450683594,159.08999633789062,851700,159.9600067138672,159.4600067138672,143.84765625
22-11-2017,158.36000061035156,159.3000030517578,744700,159.8699951171875,159.6199951171875,143.991943359375
24-11-2017,159.64999389648438,160.0,346200,160.47000122070312,159.83999633789062,144.19044494628906
27-11-2017,159.85000610351562,160.0800018310547,759600,161.10000610351562,160.82000732421875,145.07449340820312
28-11-2017,160.75999450683594,161.25,1609800,164.5399932861328,164.47999572753906,148.37615966796875
29-11-2017,163.27999877929688,164.5,1455600,166.05999755859375,165.8800048828125,149.63906860351562
30-11-2017,165.8699951171875,166.3300018310547,2090300,169.52000427246094,169.25,152.67910766601562
01-12-2017,162.55999755859375,169.30999755859375,1913600,169.69000244140625,164.8699951171875,148.72792053222656
04-12-2017,166.0500030517578,166.89999389648438,2221600,168.89999389648438,166.22000122070312,149.9457550048828
05-12-2017,164.85000610351562,167.02999877929688,1118400,167.5,165.02000427246094,148.86325073242188
06-12-2017,165.11000061035156,166.52000427246094,978500,167.27000427246094,166.3000030517578,150.0179443359375
07-12-2017,165.91000366210938,165.91000366210938,872400,167.75,166.49000549316406,150.18934631347656
08-12-2017,166.0500030517578,166.2899932861328,1178700,166.99000549316406,166.49000549316406,150.18934631347656
11-12-2017,164.41000366210938,167.39999389648438,1844600,167.57000732421875,165.02999877929688,148.8722686767578
12-12-2017,163.74000549316406,165.33999633789062,1481300,165.63999938964844,163.8800048828125,147.8348846435547
13-12-2017,163.44000244140625,164.11000061035156,2143100,165.22000122070312,163.82000732421875,147.78076171875
14-12-2017,162.58999633789062,164.3699951171875,979400,164.97000122070312,162.64999389648438,146.72528076171875
15-12-2017,163.5500030517578,164.00999450683594,1985400,165.7100067138672,165.1699981689453,148.99859619140625
18-12-2017,165.47999572753906,165.6699981689453,1330000,166.57000732421875,166.05999755859375,149.8013916015625
19-12-2017,166.07000732421875,166.92999267578125,1004100,167.8699951171875,167.4600067138672,151.06439208984375
20-12-2017,167.6300048828125,167.9499969482422,1057500,168.88999938964844,168.5500030517578,152.04763793945312
21-12-2017,167.77999877929688,169.0,829500,169.1999969482422,168.25999450683594,151.78602600097656
22-12-2017,166.9499969482422,168.8300018310547,623400,168.8300018310547,167.1300048828125,150.7666778564453
26-12-2017,166.6999969482422,167.52000427246094,524000,168.13999938964844,167.10000610351562,150.7396240234375
27-12-2017,166.30999755859375,167.10000610351562,1215900,167.25,167.1300048828125,150.7666778564453
28-12-2017,166.24000549316406,167.11000061035156,866800,167.11000061035156,166.7100067138672,151.0929412841797
29-12-2017,166.64999389648438,167.4600067138672,724300,167.55999755859375,166.85000610351562,151.2198486328125
02-01-2018,164.64999389648438,167.30999755859375,1281100,167.49000549316406,165.27000427246094,149.787841796875
03-01-2018,163.9199981689453,164.83999633789062,1547300,166.13999938964844,165.9600067138672,150.41323852539062
04-01-2018,164.50999450683594,165.0,1392200,166.9199981689453,166.14999389648438,150.58543395996094
05-01-2018,164.72999572753906,166.72000122070312,1442600,167.10000610351562,166.02999877929688,150.47666931152344
08-01-2018,165.7899932861328,166.07000732421875,2292300,168.6199951171875,167.57000732421875,151.87237548828125
09-01-2018,167.52999877929688,167.69000244140625,1116500,169.44000244140625,168.86000061035156,153.0415496826172
10-01-2018,166.66000366210938,168.77999877929688,1027200,168.77999877929688,167.30999755859375,151.63674926757812
11-01-2018,167.0,167.3800048828125,830200,169.0800018310547,169.0,153.16844177246094
12-01-2018,169.13999938964844,169.41000366210938,953200,171.52000427246094,170.52000427246094,154.54605102539062
16-01-2018,168.74000549316406,171.4199981689453,1365300,171.9199981689453,169.22000122070312,153.3677978515625
17-01-2018,170.0500030517578,170.52999877929688,1135800,172.0,171.02000427246094,154.99920654296875
18-01-2018,169.77000427246094,171.00999450683594,918800,172.2100067138672,170.32000732421875,154.36477661132812
19-01-2018,170.72999572753906,171.13999938964844,1245400,172.63999938964844,172.4199981689453,156.26806640625
22-01-2018,170.92999267578125,172.4199981689453,1141500,173.38999938964844,173.38999938964844,157.14718627929688
23-01-2018,172.1999969482422,173.22999572753906,1497400,173.55999755859375,173.05999755859375,156.8480987548828
24-01-2018,172.52999877929688,176.00999450683594,2294700,177.64999389648438,173.75999450683594,157.48252868652344
25-01-2018,171.63999938964844,174.2100067138672,1535500,175.47999572753906,174.75999450683594,158.38885498046875
26-01-2018,174.74000549316406,175.5399932861328,1851000,178.89999389648438,178.8800048828125,162.12289428710938
29-01-2018,176.1699981689453,178.57000732421875,1507600,179.07000732421875,176.89999389648438,160.32838439941406
30-01-2018,174.32000732421875,175.74000549316406,1360100,176.0800018310547,175.19000244140625,158.77854919433594
31-01-2018,172.9499969482422,175.97000122070312,1529400,176.3800048828125,173.6699981689453,157.4009552001953
01-02-2018,171.72000122070312,172.60000610351562,1263000,174.63999938964844,173.0800018310547,156.8662109375
02-02-2018,169.85000610351562,171.91000366210938,1518800,173.25,170.3800048828125,154.41917419433594
05-02-2018,160.42999267578125,169.52999877929688,2068100,171.3000030517578,161.1199951171875,146.02662658691406
06-02-2018,156.25999450683594,158.2100067138672,2478200,165.0,164.13999938964844,148.763671875
07-02-2018,163.1199951171875,163.64999389648438,1631700,167.64999389648438,163.44000244140625,148.1292724609375
08-02-2018,155.97000122070312,163.39999389648438,2062600,163.91000366210938,156.14999389648438,141.52218627929688
09-02-2018,154.64999389648438,158.19000244140625,2279700,161.5500030517578,160.1300048828125,145.1293487548828
12-02-2018,159.33999633789062,161.02000427246094,1766400,163.22999572753906,161.4199981689453,146.29852294921875
13-02-2018,160.22000122070312,160.3699951171875,1205000,162.33999633789062,161.85000610351562,146.68826293945312
14-02-2018,160.38999938964844,160.49000549316406,1348900,163.1300048828125,162.47000122070312,147.2501678466797
15-02-2018,161.5500030517578,163.5,1118900,164.1999969482422,163.36000061035156,148.05677795410156
16-02-2018,162.32000732421875,162.9199981689453,1613600,164.82000732421875,162.5500030517578,147.32269287109375
20-02-2018,160.64999389648438,161.58999633789062,1537300,163.0399932861328,161.33999633789062,146.22598266601562
21-02-2018,161.22000122070312,161.57000732421875,1225300,164.35000610351562,161.25999450683594,146.15345764160156
22-02-2018,161.5500030517578,162.27999877929688,1283500,164.99000549316406,163.32000732421875,148.0205535888672
23-02-2018,162.4600067138672,164.4600067138672,773600,164.8300018310547,163.9600067138672,148.60055541992188
26-02-2018,163.5,164.1199951171875,981500,165.75,165.4499969482422,149.9510040283203
27-02-2018,163.19000244140625,165.4499969482422,762200,167.0399932861328,163.24000549316406,147.9480438232422
28-02-2018,161.42999267578125,163.77000427246094,1172000,164.64999389648438,161.44000244140625,146.316650390625
01-03-2018,157.44000244140625,161.55999755859375,1871600,162.66000366210938,158.44000244140625,143.59765625
02-03-2018,156.2899932861328,157.5,1412200,159.13999938964844,158.55999755859375,143.7064208984375
05-03-2018,156.9499969482422,157.94000244140625,1840300,160.4600067138672,159.67999267578125,144.7214813232422
06-03-2018,159.75,160.58999633789062,1230500,161.91000366210938,161.64999389648438,146.5069580078125
07-03-2018,159.0500030517578,159.74000549316406,1194700,163.72999572753906,163.0,147.73052978515625
08-03-2018,163.58999633789062,164.30999755859375,2453000,166.6199951171875,166.25,150.6760711669922
09-03-2018,166.52999877929688,167.17999267578125,2205000,171.08999633789062,170.3000030517578,154.34661865234375
12-03-2018,167.83999633789062,170.5,1832200,170.69000244140625,169.1999969482422,153.34970092773438
13-03-2018,169.39999389648438,169.7899932861328,1647300,171.67999267578125,169.92999267578125,154.01129150390625
14-03-2018,168.60000610351562,170.72000122070312,2172800,171.24000549316406,169.33999633789062,153.47657775878906
15-03-2018,169.10000610351562,169.67999267578125,1184300,171.8300018310547,170.17999267578125,154.23789978027344
16-03-2018,169.6999969482422,170.63999938964844,1940600,171.8300018310547,170.9600067138672,154.94482421875
19-03-2018,165.85000610351562,170.22999572753906,1653700,170.64999389648438,167.6300048828125,151.9267578125
20-03-2018,167.1199951171875,168.10000610351562,1402800,169.10000610351562,167.8000030517578,152.0808563232422
21-03-2018,166.75,167.8000030517578,1317800,170.10000610351562,168.22000122070312,152.46151733398438
22-03-2018,162.3699951171875,166.5500030517578,1277300,167.13999938964844,162.75,147.50392150878906
23-03-2018,156.6699981689453,163.05999755859375,1898700,164.02999877929688,156.91000366210938,142.21099853515625
26-03-2018,156.39999389648438,160.13999938964844,1510100,160.6300048828125,160.00999450683594,145.0205841064453
27-03-2018,154.61000061035156,160.36000061035156,1567300,160.58999633789062,155.63999938964844,141.0599822998047
28-03-2018,153.07000732421875,155.3000030517578,1891000,156.1199951171875,153.86000061035156,140.14907836914062
29-03-2018,154.41000366210938,154.86000061035156,1148800,158.39999389648438,156.66000366210938,142.69956970214844
02-04-2018,150.74000549316406,155.6999969482422,2008800,155.99000549316406,152.86000061035156,139.23817443847656
03-04-2018,152.55999755859375,153.6300048828125,1582700,155.49000549316406,155.36000061035156,141.51539611816406
04-04-2018,151.63999938964844,151.8699951171875,1868600,158.30999755859375,158.02999877929688,143.94749450683594
05-04-2018,157.74000549316406,158.9499969482422,1493700,160.0800018310547,158.72000122070312,144.5759735107422
06-04-2018,151.33999633789062,157.08999633789062,1514800,157.64999389648438,152.60000610351562,139.00132751464844
09-04-2018,152.3300018310547,153.9199981689453,1011900,155.82000732421875,152.58999633789062,138.99224853515625
10-04-2018,154.44000244140625,156.19000244140625,1909600,157.50999450683594,156.25999450683594,142.33518981933594
11-04-2018,153.66000366210938,154.63999938964844,898900,155.60000610351562,154.5,140.7320556640625
12-04-2018,155.02000427246094,155.42999267578125,933400,156.85000610351562,155.74000549316406,141.8615264892578
13-04-2018,154.3699951171875,157.00999450683594,732000,157.13999938964844,155.02000427246094,141.20570373535156
16-04-2018,155.49000549316406,156.5800018310547,836400,156.94000244140625,156.36000061035156,142.42628479003906
17-04-2018,156.80999755859375,157.27999877929688,802700,158.60000610351562,157.97000122070312,143.89285278320312
18-04-2018,157.25,158.67999267578125,1270000,160.2100067138672,159.39999389648438,145.1953887939453
19-04-2018,157.5399932861328,159.32000732421875,976400,159.64999389648438,159.08999633789062,144.9130096435547
20-04-2018,157.5800018310547,159.05999755859375,1181300,159.6699981689453,158.2899932861328,144.18429565429688
23-04-2018,156.1699981689453,158.44000244140625,1128600,158.88999938964844,156.60000610351562,142.64491271972656
24-04-2018,147.58999633789062,157.17999267578125,2220600,157.99000549316406,149.64999389648438,136.3142547607422
25-04-2018,147.6999969482422,149.6300048828125,2070900,152.4499969482422,151.60000610351562,138.09043884277344
26-04-2018,140.44000244140625,148.8300018310547,4182600,148.83999633789062,141.41000366210938,128.8085479736328
27-04-2018,140.3699951171875,142.5800018310547,2946500,143.61000061035156,142.57000732421875,129.8651885986328
30-04-2018,141.92999267578125,143.63999938964844,2307600,145.0,142.02000427246094,129.36416625976562
01-05-2018,138.80999755859375,141.07000732421875,2667900,144.0,144.0,131.167724609375
02-05-2018,142.94000244140625,143.25,2073800,145.3699951171875,143.11000061035156,130.3570556640625
03-05-2018,141.0,141.85000610351562,2312800,145.10000610351562,144.2899932861328,131.43190002441406
04-05-2018,142.77000427246094,144.0399932861328,1462000,146.3800048828125,145.47000122070312,132.5067596435547
07-05-2018,144.25,145.72999572753906,1289100,146.47999572753906,144.7899932861328,131.8873291015625
08-05-2018,143.1699981689453,143.27000427246094,1352500,145.74000549316406,144.49000549316406,131.61407470703125
09-05-2018,143.9499969482422,145.16000366210938,1246800,146.75,146.47000122070312,133.41763305664062
10-05-2018,145.1300048828125,146.88999938964844,1246600,146.97999572753906,145.82000732421875,132.82557678222656
11-05-2018,145.33999633789062,146.1699981689453,1084700,147.17999267578125,145.7899932861328,132.79823303222656
14-05-2018,145.0,146.19000244140625,1273600,146.80999755859375,145.5,132.5340576171875
15-05-2018,144.14999389648438,144.74000549316406,1596800,146.10000610351562,145.9600067138672,132.9530487060547
16-05-2018,143.77999877929688,145.97000122070312,1859900,146.55999755859375,144.30999755859375,131.45010375976562
17-05-2018,144.1999969482422,144.3000030517578,1448200,146.6199951171875,145.77000427246094,132.780029296875
18-05-2018,145.58999633789062,145.82000732421875,1864500,147.6199951171875,146.8000030517578,133.7182159423828
21-05-2018,148.02000427246094,148.07000732421875,1658500,150.75,149.72999572753906,136.38710021972656
22-05-2018,147.17999267578125,149.6699981689453,1272100,150.7100067138672,147.25999450683594,134.13722229003906
23-05-2018,145.75,146.61000061035156,1146400,148.16000366210938,148.05999755859375,134.8659210205078
24-05-2018,146.25,147.60000610351562,889300,148.27000427246094,147.36000061035156,134.22830200195312
25-05-2018,146.47999572753906,146.5500030517578,671400,148.2100067138672,147.42999267578125,134.2920684814453
29-05-2018,143.49000549316406,145.94000244140625,1634800,146.3300018310547,144.02000427246094,131.1859588623047
30-05-2018,144.57000732421875,144.83999633789062,1115800,146.41000366210938,145.72999572753906,132.74354553222656
31-05-2018,142.80999755859375,145.99000549316406,2677800,146.08999633789062,143.6999969482422,130.8944549560547
01-06-2018,145.00999450683594,145.0399932861328,1266100,147.75,146.9600067138672,133.8639373779297
04-06-2018,146.1300048828125,147.47999572753906,1170000,147.97000122070312,146.1999969482422,133.1716766357422
05-06-2018,145.0,146.36000061035156,1987800,146.72999572753906,145.63999938964844,132.66159057617188
06-06-2018,145.27000427246094,146.14999389648438,1333700,147.1999969482422,147.17999267578125,134.0643768310547
07-06-2018,147.08999633789062,147.1999969482422,886700,148.5,148.22000122070312,135.01165771484375
08-06-2018,147.07000732421875,148.19000244140625,1199200,148.49000549316406,147.75999450683594,134.59268188476562
11-06-2018,148.02999877929688,148.02999877929688,1130300,149.77000427246094,149.17999267578125,135.88613891601562
12-06-2018,148.3000030517578,149.6300048828125,945600,150.0399932861328,149.94000244140625,136.57843017578125
13-06-2018,148.61000061035156,149.7100067138672,2243800,150.61000061035156,148.69000244140625,135.43975830078125
14-06-2018,148.66000366210938,149.1199951171875,1469700,151.25,148.88999938964844,135.62196350097656
15-06-2018,145.44000244140625,147.8800048828125,3290000,149.30999755859375,148.64999389648438,135.4033660888672
18-06-2018,145.3300018310547,146.88999938964844,1379500,147.64999389648438,145.72000122070312,132.73446655273438
19-06-2018,142.25,144.10000610351562,1866900,144.6999969482422,143.11000061035156,130.3570556640625
20-06-2018,142.36000061035156,143.2100067138672,1313200,143.6300048828125,142.97000122070312,130.22952270507812
21-06-2018,140.39999389648438,142.22000122070312,1633500,142.6199951171875,140.75999450683594,128.2164764404297
22-06-2018,141.11000061035156,141.91000366210938,2461200,143.3699951171875,141.4600067138672,128.8540802001953
25-06-2018,139.32000732421875,140.91000366210938,1631700,141.4199981689453,140.9600067138672,128.39862060546875
26-06-2018,140.77999877929688,141.77999877929688,2005500,142.30999755859375,140.9499969482422,128.38951110839844
27-06-2018,140.75999450683594,141.38999938964844,1474800,143.55999755859375,141.0,128.43507385253906
28-06-2018,136.9499969482422,140.47000122070312,1768500,140.97999572753906,138.55999755859375,126.9145736694336
29-06-2018,138.36000061035156,139.02000427246094,1332800,140.8699951171875,138.5399932861328,126.89623260498047
02-07-2018,136.7899932861328,137.25999450683594,1080400,138.6699981689453,138.61000061035156,126.96036529541016
03-07-2018,138.8800048828125,138.8800048828125,790100,140.6999969482422,139.22999572753906,127.52826690673828
05-07-2018,139.02999877929688,140.22999572753906,1153300,141.13999938964844,140.8800048828125,129.03961181640625
06-07-2018,139.39999389648438,140.75999450683594,1738400,140.99000549316406,139.63999938964844,127.90381622314453
09-07-2018,139.89999389648438,140.0,1276300,144.16000366210938,143.6999969482422,131.62258911132812
10-07-2018,142.77999877929688,143.6999969482422,1150500,144.6199951171875,144.05999755859375,131.95233154296875
11-07-2018,141.3800048828125,142.5800018310547,1142800,143.7899932861328,141.61000061035156,129.70826721191406
12-07-2018,141.10000610351562,142.27999877929688,1251700,144.72000122070312,142.47000122070312,130.4959716796875
13-07-2018,142.24000549316406,142.24000549316406,1028700,144.22000122070312,143.75,131.6683807373047
16-07-2018,141.66000366210938,143.77999877929688,1028300,144.1300048828125,141.82000732421875,129.90060424804688
17-07-2018,141.5800018310547,141.66000366210938,1545500,143.85000610351562,143.1999969482422,131.1646270751953
18-07-2018,143.1300048828125,143.58999633789062,1714500,144.35000610351562,143.58999633789062,131.52182006835938
19-07-2018,142.8800048828125,143.17999267578125,1763100,145.8699951171875,145.4600067138672,133.2346649169922
20-07-2018,144.4499969482422,144.72000122070312,2432600,148.02999877929688,146.86000061035156,134.5170135498047
23-07-2018,134.66000366210938,136.83999633789062,5825900,138.82000732421875,136.25999450683594,124.80792236328125
24-07-2018,134.75,135.0,3355700,140.05999755859375,138.1999969482422,126.58486938476562
25-07-2018,135.60000610351562,137.14999389648438,2648500,138.52999877929688,138.05999755859375,126.45662689208984
26-07-2018,138.25999450683594,138.64999389648438,2291300,141.63999938964844,141.25,129.3784942626953
27-07-2018,139.75999450683594,141.32000732421875,1118100,141.9199981689453,140.2100067138672,128.42591857910156
30-07-2018,139.64999389648438,140.36000061035156,1457700,141.8699951171875,139.72999572753906,127.98625183105469
31-07-2018,140.19000244140625,140.58999633789062,2158300,144.19000244140625,143.3300018310547,131.28370666503906
01-08-2018,138.77999877929688,142.5,1575000,143.32000732421875,139.1699981689453,127.47331237792969
02-08-2018,136.86000061035156,137.6999969482422,1283700,140.10000610351562,139.02999877929688,127.3450927734375
03-08-2018,138.16000366210938,139.4600067138672,1156600,139.88999938964844,139.5500030517578,127.8213882446289
06-08-2018,139.64999389648438,139.99000549316406,1155000,140.94000244140625,140.57000732421875,128.75564575195312
07-08-2018,140.25999450683594,140.57000732421875,1512900,142.52000427246094,140.33999633789062,128.5449676513672
08-08-2018,139.41000366210938,140.17999267578125,1051500,140.75,140.39999389648438,128.59991455078125
09-08-2018,138.39999389648438,140.42999267578125,1386200,140.60000610351562,138.50999450683594,126.86878967285156
10-08-2018,135.5800018310547,138.0,1451700,138.25,136.47000122070312,125.00023651123047
13-08-2018,135.77000427246094,136.74000549316406,1605500,137.4199981689453,135.88999938964844,124.46898651123047
14-08-2018,135.97999572753906,135.97999572753906,1289000,138.16000366210938,137.3000030517578,125.76049041748047
15-08-2018,135.3300018310547,136.42999267578125,2084700,139.0500030517578,138.58999633789062,126.9420394897461
16-08-2018,138.1300048828125,139.41000366210938,1427000,140.25999450683594,138.9499969482422,127.27177429199219
17-08-2018,138.2899932861328,138.6300048828125,1290000,139.85000610351562,139.42999267578125,127.71145629882812
20-08-2018,137.9199981689453,139.75,1711200,140.3699951171875,138.2899932861328,126.66727447509766
21-08-2018,137.35000610351562,138.24000549316406,1647800,138.75,138.05999755859375,126.45662689208984
22-08-2018,135.85000610351562,137.60000610351562,1478800,138.22999572753906,136.16000366210938,124.71627807617188
23-08-2018,134.86000061035156,136.17999267578125,1925300,136.5,135.13999938964844,123.78202819824219
24-08-2018,134.4499969482422,135.5,1722600,136.0,135.5500030517578,124.15756225585938
27-08-2018,136.02000427246094,136.69000244140625,1490800,138.61000061035156,138.1300048828125,126.52075958251953
28-08-2018,138.11000061035156,138.4600067138672,796200,139.14999389648438,138.3300018310547,126.70388793945312
29-08-2018,137.6300048828125,138.30999755859375,1164800,140.60000610351562,138.6999969482422,127.04280090332031
30-08-2018,138.14999389648438,138.52999877929688,1432400,139.85000610351562,138.55999755859375,126.9145736694336
31-08-2018,138.02999877929688,138.32000732421875,1523300,139.63999938964844,138.8800048828125,127.20767974853516
04-09-2018,137.69000244140625,138.69000244140625,1410500,139.19000244140625,138.94000244140625,127.26266479492188
05-09-2018,138.30999755859375,138.5,1861200,141.5,141.36000061035156,129.47927856445312
06-09-2018,140.4499969482422,141.3300018310547,1458800,142.32000732421875,141.07000732421875,129.21365356445312
07-09-2018,138.75999450683594,140.5,1319100,140.80999755859375,140.6300048828125,128.81063842773438
10-09-2018,141.35000610351562,141.35000610351562,1422400,144.07000732421875,142.4499969482422,130.47764587402344
11-09-2018,140.89999389648438,141.72000122070312,1489400,142.07000732421875,141.52999877929688,129.6349639892578
12-09-2018,141.27999877929688,141.3000030517578,1887900,143.5,141.6699981689453,129.76321411132812
13-09-2018,141.52999877929688,142.49000549316406,932000,143.0800018310547,142.8000030517578,130.79823303222656
14-09-2018,143.17999267578125,143.19000244140625,1282000,145.00999450683594,144.88999938964844,132.71258544921875
17-09-2018,144.4199981689453,145.02000427246094,1614600,146.27000427246094,146.1999969482422,133.9124755859375
18-09-2018,144.50999450683594,146.2100067138672,1204600,147.1199951171875,146.38999938964844,134.0865020751953
19-09-2018,146.1300048828125,146.5500030517578,987400,147.88999938964844,146.74000549316406,134.40711975097656
20-09-2018,146.5800018310547,147.8699951171875,915900,148.38999938964844,147.99000549316406,135.5520477294922
21-09-2018,147.82000732421875,148.4600067138672,2265600,149.16000366210938,148.44000244140625,135.96421813964844
24-09-2018,145.7100067138672,148.35000610351562,822800,148.41000366210938,146.02000427246094,133.7476348876953
25-09-2018,143.30999755859375,146.16000366210938,1674700,146.2899932861328,143.50999450683594,131.4485626220703
26-09-2018,142.72999572753906,143.55999755859375,1672400,144.0500030517578,142.92999267578125,130.9173126220703
27-09-2018,141.41000366210938,142.17999267578125,856700,143.0,141.97999572753906,130.96340942382812
28-09-2018,140.55999755859375,141.8300018310547,925400,142.3000030517578,141.1199951171875,130.170166015625
01-10-2018,141.5800018310547,142.22000122070312,2037500,143.33999633789062,143.13999938964844,132.0334014892578
02-10-2018,143.0,143.4499969482422,1039900,144.82000732421875,144.7100067138672,133.48158264160156
03-10-2018,143.27999877929688,144.94000244140625,1365400,145.0399932861328,143.6999969482422,132.54998779296875
04-10-2018,142.39999389648438,143.61000061035156,1196900,144.27000427246094,143.50999450683594,132.37469482421875
05-10-2018,139.91000366210938,143.42999267578125,1551300,143.6300048828125,141.00999450683594,130.0686798095703
08-10-2018,139.3300018310547,140.4199981689453,1661300,141.0,140.6699981689453,129.7550811767578
09-10-2018,136.8000030517578,139.99000549316406,1663900,140.1699981689453,136.8699951171875,126.24993133544922
10-10-2018,132.88999938964844,136.60000610351562,2884400,136.72999572753906,133.0,122.68020629882812
11-10-2018,128.75,133.0399932861328,2231100,133.72999572753906,129.35000610351562,119.31343841552734
12-10-2018,128.83999633789062,131.6199951171875,2055200,132.0399932861328,130.6699981689453,120.531005859375
15-10-2018,130.2899932861328,130.3699951171875,1301100,132.16000366210938,131.24000549316406,121.05677032470703
16-10-2018,130.86000061035156,131.9499969482422,1611000,133.3000030517578,133.08999633789062,122.76322174072266
17-10-2018,130.63999938964844,132.4199981689453,1346500,132.97999572753906,132.00999450683594,121.76703643798828
18-10-2018,126.68000030517578,126.68000030517578,3778700,130.42999267578125,128.42999267578125,118.46479797363281
19-10-2018,126.12999725341797,128.3800048828125,1873400,128.5800018310547,127.02999877929688,117.17343139648438
22-10-2018,126.44999694824219,127.55999755859375,1744900,128.14999389648438,127.31999969482422,117.4409408569336
23-10-2018,121.97000122070312,124.56999969482422,3985600,127.66999816894531,126.56999969482422,116.74913024902344
24-10-2018,119.37999725341797,125.98999786376953,3615000,126.3499984741211,119.83000183105469,110.5321044921875
25-10-2018,120.44999694824219,120.87000274658203,2860600,124.55999755859375,122.68000030517578,113.16095733642578
26-10-2018,120.69000244140625,121.18000030517578,3383000,125.94000244140625,124.0999984741211,114.47077178955078
29-10-2018,123.95999908447266,126.0999984741211,2923500,129.07000732421875,125.81999969482422,116.05732727050781
30-10-2018,125.87000274658203,126.16000366210938,2391800,130.0399932861328,129.6999969482422,119.6362533569336
31-10-2018,127.20999908447266,131.13999938964844,3454800,132.25999450683594,127.56999969482422,117.67153930664062
01-11-2018,126.38999938964844,127.56999969482422,2258200,129.94000244140625,129.47000122070312,119.42411041259766
02-11-2018,129.50999450683594,131.7899932861328,2027200,133.19000244140625,130.7100067138672,120.56790161132812
05-11-2018,129.57000732421875,131.1199951171875,1089400,131.97000122070312,130.9499969482422,120.78926849365234
06-11-2018,130.42999267578125,130.63999938964844,1309700,132.47999572753906,131.6999969482422,121.48109436035156
07-11-2018,131.17999267578125,132.64999389648438,1001400,133.91000366210938,133.80999755859375,123.4273452758789
08-11-2018,133.0800018310547,133.5399932861328,1080200,134.8000030517578,133.80999755859375,123.4273452758789
09-11-2018,130.97000122070312,133.27999877929688,1277000,133.9499969482422,132.55999755859375,122.27434539794922
12-11-2018,130.3000030517578,132.42999267578125,2205800,132.44000244140625,131.19000244140625,121.01065826416016
13-11-2018,131.22000122070312,131.9199981689453,2799400,134.82000732421875,132.97999572753906,122.66175842285156
14-11-2018,131.94000244140625,133.91000366210938,1573900,135.19000244140625,133.2100067138672,122.8739013671875
15-11-2018,131.3000030517578,132.3300018310547,1316600,136.17999267578125,135.22999572753906,124.7371597290039
16-11-2018,133.72000122070312,134.5,2089400,136.25,135.60000610351562,125.0784683227539
19-11-2018,133.00999450683594,135.47999572753906,1335300,135.67999267578125,133.99000549316406,123.5933837890625
20-11-2018,132.0,132.75,1657000,134.6999969482422,133.6699981689453,123.29820251464844
21-11-2018,133.97999572753906,134.58999633789062,1485800,136.55999755859375,134.0500030517578,123.64871978759766
23-11-2018,132.85000610351562,132.9199981689453,446800,135.0,134.2100067138672,123.79632568359375
26-11-2018,134.24000549316406,135.00999450683594,1101100,136.0399932861328,135.89999389648438,125.35514831542969
27-11-2018,133.25,135.11000061035156,1271600,136.0399932861328,135.88999938964844,125.34598541259766
28-11-2018,134.30999755859375,136.74000549316406,1095900,138.0399932861328,138.02999877929688,127.31991577148438
29-11-2018,135.69000244140625,137.99000549316406,1560300,138.02000427246094,135.89999389648438,125.35514831542969
30-11-2018,135.41000366210938,135.82000732421875,1572100,139.19000244140625,139.0500030517578,128.26077270507812
03-12-2018,138.30999755859375,140.7899932861328,1734800,141.8300018310547,139.44000244140625,128.62051391601562
04-12-2018,131.9600067138672,139.11000061035156,2456000,139.11000061035156,132.75999450683594,122.45881652832031
06-12-2018,128.50999450683594,130.6999969482422,2369200,133.5,133.25999450683594,122.9200210571289
07-12-2018,128.82000732421875,133.52999877929688,2326300,135.7899932861328,129.47000122070312,119.42411041259766
10-12-2018,127.43000030517578,129.5,1904100,131.36000061035156,130.66000366210938,120.52178955078125
11-12-2018,130.47000122070312,132.92999267578125,2444400,133.89999389648438,131.1300048828125,120.95531463623047
12-12-2018,132.11000061035156,132.8300018310547,1459100,134.97000122070312,132.2100067138672,121.95152282714844
13-12-2018,132.58999633789062,132.8800048828125,1610800,135.0500030517578,133.24000549316406,122.90159606933594
14-12-2018,130.35000610351562,131.63999938964844,1985800,133.64999389648438,131.0399932861328,120.87228393554688
17-12-2018,127.3499984741211,129.72000122070312,1734000,130.6300048828125,128.10000610351562,118.16043090820312
18-12-2018,126.26000213623047,127.38999938964844,2083100,129.1699981689453,127.22000122070312,117.34869384765625
19-12-2018,124.58999633789062,127.4800033569336,1781700,130.08999633789062,125.61000061035156,115.8636245727539
20-12-2018,122.98999786376953,124.98999786376953,2606700,126.72000122070312,125.19999694824219,115.48542022705078
21-12-2018,123.33000183105469,125.19999694824219,3601600,128.19000244140625,124.04000091552734,114.41544342041016
24-12-2018,118.91000366210938,123.33000183105469,976600,123.73999786376953,118.94999694824219,109.72038269042969
26-12-2018,117.75,119.73999786376953,1261400,123.62999725341797,123.58999633789062,114.00035858154297
27-12-2018,120.91000366210938,121.95999908447266,1281300,125.94000244140625,125.94000244140625,116.16799926757812
28-12-2018,124.19999694824219,125.79000091552734,1024400,126.87999725341797,124.72000122070312,115.96345520019531
31-12-2018,124.70999908447266,125.26000213623047,1189400,126.77999877929688,126.69000244140625,117.79515075683594
02-01-2019,124.0,124.83999633789062,1905600,126.73999786376953,126.5999984741211,117.71145629882812
03-01-2019,122.58000183105469,125.83000183105469,2191400,126.31999969482422,123.44999694824219,114.78263854980469
04-01-2019,124.72000122070312,125.33000183105469,1419100,127.55000305175781,127.18000030517578,118.2507553100586
07-01-2019,125.81999969482422,127.11000061035156,1669500,128.6699981689453,127.20999908447266,118.27862548828125
08-01-2019,127.66999816894531,128.9600067138672,1309900,130.00999450683594,130.00999450683594,120.88204193115234
09-01-2019,129.57000732421875,130.5399932861328,1152700,131.05999755859375,129.99000549316406,120.86345672607422
10-01-2019,127.31999969482422,128.0,2390400,131.4600067138672,131.44000244140625,122.211669921875
11-01-2019,129.05999755859375,130.49000549316406,1120600,130.7899932861328,130.30999755859375,121.1609878540039
14-01-2019,128.7100067138672,129.30999755859375,1032600,130.94000244140625,130.1699981689453,121.03081512451172
15-01-2019,129.00999450683594,130.75999450683594,973900,130.75999450683594,130.08999633789062,120.95640563964844
16-01-2019,129.63999938964844,130.11000061035156,1407200,130.8699951171875,129.97000122070312,120.84485626220703
17-01-2019,129.44000244140625,129.44000244140625,1281300,132.72999572753906,132.6699981689453,123.35530090332031
18-01-2019,133.50999450683594,133.7100067138672,1777000,137.5,136.6699981689453,127.07443237304688
22-01-2019,131.25,134.97999572753906,1555300,135.6699981689453,132.1699981689453,122.89039611816406
23-01-2019,130.05999755859375,132.69000244140625,1116100,133.25,131.11000061035156,121.90480041503906
24-01-2019,130.08999633789062,131.30999755859375,1105800,131.8800048828125,130.92999267578125,121.73744201660156
25-01-2019,131.39999389648438,132.5,1269700,133.91000366210938,133.25,123.89457702636719
28-01-2019,129.72000122070312,131.66000366210938,1538800,131.66000366210938,131.0500030517578,121.84903717041016
29-01-2019,131.44000244140625,131.55999755859375,1622500,135.63999938964844,134.94000244140625,125.46592712402344
30-01-2019,133.72000122070312,135.8300018310547,1381200,136.24000549316406,135.61000061035156,126.0888671875
31-01-2019,133.83999633789062,135.25,2584800,137.72999572753906,137.30999755859375,127.66952514648438
01-02-2019,130.0,132.6199951171875,3388900,137.11000061035156,134.42999267578125,124.9917221069336
04-02-2019,134.97000122070312,135.3300018310547,2285500,138.44000244140625,138.41000366210938,128.69229125976562
05-02-2019,136.0500030517578,136.0500030517578,2300200,137.9199981689453,137.83999633789062,128.1623077392578
06-02-2019,136.67999267578125,137.94000244140625,1554300,138.22000122070312,137.57000732421875,127.91130065917969
07-02-2019,134.4499969482422,136.4600067138672,1438000,137.5,135.02000427246094,125.54031372070312
08-02-2019,133.16000366210938,134.3800048828125,1739400,135.72999572753906,135.72000122070312,126.191162109375
11-02-2019,135.64999389648438,136.44000244140625,899000,136.60000610351562,136.22999572753906,126.66533660888672
12-02-2019,137.1300048828125,137.14999389648438,1295100,139.0399932861328,138.63999938964844,128.9061279296875
13-02-2019,138.6699981689453,139.08999633789062,997500,140.2100067138672,139.82000732421875,130.00331115722656
14-02-2019,138.00999450683594,139.19000244140625,1179800,139.80999755859375,138.75,129.0084228515625
15-02-2019,139.75,140.0,1981500,144.32000732421875,144.2100067138672,134.08509826660156
19-02-2019,142.1999969482422,143.38999938964844,1681500,144.05999755859375,143.25,133.19247436523438
20-02-2019,142.86000061035156,143.47000122070312,936900,143.89999389648438,143.61000061035156,133.5271759033203
21-02-2019,142.6300048828125,143.2100067138672,1049600,144.2100067138672,143.22000122070312,133.16458129882812
22-02-2019,143.1999969482422,143.1999969482422,825300,144.97000122070312,144.8300018310547,134.66152954101562
25-02-2019,144.58999633789062,145.41000366210938,1059300,146.32000732421875,145.02000427246094,134.83819580078125
26-02-2019,144.10000610351562,144.3699951171875,1150900,145.67999267578125,144.33999633789062,134.20596313476562
27-02-2019,143.16000366210938,144.00999450683594,835500,145.4499969482422,145.3000030517578,135.0985565185547
28-02-2019,143.91000366210938,145.14999389648438,1461100,145.39999389648438,144.0800018310547,133.9641876220703
01-03-2019,142.75,145.0399932861328,1463300,145.41000366210938,144.41000366210938,134.27102661132812
04-03-2019,143.1199951171875,145.47000122070312,1297200,145.9600067138672,144.33999633789062,134.20596313476562
05-03-2019,143.27000427246094,144.1999969482422,1130700,144.7100067138672,143.66000366210938,133.57369995117188
06-03-2019,142.52000427246094,143.92999267578125,1121200,144.02999877929688,142.5500030517578,132.5416259765625
07-03-2019,139.88999938964844,142.25999450683594,1861900,142.2899932861328,140.75,130.86798095703125
08-03-2019,139.11000061035156,139.69000244140625,1490900,140.91000366210938,140.64999389648438,130.77500915527344
11-03-2019,140.41000366210938,140.50999450683594,1073200,143.66000366210938,143.6300048828125,133.54579162597656
12-03-2019,143.30999755859375,143.80999755859375,1365600,144.4499969482422,143.97999572753906,133.8712158203125
13-03-2019,144.1199951171875,144.74000549316406,1469400,145.9499969482422,145.22999572753906,135.033447265625
14-03-2019,143.69000244140625,144.8300018310547,1709100,145.72999572753906,144.89999389648438,134.7266387939453
15-03-2019,143.0,145.25999450683594,4524400,146.25999450683594,143.17999267578125,133.1273956298828
18-03-2019,143.3000030517578,143.57000732421875,1268000,145.4499969482422,145.3800048828125,135.1729278564453
19-03-2019,145.27000427246094,146.02000427246094,1599400,146.9600067138672,145.99000549316406,135.7401123046875
20-03-2019,143.42999267578125,145.6999969482422,1776700,146.30999755859375,145.66000366210938,135.43325805664062
21-03-2019,145.0399932861328,145.0399932861328,1315000,146.8800048828125,146.47000122070312,136.18641662597656
22-03-2019,141.5,145.97999572753906,1570100,146.0,141.64999389648438,131.70481872558594
25-03-2019,141.22000122070312,141.60000610351562,980000,142.75999450683594,142.0399932861328,132.06744384765625
26-03-2019,142.57000732421875,143.25,782200,143.7899932861328,143.25,133.19247436523438
27-03-2019,141.9600067138672,143.24000549316406,1021000,143.9600067138672,142.6300048828125,132.61602783203125
28-03-2019,142.07000732421875,142.22000122070312,653900,143.83999633789062,142.85000610351562,133.7583770751953
29-03-2019,142.88999938964844,143.72000122070312,1294100,144.38999938964844,143.52999877929688,134.3950958251953
01-04-2019,144.50999450683594,144.50999450683594,1238900,148.69000244140625,148.33999633789062,138.89892578125
02-04-2019,147.1699981689453,148.72999572753906,1094500,149.1199951171875,148.74000549316406,139.2735137939453
03-04-2019,149.00999450683594,149.63999938964844,1174700,151.02999877929688,150.1199951171875,140.56565856933594
04-04-2019,150.10000610351562,150.49000549316406,769900,151.85000610351562,151.75999450683594,142.10125732421875
05-04-2019,151.83999633789062,152.0,993300,152.94000244140625,152.1999969482422,142.51329040527344
08-04-2019,151.25999450683594,151.6300048828125,1172300,154.00999450683594,153.91000366210938,144.1144561767578
09-04-2019,150.6699981689453,152.77000427246094,918800,152.77000427246094,150.99000549316406,141.3803253173828
10-04-2019,150.22000122070312,151.52999877929688,790100,152.13999938964844,151.69000244140625,142.03573608398438
11-04-2019,151.5800018310547,152.19000244140625,1024800,154.38999938964844,154.3300018310547,144.5077362060547
12-04-2019,154.67999267578125,155.44000244140625,807200,156.52999877929688,156.39999389648438,146.44598388671875
15-04-2019,154.83999633789062,156.66000366210938,839900,156.91000366210938,155.6199951171875,145.71560668945312
16-04-2019,156.02999877929688,156.0500030517578,832200,157.8000030517578,157.75,147.71005249023438
17-04-2019,156.11000061035156,158.07000732421875,998500,158.69000244140625,156.14999389648438,146.21185302734375
18-04-2019,155.91000366210938,156.58999633789062,1198200,158.69000244140625,158.3300018310547,148.25315856933594
22-04-2019,156.4199981689453,158.05999755859375,1284600,158.17999267578125,157.19000244140625,147.18569946289062
23-04-2019,156.27000427246094,157.25999450683594,1046500,157.94000244140625,157.92999267578125,147.8785858154297
24-04-2019,156.6699981689453,158.08999633789062,1690400,158.24000549316406,156.80999755859375,146.8298797607422
25-04-2019,147.4499969482422,152.05999755859375,2554000,153.0500030517578,151.2100067138672,141.5863037109375
26-04-2019,151.39999389648438,152.69000244140625,1548200,153.63999938964844,153.58999633789062,143.81480407714844
29-04-2019,153.8000030517578,154.27999877929688,1103300,155.72999572753906,155.00999450683594,145.1444549560547
30-04-2019,154.07000732421875,155.27000427246094,1685400,155.91000366210938,155.6300048828125,145.72499084472656
01-05-2019,152.2100067138672,156.17999267578125,1422600,156.52999877929688,154.35000610351562,144.5264434814453
02-05-2019,152.52000427246094,153.9199981689453,1017700,154.8300018310547,154.60000610351562,144.7605438232422
03-05-2019,155.38999938964844,155.6199951171875,669800,157.61000061035156,157.41000366210938,147.39170837402344
06-05-2019,153.64999389648438,154.13999938964844,816000,155.88999938964844,155.3300018310547,145.444091796875
07-05-2019,150.63999938964844,155.67999267578125,1661300,157.32000732421875,151.63999938964844,141.98892211914062
08-05-2019,150.8300018310547,151.5500030517578,1009600,152.57000732421875,151.1300048828125,141.5113983154297
09-05-2019,148.1699981689453,148.97000122070312,1421800,151.75,151.55999755859375,141.9140167236328
10-05-2019,148.55999755859375,151.14999389648438,1038400,153.42999267578125,152.75999450683594,143.0376434326172
13-05-2019,147.2899932861328,148.9600067138672,1879100,150.02999877929688,147.69000244140625,138.29034423828125
14-05-2019,148.08999633789062,148.60000610351562,1279400,150.11000061035156,148.9499969482422,139.47015380859375
15-05-2019,146.6199951171875,147.58999633789062,1995900,151.8800048828125,150.94000244140625,141.33346557617188
16-05-2019,151.17999267578125,152.10000610351562,1018300,153.66000366210938,152.47000122070312,142.76609802246094
17-05-2019,149.75,150.72999572753906,1233000,152.6999969482422,150.60000610351562,141.01513671875
20-05-2019,148.75999450683594,149.6699981689453,1014600,150.27999877929688,149.4199981689453,139.9102325439453
21-05-2019,149.6199951171875,150.6300048828125,889700,151.5,151.2100067138672,141.5863037109375
22-05-2019,149.9499969482422,150.83999633789062,872000,151.75,149.9600067138672,140.41583251953125
23-05-2019,145.4600067138672,147.97999572753906,1986200,148.1199951171875,146.2899932861328,136.9794158935547
24-05-2019,145.47000122070312,146.94000244140625,1041400,147.75999450683594,145.72000122070312,136.44569396972656
28-05-2019,142.30999755859375,146.6999969482422,3252300,146.6999969482422,142.38999938964844,133.32763671875
29-05-2019,140.30999755859375,141.52999877929688,1726400,142.7100067138672,141.41000366210938,132.41000366210938
30-05-2019,140.10000610351562,141.61000061035156,1480400,142.6699981689453,140.86000061035156,131.89501953125
31-05-2019,136.9199981689453,139.75,2070600,140.8000030517578,139.63999938964844,130.75265502929688
03-06-2019,139.39999389648438,139.97000122070312,1734300,141.7100067138672,140.25999450683594,131.33319091796875
04-06-2019,141.5500030517578,141.7899932861328,1736100,145.75,145.1699981689453,135.9307403564453
05-06-2019,144.83999633789062,146.27000427246094,1006100,147.2100067138672,147.1699981689453,137.80340576171875
06-06-2019,145.91000366210938,147.22999572753906,999900,148.60000610351562,148.0500030517578,138.62742614746094
07-06-2019,148.67999267578125,148.77000427246094,1273400,151.58999633789062,151.13999938964844,141.52073669433594
10-06-2019,152.13999938964844,152.4499969482422,1126500,154.25999450683594,152.22000122070312,142.5320281982422
11-06-2019,151.75999450683594,153.7100067138672,1157400,154.97999572753906,152.39999389648438,142.70054626464844
12-06-2019,149.9199981689453,152.25,1254900,152.6699981689453,150.5,140.92147827148438
13-06-2019,150.5800018310547,151.36000061035156,844300,152.00999450683594,151.97999572753906,142.30728149414062
14-06-2019,147.25999450683594,151.17999267578125,1090500,151.24000549316406,149.0500030517578,139.5637664794922
17-06-2019,147.2100067138672,149.61000061035156,782200,149.61000061035156,147.38999938964844,138.00942993164062
18-06-2019,147.4199981689453,148.17999267578125,1074100,151.25,149.2100067138672,139.71359252929688
19-06-2019,148.32000732421875,149.6199951171875,890300,150.30999755859375,149.5399932861328,140.02256774902344
20-06-2019,149.89999389648438,152.39999389648438,1051200,152.88999938964844,152.17999267578125,142.49453735351562
21-06-2019,151.4600067138672,152.3800048828125,1484300,152.80999755859375,151.92999267578125,142.26046752929688
24-06-2019,151.82000732421875,152.22999572753906,1062800,153.39999389648438,152.0500030517578,142.37283325195312
25-06-2019,150.63999938964844,151.99000549316406,1085200,152.39999389648438,150.82000732421875,141.22113037109375
26-06-2019,149.1300048828125,149.50999450683594,1368200,151.1199951171875,150.07000732421875,140.51885986328125
27-06-2019,148.10000610351562,149.27000427246094,811800,150.19000244140625,149.0800018310547,140.5282745361328
28-06-2019,149.14999389648438,149.3699951171875,1616000,151.1300048828125,150.80999755859375,142.15902709960938
01-07-2019,149.97000122070312,152.77000427246094,1041800,152.77000427246094,151.5500030517578,142.85659790039062
02-07-2019,149.0399932861328,151.3000030517578,898500,151.47000122070312,149.74000549316406,141.15045166015625
03-07-2019,149.1199951171875,150.47000122070312,688500,150.5500030517578,150.10000610351562,141.48976135253906
05-07-2019,145.4199981689453,148.60000610351562,1063400,148.6999969482422,147.97999572753906,139.49136352539062
08-07-2019,145.75999450683594,147.38999938964844,1033500,147.8000030517578,146.24000549316406,137.8511962890625
09-07-2019,143.80999755859375,145.02999877929688,1456100,146.55999755859375,146.41000366210938,138.01144409179688
10-07-2019,146.07000732421875,147.05999755859375,1255000,147.64999389648438,146.14999389648438,137.766357421875
11-07-2019,145.25,146.19000244140625,1308200,146.88999938964844,146.8699951171875,138.44503784179688
12-07-2019,147.60000610351562,147.67999267578125,1184200,151.6999969482422,151.47999572753906,142.79058837890625
15-07-2019,150.6999969482422,151.5800018310547,869800,151.86000061035156,151.25999450683594,142.5832061767578
16-07-2019,149.27000427246094,150.41000366210938,1512900,154.13999938964844,153.4499969482422,144.64759826660156
17-07-2019,150.1699981689453,153.05999755859375,1273000,153.8800048828125,150.32000732421875,141.6971435546875
18-07-2019,148.77000427246094,150.19000244140625,955400,150.5399932861328,150.0,141.3955078125
19-07-2019,150.6199951171875,151.07000732421875,1402700,152.50999450683594,151.27999877929688,142.6020965576172
22-07-2019,151.49000549316406,151.6699981689453,994100,152.99000549316406,151.9199981689453,143.2053680419922
23-07-2019,152.52000427246094,153.0,1874700,156.97000122070312,156.92999267578125,147.92796325683594
24-07-2019,155.5,155.5,1427400,158.85000610351562,158.7100067138672,149.60586547851562
25-07-2019,157.52999877929688,158.5,2054400,160.77999877929688,158.63999938964844,149.53988647460938
26-07-2019,153.11000061035156,155.0,2869100,157.00999450683594,155.6300048828125,146.70254516601562
29-07-2019,154.02000427246094,155.80999755859375,1697600,156.7100067138672,155.74000549316406,146.80624389648438
30-07-2019,152.61000061035156,154.58999633789062,1552200,156.1999969482422,155.88999938964844,146.94761657714844
31-07-2019,152.1999969482422,155.82000732421875,1182300,156.80999755859375,154.22999572753906,145.3828582763672
01-08-2019,150.9499969482422,153.67999267578125,1709700,156.58999633789062,151.41000366210938,142.72459411621094
02-08-2019,149.5500030517578,151.1699981689453,1761300,152.92999267578125,151.6699981689453,142.96969604492188
05-08-2019,145.35000610351562,149.08999633789062,2016200,149.36000061035156,146.67999267578125,138.2659454345703
06-08-2019,146.14999389648438,147.88999938964844,1536000,149.11000061035156,148.97999572753906,140.4340057373047
07-08-2019,145.5500030517578,146.82000732421875,1393400,149.55999755859375,149.02000427246094,140.47174072265625
08-08-2019,149.94000244140625,150.02999877929688,970300,151.44000244140625,150.85000610351562,142.1967315673828
09-08-2019,148.05999755859375,150.3800048828125,966300,150.5800018310547,149.52999877929688,140.95242309570312
12-08-2019,147.5800018310547,148.72000122070312,1127000,149.2899932861328,147.86000061035156,139.37828063964844
13-08-2019,147.25,147.47000122070312,1219400,153.41000366210938,151.8800048828125,143.1676483154297
14-08-2019,146.5800018310547,149.02000427246094,1265500,150.0500030517578,146.58999633789062,138.1811065673828
15-08-2019,145.22999572753906,147.38999938964844,942600,147.72999572753906,146.6199951171875,138.2093963623047
16-08-2019,147.86000061035156,147.86000061035156,926300,150.61000061035156,150.22000122070312,141.60287475585938
19-08-2019,151.6999969482422,152.30999755859375,1124800,153.2100067138672,153.02999877929688,144.25169372558594
20-08-2019,151.17999267578125,152.67999267578125,1009100,153.2899932861328,152.16000366210938,143.43161010742188
21-08-2019,151.55999755859375,153.7899932861328,785400,154.7100067138672,152.1300048828125,143.40333557128906
22-08-2019,151.0,152.83999633789062,691000,153.3800048828125,151.80999755859375,143.1016845703125
23-08-2019,145.3300018310547,151.0,1449800,151.00999450683594,146.36000061035156,137.96429443359375
26-08-2019,144.49000549316406,147.89999389648438,1543900,148.0800018310547,145.3000030517578,136.96511840820312
27-08-2019,144.6300048828125,146.6199951171875,1291200,146.6199951171875,145.0,136.6822967529297
28-08-2019,143.1199951171875,144.0,1330400,145.77999877929688,145.3000030517578,136.96511840820312
29-08-2019,146.1999969482422,147.2899932861328,1253200,148.39999389648438,148.14999389648438,139.651611328125
30-08-2019,148.77999877929688,149.69000244140625,1330400,150.6300048828125,149.86000061035156,141.26356506347656
03-09-2019,144.5,148.02000427246094,1352300,148.22999572753906,145.05999755859375,136.73886108398438
04-09-2019,145.63999938964844,146.74000549316406,992800,147.19000244140625,146.7899932861328,138.36964416503906
05-09-2019,148.41000366210938,148.74000549316406,1258000,152.35000610351562,151.47999572753906,142.79058837890625
06-09-2019,150.8000030517578,152.35000610351562,957600,152.72000122070312,152.49000549316406,143.74266052246094
09-09-2019,151.99000549316406,153.05999755859375,1056300,153.89999389648438,153.7100067138672,144.8927001953125
10-09-2019,152.9499969482422,153.74000549316406,1486700,157.36000061035156,157.36000061035156,148.33331298828125
11-09-2019,156.10000610351562,157.58999633789062,1274000,159.63999938964844,159.5399932861328,150.38824462890625
12-09-2019,158.1699981689453,159.82000732421875,1822200,160.92999267578125,159.85000610351562,150.68048095703125
13-09-2019,158.80999755859375,160.89999389648438,1224600,161.7100067138672,159.77000427246094,150.60508728027344
16-09-2019,156.4499969482422,158.22999572753906,1459800,158.8000030517578,156.7899932861328,147.79598999023438
17-09-2019,153.89999389648438,156.25,915500,157.83999633789062,157.47999572753906,148.4464111328125
18-09-2019,155.1699981689453,156.52000427246094,799500,157.66000366210938,157.3000030517578,148.27676391601562
19-09-2019,155.6300048828125,157.33999633789062,661000,157.75,155.8699951171875,146.9287567138672
20-09-2019,154.64999389648438,156.16000366210938,2046200,157.1199951171875,155.05999755859375,146.1652374267578
23-09-2019,149.0,149.1699981689453,1447900,155.10000610351562,154.3000030517578,145.44883728027344
24-09-2019,151.07000732421875,154.38999938964844,1254100,154.94000244140625,152.22000122070312,143.4881591796875
25-09-2019,152.32000732421875,152.3800048828125,894100,155.00999450683594,154.61000061035156,145.74102783203125
26-09-2019,153.86000061035156,154.5500030517578,896100,156.3699951171875,155.32000732421875,146.41036987304688
27-09-2019,153.41000366210938,155.2100067138672,811300,155.5800018310547,154.94000244140625,147.0652618408203
30-09-2019,155.0,155.63999938964844,821600,156.88999938964844,156.49000549316406,148.5364990234375
01-10-2019,152.25,157.6999969482422,1081200,158.11000061035156,152.72999572753906,144.96754455566406
02-10-2019,148.3000030517578,150.75999450683594,1111700,151.3699951171875,149.13999938964844,141.56004333496094
03-10-2019,146.3300018310547,148.74000549316406,948200,149.89999389648438,149.8300018310547,142.21498107910156
04-10-2019,149.52999877929688,150.25999450683594,679800,151.67999267578125,151.5,143.80010986328125
07-10-2019,150.08999633789062,151.08999633789062,696800,151.9499969482422,150.1999969482422,142.56617736816406
08-10-2019,146.0500030517578,148.30999755859375,1088000,148.63999938964844,146.39999389648438,138.9592742919922
09-10-2019,146.4600067138672,147.85000610351562,700300,149.02999877929688,148.19000244140625,140.65834045410156
10-10-2019,147.9600067138672,148.35000610351562,668500,150.5,149.89999389648438,142.2814178466797
11-10-2019,151.99000549316406,152.07000732421875,1785700,158.0399932861328,154.52999877929688,146.6761016845703
14-10-2019,153.16000366210938,153.5,667900,154.61000061035156,153.94000244140625,146.11605834960938
15-10-2019,153.27999877929688,153.5800018310547,994100,157.22999572753906,155.77000427246094,147.85305786132812
16-10-2019,154.72000122070312,155.77999877929688,1017500,156.63999938964844,155.75999450683594,147.8435516357422
17-10-2019,156.2899932861328,156.74000549316406,647500,158.38999938964844,156.9600067138672,148.9825897216797
18-10-2019,156.35000610351562,156.9199981689453,1336200,158.8300018310547,158.30999755859375,150.26397705078125
21-10-2019,158.86000061035156,159.14999389648438,1450800,160.52999877929688,159.49000549316406,151.3839874267578
22-10-2019,158.17999267578125,159.7100067138672,1276900,162.13999938964844,161.5800018310547,153.36778259277344
23-10-2019,160.52999877929688,161.1199951171875,937300,162.1699981689453,161.6300048828125,153.41525268554688
24-10-2019,158.85000610351562,161.61000061035156,1460700,162.16000366210938,160.1300048828125,151.9915008544922
25-10-2019,158.05999755859375,164.11000061035156,2709500,172.33999633789062,171.80999755859375,163.0778350830078
28-10-2019,166.97999572753906,173.55999755859375,2469700,173.75,169.94000244140625,161.3029022216797
29-10-2019,168.55999755859375,168.8800048828125,1357600,173.35000610351562,172.42999267578125,163.6663360595703
30-10-2019,169.08999633789062,171.80999755859375,1095600,172.0399932861328,170.2100067138672,161.55917358398438
31-10-2019,165.88999938964844,168.85000610351562,1610600,169.11000061035156,168.5800018310547,160.01202392578125
01-11-2019,169.52000427246094,170.9199981689453,1523200,172.7899932861328,172.7899932861328,164.0080108642578
04-11-2019,173.3800048828125,173.67999267578125,1310200,175.55999755859375,175.5,166.58029174804688
05-11-2019,174.74000549316406,175.74000549316406,1648300,177.22999572753906,176.17999267578125,167.2257537841797
06-11-2019,174.50999450683594,175.72999572753906,1225000,177.6199951171875,177.5500030517578,168.52610778808594
07-11-2019,176.25,178.1199951171875,1013000,179.2899932861328,176.50999450683594,167.53897094726562
08-11-2019,175.00999450683594,176.02999877929688,1011600,176.64999389648438,176.41000366210938,167.44407653808594
11-11-2019,174.8800048828125,175.47999572753906,777200,176.88999938964844,175.24000549316406,166.33352661132812
12-11-2019,174.3300018310547,175.8000030517578,1057800,176.57000732421875,174.77000427246094,165.88742065429688
13-11-2019,172.22999572753906,173.60000610351562,1163500,174.11000061035156,173.3800048828125,164.5680694580078
14-11-2019,172.72000122070312,172.94000244140625,724500,174.6999969482422,173.66000366210938,164.83383178710938
15-11-2019,174.16000366210938,175.02999877929688,758200,175.4600067138672,175.16000366210938,166.25759887695312
18-11-2019,173.49000549316406,174.0,1167600,175.89999389648438,175.83999633789062,166.9030303955078
19-11-2019,173.88999938964844,176.5500030517578,1113600,176.64999389648438,174.4600067138672,165.59317016601562
20-11-2019,171.08999633789062,173.33999633789062,1168100,174.08999633789062,172.44000244140625,163.67584228515625
21-11-2019,171.69000244140625,172.4199981689453,833400,173.22999572753906,172.6199951171875,163.84666442871094
22-11-2019,172.5,173.55999755859375,630400,174.08999633789062,173.55999755859375,164.73890686035156
25-11-2019,173.8300018310547,174.4499969482422,853200,175.55999755859375,175.17999267578125,166.2765655517578
26-11-2019,174.4499969482422,174.89999389648438,1102400,175.57000732421875,175.3699951171875,166.4569091796875
27-11-2019,173.97999572753906,175.3699951171875,730900,175.4600067138672,175.11000061035156,166.21011352539062
29-11-2019,173.52000427246094,175.4199981689453,584900,175.6300048828125,174.3300018310547,165.46975708007812
02-12-2019,171.89999389648438,174.6699981689453,1221600,175.0,172.0800018310547,163.3341064453125
03-12-2019,169.0800018310547,170.35000610351562,1309500,171.11000061035156,170.7100067138672,162.0337677001953
04-12-2019,171.1999969482422,171.9499969482422,1326500,174.3699951171875,171.63999938964844,162.91650390625
05-12-2019,171.00999450683594,171.9199981689453,979800,173.1300048828125,172.75,163.97007751464844
06-12-2019,174.08999633789062,174.49000549316406,941100,175.5500030517578,174.19000244140625,165.3368682861328
09-12-2019,173.6999969482422,173.88999938964844,733400,174.8699951171875,174.42999267578125,165.56466674804688
10-12-2019,173.38999938964844,174.42999267578125,816900,175.6999969482422,174.4499969482422,165.58367919921875
11-12-2019,174.49000549316406,175.1199951171875,995800,177.0,176.8699951171875,167.88067626953125
12-12-2019,176.22999572753906,176.8000030517578,921700,179.77999877929688,179.10000610351562,169.99734497070312
13-12-2019,176.77999877929688,179.16000366210938,1102500,180.4199981689453,177.27000427246094,168.26036071777344
16-12-2019,177.2100067138672,178.4199981689453,881900,178.89999389648438,177.47000122070312,168.45016479492188
17-12-2019,177.11000061035156,177.49000549316406,1176300,179.25,177.8000030517578,168.76341247558594
18-12-2019,177.11000061035156,178.02000427246094,1394500,179.19000244140625,178.88999938964844,169.79803466796875
19-12-2019,177.85000610351562,178.67999267578125,1043800,179.1300048828125,178.4600067138672,169.38986206054688
20-12-2019,178.61000061035156,180.3800048828125,2683100,180.49000549316406,180.30999755859375,171.14585876464844
23-12-2019,179.86000061035156,180.41000366210938,807800,181.0800018310547,181.07000732421875,171.8672332763672
24-12-2019,179.6999969482422,181.10000610351562,272200,181.16000366210938,180.17999267578125,171.02243041992188
26-12-2019,179.91000366210938,180.69000244140625,471300,181.27999877929688,181.27999877929688,172.0665283203125
27-12-2019,180.63999938964844,181.88999938964844,616500,182.33999633789062,181.1300048828125,171.92417907714844
30-12-2019,179.36000061035156,180.25999450683594,732700,180.7100067138672,179.91000366210938,171.7809295654297
31-12-2019,178.91000366210938,179.39999389648438,816100,180.10000610351562,179.6300048828125,171.51361083984375
02-01-2020,178.97999572753906,180.14999389648438,1257500,181.6999969482422,181.67999267578125,173.47097778320312
03-01-2020,177.50999450683594,178.7100067138672,1400800,180.07000732421875,179.11000061035156,171.01705932617188
06-01-2020,176.8000030517578,178.0399932861328,1587300,178.58999633789062,178.5399932861328,170.47280883789062
07-01-2020,176.19000244140625,177.66000366210938,1144100,178.38999938964844,177.80999755859375,169.7758026123047
08-01-2020,177.39999389648438,178.25999450683594,1168400,179.4600067138672,178.74000549316406,170.66383361816406
09-01-2020,178.11000061035156,179.4499969482422,1264400,179.8000030517578,179.6300048828125,171.51361083984375
10-01-2020,178.00999450683594,179.50999450683594,1157500,180.66000366210938,178.24000549316406,170.18638610839844
13-01-2020,178.1999969482422,178.58999633789062,698500,179.8699951171875,179.82000732421875,171.6950225830078
14-01-2020,178.2100067138672,179.6999969482422,1127000,180.3300018310547,178.63999938964844,170.56832885742188
15-01-2020,177.02000427246094,178.41000366210938,1262200,179.2899932861328,178.41000366210938,170.34872436523438
16-01-2020,178.36000061035156,179.52999877929688,1104200,180.0,179.7899932861328,171.66635131835938
17-01-2020,179.1300048828125,180.13999938964844,2144900,180.72000122070312,180.42999267578125,172.27745056152344
21-01-2020,177.4199981689453,179.22000122070312,1175900,179.72000122070312,177.8800048828125,169.84268188476562
22-01-2020,176.97999572753906,179.08999633789062,1151000,179.42999267578125,177.50999450683594,169.4893798828125
23-01-2020,175.0500030517578,176.3699951171875,1431600,179.77999877929688,179.60000610351562,171.48495483398438
24-01-2020,175.25999450683594,180.0,1093800,180.0,176.3000030517578,168.3340606689453
27-01-2020,170.3800048828125,173.02000427246094,1226300,174.74000549316406,173.3699951171875,165.53646850585938
28-01-2020,172.9199981689453,174.22000122070312,1138400,176.77000427246094,175.86000061035156,167.9139404296875
29-01-2020,175.3000030517578,176.82000732421875,1228200,177.97999572753906,175.80999755859375,167.8662109375
30-01-2020,173.9199981689453,173.97000122070312,1647600,177.99000549316406,177.89999389648438,169.8617706298828
31-01-2020,174.89999389648438,177.89999389648438,3070500,179.47000122070312,174.97999572753906,167.07369995117188
03-02-2020,174.5800018310547,175.5800018310547,1898000,180.14999389648438,176.4600067138672,168.48684692382812
04-02-2020,178.77999877929688,179.3699951171875,1178200,182.69000244140625,182.02999877929688,173.80514526367188
05-02-2020,183.5399932861328,184.8000030517578,1584700,185.75999450683594,185.75999450683594,177.36660766601562
06-02-2020,184.4499969482422,186.13999938964844,1073000,186.49000549316406,186.07000732421875,177.66261291503906
07-02-2020,182.94000244140625,184.67999267578125,996600,185.24000549316406,183.5399932861328,175.24693298339844
10-02-2020,182.19000244140625,183.05999755859375,908500,183.9600067138672,183.83999633789062,175.53335571289062
11-02-2020,184.5500030517578,184.7899932861328,1027000,187.6999969482422,187.1300048828125,178.67471313476562
12-02-2020,187.16000366210938,187.75999450683594,979100,190.0500030517578,189.6699981689453,181.09996032714844
13-02-2020,187.8800048828125,188.6300048828125,659200,189.61000061035156,189.07000732421875,180.52706909179688
14-02-2020,186.11000061035156,189.0,765100,189.0,187.86000061035156,179.37171936035156
18-02-2020,185.27000427246094,187.5,778700,187.5399932861328,186.47999572753906,178.0540771484375
19-02-2020,186.27000427246094,186.9199981689453,974100,188.19000244140625,187.52999877929688,179.056640625
20-02-2020,187.08999633789062,187.22000122070312,1047000,190.85000610351562,190.0,181.41502380371094
21-02-2020,188.13999938964844,188.75999450683594,1133800,189.89999389648438,189.5800018310547,181.01400756835938
24-02-2020,181.97000122070312,183.7899932861328,1656200,185.22000122070312,183.05999755859375,174.78860473632812
25-02-2020,176.6199951171875,184.02000427246094,1871700,184.22999572753906,177.58999633789062,169.56576538085938
26-02-2020,175.67999267578125,179.52999877929688,1673100,180.0,175.99000549316406,168.03807067871094
27-02-2020,169.63999938964844,172.25,2031000,176.97000122070312,170.1300048828125,162.4428253173828
28-02-2020,162.38999938964844,163.85000610351562,2842000,167.9199981689453,167.77999877929688,160.1990203857422
02-03-2020,164.9600067138672,168.9199981689453,1950800,173.7899932861328,173.27999877929688,165.4505157470703
03-03-2020,168.16000366210938,172.97000122070312,1978300,177.52999877929688,168.86000061035156,161.23023986816406
04-03-2020,170.36000061035156,171.66000366210938,1722900,177.55999755859375,177.39999389648438,169.3843536376953
05-03-2020,166.74000549316406,171.55999755859375,2368700,173.27999877929688,167.7100067138672,160.13218688964844
06-03-2020,160.8800048828125,162.7100067138672,2953000,166.8300018310547,164.11000061035156,156.69483947753906
09-03-2020,150.0,151.66000366210938,3172300,158.3699951171875,154.52000427246094,147.53817749023438
10-03-2020,154.86000061035156,160.0399932861328,1957800,165.0800018310547,164.6199951171875,157.18179321289062
11-03-2020,156.5800018310547,159.17999267578125,2290200,162.6300048828125,158.42999267578125,151.271484375
12-03-2020,139.49000549316406,148.0,3807900,151.77999877929688,140.19000244140625,133.8556671142578
13-03-2020,143.3000030517578,147.02000427246094,2994200,156.4499969482422,156.4499969482422,149.3809356689453
16-03-2020,139.27000427246094,139.27000427246094,3752300,165.3000030517578,149.22000122070312,142.4776611328125
17-03-2020,149.69000244140625,152.05999755859375,2965600,159.9600067138672,159.5,152.29315185546875
18-03-2020,134.5800018310547,149.14999389648438,3671500,153.2100067138672,141.75999450683594,135.35470581054688
19-03-2020,131.3800048828125,140.1699981689453,2662700,140.69000244140625,136.3300018310547,130.17007446289062
20-03-2020,123.88999938964844,138.8699951171875,2794200,138.8699951171875,125.77999877929688,120.09675598144531
23-03-2020,115.94000244140625,122.12000274658203,2777000,125.37999725341797,118.08999633789062,112.75421142578125
24-03-2020,122.27999877929688,122.56999969482422,3077700,138.82000732421875,137.6999969482422,131.4781494140625
25-03-2020,137.60000610351562,138.0500030517578,3272400,149.89999389648438,143.52999877929688,137.04473876953125
26-03-2020,142.8800048828125,147.5800018310547,2097900,151.77999877929688,150.49000549316406,143.69024658203125
27-03-2020,139.14999389648438,142.72000122070312,1818300,148.52000427246094,143.3000030517578,136.82510375976562
30-03-2020,138.39999389648438,141.80999755859375,2262800,145.36000061035156,142.35000610351562,136.94056701660156
31-03-2020,138.85000610351562,140.0500030517578,3034500,145.42999267578125,142.1199951171875,136.7193145751953
01-04-2020,133.22999572753906,135.3800048828125,1962800,137.8300018310547,137.27000427246094,132.05361938476562
02-04-2020,135.85000610351562,136.9199981689453,1428800,142.47999572753906,141.60000610351562,136.21905517578125
03-04-2020,137.63999938964844,141.85000610351562,1503500,144.0,140.41000366210938,135.07427978515625
06-04-2020,145.9499969482422,147.77000427246094,2138300,152.25,151.0399932861328,145.3003387451172
07-04-2020,151.07000732421875,156.49000549316406,1992700,157.63999938964844,152.27000427246094,146.4835968017578
08-04-2020,152.3800048828125,153.88999938964844,1363000,159.8699951171875,158.8000030517578,152.7654571533203
09-04-2020,158.25999450683594,160.63999938964844,1752300,164.25,159.27999877929688,153.22720336914062
13-04-2020,150.2100067138672,158.0800018310547,1611000,158.0800018310547,151.92999267578125,146.15650939941406
14-04-2020,153.72999572753906,155.74000549316406,1889800,156.99000549316406,156.05999755859375,150.12957763671875
15-04-2020,148.27000427246094,151.80999755859375,1395000,153.08999633789062,152.6999969482422,146.89724731445312
16-04-2020,148.41000366210938,151.66000366210938,1442100,153.72000122070312,153.32000732421875,147.49371337890625
17-04-2020,155.6300048828125,157.75,1284700,160.13999938964844,158.5800018310547,152.5538330078125
20-04-2020,153.17999267578125,155.6199951171875,1186200,156.77999877929688,155.2100067138672,149.3118896484375
21-04-2020,149.42999267578125,150.25999450683594,1300400,153.11000061035156,151.77000427246094,146.0026092529297
22-04-2020,152.77999877929688,155.6199951171875,1342400,156.82000732421875,155.5399932861328,149.6293182373047
23-04-2020,154.1199951171875,156.47999572753906,1378800,160.7899932861328,155.1199951171875,149.2252960205078
24-04-2020,152.94000244140625,156.39999389648438,1331900,158.41000366210938,158.22999572753906,152.21710205078125
27-04-2020,158.55999755859375,159.32000732421875,1495400,165.1300048828125,163.22999572753906,157.027099609375
28-04-2020,165.6300048828125,166.60000610351562,1185800,170.25,166.47999572753906,160.1536102294922
29-04-2020,166.64999389648438,170.39999389648438,934000,170.89999389648438,167.50999450683594,161.1444549560547
30-04-2020,161.4499969482422,164.32000732421875,2374400,165.19000244140625,162.5,156.32484436035156
01-05-2020,158.0500030517578,160.22999572753906,1946900,160.22999572753906,159.4499969482422,153.39076232910156
04-05-2020,155.24000549316406,158.0,1733600,159.4199981689453,158.33999633789062,152.3229522705078
05-05-2020,152.27000427246094,152.9600067138672,2225300,162.60000610351562,159.69000244140625,153.62164306640625
06-05-2020,156.75,160.47000122070312,1316000,162.10000610351562,158.77999877929688,152.7462158203125
07-05-2020,156.25,160.75999450683594,1324800,161.9499969482422,156.9499969482422,150.9857635498047
08-05-2020,159.00999450683594,159.42999267578125,829900,161.6199951171875,161.00999450683594,154.8914794921875
11-05-2020,158.4600067138672,159.27000427246094,1092800,163.57000732421875,161.88999938964844,155.738037109375
12-05-2020,154.4600067138672,162.32000732421875,1416600,162.6999969482422,154.7100067138672,148.8308868408203
13-05-2020,150.8800048828125,154.02999877929688,1324600,155.85000610351562,152.49000549316406,146.69525146484375
14-05-2020,148.66000366210938,150.3800048828125,1726200,154.9600067138672,154.85000610351562,148.96556091308594
15-05-2020,153.3300018310547,153.8300018310547,2081100,156.22000122070312,155.67999267578125,149.76400756835938
18-05-2020,161.35000610351562,162.49000549316406,1437400,165.75999450683594,164.7100067138672,158.4508819580078
19-05-2020,161.25999450683594,163.86000061035156,1151900,165.47999572753906,161.3000030517578,155.1704559326172
20-05-2020,163.5,163.5,1027900,166.49000549316406,165.0,158.7298583984375
21-05-2020,163.42999267578125,163.6699981689453,1009300,165.6999969482422,164.10000610351562,157.8640594482422
22-05-2020,162.77000427246094,164.27000427246094,735300,164.36000061035156,163.75,157.52735900878906
26-05-2020,168.0500030517578,168.50999450683594,1604800,174.0500030517578,173.10000610351562,166.5220489501953
27-05-2020,174.74000549316406,175.55999755859375,1245500,178.7100067138672,176.24000549316406,169.54270935058594
28-05-2020,172.75,177.2899932861328,1219400,177.52000427246094,172.91000366210938,166.33924865722656
29-05-2020,170.0800018310547,171.75999450683594,1707500,173.52000427246094,172.4600067138672,165.90635681152344
01-06-2020,170.99000549316406,172.94000244140625,787200,174.10000610351562,171.22999572753906,164.7230987548828
02-06-2020,171.08999633789062,172.6300048828125,1105100,173.42999267578125,172.27999877929688,165.7332305908203
03-06-2020,173.32000732421875,173.6300048828125,1019200,178.88999938964844,178.4499969482422,171.66871643066406
04-06-2020,175.8699951171875,176.52000427246094,985000,178.97000122070312,178.72000122070312,171.92845153808594
05-06-2020,180.97000122070312,184.64999389648438,1747200,184.72000122070312,182.8699951171875,175.9207763671875
08-06-2020,178.8000030517578,182.0,1144200,184.4199981689453,180.22999572753906,173.381103515625
09-06-2020,176.75999450683594,177.83999633789062,850200,179.58999633789062,178.02999877929688,171.2646942138672
10-06-2020,174.42999267578125,177.99000549316406,946100,177.99000549316406,174.5,167.8688507080078
11-06-2020,164.99000549316406,170.13999938964844,1257500,170.19000244140625,165.1699981689453,158.89337158203125
12-06-2020,160.6199951171875,170.2100067138672,1727400,170.2100067138672,164.94000244140625,158.67213439941406
15-06-2020,160.33999633789062,161.16000366210938,1889400,166.3300018310547,164.9499969482422,158.68174743652344
16-06-2020,166.83999633789062,171.25,1787400,172.2100067138672,169.39999389648438,162.96263122558594
17-06-2020,169.42999267578125,170.86000061035156,1625900,173.60000610351562,172.42999267578125,165.87747192382812
18-06-2020,169.32000732421875,169.44000244140625,1395600,171.8699951171875,170.49000549316406,164.01123046875
19-06-2020,169.4199981689453,173.88999938964844,4293200,174.3699951171875,170.8800048828125,164.3864288330078
22-06-2020,168.58999633789062,169.85000610351562,1123500,171.75,171.69000244140625,165.16561889648438
23-06-2020,172.4600067138672,173.61000061035156,1059100,174.5800018310547,172.57000732421875,166.01219177246094
24-06-2020,168.11000061035156,170.1199951171875,1359800,171.82000732421875,169.02999877929688,162.60667419433594
25-06-2020,167.4199981689453,168.39999389648438,1129300,171.63999938964844,170.9600067138672,164.46334838867188
26-06-2020,166.4199981689453,169.83999633789062,3738000,171.47999572753906,167.82000732421875,161.4427032470703
29-06-2020,168.49000549316406,169.2899932861328,1079900,171.33999633789062,170.39999389648438,164.9765167236328
30-06-2020,170.00999450683594,170.00999450683594,1133600,175.7100067138672,174.85000610351562,169.28489685058594
01-07-2020,172.1699981689453,174.85000610351562,940900,175.5800018310547,172.44000244140625,166.95159912109375
02-07-2020,173.6999969482422,174.99000549316406,857600,177.72999572753906,174.60000610351562,169.04283142089844
06-07-2020,175.77000427246094,177.22999572753906,789600,178.3699951171875,177.66000366210938,172.0054473876953
07-07-2020,174.92999267578125,176.83999633789062,1584500,177.86000061035156,175.3300018310547,169.74960327148438
08-07-2020,173.0800018310547,175.19000244140625,986300,176.5,174.32000732421875,168.77175903320312
09-07-2020,172.72999572753906,173.89999389648438,1115500,175.52999877929688,173.2899932861328,167.7745361328125
10-07-2020,172.2899932861328,173.6300048828125,753600,174.1699981689453,174.05999755859375,168.52001953125
13-07-2020,174.42999267578125,174.75,1050400,177.16000366210938,174.77999877929688,169.21710205078125
14-07-2020,174.25,175.05999755859375,1094100,179.5800018310547,179.42999267578125,173.71910095214844
15-07-2020,180.02999877929688,182.13999938964844,1166700,183.0500030517578,182.2100067138672,176.41061401367188
16-07-2020,180.1300048828125,181.75,994500,183.1199951171875,181.61000061035156,175.82972717285156
17-07-2020,181.75999450683594,182.7899932861328,1965300,183.2100067138672,182.0800018310547,176.28475952148438
20-07-2020,177.6199951171875,180.9199981689453,846000,181.55999755859375,178.33999633789062,172.66380310058594
21-07-2020,179.00999450683594,179.02000427246094,938100,182.3000030517578,181.94000244140625,176.1492156982422
22-07-2020,180.8000030517578,181.36000061035156,891600,183.42999267578125,182.6199951171875,176.80758666992188
23-07-2020,182.4199981689453,182.85000610351562,706800,185.22000122070312,183.80999755859375,177.959716796875
24-07-2020,183.6199951171875,184.36000061035156,786900,185.0,184.7899932861328,178.9084930419922
27-07-2020,183.75999450683594,184.5800018310547,655000,187.8699951171875,187.72000122070312,181.74526977539062
28-07-2020,184.91000366210938,186.9499969482422,729200,187.5399932861328,185.1199951171875,179.22801208496094
29-07-2020,185.67999267578125,185.9199981689453,535200,188.11000061035156,187.49000549316406,181.52259826660156
30-07-2020,183.0800018310547,185.44000244140625,1191400,186.5399932861328,185.6699981689453,179.760498046875
31-07-2020,182.5399932861328,184.22999572753906,1234700,185.44000244140625,184.99000549316406,179.10215759277344
03-08-2020,185.4600067138672,185.83999633789062,1001500,188.08999633789062,185.9199981689453,180.0025634765625
04-08-2020,184.27000427246094,185.88999938964844,648300,186.27999877929688,185.08999633789062,179.19895935058594
05-08-2020,186.3000030517578,186.3000030517578,922400,188.66000366210938,188.52999877929688,182.5294647216797
06-08-2020,186.8800048828125,188.3300018310547,716000,189.0,187.9499969482422,181.9679412841797
07-08-2020,187.52999877929688,188.00999450683594,731400,190.7100067138672,190.5500030517578,184.4851837158203
10-08-2020,190.57000732421875,190.88999938964844,968200,195.89999389648438,195.8300018310547,189.59713745117188
11-08-2020,195.80999755859375,196.66000366210938,1237800,199.35000610351562,196.32000732421875,190.071533203125
12-08-2020,197.19000244140625,198.41000366210938,948400,199.89999389648438,198.52999877929688,192.21119689941406
13-08-2020,196.44000244140625,196.83999633789062,775100,198.6300048828125,197.50999450683594,191.22364807128906
14-08-2020,195.72000122070312,197.00999450683594,806100,198.75999450683594,196.1300048828125,189.88760375976562
17-08-2020,196.0800018310547,196.74000549316406,998200,198.07000732421875,196.57000732421875,190.31358337402344
18-08-2020,195.8000030517578,196.91000366210938,721600,198.0800018310547,196.2899932861328,190.04249572753906
19-08-2020,195.24000549316406,196.97000122070312,703900,197.82000732421875,195.77000427246094,189.53904724121094
20-08-2020,192.77000427246094,193.72000122070312,846600,194.25999450683594,193.74000549316406,187.57363891601562
21-08-2020,193.6999969482422,193.89999389648438,602900,195.97000122070312,195.13999938964844,188.9290771484375
24-08-2020,195.27000427246094,195.6699981689453,504000,197.3699951171875,197.27000427246094,190.99130249023438
25-08-2020,196.1699981689453,198.4499969482422,591800,198.4499969482422,197.3800048828125,191.09779357910156
26-08-2020,195.38999938964844,196.85000610351562,736600,199.92999267578125,198.89999389648438,192.56939697265625
27-08-2020,198.0800018310547,200.0,710500,200.80999755859375,198.6699981689453,192.34674072265625
28-08-2020,197.80999755859375,198.7899932861328,572500,200.77999877929688,200.66000366210938,194.2733917236328
31-08-2020,197.00999450683594,199.6699981689453,1147900,200.97999572753906,197.5500030517578,191.26239013671875
01-09-2020,196.10000610351562,197.6300048828125,713700,201.1300048828125,201.02000427246094,194.6219482421875
02-09-2020,199.85000610351562,200.58999633789062,1137400,202.6699981689453,201.9499969482422,195.5223388671875
03-09-2020,193.22999572753906,202.67999267578125,897300,202.67999267578125,194.6300048828125,188.43533325195312
04-09-2020,192.07000732421875,196.9199981689453,961600,197.47999572753906,193.89999389648438,187.72853088378906
08-09-2020,189.52000427246094,192.8300018310547,1130100,193.47000122070312,190.88999938964844,184.8143768310547
09-09-2020,192.22000122070312,192.52999877929688,1353500,196.89999389648438,195.13999938964844,188.9290771484375
10-09-2020,191.27000427246094,195.55999755859375,805800,195.9600067138672,191.94000244140625,185.8309326171875
11-09-2020,192.36000061035156,192.69000244140625,789100,196.44000244140625,195.4600067138672,189.23890686035156
14-09-2020,196.16000366210938,197.16000366210938,817200,198.97999572753906,198.22000122070312,191.91107177734375
15-09-2020,198.0399932861328,198.3000030517578,1213800,201.05999755859375,198.63999938964844,192.31768798828125
16-09-2020,197.75999450683594,199.97999572753906,1207600,201.3800048828125,199.5,193.15032958984375
17-09-2020,196.00999450683594,196.6699981689453,989200,201.5399932861328,200.94000244140625,194.54449462890625
18-09-2020,198.67999267578125,200.69000244140625,1794400,203.17999267578125,199.11000061035156,192.7727508544922
21-09-2020,189.39999389648438,196.2899932861328,1172200,197.17999267578125,191.50999450683594,185.4146270751953
22-09-2020,191.10000610351562,191.77999877929688,981100,193.27999877929688,193.08999633789062,186.9443359375
23-09-2020,190.4199981689453,193.0399932861328,1036800,194.47999572753906,190.83999633789062,184.76596069335938
24-09-2020,189.69000244140625,190.41000366210938,713400,195.02999877929688,192.33999633789062,186.2182159423828
25-09-2020,190.4600067138672,190.91000366210938,919200,193.16000366210938,192.6300048828125,186.4989776611328
28-09-2020,194.4199981689453,194.82000732421875,930800,198.75,195.67999267578125,189.45188903808594
29-09-2020,192.72000122070312,194.86000061035156,790000,196.4199981689453,193.47000122070312,188.4098663330078
30-09-2020,191.52000427246094,194.47000122070312,1573800,197.13999938964844,193.2100067138672,188.1566925048828
01-10-2020,188.69000244140625,194.4199981689453,1218500,194.9499969482422,190.89999389648438,185.90708923339844
02-10-2020,188.13999938964844,188.72999572753906,907000,194.1699981689453,191.85000610351562,186.83229064941406
05-10-2020,193.57000732421875,194.16000366210938,817200,198.27000427246094,197.77999877929688,192.60716247558594
06-10-2020,195.75999450683594,198.1300048828125,1010800,201.24000549316406,196.41000366210938,191.27297973632812
07-10-2020,197.4600067138672,198.36000061035156,810500,200.17999267578125,199.63999938964844,194.41851806640625
08-10-2020,197.72000122070312,200.25,667700,201.27000427246094,200.97999572753906,195.7234649658203
09-10-2020,201.50999450683594,203.05999755859375,1282400,206.72000122070312,205.7100067138672,200.32977294921875
12-10-2020,203.52000427246094,206.39999389648438,835500,206.91000366210938,203.80999755859375,198.47943115234375
13-10-2020,202.0,203.25999450683594,571900,205.0,203.16000366210938,197.84646606445312
14-10-2020,203.07000732421875,203.39999389648438,557900,206.17999267578125,203.10000610351562,197.78802490234375
15-10-2020,200.16000366210938,200.91000366210938,548500,204.16000366210938,203.7899932861328,198.45997619628906
16-10-2020,204.72000122070312,204.77000427246094,1219700,207.75,206.63999938964844,201.2354278564453
19-10-2020,202.00999450683594,206.5800018310547,826300,207.33999633789062,202.4199981689453,197.1258087158203
20-10-2020,202.6699981689453,203.2100067138672,712900,206.64999389648438,203.44000244140625,198.11912536621094
21-10-2020,202.6300048828125,203.72000122070312,666400,206.38999938964844,202.64999389648438,197.34979248046875
22-10-2020,201.57000732421875,203.44000244140625,1203000,204.3000030517578,201.72000122070312,196.44410705566406
23-10-2020,202.0,208.0,1447800,208.0800018310547,206.6999969482422,201.29385375976562
26-10-2020,197.66000366210938,203.75999450683594,1359600,204.94000244140625,199.91000366210938,194.68145751953125
27-10-2020,198.1699981689453,200.44000244140625,867500,200.61000061035156,198.6199951171875,193.42518615722656
28-10-2020,192.35000610351562,194.4199981689453,1133600,196.99000549316406,192.6699981689453,187.63079833984375
29-10-2020,192.2899932861328,193.4199981689453,1091400,199.85000610351562,196.80999755859375,191.66253662109375
30-10-2020,193.50999450683594,195.5800018310547,1034200,197.69000244140625,195.8800048828125,190.75685119628906
02-11-2020,197.9600067138672,199.30999755859375,1321300,202.27000427246094,202.0800018310547,196.79469299316406
03-11-2020,204.1999969482422,204.6999969482422,810100,209.5500030517578,208.1999969482422,202.754638671875
04-11-2020,202.4600067138672,206.42999267578125,1090600,208.4199981689453,202.6999969482422,197.3984832763672
05-11-2020,205.5800018310547,205.6999969482422,802500,210.27000427246094,208.8800048828125,203.41683959960938
06-11-2020,207.75,209.1199951171875,678900,210.64999389648438,209.4199981689453,203.94271850585938
09-11-2020,213.42999267578125,222.08999633789062,1368400,224.69000244140625,213.88999938964844,208.29580688476562
10-11-2020,213.67999267578125,214.0800018310547,1199000,219.07000732421875,217.5399932861328,211.850341796875
11-11-2020,213.38999938964844,218.1199951171875,1021000,218.27999877929688,213.67999267578125,208.09130859375
12-11-2020,208.07000732421875,213.1199951171875,1130300,213.1199951171875,209.63999938964844,204.15696716308594
13-11-2020,209.97000122070312,211.0800018310547,776600,212.7899932861328,211.47000122070312,205.93910217285156
16-11-2020,209.1999969482422,214.0500030517578,1309700,214.74000549316406,211.86000061035156,206.31890869140625
17-11-2020,208.19000244140625,209.83999633789062,797900,211.2899932861328,209.8699951171875,204.3809356689453
18-11-2020,205.97999572753906,210.89999389648438,1248900,211.58999633789062,206.10000610351562,200.70957946777344
19-11-2020,202.08999633789062,205.13999938964844,1235000,207.5,206.88999938964844,201.4788818359375
20-11-2020,203.47999572753906,206.6999969482422,1086300,206.8000030517578,203.83999633789062,198.5086669921875
23-11-2020,204.60000610351562,205.08999633789062,1155800,209.63999938964844,208.77000427246094,203.30972290039062
24-11-2020,211.0800018310547,211.2100067138672,1445300,213.6300048828125,212.30999755859375,206.7571258544922
25-11-2020,208.77000427246094,212.3699951171875,967500,212.3699951171875,211.10000610351562,205.57879638671875
27-11-2020,211.11000061035156,212.10000610351562,539000,212.58999633789062,212.22999572753906,206.67921447753906
30-11-2020,208.0500030517578,211.0,2758600,211.10000610351562,211.08999633789062,205.56903076171875
01-12-2020,209.80999755859375,213.4199981689453,1810800,214.10000610351562,210.05999755859375,204.5659637451172
02-12-2020,204.22000122070312,210.0,2011200,211.77999877929688,205.02000427246094,199.65780639648438
03-12-2020,202.8300018310547,205.8300018310547,1234700,207.83999633789062,203.4499969482422,198.12884521484375
04-12-2020,204.02999877929688,204.41000366210938,1816800,206.5399932861328,205.1300048828125,199.76492309570312
07-12-2020,201.39999389648438,204.60000610351562,1157000,204.99000549316406,202.72999572753906,197.42771911621094
08-12-2020,201.6999969482422,202.0,1272100,206.61000061035156,206.2899932861328,200.89459228515625
09-12-2020,206.0,206.6999969482422,1296100,208.5800018310547,206.57000732421875,201.16725158691406
10-12-2020,201.41000366210938,205.64999389648438,1101800,206.17999267578125,202.5500030517578,197.25242614746094
11-12-2020,201.0,201.08999633789062,909700,204.30999755859375,203.55999755859375,198.23597717285156
14-12-2020,199.50999450683594,205.39999389648438,902300,205.5800018310547,199.6699981689453,194.44772338867188
15-12-2020,200.7899932861328,201.47000122070312,954900,204.6300048828125,203.6999969482422,198.37232971191406
16-12-2020,202.3300018310547,203.5800018310547,862800,204.77000427246094,203.85000610351562,198.51841735839844
17-12-2020,204.00999450683594,205.19000244140625,1003700,206.77999877929688,206.11000061035156,200.71929931640625
18-12-2020,201.6199951171875,205.5,2372200,206.89999389648438,203.8800048828125,198.54762268066406
21-12-2020,198.27000427246094,200.36000061035156,1035800,204.58999633789062,203.86000061035156,198.52813720703125
22-12-2020,201.39999389648438,203.05999755859375,787400,203.82000732421875,202.38999938964844,197.09658813476562
23-12-2020,201.88999938964844,203.64999389648438,543600,204.22000122070312,201.97999572753906,196.69729614257812
24-12-2020,201.07000732421875,202.17999267578125,309000,202.97000122070312,202.44000244140625,197.14529418945312
28-12-2020,201.86000061035156,204.36000061035156,482100,205.3000030517578,202.3800048828125,197.08685302734375
29-12-2020,198.82000732421875,203.57000732421875,575300,203.64999389648438,200.41000366210938,195.1683807373047
30-12-2020,199.88999938964844,200.00999450683594,658200,202.72000122070312,202.1699981689453,198.0086669921875
31-12-2020,201.19000244140625,201.77999877929688,659300,203.9600067138672,203.8800048828125,199.68350219726562
04-01-2021,201.5,209.3699951171875,1418100,209.3699951171875,203.1300048828125,198.9489288330078
05-01-2021,202.55999755859375,202.55999755859375,1012700,205.82000732421875,203.82000732421875,199.6247100830078
06-01-2021,205.4499969482422,206.02000427246094,1243800,211.89999389648438,209.0399932861328,204.73727416992188
07-01-2021,207.0,209.66000366210938,986200,210.27000427246094,209.25999450683594,204.95274353027344
08-01-2021,205.3300018310547,210.05999755859375,861400,210.1999969482422,208.9600067138672,204.65892028808594
11-01-2021,206.41000366210938,207.10000610351562,995400,210.0399932861328,208.07000732421875,203.78724670410156
12-01-2021,209.1699981689453,209.82000732421875,971500,211.3000030517578,209.33999633789062,205.03109741210938
13-01-2021,207.0500030517578,209.38999938964844,612300,210.0800018310547,207.22999572753906,202.96450805664062
14-01-2021,205.11000061035156,208.22000122070312,724500,208.5500030517578,205.41000366210938,201.18199157714844
15-01-2021,200.3000030517578,203.80999755859375,1537200,204.16000366210938,203.19000244140625,199.0076904296875
19-01-2021,204.13999938964844,206.5,976900,207.97999572753906,204.80999755859375,200.59434509277344
20-01-2021,202.97999572753906,205.52000427246094,725900,205.52000427246094,204.99000549316406,200.77064514160156
21-01-2021,202.8300018310547,204.77999877929688,673700,206.36000061035156,203.8300018310547,199.63450622558594
22-01-2021,201.11000061035156,202.47999572753906,662000,204.17999267578125,203.4600067138672,199.2721405029297
25-01-2021,200.08999633789062,203.02999877929688,1027300,203.42999267578125,202.32000732421875,198.15560913085938
26-01-2021,199.1300048828125,203.69000244140625,692600,203.69000244140625,199.7100067138672,195.59933471679688
27-01-2021,192.88999938964844,196.9499969482422,1433300,197.49000549316406,195.33999633789062,191.3192596435547
28-01-2021,196.61000061035156,197.30999755859375,914200,201.1199951171875,197.2899932861328,193.22911071777344
29-01-2021,193.97999572753906,195.97999572753906,1557900,196.97000122070312,194.2100067138672,190.21253967285156
01-02-2021,193.19000244140625,196.61000061035156,1070900,196.9199981689453,194.8800048828125,190.8687286376953
02-02-2021,196.6999969482422,196.6999969482422,997200,201.11000061035156,198.24000549316406,194.1595916748047
03-02-2021,196.07000732421875,197.27000427246094,818000,198.35000610351562,197.39999389648438,193.33685302734375
04-02-2021,196.75999450683594,198.69000244140625,1247900,199.27000427246094,197.05999755859375,193.00384521484375
05-02-2021,198.13999938964844,198.27000427246094,1886200,202.39999389648438,202.19000244140625,198.0282745361328
08-02-2021,202.24000549316406,203.0,1278700,205.3800048828125,204.24000549316406,200.03607177734375
09-02-2021,201.25,203.9199981689453,1000000,204.3699951171875,203.3000030517578,199.1154327392578
10-02-2021,203.19000244140625,204.33999633789062,1407800,205.27000427246094,204.89999389648438,200.68247985839844
11-02-2021,198.63999938964844,205.1300048828125,878900,205.52999877929688,200.94000244140625,196.8040008544922
12-02-2021,197.4199981689453,200.1199951171875,1059100,201.80999755859375,200.97999572753906,196.84317016601562
16-02-2021,197.8699951171875,202.08999633789062,1009500,203.0,199.02999877929688,194.9333038330078
17-02-2021,196.36000061035156,198.0399932861328,1183700,199.3000030517578,198.24000549316406,194.1595916748047
18-02-2021,196.52999877929688,198.6300048828125,839800,199.6699981689453,199.24000549316406,195.1389923095703
19-02-2021,200.07000732421875,200.07000732421875,988200,203.02000427246094,201.39999389648438,197.25453186035156
22-02-2021,199.30999755859375,200.1300048828125,715500,201.74000549316406,201.02000427246094,196.88235473632812
23-02-2021,200.39999389648438,201.97999572753906,871900,202.94000244140625,201.52999877929688,197.38185119628906
24-02-2021,201.24000549316406,201.35000610351562,937300,203.6300048828125,203.4499969482422,199.26231384277344
25-02-2021,201.67999267578125,203.17999267578125,1050100,205.63999938964844,202.69000244140625,198.5179901123047
26-02-2021,200.1999969482422,202.9499969482422,1472900,204.49000549316406,202.17999267578125,198.01846313476562
01-03-2021,203.6699981689453,203.6699981689453,831200,209.0500030517578,206.44000244140625,202.19078063964844
02-03-2021,205.0500030517578,206.49000549316406,778400,207.75999450683594,206.5,202.2495574951172
03-03-2021,206.3000030517578,206.8800048828125,910400,208.9199981689453,207.55999755859375,203.28773498535156
04-03-2021,203.10000610351562,206.91000366210938,1939100,208.97000122070312,203.97000122070312,199.77162170410156
05-03-2021,204.0800018310547,205.83999633789062,864700,210.67999267578125,210.00999450683594,205.6873016357422
08-03-2021,209.6999969482422,211.1699981689453,867400,216.3699951171875,213.39999389648438,209.0075225830078
09-03-2021,210.72999572753906,213.5800018310547,1341400,214.00999450683594,210.85000610351562,206.510009765625
10-03-2021,210.3300018310547,210.3300018310547,786400,215.39999389648438,213.97999572753906,209.57557678222656
11-03-2021,212.3300018310547,213.5399932861328,980900,215.44000244140625,213.0500030517578,208.66473388671875
12-03-2021,213.44000244140625,214.14999389648438,952500,216.6199951171875,216.0,211.5540008544922
15-03-2021,215.94000244140625,215.94000244140625,1245500,219.94000244140625,219.7100067138672,215.18765258789062
16-03-2021,217.27000427246094,219.5500030517578,1206000,220.69000244140625,218.52000427246094,214.0221405029297
17-03-2021,218.30999755859375,219.0399932861328,1139400,222.0,219.89999389648438,215.3737335205078
18-03-2021,219.60000610351562,220.22000122070312,1038100,223.63999938964844,221.75,217.18565368652344
19-03-2021,216.6300048828125,221.0,6863100,222.1199951171875,218.69000244140625,214.1886444091797
22-03-2021,216.66000366210938,217.94000244140625,886500,219.60000610351562,219.11000061035156,214.59999084472656
23-03-2021,215.97999572753906,217.60000610351562,932800,219.86000061035156,216.72999572753906,212.26898193359375
24-03-2021,217.77000427246094,217.83999633789062,954800,222.8800048828125,220.36000061035156,215.8242645263672
25-03-2021,217.80999755859375,220.89999389648438,802900,222.99000549316406,222.77999877929688,218.1944580078125
26-03-2021,223.64999389648438,224.0,1015800,227.77000427246094,227.61000061035156,222.92503356933594
29-03-2021,225.99000549316406,226.6199951171875,1308900,228.77000427246094,226.77999877929688,222.1121063232422
30-03-2021,223.75,225.6699981689453,804700,226.1999969482422,224.75999450683594,221.24586486816406
31-03-2021,220.82000732421875,224.75,1421100,225.07000732421875,221.52000427246094,218.05653381347656
01-04-2021,219.10000610351562,222.5500030517578,953000,223.14999389648438,221.3800048828125,217.91873168945312
05-04-2021,221.38999938964844,222.55999755859375,1015100,223.82000732421875,222.3000030517578,218.8243408203125
06-04-2021,222.08999633789062,222.6300048828125,1011400,224.67999267578125,223.17999267578125,219.69058227539062
07-04-2021,219.82000732421875,222.39999389648438,1095800,223.30999755859375,219.9499969482422,216.51107788085938
08-04-2021,217.49000549316406,219.47000122070312,1606000,220.32000732421875,218.3000030517578,214.8868865966797
09-04-2021,219.11000061035156,219.47999572753906,1071600,222.72999572753906,222.6300048828125,219.14920043945312
12-04-2021,222.27999877929688,222.75999450683594,843300,223.77999877929688,223.60000610351562,220.10401916503906
13-04-2021,219.52999877929688,223.1199951171875,821000,223.36000061035156,221.42999267578125,217.9679412841797
14-04-2021,221.2899932861328,221.36000061035156,730900,222.8300018310547,221.6199951171875,218.15496826171875
15-04-2021,220.5,221.94000244140625,1232000,222.2100067138672,221.25,217.79075622558594
16-04-2021,222.11000061035156,223.0,1222100,224.6699981689453,224.02999877929688,220.52728271484375
19-04-2021,222.11000061035156,223.77000427246094,775100,223.89999389648438,223.8300018310547,220.33042907714844
20-04-2021,221.2899932861328,224.02999877929688,738400,224.66000366210938,222.86000061035156,219.37559509277344
21-04-2021,222.41000366210938,223.42999267578125,1072000,227.69000244140625,226.82000732421875,223.273681640625
22-04-2021,225.75999450683594,226.97000122070312,1082900,227.80999755859375,225.99000549316406,222.45664978027344
23-04-2021,225.83999633789062,227.0800018310547,977600,229.3800048828125,228.52000427246094,224.9470977783203
26-04-2021,227.38999938964844,229.72000122070312,839700,230.69000244140625,227.6999969482422,224.139892578125
27-04-2021,226.58999633789062,227.64999389648438,1005600,229.61000061035156,229.36000061035156,225.77395629882812
28-04-2021,229.0500030517578,229.99000549316406,1018500,231.25,230.0,226.4039306640625
29-04-2021,230.0800018310547,230.52999877929688,1136300,232.2899932861328,230.77000427246094,227.16192626953125
30-04-2021,227.16000366210938,230.69000244140625,1594700,235.0,230.4600067138672,226.85675048828125
03-05-2021,229.44000244140625,232.0,921300,234.16000366210938,233.55999755859375,229.90829467773438
04-05-2021,233.1199951171875,233.9600067138672,1146500,236.6999969482422,235.97999572753906,232.2904510498047
05-05-2021,234.38999938964844,236.3000030517578,1091100,237.13999938964844,235.66000366210938,231.9754638671875
06-05-2021,235.24000549316406,236.64999389648438,801300,237.50999450683594,237.05999755859375,233.3535614013672
07-05-2021,235.00999450683594,235.99000549316406,808000,239.14999389648438,238.27999877929688,234.5544891357422
10-05-2021,238.50999450683594,240.0,948400,242.07000732421875,239.05999755859375,235.32229614257812
11-05-2021,233.9199981689453,238.36000061035156,980500,238.42999267578125,236.3699951171875,232.67434692382812
12-05-2021,231.77000427246094,236.3300018310547,1157800,236.64999389648438,231.7899932861328,228.1659393310547
13-05-2021,231.92999267578125,232.22000122070312,884800,238.9600067138672,237.9499969482422,234.22964477539062
14-05-2021,237.94000244140625,238.5399932861328,821500,240.39999389648438,238.5,234.7710418701172
17-05-2021,235.27999877929688,237.57000732421875,679800,238.25,237.5500030517578,233.83590698242188
18-05-2021,232.58999633789062,236.83999633789062,1022500,237.33999633789062,232.69000244140625,229.05189514160156
19-05-2021,228.8800048828125,230.0,954000,232.3300018310547,232.22999572753906,228.59909057617188
20-05-2021,231.55999755859375,232.61000061035156,760100,233.85000610351562,232.0399932861328,228.41204833984375
21-05-2021,230.3800048828125,233.25,1473600,235.1699981689453,231.99000549316406,228.36285400390625
24-05-2021,231.10000610351562,233.25999450683594,977900,233.25999450683594,232.07000732421875,228.44158935546875
25-05-2021,231.5500030517578,232.3300018310547,816300,233.6999969482422,232.57000732421875,228.93377685546875
26-05-2021,227.35000610351562,228.41000366210938,1147900,230.5500030517578,230.02000427246094,226.42364501953125
27-05-2021,230.1999969482422,232.33999633789062,1050500,232.42999267578125,230.8000030517578,227.19143676757812
28-05-2021,230.6699981689453,231.24000549316406,701000,232.5,231.75999450683594,228.1364288330078
01-06-2021,232.38999938964844,234.36000061035156,702000,235.60000610351562,233.22999572753906,229.5834503173828
02-06-2021,231.94000244140625,233.47000122070312,731800,234.3699951171875,233.67999267578125,230.0264129638672
03-06-2021,232.08999633789062,233.16000366210938,749000,235.07000732421875,234.4199981689453,230.7548370361328
04-06-2021,234.3699951171875,235.0800018310547,556300,236.11000061035156,235.80999755859375,232.1231231689453
07-06-2021,232.88999938964844,236.49000549316406,809400,236.49000549316406,233.49000549316406,229.83938598632812
08-06-2021,230.7899932861328,232.6199951171875,817600,233.63999938964844,232.67999267578125,229.04205322265625
09-06-2021,231.5500030517578,232.66000366210938,907200,233.55999755859375,232.32000732421875,228.68768310546875
10-06-2021,231.57000732421875,233.82000732421875,734000,234.6199951171875,232.67999267578125,229.04205322265625
11-06-2021,231.05999755859375,233.8800048828125,747200,234.99000549316406,232.75,229.1109619140625
14-06-2021,229.89999389648438,232.0500030517578,709800,233.16000366210938,232.42999267578125,228.79595947265625
15-06-2021,230.75999450683594,232.7100067138672,824800,233.0,232.00999450683594,228.3825225830078
16-06-2021,227.8000030517578,232.7100067138672,1327700,232.72000122070312,227.89999389648438,224.33677673339844
17-06-2021,220.9600067138672,228.10000610351562,1399400,228.33999633789062,223.0399932861328,219.55276489257812
18-06-2021,219.1199951171875,220.10000610351562,1821600,221.41000366210938,219.55999755859375,216.12718200683594
21-06-2021,220.9600067138672,221.66000366210938,1370300,223.77000427246094,223.11000061035156,219.62167358398438
22-06-2021,221.6300048828125,222.94000244140625,787000,224.61000061035156,223.6199951171875,220.12368774414062
23-06-2021,221.97000122070312,223.27999877929688,645600,224.2100067138672,222.02000427246094,218.54872131347656
24-06-2021,220.8800048828125,222.80999755859375,709300,223.6699981689453,222.55999755859375,219.0802764892578
25-06-2021,222.4600067138672,223.35000610351562,2861600,224.39999389648438,222.92999267578125,219.44447326660156
28-06-2021,221.30999755859375,222.67999267578125,899600,225.3000030517578,224.6300048828125,221.117919921875
29-06-2021,222.9499969482422,224.60000610351562,657800,225.55999755859375,223.0,220.63311767578125
30-06-2021,222.3000030517578,222.72000122070312,971200,224.19000244140625,223.55999755859375,221.1871795654297
01-07-2021,223.2100067138672,224.58999633789062,779200,225.0500030517578,224.61000061035156,222.2260284423828
02-07-2021,224.10000610351562,225.14999389648438,452000,226.22000122070312,225.60000610351562,223.2055206298828
06-07-2021,220.6699981689453,224.8300018310547,919800,224.86000061035156,222.69000244140625,220.32640075683594
07-07-2021,222.0,222.1199951171875,631400,225.49000549316406,225.2100067138672,222.81967163085938
08-07-2021,221.83999633789062,222.80999755859375,638900,225.24000549316406,223.8300018310547,221.45431518554688
09-07-2021,226.58999633789062,226.80999755859375,819900,228.1999969482422,227.3800048828125,224.9666290283203
12-07-2021,226.11000061035156,226.22999572753906,789400,227.86000061035156,227.47000122070312,225.0556640625
13-07-2021,226.92999267578125,228.0800018310547,800600,229.24000549316406,227.47000122070312,225.0556640625
14-07-2021,226.66000366210938,227.52999877929688,605300,229.39999389648438,228.97999572753906,226.54965209960938
15-07-2021,228.52000427246094,228.66000366210938,649200,231.08999633789062,229.49000549316406,227.05422973632812
16-07-2021,227.8699951171875,230.00999450683594,726000,231.22999572753906,228.38999938964844,225.9658966064453
19-07-2021,222.47000122070312,226.11000061035156,715200,226.6199951171875,225.02000427246094,222.63168334960938
20-07-2021,224.55999755859375,225.10000610351562,826500,229.80999755859375,229.08999633789062,226.65847778320312
21-07-2021,228.61000061035156,229.55999755859375,479800,231.02000427246094,229.35000610351562,226.9157257080078
22-07-2021,227.33999633789062,230.10000610351562,436300,230.10000610351562,227.57000732421875,225.1546173095703
23-07-2021,225.74000549316406,229.07000732421875,985400,229.07000732421875,226.38999938964844,223.9871368408203
26-07-2021,225.08999633789062,226.5800018310547,1440500,227.2899932861328,227.0,224.59066772460938
27-07-2021,224.6699981689453,226.25999450683594,853000,228.44000244140625,227.72999572753906,225.3129119873047
28-07-2021,225.39999389648438,227.6699981689453,728100,228.6199951171875,225.8300018310547,223.43307495117188
29-07-2021,225.9199981689453,227.5,897700,228.52999877929688,228.39999389648438,225.97579956054688
30-07-2021,221.5,223.75999450683594,1558800,227.2899932861328,226.6699981689453,224.26416015625
02-08-2021,225.3300018310547,227.24000549316406,884000,228.4499969482422,225.49000549316406,223.09669494628906
03-08-2021,225.33999633789062,226.38999938964844,797000,230.89999389648438,230.6199951171875,228.1722412109375
04-08-2021,227.52999877929688,229.6300048828125,804200,230.77000427246094,227.60000610351562,225.18431091308594
05-08-2021,226.52999877929688,229.08999633789062,556400,229.38999938964844,226.97999572753906,224.57086181640625
06-08-2021,226.57000732421875,227.38999938964844,753900,228.9199981689453,227.72999572753906,225.3129119873047
09-08-2021,226.02999877929688,227.0,584300,227.72000122070312,227.27000427246094,224.85780334472656
10-08-2021,227.58999633789062,227.58999633789062,968200,231.63999938964844,230.7100067138672,228.26129150390625
11-08-2021,230.89999389648438,230.89999389648438,923600,234.22000122070312,233.8300018310547,231.34817504882812
12-08-2021,232.41000366210938,233.30999755859375,603300,234.6999969482422,232.5800018310547,230.11143493652344
13-08-2021,231.77000427246094,232.77999877929688,556400,233.41000366210938,233.00999450683594,230.536865234375
16-08-2021,231.41000366210938,232.92999267578125,618500,235.57000732421875,235.1999969482422,232.70362854003906
17-08-2021,231.91000366210938,234.72999572753906,674000,234.9199981689453,233.22000122070312,230.74464416503906
18-08-2021,229.6999969482422,232.1999969482422,601100,233.44000244140625,229.8800048828125,227.44009399414062
19-08-2021,228.22000122070312,228.99000549316406,537400,230.82000732421875,230.1999969482422,227.75669860839844
20-08-2021,229.50999450683594,230.2899932861328,671700,231.77000427246094,230.57000732421875,228.12277221679688
23-08-2021,230.3300018310547,231.57000732421875,670500,232.6699981689453,230.77000427246094,228.32066345214844
24-08-2021,229.85000610351562,230.83999633789062,719100,231.94000244140625,230.55999755859375,228.1128692626953
25-08-2021,229.77999877929688,230.91000366210938,700700,231.97000122070312,230.60000610351562,228.15245056152344
26-08-2021,228.4499969482422,229.7899932861328,813800,230.42999267578125,230.00999450683594,227.56871032714844
27-08-2021,229.99000549316406,231.02999877929688,737600,232.6199951171875,230.63999938964844,228.1920166015625
30-08-2021,231.35000610351562,231.50999450683594,545300,233.8699951171875,232.80999755859375,230.3389892578125
31-08-2021,231.8699951171875,232.91000366210938,945200,233.25,232.86000061035156,230.38845825195312
01-09-2021,230.11000061035156,232.97999572753906,678000,232.97999572753906,231.27999877929688,228.8252410888672
02-09-2021,229.77000427246094,232.1300048828125,878400,232.86000061035156,231.1300048828125,228.6768341064453
03-09-2021,228.35000610351562,230.52999877929688,695100,230.8300018310547,228.52999877929688,226.1044158935547
07-09-2021,221.13999938964844,226.60000610351562,1759600,227.13999938964844,221.5800018310547,219.2281951904297
08-09-2021,220.0399932861328,221.17999267578125,972300,222.83999633789062,221.80999755859375,219.45574951171875
09-09-2021,219.69000244140625,222.0,859100,222.5800018310547,219.99000549316406,217.65505981445312
10-09-2021,218.63999938964844,220.86000061035156,649500,221.16000366210938,218.77999877929688,216.45791625976562
13-09-2021,217.3800048828125,220.4199981689453,824400,221.0,219.35000610351562,217.02186584472656
14-09-2021,216.30999755859375,219.9600067138672,890800,220.4600067138672,217.07000732421875,214.7660675048828
15-09-2021,216.25999450683594,216.7899932861328,987200,220.5800018310547,220.1999969482422,217.8628387451172
16-09-2021,217.60000610351562,219.85000610351562,851900,220.1300048828125,217.83999633789062,215.5278778076172
17-09-2021,214.55999755859375,216.4600067138672,2025500,217.05999755859375,215.88999938964844,213.59857177734375
20-09-2021,212.24000549316406,213.1300048828125,1085200,215.64999389648438,215.47000122070312,213.18304443359375
21-09-2021,213.19000244140625,215.86000061035156,1026200,215.86000061035156,213.75999450683594,211.49118041992188
22-09-2021,214.75,215.2899932861328,1023600,217.74000549316406,215.6699981689453,213.3809051513672
23-09-2021,216.5,216.5,976300,218.77999877929688,217.8800048828125,215.5674591064453
24-09-2021,215.77999877929688,217.63999938964844,689800,218.35000610351562,215.94000244140625,213.64804077148438
27-09-2021,215.25,215.5,882600,218.25,216.55999755859375,214.261474609375
28-09-2021,213.6199951171875,216.0,1116100,217.1699981689453,213.8800048828125,211.6099090576172
29-09-2021,211.63999938964844,213.25999450683594,879300,214.33999633789062,213.25999450683594,212.20693969726562
30-09-2021,206.57000732421875,213.9499969482422,1100200,214.7899932861328,206.6300048828125,205.6096954345703
01-10-2021,204.00999450683594,207.35000610351562,1471200,208.22999572753906,206.8699951171875,205.84849548339844
04-10-2021,205.17999267578125,207.0,1683300,209.05999755859375,208.02999877929688,207.00277709960938
05-10-2021,207.0399932861328,207.5800018310547,1372100,213.91000366210938,212.52999877929688,211.4805450439453
06-10-2021,208.17999267578125,211.64999389648438,1088200,212.89999389648438,212.39999389648438,211.35118103027344
07-10-2021,213.41000366210938,214.5,795200,216.07000732421875,215.25,214.18711853027344
08-10-2021,213.2899932861328,214.75,871500,217.38999938964844,216.39999389648438,215.33143615722656
11-10-2021,213.83999633789062,216.1999969482422,771800,217.89999389648438,213.8699951171875,212.81393432617188
12-10-2021,212.75,213.8800048828125,871600,215.63999938964844,213.60000610351562,212.54527282714844
13-10-2021,213.1999969482422,214.2899932861328,969500,216.75999450683594,214.77999877929688,213.7194366455078
14-10-2021,216.10000610351562,216.10000610351562,1087100,221.77999877929688,221.42999267578125,220.3365936279297
15-10-2021,221.91000366210938,222.52000427246094,956900,224.52000427246094,223.47000122070312,222.3665313720703
18-10-2021,220.8300018310547,221.89999389648438,711700,223.67999267578125,221.7899932861328,220.69482421875
19-10-2021,222.25999450683594,223.1699981689453,542400,224.1199951171875,223.24000549316406,222.13766479492188
20-10-2021,223.13999938964844,223.47999572753906,663400,224.9199981689453,223.6699981689453,222.56553649902344
21-10-2021,221.1199951171875,223.49000549316406,521700,224.57000732421875,224.52999877929688,223.42129516601562
22-10-2021,224.42999267578125,225.52999877929688,520400,226.5500030517578,224.57000732421875,223.4611053466797
25-10-2021,222.94000244140625,224.0800018310547,605800,226.33999633789062,225.50999450683594,224.39645385742188
26-10-2021,223.55999755859375,225.8699951171875,913600,226.66000366210938,223.77999877929688,222.6750030517578
27-10-2021,222.07000732421875,223.85000610351562,759800,224.35000610351562,222.1999969482422,221.10279846191406
28-10-2021,218.7100067138672,221.5,1122100,227.13999938964844,226.5399932861328,225.42137145996094
29-10-2021,225.5399932861328,225.85000610351562,1480000,229.10000610351562,227.8699951171875,226.7447967529297
01-11-2021,225.4199981689453,228.2100067138672,1122300,230.00999450683594,228.83999633789062,227.7100067138672
02-11-2021,227.24000549316406,229.5,961800,230.6199951171875,230.1699981689453,229.033447265625
03-11-2021,225.92999267578125,229.75,882900,229.9199981689453,229.27999877929688,228.14784240722656
04-11-2021,229.8800048828125,229.8800048828125,1183000,234.0,232.6199951171875,231.47134399414062
05-11-2021,233.30999755859375,234.61000061035156,841100,235.5399932861328,234.07000732421875,232.91419982910156
08-11-2021,232.47000122070312,235.63999938964844,683900,236.38999938964844,233.4499969482422,232.2972412109375
09-11-2021,231.77999877929688,232.88999938964844,679200,235.6199951171875,234.82000732421875,233.66049194335938
10-11-2021,234.3800048828125,234.3800048828125,645200,236.42999267578125,234.7100067138672,233.55104064941406
11-11-2021,232.44000244140625,234.14999389648438,523000,234.36000061035156,233.74000549316406,232.58583068847656
12-11-2021,233.38999938964844,234.8699951171875,1078500,238.75,238.58999633789062,237.411865234375
15-11-2021,238.17999267578125,238.99000549316406,756500,241.61000061035156,239.02000427246094,237.83975219726562
16-11-2021,239.86000061035156,240.0500030517578,872600,243.05999755859375,242.07000732421875,240.87469482421875
17-11-2021,240.19000244140625,242.0,957800,243.27000427246094,242.63999938964844,241.44186401367188
18-11-2021,240.13999938964844,242.50999450683594,852400,243.74000549316406,240.97000122070312,239.78012084960938
19-11-2021,240.60000610351562,241.92999267578125,1047800,243.0800018310547,241.94000244140625,240.74533081054688
22-11-2021,241.10000610351562,242.4199981689453,801300,244.3000030517578,242.11000061035156,240.91448974609375
23-11-2021,241.83999633789062,242.9199981689453,802700,244.4499969482422,244.0500030517578,242.84490966796875
24-11-2021,240.6300048828125,243.24000549316406,888000,244.0500030517578,241.75999450683594,240.5662078857422
26-11-2021,234.16000366210938,237.52999877929688,1061700,241.25999450683594,234.75,233.59083557128906
29-11-2021,235.22000122070312,236.64999389648438,846400,238.94000244140625,238.11000061035156,236.93423461914062
30-11-2021,231.50999450683594,236.61000061035156,2850700,236.72000122070312,232.14999389648438,231.003662109375
01-12-2021,230.77000427246094,235.5800018310547,1095100,237.67999267578125,230.80999755859375,229.6702880859375
02-12-2021,231.49000549316406,231.9199981689453,989500,236.10000610351562,235.1199951171875,233.95899963378906
03-12-2021,232.83999633789062,235.6199951171875,939100,236.61000061035156,235.9199981689453,234.7550506591797
06-12-2021,237.58999633789062,238.22999572753906,969300,241.85000610351562,239.27000427246094,238.08851623535156
07-12-2021,238.83999633789062,240.60000610351562,1090800,242.13999938964844,239.97999572753906,238.7949981689453
08-12-2021,236.4600067138672,240.8699951171875,974300,241.05999755859375,240.57000732421875,239.38209533691406
09-12-2021,239.22000122070312,240.4199981689453,662600,243.6199951171875,241.61000061035156,240.41696166992188
10-12-2021,240.89999389648438,242.77000427246094,721600,243.75999450683594,242.77000427246094,241.57122802734375
13-12-2021,242.11000061035156,243.55999755859375,1114300,244.74000549316406,243.42999267578125,242.22796630859375
14-12-2021,239.8300018310547,242.72999572753906,860200,243.80999755859375,241.6999969482422,240.5065155029297
15-12-2021,241.3300018310547,243.05999755859375,985800,245.75999450683594,245.0500030517578,243.83998107910156
16-12-2021,243.8699951171875,245.0500030517578,1097100,246.6199951171875,245.38999938964844,244.17828369140625
17-12-2021,237.67999267578125,245.14999389648438,1982100,245.74000549316406,238.17999267578125,237.00389099121094
20-12-2021,232.36000061035156,236.22000122070312,1128500,236.60000610351562,235.55999755859375,234.39683532714844
21-12-2021,235.5500030517578,237.72999572753906,889200,238.33999633789062,236.69000244140625,235.52125549316406
22-12-2021,236.13999938964844,237.02000427246094,601700,238.11000061035156,237.74000549316406,236.56607055664062
23-12-2021,237.91000366210938,238.24000549316406,614800,241.4600067138672,240.5,239.31243896484375
27-12-2021,240.5399932861328,241.92999267578125,664300,243.86000061035156,243.72999572753906,242.5264892578125
28-12-2021,243.1699981689453,243.1699981689453,635800,245.8800048828125,245.7100067138672,244.49671936035156
29-12-2021,244.89999389648438,246.0,1038500,248.11000061035156,247.07000732421875,245.85000610351562
30-12-2021,245.0,246.38999938964844,555200,246.97999572753906,245.41000366210938,245.41000366210938
31-12-2021,245.07000732421875,245.72000122070312,533900,247.58999633789062,246.8000030517578,246.8000030517578
03-01-2022,240.38999938964844,247.3000030517578,839700,247.60000610351562,243.47999572753906,243.47999572753906
04-01-2022,244.1999969482422,245.0,797700,248.74000549316406,247.5800018310547,247.5800018310547
05-01-2022,246.47000122070312,248.02000427246094,1120900,249.80999755859375,246.6300048828125,246.6300048828125
06-01-2022,244.8699951171875,247.1300048828125,732600,248.25999450683594,246.60000610351562,246.60000610351562
07-01-2022,245.4499969482422,245.89999389648438,695500,247.3699951171875,246.1300048828125,246.1300048828125
10-01-2022,241.7899932861328,245.4499969482422,815300,245.4499969482422,243.83999633789062,243.83999633789062
11-01-2022,240.25,244.8000030517578,696200,244.8000030517578,244.1300048828125,244.1300048828125
12-01-2022,244.22000122070312,244.9600067138672,783700,247.11000061035156,246.24000549316406,246.24000549316406
13-01-2022,245.75,246.89999389648438,702400,248.16000366210938,247.00999450683594,247.00999450683594
14-01-2022,242.1999969482422,245.47999572753906,1078300,245.47999572753906,243.83999633789062,243.83999633789062
18-01-2022,238.99000549316406,241.83999633789062,1107400,244.17999267578125,244.0500030517578,244.0500030517578
19-01-2022,241.85000610351562,244.72999572753906,1159000,246.58999633789062,242.22999572753906,242.22999572753906
20-01-2022,237.11000061035156,243.57000732421875,1136100,243.88999938964844,237.6699981689453,237.6699981689453
21-01-2022,236.5399932861328,238.39999389648438,1572000,240.47999572753906,237.4499969482422,237.4499969482422
24-01-2022,230.1699981689453,235.0,1363600,238.36000061035156,237.91000366210938,237.91000366210938
25-01-2022,230.10000610351562,234.32000732421875,1150200,237.02000427246094,233.92999267578125,233.92999267578125
26-01-2022,230.35000610351562,235.11000061035156,1064300,237.36000061035156,233.02000427246094,233.02000427246094
27-01-2022,228.52000427246094,234.82000732421875,1068600,235.25,230.57000732421875,230.57000732421875
28-01-2022,225.1999969482422,229.5800018310547,1200900,231.91000366210938,231.75,231.75
31-01-2022,229.1199951171875,230.25,1271800,234.24000549316406,233.9199981689453,233.9199981689453
01-02-2022,230.36000061035156,234.7899932861328,1113200,235.22000122070312,233.0399932861328,233.0399932861328
02-02-2022,231.4600067138672,232.0500030517578,1839500,236.44000244140625,235.97000122070312,235.97000122070312
03-02-2022,236.8800048828125,236.8800048828125,1555600,247.0,241.4499969482422,241.4499969482422
04-02-2022,228.8800048828125,239.5800018310547,1726000,241.08999633789062,228.9199981689453,228.9199981689453
07-02-2022,224.35000610351562,229.07000732421875,904500,230.22000122070312,224.82000732421875,224.82000732421875
08-02-2022,224.30999755859375,224.8300018310547,1140000,227.49000549316406,225.47000122070312,225.47000122070312
09-02-2022,225.94000244140625,226.32000732421875,1255600,228.00999450683594,226.75,226.75
10-02-2022,218.27000427246094,223.74000549316406,1483200,224.88999938964844,219.8300018310547,219.8300018310547
11-02-2022,216.77999877929688,219.6699981689453,1304100,221.47000122070312,217.72000122070312,217.72000122070312
14-02-2022,216.83999633789062,218.86000061035156,371686,218.9199981689453,218.1999969482422,218.1999969482422
