Date,Low,Open,Volume,High,Close,Adjusted Close
28-06-1996,3.1666669845581055,3.2083330154418945,32796000,4.0625,4.0,4.0
01-07-1996,3.4166669845581055,3.9166669845581055,6322800,4.0833330154418945,4.0833330154418945,4.0833330154418945
02-07-1996,3.625,4.0833330154418945,4495200,4.0833330154418945,3.625,3.625
03-07-1996,3.25,3.5833330154418945,3990000,3.625,3.375,3.375
05-07-1996,3.0833330154418945,3.3125,1314600,3.375,3.2291669845581055,3.2291669845581055
08-07-1996,3.125,3.2083330154418945,1791000,3.25,3.1458330154418945,3.1458330154418945
09-07-1996,2.9375,3.2083330154418945,1761600,3.2291669845581055,2.9791669845581055,2.9791669845581055
10-07-1996,2.8125,2.9375,1659600,2.9583330154418945,2.8541669845581055,2.8541669845581055
11-07-1996,2.6666669845581055,2.8125,1023600,2.8541669845581055,2.6666669845581055,2.6666669845581055
12-07-1996,2.6666669845581055,2.75,1083000,2.8958330154418945,2.8958330154418945,2.8958330154418945
15-07-1996,2.5,2.8958330154418945,1161600,2.8958330154418945,2.5416669845581055,2.5416669845581055
16-07-1996,2.2083330154418945,2.5,1831200,2.5416669845581055,2.5208330154418945,2.5208330154418945
17-07-1996,2.625,2.625,1265400,2.9166669845581055,2.75,2.75
18-07-1996,2.75,2.7916669845581055,1325400,3.3333330154418945,3.125,3.125
19-07-1996,2.9791669845581055,3.1666669845581055,409800,3.1666669845581055,3.0416669845581055,3.0416669845581055
22-07-1996,2.875,3.0416669845581055,255000,3.0416669845581055,2.9166669845581055,2.9166669845581055
23-07-1996,2.375,2.9583330154418945,2223000,3.0,2.4166669845581055,2.4166669845581055
24-07-1996,2.2708330154418945,2.375,1270800,2.5625,2.4791669845581055,2.4791669845581055
25-07-1996,2.5208330154418945,2.5416669845581055,738000,2.625,2.625,2.625
26-07-1996,2.5833330154418945,2.6666669845581055,391800,2.75,2.75,2.75
29-07-1996,2.5416669845581055,2.7083330154418945,216600,2.7708330154418945,2.5833330154418945,2.5833330154418945
30-07-1996,2.5416669845581055,2.6041669845581055,292800,2.6458330154418945,2.5833330154418945,2.5833330154418945
31-07-1996,2.5416669845581055,2.5833330154418945,154200,2.6666669845581055,2.6666669845581055,2.6666669845581055
01-08-1996,2.6041669845581055,2.6666669845581055,804000,3.0416669845581055,3.0416669845581055,3.0416669845581055
02-08-1996,3.2083330154418945,3.2083330154418945,3110400,3.7916669845581055,3.7291669845581055,3.7291669845581055
05-08-1996,3.8125,3.8333330154418945,1887600,4.0416669845581055,3.9583330154418945,3.9583330154418945
06-08-1996,3.625,3.9166669845581055,867000,3.9583330154418945,3.6666669845581055,3.6666669845581055
07-08-1996,3.625,3.625,555600,3.75,3.6666669845581055,3.6666669845581055
08-08-1996,3.7083330154418945,3.7083330154418945,662400,3.9583330154418945,3.8541669845581055,3.8541669845581055
09-08-1996,3.8541669845581055,3.9166669845581055,2149800,4.5208330154418945,4.3125,4.3125
12-08-1996,4.3958330154418945,4.4166669845581055,1681800,4.6875,4.6875,4.6875
13-08-1996,4.3541669845581055,4.6458330154418945,558000,4.6666669845581055,4.4375,4.4375
14-08-1996,4.375,4.375,448200,4.625,4.4166669845581055,4.4166669845581055
15-08-1996,4.0833330154418945,4.4166669845581055,684600,4.4583330154418945,4.1041669845581055,4.1041669845581055
16-08-1996,4.1041669845581055,4.1666669845581055,271800,4.1666669845581055,4.1666669845581055,4.1666669845581055
19-08-1996,3.9375,4.125,208200,4.1666669845581055,3.9375,3.9375
20-08-1996,3.7916669845581055,3.9375,262800,3.9791669845581055,3.9166669845581055,3.9166669845581055
21-08-1996,3.7916669845581055,3.9166669845581055,333000,3.9166669845581055,3.7916669845581055,3.7916669845581055
22-08-1996,3.75,3.75,652800,4.0625,4.0208330154418945,4.0208330154418945
23-08-1996,4.0416669845581055,4.0416669845581055,403800,4.2291669845581055,4.2083330154418945,4.2083330154418945
26-08-1996,4.0625,4.1666669845581055,246000,4.25,4.1458330154418945,4.1458330154418945
27-08-1996,4.2083330154418945,4.25,708000,4.3958330154418945,4.3958330154418945,4.3958330154418945
28-08-1996,4.3333330154418945,4.375,232800,4.4583330154418945,4.3333330154418945,4.3333330154418945
29-08-1996,4.2291669845581055,4.3541669845581055,209400,4.3541669845581055,4.25,4.25
30-08-1996,4.0833330154418945,4.25,186000,4.25,4.0833330154418945,4.0833330154418945
03-09-1996,3.9375,4.0208330154418945,384600,4.0833330154418945,4.0,4.0
04-09-1996,3.9166669845581055,4.0,858600,4.125,4.125,4.125
05-09-1996,4.0833330154418945,4.1458330154418945,357600,4.2291669845581055,4.1875,4.1875
06-09-1996,4.1875,4.1875,489000,4.3125,4.25,4.25
09-09-1996,4.1458330154418945,4.3125,445800,4.3125,4.25,4.25
10-09-1996,4.2708330154418945,4.3125,260400,4.4791669845581055,4.4583330154418945,4.4583330154418945
11-09-1996,4.4166669845581055,4.4166669845581055,511200,4.5416669845581055,4.5416669845581055,4.5416669845581055
12-09-1996,4.4791669845581055,4.4791669845581055,414000,4.625,4.6041669845581055,4.6041669845581055
13-09-1996,4.6666669845581055,4.75,469200,4.7916669845581055,4.7083330154418945,4.7083330154418945
16-09-1996,4.6875,4.6875,255000,4.8958330154418945,4.8333330154418945,4.8333330154418945
17-09-1996,4.75,4.8333330154418945,568800,4.9166669845581055,4.9166669845581055,4.9166669845581055
18-09-1996,4.8333330154418945,4.8541669845581055,310800,4.9166669845581055,4.875,4.875
19-09-1996,4.7708330154418945,4.8333330154418945,493200,4.875,4.875,4.875
20-09-1996,4.8333330154418945,4.8333330154418945,212400,4.9583330154418945,4.9583330154418945,4.9583330154418945
23-09-1996,4.875,4.8958330154418945,357600,5.2083330154418945,5.1041669845581055,5.1041669845581055
24-09-1996,5.1041669845581055,5.2083330154418945,784200,5.4166669845581055,5.4166669845581055,5.4166669845581055
25-09-1996,4.7916669845581055,5.3958330154418945,4722600,5.9583330154418945,5.0208330154418945,5.0208330154418945
26-09-1996,5.0625,5.125,1452600,5.375,5.1875,5.1875
27-09-1996,5.2916669845581055,5.5,955800,5.5,5.4166669845581055,5.4166669845581055
30-09-1996,5.4166669845581055,5.4791669845581055,770400,5.6666669845581055,5.625,5.625
01-10-1996,5.4166669845581055,5.6458330154418945,981600,5.7083330154418945,5.5833330154418945,5.5833330154418945
02-10-1996,5.4791669845581055,5.5833330154418945,517800,5.625,5.5416669845581055,5.5416669845581055
03-10-1996,5.5208330154418945,5.5833330154418945,342600,5.6041669845581055,5.6041669845581055,5.6041669845581055
04-10-1996,5.5208330154418945,5.6041669845581055,423000,5.6875,5.6041669845581055,5.6041669845581055
07-10-1996,5.5625,5.5625,258000,5.6875,5.625,5.625
08-10-1996,5.4166669845581055,5.6666669845581055,734400,5.7291669845581055,5.4791669845581055,5.4791669845581055
09-10-1996,5.5625,5.6041669845581055,746400,5.7291669845581055,5.625,5.625
10-10-1996,5.6458330154418945,5.6875,1114800,6.0416669845581055,5.8541669845581055,5.8541669845581055
11-10-1996,5.625,5.875,300000,5.875,5.6666669845581055,5.6666669845581055
14-10-1996,5.625,5.625,825000,5.875,5.7708330154418945,5.7708330154418945
15-10-1996,5.7916669845581055,5.875,409200,6.0,5.9166669845581055,5.9166669845581055
16-10-1996,5.875,6.0,476400,6.0,5.8958330154418945,5.8958330154418945
17-10-1996,5.7083330154418945,5.8958330154418945,746400,5.9166669845581055,5.7291669845581055,5.7291669845581055
18-10-1996,5.5416669845581055,5.7083330154418945,610800,5.7291669845581055,5.5416669845581055,5.5416669845581055
21-10-1996,4.9583330154418945,5.5833330154418945,950400,5.5833330154418945,5.0416669845581055,5.0416669845581055
22-10-1996,4.4583330154418945,4.9791669845581055,1419600,5.0208330154418945,4.5625,4.5625
23-10-1996,4.5833330154418945,4.625,2094000,5.2708330154418945,5.25,5.25
24-10-1996,5.0,5.2291669845581055,560400,5.3333330154418945,5.1458330154418945,5.1458330154418945
25-10-1996,5.0833330154418945,5.0833330154418945,418800,5.2916669845581055,5.1458330154418945,5.1458330154418945
28-10-1996,4.8958330154418945,5.1458330154418945,237000,5.2083330154418945,4.8958330154418945,4.8958330154418945
29-10-1996,4.625,4.8333330154418945,594000,4.9791669845581055,4.9375,4.9375
30-10-1996,4.6458330154418945,4.9583330154418945,719400,5.0833330154418945,4.7708330154418945,4.7708330154418945
31-10-1996,4.5,4.7916669845581055,820800,4.7916669845581055,4.5833330154418945,4.5833330154418945
01-11-1996,4.5,4.5625,628200,5.0,4.9583330154418945,4.9583330154418945
04-11-1996,4.9375,5.0,1122600,5.1875,5.0625,5.0625
05-11-1996,4.1666669845581055,4.9166669845581055,3852600,4.9166669845581055,4.2708330154418945,4.2708330154418945
06-11-1996,4.2291669845581055,4.375,1650600,4.4166669845581055,4.25,4.25
07-11-1996,3.8125,4.25,2046000,4.25,3.9375,3.9375
08-11-1996,3.7916669845581055,3.9791669845581055,1123800,3.9791669845581055,3.8541669845581055,3.8541669845581055
11-11-1996,3.5833330154418945,3.8958330154418945,907200,3.9166669845581055,3.7291669845581055,3.7291669845581055
12-11-1996,3.6770830154418945,3.75,2410800,3.9166669845581055,3.8333330154418945,3.8333330154418945
13-11-1996,3.8333330154418945,3.8541669845581055,781800,3.9166669845581055,3.8958330154418945,3.8958330154418945
14-11-1996,3.8854169845581055,3.9166669845581055,2185800,4.2916669845581055,4.2916669845581055,4.2916669845581055
15-11-1996,4.125,4.375,2037000,4.4791669845581055,4.1666669845581055,4.1666669845581055
18-11-1996,3.875,4.125,1457400,4.125,3.9583330154418945,3.9583330154418945
19-11-1996,3.7083330154418945,3.9583330154418945,1458000,3.9791669845581055,3.7083330154418945,3.7083330154418945
20-11-1996,3.6666669845581055,3.75,756600,3.875,3.7708330154418945,3.7708330154418945
21-11-1996,3.6875,3.7083330154418945,450600,3.875,3.7291669845581055,3.7291669845581055
22-11-1996,3.6458330154418945,3.7916669845581055,423600,3.7916669845581055,3.6458330154418945,3.6458330154418945
25-11-1996,3.8333330154418945,3.875,2539800,4.3125,4.0416669845581055,4.0416669845581055
26-11-1996,3.9583330154418945,4.0625,2155800,4.0833330154418945,4.0,4.0
27-11-1996,3.75,4.0,613800,4.0416669845581055,3.75,3.75
29-11-1996,3.7291669845581055,3.8333330154418945,259200,3.8333330154418945,3.7916669845581055,3.7916669845581055
02-12-1996,3.5625,3.7916669845581055,1020600,3.7916669845581055,3.5625,3.5625
03-12-1996,3.5833330154418945,3.6041669845581055,955800,3.6875,3.6354169845581055,3.6354169845581055
04-12-1996,3.4583330154418945,3.625,580800,3.6666669845581055,3.5416669845581055,3.5416669845581055
05-12-1996,3.5,3.5416669845581055,527400,3.7916669845581055,3.7708330154418945,3.7708330154418945
06-12-1996,3.4791669845581055,3.5833330154418945,410400,3.625,3.625,3.625
09-12-1996,3.5416669845581055,3.6666669845581055,335400,3.6666669845581055,3.5625,3.5625
10-12-1996,3.1458330154418945,3.5416669845581055,990000,3.5625,3.3125,3.3125
11-12-1996,3.2916669845581055,3.3125,447000,3.5416669845581055,3.4166669845581055,3.4166669845581055
12-12-1996,3.2708330154418945,3.4583330154418945,574200,3.5,3.2708330154418945,3.2708330154418945
13-12-1996,2.9166669845581055,3.25,960600,3.25,3.0625,3.0625
16-12-1996,3.0833330154418945,3.1458330154418945,601200,3.2083330154418945,3.1041669845581055,3.1041669845581055
17-12-1996,2.8958330154418945,3.1041669845581055,906600,3.125,3.0,3.0
18-12-1996,2.6041669845581055,3.0,3406200,3.0,2.75,2.75
19-12-1996,2.75,2.75,1845600,2.9166669845581055,2.8541669845581055,2.8541669845581055
20-12-1996,2.7708330154418945,2.8541669845581055,818400,2.8541669845581055,2.7708330154418945,2.7708330154418945
23-12-1996,2.75,2.875,968400,2.9166669845581055,2.8541669845581055,2.8541669845581055
24-12-1996,2.7708330154418945,2.8541669845581055,968400,2.882812976837158,2.84375,2.84375
26-12-1996,2.8333330154418945,2.8541669845581055,633000,3.25,3.1666669845581055,3.1666669845581055
27-12-1996,3.1875,3.1875,2088000,3.6666669845581055,3.6041669845581055,3.6041669845581055
30-12-1996,3.4166669845581055,3.6458330154418945,1298400,3.75,3.6666669845581055,3.6666669845581055
31-12-1996,3.625,3.7708330154418945,450000,3.7916669845581055,3.625,3.625
02-01-1997,3.375,3.6041669845581055,321000,3.6666669845581055,3.4375,3.4375
03-01-1997,3.4375,3.4375,1443000,3.625,3.5625,3.5625
06-01-1997,3.4166669845581055,3.5833330154418945,572400,3.5833330154418945,3.4375,3.4375
07-01-1997,3.4375,3.4791669845581055,646800,3.5,3.5,3.5
08-01-1997,3.4375,3.4583330154418945,1206600,3.7083330154418945,3.6354169845581055,3.6354169845581055
09-01-1997,3.4583330154418945,3.6458330154418945,400200,3.6458330154418945,3.5208330154418945,3.5208330154418945
10-01-1997,3.3958330154418945,3.4375,1216200,3.5416669845581055,3.5208330154418945,3.5208330154418945
13-01-1997,3.4583330154418945,3.5833330154418945,897000,3.5833330154418945,3.4583330154418945,3.4583330154418945
14-01-1997,3.4375,3.5208330154418945,1486800,3.5625,3.5416669845581055,3.5416669845581055
15-01-1997,3.4166669845581055,3.5416669845581055,605400,3.5416669845581055,3.4166669845581055,3.4166669845581055
16-01-1997,3.1875,3.4791669845581055,1391400,3.4791669845581055,3.2916669845581055,3.2916669845581055
17-01-1997,3.2291669845581055,3.2916669845581055,2403000,3.2916669845581055,3.2708330154418945,3.2708330154418945
20-01-1997,3.1458330154418945,3.2708330154418945,358200,3.2708330154418945,3.1458330154418945,3.1458330154418945
21-01-1997,3.1458330154418945,3.1666669845581055,476400,3.1875,3.1458330154418945,3.1458330154418945
22-01-1997,3.0833330154418945,3.1458330154418945,255600,3.1875,3.1875,3.1875
23-01-1997,3.1666669845581055,3.2291669845581055,1638600,3.3541669845581055,3.3125,3.3125
24-01-1997,3.1458330154418945,3.3125,425400,3.3125,3.1666669845581055,3.1666669845581055
27-01-1997,3.125,3.1458330154418945,414600,3.1875,3.1458330154418945,3.1458330154418945
28-01-1997,3.1666669845581055,3.1666669845581055,860400,3.375,3.2916669845581055,3.2916669845581055
29-01-1997,3.3333330154418945,3.375,1233600,3.5,3.4791669845581055,3.4791669845581055
30-01-1997,4.125,4.1458330154418945,9717600,4.6875,4.6041669845581055,4.6041669845581055
31-01-1997,4.3958330154418945,4.6875,2390400,4.7083330154418945,4.4583330154418945,4.4583330154418945
03-02-1997,4.1666669845581055,4.4375,1101600,4.4583330154418945,4.2291669845581055,4.2291669845581055
04-02-1997,4.0625,4.2083330154418945,1659600,4.5625,4.4791669845581055,4.4791669845581055
05-02-1997,4.4166669845581055,4.4375,2240400,4.7708330154418945,4.4583330154418945,4.4583330154418945
06-02-1997,4.375,4.5,529200,4.5833330154418945,4.3958330154418945,4.3958330154418945
07-02-1997,4.3541669845581055,4.4375,367200,4.5,4.3958330154418945,4.3958330154418945
10-02-1997,3.7083330154418945,4.25,1157400,4.2708330154418945,3.8958330154418945,3.8958330154418945
11-02-1997,3.8125,4.0208330154418945,343800,4.0208330154418945,3.875,3.875
12-02-1997,3.7916669845581055,3.9583330154418945,336000,3.9791669845581055,3.7916669845581055,3.7916669845581055
13-02-1997,3.8125,3.8125,549600,3.8958330154418945,3.8541669845581055,3.8541669845581055
14-02-1997,3.8125,3.8125,466800,4.125,4.125,4.125
18-02-1997,4.2708330154418945,4.2916669845581055,1285800,4.5,4.4583330154418945,4.4583330154418945
19-02-1997,4.2083330154418945,4.5,578400,4.5208330154418945,4.25,4.25
20-02-1997,4.0416669845581055,4.2291669845581055,453600,4.25,4.1041669845581055,4.1041669845581055
21-02-1997,3.8541669845581055,4.0625,1227600,4.2083330154418945,3.9270830154418945,3.9270830154418945
24-02-1997,3.625,3.8958330154418945,1207200,3.8958330154418945,3.6666669845581055,3.6666669845581055
25-02-1997,3.3125,3.625,976800,3.625,3.375,3.375
26-02-1997,3.1666669845581055,3.375,1285200,3.4583330154418945,3.2708330154418945,3.2708330154418945
27-02-1997,3.1041669845581055,3.2291669845581055,1742400,3.3333330154418945,3.1666669845581055,3.1666669845581055
28-02-1997,2.8333330154418945,3.1875,2269800,3.25,2.9791669845581055,2.9791669845581055
03-03-1997,2.9375,2.9791669845581055,1242600,3.0208330154418945,2.9791669845581055,2.9791669845581055
04-03-1997,2.9166669845581055,3.1041669845581055,1337400,3.1041669845581055,2.9583330154418945,2.9583330154418945
05-03-1997,3.0,3.0208330154418945,2929200,3.2916669845581055,3.1458330154418945,3.1458330154418945
06-03-1997,3.2083330154418945,3.2291669845581055,573600,3.3125,3.25,3.25
07-03-1997,3.1041669845581055,3.3125,758400,3.3125,3.1458330154418945,3.1458330154418945
10-03-1997,3.1041669845581055,3.1041669845581055,834000,3.3541669845581055,3.2708330154418945,3.2708330154418945
11-03-1997,3.2708330154418945,3.2916669845581055,831600,3.4583330154418945,3.375,3.375
12-03-1997,3.3333330154418945,3.4166669845581055,708000,3.4166669845581055,3.3541669845581055,3.3541669845581055
13-03-1997,3.2916669845581055,3.3541669845581055,411600,3.4166669845581055,3.3020830154418945,3.3020830154418945
14-03-1997,3.2916669845581055,3.3333330154418945,135600,3.3333330154418945,3.3125,3.3125
17-03-1997,3.0416669845581055,3.3125,728400,3.3125,3.0833330154418945,3.0833330154418945
18-03-1997,3.0625,3.0833330154418945,303600,3.125,3.0625,3.0625
19-03-1997,2.7083330154418945,3.0416669845581055,712800,3.0416669845581055,2.7083330154418945,2.7083330154418945
20-03-1997,2.75,2.8333330154418945,1738800,3.2916669845581055,3.1875,3.1875
21-03-1997,3.2916669845581055,3.3541669845581055,1612200,3.5416669845581055,3.4791669845581055,3.4791669845581055
24-03-1997,3.2083330154418945,3.4791669845581055,1657800,3.6041669845581055,3.5416669845581055,3.5416669845581055
25-03-1997,3.4375,3.6041669845581055,667200,3.6458330154418945,3.4583330154418945,3.4583330154418945
26-03-1997,3.4166669845581055,3.4583330154418945,363000,3.5,3.5,3.5
27-03-1997,3.4791669845581055,3.5833330154418945,914400,3.6458330154418945,3.4791669845581055,3.4791669845581055
31-03-1997,3.4166669845581055,3.5208330154418945,225600,3.5208330154418945,3.4166669845581055,3.4166669845581055
01-04-1997,3.0208330154418945,3.4166669845581055,696000,3.4166669845581055,3.2395830154418945,3.2395830154418945
02-04-1997,2.9375,3.2291669845581055,957000,3.25,3.0833330154418945,3.0833330154418945
03-04-1997,3.0833330154418945,3.0833330154418945,1092000,3.4583330154418945,3.4375,3.4375
04-04-1997,3.4375,3.4791669845581055,990600,3.7916669845581055,3.6458330154418945,3.6458330154418945
07-04-1997,3.4791669845581055,3.6458330154418945,1033200,3.7291669845581055,3.4791669845581055,3.4791669845581055
08-04-1997,3.4791669845581055,3.5208330154418945,465000,3.5833330154418945,3.5833330154418945,3.5833330154418945
09-04-1997,3.5,3.6458330154418945,507000,3.6875,3.5625,3.5625
10-04-1997,3.3541669845581055,3.5208330154418945,954600,3.625,3.375,3.375
11-04-1997,3.1041669845581055,3.2291669845581055,772200,3.3333330154418945,3.2708330154418945,3.2708330154418945
14-04-1997,3.1666669845581055,3.2708330154418945,381600,3.2708330154418945,3.25,3.25
15-04-1997,3.2708330154418945,3.2708330154418945,756000,3.4166669845581055,3.3541669845581055,3.3541669845581055
16-04-1997,3.2291669845581055,3.3541669845581055,167400,3.3541669845581055,3.2708330154418945,3.2708330154418945
17-04-1997,3.2291669845581055,3.2916669845581055,85200,3.2916669845581055,3.25,3.25
18-04-1997,3.2317709922790527,3.2708330154418945,834000,3.3541669845581055,3.2395830154418945,3.2395830154418945
21-04-1997,3.25,3.3125,1093200,3.5208330154418945,3.3958330154418945,3.3958330154418945
22-04-1997,3.0572919845581055,3.375,1192800,3.3958330154418945,3.1458330154418945,3.1458330154418945
23-04-1997,3.1458330154418945,3.1458330154418945,1111200,3.1875,3.1875,3.1875
24-04-1997,3.125,3.1875,376800,3.1875,3.1875,3.1875
25-04-1997,3.1041669845581055,3.1875,991200,3.5,3.5,3.5
28-04-1997,3.4166669845581055,3.4166669845581055,1438800,3.6666669845581055,3.5208330154418945,3.5208330154418945
29-04-1997,3.5833330154418945,3.625,783000,3.6666669845581055,3.6041669845581055,3.6041669845581055
30-04-1997,3.5833330154418945,3.625,2499600,3.9375,3.9375,3.9375
01-05-1997,3.5,4.3958330154418945,6997800,4.4166669845581055,4.0833330154418945,4.0833330154418945
02-05-1997,3.9166669845581055,4.0833330154418945,1680000,4.0833330154418945,4.0,4.0
05-05-1997,3.9166669845581055,3.9791669845581055,4545000,4.2083330154418945,4.1770830154418945,4.1770830154418945
06-05-1997,4.1875,4.1875,13113600,4.5208330154418945,4.4166669845581055,4.4166669845581055
07-05-1997,4.375,4.4375,3494400,4.4583330154418945,4.3958330154418945,4.3958330154418945
08-05-1997,4.3333330154418945,4.375,3196800,4.5,4.5,4.5
09-05-1997,4.5208330154418945,4.5416669845581055,3100200,4.7916669845581055,4.6458330154418945,4.6458330154418945
12-05-1997,4.625,4.6458330154418945,1954800,4.8333330154418945,4.75,4.75
13-05-1997,4.7291669845581055,4.7291669845581055,1827600,4.8541669845581055,4.8125,4.8125
14-05-1997,4.8125,4.8333330154418945,1668000,5.0,4.9791669845581055,4.9791669845581055
15-05-1997,4.9791669845581055,4.9791669845581055,1935000,5.3541669845581055,5.3125,5.3125
16-05-1997,4.75,5.2916669845581055,3711000,5.2916669845581055,5.0,5.0
19-05-1997,4.8958330154418945,4.9583330154418945,475800,5.0,4.9479169845581055,4.9479169845581055
20-05-1997,4.75,4.75,2071800,5.0,4.8541669845581055,4.8541669845581055
21-05-1997,4.8541669845581055,4.9166669845581055,1133400,4.9583330154418945,4.9375,4.9375
22-05-1997,4.8958330154418945,4.9166669845581055,1881000,5.0833330154418945,4.9166669845581055,4.9166669845581055
23-05-1997,4.7916669845581055,4.8958330154418945,835800,4.9375,4.9166669845581055,4.9166669845581055
27-05-1997,4.875,4.875,2107200,5.3125,5.3125,5.3125
28-05-1997,5.1875,5.3125,949200,5.3333330154418945,5.2291669845581055,5.2291669845581055
29-05-1997,4.7083330154418945,5.2291669845581055,2239800,5.25,4.7291669845581055,4.7291669845581055
30-05-1997,4.3541669845581055,4.4791669845581055,2606400,4.7083330154418945,4.6666669845581055,4.6666669845581055
02-06-1997,4.6979169845581055,4.75,466800,4.8333330154418945,4.75,4.75
03-06-1997,4.375,4.5833330154418945,762000,4.5833330154418945,4.4375,4.4375
04-06-1997,4.3333330154418945,4.4375,855600,4.5416669845581055,4.5416669845581055,4.5416669845581055
05-06-1997,4.5,4.5416669845581055,1030200,4.7916669845581055,4.690104007720947,4.690104007720947
06-06-1997,4.625,4.6666669845581055,186000,4.75,4.6666669845581055,4.6666669845581055
09-06-1997,4.6041669845581055,4.6666669845581055,226200,4.6875,4.6666669845581055,4.6666669845581055
10-06-1997,4.2916669845581055,4.625,1214400,4.6458330154418945,4.3333330154418945,4.3333330154418945
11-06-1997,4.1041669845581055,4.2916669845581055,589800,4.375,4.2291669845581055,4.2291669845581055
12-06-1997,4.2083330154418945,4.25,996600,4.6041669845581055,4.6041669845581055,4.6041669845581055
13-06-1997,4.3125,4.6041669845581055,322200,4.6041669845581055,4.3333330154418945,4.3333330154418945
16-06-1997,4.2916669845581055,4.3333330154418945,1005000,4.5833330154418945,4.4166669845581055,4.4166669845581055
17-06-1997,4.3958330154418945,4.3958330154418945,1120200,4.5833330154418945,4.5104169845581055,4.5104169845581055
18-06-1997,4.4583330154418945,4.4583330154418945,1357200,4.75,4.6041669845581055,4.6041669845581055
19-06-1997,4.3958330154418945,4.6458330154418945,1093800,4.6458330154418945,4.4166669845581055,4.4166669845581055
20-06-1997,4.3958330154418945,4.3958330154418945,372600,4.5208330154418945,4.4270830154418945,4.4270830154418945
23-06-1997,4.2083330154418945,4.4375,593400,4.4375,4.2916669845581055,4.2916669845581055
24-06-1997,4.25,4.3333330154418945,1320600,4.4375,4.3333330154418945,4.3333330154418945
25-06-1997,4.2291669845581055,4.3333330154418945,652200,4.3541669845581055,4.2708330154418945,4.2708330154418945
26-06-1997,4.0833330154418945,4.2291669845581055,1510200,4.2291669845581055,4.1666669845581055,4.1666669845581055
27-06-1997,3.6666669845581055,4.2291669845581055,6675000,4.25,4.0,4.0
30-06-1997,3.7916669845581055,4.0,2791200,4.0,3.8958330154418945,3.8958330154418945
01-07-1997,3.625,3.9166669845581055,1803600,3.9166669845581055,3.8333330154418945,3.8333330154418945
02-07-1997,3.8333330154418945,3.8333330154418945,2517000,4.2708330154418945,4.1354169845581055,4.1354169845581055
03-07-1997,4.1458330154418945,4.1875,1691400,4.2291669845581055,4.2291669845581055,4.2291669845581055
07-07-1997,4.25,4.25,2171400,4.5625,4.4791669845581055,4.4791669845581055
08-07-1997,4.4791669845581055,4.5,2236800,4.7708330154418945,4.7291669845581055,4.7291669845581055
09-07-1997,4.6875,4.7083330154418945,1379400,4.875,4.8333330154418945,4.8333330154418945
10-07-1997,4.6041669845581055,4.7916669845581055,1695000,4.8333330154418945,4.7708330154418945,4.7708330154418945
11-07-1997,4.625,4.7708330154418945,1523400,4.7708330154418945,4.6875,4.6875
14-07-1997,4.5833330154418945,4.6458330154418945,616800,4.6875,4.6666669845581055,4.6666669845581055
15-07-1997,4.625,4.625,254400,4.6875,4.6875,4.6875
16-07-1997,4.6458330154418945,4.6458330154418945,1372200,5.0,4.9583330154418945,4.9583330154418945
17-07-1997,4.625,4.875,1283400,4.9166669845581055,4.6458330154418945,4.6458330154418945
18-07-1997,4.5416669845581055,4.65625,1010400,4.6666669845581055,4.6041669845581055,4.6041669845581055
21-07-1997,4.6041669845581055,4.6041669845581055,1365600,4.6666669845581055,4.625,4.625
22-07-1997,4.6041669845581055,4.625,583800,4.7708330154418945,4.6875,4.6875
23-07-1997,4.5625,4.6666669845581055,3313800,4.6875,4.5625,4.5625
24-07-1997,4.5625,4.6041669845581055,1186800,4.625,4.5625,4.5625
25-07-1997,4.5208330154418945,4.5833330154418945,2959800,4.6666669845581055,4.65625,4.65625
28-07-1997,4.6666669845581055,4.6666669845581055,1621800,4.875,4.8333330154418945,4.8333330154418945
29-07-1997,4.7083330154418945,4.8333330154418945,2492400,4.9479169845581055,4.8958330154418945,4.8958330154418945
30-07-1997,4.8333330154418945,5.1875,6108000,5.5104169845581055,4.9166669845581055,4.9166669845581055
31-07-1997,4.5,4.9375,4437600,4.9375,4.5,4.5
01-08-1997,4.3541669845581055,4.5416669845581055,2012400,4.5833330154418945,4.4166669845581055,4.4166669845581055
04-08-1997,4.0,4.4270830154418945,1846200,4.4270830154418945,4.0416669845581055,4.0416669845581055
05-08-1997,4.125,4.2916669845581055,11616600,4.4895830154418945,4.3958330154418945,4.3958330154418945
06-08-1997,4.3333330154418945,4.375,1329600,4.4583330154418945,4.3958330154418945,4.3958330154418945
07-08-1997,4.2083330154418945,4.3958330154418945,1392000,4.40625,4.3333330154418945,4.3333330154418945
08-08-1997,4.0833330154418945,4.3125,4525800,4.3125,4.125,4.125
11-08-1997,3.9583330154418945,4.1875,2402400,4.1875,4.0625,4.0625
12-08-1997,3.9166669845581055,4.0625,1520400,4.0833330154418945,3.9375,3.9375
13-08-1997,3.6666669845581055,3.9583330154418945,2820600,4.0833330154418945,3.7708330154418945,3.7708330154418945
14-08-1997,3.7916669845581055,3.8125,7881000,3.8958330154418945,3.875,3.875
15-08-1997,3.8333330154418945,3.875,727800,3.875,3.8541669845581055,3.8541669845581055
18-08-1997,3.7708330154418945,3.8541669845581055,1092000,3.875,3.8333330154418945,3.8333330154418945
19-08-1997,3.875,4.0,12443400,4.0416669845581055,3.9375,3.9375
20-08-1997,3.9166669845581055,3.9375,15049800,4.1875,4.1875,4.1875
21-08-1997,4.2291669845581055,4.2916669845581055,9455400,4.4166669845581055,4.2708330154418945,4.2708330154418945
22-08-1997,4.0833330154418945,4.125,2862000,4.3229169845581055,4.2291669845581055,4.2291669845581055
25-08-1997,4.1458330154418945,4.2708330154418945,1741800,4.3125,4.2083330154418945,4.2083330154418945
26-08-1997,4.1041669845581055,4.2083330154418945,1960200,4.2291669845581055,4.1666669845581055,4.1666669845581055
27-08-1997,4.125,4.1458330154418945,1260000,4.1875,4.1458330154418945,4.1458330154418945
28-08-1997,4.125,4.1458330154418945,1777800,4.1666669845581055,4.1458330154418945,4.1458330154418945
29-08-1997,4.125,4.125,3078600,4.3333330154418945,4.2916669845581055,4.2916669845581055
02-09-1997,4.2916669845581055,4.3541669845581055,5022600,4.7083330154418945,4.625,4.625
03-09-1997,4.4270830154418945,4.6458330154418945,2703000,4.8333330154418945,4.5208330154418945,4.5208330154418945
04-09-1997,4.4791669845581055,4.4791669845581055,1814400,4.5833330154418945,4.5625,4.5625
05-09-1997,4.6041669845581055,4.6041669845581055,2072400,4.75,4.7083330154418945,4.7083330154418945
08-09-1997,4.6041669845581055,4.75,1295400,4.75,4.6458330154418945,4.6458330154418945
09-09-1997,4.3958330154418945,4.6458330154418945,969600,4.6666669845581055,4.5,4.5
10-09-1997,4.3125,4.5,1041600,4.5,4.3958330154418945,4.3958330154418945
11-09-1997,4.1875,4.3125,1687200,4.5833330154418945,4.5208330154418945,4.5208330154418945
12-09-1997,4.4166669845581055,4.5833330154418945,1035000,4.5833330154418945,4.4375,4.4375
15-09-1997,4.3125,4.5208330154418945,353400,4.5208330154418945,4.3541669845581055,4.3541669845581055
16-09-1997,4.3333330154418945,4.375,642600,4.4375,4.34375,4.34375
17-09-1997,4.25,4.3125,1153800,4.3958330154418945,4.3333330154418945,4.3333330154418945
18-09-1997,4.3541669845581055,4.3958330154418945,1216800,4.6666669845581055,4.5625,4.5625
19-09-1997,4.5625,4.5833330154418945,3826200,4.8854169845581055,4.875,4.875
22-09-1997,4.6458330154418945,4.8125,2232600,4.8541669845581055,4.65625,4.65625
23-09-1997,4.65625,4.6666669845581055,2571600,4.8125,4.75,4.75
24-09-1997,4.7291669845581055,4.7291669845581055,1288200,4.875,4.8333330154418945,4.8333330154418945
25-09-1997,4.7708330154418945,4.8333330154418945,2428800,5.0416669845581055,4.7708330154418945,4.7708330154418945
26-09-1997,4.7708330154418945,4.8333330154418945,1771800,4.9791669845581055,4.875,4.875
29-09-1997,4.875,4.9166669845581055,1017000,5.0416669845581055,5.0,5.0
30-09-1997,5.0,5.0625,3714600,5.2291669845581055,5.1666669845581055,5.1666669845581055
01-10-1997,5.25,5.252604007720947,5026200,5.5,5.4583330154418945,5.4583330154418945
02-10-1997,5.125,5.3541669845581055,3282600,5.3958330154418945,5.1666669845581055,5.1666669845581055
03-10-1997,4.8541669845581055,5.1875,1948800,5.25,5.0625,5.0625
06-10-1997,5.0416669845581055,5.0625,2782800,5.3541669845581055,5.3541669845581055,5.3541669845581055
07-10-1997,5.2916669845581055,5.3541669845581055,4507200,5.625,5.4583330154418945,5.4583330154418945
08-10-1997,5.3333330154418945,5.46875,2972400,5.4791669845581055,5.4583330154418945,5.4583330154418945
09-10-1997,5.375,5.3958330154418945,3014400,5.75,5.6875,5.6875
10-10-1997,5.5625,5.6041669845581055,2863200,5.7916669845581055,5.75,5.75
13-10-1997,5.6666669845581055,5.75,1914000,5.7916669845581055,5.6875,5.6875
14-10-1997,5.4375,5.7083330154418945,2730600,5.7083330154418945,5.6041669845581055,5.6041669845581055
15-10-1997,5.5,5.5,1578000,5.625,5.5833330154418945,5.5833330154418945
16-10-1997,6.625,6.6666669845581055,26997000,7.4166669845581055,7.2708330154418945,7.2708330154418945
17-10-1997,6.5833330154418945,6.9166669845581055,14688000,7.1875,7.0625,7.0625
20-10-1997,6.7083330154418945,7.0,8448000,7.0208330154418945,6.75,6.75
21-10-1997,6.625,6.7708330154418945,5571000,6.8125,6.8020830154418945,6.8020830154418945
22-10-1997,6.7916669845581055,6.8333330154418945,5445000,6.875,6.8125,6.8125
23-10-1997,6.5833330154418945,6.6666669845581055,2002200,6.7708330154418945,6.75,6.75
24-10-1997,6.7083330154418945,6.7708330154418945,4642200,6.8333330154418945,6.7083330154418945,6.7083330154418945
27-10-1997,6.0833330154418945,6.6041669845581055,2939400,6.6458330154418945,6.4583330154418945,6.4583330154418945
28-10-1997,6.0833330154418945,6.1666669845581055,5468400,6.7708330154418945,6.6875,6.6875
29-10-1997,6.6875,6.7083330154418945,5002200,6.9375,6.7708330154418945,6.7708330154418945
30-10-1997,6.4791669845581055,6.5416669845581055,3452400,6.8541669845581055,6.7708330154418945,6.7708330154418945
31-10-1997,6.7708330154418945,6.8333330154418945,4612200,7.2916669845581055,7.1041669845581055,7.1041669845581055
03-11-1997,7.125,7.1666669845581055,10249800,7.6458330154418945,7.625,7.625
04-11-1997,7.4583330154418945,7.5208330154418945,5886600,7.9166669845581055,7.8541669845581055,7.8541669845581055
05-11-1997,7.8333330154418945,7.8541669845581055,9150600,8.416666984558105,8.364583015441895,8.364583015441895
06-11-1997,7.7916669845581055,8.333333015441895,5903400,8.375,7.8541669845581055,7.8541669845581055
07-11-1997,7.2083330154418945,7.5833330154418945,2988000,7.6875,7.5,7.5
10-11-1997,7.2291669845581055,7.625,3003000,7.6875,7.2916669845581055,7.2916669845581055
11-11-1997,6.8333330154418945,7.375,3766200,7.4791669845581055,7.0833330154418945,7.0833330154418945
12-11-1997,6.8333330154418945,7.0,3764400,7.4166669845581055,6.8333330154418945,6.8333330154418945
13-11-1997,6.9166669845581055,7.0416669845581055,2448000,7.4583330154418945,7.3541669845581055,7.3541669845581055
14-11-1997,7.1875,7.3958330154418945,2883000,7.6458330154418945,7.6041669845581055,7.6041669845581055
17-11-1997,7.7083330154418945,7.875,4875000,8.0,7.8958330154418945,7.8958330154418945
18-11-1997,7.7291669845581055,7.875,2164800,8.145833015441895,8.020833015441895,8.020833015441895
19-11-1997,7.9583330154418945,8.041666984558105,3521400,8.333333015441895,8.270833015441895,8.270833015441895
20-11-1997,8.166666984558105,8.354166984558105,4554600,8.416666984558105,8.239583015441895,8.239583015441895
21-11-1997,7.8541669845581055,8.239583015441895,1957800,8.3125,8.104166984558105,8.104166984558105
24-11-1997,7.8125,8.041666984558105,1386000,8.104166984558105,7.8333330154418945,7.8333330154418945
25-11-1997,7.5833330154418945,7.8125,2612400,7.9375,7.625,7.625
26-11-1997,7.6666669845581055,7.6666669845581055,787800,7.7708330154418945,7.7083330154418945,7.7083330154418945
28-11-1997,7.5,7.75,435600,7.75,7.5208330154418945,7.5208330154418945
01-12-1997,7.5416669845581055,7.5833330154418945,1365600,8.104166984558105,7.8333330154418945,7.8333330154418945
02-12-1997,7.75,7.9166669845581055,2475600,8.0625,8.0,8.0
03-12-1997,7.625,8.0,2179800,8.0625,7.8333330154418945,7.8333330154418945
04-12-1997,7.875,7.9583330154418945,1156800,8.020833015441895,7.9375,7.9375
05-12-1997,7.625,7.9166669845581055,1393200,7.9583330154418945,7.625,7.625
08-12-1997,7.5416669845581055,7.6458330154418945,1281000,7.9166669845581055,7.84375,7.84375
09-12-1997,7.4375,7.7916669845581055,2490000,7.8125,7.4583330154418945,7.4583330154418945
10-12-1997,6.7083330154418945,7.3958330154418945,4945200,7.3958330154418945,7.125,7.125
11-12-1997,6.2916669845581055,6.9166669845581055,9752400,7.0416669845581055,6.5416669845581055,6.5416669845581055
12-12-1997,6.2083330154418945,6.6458330154418945,2793000,6.8958330154418945,6.2708330154418945,6.2708330154418945
15-12-1997,5.6666669845581055,6.2916669845581055,7171200,6.6041669845581055,6.5,6.5
16-12-1997,6.5416669845581055,6.625,3378600,6.875,6.6666669845581055,6.6666669845581055
17-12-1997,6.4791669845581055,6.75,1809600,6.9166669845581055,6.5208330154418945,6.5208330154418945
18-12-1997,6.25,6.5,2901000,6.5625,6.4583330154418945,6.4583330154418945
19-12-1997,5.8958330154418945,6.2083330154418945,4974000,6.25,6.2291669845581055,6.2291669845581055
22-12-1997,5.8854169845581055,6.3333330154418945,3220200,6.375,6.0625,6.0625
23-12-1997,5.7916669845581055,6.0833330154418945,2194800,6.1666669845581055,5.875,5.875
24-12-1997,5.7916669845581055,5.9166669845581055,573600,5.9583330154418945,5.8333330154418945,5.8333330154418945
26-12-1997,5.7916669845581055,5.8333330154418945,516000,5.9375,5.9375,5.9375
29-12-1997,5.8541669845581055,6.0416669845581055,3432600,6.2291669845581055,6.0833330154418945,6.0833330154418945
30-12-1997,6.1875,6.1875,4385400,6.7916669845581055,6.7916669845581055,6.7916669845581055
31-12-1997,6.625,6.8333330154418945,2263200,7.1041669845581055,6.7916669845581055,6.7916669845581055
02-01-1998,6.5,6.75,953400,6.8333330154418945,6.75,6.75
05-01-1998,6.7083330154418945,6.7083330154418945,4219200,7.25,7.25,7.25
06-01-1998,6.6666669845581055,7.25,2317200,7.2708330154418945,6.6666669845581055,6.6666669845581055
07-01-1998,6.375,6.625,4275000,6.6875,6.5208330154418945,6.5208330154418945
08-01-1998,6.3125,6.5208330154418945,2355000,6.5625,6.4479169845581055,6.4479169845581055
09-01-1998,5.6354169845581055,6.4791669845581055,5548800,6.5208330154418945,5.7395830154418945,5.7395830154418945
12-01-1998,5.3541669845581055,5.375,4177800,6.1458330154418945,5.8541669845581055,5.8541669845581055
13-01-1998,5.8541669845581055,5.9375,4986000,6.6666669845581055,6.6666669845581055,6.6666669845581055
14-01-1998,6.375,6.6875,3492600,6.8333330154418945,6.5416669845581055,6.5416669845581055
15-01-1998,5.3125,5.9166669845581055,22492200,5.9583330154418945,5.4791669845581055,5.4791669845581055
16-01-1998,5.5,5.6770830154418945,7719600,5.71875,5.5833330154418945,5.5833330154418945
20-01-1998,5.3333330154418945,5.6666669845581055,9088800,6.0833330154418945,6.0833330154418945,6.0833330154418945
21-01-1998,5.9583330154418945,6.1666669845581055,5160600,6.3229169845581055,6.1875,6.1875
22-01-1998,5.9166669845581055,6.1458330154418945,4591800,6.1458330154418945,6.1354169845581055,6.1354169845581055
23-01-1998,5.8541669845581055,6.4791669845581055,14191800,6.8125,6.0833330154418945,6.0833330154418945
26-01-1998,5.4166669845581055,6.2083330154418945,4569600,6.2291669845581055,5.5416669845581055,5.5416669845581055
27-01-1998,5.3958330154418945,5.5208330154418945,2878800,5.8958330154418945,5.7916669845581055,5.7916669845581055
28-01-1998,5.4791669845581055,5.8125,2110200,5.875,5.7916669845581055,5.7916669845581055
29-01-1998,5.5,5.9583330154418945,3186600,6.0416669845581055,5.6666669845581055,5.6666669845581055
30-01-1998,4.9583330154418945,5.7916669845581055,12293400,5.7916669845581055,5.0833330154418945,5.0833330154418945
02-02-1998,5.3333330154418945,5.5416669845581055,10735200,5.6666669845581055,5.6354169845581055,5.6354169845581055
03-02-1998,5.6354169845581055,5.6666669845581055,9385200,6.1666669845581055,6.0208330154418945,6.0208330154418945
04-02-1998,5.75,6.0208330154418945,4658400,6.125,6.125,6.125
05-02-1998,5.90625,6.125,3141000,6.2083330154418945,5.9166669845581055,5.9166669845581055
06-02-1998,5.75,5.8958330154418945,1326000,5.9791669845581055,5.9583330154418945,5.9583330154418945
09-02-1998,5.8541669845581055,5.9791669845581055,1818600,6.1458330154418945,6.0,6.0
10-02-1998,6.0,6.0416669845581055,6508800,6.4479169845581055,6.3854169845581055,6.3854169845581055
11-02-1998,6.125,6.4583330154418945,2844000,6.4583330154418945,6.1770830154418945,6.1770830154418945
12-02-1998,5.9583330154418945,6.1041669845581055,5941800,6.375,6.3541669845581055,6.3541669845581055
13-02-1998,6.3125,6.3333330154418945,9389400,6.8333330154418945,6.7604169845581055,6.7604169845581055
17-02-1998,6.75,6.8541669845581055,9354000,7.125,6.8541669845581055,6.8541669845581055
18-02-1998,6.6041669845581055,6.8333330154418945,5993400,7.0208330154418945,7.0208330154418945,7.0208330154418945
19-02-1998,6.625,6.9375,6986400,7.0208330154418945,6.8020830154418945,6.8020830154418945
20-02-1998,6.6458330154418945,6.8333330154418945,1642800,6.9583330154418945,6.9375,6.9375
23-02-1998,6.8333330154418945,6.8333330154418945,5004600,7.0833330154418945,7.0416669845581055,7.0416669845581055
24-02-1998,6.8125,7.0416669845581055,4105800,7.1041669845581055,6.9583330154418945,6.9583330154418945
25-02-1998,6.8541669845581055,6.9583330154418945,2017800,7.0625,6.8958330154418945,6.8958330154418945
26-02-1998,6.7916669845581055,6.875,2553000,7.1041669845581055,6.9375,6.9375
27-02-1998,6.4166669845581055,6.9583330154418945,4690200,7.125,6.4270830154418945,6.4270830154418945
02-03-1998,6.4791669845581055,6.5625,5307000,6.9791669845581055,6.6666669845581055,6.6666669845581055
03-03-1998,6.5,6.7083330154418945,2076000,6.7291669845581055,6.6458330154418945,6.6458330154418945
04-03-1998,6.4166669845581055,6.6041669845581055,1923600,6.7291669845581055,6.5989580154418945,6.5989580154418945
05-03-1998,6.3333330154418945,6.3333330154418945,2740200,6.8333330154418945,6.4166669845581055,6.4166669845581055
06-03-1998,6.125,6.4583330154418945,3305400,6.5625,6.21875,6.21875
09-03-1998,5.875,6.1875,3344400,6.1875,5.90625,5.90625
10-03-1998,5.7083330154418945,5.9375,5128200,6.1666669845581055,5.8333330154418945,5.8333330154418945
11-03-1998,5.8333330154418945,5.8541669845581055,3956400,6.0625,6.0,6.0
12-03-1998,5.7291669845581055,6.0729169845581055,3833400,6.1041669845581055,5.8333330154418945,5.8333330154418945
13-03-1998,5.8541669845581055,5.9166669845581055,2795400,6.1666669845581055,6.1458330154418945,6.1458330154418945
16-03-1998,6.125,6.1875,7473600,6.7291669845581055,6.6875,6.6875
17-03-1998,6.6458330154418945,6.6458330154418945,8025000,6.9791669845581055,6.9583330154418945,6.9583330154418945
18-03-1998,6.8958330154418945,6.9791669845581055,3573600,7.0416669845581055,6.9166669845581055,6.9166669845581055
19-03-1998,6.7916669845581055,6.9166669845581055,1878600,6.9791669845581055,6.8125,6.8125
20-03-1998,6.7708330154418945,6.8125,3338400,7.0416669845581055,6.9791669845581055,6.9791669845581055
23-03-1998,6.7395830154418945,6.875,2836200,7.125,6.9166669845581055,6.9166669845581055
24-03-1998,6.9583330154418945,7.0208330154418945,4188600,7.4791669845581055,7.3958330154418945,7.3958330154418945
25-03-1998,7.0833330154418945,7.5,3072000,7.5833330154418945,7.0833330154418945,7.0833330154418945
26-03-1998,6.875,7.0833330154418945,2461800,7.2083330154418945,7.1666669845581055,7.1666669845581055
27-03-1998,6.9583330154418945,7.25,2634600,7.4375,7.1666669845581055,7.1666669845581055
30-03-1998,7.125,7.1875,1786800,7.3541669845581055,7.2916669845581055,7.2916669845581055
31-03-1998,7.2083330154418945,7.3541669845581055,3873000,7.6458330154418945,7.6145830154418945,7.6145830154418945
01-04-1998,7.4166669845581055,7.5833330154418945,5292000,7.9583330154418945,7.9583330154418945,7.9583330154418945
02-04-1998,7.5,7.7916669845581055,4185600,7.8333330154418945,7.6875,7.6875
03-04-1998,7.0416669845581055,7.7916669845581055,4033200,7.7916669845581055,7.25,7.25
06-04-1998,6.9166669845581055,7.3333330154418945,3163200,7.3958330154418945,6.9791669845581055,6.9791669845581055
07-04-1998,6.5625,6.9375,4038000,6.9791669845581055,6.6770830154418945,6.6770830154418945
08-04-1998,6.5208330154418945,6.7708330154418945,3648000,6.8541669845581055,6.5833330154418945,6.5833330154418945
09-04-1998,6.6666669845581055,6.7083330154418945,3148200,6.9583330154418945,6.8854169845581055,6.8854169845581055
13-04-1998,6.5416669845581055,6.9166669845581055,2704800,6.9166669845581055,6.71875,6.71875
14-04-1998,6.6875,6.8958330154418945,2501400,6.9270830154418945,6.8020830154418945,6.8020830154418945
15-04-1998,6.5,6.9583330154418945,4221000,7.0,6.6666669845581055,6.6666669845581055
16-04-1998,6.2708330154418945,6.6666669845581055,3972000,6.7083330154418945,6.3125,6.3125
17-04-1998,6.3229169845581055,6.3229169845581055,4323000,6.5729169845581055,6.5416669845581055,6.5416669845581055
20-04-1998,6.5208330154418945,6.53125,5344800,6.8958330154418945,6.875,6.875
21-04-1998,6.9583330154418945,6.9583330154418945,4324200,7.2916669845581055,7.0833330154418945,7.0833330154418945
22-04-1998,6.6979169845581055,7.2083330154418945,5947200,7.3333330154418945,6.8333330154418945,6.8333330154418945
23-04-1998,5.375,6.0833330154418945,45017400,6.125,5.5416669845581055,5.5416669845581055
24-04-1998,5.3333330154418945,5.7708330154418945,24221400,5.875,5.6458330154418945,5.6458330154418945
27-04-1998,5.3229169845581055,5.5833330154418945,10057800,5.7916669845581055,5.3958330154418945,5.3958330154418945
28-04-1998,5.1770830154418945,5.6875,9848400,5.7083330154418945,5.2291669845581055,5.2291669845581055
29-04-1998,5.0,5.2916669845581055,7354800,5.3333330154418945,5.0625,5.0625
30-04-1998,4.7916669845581055,5.2083330154418945,11443800,5.3125,4.8958330154418945,4.8958330154418945
01-05-1998,4.4791669845581055,5.0,13003200,5.0,4.7395830154418945,4.7395830154418945
04-05-1998,5.0,5.1666669845581055,15366000,5.5,5.5,5.5
05-05-1998,5.0625,5.5,8378400,5.5833330154418945,5.125,5.125
06-05-1998,4.9583330154418945,5.1979169845581055,5829600,5.2083330154418945,5.0,5.0
07-05-1998,4.9270830154418945,5.0,5617800,5.125,4.9895830154418945,4.9895830154418945
08-05-1998,4.7083330154418945,4.9479169845581055,7832400,5.0,4.7708330154418945,4.7708330154418945
11-05-1998,4.2916669845581055,4.7708330154418945,24193200,4.7708330154418945,4.6041669845581055,4.6041669845581055
12-05-1998,4.8125,5.0,28989600,5.3645830154418945,5.3229169845581055,5.3229169845581055
13-05-1998,5.1979169845581055,5.3333330154418945,8144400,5.5,5.2708330154418945,5.2708330154418945
14-05-1998,5.0833330154418945,5.1458330154418945,8462400,5.5625,5.3541669845581055,5.3541669845581055
15-05-1998,5.2083330154418945,5.375,6055200,5.5208330154418945,5.21875,5.21875
18-05-1998,5.0416669845581055,5.1875,4663200,5.200520992279053,5.125,5.125
19-05-1998,5.0625,5.1666669845581055,3873600,5.25,5.0833330154418945,5.0833330154418945
20-05-1998,4.6770830154418945,5.1041669845581055,9305400,5.1041669845581055,4.7083330154418945,4.7083330154418945
21-05-1998,4.4166669845581055,4.7083330154418945,7824600,4.7291669845581055,4.6666669845581055,4.6666669845581055
22-05-1998,4.5416669845581055,4.7083330154418945,3880800,4.8333330154418945,4.6458330154418945,4.6458330154418945
26-05-1998,4.3958330154418945,4.7083330154418945,4056600,4.8125,4.4583330154418945,4.4583330154418945
27-05-1998,4.125,4.3125,9334200,4.4583330154418945,4.4270830154418945,4.4270830154418945
28-05-1998,4.2916669845581055,4.5208330154418945,5460600,4.5833330154418945,4.46875,4.46875
29-05-1998,4.4791669845581055,4.4791669845581055,7324800,4.6875,4.6666669845581055,4.6666669845581055
01-06-1998,4.5208330154418945,4.5833330154418945,5242800,4.875,4.6666669845581055,4.6666669845581055
02-06-1998,4.625,4.7083330154418945,2710800,4.8125,4.7291669845581055,4.7291669845581055
03-06-1998,4.6666669845581055,4.7083330154418945,4378200,4.8958330154418945,4.7291669845581055,4.7291669845581055
04-06-1998,4.6666669845581055,4.6875,3071400,4.75,4.7291669845581055,4.7291669845581055
05-06-1998,4.6875,4.7291669845581055,3010800,4.8020830154418945,4.7291669845581055,4.7291669845581055
08-06-1998,4.6875,4.75,880800,4.7916669845581055,4.7708330154418945,4.7708330154418945
09-06-1998,4.7291669845581055,4.7395830154418945,4569000,4.78125,4.75,4.75
10-06-1998,4.5,4.7083330154418945,2866800,4.7291669845581055,4.6354169845581055,4.6354169845581055
11-06-1998,4.2708330154418945,4.6875,5330400,4.71875,4.4375,4.4375
12-06-1998,4.25,4.5416669845581055,3661800,4.5625,4.5,4.5
15-06-1998,4.2708330154418945,4.2916669845581055,8944800,4.8125,4.6041669845581055,4.6041669845581055
16-06-1998,4.5416669845581055,4.75,2307600,4.7708330154418945,4.625,4.625
17-06-1998,4.6666669845581055,4.6666669845581055,3802800,4.8333330154418945,4.75,4.75
18-06-1998,4.6875,4.75,3043800,4.8125,4.78125,4.78125
19-06-1998,4.4375,4.8125,2508000,4.8333330154418945,4.5416669845581055,4.5416669845581055
22-06-1998,4.4791669845581055,4.75,1779600,4.75,4.53125,4.53125
23-06-1998,4.5520830154418945,4.5625,4581000,4.8333330154418945,4.7708330154418945,4.7708330154418945
24-06-1998,4.8541669845581055,4.875,11903400,5.4583330154418945,5.375,5.375
25-06-1998,5.3958330154418945,5.4375,18825600,5.875,5.4375,5.4375
26-06-1998,5.21875,5.5,5049600,5.5208330154418945,5.2291669845581055,5.2291669845581055
29-06-1998,5.25,5.2708330154418945,10422000,5.6875,5.6458330154418945,5.6458330154418945
30-06-1998,5.4166669845581055,5.6979169845581055,3675000,5.7083330154418945,5.4583330154418945,5.4583330154418945
01-07-1998,5.4583330154418945,5.5,3058800,5.5625,5.5208330154418945,5.5208330154418945
02-07-1998,5.28125,5.5416669845581055,5247000,5.59375,5.375,5.375
06-07-1998,5.2708330154418945,5.375,2160600,5.5625,5.2916669845581055,5.2916669845581055
07-07-1998,4.7708330154418945,5.375,7169400,5.4166669845581055,4.8333330154418945,4.8333330154418945
08-07-1998,4.6666669845581055,4.84375,6246600,4.875,4.75,4.75
09-07-1998,4.75,4.7708330154418945,7487400,5.1458330154418945,5.03125,5.03125
10-07-1998,5.0,5.15625,6018000,5.2291669845581055,5.1979169845581055,5.1979169845581055
13-07-1998,5.1354169845581055,5.2291669845581055,4891200,5.3541669845581055,5.3125,5.3125
14-07-1998,5.3333330154418945,5.3541669845581055,8878800,5.5625,5.5,5.5
15-07-1998,5.0416669845581055,5.5104169845581055,5918400,5.5416669845581055,5.2083330154418945,5.2083330154418945
16-07-1998,4.5,5.2291669845581055,38708400,5.3333330154418945,4.6041669845581055,4.6041669845581055
17-07-1998,4.28125,4.7708330154418945,16155000,4.7708330154418945,4.2916669845581055,4.2916669845581055
20-07-1998,4.3020830154418945,4.3333330154418945,12889800,4.5,4.3645830154418945,4.3645830154418945
21-07-1998,4.3333330154418945,4.4791669845581055,5625000,4.5,4.375,4.375
22-07-1998,4.3541669845581055,4.4166669845581055,3800400,4.46875,4.4375,4.4375
23-07-1998,4.3125,4.5833330154418945,3332400,4.5833330154418945,4.3541669845581055,4.3541669845581055
24-07-1998,3.9583330154418945,4.40625,6197400,4.4166669845581055,4.1041669845581055,4.1041669845581055
27-07-1998,3.6770830154418945,4.0833330154418945,8410200,4.125,3.8541669845581055,3.8541669845581055
28-07-1998,3.7708330154418945,3.875,6172200,4.0833330154418945,3.875,3.875
29-07-1998,3.8333330154418945,4.0208330154418945,4699800,4.1875,4.125,4.125
30-07-1998,3.9791669845581055,4.2291669845581055,5041800,4.2916669845581055,4.0,4.0
31-07-1998,3.8125,3.9791669845581055,3562200,4.0416669845581055,3.9166669845581055,3.9166669845581055
03-08-1998,3.6458330154418945,3.9375,4271400,3.9375,3.7291669845581055,3.7291669845581055
04-08-1998,3.625,3.8958330154418945,3964800,3.9166669845581055,3.6458330154418945,3.6458330154418945
05-08-1998,3.5625,3.6354169845581055,4656000,3.84375,3.6875,3.6875
06-08-1998,3.6041669845581055,3.6458330154418945,3972600,3.7291669845581055,3.6875,3.6875
07-08-1998,3.7083330154418945,3.75,3808800,3.875,3.7916669845581055,3.7916669845581055
10-08-1998,3.7708330154418945,3.8333330154418945,3031200,4.0416669845581055,3.9166669845581055,3.9166669845581055
11-08-1998,3.6875,3.7916669845581055,3175800,3.8333330154418945,3.7708330154418945,3.7708330154418945
12-08-1998,3.8125,3.8333330154418945,2247000,3.9791669845581055,3.8125,3.8125
13-08-1998,3.75,3.7916669845581055,5718000,4.0833330154418945,4.0520830154418945,4.0520830154418945
14-08-1998,3.9583330154418945,4.1041669845581055,3646800,4.1145830154418945,4.0625,4.0625
17-08-1998,4.0625,4.1041669845581055,9504600,4.6666669845581055,4.6458330154418945,4.6458330154418945
18-08-1998,4.25,4.5625,5132400,4.625,4.3541669845581055,4.3541669845581055
19-08-1998,4.28125,4.6041669845581055,5020800,4.6458330154418945,4.3333330154418945,4.3333330154418945
20-08-1998,4.1145830154418945,4.3333330154418945,1809000,4.3333330154418945,4.1458330154418945,4.1458330154418945
21-08-1998,3.875,4.0208330154418945,3082200,4.125,4.0,4.0
24-08-1998,4.0,4.0416669845581055,2673000,4.1458330154418945,4.0416669845581055,4.0416669845581055
25-08-1998,3.9895830154418945,4.1041669845581055,1687800,4.1875,4.0104169845581055,4.0104169845581055
26-08-1998,3.6145830154418945,3.9375,6922200,3.9375,3.6979169845581055,3.6979169845581055
27-08-1998,3.2708330154418945,3.5,7917600,3.6666669845581055,3.5833330154418945,3.5833330154418945
28-08-1998,3.3125,3.5,3803400,3.5104169845581055,3.3645830154418945,3.3645830154418945
31-08-1998,2.96875,3.375,5263800,3.4166669845581055,3.0208330154418945,3.0208330154418945
01-09-1998,2.8541669845581055,3.1041669845581055,6664200,3.25,3.2083330154418945,3.2083330154418945
02-09-1998,3.0833330154418945,3.21875,7104000,3.7916669845581055,3.5833330154418945,3.5833330154418945
03-09-1998,3.2291669845581055,3.375,5185200,3.4791669845581055,3.2708330154418945,3.2708330154418945
04-09-1998,3.0833330154418945,3.3333330154418945,2258400,3.4166669845581055,3.1666669845581055,3.1666669845581055
08-09-1998,3.2916669845581055,3.375,4040400,3.3958330154418945,3.3333330154418945,3.3333330154418945
09-09-1998,3.0416669845581055,3.3020830154418945,3234600,3.3333330154418945,3.0416669845581055,3.0416669845581055
10-09-1998,2.8125,2.9583330154418945,4752000,3.0625,3.0625,3.0625
11-09-1998,3.0,3.0833330154418945,1212000,3.1666669845581055,3.0416669845581055,3.0416669845581055
14-09-1998,3.125,3.125,1959600,3.3229169845581055,3.1875,3.1875
15-09-1998,3.1041669845581055,3.2083330154418945,1194600,3.25,3.2395830154418945,3.2395830154418945
16-09-1998,3.25,3.2916669845581055,2274600,3.4166669845581055,3.3958330154418945,3.3958330154418945
17-09-1998,3.0520830154418945,3.25,1709400,3.25,3.1666669845581055,3.1666669845581055
18-09-1998,3.1458330154418945,3.15625,807000,3.2291669845581055,3.1770830154418945,3.1770830154418945
21-09-1998,3.0208330154418945,3.15625,1018800,3.1666669845581055,3.1145830154418945,3.1145830154418945
22-09-1998,3.0625,3.1666669845581055,1960200,3.3333330154418945,3.2708330154418945,3.2708330154418945
23-09-1998,3.2708330154418945,3.2708330154418945,5530200,3.75,3.7291669845581055,3.7291669845581055
24-09-1998,3.7291669845581055,3.78125,5742000,3.9479169845581055,3.7916669845581055,3.7916669845581055
25-09-1998,3.625,3.625,3447000,3.875,3.8333330154418945,3.8333330154418945
28-09-1998,3.7083330154418945,3.7916669845581055,3262800,4.0625,3.7708330154418945,3.7708330154418945
29-09-1998,3.6666669845581055,3.8125,2881800,3.8958330154418945,3.7604169845581055,3.7604169845581055
30-09-1998,3.28125,3.5,3295800,3.7083330154418945,3.3125,3.3125
01-10-1998,3.1666669845581055,3.25,2014200,3.3333330154418945,3.28125,3.28125
02-10-1998,3.2708330154418945,3.2708330154418945,2066400,3.5,3.3020830154418945,3.3020830154418945
05-10-1998,2.7916669845581055,3.2916669845581055,6726000,3.3125,2.8020830154418945,2.8020830154418945
06-10-1998,2.5208330154418945,2.9375,5540400,3.0416669845581055,2.6354169845581055,2.6354169845581055
07-10-1998,2.25,2.5416669845581055,8187000,2.625,2.3125,2.3125
08-10-1998,1.8125,2.1458330154418945,8124000,2.2291669845581055,2.1666669845581055,2.1666669845581055
09-10-1998,1.9791669845581055,2.2916669845581055,3026400,2.4375,2.2916669845581055,2.2916669845581055
12-10-1998,2.5,2.6458330154418945,6031800,2.8802080154418945,2.8541669845581055,2.8541669845581055
13-10-1998,2.5208330154418945,2.7916669845581055,3814800,2.9791669845581055,2.6354169845581055,2.6354169845581055
14-10-1998,2.5625,2.6875,2183400,2.7291669845581055,2.6458330154418945,2.6458330154418945
15-10-1998,2.6458330154418945,2.6666669845581055,2275800,2.90625,2.875,2.875
16-10-1998,2.875,2.9895830154418945,4306800,3.0833330154418945,2.9583330154418945,2.9583330154418945
19-10-1998,2.9791669845581055,3.0208330154418945,4471800,3.3333330154418945,3.2708330154418945,3.2708330154418945
20-10-1998,3.2708330154418945,3.3333330154418945,4341000,3.5,3.3541669845581055,3.3541669845581055
21-10-1998,3.4791669845581055,3.75,7741800,3.7708330154418945,3.6666669845581055,3.6666669845581055
22-10-1998,3.6666669845581055,3.7083330154418945,3361200,3.7916669845581055,3.6979169845581055,3.6979169845581055
23-10-1998,3.6041669845581055,3.6979169845581055,3282600,3.8020830154418945,3.7083330154418945,3.7083330154418945
26-10-1998,3.5833330154418945,3.7083330154418945,3948000,3.8333330154418945,3.7916669845581055,3.7916669845581055
27-10-1998,3.7916669845581055,3.8645830154418945,6513000,3.9166669845581055,3.875,3.875
28-10-1998,3.75,3.8333330154418945,1533000,3.875,3.8333330154418945,3.8333330154418945
29-10-1998,3.7916669845581055,3.8541669845581055,2286000,3.9479169845581055,3.9375,3.9375
30-10-1998,3.7291669845581055,3.9375,3700800,4.0208330154418945,3.7916669845581055,3.7916669845581055
02-11-1998,3.8333330154418945,3.8333330154418945,5958000,4.1041669845581055,3.9375,3.9375
03-11-1998,3.8125,3.9166669845581055,1668600,4.0,3.9583330154418945,3.9583330154418945
04-11-1998,3.9583330154418945,3.9895830154418945,4391400,4.0833330154418945,4.0625,4.0625
05-11-1998,3.9583330154418945,4.0208330154418945,7218600,4.3333330154418945,4.25,4.25
06-11-1998,4.25,4.2604169845581055,6949200,4.5208330154418945,4.4791669845581055,4.4791669845581055
09-11-1998,4.46875,4.6666669845581055,5634600,4.6875,4.5729169845581055,4.5729169845581055
10-11-1998,4.4583330154418945,4.65625,4409400,4.65625,4.5625,4.5625
11-11-1998,4.6458330154418945,4.6666669845581055,8989200,4.8541669845581055,4.8333330154418945,4.8333330154418945
12-11-1998,4.6770830154418945,4.8125,2416200,4.8125,4.71875,4.71875
13-11-1998,4.6041669845581055,4.7083330154418945,3274800,4.7291669845581055,4.7083330154418945,4.7083330154418945
16-11-1998,4.6875,4.71875,2954400,4.8125,4.7604169845581055,4.7604169845581055
17-11-1998,4.6979169845581055,4.7291669845581055,4931400,4.9479169845581055,4.8958330154418945,4.8958330154418945
18-11-1998,4.9375,4.9895830154418945,12413400,5.3958330154418945,5.3333330154418945,5.3333330154418945
19-11-1998,5.0833330154418945,5.4895830154418945,6067800,5.5,5.1458330154418945,5.1458330154418945
20-11-1998,4.8333330154418945,5.2083330154418945,5637600,5.2083330154418945,4.8958330154418945,4.8958330154418945
23-11-1998,4.9375,5.0,8001600,5.375,5.34375,5.34375
24-11-1998,5.1458330154418945,5.2708330154418945,4402800,5.3541669845581055,5.1458330154418945,5.1458330154418945
25-11-1998,4.9375,5.1354169845581055,5343000,5.1458330154418945,5.1041669845581055,5.1041669845581055
27-11-1998,5.1041669845581055,5.1875,1519200,5.1875,5.1666669845581055,5.1666669845581055
30-11-1998,5.1666669845581055,5.1770830154418945,10521600,5.53125,5.40625,5.40625
01-12-1998,5.1666669845581055,5.28125,13491600,5.3333330154418945,5.2395830154418945,5.2395830154418945
02-12-1998,5.0416669845581055,5.2916669845581055,3079200,5.3333330154418945,5.2395830154418945,5.2395830154418945
03-12-1998,5.1354169845581055,5.1666669845581055,7534200,5.5625,5.25,5.25
04-12-1998,5.4583330154418945,5.5,14366400,5.9583330154418945,5.90625,5.90625
07-12-1998,6.1041669845581055,6.1145830154418945,12108600,6.7083330154418945,6.625,6.625
08-12-1998,6.3333330154418945,6.4375,10152000,6.7083330154418945,6.6041669845581055,6.6041669845581055
09-12-1998,6.2708330154418945,6.5833330154418945,7017600,6.625,6.3541669845581055,6.3541669845581055
10-12-1998,5.875,6.3125,4033200,6.375,5.9166669845581055,5.9166669845581055
11-12-1998,5.5416669845581055,5.7708330154418945,4007400,6.125,6.0625,6.0625
14-12-1998,5.75,5.9583330154418945,3475800,6.1041669845581055,6.0208330154418945,6.0208330154418945
15-12-1998,6.0625,6.0833330154418945,7740600,6.625,6.5104169845581055,6.5104169845581055
16-12-1998,6.3541669845581055,6.5833330154418945,4272600,6.625,6.4375,6.4375
17-12-1998,6.2708330154418945,6.4166669845581055,3505200,6.4583330154418945,6.3333330154418945,6.3333330154418945
18-12-1998,6.3125,6.3125,3073200,6.5520830154418945,6.4166669845581055,6.4166669845581055
21-12-1998,6.4791669845581055,6.5416669845581055,12877200,7.1458330154418945,6.9583330154418945,6.9583330154418945
22-12-1998,6.5833330154418945,6.9583330154418945,6597600,7.03125,6.65625,6.65625
23-12-1998,6.6666669845581055,6.7083330154418945,5160000,6.9791669845581055,6.9375,6.9375
24-12-1998,6.8333330154418945,7.0416669845581055,904800,7.0416669845581055,6.8333330154418945,6.8333330154418945
28-12-1998,6.8229169845581055,6.8333330154418945,2081400,7.1770830154418945,7.0416669845581055,7.0416669845581055
29-12-1998,6.8333330154418945,7.1041669845581055,1615200,7.2291669845581055,6.8541669845581055,6.8541669845581055
30-12-1998,6.5625,6.9166669845581055,1866000,6.9166669845581055,6.6875,6.6875
31-12-1998,6.6041669845581055,6.6666669845581055,7149000,7.6875,7.6354169845581055,7.6354169845581055
04-01-1999,7.1666669845581055,7.6666669845581055,5186400,7.6875,7.1979169845581055,7.1979169845581055
05-01-1999,7.0833330154418945,7.1666669845581055,4569000,7.6875,7.5104169845581055,7.5104169845581055
06-01-1999,6.8645830154418945,7.6875,7998000,8.010416984558105,7.1770830154418945,7.1770830154418945
07-01-1999,6.9166669845581055,7.03125,7759200,7.75,7.6666669845581055,7.6666669845581055
08-01-1999,7.6041669845581055,7.7291669845581055,8523000,8.041666984558105,7.8125,7.8125
11-01-1999,8.020833015441895,8.083333015441895,8740200,8.645833015441895,8.625,8.625
12-01-1999,8.208333015441895,8.645833015441895,4095600,8.770833015441895,8.3125,8.3125
13-01-1999,7.3958330154418945,7.8333330154418945,5782800,8.291666984558105,8.104166984558105,8.104166984558105
14-01-1999,8.0625,8.25,3669000,8.458333015441895,8.166666984558105,8.166666984558105
15-01-1999,8.208333015441895,8.208333015441895,4583400,8.5625,8.541666984558105,8.541666984558105
19-01-1999,8.6875,8.75,7630200,9.333333015441895,9.25,9.25
20-01-1999,7.5,9.25,22812600,9.25,7.5,7.5
21-01-1999,6.5833330154418945,7.3125,17841600,7.3958330154418945,6.7083330154418945,6.7083330154418945
22-01-1999,6.2291669845581055,6.4166669845581055,10790400,6.9791669845581055,6.8125,6.8125
25-01-1999,6.7708330154418945,6.8020830154418945,3315000,7.2395830154418945,7.1666669845581055,7.1666669845581055
26-01-1999,7.25,7.34375,8426400,7.875,7.8229169845581055,7.8229169845581055
27-01-1999,7.75,8.229166984558105,7440600,8.333333015441895,7.8958330154418945,7.8958330154418945
28-01-1999,7.875,8.0625,4164000,8.166666984558105,7.96875,7.96875
29-01-1999,7.8958330154418945,8.041666984558105,4183800,8.166666984558105,8.083333015441895,8.083333015441895
01-02-1999,7.5625,8.208333015441895,3771600,8.229166984558105,7.5625,7.5625
02-02-1999,7.1041669845581055,7.375,3217200,7.4583330154418945,7.34375,7.34375
03-02-1999,7.0208330154418945,7.34375,2800800,7.6458330154418945,7.1458330154418945,7.1458330154418945
04-02-1999,6.8854169845581055,7.1666669845581055,2619600,7.1875,7.0,7.0
05-02-1999,6.625,6.9739580154418945,2687400,7.0208330154418945,6.75,6.75
08-02-1999,6.8125,6.9166669845581055,3720000,7.2291669845581055,6.84375,6.84375
09-02-1999,6.8541669845581055,6.875,5193600,7.125,6.9479169845581055,6.9479169845581055
10-02-1999,6.7395830154418945,6.8958330154418945,7064400,6.9583330154418945,6.9166669845581055,6.9166669845581055
11-02-1999,7.0208330154418945,7.0833330154418945,5056200,7.4583330154418945,7.2083330154418945,7.2083330154418945
12-02-1999,6.9791669845581055,7.125,4307400,7.2604169845581055,6.9791669845581055,6.9791669845581055
16-02-1999,6.4166669845581055,7.0416669845581055,4831800,7.125,6.5,6.5
17-02-1999,5.8333330154418945,6.3854169845581055,5133600,6.6145830154418945,5.8333330154418945,5.8333330154418945
18-02-1999,5.875,6.0833330154418945,8353200,6.5208330154418945,6.375,6.375
19-02-1999,6.1875,6.53125,3498600,6.5416669845581055,6.2708330154418945,6.2708330154418945
22-02-1999,5.9895830154418945,6.28125,2680200,6.2916669845581055,6.2604169845581055,6.2604169845581055
23-02-1999,6.3229169845581055,6.3229169845581055,9262200,6.8958330154418945,6.7291669845581055,6.7291669845581055
24-02-1999,6.6979169845581055,6.84375,3871800,7.1458330154418945,6.8333330154418945,6.8333330154418945
25-02-1999,6.625,6.7708330154418945,2687400,7.03125,6.7604169845581055,6.7604169845581055
26-02-1999,6.3541669845581055,6.75,1469400,6.8333330154418945,6.3958330154418945,6.3958330154418945
01-03-1999,5.7291669845581055,6.3333330154418945,7912800,6.4791669845581055,5.7708330154418945,5.7708330154418945
02-03-1999,5.9791669845581055,6.09375,7288800,6.2291669845581055,6.1145830154418945,6.1145830154418945
03-03-1999,6.1041669845581055,6.1666669845581055,1688400,6.4583330154418945,6.4583330154418945,6.4583330154418945
04-03-1999,6.3541669845581055,6.5,3803400,6.7916669845581055,6.71875,6.71875
05-03-1999,6.8541669845581055,7.0,2223000,7.0625,6.9583330154418945,6.9583330154418945
08-03-1999,6.9583330154418945,7.0,1843200,7.1458330154418945,7.0104169845581055,7.0104169845581055
09-03-1999,6.7708330154418945,6.9895830154418945,1539000,7.15625,6.8541669845581055,6.8541669845581055
10-03-1999,6.3958330154418945,6.8020830154418945,2875800,6.875,6.46875,6.46875
11-03-1999,6.4791669845581055,6.4791669845581055,2712000,6.8333330154418945,6.75,6.75
12-03-1999,6.5625,6.7708330154418945,1247400,6.9791669845581055,6.8958330154418945,6.8958330154418945
15-03-1999,6.8125,6.9375,1998600,7.2083330154418945,6.9791669845581055,6.9791669845581055
16-03-1999,6.9583330154418945,7.0208330154418945,2597400,7.25,7.1770830154418945,7.1770830154418945
17-03-1999,7.0625,7.1875,2138400,7.25,7.0833330154418945,7.0833330154418945
18-03-1999,6.5833330154418945,7.0625,2521800,7.1041669845581055,6.6979169845581055,6.6979169845581055
19-03-1999,6.7291669845581055,6.9270830154418945,2461200,7.0208330154418945,6.8958330154418945,6.8958330154418945
22-03-1999,6.7291669845581055,6.8333330154418945,1704000,7.0,6.8125,6.8125
23-03-1999,6.0416669845581055,6.75,3207000,6.7916669845581055,6.1875,6.1875
24-03-1999,6.1041669845581055,6.2083330154418945,2853000,6.3020830154418945,6.15625,6.15625
25-03-1999,6.1979169845581055,6.1979169845581055,3222600,6.7916669845581055,6.625,6.625
26-03-1999,6.5,6.5208330154418945,1336200,6.8125,6.7708330154418945,6.7708330154418945
29-03-1999,6.7916669845581055,6.8333330154418945,3512400,7.3541669845581055,7.1666669845581055,7.1666669845581055
30-03-1999,7.0833330154418945,7.25,2413200,7.4166669845581055,7.0833330154418945,7.0833330154418945
31-03-1999,6.7916669845581055,7.1666669845581055,3746400,7.5,7.1666669845581055,7.1666669845581055
01-04-1999,6.5,7.1041669845581055,4986600,7.1041669845581055,6.5833330154418945,6.5833330154418945
05-04-1999,4.7708330154418945,6.6458330154418945,25938600,6.6666669845581055,4.8020830154418945,4.8020830154418945
06-04-1999,4.8958330154418945,5.125,20885400,5.4583330154418945,5.0208330154418945,5.0208330154418945
07-04-1999,3.8333330154418945,5.0416669845581055,24906000,5.0625,4.4583330154418945,4.4583330154418945
08-04-1999,5.1041669845581055,5.25,14584800,5.75,5.6145830154418945,5.6145830154418945
09-04-1999,5.2708330154418945,5.6458330154418945,5312400,5.8020830154418945,5.34375,5.34375
12-04-1999,4.9583330154418945,5.125,4579800,5.5,5.0208330154418945,5.0208330154418945
13-04-1999,5.0833330154418945,5.1458330154418945,2577000,5.3541669845581055,5.25,5.25
14-04-1999,5.25,5.3645830154418945,3711600,5.8541669845581055,5.46875,5.46875
15-04-1999,5.25,5.5625,4012200,5.8333330154418945,5.34375,5.34375
16-04-1999,5.0104169845581055,5.5520830154418945,7056600,5.5625,5.21875,5.21875
19-04-1999,5.15625,5.3333330154418945,6489000,5.8958330154418945,5.2291669845581055,5.2291669845581055
20-04-1999,5.25,5.4166669845581055,4996800,5.75,5.6875,5.6875
21-04-1999,5.4166669845581055,5.7916669845581055,3202200,5.9895830154418945,5.625,5.625
22-04-1999,5.6041669845581055,5.7708330154418945,1806000,5.8541669845581055,5.7083330154418945,5.7083330154418945
23-04-1999,5.6979169845581055,5.7708330154418945,6913200,6.2916669845581055,6.0833330154418945,6.0833330154418945
26-04-1999,6.0416669845581055,6.125,2922600,6.4270830154418945,6.3125,6.3125
27-04-1999,5.9895830154418945,6.3854169845581055,2587200,6.4583330154418945,6.2916669845581055,6.2916669845581055
28-04-1999,5.8020830154418945,6.2916669845581055,4331400,6.2916669845581055,5.8229169845581055,5.8229169845581055
29-04-1999,5.5104169845581055,5.8020830154418945,2348400,5.8125,5.6875,5.6875
30-04-1999,5.5416669845581055,5.7708330154418945,3262800,6.0208330154418945,5.875,5.875
03-05-1999,5.6354169845581055,5.8541669845581055,3013800,6.21875,6.2083330154418945,6.2083330154418945
04-05-1999,6.1666669845581055,6.2083330154418945,4672800,6.375,6.28125,6.28125
05-05-1999,5.9583330154418945,6.1666669845581055,5109600,6.3125,6.1666669845581055,6.1666669845581055
06-05-1999,6.0,6.1041669845581055,1588800,6.1666669845581055,6.1041669845581055,6.1041669845581055
07-05-1999,5.9166669845581055,6.0833330154418945,3601200,6.1666669845581055,5.9375,5.9375
10-05-1999,5.5416669845581055,6.0,6816600,6.0416669845581055,5.5833330154418945,5.5833330154418945
11-05-1999,5.625,5.6458330154418945,10635600,6.5625,6.5,6.5
12-05-1999,6.1458330154418945,6.5,7702800,7.0416669845581055,6.8333330154418945,6.8333330154418945
13-05-1999,6.75,6.8229169845581055,18616800,7.9166669845581055,7.5520830154418945,7.5520830154418945
14-05-1999,6.9166669845581055,7.3125,6144600,7.5208330154418945,7.3020830154418945,7.3020830154418945
17-05-1999,6.75,7.0,5678400,7.7708330154418945,7.5833330154418945,7.5833330154418945
18-05-1999,6.9791669845581055,7.4895830154418945,4362600,7.6875,7.3333330154418945,7.3333330154418945
19-05-1999,7.03125,7.3958330154418945,3915600,7.5625,7.3541669845581055,7.3541669845581055
20-05-1999,7.3645830154418945,7.4375,5678400,7.6875,7.5208330154418945,7.5208330154418945
21-05-1999,7.4375,7.7291669845581055,3260400,7.75,7.4791669845581055,7.4791669845581055
24-05-1999,6.8958330154418945,7.5,4563000,7.5416669845581055,6.9270830154418945,6.9270830154418945
25-05-1999,6.8333330154418945,6.9270830154418945,4765200,7.4583330154418945,7.0104169845581055,7.0104169845581055
26-05-1999,6.90625,7.1458330154418945,4393200,7.3958330154418945,7.3229169845581055,7.3229169845581055
27-05-1999,7.15625,7.1666669845581055,6017400,7.7083330154418945,7.3333330154418945,7.3333330154418945
28-05-1999,7.25,7.3645830154418945,1477800,7.5208330154418945,7.375,7.375
01-06-1999,7.2291669845581055,7.4166669845581055,3591000,7.5416669845581055,7.3645830154418945,7.3645830154418945
02-06-1999,7.2708330154418945,7.4479169845581055,2995200,7.5625,7.5,7.5
03-06-1999,7.1145830154418945,7.46875,2859000,7.5104169845581055,7.3333330154418945,7.3333330154418945
04-06-1999,7.65625,7.65625,12250800,8.25,8.166666984558105,8.166666984558105
07-06-1999,8.270833015441895,8.291666984558105,13181400,9.052083015441895,8.895833015441895,8.895833015441895
08-06-1999,8.4375,8.916666984558105,5401200,8.979166984558105,8.5625,8.5625
09-06-1999,8.479166984558105,8.666666984558105,4432800,8.75,8.697916984558105,8.697916984558105
10-06-1999,8.510416984558105,8.635416984558105,6678600,9.09375,8.833333015441895,8.833333015441895
11-06-1999,8.833333015441895,8.833333015441895,4136400,9.166666984558105,9.104166984558105,9.104166984558105
14-06-1999,8.427083015441895,9.166666984558105,3678000,9.166666984558105,8.572916984558105,8.572916984558105
15-06-1999,8.0,8.625,4171800,8.666666984558105,8.177083015441895,8.177083015441895
16-06-1999,8.333333015441895,8.375,3879000,8.833333015441895,8.802083015441895,8.802083015441895
17-06-1999,8.5,8.5,4175400,9.166666984558105,8.770833015441895,8.770833015441895
18-06-1999,8.625,8.90625,2166000,8.9375,8.666666984558105,8.666666984558105
21-06-1999,8.614583015441895,8.625,2475600,9.020833015441895,8.916666984558105,8.916666984558105
22-06-1999,8.84375,8.895833015441895,4737000,9.427083015441895,9.145833015441895,9.145833015441895
23-06-1999,8.770833015441895,9.104166984558105,2415600,9.166666984558105,9.135416984558105,9.135416984558105
24-06-1999,8.864583015441895,9.083333015441895,1502400,9.104166984558105,8.895833015441895,8.895833015441895
25-06-1999,8.895833015441895,9.083333015441895,2079600,9.125,9.0625,9.0625
28-06-1999,8.583333015441895,8.958333015441895,2982000,9.052083015441895,8.666666984558105,8.666666984558105
29-06-1999,8.427083015441895,8.583333015441895,3708600,8.84375,8.572916984558105,8.572916984558105
30-06-1999,8.416666984558105,8.572916984558105,2819400,8.958333015441895,8.9375,8.9375
01-07-1999,8.6875,8.958333015441895,5769600,9.354166984558105,9.333333015441895,9.333333015441895
02-07-1999,9.333333015441895,9.333333015441895,6392400,10.0,9.833333015441895,9.833333015441895
06-07-1999,9.479166984558105,9.854166984558105,4496400,10.041666984558105,9.65625,9.65625
07-07-1999,9.083333015441895,9.53125,4686600,9.583333015441895,9.09375,9.09375
08-07-1999,8.791666984558105,9.166666984558105,2301600,9.302083015441895,9.208333015441895,9.208333015441895
09-07-1999,8.979166984558105,9.333333015441895,2281200,9.583333015441895,9.5625,9.5625
12-07-1999,9.166666984558105,9.5,2165400,9.65625,9.583333015441895,9.583333015441895
13-07-1999,9.208333015441895,9.5,2353800,9.708333015441895,9.479166984558105,9.479166984558105
14-07-1999,9.208333015441895,9.5625,1474800,9.5625,9.291666984558105,9.291666984558105
15-07-1999,9.145833015441895,9.375,1800600,9.458333015441895,9.208333015441895,9.208333015441895
16-07-1999,9.104166984558105,9.489583015441895,3807600,9.5,9.197916984558105,9.197916984558105
19-07-1999,9.208333015441895,9.3125,4971600,9.458333015441895,9.375,9.375
20-07-1999,9.385416984558105,9.479166984558105,14033400,10.125,10.020833015441895,10.020833015441895
21-07-1999,10.083333015441895,10.083333015441895,9909600,11.0625,11.03125,11.03125
22-07-1999,10.208333015441895,10.6875,10039200,11.21875,10.802083015441895,10.802083015441895
23-07-1999,10.416666984558105,10.916666984558105,2553000,11.010416984558105,10.4375,10.4375
26-07-1999,9.854166984558105,10.291666984558105,3795600,10.364583015441895,10.25,10.25
27-07-1999,10.25,10.385416984558105,2116200,10.625,10.364583015441895,10.364583015441895
28-07-1999,10.166666984558105,10.5,2046000,10.833333015441895,10.833333015441895,10.833333015441895
29-07-1999,10.375,10.5,2850000,10.916666984558105,10.833333015441895,10.833333015441895
30-07-1999,10.833333015441895,10.9375,4871400,11.520833015441895,11.40625,11.40625
02-08-1999,11.5625,11.5625,4550400,11.75,11.645833015441895,11.645833015441895
03-08-1999,11.59375,11.802083015441895,6562800,12.083333015441895,12.0,12.0
04-08-1999,10.708333015441895,12.09375,7044600,12.21875,10.8125,10.8125
05-08-1999,9.604166984558105,10.6875,7825200,11.0625,11.0,11.0
06-08-1999,10.395833015441895,10.75,3173400,11.479166984558105,10.520833015441895,10.520833015441895
09-08-1999,10.229166984558105,10.625,1261800,10.708333015441895,10.333333015441895,10.333333015441895
10-08-1999,9.9375,10.208333015441895,2521200,10.770833015441895,10.625,10.625
11-08-1999,10.520833015441895,10.677083015441895,2765400,11.25,11.208333015441895,11.208333015441895
12-08-1999,10.833333015441895,11.166666984558105,2352000,11.375,10.854166984558105,10.854166984558105
13-08-1999,11.083333015441895,11.09375,1719600,11.645833015441895,11.583333015441895,11.583333015441895
16-08-1999,11.416666984558105,11.9375,3129600,12.0,11.666666984558105,11.666666984558105
17-08-1999,11.427083015441895,11.666666984558105,1449600,11.833333015441895,11.604166984558105,11.604166984558105
18-08-1999,11.25,11.5,1498800,11.5,11.34375,11.34375
19-08-1999,11.0,11.166666984558105,1644600,11.416666984558105,11.208333015441895,11.208333015441895
20-08-1999,11.354166984558105,11.416666984558105,2337000,11.6875,11.65625,11.65625
23-08-1999,11.5625,11.739583015441895,2176800,11.84375,11.65625,11.65625
24-08-1999,11.5,11.671875,6927600,12.416666984558105,12.416666984558105,12.416666984558105
25-08-1999,12.25,12.541666984558105,5843400,13.1875,13.166666984558105,13.166666984558105
26-08-1999,12.75,13.291666984558105,2880600,13.333333015441895,12.791666984558105,12.791666984558105
27-08-1999,12.541666984558105,12.75,2223000,13.041666984558105,12.625,12.625
30-08-1999,12.145833015441895,12.895833015441895,1992000,12.895833015441895,12.583333015441895,12.583333015441895
31-08-1999,12.270833015441895,12.5,2538000,12.916666984558105,12.854166984558105,12.854166984558105
01-09-1999,12.875,12.958333015441895,2629200,13.479166984558105,13.333333015441895,13.333333015441895
02-09-1999,13.083333015441895,13.302083015441895,3841800,13.604166984558105,13.333333015441895,13.333333015441895
03-09-1999,13.59375,13.614583015441895,4541400,14.354166984558105,14.260416984558105,14.260416984558105
07-09-1999,13.979166984558105,14.135416984558105,2984400,15.0,14.020833015441895,14.020833015441895
08-09-1999,13.791666984558105,13.833333015441895,2191200,14.541666984558105,14.458333015441895,14.458333015441895
09-09-1999,14.458333015441895,14.583333015441895,2715600,15.1875,15.114583015441895,15.114583015441895
10-09-1999,15.083333015441895,15.364583015441895,5005200,15.919271469116211,15.604166984558105,15.604166984558105
13-09-1999,15.083333015441895,15.291666984558105,3813000,16.083332061767578,15.1875,15.1875
14-09-1999,14.625,15.005208015441895,7464000,15.395833015441895,15.375,15.375
15-09-1999,14.4375,15.729166984558105,4585200,15.791666984558105,14.583333015441895,14.583333015441895
16-09-1999,13.916666984558105,14.708333015441895,3246600,14.75,14.333333015441895,14.333333015441895
17-09-1999,14.541666984558105,14.666666984558105,5387400,15.166666984558105,14.666666984558105,14.666666984558105
20-09-1999,14.53125,14.666666984558105,2185800,15.125,14.677083015441895,14.677083015441895
21-09-1999,14.208333015441895,14.666666984558105,2406000,15.0,14.208333015441895,14.208333015441895
22-09-1999,14.041666984558105,14.3125,2278800,14.895833015441895,14.895833015441895,14.895833015441895
23-09-1999,14.0625,14.9375,3639600,15.3125,14.104166984558105,14.104166984558105
24-09-1999,13.4375,13.96875,3963000,15.0,13.958333015441895,13.958333015441895
27-09-1999,13.958333015441895,14.166666984558105,3160200,14.645833015441895,14.302083015441895,14.302083015441895
28-09-1999,13.75,14.244791984558105,2655600,14.666666984558105,14.208333015441895,14.208333015441895
29-09-1999,13.541666984558105,14.25,2288400,14.625,13.666666984558105,13.666666984558105
30-09-1999,13.447916984558105,13.895833015441895,3903000,14.458333015441895,14.072916984558105,14.072916984558105
01-10-1999,13.666666984558105,13.833333015441895,2086200,14.416666984558105,14.03125,14.03125
04-10-1999,14.0,14.020833015441895,1593000,14.604166984558105,14.583333015441895,14.583333015441895
05-10-1999,14.322916984558105,14.354166984558105,3700200,15.75,15.635416984558105,15.635416984558105
06-10-1999,15.520833015441895,15.604166984558105,2525400,16.166667938232422,15.958333015441895,15.958333015441895
07-10-1999,15.104166984558105,15.979166984558105,3770400,16.270832061767578,15.53125,15.53125
08-10-1999,14.125,15.34375,6986400,15.416666984558105,14.75,14.75
11-10-1999,14.666666984558105,14.75,1931400,15.458333015441895,15.354166984558105,15.354166984558105
12-10-1999,14.375,15.25,2240400,15.333333015441895,14.604166984558105,14.604166984558105
13-10-1999,14.364583015441895,14.395833015441895,2405400,15.0,14.645833015441895,14.645833015441895
14-10-1999,14.1875,14.666666984558105,2784000,14.770833015441895,14.375,14.375
15-10-1999,13.59375,14.166666984558105,3696600,14.375,13.833333015441895,13.833333015441895
18-10-1999,13.5,13.666666984558105,4694400,14.875,14.78125,14.78125
19-10-1999,14.0625,14.9375,1960200,14.958333015441895,14.416666984558105,14.416666984558105
20-10-1999,14.520833015441895,14.625,2677200,15.53125,15.479166984558105,15.479166984558105
21-10-1999,14.833333015441895,15.114583015441895,4742400,16.375,16.354167938232422,16.354167938232422
22-10-1999,16.541667938232422,16.75,5251800,17.5,17.25,17.25
25-10-1999,16.75,17.0,2893200,17.395832061767578,17.395832061767578,17.395832061767578
26-10-1999,16.854167938232422,16.854167938232422,4253400,17.395832061767578,17.177082061767578,17.177082061767578
27-10-1999,16.479167938232422,17.260417938232422,3738000,17.270832061767578,17.0,17.0
28-10-1999,16.854167938232422,17.020832061767578,4543200,17.5,17.427082061767578,17.427082061767578
29-10-1999,17.625,17.666667938232422,5253000,19.479167938232422,19.28125,19.28125
01-11-1999,19.1875,19.291667938232422,3199800,19.791667938232422,19.28125,19.28125
02-11-1999,18.9375,19.166667938232422,3693000,19.541667938232422,19.489582061767578,19.489582061767578
03-11-1999,19.479167938232422,19.583332061767578,4366200,20.458332061767578,20.09375,20.09375
04-11-1999,20.09375,20.145832061767578,3280200,20.708332061767578,20.34375,20.34375
05-11-1999,20.666667938232422,20.697917938232422,4448400,22.572917938232422,22.135417938232422,22.135417938232422
08-11-1999,21.020832061767578,22.052082061767578,3925200,22.822917938232422,21.416667938232422,21.416667938232422
09-11-1999,21.583332061767578,21.833332061767578,5726400,22.416667938232422,21.895832061767578,21.895832061767578
10-11-1999,21.520832061767578,21.833332061767578,4675200,22.3125,21.791667938232422,21.791667938232422
11-11-1999,21.916667938232422,22.083332061767578,5605800,23.166667938232422,23.0,23.0
12-11-1999,20.229167938232422,22.6875,10108800,23.166667938232422,21.270832061767578,21.270832061767578
15-11-1999,20.3125,21.208332061767578,2716200,21.208332061767578,20.364582061767578,20.364582061767578
16-11-1999,19.666667938232422,20.833332061767578,3592800,21.166667938232422,20.958332061767578,20.958332061767578
17-11-1999,20.3125,20.416667938232422,3064800,21.354167938232422,20.5625,20.5625
18-11-1999,20.541667938232422,20.84375,1231200,20.947917938232422,20.833332061767578,20.833332061767578
19-11-1999,20.541667938232422,21.333332061767578,2775000,21.666667938232422,21.5,21.5
22-11-1999,21.208332061767578,21.208332061767578,2641200,22.625,21.791667938232422,21.791667938232422
23-11-1999,20.5,21.791667938232422,2568600,21.875,20.833332061767578,20.833332061767578
24-11-1999,20.291667938232422,20.84375,3031200,22.5625,22.208332061767578,22.208332061767578
26-11-1999,21.958332061767578,22.625,3482400,24.166667938232422,24.166667938232422,24.166667938232422
29-11-1999,23.28125,24.052082061767578,2991600,24.479167938232422,23.96875,23.96875
30-11-1999,22.979167938232422,23.9375,3757800,24.0,23.604167938232422,23.604167938232422
01-12-1999,23.4375,23.833332061767578,4480800,24.958332061767578,24.604167938232422,24.604167938232422
02-12-1999,24.833332061767578,24.84375,7093800,27.916667938232422,27.21875,27.21875
03-12-1999,26.666667938232422,27.625,4701000,28.427082061767578,28.020832061767578,28.020832061767578
06-12-1999,27.458332061767578,28.114582061767578,2634600,28.177082061767578,27.9375,27.9375
07-12-1999,27.895832061767578,28.104167938232422,5515200,31.25,29.375,29.375
08-12-1999,29.895832061767578,29.916667938232422,4071600,32.25,32.08333206176758,32.08333206176758
09-12-1999,31.239582061767578,33.33333206176758,6861600,34.703125,33.8125,33.8125
10-12-1999,32.79166793823242,34.08333206176758,3508800,34.14583206176758,33.36198043823242,33.36198043823242
13-12-1999,33.23958206176758,33.41666793823242,6665400,37.25,34.85416793823242,34.85416793823242
14-12-1999,30.916667938232422,35.26041793823242,4670400,35.47916793823242,31.895832061767578,31.895832061767578
15-12-1999,29.5,30.75,6755400,33.2890625,33.15625,33.15625
16-12-1999,31.666667938232422,33.52083206176758,3336000,34.2265625,32.82291793823242,32.82291793823242
17-12-1999,32.39583206176758,34.33333206176758,2160600,34.35416793823242,33.0,33.0
20-12-1999,30.833332061767578,34.125,3255600,34.16666793823242,32.13541793823242,32.13541793823242
21-12-1999,31.625,32.91666793823242,1509000,32.98958206176758,32.22916793823242,32.22916793823242
22-12-1999,30.666667938232422,32.37239456176758,2158800,32.66666793823242,31.21875,31.21875
23-12-1999,30.041667938232422,30.875,1679400,31.416667938232422,30.833332061767578,30.833332061767578
27-12-1999,29.104167938232422,31.041667938232422,2310600,31.645832061767578,30.5625,30.5625
28-12-1999,29.708332061767578,30.677082061767578,2025600,32.58333206176758,31.291667938232422,31.291667938232422
29-12-1999,31.5,31.5,1278600,32.33333206176758,32.01041793823242,32.01041793823242
30-12-1999,32.19791793823242,32.70833206176758,1138200,33.0,32.51041793823242,32.51041793823242
31-12-1999,32.16666793823242,32.58333206176758,668400,33.9375,33.125,33.125
03-01-2000,32.0,34.16666793823242,3205200,36.41666793823242,36.41666793823242,36.41666793823242
04-01-2000,32.33333206176758,35.45833206176758,3248400,36.3125,33.125,33.125
05-01-2000,31.0,32.83333206176758,4746000,33.47916793823242,32.79166793823242,32.79166793823242
06-01-2000,29.083332061767578,31.916667938232422,3370200,32.58333206176758,30.5390625,30.5390625
07-01-2000,29.333332061767578,30.46875,3787200,32.83333206176758,31.979167938232422,31.979167938232422
10-01-2000,33.0,33.0,3307800,35.5,35.29166793823242,35.29166793823242
11-01-2000,33.5,34.0,2711400,36.41666793823242,33.75,33.75
12-01-2000,31.583332061767578,34.35416793823242,2424600,34.47916793823242,31.75,31.75
13-01-2000,31.760417938232422,32.59375,2145000,33.0,32.97916793823242,32.97916793823242
14-01-2000,34.9375,35.0,5578200,39.83333206176758,39.33333206176758,39.33333206176758
18-01-2000,37.85416793823242,39.04166793823242,2574000,41.5,40.38541793823242,40.38541793823242
19-01-2000,39.95833206176758,41.76041793823242,3267600,42.41666793823242,40.16666793823242,40.16666793823242
20-01-2000,39.5,40.83333206176758,2489400,41.36458206176758,40.25,40.25
21-01-2000,39.83333206176758,40.16666793823242,3331800,41.66666793823242,41.13541793823242,41.13541793823242
24-01-2000,41.29166793823242,41.875,4829400,45.5,42.6015625,42.6015625
25-01-2000,41.5,42.0,3981000,47.30208206176758,46.5625,46.5625
26-01-2000,43.02083206176758,46.33333206176758,2418000,47.33333206176758,43.66666793823242,43.66666793823242
27-01-2000,40.16666793823242,44.5,2476200,44.58333206176758,41.75,41.75
28-01-2000,38.08333206176758,40.58073043823242,4764600,45.16666793823242,38.33333206176758,38.33333206176758
31-01-2000,35.0,39.33333206176758,3248400,39.33333206176758,36.72395706176758,36.72395706176758
01-02-2000,36.83333206176758,38.29166793823242,3270000,42.5,42.33333206176758,42.33333206176758
02-02-2000,42.29166793823242,43.64583206176758,2705400,45.0,43.875,43.875
03-02-2000,45.0,45.83333206176758,3851700,49.66666793823242,48.83333206176758,48.83333206176758
04-02-2000,45.83333206176758,51.04166793823242,4238400,51.70833206176758,46.41666793823242,46.41666793823242
07-02-2000,45.70833206176758,47.8125,2080200,48.0,46.66666793823242,46.66666793823242
08-02-2000,46.5,47.08333206176758,5766900,48.83333206176758,46.6875,46.6875
09-02-2000,46.45833206176758,48.10416793823242,6761100,50.58333206176758,49.33333206176758,49.33333206176758
10-02-2000,51.41666793823242,52.0,7095600,61.66666793823242,60.078125,60.078125
11-02-2000,56.58333206176758,60.08333206176758,5361000,60.16666793823242,57.6875,57.6875
14-02-2000,53.33333206176758,58.91666793823242,3834300,58.91666793823242,57.3125,57.3125
15-02-2000,58.16666793823242,58.29166793823242,5763600,63.41666793823242,61.41666793823242,61.41666793823242
16-02-2000,60.66666793823242,63.125,3727500,66.0,62.375,62.375
17-02-2000,60.875,63.375,4991700,65.08333587646484,63.33333206176758,63.33333206176758
18-02-2000,64.66666412353516,65.66666412353516,2969400,66.66666412353516,66.0625,66.0625
22-02-2000,60.27083206176758,66.14583587646484,4871700,66.41666412353516,63.66666793823242,63.66666793823242
23-02-2000,61.625,64.0,1978800,66.64583587646484,65.34896087646484,65.34896087646484
24-02-2000,62.66666793823242,66.66666412353516,1782000,66.66666412353516,63.66666793823242,63.66666793823242
25-02-2000,63.64583206176758,63.97916793823242,5036400,69.5,68.54166412353516,68.54166412353516
28-02-2000,63.16666793823242,68.0,3575400,69.1875,67.16666412353516,67.16666412353516
29-02-2000,66.33333587646484,67.58333587646484,2430600,68.33333587646484,67.97916412353516,67.97916412353516
01-03-2000,67.83333587646484,68.33333587646484,2786700,72.66666412353516,70.58333587646484,70.58333587646484
02-03-2000,70.91666412353516,72.66666412353516,2964300,75.453125,73.5,73.5
03-03-2000,72.66666412353516,74.04166412353516,1617900,79.0,76.58333587646484,76.58333587646484
06-03-2000,76.66666412353516,78.66666412353516,2409000,82.58333587646484,78.83333587646484,78.83333587646484
07-03-2000,80.66666412353516,80.66666412353516,3718800,86.33333587646484,84.35416412353516,84.35416412353516
08-03-2000,86.0,91.375,4969500,96.0,90.5,90.5
09-03-2000,89.625,92.0,2378700,92.20833587646484,90.125,90.125
10-03-2000,88.125,90.77083587646484,2111400,98.33333587646484,93.29166412353516,93.29166412353516
13-03-2000,88.33333587646484,92.33333587646484,2025900,92.74478912353516,89.39583587646484,89.39583587646484
14-03-2000,76.33333587646484,89.6875,4713600,92.16666412353516,82.29166412353516,82.29166412353516
15-03-2000,68.0,80.5,7469100,80.70833587646484,69.5625,69.5625
16-03-2000,63.0,70.625,10577400,73.33333587646484,73.04166412353516,73.04166412353516
17-03-2000,74.33333587646484,77.04166412353516,4846200,80.66666412353516,78.5,78.5
20-03-2000,66.0,82.91666412353516,7385100,83.33333587646484,66.10416412353516,66.10416412353516
21-03-2000,63.33333206176758,67.33333587646484,6760800,75.33333587646484,74.5,74.5
22-03-2000,70.0,75.79166412353516,3104100,76.10416412353516,72.52083587646484,72.52083587646484
23-03-2000,71.25,72.79166412353516,1580700,76.0,73.0,73.0
24-03-2000,70.375,71.33333587646484,3246600,77.0,72.83333587646484,72.83333587646484
27-03-2000,68.20833587646484,74.52083587646484,2771400,74.66666412353516,68.3125,68.3125
28-03-2000,65.54166412353516,69.6875,3225000,72.66666412353516,66.08333587646484,66.08333587646484
29-03-2000,51.66666793823242,67.0,8280300,67.33333587646484,52.5,52.5
30-03-2000,51.83333206176758,52.75,11266800,59.33333206176758,56.5,56.5
31-03-2000,55.25,60.25,8682300,61.83333206176758,57.02083206176758,57.02083206176758
03-04-2000,43.66666793823242,56.66666793823242,8285400,56.66666793823242,44.95833206176758,44.95833206176758
04-04-2000,38.64583206176758,47.33333206176758,13183200,53.66666793823242,53.453125,53.453125
05-04-2000,48.66666793823242,48.66666793823242,9561300,57.125,52.83333206176758,52.83333206176758
06-04-2000,55.0,55.41666793823242,4062900,59.16666793823242,58.91666793823242,58.91666793823242
07-04-2000,60.66666793823242,61.33333206176758,4791600,65.58333587646484,65.49478912353516,65.49478912353516
10-04-2000,58.5,65.79166412353516,4652100,66.66666412353516,60.14583206176758,60.14583206176758
11-04-2000,55.0,56.97916793823242,6350700,59.66666793823242,56.5,56.5
12-04-2000,53.5,58.64583206176758,11100900,62.33333206176758,55.85416793823242,55.85416793823242
13-04-2000,53.66666793823242,57.375,7910700,60.33333206176758,55.66666793823242,55.66666793823242
14-04-2000,47.58333206176758,53.33333206176758,8379600,55.45833206176758,49.875,49.875
17-04-2000,42.875,44.16666793823242,8718900,50.70833206176758,50.66666793823242,50.66666793823242
18-04-2000,51.0,51.5,6899100,58.66666793823242,57.99479293823242,57.99479293823242
19-04-2000,53.33333206176758,58.33854293823242,5450400,61.0,53.66666793823242,53.66666793823242
20-04-2000,52.66666793823242,55.54166793823242,2862600,55.58333206176758,53.89583206176758,53.89583206176758
24-04-2000,44.91666793823242,50.33333206176758,3615300,53.03645706176758,47.97916793823242,47.97916793823242
25-04-2000,50.0,50.0,6313500,57.5,57.0,57.0
26-04-2000,55.66666793823242,59.33333206176758,6194700,61.66666793823242,57.0,57.0
27-04-2000,51.5,51.59375,5722800,60.66666793823242,59.66666793823242,59.66666793823242
28-04-2000,57.58333206176758,60.89583206176758,2589300,61.5,57.66666793823242,57.66666793823242
01-05-2000,57.85416793823242,59.75,3603300,61.14583206176758,60.41666793823242,60.41666793823242
02-05-2000,58.58333206176758,59.0,4249200,63.11979293823242,60.85416793823242,60.85416793823242
03-05-2000,54.70833206176758,59.66666793823242,7763400,60.58333206176758,58.47916793823242,58.47916793823242
04-05-2000,58.29166793823242,58.625,5170800,63.875,62.875,62.875
05-05-2000,60.66666793823242,61.45833206176758,3108600,63.33333206176758,62.3125,62.3125
08-05-2000,58.5,59.83333206176758,1576200,61.66666793823242,58.546875,58.546875
09-05-2000,53.0,58.9375,4469400,58.9375,53.39583206176758,53.39583206176758
10-05-2000,48.41666793823242,52.04166793823242,5412000,54.0,51.25,51.25
11-05-2000,52.33333206176758,52.66666793823242,4093800,56.8125,55.02083206176758,55.02083206176758
12-05-2000,54.45833206176758,56.66666793823242,2796600,57.25,54.5,54.5
15-05-2000,52.47916793823242,53.83333206176758,2802300,58.16666793823242,57.70833206176758,57.70833206176758
16-05-2000,58.0,58.16666793823242,3555000,61.64583206176758,59.29166793823242,59.29166793823242
17-05-2000,57.33333206176758,57.54166793823242,2403000,61.66666793823242,60.91666793823242,60.91666793823242
18-05-2000,57.66666793823242,60.83333206176758,3294600,62.5,57.6875,57.6875
19-05-2000,53.66666793823242,57.08333206176758,4197300,57.5,53.79166793823242,53.79166793823242
22-05-2000,48.35416793823242,53.5,6600300,55.16666793823242,54.29166793823242,54.29166793823242
23-05-2000,51.33333206176758,53.83333206176758,3479400,55.95833206176758,51.5,51.5
24-05-2000,48.66666793823242,50.25,7706400,52.66666793823242,51.20833206176758,51.20833206176758
25-05-2000,51.89583206176758,52.0,7662000,55.83333206176758,53.41666793823242,53.41666793823242
26-05-2000,51.77083206176758,53.17708206176758,2295900,55.0,54.16666793823242,54.16666793823242
30-05-2000,55.25,55.33333206176758,5767800,62.95833206176758,62.91666793823242,62.91666793823242
31-05-2000,60.33333206176758,61.33333206176758,7485900,65.04166412353516,62.625,62.625
01-06-2000,63.5625,63.66666793823242,4043400,66.85416412353516,65.58333587646484,65.58333587646484
02-06-2000,69.25,69.41666412353516,9346500,78.66666412353516,77.20833587646484,77.20833587646484
05-06-2000,71.171875,74.58333587646484,6272100,76.5,72.0,72.0
06-06-2000,67.08333587646484,73.66666412353516,4941300,73.75,68.64583587646484,68.64583587646484
07-06-2000,66.91146087646484,67.0,6503700,75.16666412353516,73.66666412353516,73.66666412353516
08-06-2000,72.33333587646484,75.16666412353516,5635800,76.33333587646484,75.41666412353516,75.41666412353516
09-06-2000,74.0,77.20833587646484,2863800,78.58333587646484,75.16666412353516,75.16666412353516
12-06-2000,69.79166412353516,74.70833587646484,2999400,75.41666412353516,70.0625,70.0625
13-06-2000,69.125,69.91666412353516,4922700,76.58333587646484,76.203125,76.203125
14-06-2000,71.45833587646484,75.75,3971700,76.91666412353516,72.45833587646484,72.45833587646484
15-06-2000,68.58333587646484,72.3125,4013100,73.0,70.33333587646484,70.33333587646484
16-06-2000,70.58333587646484,73.10416412353516,1899300,73.10416412353516,71.25,71.25
19-06-2000,68.39583587646484,70.95833587646484,4038300,76.5,75.625,75.625
20-06-2000,72.125,75.58333587646484,4379100,78.41666412353516,73.58333587646484,73.58333587646484
21-06-2000,71.91666412353516,72.41666412353516,3411900,76.66666412353516,76.0,76.0
22-06-2000,72.0,77.10416412353516,8635800,81.83333587646484,72.3125,72.3125
23-06-2000,70.0,73.16666412353516,6788100,74.3125,71.20833587646484,71.20833587646484
26-06-2000,69.33333587646484,71.1875,5061000,73.16666412353516,72.89583587646484,72.89583587646484
27-06-2000,72.3125,73.58333587646484,3295200,75.5,73.22916412353516,73.22916412353516
28-06-2000,71.0,73.33333587646484,3251100,76.25,71.92708587646484,71.92708587646484
29-06-2000,68.41666412353516,70.45833587646484,4187400,72.60416412353516,70.02083587646484,70.02083587646484
30-06-2000,69.83333587646484,72.60416412353516,6618600,75.66666412353516,70.58333587646484,70.58333587646484
03-07-2000,70.66666412353516,70.6875,2402100,73.58333587646484,73.54166412353516,73.54166412353516
05-07-2000,70.0,72.66666412353516,3462600,73.125,70.1875,70.1875
06-07-2000,68.41666412353516,71.05208587646484,3228600,72.33333587646484,72.0,72.0
07-07-2000,70.70833587646484,72.3125,4317600,75.41666412353516,75.0,75.0
10-07-2000,73.08333587646484,75.04166412353516,3036900,75.58333587646484,73.54166412353516,73.54166412353516
11-07-2000,70.75,73.5,2683500,75.16666412353516,71.45833587646484,71.45833587646484
12-07-2000,72.45833587646484,72.97916412353516,5346900,78.1875,77.22916412353516,77.22916412353516
13-07-2000,75.77083587646484,78.64583587646484,5426700,79.95833587646484,78.3125,78.3125
14-07-2000,76.60416412353516,79.54166412353516,2662800,79.875,78.08333587646484,78.08333587646484
17-07-2000,77.70833587646484,77.91666412353516,10295400,88.0625,86.9375,86.9375
18-07-2000,81.33333587646484,85.125,9983700,88.0,83.52083587646484,83.52083587646484
19-07-2000,72.20833587646484,82.54166412353516,13686000,83.33333587646484,74.95833587646484,74.95833587646484
20-07-2000,78.54166412353516,79.45833587646484,10450800,83.5,81.08333587646484,81.08333587646484
21-07-2000,78.9375,81.0,5381700,84.29166412353516,83.66666412353516,83.66666412353516
24-07-2000,79.16666412353516,83.35416412353516,5549400,86.20833587646484,80.0,80.0
25-07-2000,75.66666412353516,80.3125,4702500,80.33333587646484,78.25,78.25
26-07-2000,74.0,79.125,3779700,81.45833587646484,81.16666412353516,81.16666412353516
27-07-2000,78.0,80.5,2466150,81.625,79.79166412353516,79.79166412353516
28-07-2000,69.91666412353516,78.0,3710850,78.75,71.58333587646484,71.58333587646484
31-07-2000,72.25,74.75,4479900,78.66666412353516,77.33333587646484,77.33333587646484
01-08-2000,72.5,76.95833587646484,2450850,77.29166412353516,73.20833587646484,73.20833587646484
02-08-2000,70.58333587646484,71.95833587646484,4566000,78.0,75.45833587646484,75.45833587646484
03-08-2000,71.0,71.91666412353516,3878250,76.0,75.08333587646484,75.08333587646484
04-08-2000,76.0,77.40625,2839950,80.0,79.66666412353516,79.66666412353516
07-08-2000,79.125,79.91666412353516,3206100,84.91666412353516,83.95833587646484,83.95833587646484
08-08-2000,82.66666412353516,83.0,3704100,88.5,86.54166412353516,86.54166412353516
09-08-2000,84.75,88.33333587646484,3785550,90.91666412353516,85.875,85.875
10-08-2000,81.25,85.41666412353516,1824450,86.33333587646484,83.29166412353516,83.29166412353516
11-08-2000,78.83333587646484,81.33333587646484,2776950,82.0,79.83333587646484,79.83333587646484
14-08-2000,79.33333587646484,80.5,2842800,83.5,82.625,82.625
15-08-2000,81.16666412353516,82.66666412353516,1915500,83.20833587646484,82.16666412353516,82.16666412353516
16-08-2000,81.625,82.375,3387000,86.625,83.25,83.25
17-08-2000,81.08333587646484,81.375,3654450,85.5,85.5,85.5
18-08-2000,84.29166412353516,86.625,2725950,86.66666412353516,85.25,85.25
21-08-2000,85.83333587646484,87.0,2204550,87.58333587646484,86.58333587646484,86.58333587646484
22-08-2000,86.08333587646484,87.75,2481300,89.5,86.625,86.625
23-08-2000,85.33333587646484,85.375,1798500,88.0,87.70833587646484,87.70833587646484
24-08-2000,85.66666412353516,88.16666412353516,1685850,90.0,89.16666412353516,89.16666412353516
25-08-2000,87.5,89.20833587646484,1143300,89.25,88.25,88.25
28-08-2000,88.08333587646484,88.125,2532300,91.58333587646484,91.41666412353516,91.41666412353516
29-08-2000,90.58333587646484,90.875,3299550,96.79166412353516,96.75,96.75
30-08-2000,93.54166412353516,95.91666412353516,2452800,96.33333587646484,95.08333587646484,95.08333587646484
31-08-2000,95.5,96.29166412353516,3350850,99.75,97.20833587646484,97.20833587646484
01-09-2000,97.25,99.83333587646484,1199400,99.83333587646484,99.625,99.625
05-09-2000,99.95833587646484,100.16666412353516,3032100,105.66666412353516,103.0,103.0
06-09-2000,93.83333587646484,103.04166412353516,3087600,103.33333587646484,97.34375,97.34375
07-09-2000,94.66666412353516,96.875,3937650,102.33333587646484,102.125,102.125
08-09-2000,97.33333587646484,101.875,1855500,103.0,97.5,97.5
11-09-2000,90.33333587646484,97.16666412353516,3903750,99.66666412353516,92.04166412353516,92.04166412353516
12-09-2000,92.66666412353516,94.08333587646484,4848450,98.33333587646484,93.83333587646484,93.83333587646484
13-09-2000,90.70833587646484,91.20833587646484,4125150,101.75,101.25,101.25
14-09-2000,100.83333587646484,102.5,3148350,106.66666412353516,102.625,102.625
15-09-2000,99.58333587646484,104.08333587646484,2438850,104.08333587646484,100.83333587646484,100.83333587646484
18-09-2000,98.83333587646484,100.66666412353516,2307450,103.58333587646484,100.16666412353516,100.16666412353516
19-09-2000,98.45833587646484,100.70833587646484,2602800,104.66666412353516,104.16666412353516,104.16666412353516
20-09-2000,101.5,105.54166412353516,3870450,108.91666412353516,106.83333587646484,106.83333587646484
21-09-2000,100.45833587646484,106.83333587646484,3537000,106.95833587646484,100.70833587646484,100.70833587646484
22-09-2000,95.33333587646484,96.04166412353516,6351150,101.83333587646484,101.625,101.625
25-09-2000,100.91666412353516,105.16666412353516,4126050,105.16666412353516,101.70833587646484,101.70833587646484
26-09-2000,97.66666412353516,101.58333587646484,3617100,101.95833587646484,99.5,99.5
27-09-2000,94.17708587646484,101.125,3150750,101.20833587646484,95.875,95.875
28-09-2000,94.04166412353516,94.29166412353516,4055700,102.75,102.16666412353516,102.16666412353516
29-09-2000,99.04166412353516,101.16666412353516,3856350,108.41666412353516,105.0,105.0
02-10-2000,104.33333587646484,107.58333587646484,7191300,113.8125,112.33333587646484,112.33333587646484
03-10-2000,101.33333587646484,112.83333587646484,5348850,114.0,103.91666412353516,103.91666412353516
04-10-2000,95.875,101.73958587646484,5872500,103.625,102.82291412353516,102.82291412353516
05-10-2000,102.5,103.16666412353516,3276000,108.75,106.25,106.25
06-10-2000,100.5,106.5,2565150,106.5,105.20833587646484,105.20833587646484
09-10-2000,100.16666412353516,103.66666412353516,2675850,109.83333587646484,107.16666412353516,107.16666412353516
10-10-2000,101.0,105.70833587646484,2454900,108.29166412353516,102.83333587646484,102.83333587646484
11-10-2000,93.625,99.33333587646484,5747400,100.95833587646484,98.5,98.5
12-10-2000,86.0,100.0,7892850,100.08333587646484,87.375,87.375
13-10-2000,80.0,83.66666412353516,7029000,94.91666412353516,93.33333587646484,93.33333587646484
16-10-2000,93.91666412353516,95.41666412353516,4498200,101.58333587646484,96.08333587646484,96.08333587646484
17-10-2000,94.75,99.29166412353516,4298700,104.5,97.95833587646484,97.95833587646484
18-10-2000,93.33333587646484,95.16666412353516,11922900,112.66666412353516,109.91666412353516,109.91666412353516
19-10-2000,112.25,113.16666412353516,6506100,116.33333587646484,113.16666412353516,113.16666412353516
20-10-2000,109.5,112.33333587646484,3924900,114.5,113.33333587646484,113.33333587646484
23-10-2000,108.33333587646484,111.66666412353516,2944800,114.33333587646484,112.91666412353516,112.91666412353516
24-10-2000,110.70833587646484,112.91666412353516,3117300,115.25,112.91666412353516,112.91666412353516
25-10-2000,105.25,111.5,6668250,118.58333587646484,107.125,107.125
26-10-2000,91.91666412353516,107.91666412353516,6793350,108.0,97.91666412353516,97.91666412353516
27-10-2000,99.83333587646484,101.33333587646484,3004500,106.66666412353516,104.625,104.625
30-10-2000,96.33333587646484,103.95833587646484,3307650,105.91666412353516,96.33333587646484,96.33333587646484
31-10-2000,95.33333587646484,96.5,4174650,106.66666412353516,105.58333587646484,105.58333587646484
01-11-2000,99.70833587646484,103.08333587646484,3485100,107.33333587646484,101.875,101.875
02-11-2000,102.375,102.5,2247300,106.16666412353516,102.83333587646484,102.83333587646484
03-11-2000,99.16666412353516,105.20833587646484,3275850,105.66666412353516,103.125,103.125
06-11-2000,102.75,103.54166412353516,3595200,110.0,109.66666412353516,109.66666412353516
07-11-2000,108.875,108.91666412353516,4751250,114.90625,112.5,112.5
08-11-2000,106.33333587646484,113.79166412353516,2549400,115.25,106.54166412353516,106.54166412353516
09-11-2000,97.0,102.16666412353516,5071500,104.66666412353516,103.66666412353516,103.66666412353516
10-11-2000,92.66666412353516,100.04166412353516,2866200,104.5,93.54166412353516,93.54166412353516
13-11-2000,81.66666412353516,88.75,10054050,93.0,91.16666412353516,91.16666412353516
14-11-2000,90.70833587646484,95.29166412353516,5379000,98.66666412353516,91.79166412353516,91.79166412353516
15-11-2000,87.0,92.33333587646484,4787100,96.16666412353516,93.875,93.875
16-11-2000,88.16666412353516,91.875,3362850,94.0,88.25,88.25
17-11-2000,84.41666412353516,89.58333587646484,3909900,91.625,90.66666412353516,90.66666412353516
20-11-2000,74.83333587646484,86.33333587646484,6062400,87.5,75.0,75.0
21-11-2000,76.79166412353516,76.83333587646484,6254100,83.82291412353516,82.16666412353516,82.16666412353516
22-11-2000,69.16666412353516,79.95833587646484,7725900,81.875,69.625,69.625
24-11-2000,73.83333587646484,75.29166412353516,2950050,77.75,77.75,77.75
27-11-2000,80.0,82.0,5684700,86.5,82.54166412353516,82.54166412353516
28-11-2000,73.0,81.91666412353516,6759150,84.58333587646484,73.33333587646484,73.33333587646484
29-11-2000,60.66666793823242,76.66666412353516,11994450,76.70833587646484,68.66666412353516,68.66666412353516
30-11-2000,63.66666793823242,63.66666793823242,12400050,69.16666412353516,68.41666412353516,68.41666412353516
01-12-2000,67.0,70.25,9356850,75.5,69.875,69.875
04-12-2000,66.25,70.875,6428550,74.91666412353516,73.125,73.125
05-12-2000,76.04166412353516,76.33333587646484,10000200,89.54166412353516,88.61458587646484,88.61458587646484
06-12-2000,87.33333587646484,88.66666412353516,10110600,97.66666412353516,92.83333587646484,92.83333587646484
07-12-2000,87.0,88.625,5338050,96.33333587646484,91.95833587646484,91.95833587646484
08-12-2000,98.33333587646484,100.0,8169000,106.0,105.91666412353516,105.91666412353516
11-12-2000,101.54166412353516,107.58333587646484,8353200,112.83333587646484,102.95833587646484,102.95833587646484
12-12-2000,93.83333587646484,101.625,7357200,101.66666412353516,96.0,96.0
13-12-2000,93.66666412353516,100.58333587646484,6667950,101.33333587646484,96.0,96.0
14-12-2000,85.33333587646484,95.33333587646484,9010050,95.375,91.04166412353516,91.04166412353516
15-12-2000,86.33333587646484,88.875,20950050,104.20833587646484,93.04166412353516,93.04166412353516
18-12-2000,93.0,96.16666412353516,6420900,100.20833587646484,98.54166412353516,98.54166412353516
19-12-2000,86.04166412353516,96.54166412353516,7573050,100.08333587646484,86.20833587646484,86.20833587646484
20-12-2000,77.33333587646484,81.83333587646484,9787350,86.08333587646484,81.625,81.625
21-12-2000,75.0,80.0,8596200,84.90625,78.20833587646484,78.20833587646484
22-12-2000,80.625,81.66666412353516,7571250,96.16666412353516,95.29166412353516,95.29166412353516
26-12-2000,89.25,92.41666412353516,4266600,94.29166412353516,93.79166412353516,93.79166412353516
27-12-2000,88.70833587646484,89.20833587646484,5778450,92.33333587646484,90.08333587646484,90.08333587646484
28-12-2000,88.83333587646484,89.66666412353516,5173350,94.95833587646484,93.375,93.375
29-12-2000,86.66666412353516,94.20833587646484,5032800,96.33333587646484,89.04166412353516,89.04166412353516
02-01-2001,69.83333587646484,88.54166412353516,17656350,88.54166412353516,73.66666412353516,73.66666412353516
03-01-2001,70.66666412353516,71.25,17694900,95.875,95.75,95.75
04-01-2001,88.66666412353516,92.25,10921650,97.5,91.04166412353516,91.04166412353516
05-01-2001,76.33333587646484,89.75,12583950,90.45833587646484,77.625,77.625
08-01-2001,66.66666412353516,76.33333587646484,14743050,77.58333587646484,73.83333587646484,73.83333587646484
09-01-2001,73.5,75.04166412353516,9204750,79.66666412353516,76.33333587646484,76.33333587646484
10-01-2001,74.20833587646484,74.66666412353516,12237900,82.91666412353516,81.79166412353516,81.79166412353516
11-01-2001,79.33333587646484,79.5,8751900,85.33333587646484,82.91666412353516,82.91666412353516
12-01-2001,80.08333587646484,82.08333587646484,7404900,87.23958587646484,82.66666412353516,82.66666412353516
16-01-2001,78.20833587646484,84.58333587646484,7974450,85.0,80.375,80.375
17-01-2001,83.83333587646484,86.58333587646484,10838400,89.16666412353516,84.375,84.375
18-01-2001,85.375,89.58333587646484,20401200,96.20833587646484,92.125,92.125
19-01-2001,94.0,96.89583587646484,11092200,100.16666412353516,99.875,99.875
22-01-2001,96.0,98.41666412353516,7658850,100.16666412353516,99.25,99.25
23-01-2001,97.45833587646484,97.97916412353516,7834050,106.0,102.625,102.625
24-01-2001,98.0,103.125,9185400,106.66666412353516,99.875,99.875
25-01-2001,94.33333587646484,99.25,7533300,101.33333587646484,95.625,95.625
26-01-2001,93.91666412353516,94.0,7424250,103.58333587646484,103.29166412353516,103.29166412353516
29-01-2001,99.875,101.375,8991150,110.70833587646484,110.29166412353516,110.29166412353516
30-01-2001,108.33333587646484,110.16666412353516,7938750,113.33333587646484,110.58333587646484,110.58333587646484
31-01-2001,99.41666412353516,109.95833587646484,10415700,111.33333587646484,101.66666412353516,101.66666412353516
01-02-2001,99.70833587646484,101.375,7110450,105.45833587646484,104.125,104.125
02-02-2001,94.08333587646484,103.83333587646484,8595150,104.75,94.75,94.75
05-02-2001,92.08333587646484,94.25,6580350,98.33333587646484,97.70833587646484,97.70833587646484
06-02-2001,94.83333587646484,96.83333587646484,6312150,101.45833587646484,98.41666412353516,98.41666412353516
07-02-2001,92.66666412353516,96.33333587646484,8477850,98.83333587646484,97.70833587646484,97.70833587646484
08-02-2001,91.125,99.16666412353516,9620850,99.33333587646484,92.875,92.875
09-02-2001,85.0,91.70833587646484,10494450,92.875,86.29166412353516,86.29166412353516
12-02-2001,80.0,84.5,10683000,88.5,83.66666412353516,83.66666412353516
13-02-2001,82.0,86.4375,6425700,90.625,82.125,82.125
14-02-2001,79.5625,83.9375,8877600,90.5,90.1875,90.1875
15-02-2001,93.75,94.0,7028600,98.375,95.0625,95.0625
16-02-2001,87.5,88.25,6728200,92.875,90.1875,90.1875
20-02-2001,87.0,91.3125,6164600,91.9375,89.625,89.625
21-02-2001,81.5,87.421875,9675700,91.0,84.1875,84.1875
22-02-2001,68.25,82.9375,26325900,83.125,73.75,73.75
23-02-2001,69.75,72.8125,13852700,79.5625,79.5,79.5
26-02-2001,76.25,80.5625,8051100,82.1875,80.875,80.875
27-02-2001,73.125,79.8125,7969200,80.125,73.5,73.5
28-02-2001,63.4375,72.5,18169800,76.0,64.125,64.125
01-03-2001,59.0,63.3125,15783500,71.9375,71.3125,71.3125
02-03-2001,63.5,65.0,19747400,73.0,64.0,64.0
05-03-2001,57.5,66.25,16291000,68.5,59.875,59.875
06-03-2001,63.875,64.625,16705800,69.125,65.75,65.75
07-03-2001,67.5625,68.75,12585600,72.0,70.0,70.0
08-03-2001,65.5,69.625,9619100,70.0,66.25,66.25
09-03-2001,64.125,64.1875,16784800,68.75,66.75,66.75
12-03-2001,61.25,63.1875,19487900,67.625,64.4375,64.4375
13-03-2001,64.875,65.6875,13385700,70.5,70.0625,70.0625
14-03-2001,66.3125,66.75,15359600,72.8125,68.75,68.75
15-03-2001,63.0625,72.5,14867800,73.3125,63.1875,63.1875
16-03-2001,57.0,62.5625,22161100,62.9375,57.75,57.75
19-03-2001,51.125,57.75,23023300,58.5,56.4375,56.4375
20-03-2001,51.3125,57.3125,17923000,59.75,51.4375,51.4375
21-03-2001,51.75,51.8125,15516000,56.15625,53.3125,53.3125
22-03-2001,51.5,54.5625,18496300,57.375,56.0,56.0
23-03-2001,55.625,59.0625,10942100,59.375,56.25,56.25
26-03-2001,53.875,57.875,9828400,59.125,54.5,54.5
27-03-2001,52.5,54.0625,13205300,58.25,58.0625,58.0625
28-03-2001,50.09375,56.25,17688800,56.75,50.5,50.5
29-03-2001,42.5625,48.625,22841700,49.5,45.3125,45.3125
30-03-2001,45.625,45.8125,15684700,49.6875,47.5,47.5
02-04-2001,45.8125,46.8125,11221500,50.0,46.875,46.875
03-04-2001,39.5,44.25,21208900,44.625,41.375,41.375
04-04-2001,40.5625,40.625,13906900,44.9375,42.578125,42.578125
05-04-2001,45.9375,46.375,12451300,49.625,48.6875,48.6875
06-04-2001,44.5625,47.25,16489900,47.5625,47.25,47.25
09-04-2001,48.0,48.400001525878906,11070700,52.29999923706055,52.06999969482422,52.06999969482422
10-04-2001,53.630001068115234,54.36000061035156,18552700,60.439998626708984,57.59000015258789,57.59000015258789
11-04-2001,60.31999969482422,62.27000045776367,17782300,66.25,61.7599983215332,61.7599983215332
12-04-2001,59.65999984741211,59.70000076293945,11177800,64.0,63.47999954223633,63.47999954223633
16-04-2001,61.0,62.2400016784668,10936200,66.19999694824219,62.11000061035156,62.11000061035156
17-04-2001,60.75,61.189998626708984,11965100,65.11000061035156,64.83000183105469,64.83000183105469
18-04-2001,66.4000015258789,68.79000091552734,18639900,74.45999908447266,71.0,71.0
19-04-2001,70.26000213623047,71.87999725341797,19183600,80.16000366210938,80.01000213623047,80.01000213623047
20-04-2001,74.30999755859375,78.56999969482422,13972600,79.80000305175781,75.0999984741211,75.0999984741211
23-04-2001,69.25,73.16999816894531,12743600,74.2300033569336,72.38999938964844,72.38999938964844
24-04-2001,61.04999923706055,65.0,37130100,67.5,62.0,62.0
25-04-2001,60.25,61.689998626708984,14747900,65.12999725341797,64.29000091552734,64.29000091552734
26-04-2001,60.5,65.25,11797500,66.69999694824219,60.79999923706055,60.79999923706055
27-04-2001,60.0,64.05000305175781,9240100,65.19999694824219,62.959999084472656,62.959999084472656
30-04-2001,61.599998474121094,64.54000091552734,10595100,66.23999786376953,62.72999954223633,62.72999954223633
01-05-2001,59.290000915527344,63.560001373291016,11311600,65.5999984741211,65.5,65.5
02-05-2001,66.97000122070312,67.2300033569336,13614300,71.25,69.63999938964844,69.63999938964844
03-05-2001,65.5999984741211,67.98999786376953,7935200,69.73999786376953,67.08000183105469,67.08000183105469
04-05-2001,62.970001220703125,64.04000091552734,10480100,68.23999786376953,66.83999633789062,66.83999633789062
07-05-2001,63.70000076293945,66.5,5743200,68.51000213623047,63.900001525878906,63.900001525878906
08-05-2001,65.0,66.5,10698200,68.08000183105469,67.70999908447266,67.70999908447266
09-05-2001,63.75,65.1500015258789,10531700,66.83999633789062,63.91999816894531,63.91999816894531
10-05-2001,60.0,66.25,11019300,66.25,60.40999984741211,60.40999984741211
11-05-2001,56.79999923706055,60.709999084472656,10337700,61.04999923706055,57.18000030517578,57.18000030517578
14-05-2001,54.779998779296875,57.0099983215332,8283500,57.29999923706055,56.0,56.0
15-05-2001,54.70000076293945,56.08000183105469,11409300,58.20000076293945,54.90999984741211,54.90999984741211
16-05-2001,49.45000076293945,49.75,31278100,55.5,54.189998626708984,54.189998626708984
17-05-2001,55.599998474121094,55.630001068115234,15131100,59.45000076293945,57.02000045776367,57.02000045776367
18-05-2001,55.0,56.08000183105469,9766500,59.0,56.189998626708984,56.189998626708984
21-05-2001,56.439998626708984,56.63999938964844,15486100,63.650001525878906,63.56999969482422,63.56999969482422
22-05-2001,62.72999954223633,63.2599983215332,11475500,65.5999984741211,64.86000061035156,64.86000061035156
23-05-2001,60.459999084472656,63.79999923706055,8034300,64.0,60.54999923706055,60.54999923706055
24-05-2001,60.349998474121094,61.099998474121094,6843600,62.81999969482422,62.810001373291016,62.810001373291016
25-05-2001,60.5,62.880001068115234,3970700,63.36000061035156,61.29999923706055,61.29999923706055
29-05-2001,57.43000030517578,62.18000030517578,7829600,62.27000045776367,58.380001068115234,58.380001068115234
30-05-2001,53.79999923706055,55.529998779296875,8544600,56.459999084472656,54.40999984741211,54.40999984741211
31-05-2001,52.849998474121094,55.16999816894531,9922300,55.849998474121094,53.86000061035156,53.86000061035156
01-06-2001,53.40999984741211,54.689998626708984,5567300,56.0,55.16999816894531,55.16999816894531
04-06-2001,48.33000183105469,55.25,26830500,55.369998931884766,49.290000915527344,49.290000915527344
05-06-2001,46.369998931884766,50.20000076293945,22265800,51.900001525878906,47.790000915527344,47.790000915527344
06-06-2001,47.95000076293945,48.5,17934700,50.630001068115234,49.189998626708984,49.189998626708984
07-06-2001,49.33000183105469,50.900001525878906,11569900,51.790000915527344,51.63999938964844,51.63999938964844
08-06-2001,49.2599983215332,51.849998474121094,8880200,51.900001525878906,49.9900016784668,49.9900016784668
11-06-2001,44.970001220703125,50.16999816894531,12433000,50.279998779296875,45.720001220703125,45.720001220703125
12-06-2001,42.20000076293945,44.54999923706055,12346300,47.540000915527344,46.900001525878906,46.900001525878906
13-06-2001,42.9900016784668,47.5,11587100,47.720001220703125,43.119998931884766,43.119998931884766
14-06-2001,41.70000076293945,42.86000061035156,16127000,44.150001525878906,43.95000076293945,43.95000076293945
15-06-2001,42.84000015258789,42.849998474121094,16759100,45.75,44.400001525878906,44.400001525878906
18-06-2001,42.630001068115234,44.95000076293945,7293800,45.849998474121094,43.040000915527344,43.040000915527344
19-06-2001,44.369998931884766,45.439998626708984,11472800,46.95000076293945,45.2400016784668,45.2400016784668
20-06-2001,44.65999984741211,44.849998474121094,11948500,49.25,49.06999969482422,49.06999969482422
21-06-2001,46.849998474121094,48.68000030517578,11327000,50.20000076293945,48.56999969482422,48.56999969482422
22-06-2001,47.34000015258789,47.34000015258789,7918200,49.84000015258789,48.790000915527344,48.790000915527344
25-06-2001,46.599998474121094,49.04999923706055,5237600,49.18000030517578,48.529998779296875,48.529998779296875
26-06-2001,47.08000183105469,47.29999923706055,8745000,51.90999984741211,51.369998931884766,51.369998931884766
27-06-2001,50.2400016784668,52.45000076293945,12657300,53.65999984741211,52.70000076293945,52.70000076293945
28-06-2001,48.900001525878906,53.939998626708984,11365000,54.2400016784668,49.599998474121094,49.599998474121094
29-06-2001,48.869998931884766,50.0,6066100,52.290000915527344,50.56999969482422,50.56999969482422
02-07-2001,50.25,50.849998474121094,7073400,52.70000076293945,50.95000076293945,50.95000076293945
03-07-2001,44.5,47.5,16924000,47.5,44.54999923706055,44.54999923706055
05-07-2001,44.79999923706055,45.11000061035156,10171300,46.25,44.95000076293945,44.95000076293945
06-07-2001,42.68000030517578,44.29999923706055,6553500,44.400001525878906,43.349998474121094,43.349998474121094
09-07-2001,43.34000015258789,43.709999084472656,6167600,45.119998931884766,45.04999923706055,45.04999923706055
10-07-2001,42.5,46.20000076293945,7663500,46.5,42.599998474121094,42.599998474121094
11-07-2001,39.0,42.5,12532700,42.5,39.45000076293945,39.45000076293945
12-07-2001,42.02000045776367,42.31999969482422,8855100,45.20000076293945,45.040000915527344,45.040000915527344
13-07-2001,41.369998931884766,43.66999816894531,9373300,44.0,42.310001373291016,42.310001373291016
16-07-2001,40.06999969482422,41.900001525878906,4876500,43.56999969482422,40.2599983215332,40.2599983215332
17-07-2001,39.79999923706055,39.849998474121094,6095100,43.97999954223633,43.900001525878906,43.900001525878906
18-07-2001,39.880001068115234,41.689998626708984,9549300,43.0,40.09000015258789,40.09000015258789
19-07-2001,38.619998931884766,41.599998474121094,9062500,42.650001525878906,39.90999984741211,39.90999984741211
20-07-2001,35.0099983215332,38.61000061035156,12632200,39.5,35.41999816894531,35.41999816894531
23-07-2001,36.279998779296875,39.290000915527344,18759500,39.849998474121094,36.56999969482422,36.56999969482422
24-07-2001,35.939998626708984,36.20000076293945,10017300,38.959999084472656,37.869998931884766,37.869998931884766
25-07-2001,37.20000076293945,38.5,8462500,39.70000076293945,39.470001220703125,39.470001220703125
26-07-2001,38.93000030517578,39.2599983215332,9316600,42.970001220703125,41.790000915527344,41.790000915527344
27-07-2001,41.5,42.040000915527344,8567100,45.04999923706055,44.439998626708984,44.439998626708984
30-07-2001,42.400001525878906,45.11000061035156,6675100,45.29999923706055,42.5099983215332,42.5099983215332
31-07-2001,43.5,43.5,7870500,45.900001525878906,44.2400016784668,44.2400016784668
01-08-2001,44.400001525878906,45.43000030517578,7064100,46.08000183105469,45.4900016784668,45.4900016784668
02-08-2001,44.29999923706055,46.20000076293945,6574500,46.849998474121094,45.77000045776367,45.77000045776367
03-08-2001,43.20000076293945,45.150001525878906,5723900,45.209999084472656,43.290000915527344,43.290000915527344
06-08-2001,42.29999923706055,43.400001525878906,4232100,44.0,42.939998626708984,42.939998626708984
07-08-2001,42.20000076293945,42.900001525878906,4218400,44.15999984741211,42.7599983215332,42.7599983215332
08-08-2001,38.900001525878906,42.34000015258789,12604200,42.34000015258789,39.70000076293945,39.70000076293945
09-08-2001,38.599998474121094,39.599998474121094,9658100,41.13999938964844,40.5099983215332,40.5099983215332
10-08-2001,38.709999084472656,39.720001220703125,6294300,40.349998474121094,39.20000076293945,39.20000076293945
13-08-2001,38.79999923706055,39.459999084472656,4743700,41.22999954223633,40.93000030517578,40.93000030517578
14-08-2001,39.79999923706055,41.349998474121094,4802300,42.099998474121094,40.15999984741211,40.15999984741211
15-08-2001,36.369998931884766,38.849998474121094,10666300,39.599998474121094,36.959999084472656,36.959999084472656
16-08-2001,35.75,36.290000915527344,8235100,38.439998626708984,38.13999938964844,38.13999938964844
17-08-2001,36.04999923706055,37.04999923706055,4905600,37.5099983215332,36.16999816894531,36.16999816894531
20-08-2001,35.900001525878906,36.400001525878906,5126400,37.650001525878906,36.04999923706055,36.04999923706055
21-08-2001,34.099998474121094,35.4900016784668,8973500,36.779998779296875,34.650001525878906,34.650001525878906
22-08-2001,33.369998931884766,35.599998474121094,8266000,35.70000076293945,34.459999084472656,34.459999084472656
23-08-2001,30.799999237060547,34.099998474121094,14109500,34.099998474121094,31.860000610351562,31.860000610351562
24-08-2001,31.90999984741211,32.540000915527344,9297300,33.9900016784668,33.880001068115234,33.880001068115234
27-08-2001,33.25,33.900001525878906,9360600,35.970001220703125,34.790000915527344,34.790000915527344
28-08-2001,33.04999923706055,35.04999923706055,8196200,35.939998626708984,33.2599983215332,33.2599983215332
29-08-2001,32.150001525878906,33.619998931884766,5567300,33.79999923706055,32.25,32.25
30-08-2001,31.25,31.450000762939453,6729000,32.68000030517578,31.31999969482422,31.31999969482422
31-08-2001,31.139999389648438,31.34000015258789,7076700,32.58000183105469,31.989999771118164,31.989999771118164
04-09-2001,29.56999969482422,31.950000762939453,7704100,33.29999923706055,30.0,30.0
05-09-2001,29.799999237060547,30.100000381469727,11128800,31.850000381469727,30.350000381469727,30.350000381469727
06-09-2001,29.510000228881836,29.75,9334000,30.799999237060547,30.079999923706055,30.079999923706055
07-09-2001,29.100000381469727,29.850000381469727,11085300,31.3799991607666,30.56999969482422,30.56999969482422
10-09-2001,30.0,30.309999465942383,11774400,33.22999954223633,32.9900016784668,32.9900016784668
17-09-2001,29.75,30.309999465942383,14727400,32.79999923706055,30.600000381469727,30.600000381469727
18-09-2001,28.299999237060547,30.940000534057617,14222900,31.739999771118164,29.239999771118164,29.239999771118164
19-09-2001,24.899999618530273,29.68000030517578,16123900,29.899999618530273,26.93000030517578,26.93000030517578
20-09-2001,25.280000686645508,25.729999542236328,7823800,26.600000381469727,25.40999984741211,25.40999984741211
21-09-2001,23.850000381469727,24.040000915527344,9310400,25.079999923706055,24.1200008392334,24.1200008392334
24-09-2001,24.75,25.459999084472656,10887000,26.049999237060547,25.25,25.25
25-09-2001,23.639999389648438,25.25,8964300,25.90999984741211,24.020000457763672,24.020000457763672
26-09-2001,21.600000381469727,24.25,9579600,24.299999237060547,21.65999984741211,21.65999984741211
27-09-2001,19.559999465942383,21.639999389648438,10990000,21.68000030517578,20.700000762939453,20.700000762939453
28-09-2001,20.75,21.229999542236328,11971300,22.299999237060547,22.020000457763672,22.020000457763672
01-10-2001,20.200000762939453,21.200000762939453,7691900,22.229999542236328,20.799999237060547,20.799999237060547
02-10-2001,20.700000762939453,21.0,9188400,23.0,22.850000381469727,22.850000381469727
03-10-2001,22.389999389648438,22.549999237060547,18855600,27.200000762939453,25.989999771118164,25.989999771118164
04-10-2001,27.0,27.59000015258789,21948100,28.989999771118164,27.100000381469727,27.100000381469727
05-10-2001,25.450000762939453,26.5,10139700,27.899999618530273,26.809999465942383,26.809999465942383
08-10-2001,25.549999237060547,25.639999389648438,6671200,28.290000915527344,27.40999984741211,27.40999984741211
09-10-2001,25.75,27.40999984741211,7164600,28.09000015258789,25.989999771118164,25.989999771118164
10-10-2001,25.700000762939453,25.899999618530273,6618200,27.360000610351562,26.979999542236328,26.979999542236328
11-10-2001,28.0,28.059999465942383,18871100,31.15999984741211,31.0,31.0
12-10-2001,29.350000381469727,30.100000381469727,10712600,31.25,30.950000762939453,30.950000762939453
15-10-2001,29.399999618530273,30.309999465942383,6001200,30.649999618530273,29.81999969482422,29.81999969482422
16-10-2001,30.399999618530273,30.600000381469727,8260800,32.36000061035156,32.16999816894531,32.16999816894531
17-10-2001,28.709999084472656,34.0,13036800,34.0099983215332,29.1200008392334,29.1200008392334
18-10-2001,27.899999618530273,28.670000076293945,14562500,32.150001525878906,31.93000030517578,31.93000030517578
19-10-2001,28.8700008392334,30.65999984741211,10696200,31.25,30.030000686645508,30.030000686645508
22-10-2001,28.799999237060547,30.09000015258789,9259500,31.059999465942383,29.459999084472656,29.459999084472656
23-10-2001,28.31999969482422,30.0,9765300,30.15999984741211,29.329999923706055,29.329999923706055
24-10-2001,28.799999237060547,29.0,9685900,31.219999313354492,31.079999923706055,31.079999923706055
25-10-2001,29.40999984741211,30.170000076293945,12108200,33.400001525878906,33.33000183105469,33.33000183105469
26-10-2001,31.690000534057617,32.2599983215332,8618100,34.25,32.04999923706055,32.04999923706055
29-10-2001,29.450000762939453,31.799999237060547,7902300,33.20000076293945,29.540000915527344,29.540000915527344
30-10-2001,27.959999084472656,29.040000915527344,8338700,29.989999771118164,28.670000076293945,28.670000076293945
31-10-2001,29.1200008392334,29.809999465942383,7081700,30.549999237060547,29.520000457763672,29.520000457763672
01-11-2001,28.399999618530273,30.0,6342000,30.989999771118164,30.709999084472656,30.709999084472656
02-11-2001,29.520000457763672,30.549999237060547,5011200,31.239999771118164,30.309999465942383,30.309999465942383
05-11-2001,31.149999618530273,31.219999313354492,6526100,33.08000183105469,32.959999084472656,32.959999084472656
06-11-2001,31.889999389648438,32.560001373291016,8072800,34.900001525878906,34.81999969482422,34.81999969482422
07-11-2001,33.189998626708984,34.15999984741211,9959000,36.04999923706055,34.08000183105469,34.08000183105469
08-11-2001,33.459999084472656,35.220001220703125,11795000,36.689998626708984,34.27000045776367,34.27000045776367
09-11-2001,33.75,34.29999923706055,6531400,36.209999084472656,35.959999084472656,35.959999084472656
12-11-2001,34.95000076293945,36.86000061035156,13337800,38.689998626708984,38.5099983215332,38.5099983215332
13-11-2001,39.900001525878906,40.29999923706055,23287900,42.16999816894531,41.900001525878906,41.900001525878906
14-11-2001,39.66999816894531,42.95000076293945,17649500,43.0,40.75,40.75
15-11-2001,39.209999084472656,39.86000061035156,8283500,41.13999938964844,40.279998779296875,40.279998779296875
16-11-2001,38.7599983215332,40.09000015258789,7508500,40.15999984741211,39.36000061035156,39.36000061035156
19-11-2001,39.54999923706055,39.599998474121094,9217500,42.5,42.47999954223633,42.47999954223633
20-11-2001,37.810001373291016,41.869998931884766,11194700,41.939998626708984,38.150001525878906,38.150001525878906
21-11-2001,37.5099983215332,37.939998626708984,9493400,39.349998474121094,39.279998779296875,39.279998779296875
23-11-2001,38.52000045776367,39.31999969482422,2573800,39.70000076293945,39.11000061035156,39.11000061035156
26-11-2001,38.20000076293945,39.54999923706055,9178300,40.13999938964844,39.5,39.5
27-11-2001,37.650001525878906,39.09000015258789,12997100,40.04999923706055,39.400001525878906,39.400001525878906
28-11-2001,37.41999816894531,38.7599983215332,13542800,40.93000030517578,37.43000030517578,37.43000030517578
29-11-2001,37.95000076293945,38.29999923706055,9569600,39.95000076293945,39.91999816894531,39.91999816894531
30-11-2001,37.599998474121094,39.45000076293945,8804300,39.599998474121094,38.349998474121094,38.349998474121094
03-12-2001,36.65999984741211,37.61000061035156,5938600,38.09000015258789,37.310001373291016,37.310001373291016
04-12-2001,37.310001373291016,37.70000076293945,7797700,39.439998626708984,39.16999816894531,39.16999816894531
05-12-2001,39.900001525878906,40.150001525878906,13324600,42.5,42.02000045776367,42.02000045776367
06-12-2001,40.93000030517578,41.790000915527344,10255500,42.650001525878906,41.04999923706055,41.04999923706055
07-12-2001,39.5,40.380001068115234,6753300,40.5,39.93000030517578,39.93000030517578
10-12-2001,39.150001525878906,39.29999923706055,5516600,41.349998474121094,40.25,40.25
11-12-2001,40.83000183105469,41.349998474121094,7364000,42.04999923706055,40.900001525878906,40.900001525878906
12-12-2001,42.18000030517578,42.650001525878906,13598500,43.95000076293945,43.02000045776367,43.02000045776367
13-12-2001,41.61000061035156,41.61000061035156,9457800,43.939998626708984,42.119998931884766,42.119998931884766
14-12-2001,40.13999938964844,42.290000915527344,6237400,42.70000076293945,40.810001373291016,40.810001373291016
17-12-2001,40.970001220703125,41.06999969482422,8742700,43.849998474121094,43.29999923706055,43.29999923706055
18-12-2001,43.5,43.939998626708984,7751300,44.95000076293945,44.369998931884766,44.369998931884766
19-12-2001,42.95000076293945,42.97999954223633,4444800,44.099998474121094,43.54999923706055,43.54999923706055
20-12-2001,39.650001525878906,42.93000030517578,9943600,43.88999938964844,39.790000915527344,39.790000915527344
21-12-2001,39.9900016784668,40.20000076293945,7577400,41.81999969482422,41.220001220703125,41.220001220703125
24-12-2001,40.029998779296875,41.45000076293945,1748600,41.779998779296875,40.2599983215332,40.2599983215332
26-12-2001,40.40999984741211,40.40999984741211,3142500,41.939998626708984,41.27000045776367,41.27000045776367
27-12-2001,39.91999816894531,41.59000015258789,3901000,41.75,40.290000915527344,40.290000915527344
28-12-2001,40.79999923706055,40.939998626708984,2967400,41.4900016784668,41.04999923706055,41.04999923706055
31-12-2001,39.70000076293945,41.33000183105469,2516400,41.38999938964844,39.88999938964844,39.88999938964844
02-01-2002,38.79999923706055,40.59000015258789,5092900,40.70000076293945,40.61000061035156,40.61000061035156
03-01-2002,40.7599983215332,40.900001525878906,6198000,43.25,43.16999816894531,43.16999816894531
04-01-2002,43.45000076293945,44.349998474121094,9872800,45.45000076293945,45.369998931884766,45.369998931884766
07-01-2002,46.25,46.56999969482422,11702500,48.0,46.77000045776367,46.77000045776367
08-01-2002,45.349998474121094,46.099998474121094,7503100,46.61000061035156,45.79999923706055,45.79999923706055
09-01-2002,46.45000076293945,46.560001373291016,9136200,49.470001220703125,47.13999938964844,47.13999938964844
10-01-2002,46.880001068115234,47.599998474121094,8314000,48.720001220703125,47.150001525878906,47.150001525878906
11-01-2002,46.5,46.7400016784668,6677400,48.13999938964844,47.20000076293945,47.20000076293945
14-01-2002,43.75,46.689998626708984,11967300,47.13999938964844,44.41999816894531,44.41999816894531
15-01-2002,38.38999938964844,40.060001373291016,39347700,40.70000076293945,38.68000030517578,38.68000030517578
16-01-2002,36.119998931884766,37.029998779296875,14183000,37.45000076293945,36.22999954223633,36.22999954223633
17-01-2002,34.54999923706055,37.349998474121094,16731900,37.5,34.599998474121094,34.599998474121094
18-01-2002,33.88999938964844,34.02000045776367,12254100,36.970001220703125,35.70000076293945,35.70000076293945
22-01-2002,34.7400016784668,37.0,8399000,37.20000076293945,34.91999816894531,34.91999816894531
23-01-2002,33.65999984741211,35.380001068115234,8103000,35.75,34.97999954223633,34.97999954223633
24-01-2002,35.5,35.9900016784668,9296100,37.0,36.5,36.5
25-01-2002,34.779998779296875,35.5,5404800,35.84000015258789,35.15999984741211,35.15999984741211
28-01-2002,35.810001373291016,36.349998474121094,5912600,36.90999984741211,36.45000076293945,36.45000076293945
29-01-2002,34.83000183105469,36.63999938964844,6268900,37.09000015258789,35.29999923706055,35.29999923706055
30-01-2002,32.06999969482422,35.04999923706055,13623300,35.150001525878906,32.880001068115234,32.880001068115234
31-01-2002,33.650001525878906,34.209999084472656,17464100,36.75,36.5,36.5
01-02-2002,35.20000076293945,35.79999923706055,8615400,36.369998931884766,35.70000076293945,35.70000076293945
04-02-2002,33.66999816894531,35.790000915527344,7715100,35.790000915527344,34.02000045776367,34.02000045776367
05-02-2002,32.45000076293945,33.810001373291016,7203100,34.630001068115234,32.650001525878906,32.650001525878906
06-02-2002,31.520000457763672,33.59000015258789,8337600,34.0,32.25,32.25
07-02-2002,31.549999237060547,32.75,7053400,33.5,32.099998474121094,32.099998474121094
08-02-2002,32.31999969482422,32.5099983215332,4582800,34.0099983215332,33.77000045776367,33.77000045776367
11-02-2002,32.70000076293945,34.40999984741211,6570900,34.7400016784668,32.7400016784668,32.7400016784668
12-02-2002,30.979999542236328,32.439998626708984,9441000,32.56999969482422,31.489999771118164,31.489999771118164
13-02-2002,31.200000762939453,31.899999618530273,8335200,32.790000915527344,31.8700008392334,31.8700008392334
14-02-2002,30.610000610351562,32.13999938964844,5137000,32.54999923706055,30.8799991607666,30.8799991607666
15-02-2002,29.549999237060547,31.15999984741211,6514600,31.329999923706055,29.799999237060547,29.799999237060547
19-02-2002,28.6200008392334,29.65999984741211,5931100,29.65999984741211,28.850000381469727,28.850000381469727
20-02-2002,27.350000381469727,29.459999084472656,10679300,29.6200008392334,28.850000381469727,28.850000381469727
21-02-2002,27.030000686645508,28.75,6882900,29.239999771118164,27.479999542236328,27.479999542236328
22-02-2002,27.100000381469727,27.549999237060547,5309500,28.850000381469727,28.43000030517578,28.43000030517578
25-02-2002,28.049999237060547,28.670000076293945,5416700,30.0,29.899999618530273,29.899999618530273
26-02-2002,29.600000381469727,30.649999618530273,7144600,31.450000762939453,30.850000381469727,30.850000381469727
27-02-2002,29.09000015258789,31.690000534057617,7350200,31.799999237060547,29.600000381469727,29.600000381469727
28-02-2002,27.579999923706055,29.549999237060547,8060800,30.190000534057617,27.920000076293945,27.920000076293945
01-03-2002,28.059999465942383,28.459999084472656,7676700,30.399999618530273,30.15999984741211,30.15999984741211
04-03-2002,30.350000381469727,30.75,8927200,33.97999954223633,33.59000015258789,33.59000015258789
05-03-2002,32.63999938964844,33.04999923706055,9453300,35.65999984741211,34.380001068115234,34.380001068115234
06-03-2002,32.310001373291016,33.63999938964844,6999700,34.20000076293945,33.79999923706055,33.79999923706055
07-03-2002,33.54999923706055,34.52000045776367,7410700,35.310001373291016,33.90999984741211,33.90999984741211
08-03-2002,35.06999969482422,35.20000076293945,7146800,36.189998626708984,35.33000183105469,35.33000183105469
11-03-2002,34.79999923706055,34.970001220703125,10804600,38.4900016784668,37.83000183105469,37.83000183105469
12-03-2002,35.0099983215332,35.86000061035156,8966400,37.04999923706055,35.63999938964844,35.63999938964844
13-03-2002,33.58000183105469,35.150001525878906,8061800,35.4900016784668,33.86000061035156,33.86000061035156
14-03-2002,33.13999938964844,34.540000915527344,6700800,34.86000061035156,33.279998779296875,33.279998779296875
15-03-2002,31.709999084472656,33.380001068115234,6388400,33.79999923706055,32.16999816894531,32.16999816894531
18-03-2002,32.54999923706055,33.20000076293945,5527500,33.650001525878906,33.290000915527344,33.290000915527344
19-03-2002,32.75,33.7599983215332,4018200,33.93000030517578,32.90999984741211,32.90999984741211
20-03-2002,30.110000610351562,32.34000015258789,7553800,32.5,30.18000030517578,30.18000030517578
21-03-2002,30.389999389648438,30.75,9153100,32.95000076293945,32.810001373291016,32.810001373291016
22-03-2002,31.15999984741211,32.63999938964844,6362400,32.79999923706055,31.3799991607666,31.3799991607666
25-03-2002,31.299999237060547,32.15999984741211,5778000,32.29999923706055,31.3799991607666,31.3799991607666
26-03-2002,30.549999237060547,30.950000762939453,6672600,32.25,31.059999465942383,31.059999465942383
27-03-2002,30.649999618530273,31.299999237060547,4571900,32.04999923706055,31.030000686645508,31.030000686645508
28-03-2002,30.200000762939453,30.5,4651900,31.139999389648438,30.399999618530273,30.399999618530273
01-04-2002,28.75,29.799999237060547,6328300,29.799999237060547,29.5,29.5
02-04-2002,27.850000381469727,28.5,6811000,29.079999923706055,28.010000228881836,28.010000228881836
03-04-2002,27.299999237060547,28.020000457763672,6850800,28.450000762939453,27.459999084472656,27.459999084472656
04-04-2002,20.09000015258789,20.100000381469727,57361000,23.040000915527344,22.06999969482422,22.06999969482422
05-04-2002,22.25,22.899999618530273,14595000,23.5,22.329999923706055,22.329999923706055
08-04-2002,21.5,21.90999984741211,11437300,22.440000534057617,22.329999923706055,22.329999923706055
09-04-2002,21.020000457763672,22.600000381469727,9176800,22.979999542236328,21.1200008392334,21.1200008392334
10-04-2002,20.829999923706055,21.549999237060547,7656900,21.84000015258789,21.40999984741211,21.40999984741211
11-04-2002,20.200000762939453,21.200000762939453,8570000,21.25,20.450000762939453,20.450000762939453
12-04-2002,20.170000076293945,20.719999313354492,7014700,21.100000381469727,20.719999313354492,20.719999313354492
15-04-2002,20.450000762939453,20.850000381469727,4430200,21.530000686645508,21.25,21.25
16-04-2002,21.350000381469727,21.899999618530273,4729100,22.149999618530273,21.43000030517578,21.43000030517578
17-04-2002,20.43000030517578,21.610000610351562,6717600,21.899999618530273,20.520000457763672,20.520000457763672
18-04-2002,20.170000076293945,20.450000762939453,5138900,20.850000381469727,20.280000686645508,20.280000686645508
19-04-2002,19.790000915527344,20.530000686645508,7393700,20.639999389648438,20.010000228881836,20.010000228881836
22-04-2002,18.489999771118164,19.600000381469727,9802500,19.600000381469727,18.6299991607666,18.6299991607666
23-04-2002,18.020000457763672,18.56999969482422,9448500,19.18000030517578,18.200000762939453,18.200000762939453
24-04-2002,17.780000686645508,19.610000610351562,12496000,19.649999618530273,18.25,18.25
25-04-2002,17.90999984741211,18.149999618530273,8211400,19.15999984741211,18.8799991607666,18.8799991607666
26-04-2002,17.540000915527344,19.229999542236328,9206200,19.5,17.639999389648438,17.639999389648438
29-04-2002,16.239999771118164,17.59000015258789,10442500,18.1299991607666,16.68000030517578,16.68000030517578
30-04-2002,16.850000381469727,16.850000381469727,8460700,18.25,18.149999618530273,18.149999618530273
01-05-2002,16.770000457763672,17.979999542236328,9196700,18.100000381469727,17.43000030517578,17.43000030517578
02-05-2002,16.75,17.200000762939453,6191500,17.850000381469727,16.899999618530273,16.899999618530273
03-05-2002,16.329999923706055,17.09000015258789,5686400,17.149999618530273,16.639999389648438,16.639999389648438
06-05-2002,15.729999542236328,16.520000457763672,5878900,16.690000534057617,16.0,16.0
07-05-2002,15.760000228881836,16.420000076293945,5454400,16.649999618530273,16.350000381469727,16.350000381469727
08-05-2002,17.239999771118164,17.280000686645508,10793300,19.18000030517578,18.940000534057617,18.940000534057617
09-05-2002,17.649999618530273,18.3700008392334,6397800,18.68000030517578,18.290000915527344,18.290000915527344
10-05-2002,17.049999237060547,18.559999465942383,5171100,18.700000762939453,17.479999542236328,17.479999542236328
13-05-2002,17.40999984741211,17.799999237060547,3646800,18.43000030517578,18.219999313354492,18.219999313354492
14-05-2002,18.969999313354492,19.030000686645508,7712700,20.049999237060547,19.809999465942383,19.809999465942383
15-05-2002,18.530000686645508,19.260000228881836,7618000,20.350000381469727,19.079999923706055,19.079999923706055
16-05-2002,19.020000457763672,19.239999771118164,4868800,19.959999084472656,19.729999542236328,19.729999542236328
17-05-2002,19.729999542236328,20.350000381469727,5901900,20.68000030517578,20.209999084472656,20.209999084472656
20-05-2002,19.469999313354492,19.8799991607666,4091000,20.15999984741211,19.799999237060547,19.799999237060547
21-05-2002,18.649999618530273,20.100000381469727,5987800,20.110000610351562,18.75,18.75
22-05-2002,16.850000381469727,18.260000228881836,11809700,18.670000076293945,17.31999969482422,17.31999969482422
23-05-2002,17.25,17.709999084472656,4990500,18.18000030517578,18.010000228881836,18.010000228881836
24-05-2002,17.850000381469727,17.90999984741211,3655700,18.299999237060547,18.0,18.0
28-05-2002,17.450000762939453,18.239999771118164,4361200,18.25,17.709999084472656,17.709999084472656
29-05-2002,16.559999465942383,17.479999542236328,6113300,17.510000228881836,16.829999923706055,16.829999923706055
30-05-2002,16.40999984741211,16.68000030517578,5244400,17.25,17.010000228881836,17.010000228881836
31-05-2002,16.15999984741211,17.049999237060547,4883100,17.239999771118164,16.260000228881836,16.260000228881836
03-06-2002,15.5,16.049999237060547,5000100,16.299999237060547,15.600000381469727,15.600000381469727
04-06-2002,15.130000114440918,15.539999961853027,11207300,17.229999542236328,16.8799991607666,16.8799991607666
05-06-2002,15.930000305175781,16.920000076293945,7817900,17.290000915527344,16.90999984741211,16.90999984741211
06-06-2002,16.450000762939453,16.700000762939453,5297700,17.709999084472656,16.90999984741211,16.90999984741211
07-06-2002,16.09000015258789,16.100000381469727,4925100,16.90999984741211,16.75,16.75
10-06-2002,16.260000228881836,16.760000228881836,4887100,17.489999771118164,16.799999237060547,16.799999237060547
11-06-2002,15.819999694824219,16.690000534057617,5101800,16.709999084472656,15.90999984741211,15.90999984741211
12-06-2002,14.649999618530273,15.640000343322754,10639800,15.649999618530273,15.460000038146973,15.460000038146973
13-06-2002,14.800000190734863,15.399999618530273,7836200,15.449999809265137,15.09000015258789,15.09000015258789
14-06-2002,14.100000381469727,14.600000381469727,9373500,15.279999732971191,15.1899995803833,15.1899995803833
17-06-2002,15.25,15.390000343322754,3454100,15.699999809265137,15.539999961853027,15.539999961853027
18-06-2002,15.319999694824219,15.390000343322754,3310800,15.949999809265137,15.40999984741211,15.40999984741211
19-06-2002,14.779999732971191,15.25,4049900,15.399999618530273,14.979999542236328,14.979999542236328
20-06-2002,14.510000228881836,14.800000190734863,5092800,15.010000228881836,14.59000015258789,14.59000015258789
21-06-2002,14.149999618530273,14.359999656677246,4410300,14.930000305175781,14.300000190734863,14.300000190734863
24-06-2002,13.300000190734863,13.920000076293945,8839700,14.079999923706055,13.779999732971191,13.779999732971191
25-06-2002,12.739999771118164,13.699999809265137,6425600,14.020000457763672,13.010000228881836,13.010000228881836
26-06-2002,12.0,12.25,7737100,13.5,13.0,13.0
27-06-2002,12.800000190734863,13.399999618530273,5231000,13.729999542236328,13.5600004196167,13.5600004196167
28-06-2002,13.390000343322754,13.5,4118100,14.100000381469727,13.5600004196167,13.5600004196167
01-07-2002,12.0,13.15999984741211,4814000,13.479999542236328,12.109999656677246,12.109999656677246
02-07-2002,10.369999885559082,11.25,12770200,12.75,12.579999923706055,12.579999923706055
03-07-2002,12.0,12.079999923706055,10995800,14.449999809265137,14.369999885559082,14.369999885559082
05-07-2002,14.100000381469727,14.65999984741211,3210200,14.869999885559082,14.260000228881836,14.260000228881836
08-07-2002,13.699999809265137,14.260000228881836,3912600,14.600000381469727,13.829999923706055,13.829999923706055
09-07-2002,13.170000076293945,13.84000015258789,3179300,14.09000015258789,13.40999984741211,13.40999984741211
10-07-2002,12.770000457763672,13.529999732971191,3727600,14.0,13.039999961853027,13.039999961853027
11-07-2002,12.100000381469727,12.770000457763672,6160600,13.239999771118164,13.180000305175781,13.180000305175781
12-07-2002,12.699999809265137,13.5,5305700,13.739999771118164,13.329999923706055,13.329999923706055
15-07-2002,12.9399995803833,13.170000076293945,7037000,14.529999732971191,14.5,14.5
16-07-2002,14.0,14.770000457763672,6074000,14.960000038146973,14.069999694824219,14.069999694824219
17-07-2002,13.800000190734863,14.9399995803833,5392600,14.979999542236328,14.119999885559082,14.119999885559082
18-07-2002,13.640000343322754,14.09000015258789,3434100,14.220000267028809,14.0,14.0
19-07-2002,13.40999984741211,13.5,4198600,14.229999542236328,13.859999656677246,13.859999656677246
22-07-2002,14.0,14.600000381469727,12205200,14.949999809265137,14.930000305175781,14.930000305175781
23-07-2002,14.119999885559082,15.100000381469727,9227700,15.5,14.220000267028809,14.220000267028809
24-07-2002,13.5,13.75,7117200,15.800000190734863,15.760000228881836,15.760000228881836
25-07-2002,14.899999618530273,15.25,6008500,15.65999984741211,15.050000190734863,15.050000190734863
26-07-2002,14.949999809265137,15.300000190734863,3112800,15.75,15.6899995803833,15.6899995803833
29-07-2002,16.290000915527344,16.489999771118164,5542100,17.25,16.809999465942383,16.809999465942383
30-07-2002,16.56999969482422,16.649999618530273,7317600,18.010000228881836,17.469999313354492,17.469999313354492
31-07-2002,16.6299991607666,17.520000457763672,5389000,17.549999237060547,16.780000686645508,16.780000686645508
01-08-2002,15.800000190734863,16.75,5662000,17.299999237060547,15.869999885559082,15.869999885559082
02-08-2002,15.720000267028809,15.949999809265137,5229600,16.489999771118164,16.010000228881836,16.010000228881836
05-08-2002,14.729999542236328,16.0,7131900,16.149999618530273,14.869999885559082,14.869999885559082
06-08-2002,15.119999885559082,15.350000381469727,6352100,16.15999984741211,15.710000038146973,15.710000038146973
07-08-2002,14.930000305175781,16.299999237060547,6256600,16.600000381469727,15.59000015258789,15.59000015258789
08-08-2002,15.520000457763672,15.850000381469727,7523600,17.280000686645508,17.170000076293945,17.170000076293945
09-08-2002,16.549999237060547,16.649999618530273,5300200,17.360000610351562,16.899999618530273,16.899999618530273
12-08-2002,16.280000686645508,16.829999923706055,3969300,16.899999618530273,16.889999389648438,16.889999389648438
13-08-2002,15.760000228881836,16.719999313354492,6787700,17.5,15.800000190734863,15.800000190734863
14-08-2002,15.710000038146973,15.960000038146973,6497200,17.229999542236328,17.09000015258789,17.09000015258789
15-08-2002,16.899999618530273,17.59000015258789,6580800,17.959999084472656,17.790000915527344,17.790000915527344
16-08-2002,17.280000686645508,17.31999969482422,5632300,18.290000915527344,18.0,18.0
19-08-2002,17.940000534057617,17.940000534057617,5336000,18.649999618530273,18.360000610351562,18.360000610351562
20-08-2002,17.549999237060547,18.18000030517578,5999100,18.75,17.559999465942383,17.559999465942383
21-08-2002,17.719999313354492,17.760000228881836,6024600,18.700000762939453,18.389999389648438,18.389999389648438
22-08-2002,18.149999618530273,18.25,4537500,18.8799991607666,18.6299991607666,18.6299991607666
23-08-2002,18.299999237060547,18.450000762939453,3902800,18.889999389648438,18.6299991607666,18.6299991607666
26-08-2002,18.149999618530273,18.780000686645508,3614000,18.950000762939453,18.709999084472656,18.709999084472656
27-08-2002,17.670000076293945,18.920000076293945,4872800,19.030000686645508,17.780000686645508,17.780000686645508
28-08-2002,16.860000610351562,17.59000015258789,4558200,17.829999923706055,17.06999969482422,17.06999969482422
29-08-2002,16.600000381469727,16.81999969482422,4102600,17.549999237060547,17.420000076293945,17.420000076293945
30-08-2002,16.700000762939453,17.020000457763672,2426300,17.489999771118164,16.75,16.75
03-09-2002,15.550000190734863,16.299999237060547,5259800,16.3799991607666,15.550000190734863,15.550000190734863
04-09-2002,15.609999656677246,15.670000076293945,4359400,16.739999771118164,16.459999084472656,16.459999084472656
05-09-2002,15.949999809265137,16.09000015258789,6195900,16.860000610351562,16.170000076293945,16.170000076293945
06-09-2002,16.459999084472656,16.469999313354492,4491200,17.489999771118164,17.06999969482422,17.06999969482422
09-09-2002,16.549999237060547,16.649999618530273,4445900,17.959999084472656,17.8700008392334,17.8700008392334
10-09-2002,17.549999237060547,17.649999618530273,4025000,18.190000534057617,17.93000030517578,17.93000030517578
11-09-2002,18.0,18.270000457763672,3199000,18.75,18.360000610351562,18.360000610351562
12-09-2002,17.399999618530273,17.979999542236328,3312500,17.979999542236328,17.450000762939453,17.450000762939453
13-09-2002,17.329999923706055,17.450000762939453,2465000,17.920000076293945,17.799999237060547,17.799999237060547
16-09-2002,17.0,17.6299991607666,3613000,17.760000228881836,17.110000610351562,17.110000610351562
17-09-2002,16.899999618530273,17.600000381469727,3585500,17.799999237060547,17.059999465942383,17.059999465942383
18-09-2002,16.350000381469727,16.510000228881836,3828700,17.350000381469727,17.170000076293945,17.170000076293945
19-09-2002,15.640000343322754,16.670000076293945,5308300,16.739999771118164,15.75,15.75
20-09-2002,15.140000343322754,16.219999313354492,5372900,16.260000228881836,15.529999732971191,15.529999732971191
23-09-2002,14.8100004196167,15.199999809265137,5304800,15.399999618530273,15.010000228881836,15.010000228881836
24-09-2002,14.5,14.539999961853027,4409900,15.470000267028809,15.0,15.0
25-09-2002,14.069999694824219,15.170000076293945,6351100,15.420000076293945,15.25,15.25
26-09-2002,14.699999809265137,15.270000457763672,5357200,15.399999618530273,14.829999923706055,14.829999923706055
27-09-2002,14.180000305175781,14.640000343322754,5030300,14.949999809265137,14.199999809265137,14.199999809265137
30-09-2002,13.569999694824219,13.800000190734863,5483800,14.380000114440918,13.739999771118164,13.739999771118164
01-10-2002,12.850000381469727,14.0,6824400,14.010000228881836,13.229999542236328,13.229999542236328
02-10-2002,12.970000267028809,13.109999656677246,5879300,13.850000381469727,13.0,13.0
03-10-2002,13.350000381469727,13.75,7857800,13.960000038146973,13.40999984741211,13.40999984741211
04-10-2002,13.170000076293945,13.460000038146973,4473700,13.850000381469727,13.579999923706055,13.579999923706055
07-10-2002,13.0,13.539999961853027,4662900,13.800000190734863,13.0600004196167,13.0600004196167
08-10-2002,12.800000190734863,13.289999961853027,3954000,13.40999984741211,13.100000381469727,13.100000381469727
09-10-2002,12.619999885559082,12.970000267028809,4361100,13.390000343322754,13.0,13.0
10-10-2002,13.020000457763672,13.0600004196167,4976700,14.100000381469727,13.989999771118164,13.989999771118164
11-10-2002,14.25,14.289999961853027,5579400,15.050000190734863,14.920000076293945,14.920000076293945
14-10-2002,14.329999923706055,14.630000114440918,4725300,15.59000015258789,15.289999961853027,15.289999961853027
15-10-2002,15.739999771118164,16.149999618530273,5279600,16.350000381469727,15.9399995803833,15.9399995803833
16-10-2002,15.609999656677246,15.640000343322754,4790700,16.200000762939453,16.049999237060547,16.049999237060547
17-10-2002,16.549999237060547,17.190000534057617,4933600,17.34000015258789,16.729999542236328,16.729999542236328
18-10-2002,13.020000457763672,13.649999618530273,22194300,14.0,13.279999732971191,13.279999732971191
21-10-2002,13.0,13.199999809265137,5905200,13.369999885559082,13.020000457763672,13.020000457763672
22-10-2002,12.75,12.960000038146973,4717400,13.479999542236328,13.09000015258789,13.09000015258789
23-10-2002,12.869999885559082,12.970000267028809,3135400,13.489999771118164,13.449999809265137,13.449999809265137
24-10-2002,13.8100004196167,13.930000305175781,5615600,14.369999885559082,13.890000343322754,13.890000343322754
25-10-2002,13.5,13.630000114440918,3971000,14.619999885559082,14.520000457763672,14.520000457763672
28-10-2002,14.069999694824219,14.819999694824219,3597700,14.989999771118164,14.229999542236328,14.229999542236328
29-10-2002,13.399999618530273,14.300000190734863,3993800,14.819999694824219,13.5,13.5
30-10-2002,13.449999809265137,13.609999656677246,3923800,14.399999618530273,13.949999809265137,13.949999809265137
31-10-2002,13.630000114440918,14.010000228881836,3160300,14.359999656677246,13.789999961853027,13.789999961853027
01-11-2002,13.5600004196167,13.729999542236328,3277400,14.399999618530273,14.25,14.25
04-11-2002,14.609999656677246,14.880000114440918,4579900,15.399999618530273,14.800000190734863,14.800000190734863
05-11-2002,14.539999961853027,14.649999618530273,4199100,15.65999984741211,15.600000381469727,15.600000381469727
06-11-2002,14.680000305175781,15.050000190734863,6186000,15.680000305175781,15.550000190734863,15.550000190734863
07-11-2002,14.369999885559082,15.25,4465300,15.300000190734863,14.760000228881836,14.760000228881836
08-11-2002,14.220000267028809,14.800000190734863,4132500,15.119999885559082,14.359999656677246,14.359999656677246
11-11-2002,13.699999809265137,14.3100004196167,3454500,14.3100004196167,13.75,13.75
12-11-2002,13.6899995803833,13.899999618530273,3626400,14.270000457763672,13.90999984741211,13.90999984741211
13-11-2002,13.649999618530273,13.800000190734863,7630700,15.180000305175781,14.899999618530273,14.899999618530273
14-11-2002,14.630000114440918,15.229999542236328,5914600,15.4399995803833,15.369999885559082,15.369999885559082
15-11-2002,14.949999809265137,15.449999809265137,5144900,16.200000762939453,16.049999237060547,16.049999237060547
18-11-2002,15.739999771118164,16.280000686645508,3821700,16.299999237060547,15.850000381469727,15.850000381469727
19-11-2002,15.100000381469727,15.5,3350300,15.550000190734863,15.279999732971191,15.279999732971191
20-11-2002,15.050000190734863,15.350000381469727,3600100,16.020000457763672,15.920000076293945,15.920000076293945
21-11-2002,16.18000030517578,16.219999313354492,8472300,17.799999237060547,17.459999084472656,17.459999084472656
22-11-2002,16.899999618530273,16.950000762939453,4062500,17.3799991607666,17.079999923706055,17.079999923706055
25-11-2002,16.959999084472656,17.059999465942383,3873800,17.43000030517578,17.1299991607666,17.1299991607666
26-11-2002,16.1299991607666,16.899999618530273,3816100,17.100000381469727,16.200000762939453,16.200000762939453
27-11-2002,16.510000228881836,16.770000457763672,4739700,17.200000762939453,17.0,17.0
29-11-2002,17.0,17.299999237060547,2024200,17.489999771118164,17.049999237060547,17.049999237060547
02-12-2002,16.850000381469727,17.5,3855100,18.0,16.860000610351562,16.860000610351562
03-12-2002,16.0,16.84000015258789,3358000,16.84000015258789,16.06999969482422,16.06999969482422
04-12-2002,15.470000267028809,15.779999732971191,3596300,15.930000305175781,15.5,15.5
05-12-2002,14.890000343322754,15.640000343322754,4787900,15.899999618530273,14.920000076293945,14.920000076293945
06-12-2002,14.1899995803833,14.199999809265137,5116700,14.6899995803833,14.489999771118164,14.489999771118164
09-12-2002,13.649999618530273,14.350000381469727,5780200,14.350000381469727,13.739999771118164,13.739999771118164
10-12-2002,13.819999694824219,14.020000457763672,5203000,14.420000076293945,13.90999984741211,13.90999984741211
11-12-2002,13.630000114440918,13.739999771118164,4815700,14.220000267028809,13.789999961853027,13.789999961853027
12-12-2002,13.899999618530273,14.010000228881836,3553500,14.210000038146973,14.1899995803833,14.1899995803833
13-12-2002,13.329999923706055,14.079999923706055,4337900,14.109999656677246,13.4399995803833,13.4399995803833
16-12-2002,13.25,13.3100004196167,2699500,14.0600004196167,13.930000305175781,13.930000305175781
17-12-2002,13.699999809265137,13.899999618530273,2137900,14.09000015258789,13.819999694824219,13.819999694824219
18-12-2002,13.0,13.609999656677246,4146400,13.760000228881836,13.149999618530273,13.149999618530273
19-12-2002,12.920000076293945,13.069999694824219,5088400,13.5,13.180000305175781,13.180000305175781
20-12-2002,13.229999542236328,13.430000305175781,3098500,13.699999809265137,13.4399995803833,13.4399995803833
23-12-2002,13.5,13.800000190734863,2640100,13.979999542236328,13.850000381469727,13.850000381469727
24-12-2002,13.619999885559082,13.649999618530273,820000,13.930000305175781,13.640000343322754,13.640000343322754
26-12-2002,13.350000381469727,13.710000038146973,1713200,13.960000038146973,13.489999771118164,13.489999771118164
27-12-2002,13.119999885559082,13.300000190734863,1670100,13.59000015258789,13.270000457763672,13.270000457763672
30-12-2002,12.829999923706055,13.3100004196167,2200900,13.329999923706055,13.050000190734863,13.050000190734863
31-12-2002,12.880000114440918,12.970000267028809,1681000,13.229999542236328,12.970000267028809,12.970000267028809
02-01-2003,13.350000381469727,13.800000190734863,5422800,14.199999809265137,14.050000190734863,14.050000190734863
03-01-2003,14.140000343322754,14.199999809265137,4692800,14.699999809265137,14.6899995803833,14.6899995803833
06-01-2003,14.680000305175781,14.739999771118164,5108500,15.149999618530273,15.020000457763672,15.020000457763672
07-01-2003,14.699999809265137,15.020000457763672,4494900,15.34000015258789,15.109999656677246,15.109999656677246
08-01-2003,14.5,14.979999542236328,3976900,15.039999961853027,14.670000076293945,14.670000076293945
09-01-2003,14.859999656677246,15.010000228881836,3956800,15.649999618530273,15.5,15.5
10-01-2003,15.039999961853027,15.100000381469727,3169100,15.680000305175781,15.520000457763672,15.520000457763672
13-01-2003,15.25,15.850000381469727,3408800,15.949999809265137,15.4399995803833,15.4399995803833
14-01-2003,15.149999618530273,15.34000015258789,3362400,16.0,15.989999771118164,15.989999771118164
15-01-2003,15.40999984741211,15.789999961853027,3320400,15.880000114440918,15.720000267028809,15.720000267028809
16-01-2003,15.210000038146973,16.0,2762800,16.0,15.34000015258789,15.34000015258789
17-01-2003,14.380000114440918,14.960000038146973,3891700,14.979999542236328,14.4399995803833,14.4399995803833
21-01-2003,13.84000015258789,14.489999771118164,5915900,14.600000381469727,13.979999542236328,13.979999542236328
22-01-2003,13.829999923706055,13.859999656677246,5106100,14.550000190734863,14.260000228881836,14.260000228881836
23-01-2003,15.220000267028809,15.699999809265137,12010700,15.789999961853027,15.449999809265137,15.449999809265137
24-01-2003,14.640000343322754,15.199999809265137,4657100,15.25,14.800000190734863,14.800000190734863
27-01-2003,14.449999809265137,14.699999809265137,4231700,15.170000076293945,14.84000015258789,14.84000015258789
28-01-2003,14.699999809265137,15.100000381469727,3654100,15.15999984741211,14.899999618530273,14.899999618530273
29-01-2003,14.449999809265137,15.0,3878300,15.199999809265137,15.140000343322754,15.140000343322754
30-01-2003,14.470000267028809,15.15999984741211,2981400,15.199999809265137,14.550000190734863,14.550000190734863
31-01-2003,14.149999618530273,14.350000381469727,2103200,14.619999885559082,14.329999923706055,14.329999923706055
03-02-2003,14.399999618530273,14.5,1955000,14.729999542236328,14.550000190734863,14.550000190734863
04-02-2003,14.0600004196167,14.220000267028809,2399300,14.329999923706055,14.09000015258789,14.09000015258789
05-02-2003,14.0,14.239999771118164,3260300,14.5,14.109999656677246,14.109999656677246
06-02-2003,13.760000228881836,14.0,2692600,14.130000114440918,13.949999809265137,13.949999809265137
07-02-2003,13.640000343322754,14.039999961853027,1997900,14.180000305175781,13.819999694824219,13.819999694824219
10-02-2003,13.550000190734863,13.729999542236328,1903900,14.0,13.9399995803833,13.9399995803833
11-02-2003,14.0,14.0600004196167,2932700,14.539999961853027,14.130000114440918,14.130000114440918
12-02-2003,14.069999694824219,14.100000381469727,2388200,14.479999542236328,14.329999923706055,14.329999923706055
13-02-2003,13.899999618530273,14.319999694824219,2538200,14.449999809265137,14.100000381469727,14.100000381469727
14-02-2003,14.0600004196167,14.130000114440918,2098700,14.5,14.470000267028809,14.470000267028809
18-02-2003,14.600000381469727,14.600000381469727,4655100,15.520000457763672,15.470000267028809,15.470000267028809
19-02-2003,14.75,14.800000190734863,5045100,15.600000381469727,15.229999542236328,15.229999542236328
20-02-2003,15.020000457763672,15.239999771118164,2226600,15.460000038146973,15.15999984741211,15.15999984741211
21-02-2003,14.949999809265137,15.09000015258789,2985600,15.25,15.220000267028809,15.220000267028809
24-02-2003,14.970000267028809,14.989999771118164,1938000,15.25,15.050000190734863,15.050000190734863
25-02-2003,14.4399995803833,14.720000267028809,2658800,15.079999923706055,15.050000190734863,15.050000190734863
26-02-2003,14.5,14.970000267028809,2458500,15.020000457763672,14.539999961853027,14.539999961853027
27-02-2003,14.5,14.649999618530273,1760100,14.90999984741211,14.800000190734863,14.800000190734863
28-02-2003,14.520000457763672,14.84000015258789,3866200,15.0600004196167,14.869999885559082,14.869999885559082
03-03-2003,14.579999923706055,14.760000228881836,1569900,15.1899995803833,14.600000381469727,14.600000381469727
04-03-2003,14.430000305175781,14.510000228881836,1293000,14.720000267028809,14.510000228881836,14.510000228881836
05-03-2003,14.289999961853027,14.449999809265137,1719800,14.649999618530273,14.449999809265137,14.449999809265137
06-03-2003,14.220000267028809,14.34000015258789,1495500,14.699999809265137,14.5600004196167,14.5600004196167
07-03-2003,14.09000015258789,14.149999618530273,2572700,14.970000267028809,14.609999656677246,14.609999656677246
10-03-2003,14.260000228881836,14.300000190734863,1605400,14.550000190734863,14.399999618530273,14.399999618530273
11-03-2003,14.260000228881836,14.4399995803833,2068200,14.609999656677246,14.359999656677246,14.359999656677246
12-03-2003,14.09000015258789,14.199999809265137,2634700,14.5,14.350000381469727,14.350000381469727
13-03-2003,14.600000381469727,14.640000343322754,4973100,15.489999771118164,15.300000190734863,15.300000190734863
14-03-2003,15.119999885559082,15.130000114440918,3514100,15.600000381469727,15.25,15.25
17-03-2003,15.020000457763672,15.140000343322754,5161000,16.100000381469727,15.800000190734863,15.800000190734863
18-03-2003,15.609999656677246,16.0,4067900,16.3700008392334,16.31999969482422,16.31999969482422
19-03-2003,15.5,16.18000030517578,4200700,16.31999969482422,15.800000190734863,15.800000190734863
20-03-2003,15.550000190734863,15.739999771118164,6205900,16.079999923706055,15.989999771118164,15.989999771118164
21-03-2003,15.579999923706055,16.100000381469727,3418000,16.1200008392334,15.869999885559082,15.869999885559082
24-03-2003,14.850000381469727,15.300000190734863,3398200,15.380000114440918,15.0,15.0
25-03-2003,14.880000114440918,14.9399995803833,1965800,15.359999656677246,15.119999885559082,15.119999885559082
26-03-2003,14.979999542236328,15.069999694824219,2057700,15.5,15.34000015258789,15.34000015258789
27-03-2003,14.979999542236328,15.09000015258789,2234900,15.640000343322754,15.449999809265137,15.449999809265137
28-03-2003,14.699999809265137,15.140000343322754,3377500,15.550000190734863,14.84000015258789,14.84000015258789
31-03-2003,14.199999809265137,14.4399995803833,2920100,14.5,14.470000267028809,14.470000267028809
01-04-2003,14.25,14.729999542236328,2697700,14.90999984741211,14.609999656677246,14.609999656677246
02-04-2003,14.880000114440918,14.949999809265137,3876500,15.220000267028809,15.140000343322754,15.140000343322754
03-04-2003,15.119999885559082,15.479999542236328,3417500,15.880000114440918,15.529999732971191,15.529999732971191
04-04-2003,14.930000305175781,15.5,3050400,15.5,15.119999885559082,15.119999885559082
07-04-2003,14.979999542236328,15.680000305175781,3453700,15.720000267028809,15.100000381469727,15.100000381469727
08-04-2003,14.920000076293945,15.149999618530273,1703800,15.279999732971191,15.09000015258789,15.09000015258789
09-04-2003,14.949999809265137,15.050000190734863,2039900,15.359999656677246,14.989999771118164,14.989999771118164
10-04-2003,14.550000190734863,14.65999984741211,1965200,15.020000457763672,15.0,15.0
11-04-2003,14.850000381469727,15.25,1833200,15.4399995803833,15.020000457763672,15.020000457763672
14-04-2003,14.84000015258789,15.0,4345600,15.229999542236328,15.100000381469727,15.100000381469727
15-04-2003,14.960000038146973,15.149999618530273,6274900,15.760000228881836,15.539999961853027,15.539999961853027
16-04-2003,15.319999694824219,15.649999618530273,2954900,15.800000190734863,15.350000381469727,15.350000381469727
17-04-2003,15.1899995803833,15.539999961853027,2556100,15.869999885559082,15.800000190734863,15.800000190734863
21-04-2003,15.479999542236328,15.5,1730300,16.0,15.979999542236328,15.979999542236328
22-04-2003,15.800000190734863,15.800000190734863,4150400,16.270000457763672,16.110000610351562,16.110000610351562
23-04-2003,15.800000190734863,15.899999618530273,3328900,16.209999084472656,16.1200008392334,16.1200008392334
24-04-2003,15.710000038146973,15.989999771118164,2616600,16.09000015258789,15.920000076293945,15.920000076293945
25-04-2003,15.229999542236328,15.619999885559082,1860100,15.960000038146973,15.239999771118164,15.239999771118164
28-04-2003,15.149999618530273,15.170000076293945,3388600,16.020000457763672,15.989999771118164,15.989999771118164
29-04-2003,15.680000305175781,15.90999984741211,2414000,16.1299991607666,15.800000190734863,15.800000190734863
30-04-2003,15.670000076293945,15.699999809265137,2413800,15.90999984741211,15.779999732971191,15.779999732971191
01-05-2003,15.380000114440918,15.670000076293945,1927000,15.8100004196167,15.710000038146973,15.710000038146973
02-05-2003,15.859999656677246,15.899999618530273,6489000,17.020000457763672,16.959999084472656,16.959999084472656
05-05-2003,17.0,17.139999389648438,6838100,17.489999771118164,17.149999618530273,17.149999618530273
06-05-2003,16.799999237060547,17.100000381469727,3029400,17.299999237060547,17.110000610351562,17.110000610351562
07-05-2003,16.68000030517578,17.079999923706055,6253600,17.850000381469727,17.479999542236328,17.479999542236328
08-05-2003,17.049999237060547,17.219999313354492,4518200,17.760000228881836,17.479999542236328,17.479999542236328
09-05-2003,17.649999618530273,17.68000030517578,5739800,18.600000381469727,18.049999237060547,18.049999237060547
12-05-2003,17.469999313354492,18.010000228881836,7086500,18.25,17.670000076293945,17.670000076293945
13-05-2003,16.719999313354492,17.56999969482422,7471200,17.739999771118164,16.8700008392334,16.8700008392334
14-05-2003,16.799999237060547,17.030000686645508,2568000,17.1299991607666,16.940000534057617,16.940000534057617
15-05-2003,16.850000381469727,17.0,3582200,17.31999969482422,17.299999237060547,17.299999237060547
16-05-2003,16.8700008392334,17.43000030517578,3002700,17.440000534057617,17.030000686645508,17.030000686645508
19-05-2003,16.149999618530273,16.940000534057617,3396900,17.0,16.219999313354492,16.219999313354492
20-05-2003,15.760000228881836,16.40999984741211,4326700,16.530000686645508,16.0,16.0
21-05-2003,15.84000015258789,16.010000228881836,2204800,16.299999237060547,16.190000534057617,16.190000534057617
22-05-2003,16.110000610351562,16.280000686645508,2693600,16.850000381469727,16.68000030517578,16.68000030517578
23-05-2003,16.40999984741211,16.65999984741211,1460700,16.719999313354492,16.719999313354492,16.719999313354492
27-05-2003,16.549999237060547,16.549999237060547,3401800,17.639999389648438,17.549999237060547,17.549999237060547
28-05-2003,17.639999389648438,17.739999771118164,8223700,18.25,18.200000762939453,18.200000762939453
29-05-2003,17.729999542236328,18.0,7963500,19.31999969482422,18.649999618530273,18.649999618530273
30-05-2003,18.540000915527344,18.56999969482422,3491200,18.829999923706055,18.780000686645508,18.780000686645508
02-06-2003,18.100000381469727,18.81999969482422,5539300,19.229999542236328,18.18000030517578,18.18000030517578
03-06-2003,18.15999984741211,18.209999084472656,3131900,19.040000915527344,19.0,19.0
04-06-2003,18.450000762939453,18.600000381469727,4794200,19.6299991607666,19.469999313354492,19.469999313354492
05-06-2003,19.0,19.079999923706055,4827400,20.0,20.0,20.0
06-06-2003,19.989999771118164,21.149999618530273,16065600,22.200000762939453,20.18000030517578,20.18000030517578
09-06-2003,18.790000915527344,19.350000381469727,5617800,20.010000228881836,19.229999542236328,19.229999542236328
10-06-2003,19.110000610351562,19.1299991607666,3956300,19.579999923706055,19.56999969482422,19.56999969482422
11-06-2003,19.200000762939453,19.270000457763672,5799700,19.860000610351562,19.479999542236328,19.479999542236328
12-06-2003,19.43000030517578,19.969999313354492,3055600,20.059999465942383,19.739999771118164,19.739999771118164
13-06-2003,18.65999984741211,19.600000381469727,2702400,19.81999969482422,18.84000015258789,18.84000015258789
16-06-2003,19.110000610351562,19.850000381469727,9035600,20.6200008392334,20.600000381469727,20.600000381469727
17-06-2003,20.110000610351562,20.399999618530273,10269600,21.489999771118164,21.170000076293945,21.170000076293945
18-06-2003,20.229999542236328,20.260000228881836,6806000,21.299999237060547,21.040000915527344,21.040000915527344
19-06-2003,19.959999084472656,21.049999237060547,4205100,21.049999237060547,20.170000076293945,20.170000076293945
20-06-2003,19.760000228881836,20.219999313354492,2857400,20.299999237060547,19.940000534057617,19.940000534057617
23-06-2003,19.040000915527344,19.75,2909000,19.850000381469727,19.450000762939453,19.450000762939453
24-06-2003,18.719999313354492,19.399999618530273,3581900,19.59000015258789,19.200000762939453,19.200000762939453
25-06-2003,19.110000610351562,19.190000534057617,3088300,19.56999969482422,19.229999542236328,19.229999542236328
26-06-2003,18.940000534057617,19.3799991607666,2714200,19.600000381469727,19.510000228881836,19.510000228881836
27-06-2003,19.489999771118164,19.5,2914600,20.170000076293945,19.90999984741211,19.90999984741211
30-06-2003,19.389999389648438,19.809999465942383,2673600,20.200000762939453,19.5,19.5
01-07-2003,18.799999237060547,19.260000228881836,4127700,19.6200008392334,19.600000381469727,19.600000381469727
02-07-2003,19.110000610351562,19.139999389648438,4895200,20.020000457763672,19.969999313354492,19.969999313354492
03-07-2003,19.299999237060547,19.420000076293945,2594900,20.030000686645508,19.559999465942383,19.559999465942383
07-07-2003,19.510000228881836,19.940000534057617,3530200,19.989999771118164,19.899999618530273,19.899999618530273
08-07-2003,19.809999465942383,20.520000457763672,7765500,20.899999618530273,20.760000228881836,20.760000228881836
09-07-2003,20.389999389648438,20.510000228881836,4714400,21.299999237060547,21.09000015258789,21.09000015258789
10-07-2003,20.43000030517578,21.0,2927800,21.079999923706055,20.5,20.5
11-07-2003,20.299999237060547,20.649999618530273,3413600,20.8700008392334,20.700000762939453,20.700000762939453
14-07-2003,20.84000015258789,20.899999618530273,3270800,21.270000457763672,21.270000457763672,21.270000457763672
15-07-2003,20.600000381469727,21.149999618530273,3458700,21.5,20.670000076293945,20.670000076293945
16-07-2003,20.139999389648438,20.850000381469727,2471500,21.030000686645508,20.579999923706055,20.579999923706055
17-07-2003,19.31999969482422,19.860000610351562,6515600,20.059999465942383,19.709999084472656,19.709999084472656
18-07-2003,19.239999771118164,19.65999984741211,2731100,20.0,19.799999237060547,19.799999237060547
21-07-2003,16.649999618530273,18.399999618530273,17021900,18.479999542236328,17.1299991607666,17.1299991607666
22-07-2003,16.75,17.3799991607666,8288300,17.489999771118164,16.899999618530273,16.899999618530273
23-07-2003,16.899999618530273,17.06999969482422,4811300,17.459999084472656,17.34000015258789,17.34000015258789
24-07-2003,16.950000762939453,17.5,3299100,17.899999618530273,17.059999465942383,17.059999465942383
25-07-2003,16.81999969482422,17.030000686645508,2619300,17.420000076293945,17.34000015258789,17.34000015258789
28-07-2003,17.200000762939453,17.5,2302300,17.540000915527344,17.5,17.5
29-07-2003,17.260000228881836,17.5,2197600,17.670000076293945,17.399999618530273,17.399999618530273
30-07-2003,17.239999771118164,17.510000228881836,1999500,17.610000610351562,17.360000610351562,17.360000610351562
31-07-2003,17.350000381469727,17.700000762939453,3179800,17.829999923706055,17.639999389648438,17.639999389648438
01-08-2003,17.309999465942383,17.690000534057617,1634400,17.84000015258789,17.309999465942383,17.309999465942383
04-08-2003,17.049999237060547,17.559999465942383,2055400,17.700000762939453,17.510000228881836,17.510000228881836
05-08-2003,16.790000915527344,17.530000686645508,2870700,17.56999969482422,16.850000381469727,16.850000381469727
06-08-2003,16.260000228881836,16.739999771118164,3713800,16.799999237060547,16.450000762939453,16.450000762939453
07-08-2003,16.389999389648438,16.450000762939453,3451000,16.850000381469727,16.610000610351562,16.610000610351562
08-08-2003,16.15999984741211,16.6200008392334,2167300,16.860000610351562,16.229999542236328,16.229999542236328
11-08-2003,16.219999313354492,16.350000381469727,2035700,16.709999084472656,16.469999313354492,16.469999313354492
12-08-2003,16.239999771118164,16.389999389648438,1953000,16.510000228881836,16.360000610351562,16.360000610351562
13-08-2003,16.059999465942383,16.59000015258789,3363300,16.600000381469727,16.15999984741211,16.15999984741211
14-08-2003,15.729999542236328,16.299999237060547,4196500,16.3700008392334,15.949999809265137,15.949999809265137
15-08-2003,15.770000457763672,16.020000457763672,1939800,16.149999618530273,15.890000343322754,15.890000343322754
18-08-2003,15.75,16.079999923706055,4000500,16.15999984741211,16.020000457763672,16.020000457763672
19-08-2003,15.859999656677246,16.229999542236328,3380500,16.290000915527344,15.979999542236328,15.979999542236328
20-08-2003,15.850000381469727,15.979999542236328,2613100,16.170000076293945,16.0,16.0
21-08-2003,16.040000915527344,16.049999237060547,7109600,17.0,16.780000686645508,16.780000686645508
22-08-2003,16.649999618530273,17.15999984741211,4001700,17.299999237060547,16.75,16.75
25-08-2003,16.510000228881836,16.93000030517578,1737900,16.93000030517578,16.850000381469727,16.850000381469727
26-08-2003,16.1200008392334,16.899999618530273,3049100,16.899999618530273,16.5,16.5
27-08-2003,16.350000381469727,16.530000686645508,1961000,16.889999389648438,16.780000686645508,16.780000686645508
28-08-2003,16.610000610351562,16.950000762939453,1761400,16.950000762939453,16.850000381469727,16.850000381469727
29-08-2003,16.889999389648438,16.889999389648438,4605700,17.5,17.43000030517578,17.43000030517578
02-09-2003,17.479999542236328,17.600000381469727,5188900,18.18000030517578,18.09000015258789,18.09000015258789
03-09-2003,18.149999618530273,18.149999618530273,8427500,19.350000381469727,19.09000015258789,19.09000015258789
04-09-2003,19.209999084472656,19.610000610351562,9538500,20.56999969482422,20.389999389648438,20.389999389648438
05-09-2003,19.739999771118164,20.200000762939453,6660600,20.200000762939453,19.780000686645508,19.780000686645508
08-09-2003,19.719999313354492,19.989999771118164,3353300,20.229999542236328,20.149999618530273,20.149999618530273
09-09-2003,19.3799991607666,20.18000030517578,3191300,20.25,19.639999389648438,19.639999389648438
10-09-2003,18.5,19.3700008392334,3682100,19.399999618530273,18.559999465942383,18.559999465942383
11-09-2003,18.520000457763672,18.540000915527344,2251800,19.079999923706055,18.959999084472656,18.959999084472656
12-09-2003,18.219999313354492,18.600000381469727,3048000,19.040000915527344,18.860000610351562,18.860000610351562
15-09-2003,18.149999618530273,18.850000381469727,2361100,19.09000015258789,18.200000762939453,18.200000762939453
16-09-2003,18.299999237060547,18.350000381469727,2442700,18.899999618530273,18.829999923706055,18.829999923706055
17-09-2003,18.469999313354492,18.719999313354492,1947000,19.18000030517578,18.670000076293945,18.670000076293945
18-09-2003,18.31999969482422,18.790000915527344,4003200,19.079999923706055,18.709999084472656,18.709999084472656
19-09-2003,18.100000381469727,18.739999771118164,5728300,18.8700008392334,18.360000610351562,18.360000610351562
22-09-2003,17.5,17.950000762939453,4066600,18.18000030517578,17.649999618530273,17.649999618530273
23-09-2003,17.56999969482422,17.829999923706055,4167300,17.950000762939453,17.760000228881836,17.760000228881836
24-09-2003,16.93000030517578,17.75,4391000,17.829999923706055,16.979999542236328,16.979999542236328
25-09-2003,16.81999969482422,17.0,4021100,17.450000762939453,17.020000457763672,17.020000457763672
26-09-2003,16.649999618530273,16.93000030517578,2721700,17.1299991607666,16.649999618530273,16.649999618530273
29-09-2003,16.530000686645508,16.81999969482422,3114000,17.110000610351562,16.780000686645508,16.780000686645508
30-09-2003,16.479999542236328,16.809999465942383,3883000,17.149999618530273,16.84000015258789,16.84000015258789
01-10-2003,17.110000610351562,17.200000762939453,3516100,17.530000686645508,17.290000915527344,17.290000915527344
02-10-2003,16.709999084472656,17.309999465942383,4354800,17.420000076293945,17.030000686645508,17.030000686645508
03-10-2003,17.450000762939453,17.549999237060547,4582300,18.100000381469727,17.8799991607666,17.8799991607666
06-10-2003,17.440000534057617,17.850000381469727,2413300,17.969999313354492,17.860000610351562,17.860000610351562
07-10-2003,17.579999923706055,17.809999465942383,2583800,18.010000228881836,17.790000915527344,17.790000915527344
08-10-2003,17.5,17.850000381469727,2360300,18.079999923706055,17.610000610351562,17.610000610351562
09-10-2003,17.760000228881836,18.190000534057617,3250400,18.299999237060547,17.889999389648438,17.889999389648438
10-10-2003,17.530000686645508,18.360000610351562,1685700,18.3700008392334,18.0,18.0
13-10-2003,17.790000915527344,18.25,2024100,18.3799991607666,18.030000686645508,18.030000686645508
14-10-2003,17.81999969482422,18.010000228881836,2306100,18.290000915527344,18.219999313354492,18.219999313354492
15-10-2003,17.65999984741211,18.469999313354492,2685500,18.5,17.65999984741211,17.65999984741211
16-10-2003,17.56999969482422,17.6200008392334,2782200,18.18000030517578,18.040000915527344,18.040000915527344
17-10-2003,17.299999237060547,17.959999084472656,3896900,18.0,17.399999618530273,17.399999618530273
20-10-2003,16.940000534057617,17.549999237060547,5873300,17.8700008392334,17.579999923706055,17.579999923706055
21-10-2003,17.260000228881836,17.34000015258789,2618500,17.690000534057617,17.6200008392334,17.6200008392334
22-10-2003,16.969999313354492,17.469999313354492,3339300,17.649999618530273,16.989999771118164,16.989999771118164
23-10-2003,16.309999465942383,16.309999465942383,3530300,16.790000915527344,16.610000610351562,16.610000610351562
24-10-2003,16.010000228881836,16.760000228881836,3410500,16.760000228881836,16.329999923706055,16.329999923706055
27-10-2003,16.450000762939453,16.520000457763672,2907400,17.100000381469727,16.760000228881836,16.760000228881836
28-10-2003,16.959999084472656,17.0,2392000,17.450000762939453,17.43000030517578,17.43000030517578
29-10-2003,17.280000686645508,17.5,3249100,17.950000762939453,17.399999618530273,17.399999618530273
30-10-2003,17.209999084472656,17.889999389648438,2703100,17.950000762939453,17.25,17.25
31-10-2003,16.979999542236328,17.5,2537000,17.5,16.979999542236328,16.979999542236328
03-11-2003,17.1200008392334,17.260000228881836,2675300,17.75,17.739999771118164,17.739999771118164
04-11-2003,17.389999389648438,17.600000381469727,1910600,17.860000610351562,17.399999618530273,17.399999618530273
05-11-2003,17.1200008392334,17.399999618530273,2847200,17.5,17.270000457763672,17.270000457763672
06-11-2003,17.350000381469727,17.389999389648438,4527000,18.049999237060547,17.969999313354492,17.969999313354492
07-11-2003,17.709999084472656,18.5,4060400,18.540000915527344,17.75,17.75
10-11-2003,17.649999618530273,17.649999618530273,2547600,18.06999969482422,17.729999542236328,17.729999542236328
11-11-2003,17.559999465942383,17.600000381469727,2649600,18.0,17.729999542236328,17.729999542236328
12-11-2003,17.780000686645508,17.790000915527344,3495200,18.43000030517578,18.360000610351562,18.360000610351562
13-11-2003,17.959999084472656,18.1299991607666,2211500,18.399999618530273,18.280000686645508,18.280000686645508
14-11-2003,17.299999237060547,18.239999771118164,3515800,18.280000686645508,17.40999984741211,17.40999984741211
17-11-2003,16.790000915527344,17.229999542236328,3812900,17.5,16.940000534057617,16.940000534057617
18-11-2003,16.549999237060547,17.010000228881836,3144700,17.15999984741211,16.59000015258789,16.59000015258789
19-11-2003,16.600000381469727,16.600000381469727,2647300,16.979999542236328,16.799999237060547,16.799999237060547
20-11-2003,16.479999542236328,16.5,2378200,16.989999771118164,16.549999237060547,16.549999237060547
21-11-2003,16.299999237060547,16.540000915527344,2114800,16.809999465942383,16.68000030517578,16.68000030517578
24-11-2003,16.920000076293945,16.920000076293945,4194400,17.729999542236328,17.6200008392334,17.6200008392334
25-11-2003,17.389999389648438,17.739999771118164,2079000,17.75,17.549999237060547,17.549999237060547
26-11-2003,17.420000076293945,17.770000457763672,2317000,17.899999618530273,17.670000076293945,17.670000076293945
28-11-2003,17.309999465942383,17.3799991607666,1075700,17.780000686645508,17.649999618530273,17.649999618530273
01-12-2003,17.65999984741211,17.690000534057617,3151400,18.200000762939453,18.059999465942383,18.059999465942383
02-12-2003,17.600000381469727,17.940000534057617,2374800,18.079999923706055,17.600000381469727,17.600000381469727
03-12-2003,17.600000381469727,17.600000381469727,3193600,18.09000015258789,17.790000915527344,17.790000915527344
04-12-2003,17.3799991607666,17.729999542236328,2788800,17.940000534057617,17.760000228881836,17.760000228881836
05-12-2003,17.350000381469727,17.489999771118164,1828700,17.829999923706055,17.450000762939453,17.450000762939453
08-12-2003,17.1299991607666,17.399999618530273,1765000,17.59000015258789,17.549999237060547,17.549999237060547
09-12-2003,16.850000381469727,17.700000762939453,3424800,17.799999237060547,16.899999618530273,16.899999618530273
10-12-2003,16.790000915527344,16.899999618530273,3553500,17.270000457763672,17.0,17.0
11-12-2003,16.969999313354492,17.1200008392334,1898700,17.549999237060547,17.510000228881836,17.510000228881836
12-12-2003,17.25,17.479999542236328,1840300,17.6299991607666,17.350000381469727,17.350000381469727
15-12-2003,16.950000762939453,17.719999313354492,2156800,17.799999237060547,17.030000686645508,17.030000686645508
16-12-2003,17.1200008392334,17.399999618530273,3911300,17.700000762939453,17.469999313354492,17.469999313354492
17-12-2003,16.760000228881836,17.510000228881836,4659500,17.579999923706055,16.920000076293945,16.920000076293945
18-12-2003,16.799999237060547,16.90999984741211,3286300,17.1200008392334,17.049999237060547,17.049999237060547
19-12-2003,16.510000228881836,17.010000228881836,4594900,17.18000030517578,16.6200008392334,16.6200008392334
22-12-2003,16.479999542236328,16.639999389648438,2533400,16.8799991607666,16.549999237060547,16.549999237060547
23-12-2003,16.530000686645508,16.549999237060547,1828100,16.829999923706055,16.690000534057617,16.690000534057617
24-12-2003,16.5,16.68000030517578,1328400,16.829999923706055,16.540000915527344,16.540000915527344
26-12-2003,16.540000915527344,16.600000381469727,601000,16.75,16.700000762939453,16.700000762939453
29-12-2003,16.6200008392334,16.739999771118164,2443500,17.010000228881836,17.0,17.0
30-12-2003,16.84000015258789,16.950000762939453,1998700,17.06999969482422,17.0,17.0
31-12-2003,16.809999465942383,16.920000076293945,1723900,17.09000015258789,16.860000610351562,16.860000610351562
02-01-2004,16.81999969482422,17.100000381469727,4156200,17.350000381469727,16.8700008392334,16.8700008392334
05-01-2004,17.1299991607666,17.260000228881836,4304000,17.799999237060547,17.68000030517578,17.68000030517578
06-01-2004,17.600000381469727,17.940000534057617,3663700,18.079999923706055,17.899999618530273,17.899999618530273
07-01-2004,17.84000015258789,17.969999313354492,3835600,18.200000762939453,18.040000915527344,18.040000915527344
08-01-2004,17.770000457763672,18.5,5849200,18.540000915527344,17.81999969482422,17.81999969482422
09-01-2004,17.780000686645508,17.899999618530273,4197500,18.25,18.149999618530273,18.149999618530273
12-01-2004,18.190000534057617,18.450000762939453,4600200,18.899999618530273,18.8799991607666,18.8799991607666
13-01-2004,18.200000762939453,19.06999969482422,6137500,19.06999969482422,18.34000015258789,18.34000015258789
14-01-2004,18.440000534057617,18.440000534057617,3548800,18.90999984741211,18.809999465942383,18.809999465942383
15-01-2004,18.6299991607666,18.920000076293945,5111400,19.239999771118164,18.799999237060547,18.799999237060547
16-01-2004,18.920000076293945,19.15999984741211,6987800,20.0,19.950000762939453,19.950000762939453
20-01-2004,20.790000915527344,21.190000534057617,13659400,21.770000457763672,21.610000610351562,21.610000610351562
21-01-2004,20.940000534057617,21.350000381469727,7974300,21.700000762939453,21.149999618530273,21.149999618530273
22-01-2004,20.1299991607666,20.790000915527344,8722100,21.520000457763672,21.06999969482422,21.06999969482422
23-01-2004,21.1200008392334,21.5,5241900,21.56999969482422,21.149999618530273,21.149999618530273
26-01-2004,20.700000762939453,21.030000686645508,4074400,21.43000030517578,21.329999923706055,21.329999923706055
27-01-2004,21.110000610351562,21.489999771118164,4562100,21.68000030517578,21.170000076293945,21.170000076293945
28-01-2004,20.670000076293945,21.270000457763672,3632700,21.469999313354492,20.790000915527344,20.790000915527344
29-01-2004,20.09000015258789,20.860000610351562,3455600,20.90999984741211,20.399999618530273,20.399999618530273
30-01-2004,20.239999771118164,20.549999237060547,2283200,20.700000762939453,20.43000030517578,20.43000030517578
02-02-2004,20.399999618530273,20.639999389648438,2913400,21.079999923706055,20.5,20.5
03-02-2004,20.360000610351562,20.399999618530273,3550500,21.1299991607666,21.06999969482422,21.06999969482422
04-02-2004,20.459999084472656,20.889999389648438,4697400,20.979999542236328,20.670000076293945,20.670000076293945
05-02-2004,19.6200008392334,20.790000915527344,15273800,21.25,20.809999465942383,20.809999465942383
06-02-2004,21.149999618530273,21.5,8494800,22.299999237060547,22.25,22.25
09-02-2004,22.90999984741211,23.549999237060547,10392400,23.709999084472656,23.399999618530273,23.399999618530273
10-02-2004,23.1200008392334,23.1200008392334,5998400,23.959999084472656,23.920000076293945,23.920000076293945
11-02-2004,23.59000015258789,23.989999771118164,4697000,24.1200008392334,24.06999969482422,24.06999969482422
12-02-2004,23.780000686645508,23.809999465942383,3635100,24.100000381469727,23.940000534057617,23.940000534057617
13-02-2004,23.0,23.940000534057617,3511400,23.950000762939453,23.670000076293945,23.670000076293945
17-02-2004,23.600000381469727,23.75,4099800,24.1200008392334,24.0,24.0
18-02-2004,23.5,23.93000030517578,2712500,24.0,23.790000915527344,23.790000915527344
19-02-2004,23.399999618530273,23.850000381469727,2911500,24.100000381469727,23.399999618530273,23.399999618530273
20-02-2004,22.6200008392334,23.399999618530273,4097500,23.450000762939453,22.950000762939453,22.950000762939453
23-02-2004,21.899999618530273,23.059999465942383,4051200,23.09000015258789,22.18000030517578,22.18000030517578
24-02-2004,21.950000762939453,22.170000076293945,3756500,22.700000762939453,22.09000015258789,22.09000015258789
25-02-2004,22.049999237060547,22.139999389648438,3117800,22.760000228881836,22.5,22.5
26-02-2004,22.290000915527344,22.600000381469727,2774200,23.020000457763672,22.950000762939453,22.950000762939453
27-02-2004,22.739999771118164,22.809999465942383,3369000,23.350000381469727,23.020000457763672,23.020000457763672
01-03-2004,23.030000686645508,23.329999923706055,2992800,23.559999465942383,23.540000915527344,23.540000915527344
02-03-2004,23.5,23.56999969482422,3332600,23.850000381469727,23.600000381469727,23.600000381469727
03-03-2004,22.899999618530273,23.68000030517578,2505500,23.709999084472656,23.040000915527344,23.040000915527344
04-03-2004,22.700000762939453,22.899999618530273,1953400,23.299999237060547,23.299999237060547,23.299999237060547
05-03-2004,22.65999984741211,22.969999313354492,2151500,23.25,23.059999465942383,23.059999465942383
08-03-2004,22.920000076293945,23.059999465942383,2909500,23.75,23.0,23.0
09-03-2004,22.389999389648438,22.93000030517578,2767300,23.15999984741211,22.610000610351562,22.610000610351562
10-03-2004,21.450000762939453,22.549999237060547,3629300,22.690000534057617,21.68000030517578,21.68000030517578
11-03-2004,21.1200008392334,21.360000610351562,3594400,21.790000915527344,21.350000381469727,21.350000381469727
12-03-2004,21.31999969482422,21.469999313354492,2563700,21.770000457763672,21.489999771118164,21.489999771118164
15-03-2004,20.5,21.469999313354492,4016400,21.5,20.739999771118164,20.739999771118164
16-03-2004,20.700000762939453,21.010000228881836,2654000,21.219999313354492,20.90999984741211,20.90999984741211
17-03-2004,21.059999465942383,21.290000915527344,2535600,21.729999542236328,21.719999313354492,21.719999313354492
18-03-2004,21.110000610351562,21.709999084472656,2327700,21.770000457763672,21.649999618530273,21.649999618530273
19-03-2004,21.469999313354492,21.540000915527344,3152200,22.170000076293945,21.59000015258789,21.59000015258789
22-03-2004,21.010000228881836,21.469999313354492,3419700,21.5,21.329999923706055,21.329999923706055
23-03-2004,21.139999389648438,21.43000030517578,1975900,21.600000381469727,21.209999084472656,21.209999084472656
24-03-2004,21.020000457763672,21.200000762939453,3101100,21.700000762939453,21.420000076293945,21.420000076293945
25-03-2004,21.399999618530273,21.420000076293945,2747600,22.290000915527344,22.209999084472656,22.209999084472656
26-03-2004,21.799999237060547,22.200000762939453,2637000,22.399999618530273,22.209999084472656,22.209999084472656
29-03-2004,22.399999618530273,22.459999084472656,4275300,23.239999771118164,23.200000762939453,23.200000762939453
30-03-2004,22.989999771118164,23.149999618530273,2886000,23.5,23.110000610351562,23.110000610351562
31-03-2004,22.690000534057617,23.239999771118164,2676100,23.309999465942383,22.75,22.75
01-04-2004,22.790000915527344,22.90999984741211,1746200,23.290000915527344,23.049999237060547,23.049999237060547
02-04-2004,22.989999771118164,23.31999969482422,2494400,23.68000030517578,23.260000228881836,23.260000228881836
05-04-2004,23.059999465942383,23.149999618530273,2951000,23.3799991607666,23.290000915527344,23.290000915527344
06-04-2004,22.600000381469727,23.059999465942383,1827500,23.100000381469727,22.670000076293945,22.670000076293945
07-04-2004,22.399999618530273,22.75,2003300,22.959999084472656,22.65999984741211,22.65999984741211
08-04-2004,22.719999313354492,23.0,2403800,23.190000534057617,22.93000030517578,22.93000030517578
12-04-2004,22.899999618530273,23.049999237060547,1061300,23.440000534057617,23.40999984741211,23.40999984741211
13-04-2004,23.18000030517578,23.559999465942383,2248900,23.639999389648438,23.280000686645508,23.280000686645508
14-04-2004,22.90999984741211,23.110000610351562,2808400,23.309999465942383,22.950000762939453,22.950000762939453
15-04-2004,22.139999389648438,23.239999771118164,2837500,23.239999771118164,22.139999389648438,22.139999389648438
16-04-2004,21.299999237060547,22.5,3913800,22.5,21.3799991607666,21.3799991607666
19-04-2004,21.440000534057617,21.489999771118164,3805000,22.1299991607666,21.940000534057617,21.940000534057617
20-04-2004,22.350000381469727,22.479999542236328,19018200,24.56999969482422,23.68000030517578,23.68000030517578
21-04-2004,23.559999465942383,23.860000610351562,5996100,24.270000457763672,23.969999313354492,23.969999313354492
22-04-2004,23.649999618530273,23.780000686645508,6429000,24.809999465942383,24.809999465942383,24.809999465942383
23-04-2004,24.700000762939453,24.709999084472656,6899900,25.610000610351562,25.59000015258789,25.59000015258789
26-04-2004,24.93000030517578,25.360000610351562,4925300,25.5,25.09000015258789,25.09000015258789
27-04-2004,25.1200008392334,25.209999084472656,3813800,25.68000030517578,25.450000762939453,25.450000762939453
28-04-2004,24.510000228881836,25.25,3533300,25.290000915527344,24.729999542236328,24.729999542236328
29-04-2004,24.209999084472656,24.559999465942383,6962600,25.209999084472656,24.75,24.75
30-04-2004,23.1299991607666,24.770000457763672,5705400,24.799999237060547,23.510000228881836,23.510000228881836
03-05-2004,23.299999237060547,23.600000381469727,4240300,24.0,23.68000030517578,23.68000030517578
04-05-2004,23.3799991607666,23.899999618530273,4550800,24.399999618530273,23.93000030517578,23.93000030517578
05-05-2004,23.600000381469727,23.959999084472656,2141400,24.149999618530273,24.010000228881836,24.010000228881836
06-05-2004,23.09000015258789,23.889999389648438,2442100,23.989999771118164,23.34000015258789,23.34000015258789
07-05-2004,23.059999465942383,23.25,3764800,23.989999771118164,23.6200008392334,23.6200008392334
10-05-2004,22.25,23.280000686645508,4431100,23.3799991607666,22.559999465942383,22.559999465942383
11-05-2004,22.709999084472656,22.709999084472656,2314800,23.280000686645508,23.239999771118164,23.239999771118164
12-05-2004,22.270000457763672,23.079999923706055,2947700,23.43000030517578,23.239999771118164,23.239999771118164
13-05-2004,23.1200008392334,23.239999771118164,2932400,23.899999618530273,23.549999237060547,23.549999237060547
14-05-2004,22.68000030517578,23.549999237060547,2466300,23.65999984741211,22.899999618530273,22.899999618530273
17-05-2004,22.100000381469727,22.389999389648438,4016000,22.610000610351562,22.15999984741211,22.15999984741211
18-05-2004,22.290000915527344,22.329999923706055,1698200,22.649999618530273,22.6200008392334,22.6200008392334
19-05-2004,22.75,22.889999389648438,4012600,23.760000228881836,23.100000381469727,23.100000381469727
20-05-2004,22.90999984741211,23.059999465942383,2053400,23.239999771118164,22.979999542236328,22.979999542236328
21-05-2004,22.809999465942383,23.079999923706055,1701500,23.299999237060547,23.0,23.0
24-05-2004,23.1200008392334,23.299999237060547,2906900,23.579999923706055,23.43000030517578,23.43000030517578
25-05-2004,23.0,23.440000534057617,3103200,23.75,23.739999771118164,23.739999771118164
26-05-2004,23.549999237060547,23.700000762939453,2124100,23.969999313354492,23.780000686645508,23.780000686645508
27-05-2004,23.75,23.989999771118164,1893600,24.200000762939453,23.989999771118164,23.989999771118164
28-05-2004,23.75,23.989999771118164,1329200,23.989999771118164,23.780000686645508,23.780000686645508
01-06-2004,23.389999389648438,23.649999618530273,2077900,23.969999313354492,23.899999618530273,23.899999618530273
02-06-2004,23.950000762939453,24.030000686645508,3087000,24.799999237060547,24.59000015258789,24.59000015258789
03-06-2004,24.139999389648438,24.360000610351562,2274400,24.75,24.350000381469727,24.350000381469727
04-06-2004,24.31999969482422,24.860000610351562,2677800,25.229999542236328,24.420000076293945,24.420000076293945
07-06-2004,24.760000228881836,25.030000686645508,3060800,25.600000381469727,25.600000381469727,25.600000381469727
08-06-2004,25.309999465942383,25.34000015258789,3799500,25.989999771118164,25.899999618530273,25.899999618530273
09-06-2004,25.100000381469727,25.719999313354492,2038700,25.8700008392334,25.18000030517578,25.18000030517578
10-06-2004,25.1200008392334,25.209999084472656,1135500,25.540000915527344,25.299999237060547,25.299999237060547
14-06-2004,24.520000457763672,25.09000015258789,1599700,25.15999984741211,24.600000381469727,24.600000381469727
15-06-2004,24.920000076293945,25.149999618530273,3730500,25.719999313354492,25.18000030517578,25.18000030517578
16-06-2004,25.049999237060547,25.149999618530273,1599300,25.75,25.360000610351562,25.360000610351562
17-06-2004,24.889999389648438,25.290000915527344,1592100,25.510000228881836,24.920000076293945,24.920000076293945
18-06-2004,24.690000534057617,24.81999969482422,2530500,25.299999237060547,25.049999237060547,25.049999237060547
21-06-2004,24.850000381469727,25.31999969482422,2462700,25.469999313354492,24.959999084472656,24.959999084472656
22-06-2004,24.84000015258789,25.170000076293945,2454000,25.3799991607666,25.31999969482422,25.31999969482422
23-06-2004,25.260000228881836,25.399999618530273,4510400,25.969999313354492,25.770000457763672,25.770000457763672
24-06-2004,25.459999084472656,25.899999618530273,2494900,26.100000381469727,25.5,25.5
25-06-2004,25.40999984741211,25.440000534057617,1889100,26.059999465942383,25.8700008392334,25.8700008392334
28-06-2004,25.649999618530273,26.09000015258789,2910900,26.290000915527344,25.850000381469727,25.850000381469727
29-06-2004,25.700000762939453,25.75,4879000,27.09000015258789,26.989999771118164,26.989999771118164
30-06-2004,26.510000228881836,27.0,3711500,27.09000015258789,26.989999771118164,26.989999771118164
01-07-2004,25.75,27.1200008392334,3787900,27.15999984741211,26.149999618530273,26.149999618530273
02-07-2004,25.450000762939453,26.010000228881836,2407300,26.049999237060547,25.709999084472656,25.709999084472656
06-07-2004,24.459999084472656,25.219999313354492,3346800,25.399999618530273,24.729999542236328,24.729999542236328
07-07-2004,23.510000228881836,24.579999923706055,4911700,24.739999771118164,24.190000534057617,24.190000534057617
08-07-2004,23.079999923706055,23.940000534057617,5349300,24.0,23.200000762939453,23.200000762939453
09-07-2004,23.100000381469727,23.5,3211000,23.760000228881836,23.309999465942383,23.309999465942383
12-07-2004,22.790000915527344,23.149999618530273,3306200,23.68000030517578,23.25,23.25
13-07-2004,22.75,23.219999313354492,2476200,23.5,22.850000381469727,22.850000381469727
14-07-2004,22.450000762939453,22.510000228881836,4186400,23.799999237060547,23.200000762939453,23.200000762939453
15-07-2004,21.889999389648438,22.75,8129700,22.8700008392334,22.0,22.0
16-07-2004,21.610000610351562,22.260000228881836,4471600,22.469999313354492,21.6200008392334,21.6200008392334
19-07-2004,20.729999542236328,22.1299991607666,8306400,22.1299991607666,21.280000686645508,21.280000686645508
20-07-2004,21.350000381469727,21.3700008392334,3786000,22.1200008392334,22.06999969482422,22.06999969482422
21-07-2004,21.329999923706055,22.25,3826900,22.389999389648438,21.459999084472656,21.459999084472656
22-07-2004,20.670000076293945,21.59000015258789,5635000,21.639999389648438,21.40999984741211,21.40999984741211
23-07-2004,20.600000381469727,21.399999618530273,3507700,21.43000030517578,20.739999771118164,20.739999771118164
26-07-2004,17.700000762939453,18.600000381469727,18747900,19.139999389648438,18.489999771118164,18.489999771118164
27-07-2004,18.420000076293945,18.600000381469727,6461100,19.110000610351562,18.959999084472656,18.959999084472656
28-07-2004,18.709999084472656,19.170000076293945,4304200,19.3799991607666,19.1299991607666,19.1299991607666
29-07-2004,19.290000915527344,19.450000762939453,3577400,19.950000762939453,19.829999923706055,19.829999923706055
30-07-2004,19.549999237060547,19.8799991607666,2318700,20.010000228881836,19.889999389648438,19.889999389648438
02-08-2004,19.110000610351562,19.389999389648438,2491900,19.75,19.700000762939453,19.700000762939453
03-08-2004,18.329999923706055,19.649999618530273,6141700,19.81999969482422,18.459999084472656,18.459999084472656
04-08-2004,18.049999237060547,18.100000381469727,6653500,18.729999542236328,18.649999618530273,18.649999618530273
05-08-2004,17.75,18.850000381469727,4640300,18.8799991607666,17.90999984741211,17.90999984741211
06-08-2004,17.239999771118164,17.440000534057617,4166400,17.829999923706055,17.350000381469727,17.350000381469727
09-08-2004,17.299999237060547,17.6299991607666,3189900,17.799999237060547,17.3799991607666,17.3799991607666
10-08-2004,17.260000228881836,17.3700008392334,5567400,17.56999969482422,17.56999969482422,17.56999969482422
11-08-2004,16.760000228881836,17.260000228881836,4516400,17.260000228881836,17.030000686645508,17.030000686645508
12-08-2004,16.459999084472656,16.8799991607666,4388400,17.010000228881836,16.56999969482422,16.56999969482422
13-08-2004,16.59000015258789,16.719999313354492,3095500,17.0,16.899999618530273,16.899999618530273
16-08-2004,16.549999237060547,16.549999237060547,2242700,17.510000228881836,17.229999542236328,17.229999542236328
17-08-2004,17.40999984741211,17.489999771118164,2602700,17.790000915527344,17.59000015258789,17.59000015258789
18-08-2004,17.489999771118164,17.6299991607666,3954300,18.34000015258789,18.25,18.25
19-08-2004,18.020000457763672,18.25,3850000,18.530000686645508,18.34000015258789,18.34000015258789
20-08-2004,18.18000030517578,18.360000610351562,2894000,18.579999923706055,18.239999771118164,18.239999771118164
23-08-2004,18.149999618530273,18.25,1518300,18.489999771118164,18.219999313354492,18.219999313354492
24-08-2004,18.139999389648438,18.329999923706055,2647900,18.600000381469727,18.34000015258789,18.34000015258789
25-08-2004,18.260000228881836,18.389999389648438,2132500,18.59000015258789,18.31999969482422,18.31999969482422
26-08-2004,18.15999984741211,18.239999771118164,1743800,18.68000030517578,18.260000228881836,18.260000228881836
27-08-2004,18.190000534057617,18.34000015258789,1329400,18.600000381469727,18.479999542236328,18.479999542236328
30-08-2004,17.90999984741211,18.3799991607666,2200600,18.450000762939453,17.920000076293945,17.920000076293945
31-08-2004,17.389999389648438,17.959999084472656,3336000,18.079999923706055,17.540000915527344,17.540000915527344
01-09-2004,17.360000610351562,17.690000534057617,1820700,17.889999389648438,17.600000381469727,17.600000381469727
02-09-2004,17.610000610351562,17.6299991607666,1040300,18.219999313354492,18.06999969482422,18.06999969482422
03-09-2004,17.40999984741211,18.079999923706055,1971900,18.170000076293945,17.520000457763672,17.520000457763672
07-09-2004,17.65999984741211,17.700000762939453,1671800,18.010000228881836,17.799999237060547,17.799999237060547
08-09-2004,17.579999923706055,17.770000457763672,1569700,17.93000030517578,17.790000915527344,17.790000915527344
09-09-2004,17.489999771118164,17.850000381469727,1782100,18.0,18.0,18.0
10-09-2004,17.93000030517578,17.989999771118164,3869400,19.049999237060547,18.940000534057617,18.940000534057617
13-09-2004,18.81999969482422,19.270000457763672,3578200,19.549999237060547,19.420000076293945,19.420000076293945
14-09-2004,19.239999771118164,19.520000457763672,1758300,19.649999618530273,19.530000686645508,19.530000686645508
15-09-2004,19.020000457763672,19.5,2575500,19.549999237060547,19.020000457763672,19.020000457763672
16-09-2004,18.799999237060547,19.020000457763672,2027000,19.43000030517578,18.979999542236328,18.979999542236328
17-09-2004,18.8700008392334,19.149999618530273,1503600,19.229999542236328,18.959999084472656,18.959999084472656
20-09-2004,18.559999465942383,19.020000457763672,1531200,19.049999237060547,18.90999984741211,18.90999984741211
21-09-2004,18.59000015258789,18.760000228881836,2108900,19.100000381469727,18.760000228881836,18.760000228881836
22-09-2004,17.889999389648438,18.700000762939453,3275200,18.829999923706055,17.950000762939453,17.950000762939453
23-09-2004,17.81999969482422,18.010000228881836,2540700,18.360000610351562,17.920000076293945,17.920000076293945
24-09-2004,17.110000610351562,18.0,4040900,18.0,17.190000534057617,17.190000534057617
27-09-2004,16.899999618530273,17.079999923706055,2502100,17.309999465942383,16.979999542236328,16.979999542236328
28-09-2004,16.8799991607666,16.889999389648438,2340500,17.1200008392334,17.010000228881836,17.010000228881836
29-09-2004,16.889999389648438,17.0,3134800,17.270000457763672,17.06999969482422,17.06999969482422
30-09-2004,16.639999389648438,17.09000015258789,2369100,17.100000381469727,16.969999313354492,16.969999313354492
01-10-2004,16.899999618530273,17.239999771118164,6436200,18.59000015258789,18.40999984741211,18.40999984741211
04-10-2004,18.18000030517578,19.790000915527344,4260700,19.790000915527344,18.260000228881836,18.260000228881836
05-10-2004,18.280000686645508,18.280000686645508,3451700,18.84000015258789,18.34000015258789,18.34000015258789
06-10-2004,18.139999389648438,18.450000762939453,2215200,18.600000381469727,18.440000534057617,18.440000534057617
07-10-2004,18.049999237060547,18.420000076293945,1734500,18.5,18.239999771118164,18.239999771118164
08-10-2004,17.739999771118164,17.8700008392334,3650100,18.1299991607666,17.850000381469727,17.850000381469727
11-10-2004,17.969999313354492,18.020000457763672,2538100,18.479999542236328,18.260000228881836,18.260000228881836
12-10-2004,17.90999984741211,18.100000381469727,2710200,18.459999084472656,18.309999465942383,18.309999465942383
13-10-2004,18.149999618530273,18.5,2301700,18.6200008392334,18.209999084472656,18.209999084472656
14-10-2004,17.90999984741211,18.420000076293945,2164600,18.420000076293945,18.079999923706055,18.079999923706055
15-10-2004,17.450000762939453,17.739999771118164,5976500,18.290000915527344,17.920000076293945,17.920000076293945
18-10-2004,19.799999237060547,19.90999984741211,17990900,21.219999313354492,21.100000381469727,21.100000381469727
19-10-2004,20.610000610351562,20.989999771118164,6728600,21.329999923706055,20.829999923706055,20.829999923706055
20-10-2004,20.639999389648438,20.639999389648438,3534000,21.010000228881836,20.760000228881836,20.760000228881836
21-10-2004,20.860000610351562,20.8799991607666,6327400,22.0,21.75,21.75
22-10-2004,21.219999313354492,21.860000610351562,4117200,21.90999984741211,21.280000686645508,21.280000686645508
25-10-2004,20.950000762939453,20.979999542236328,2094300,21.450000762939453,21.209999084472656,21.209999084472656
26-10-2004,20.979999542236328,21.219999313354492,1948800,21.6200008392334,21.489999771118164,21.489999771118164
27-10-2004,21.309999465942383,21.329999923706055,4365000,22.530000686645508,22.510000228881836,22.510000228881836
28-10-2004,22.1200008392334,22.299999237060547,2700200,22.540000915527344,22.5,22.5
29-10-2004,22.420000076293945,22.729999542236328,2497000,22.989999771118164,22.6200008392334,22.6200008392334
01-11-2004,22.280000686645508,22.600000381469727,2157000,22.899999618530273,22.799999237060547,22.799999237060547
02-11-2004,22.280000686645508,22.729999542236328,3591700,23.059999465942383,22.540000915527344,22.540000915527344
03-11-2004,22.510000228881836,22.90999984741211,2207300,23.040000915527344,22.670000076293945,22.670000076293945
04-11-2004,22.600000381469727,22.829999923706055,2013200,23.049999237060547,22.950000762939453,22.950000762939453
05-11-2004,23.0,23.389999389648438,2231900,23.399999618530273,23.399999618530273,23.399999618530273
08-11-2004,22.84000015258789,22.84000015258789,1970200,23.479999542236328,23.389999389648438,23.389999389648438
09-11-2004,22.8700008392334,23.399999618530273,1740400,23.489999771118164,23.06999969482422,23.06999969482422
10-11-2004,22.030000686645508,22.549999237060547,5447200,22.84000015258789,22.510000228881836,22.510000228881836
11-11-2004,22.350000381469727,22.459999084472656,2430000,23.030000686645508,22.989999771118164,22.989999771118164
12-11-2004,22.93000030517578,23.0,2474100,23.329999923706055,23.110000610351562,23.110000610351562
15-11-2004,23.09000015258789,23.489999771118164,3385100,23.489999771118164,23.280000686645508,23.280000686645508
16-11-2004,22.8799991607666,23.09000015258789,1518100,23.25,23.020000457763672,23.020000457763672
17-11-2004,23.260000228881836,23.290000915527344,3379800,23.899999618530273,23.719999313354492,23.719999313354492
18-11-2004,23.639999389648438,23.690000534057617,4640200,24.739999771118164,24.549999237060547,24.549999237060547
19-11-2004,23.809999465942383,24.489999771118164,3876200,24.75,24.049999237060547,24.049999237060547
22-11-2004,23.59000015258789,23.700000762939453,2583500,24.399999618530273,24.290000915527344,24.290000915527344
23-11-2004,23.979999542236328,24.200000762939453,2831900,24.600000381469727,23.979999542236328,23.979999542236328
24-11-2004,23.93000030517578,23.959999084472656,2395000,24.31999969482422,24.309999465942383,24.309999465942383
26-11-2004,23.979999542236328,24.260000228881836,1107700,24.280000686645508,24.06999969482422,24.06999969482422
29-11-2004,23.56999969482422,23.700000762939453,3915200,24.170000076293945,23.8799991607666,23.8799991607666
30-11-2004,23.459999084472656,23.899999618530273,2856500,24.0,23.739999771118164,23.739999771118164
01-12-2004,23.739999771118164,23.760000228881836,3123500,24.440000534057617,24.389999389648438,24.389999389648438
02-12-2004,23.709999084472656,24.43000030517578,4303000,24.510000228881836,24.09000015258789,24.09000015258789
03-12-2004,24.030000686645508,24.1299991607666,2511200,24.3700008392334,24.200000762939453,24.200000762939453
06-12-2004,24.399999618530273,24.59000015258789,4074200,25.079999923706055,25.040000915527344,25.040000915527344
07-12-2004,24.170000076293945,25.06999969482422,3228300,25.200000762939453,24.25,24.25
08-12-2004,23.829999923706055,24.389999389648438,2739200,24.81999969482422,24.549999237060547,24.549999237060547
09-12-2004,24.110000610351562,24.200000762939453,3362500,25.1299991607666,25.040000915527344,25.040000915527344
10-12-2004,24.579999923706055,24.780000686645508,3577400,25.389999389648438,24.75,24.75
13-12-2004,24.780000686645508,24.84000015258789,1787600,25.25,24.989999771118164,24.989999771118164
14-12-2004,25.059999465942383,25.110000610351562,7115300,26.209999084472656,25.989999771118164,25.989999771118164
15-12-2004,25.459999084472656,25.760000228881836,2287800,25.950000762939453,25.760000228881836,25.760000228881836
16-12-2004,24.690000534057617,25.719999313354492,2882500,25.75,24.809999465942383,24.809999465942383
17-12-2004,24.469999313354492,25.239999771118164,2806000,25.290000915527344,24.75,24.75
20-12-2004,23.979999542236328,24.780000686645508,2635900,25.1299991607666,24.25,24.25
21-12-2004,23.8700008392334,24.100000381469727,2045300,24.420000076293945,24.420000076293945,24.420000076293945
22-12-2004,23.889999389648438,24.270000457763672,2866100,25.209999084472656,24.360000610351562,24.360000610351562
23-12-2004,24.0,24.010000228881836,1608700,24.719999313354492,24.65999984741211,24.65999984741211
27-12-2004,24.5,24.760000228881836,1424500,24.93000030517578,24.610000610351562,24.610000610351562
28-12-2004,24.399999618530273,24.56999969482422,1238400,24.860000610351562,24.75,24.75
29-12-2004,24.440000534057617,24.549999237060547,1128300,24.899999618530273,24.5,24.5
30-12-2004,24.360000610351562,24.360000610351562,902000,24.600000381469727,24.469999313354492,24.469999313354492
31-12-2004,24.350000381469727,24.350000381469727,1385900,24.860000610351562,24.6299991607666,24.6299991607666
03-01-2005,24.469999313354492,25.0,3603900,25.420000076293945,24.850000381469727,24.850000381469727
04-01-2005,23.700000762939453,24.989999771118164,3696600,25.3799991607666,24.049999237060547,24.049999237060547
05-01-2005,24.020000457763672,24.020000457763672,2951400,24.700000762939453,24.18000030517578,24.18000030517578
06-01-2005,23.049999237060547,23.729999542236328,5604200,23.81999969482422,23.209999084472656,23.209999084472656
07-01-2005,22.25,22.860000610351562,5626600,23.489999771118164,23.280000686645508,23.280000686645508
10-01-2005,22.889999389648438,23.049999237060547,2854200,23.43000030517578,23.15999984741211,23.15999984741211
11-01-2005,22.520000457763672,22.8799991607666,2009000,23.15999984741211,22.889999389648438,22.889999389648438
12-01-2005,22.200000762939453,22.940000534057617,3445300,23.149999618530273,23.040000915527344,23.040000915527344
13-01-2005,22.3700008392334,22.850000381469727,2891000,23.040000915527344,22.389999389648438,22.389999389648438
14-01-2005,22.40999984741211,22.450000762939453,3511800,23.219999313354492,23.030000686645508,23.030000686645508
18-01-2005,22.850000381469727,23.31999969482422,5286500,23.549999237060547,22.969999313354492,22.969999313354492
19-01-2005,23.8700008392334,24.0,12116700,24.729999542236328,23.959999084472656,23.959999084472656
20-01-2005,23.790000915527344,24.010000228881836,4031500,24.420000076293945,23.850000381469727,23.850000381469727
21-01-2005,23.770000457763672,23.889999389648438,4148100,24.43000030517578,24.229999542236328,24.229999542236328
24-01-2005,23.93000030517578,24.260000228881836,2783400,24.5,23.959999084472656,23.959999084472656
25-01-2005,23.799999237060547,24.010000228881836,2589700,24.399999618530273,23.850000381469727,23.850000381469727
26-01-2005,23.90999984741211,23.90999984741211,2431700,24.40999984741211,24.219999313354492,24.219999313354492
27-01-2005,23.739999771118164,24.15999984741211,2493200,24.6200008392334,24.420000076293945,24.420000076293945
28-01-2005,23.549999237060547,24.43000030517578,2910800,24.81999969482422,23.889999389648438,23.889999389648438
31-01-2005,24.110000610351562,24.260000228881836,2505500,24.5,24.280000686645508,24.280000686645508
01-02-2005,24.049999237060547,24.049999237060547,2533300,24.479999542236328,24.200000762939453,24.200000762939453
02-02-2005,24.209999084472656,24.229999542236328,1676000,24.549999237060547,24.3700008392334,24.3700008392334
03-02-2005,24.3700008392334,24.520000457763672,2977600,24.8799991607666,24.75,24.75
04-02-2005,24.56999969482422,24.799999237060547,3957100,25.200000762939453,24.950000762939453,24.950000762939453
07-02-2005,24.030000686645508,25.270000457763672,5551100,25.309999465942383,24.920000076293945,24.920000076293945
08-02-2005,24.100000381469727,24.670000076293945,3185200,24.760000228881836,24.270000457763672,24.270000457763672
09-02-2005,23.639999389648438,24.399999618530273,4643800,24.59000015258789,23.770000457763672,23.770000457763672
10-02-2005,23.520000457763672,23.940000534057617,3274500,24.020000457763672,23.75,23.75
11-02-2005,23.5,23.75,2207400,24.299999237060547,23.899999618530273,23.899999618530273
14-02-2005,23.809999465942383,24.010000228881836,1689400,24.18000030517578,23.850000381469727,23.850000381469727
15-02-2005,22.899999618530273,23.860000610351562,4987800,23.899999618530273,23.149999618530273,23.149999618530273
16-02-2005,22.799999237060547,23.040000915527344,3563700,23.5,23.09000015258789,23.09000015258789
17-02-2005,22.5,23.149999618530273,2707500,23.15999984741211,22.56999969482422,22.56999969482422
18-02-2005,22.459999084472656,22.549999237060547,2739400,23.059999465942383,22.940000534057617,22.940000534057617
22-02-2005,22.290000915527344,22.780000686645508,2981700,23.170000076293945,22.3799991607666,22.3799991607666
23-02-2005,22.200000762939453,22.559999465942383,1736900,22.670000076293945,22.459999084472656,22.459999084472656
24-02-2005,22.100000381469727,22.149999618530273,2141300,22.6200008392334,22.530000686645508,22.530000686645508
25-02-2005,22.1200008392334,22.549999237060547,2080200,22.579999923706055,22.399999618530273,22.399999618530273
28-02-2005,21.649999618530273,22.510000228881836,3934700,22.649999618530273,22.1299991607666,22.1299991607666
01-03-2005,22.18000030517578,22.31999969482422,2344500,22.899999618530273,22.8700008392334,22.8700008392334
02-03-2005,22.219999313354492,22.690000534057617,2468000,22.799999237060547,22.459999084472656,22.459999084472656
03-03-2005,22.020000457763672,22.479999542236328,3042200,22.559999465942383,22.200000762939453,22.200000762939453
04-03-2005,22.06999969482422,22.3700008392334,2868400,22.489999771118164,22.100000381469727,22.100000381469727
07-03-2005,22.030000686645508,22.040000915527344,2943900,22.739999771118164,22.6200008392334,22.6200008392334
08-03-2005,22.149999618530273,22.6200008392334,2387200,22.700000762939453,22.43000030517578,22.43000030517578
09-03-2005,22.18000030517578,22.350000381469727,2222200,22.649999618530273,22.3700008392334,22.3700008392334
10-03-2005,22.020000457763672,22.31999969482422,2695400,22.5,22.350000381469727,22.350000381469727
11-03-2005,22.1299991607666,22.440000534057617,1512900,22.59000015258789,22.239999771118164,22.239999771118164
14-03-2005,21.739999771118164,22.200000762939453,2786400,22.350000381469727,21.950000762939453,21.950000762939453
15-03-2005,20.75,21.979999542236328,7622100,22.06999969482422,21.079999923706055,21.079999923706055
16-03-2005,20.760000228881836,20.799999237060547,2705600,21.40999984741211,21.18000030517578,21.18000030517578
17-03-2005,20.950000762939453,21.18000030517578,1740100,21.450000762939453,21.15999984741211,21.15999984741211
18-03-2005,20.90999984741211,21.170000076293945,1678600,21.350000381469727,21.100000381469727,21.100000381469727
21-03-2005,20.989999771118164,21.139999389648438,1520300,21.350000381469727,21.290000915527344,21.290000915527344
22-03-2005,20.709999084472656,21.389999389648438,1955100,21.43000030517578,20.799999237060547,20.799999237060547
23-03-2005,20.1200008392334,20.65999984741211,6006200,20.770000457763672,20.700000762939453,20.700000762939453
24-03-2005,20.700000762939453,20.8700008392334,2376700,21.079999923706055,20.790000915527344,20.790000915527344
28-03-2005,21.040000915527344,21.09000015258789,2491000,21.5,21.079999923706055,21.079999923706055
29-03-2005,21.030000686645508,21.030000686645508,3563200,21.790000915527344,21.479999542236328,21.479999542236328
30-03-2005,21.469999313354492,21.489999771118164,2480100,21.989999771118164,21.84000015258789,21.84000015258789
31-03-2005,21.68000030517578,21.8799991607666,2717900,22.020000457763672,21.739999771118164,21.739999771118164
01-04-2005,21.700000762939453,21.850000381469727,2101800,22.25,21.84000015258789,21.84000015258789
04-04-2005,21.469999313354492,21.81999969482422,1925400,22.100000381469727,21.979999542236328,21.979999542236328
05-04-2005,21.68000030517578,21.829999923706055,1411600,22.040000915527344,21.799999237060547,21.799999237060547
06-04-2005,21.84000015258789,21.940000534057617,1453800,22.280000686645508,21.899999618530273,21.899999618530273
07-04-2005,21.899999618530273,21.950000762939453,2566100,22.479999542236328,22.389999389648438,22.389999389648438
08-04-2005,22.049999237060547,22.3700008392334,1463300,22.579999923706055,22.09000015258789,22.09000015258789
11-04-2005,21.899999618530273,22.15999984741211,1427500,22.200000762939453,22.030000686645508,22.030000686645508
12-04-2005,22.31999969482422,22.450000762939453,4776000,23.290000915527344,23.020000457763672,23.020000457763672
13-04-2005,22.829999923706055,22.950000762939453,3202500,23.469999313354492,23.299999237060547,23.299999237060547
14-04-2005,22.3700008392334,23.280000686645508,3098600,23.3799991607666,22.700000762939453,22.700000762939453
15-04-2005,21.579999923706055,22.350000381469727,3606800,22.600000381469727,21.799999237060547,21.799999237060547
18-04-2005,20.110000610351562,20.8700008392334,6803700,21.719999313354492,21.3700008392334,21.3700008392334
19-04-2005,20.6200008392334,21.40999984741211,5354800,21.489999771118164,21.25,21.25
20-04-2005,20.459999084472656,21.309999465942383,3301400,21.34000015258789,20.709999084472656,20.709999084472656
21-04-2005,20.860000610351562,20.90999984741211,3101500,21.479999542236328,21.25,21.25
22-04-2005,20.81999969482422,21.100000381469727,2176100,21.25,20.899999618530273,20.899999618530273
25-04-2005,20.829999923706055,21.1299991607666,1647200,21.149999618530273,21.030000686645508,21.030000686645508
26-04-2005,20.610000610351562,20.649999618530273,2607200,21.299999237060547,20.950000762939453,20.950000762939453
27-04-2005,20.780000686645508,20.93000030517578,1406100,21.079999923706055,21.020000457763672,21.020000457763672
28-04-2005,20.440000534057617,20.860000610351562,1933700,20.920000076293945,20.510000228881836,20.510000228881836
29-04-2005,20.190000534057617,20.6200008392334,2473600,21.170000076293945,20.950000762939453,20.950000762939453
02-05-2005,21.0,21.100000381469727,1777500,21.299999237060547,21.200000762939453,21.200000762939453
03-05-2005,21.110000610351562,21.190000534057617,2448500,21.81999969482422,21.520000457763672,21.520000457763672
04-05-2005,21.510000228881836,21.520000457763672,2156000,22.1299991607666,22.030000686645508,22.030000686645508
05-05-2005,21.829999923706055,21.950000762939453,2204400,22.200000762939453,22.020000457763672,22.020000457763672
06-05-2005,21.639999389648438,22.06999969482422,2046500,22.170000076293945,22.0,22.0
09-05-2005,21.90999984741211,21.950000762939453,1569000,22.280000686645508,22.229999542236328,22.229999542236328
10-05-2005,22.040000915527344,22.170000076293945,1327100,22.290000915527344,22.170000076293945,22.170000076293945
11-05-2005,21.979999542236328,22.149999618530273,1468000,22.489999771118164,22.40999984741211,22.40999984741211
12-05-2005,21.93000030517578,22.389999389648438,2593400,22.479999542236328,22.040000915527344,22.040000915527344
13-05-2005,21.969999313354492,22.0,1700000,22.579999923706055,22.450000762939453,22.450000762939453
16-05-2005,22.149999618530273,22.40999984741211,758500,22.479999542236328,22.479999542236328,22.479999542236328
17-05-2005,22.1200008392334,22.270000457763672,894800,22.6200008392334,22.6200008392334,22.6200008392334
18-05-2005,22.559999465942383,22.559999465942383,2097500,23.010000228881836,22.950000762939453,22.950000762939453
19-05-2005,22.600000381469727,23.0,1953100,23.0,22.760000228881836,22.760000228881836
20-05-2005,22.56999969482422,22.729999542236328,1335700,22.920000076293945,22.860000610351562,22.860000610351562
23-05-2005,22.739999771118164,22.979999542236328,3004700,23.09000015258789,22.84000015258789,22.84000015258789
24-05-2005,22.5,22.829999923706055,1945500,23.0,22.950000762939453,22.950000762939453
25-05-2005,22.729999542236328,22.8700008392334,1350300,22.959999084472656,22.889999389648438,22.889999389648438
26-05-2005,22.68000030517578,22.989999771118164,2174800,23.049999237060547,22.790000915527344,22.790000915527344
27-05-2005,22.579999923706055,22.8700008392334,1284700,22.8700008392334,22.770000457763672,22.770000457763672
31-05-2005,22.440000534057617,22.969999313354492,2218000,22.969999313354492,22.719999313354492,22.719999313354492
01-06-2005,22.43000030517578,22.770000457763672,1760100,22.950000762939453,22.770000457763672,22.770000457763672
02-06-2005,22.420000076293945,22.610000610351562,1302700,22.770000457763672,22.770000457763672,22.770000457763672
03-06-2005,22.31999969482422,22.690000534057617,1362500,22.739999771118164,22.420000076293945,22.420000076293945
06-06-2005,21.959999084472656,22.360000610351562,1583000,22.440000534057617,22.309999465942383,22.309999465942383
07-06-2005,22.040000915527344,22.469999313354492,2419900,22.520000457763672,22.190000534057617,22.190000534057617
08-06-2005,21.899999618530273,22.200000762939453,1305800,22.350000381469727,22.059999465942383,22.059999465942383
09-06-2005,21.65999984741211,22.059999465942383,1867800,22.079999923706055,22.0,22.0
10-06-2005,21.06999969482422,21.950000762939453,4151400,21.950000762939453,21.239999771118164,21.239999771118164
13-06-2005,21.100000381469727,21.200000762939453,1888800,21.809999465942383,21.489999771118164,21.489999771118164
14-06-2005,21.1200008392334,21.6200008392334,1321600,21.6200008392334,21.190000534057617,21.190000534057617
15-06-2005,21.030000686645508,21.299999237060547,1517200,21.450000762939453,21.399999618530273,21.399999618530273
16-06-2005,21.389999389648438,21.459999084472656,1706800,21.81999969482422,21.739999771118164,21.739999771118164
17-06-2005,21.510000228881836,21.899999618530273,3794700,22.100000381469727,21.510000228881836,21.510000228881836
20-06-2005,21.110000610351562,21.260000228881836,2366900,21.450000762939453,21.190000534057617,21.190000534057617
21-06-2005,21.020000457763672,21.100000381469727,1294800,21.219999313354492,21.139999389648438,21.139999389648438
22-06-2005,20.770000457763672,21.149999618530273,2210800,21.350000381469727,20.899999618530273,20.899999618530273
23-06-2005,20.469999313354492,20.899999618530273,2905200,21.170000076293945,20.579999923706055,20.579999923706055
24-06-2005,19.969999313354492,20.5,2948800,20.639999389648438,20.06999969482422,20.06999969482422
27-06-2005,19.81999969482422,20.059999465942383,1933600,20.139999389648438,19.889999389648438,19.889999389648438
28-06-2005,19.799999237060547,19.84000015258789,2599300,20.0,19.93000030517578,19.93000030517578
29-06-2005,19.6200008392334,20.0,2395900,20.020000457763672,19.670000076293945,19.670000076293945
30-06-2005,19.56999969482422,19.719999313354492,3438400,20.219999313354492,19.829999923706055,19.829999923706055
01-07-2005,19.959999084472656,19.969999313354492,3061100,20.780000686645508,20.25,20.25
05-07-2005,20.0,20.290000915527344,2420900,20.649999618530273,20.309999465942383,20.309999465942383
06-07-2005,20.549999237060547,20.579999923706055,4018300,21.239999771118164,21.020000457763672,21.020000457763672
07-07-2005,20.75,20.84000015258789,1810700,21.100000381469727,21.0,21.0
08-07-2005,20.56999969482422,20.68000030517578,3999300,21.219999313354492,20.8799991607666,20.8799991607666
11-07-2005,20.959999084472656,21.0,2155400,21.68000030517578,21.639999389648438,21.639999389648438
12-07-2005,21.030000686645508,21.5,1908400,21.600000381469727,21.350000381469727,21.350000381469727
13-07-2005,20.850000381469727,21.450000762939453,2007100,21.450000762939453,21.389999389648438,21.389999389648438
14-07-2005,21.190000534057617,21.5,1124000,21.59000015258789,21.329999923706055,21.329999923706055
15-07-2005,21.15999984741211,21.670000076293945,1565900,21.670000076293945,21.399999618530273,21.399999618530273
18-07-2005,21.260000228881836,21.3799991607666,2361100,21.6299991607666,21.6200008392334,21.6200008392334
19-07-2005,22.760000228881836,22.780000686645508,12727900,23.950000762939453,23.040000915527344,23.040000915527344
20-07-2005,22.75,22.799999237060547,3555300,23.540000915527344,23.389999389648438,23.389999389648438
21-07-2005,23.049999237060547,23.469999313354492,2053200,23.540000915527344,23.229999542236328,23.229999542236328
22-07-2005,22.829999923706055,23.34000015258789,1343800,23.459999084472656,23.020000457763672,23.020000457763672
25-07-2005,22.690000534057617,22.93000030517578,1455200,23.25,22.950000762939453,22.950000762939453
26-07-2005,22.760000228881836,23.030000686645508,1628800,23.190000534057617,22.760000228881836,22.760000228881836
27-07-2005,22.510000228881836,22.770000457763672,1899600,22.90999984741211,22.700000762939453,22.700000762939453
28-07-2005,22.239999771118164,22.700000762939453,2388700,22.850000381469727,22.770000457763672,22.770000457763672
29-07-2005,22.5,22.90999984741211,1690600,23.0,22.530000686645508,22.530000686645508
01-08-2005,22.25,22.530000686645508,2032600,22.56999969482422,22.459999084472656,22.459999084472656
02-08-2005,22.329999923706055,22.3700008392334,1275800,22.649999618530273,22.5,22.5
03-08-2005,22.010000228881836,22.31999969482422,2171000,22.459999084472656,22.09000015258789,22.09000015258789
04-08-2005,21.90999984741211,22.139999389648438,2444400,22.239999771118164,22.0,22.0
05-08-2005,21.950000762939453,22.020000457763672,1465200,22.34000015258789,21.979999542236328,21.979999542236328
08-08-2005,21.850000381469727,22.010000228881836,1366400,22.1299991607666,21.979999542236328,21.979999542236328
09-08-2005,21.809999465942383,22.040000915527344,1117700,22.25,21.969999313354492,21.969999313354492
10-08-2005,21.75,21.899999618530273,1552300,22.079999923706055,21.81999969482422,21.81999969482422
11-08-2005,21.770000457763672,21.770000457763672,1827600,22.020000457763672,21.940000534057617,21.940000534057617
12-08-2005,21.770000457763672,21.860000610351562,1800000,22.309999465942383,22.239999771118164,22.239999771118164
15-08-2005,22.149999618530273,22.209999084472656,1771400,22.59000015258789,22.450000762939453,22.450000762939453
16-08-2005,22.200000762939453,22.40999984741211,2455600,22.59000015258789,22.299999237060547,22.299999237060547
17-08-2005,22.010000228881836,22.170000076293945,1276600,22.5,22.3700008392334,22.3700008392334
18-08-2005,22.239999771118164,22.239999771118164,2127000,22.81999969482422,22.75,22.75
19-08-2005,22.469999313354492,22.729999542236328,1696900,22.8700008392334,22.549999237060547,22.549999237060547
22-08-2005,22.440000534057617,22.559999465942383,1246300,22.68000030517578,22.559999465942383,22.559999465942383
23-08-2005,22.200000762939453,22.510000228881836,978900,22.600000381469727,22.239999771118164,22.239999771118164
24-08-2005,21.90999984741211,22.239999771118164,994300,22.3700008392334,21.989999771118164,21.989999771118164
25-08-2005,21.799999237060547,22.040000915527344,1148500,22.15999984741211,22.100000381469727,22.100000381469727
26-08-2005,21.850000381469727,22.15999984741211,732100,22.190000534057617,21.969999313354492,21.969999313354492
29-08-2005,21.899999618530273,21.93000030517578,1248500,22.489999771118164,22.360000610351562,22.360000610351562
30-08-2005,22.25,22.31999969482422,1808200,22.719999313354492,22.649999618530273,22.649999618530273
31-08-2005,22.34000015258789,22.610000610351562,1482700,22.770000457763672,22.559999465942383,22.559999465942383
01-09-2005,22.100000381469727,22.450000762939453,1092400,22.510000228881836,22.459999084472656,22.459999084472656
02-09-2005,22.200000762939453,22.420000076293945,965700,22.690000534057617,22.34000015258789,22.34000015258789
06-09-2005,22.1200008392334,22.25,2003800,22.959999084472656,22.889999389648438,22.889999389648438
07-09-2005,22.84000015258789,23.0,1435000,23.299999237060547,23.270000457763672,23.270000457763672
08-09-2005,22.93000030517578,23.149999618530273,1275300,23.350000381469727,23.149999618530273,23.149999618530273
09-09-2005,22.850000381469727,23.100000381469727,1377100,23.489999771118164,23.43000030517578,23.43000030517578
12-09-2005,23.280000686645508,23.40999984741211,2574700,24.010000228881836,23.579999923706055,23.579999923706055
13-09-2005,23.329999923706055,23.5,1579500,24.06999969482422,23.979999542236328,23.979999542236328
14-09-2005,23.43000030517578,24.040000915527344,1411900,24.040000915527344,23.520000457763672,23.520000457763672
15-09-2005,23.239999771118164,23.540000915527344,1606800,23.579999923706055,23.25,23.25
16-09-2005,22.93000030517578,23.149999618530273,1893400,23.43000030517578,23.43000030517578,23.43000030517578
19-09-2005,23.219999313354492,23.5,1544100,23.520000457763672,23.389999389648438,23.389999389648438
20-09-2005,23.219999313354492,23.350000381469727,2075000,23.709999084472656,23.479999542236328,23.479999542236328
21-09-2005,22.889999389648438,23.31999969482422,1836500,23.399999618530273,23.059999465942383,23.059999465942383
22-09-2005,22.829999923706055,23.010000228881836,1687700,23.520000457763672,23.1299991607666,23.1299991607666
23-09-2005,22.829999923706055,23.010000228881836,943500,23.209999084472656,23.190000534057617,23.190000534057617
26-09-2005,23.059999465942383,23.15999984741211,1405600,23.719999313354492,23.649999618530273,23.649999618530273
27-09-2005,22.950000762939453,23.700000762939453,2094300,23.700000762939453,23.190000534057617,23.190000534057617
28-09-2005,23.139999389648438,23.299999237060547,1069600,23.579999923706055,23.399999618530273,23.399999618530273
29-09-2005,23.010000228881836,23.3799991607666,1916700,23.5,23.5,23.5
30-09-2005,23.600000381469727,23.739999771118164,3355700,24.31999969482422,24.31999969482422,24.31999969482422
03-10-2005,24.219999313354492,24.25,1763100,24.5,24.3799991607666,24.3799991607666
04-10-2005,24.079999923706055,24.399999618530273,1329200,24.5,24.100000381469727,24.100000381469727
05-10-2005,23.68000030517578,24.15999984741211,1142600,24.15999984741211,23.700000762939453,23.700000762939453
06-10-2005,21.31999969482422,22.59000015258789,11834200,22.75,21.5,21.5
07-10-2005,20.809999465942383,21.6299991607666,4940400,21.6299991607666,20.93000030517578,20.93000030517578
10-10-2005,20.989999771118164,21.110000610351562,4720400,21.780000686645508,21.479999542236328,21.479999542236328
11-10-2005,21.110000610351562,21.649999618530273,2843300,21.739999771118164,21.25,21.25
12-10-2005,20.850000381469727,21.09000015258789,2087400,21.25,20.850000381469727,20.850000381469727
13-10-2005,20.489999771118164,20.850000381469727,2754100,21.049999237060547,20.75,20.75
14-10-2005,20.5,20.770000457763672,2858700,21.610000610351562,21.540000915527344,21.540000915527344
17-10-2005,21.25,21.559999465942383,1524500,21.639999389648438,21.59000015258789,21.59000015258789
18-10-2005,21.299999237060547,21.510000228881836,1543200,21.59000015258789,21.450000762939453,21.450000762939453
19-10-2005,21.059999465942383,21.299999237060547,1598000,21.420000076293945,21.299999237060547,21.299999237060547
20-10-2005,21.0,21.25,1355800,21.5,21.239999771118164,21.239999771118164
21-10-2005,21.079999923706055,21.520000457763672,1484000,21.59000015258789,21.25,21.25
24-10-2005,21.25,21.25,1430500,21.610000610351562,21.530000686645508,21.530000686645508
25-10-2005,21.25,21.559999465942383,1546200,21.850000381469727,21.799999237060547,21.799999237060547
26-10-2005,21.700000762939453,21.8799991607666,1876400,22.020000457763672,22.0,22.0
27-10-2005,21.5,21.940000534057617,2097500,22.100000381469727,21.5,21.5
28-10-2005,21.5,21.600000381469727,2423400,22.399999618530273,22.170000076293945,22.170000076293945
31-10-2005,21.940000534057617,21.940000534057617,2054900,22.450000762939453,22.360000610351562,22.360000610351562
01-11-2005,22.200000762939453,22.299999237060547,1980900,22.75,22.479999542236328,22.479999542236328
02-11-2005,21.8700008392334,22.200000762939453,2843200,22.350000381469727,21.940000534057617,21.940000534057617
03-11-2005,21.93000030517578,22.079999923706055,1987700,22.280000686645508,22.1299991607666,22.1299991607666
04-11-2005,21.940000534057617,22.049999237060547,1050300,22.399999618530273,22.329999923706055,22.329999923706055
07-11-2005,21.8799991607666,22.1299991607666,1630200,22.219999313354492,22.18000030517578,22.18000030517578
08-11-2005,21.8799991607666,22.030000686645508,1088400,22.229999542236328,22.010000228881836,22.010000228881836
09-11-2005,21.700000762939453,21.799999237060547,1590100,22.149999618530273,22.010000228881836,22.010000228881836
10-11-2005,21.709999084472656,21.950000762939453,1514800,22.59000015258789,22.469999313354492,22.469999313354492
11-11-2005,22.049999237060547,22.389999389648438,1032500,22.559999465942383,22.239999771118164,22.239999771118164
14-11-2005,21.889999389648438,22.1299991607666,1358800,22.270000457763672,22.0,22.0
15-11-2005,21.510000228881836,21.8700008392334,1408800,21.979999542236328,21.649999618530273,21.649999618530273
16-11-2005,21.450000762939453,21.56999969482422,1264700,21.829999923706055,21.75,21.75
17-11-2005,21.709999084472656,21.719999313354492,2038200,22.489999771118164,22.479999542236328,22.479999542236328
18-11-2005,22.239999771118164,22.549999237060547,1520000,22.729999542236328,22.420000076293945,22.420000076293945
21-11-2005,21.639999389648438,22.190000534057617,1676200,22.25,22.020000457763672,22.020000457763672
22-11-2005,21.649999618530273,21.84000015258789,1231800,22.190000534057617,22.040000915527344,22.040000915527344
23-11-2005,21.899999618530273,22.0,1373500,22.190000534057617,22.030000686645508,22.030000686645508
25-11-2005,21.860000610351562,22.110000610351562,653900,22.190000534057617,22.0,22.0
28-11-2005,21.809999465942383,21.860000610351562,1559100,22.110000610351562,21.809999465942383,21.809999465942383
29-11-2005,21.399999618530273,21.75,1251200,21.979999542236328,21.59000015258789,21.59000015258789
30-11-2005,21.110000610351562,21.459999084472656,2536400,21.5,21.290000915527344,21.290000915527344
01-12-2005,21.350000381469727,21.360000610351562,1701000,22.010000228881836,21.979999542236328,21.979999542236328
02-12-2005,21.780000686645508,21.979999542236328,1146700,22.030000686645508,22.010000228881836,22.010000228881836
05-12-2005,21.399999618530273,21.90999984741211,1476800,22.030000686645508,21.440000534057617,21.440000534057617
06-12-2005,21.209999084472656,21.40999984741211,3618900,21.559999465942383,21.40999984741211,21.40999984741211
07-12-2005,21.209999084472656,21.309999465942383,2100600,21.5,21.350000381469727,21.350000381469727
08-12-2005,20.770000457763672,21.350000381469727,2652200,21.40999984741211,21.170000076293945,21.170000076293945
09-12-2005,20.40999984741211,21.020000457763672,3354700,21.139999389648438,20.65999984741211,20.65999984741211
12-12-2005,20.149999618530273,20.559999465942383,3102900,20.639999389648438,20.219999313354492,20.219999313354492
13-12-2005,20.040000915527344,20.1299991607666,2831900,20.3700008392334,20.260000228881836,20.260000228881836
14-12-2005,19.940000534057617,20.15999984741211,2299100,20.540000915527344,20.329999923706055,20.329999923706055
15-12-2005,20.299999237060547,20.299999237060547,3016900,21.25,21.030000686645508,21.030000686645508
16-12-2005,20.489999771118164,20.959999084472656,2818200,21.0,20.5,20.5
19-12-2005,20.149999618530273,20.530000686645508,2973300,20.739999771118164,20.25,20.25
20-12-2005,20.010000228881836,20.139999389648438,2374300,20.5,20.260000228881836,20.260000228881836
21-12-2005,20.149999618530273,20.31999969482422,4623400,21.31999969482422,21.15999984741211,21.15999984741211
22-12-2005,20.899999618530273,21.040000915527344,1837200,21.149999618530273,20.969999313354492,20.969999313354492
23-12-2005,20.899999618530273,21.030000686645508,1044300,21.1299991607666,21.059999465942383,21.059999465942383
27-12-2005,20.920000076293945,21.049999237060547,1320700,21.229999542236328,20.989999771118164,20.989999771118164
28-12-2005,20.299999237060547,20.709999084472656,1927500,20.790000915527344,20.399999618530273,20.399999618530273
29-12-2005,20.219999313354492,20.34000015258789,1606500,20.56999969482422,20.450000762939453,20.450000762939453
30-12-2005,19.959999084472656,20.239999771118164,2019200,20.270000457763672,20.059999465942383,20.059999465942383
03-01-2006,19.979999542236328,20.18000030517578,2501800,20.600000381469727,20.420000076293945,20.420000076293945
04-01-2006,20.950000762939453,21.040000915527344,5128900,21.469999313354492,21.280000686645508,21.280000686645508
05-01-2006,20.889999389648438,21.09000015258789,2694400,21.6299991607666,21.049999237060547,21.049999237060547
06-01-2006,21.299999237060547,21.31999969482422,5099900,22.270000457763672,22.1200008392334,22.1200008392334
09-01-2006,21.559999465942383,22.010000228881836,1428900,22.149999618530273,21.850000381469727,21.850000381469727
10-01-2006,21.450000762939453,21.75,913900,21.790000915527344,21.600000381469727,21.600000381469727
11-01-2006,21.3700008392334,21.600000381469727,1036100,21.81999969482422,21.690000534057617,21.690000534057617
12-01-2006,21.5,21.649999618530273,2670200,22.3700008392334,21.950000762939453,21.950000762939453
13-01-2006,21.690000534057617,21.889999389648438,1213500,22.06999969482422,21.959999084472656,21.959999084472656
17-01-2006,21.5,21.719999313354492,1932600,21.75,21.709999084472656,21.709999084472656
18-01-2006,21.34000015258789,21.56999969482422,1427600,21.760000228881836,21.549999237060547,21.549999237060547
19-01-2006,21.600000381469727,21.6200008392334,1178200,21.969999313354492,21.889999389648438,21.889999389648438
20-01-2006,21.100000381469727,21.780000686645508,2219400,21.8799991607666,21.229999542236328,21.229999542236328
23-01-2006,21.040000915527344,21.190000534057617,2484600,21.649999618530273,21.479999542236328,21.479999542236328
24-01-2006,21.079999923706055,21.440000534057617,1800600,21.579999923706055,21.229999542236328,21.229999542236328
25-01-2006,20.93000030517578,21.25,1782700,21.31999969482422,20.979999542236328,20.979999542236328
26-01-2006,21.010000228881836,21.09000015258789,2833200,21.940000534057617,21.549999237060547,21.549999237060547
27-01-2006,21.59000015258789,21.610000610351562,3781400,22.469999313354492,22.440000534057617,22.440000534057617
30-01-2006,21.309999465942383,22.0,5438400,22.1299991607666,21.510000228881836,21.510000228881836
31-01-2006,21.31999969482422,21.59000015258789,5805600,21.75,21.559999465942383,21.559999465942383
01-02-2006,21.049999237060547,21.31999969482422,4849200,21.649999618530273,21.350000381469727,21.350000381469727
02-02-2006,20.969999313354492,21.15999984741211,1886000,21.350000381469727,21.1200008392334,21.1200008392334
03-02-2006,20.670000076293945,20.950000762939453,2595300,21.18000030517578,20.920000076293945,20.920000076293945
06-02-2006,20.639999389648438,20.770000457763672,1847500,21.34000015258789,21.139999389648438,21.139999389648438
07-02-2006,20.940000534057617,21.049999237060547,1659100,21.200000762939453,21.110000610351562,21.110000610351562
08-02-2006,20.700000762939453,21.100000381469727,2416000,21.5,21.309999465942383,21.309999465942383
09-02-2006,21.31999969482422,21.420000076293945,2163700,21.709999084472656,21.530000686645508,21.530000686645508
10-02-2006,21.3799991607666,21.520000457763672,1408600,21.690000534057617,21.579999923706055,21.579999923706055
13-02-2006,21.469999313354492,21.469999313354492,1603900,21.709999084472656,21.600000381469727,21.600000381469727
14-02-2006,21.209999084472656,21.579999923706055,1928100,21.600000381469727,21.389999389648438,21.389999389648438
15-02-2006,20.75,21.299999237060547,3701300,21.450000762939453,21.100000381469727,21.100000381469727
16-02-2006,20.790000915527344,21.100000381469727,1670700,21.149999618530273,21.010000228881836,21.010000228881836
17-02-2006,20.889999389648438,21.020000457763672,1548000,21.049999237060547,20.920000076293945,20.920000076293945
21-02-2006,20.440000534057617,20.989999771118164,2201600,20.989999771118164,20.65999984741211,20.65999984741211
22-02-2006,20.5,20.670000076293945,3153900,21.290000915527344,21.1200008392334,21.1200008392334
23-02-2006,21.040000915527344,21.040000915527344,2270200,21.670000076293945,21.40999984741211,21.40999984741211
24-02-2006,21.399999618530273,21.540000915527344,1940200,21.760000228881836,21.75,21.75
27-02-2006,21.700000762939453,21.739999771118164,2517200,22.239999771118164,22.079999923706055,22.079999923706055
28-02-2006,21.09000015258789,21.920000076293945,2500100,22.079999923706055,21.260000228881836,21.260000228881836
01-03-2006,21.059999465942383,21.270000457763672,3117800,21.530000686645508,21.34000015258789,21.34000015258789
02-03-2006,20.899999618530273,21.18000030517578,2558500,21.229999542236328,21.100000381469727,21.100000381469727
03-03-2006,20.860000610351562,20.90999984741211,1572400,21.450000762939453,21.110000610351562,21.110000610351562
06-03-2006,20.729999542236328,21.149999618530273,1299900,21.260000228881836,20.940000534057617,20.940000534057617
07-03-2006,20.610000610351562,20.81999969482422,1321800,20.940000534057617,20.860000610351562,20.860000610351562
08-03-2006,20.649999618530273,20.75,985500,20.93000030517578,20.860000610351562,20.860000610351562
09-03-2006,20.709999084472656,20.850000381469727,2072400,21.059999465942383,20.959999084472656,20.959999084472656
10-03-2006,20.850000381469727,20.8700008392334,2283000,21.709999084472656,21.1200008392334,21.1200008392334
13-03-2006,20.940000534057617,21.350000381469727,1347900,21.350000381469727,21.040000915527344,21.040000915527344
14-03-2006,20.860000610351562,21.0,1814200,21.40999984741211,21.360000610351562,21.360000610351562
15-03-2006,21.200000762939453,21.399999618530273,1323000,21.5,21.360000610351562,21.360000610351562
16-03-2006,21.0,21.0,1394600,21.530000686645508,21.420000076293945,21.420000076293945
17-03-2006,21.350000381469727,21.420000076293945,1570400,21.649999618530273,21.540000915527344,21.540000915527344
20-03-2006,21.290000915527344,21.5,915500,21.540000915527344,21.5,21.5
21-03-2006,21.1299991607666,21.229999542236328,1276500,21.549999237060547,21.229999542236328,21.229999542236328
22-03-2006,21.0,21.200000762939453,1153000,21.399999618530273,21.149999618530273,21.149999618530273
23-03-2006,20.920000076293945,21.06999969482422,794500,21.15999984741211,21.020000457763672,21.020000457763672
24-03-2006,19.850000381469727,20.200000762939453,8678500,20.8700008392334,20.0,20.0
27-03-2006,19.75,20.0,3242400,20.18000030517578,20.06999969482422,20.06999969482422
28-03-2006,19.459999084472656,20.010000228881836,3624300,20.049999237060547,19.719999313354492,19.719999313354492
29-03-2006,19.299999237060547,19.700000762939453,5028200,20.219999313354492,20.139999389648438,20.139999389648438
30-03-2006,19.950000762939453,20.1299991607666,1897200,20.139999389648438,20.079999923706055,20.079999923706055
31-03-2006,19.93000030517578,20.059999465942383,1376300,20.100000381469727,20.020000457763672,20.020000457763672
03-04-2006,19.780000686645508,20.010000228881836,2620300,20.079999923706055,19.829999923706055,19.829999923706055
04-04-2006,18.139999389648438,18.25,13130000,19.149999618530273,18.760000228881836,18.760000228881836
05-04-2006,18.489999771118164,19.5,8837100,19.5,18.6299991607666,18.6299991607666
06-04-2006,18.440000534057617,18.639999389648438,5726000,18.75,18.600000381469727,18.600000381469727
07-04-2006,18.31999969482422,18.6200008392334,3570400,18.719999313354492,18.5,18.5
10-04-2006,18.450000762939453,18.450000762939453,2884400,18.700000762939453,18.56999969482422,18.56999969482422
11-04-2006,18.510000228881836,18.649999618530273,3443900,18.93000030517578,18.559999465942383,18.559999465942383
12-04-2006,18.219999313354492,18.260000228881836,2310100,18.469999313354492,18.420000076293945,18.420000076293945
13-04-2006,18.299999237060547,18.450000762939453,1364400,18.489999771118164,18.389999389648438,18.389999389648438
17-04-2006,18.25,18.399999618530273,1144700,18.450000762939453,18.40999984741211,18.40999984741211
18-04-2006,18.399999618530273,18.399999618530273,2309800,18.90999984741211,18.68000030517578,18.68000030517578
19-04-2006,18.520000457763672,18.549999237060547,1733600,18.850000381469727,18.770000457763672,18.770000457763672
20-04-2006,18.65999984741211,18.799999237060547,3291000,19.06999969482422,19.049999237060547,19.049999237060547
21-04-2006,19.09000015258789,19.209999084472656,4354500,19.56999969482422,19.190000534057617,19.190000534057617
24-04-2006,18.780000686645508,18.90999984741211,3920200,19.850000381469727,19.299999237060547,19.299999237060547
25-04-2006,18.8799991607666,19.299999237060547,2226100,19.299999237060547,19.020000457763672,19.020000457763672
26-04-2006,18.889999389648438,19.010000228881836,1516000,19.1200008392334,19.059999465942383,19.059999465942383
27-04-2006,18.809999465942383,19.010000228881836,2654200,19.579999923706055,19.3700008392334,19.3700008392334
28-04-2006,19.25,19.360000610351562,1360400,19.56999969482422,19.3700008392334,19.3700008392334
01-05-2006,19.100000381469727,19.209999084472656,1860800,19.56999969482422,19.510000228881836,19.510000228881836
02-05-2006,19.219999313354492,19.469999313354492,2450600,20.5,19.510000228881836,19.510000228881836
03-05-2006,19.270000457763672,19.489999771118164,1549600,19.489999771118164,19.40999984741211,19.40999984741211
04-05-2006,19.350000381469727,19.350000381469727,1736000,19.65999984741211,19.600000381469727,19.600000381469727
05-05-2006,19.56999969482422,19.6299991607666,1229800,19.84000015258789,19.709999084472656,19.709999084472656
08-05-2006,19.600000381469727,19.649999618530273,1671500,20.0,19.8799991607666,19.8799991607666
09-05-2006,19.510000228881836,19.799999237060547,1530900,19.899999618530273,19.59000015258789,19.59000015258789
10-05-2006,19.280000686645508,19.479999542236328,1671100,19.829999923706055,19.639999389648438,19.639999389648438
11-05-2006,19.3799991607666,19.56999969482422,1973400,19.84000015258789,19.510000228881836,19.510000228881836
12-05-2006,19.3799991607666,19.5,1925800,19.739999771118164,19.389999389648438,19.389999389648438
15-05-2006,18.950000762939453,19.31999969482422,2003500,19.31999969482422,19.18000030517578,19.18000030517578
16-05-2006,18.690000534057617,19.0,2558000,19.09000015258789,18.90999984741211,18.90999984741211
17-05-2006,18.309999465942383,18.8700008392334,3252900,18.950000762939453,18.68000030517578,18.68000030517578
18-05-2006,18.399999618530273,18.65999984741211,1662400,18.780000686645508,18.510000228881836,18.510000228881836
19-05-2006,18.15999984741211,18.600000381469727,2051600,18.920000076293945,18.559999465942383,18.559999465942383
22-05-2006,18.149999618530273,18.579999923706055,2960600,18.709999084472656,18.229999542236328,18.229999542236328
23-05-2006,18.299999237060547,18.350000381469727,3856200,19.399999618530273,18.93000030517578,18.93000030517578
24-05-2006,18.649999618530273,18.760000228881836,4351700,19.520000457763672,19.329999923706055,19.329999923706055
25-05-2006,19.059999465942383,19.3700008392334,2388400,19.6299991607666,19.329999923706055,19.329999923706055
26-05-2006,19.079999923706055,19.329999923706055,1363800,19.40999984741211,19.3799991607666,19.3799991607666
30-05-2006,19.020000457763672,19.200000762939453,1328100,19.3799991607666,19.1200008392334,19.1200008392334
31-05-2006,18.979999542236328,19.079999923706055,2389100,19.399999618530273,19.299999237060547,19.299999237060547
01-06-2006,19.049999237060547,19.209999084472656,1781900,19.389999389648438,19.1299991607666,19.1299991607666
02-06-2006,18.780000686645508,19.290000915527344,2000700,19.290000915527344,19.030000686645508,19.030000686645508
05-06-2006,18.899999618530273,18.989999771118164,1788900,19.209999084472656,18.989999771118164,18.989999771118164
06-06-2006,18.469999313354492,18.969999313354492,1626800,19.0,18.75,18.75
07-06-2006,18.600000381469727,18.700000762939453,1437500,18.920000076293945,18.610000610351562,18.610000610351562
08-06-2006,18.030000686645508,18.450000762939453,2783900,18.899999618530273,18.530000686645508,18.530000686645508
09-06-2006,18.190000534057617,18.549999237060547,1413000,18.579999923706055,18.389999389648438,18.389999389648438
12-06-2006,18.239999771118164,18.3799991607666,1620800,18.469999313354492,18.260000228881836,18.260000228881836
13-06-2006,17.90999984741211,18.280000686645508,2441600,18.280000686645508,18.06999969482422,18.06999969482422
14-06-2006,17.670000076293945,18.049999237060547,2646400,18.049999237060547,17.889999389648438,17.889999389648438
15-06-2006,17.75,17.860000610351562,2484500,18.15999984741211,17.959999084472656,17.959999084472656
16-06-2006,17.700000762939453,17.8700008392334,1984300,18.0,17.90999984741211,17.90999984741211
19-06-2006,17.790000915527344,18.0,1698100,18.040000915527344,18.010000228881836,18.010000228881836
20-06-2006,18.020000457763672,18.1200008392334,1576700,18.219999313354492,18.049999237060547,18.049999237060547
21-06-2006,17.899999618530273,18.020000457763672,1832300,18.479999542236328,18.219999313354492,18.219999313354492
22-06-2006,17.760000228881836,18.15999984741211,2347300,18.229999542236328,18.0,18.0
23-06-2006,17.93000030517578,18.030000686645508,1471900,18.100000381469727,17.979999542236328,17.979999542236328
26-06-2006,17.940000534057617,17.940000534057617,1437600,18.219999313354492,18.06999969482422,18.06999969482422
27-06-2006,17.860000610351562,18.110000610351562,2109300,18.18000030517578,17.8799991607666,17.8799991607666
28-06-2006,17.860000610351562,17.860000610351562,1262500,18.139999389648438,18.049999237060547,18.049999237060547
29-06-2006,18.06999969482422,18.1200008392334,1899800,18.3799991607666,18.34000015258789,18.34000015258789
30-06-2006,17.5,18.489999771118164,4942300,18.489999771118164,17.600000381469727,17.600000381469727
03-07-2006,17.670000076293945,17.700000762939453,1363100,18.15999984741211,17.950000762939453,17.950000762939453
05-07-2006,16.649999618530273,17.290000915527344,4917800,17.479999542236328,17.40999984741211,17.40999984741211
06-07-2006,17.40999984741211,17.440000534057617,3346300,18.100000381469727,17.610000610351562,17.610000610351562
07-07-2006,17.43000030517578,17.540000915527344,1571500,17.799999237060547,17.6299991607666,17.6299991607666
10-07-2006,17.40999984741211,17.639999389648438,1443700,17.739999771118164,17.549999237060547,17.549999237060547
11-07-2006,17.469999313354492,17.489999771118164,1926200,17.8700008392334,17.780000686645508,17.780000686645508
12-07-2006,17.110000610351562,17.700000762939453,2645900,17.770000457763672,17.190000534057617,17.190000534057617
13-07-2006,16.8799991607666,17.100000381469727,2177600,17.399999618530273,17.1299991607666,17.1299991607666
14-07-2006,17.0,17.06999969482422,1305100,17.329999923706055,17.18000030517578,17.18000030517578
17-07-2006,17.0,17.09000015258789,1752200,17.299999237060547,17.18000030517578,17.18000030517578
18-07-2006,17.110000610351562,17.15999984741211,2491700,17.899999618530273,17.299999237060547,17.299999237060547
19-07-2006,16.549999237060547,16.940000534057617,3970800,17.280000686645508,16.889999389648438,16.889999389648438
20-07-2006,16.270000457763672,16.84000015258789,3037200,16.950000762939453,16.469999313354492,16.469999313354492
21-07-2006,16.270000457763672,16.510000228881836,2045200,16.65999984741211,16.540000915527344,16.540000915527344
24-07-2006,16.399999618530273,16.56999969482422,1511400,16.709999084472656,16.6200008392334,16.6200008392334
25-07-2006,16.469999313354492,16.56999969482422,1485100,16.799999237060547,16.649999618530273,16.649999618530273
26-07-2006,16.479999542236328,16.56999969482422,1554300,16.850000381469727,16.649999618530273,16.649999618530273
27-07-2006,16.600000381469727,16.600000381469727,1609300,16.93000030517578,16.729999542236328,16.729999542236328
28-07-2006,16.700000762939453,16.75,1738200,17.059999465942383,16.8700008392334,16.8700008392334
31-07-2006,16.65999984741211,16.850000381469727,1539200,16.93000030517578,16.799999237060547,16.799999237060547
01-08-2006,16.299999237060547,16.700000762939453,2993300,16.729999542236328,16.5,16.5
02-08-2006,16.3700008392334,16.3799991607666,2130600,16.59000015258789,16.559999465942383,16.559999465942383
03-08-2006,16.440000534057617,16.5,1653300,16.84000015258789,16.700000762939453,16.700000762939453
04-08-2006,16.639999389648438,16.8799991607666,1802700,17.100000381469727,16.719999313354492,16.719999313354492
07-08-2006,16.489999771118164,16.719999313354492,1169100,17.010000228881836,16.729999542236328,16.729999542236328
08-08-2006,16.780000686645508,16.799999237060547,2635300,17.239999771118164,17.079999923706055,17.079999923706055
09-08-2006,17.0,17.190000534057617,1766000,17.670000076293945,17.049999237060547,17.049999237060547
10-08-2006,16.90999984741211,16.979999542236328,1526100,17.40999984741211,17.25,17.25
11-08-2006,17.06999969482422,17.170000076293945,948000,17.290000915527344,17.270000457763672,17.270000457763672
14-08-2006,17.299999237060547,17.350000381469727,1364800,17.709999084472656,17.360000610351562,17.360000610351562
15-08-2006,17.420000076293945,17.510000228881836,1527100,17.799999237060547,17.690000534057617,17.690000534057617
16-08-2006,17.56999969482422,17.739999771118164,1403100,17.8700008392334,17.860000610351562,17.860000610351562
17-08-2006,17.770000457763672,17.8700008392334,2715300,18.200000762939453,17.959999084472656,17.959999084472656
18-08-2006,17.850000381469727,17.989999771118164,1953200,18.149999618530273,18.020000457763672,18.020000457763672
21-08-2006,17.459999084472656,17.8799991607666,2144000,17.950000762939453,17.5,17.5
22-08-2006,17.25,17.459999084472656,2248600,17.6299991607666,17.350000381469727,17.350000381469727
23-08-2006,17.200000762939453,17.639999389648438,2259900,17.850000381469727,17.260000228881836,17.260000228881836
24-08-2006,17.190000534057617,17.25,1594100,17.559999465942383,17.43000030517578,17.43000030517578
25-08-2006,17.149999618530273,17.34000015258789,1308400,17.540000915527344,17.239999771118164,17.239999771118164
28-08-2006,17.1299991607666,17.200000762939453,1192800,17.649999618530273,17.540000915527344,17.540000915527344
29-08-2006,17.229999542236328,17.56999969482422,1263600,17.59000015258789,17.579999923706055,17.579999923706055
30-08-2006,17.739999771118164,17.799999237060547,2306600,17.979999542236328,17.84000015258789,17.84000015258789
31-08-2006,18.200000762939453,18.360000610351562,3875500,18.700000762939453,18.59000015258789,18.59000015258789
01-09-2006,18.690000534057617,18.690000534057617,2295500,19.040000915527344,18.75,18.75
05-09-2006,18.540000915527344,18.760000228881836,2829300,19.209999084472656,18.950000762939453,18.950000762939453
06-09-2006,18.579999923706055,18.90999984741211,1486200,19.020000457763672,18.75,18.75
07-09-2006,18.34000015258789,18.6200008392334,1511500,18.739999771118164,18.489999771118164,18.489999771118164
08-09-2006,18.309999465942383,18.459999084472656,1167300,18.8799991607666,18.75,18.75
11-09-2006,18.350000381469727,18.610000610351562,1617400,18.950000762939453,18.809999465942383,18.809999465942383
12-09-2006,18.520000457763672,18.739999771118164,2795700,19.270000457763672,19.200000762939453,19.200000762939453
13-09-2006,19.110000610351562,19.25,1723700,19.5,19.350000381469727,19.350000381469727
14-09-2006,19.100000381469727,19.329999923706055,1240700,19.399999618530273,19.360000610351562,19.360000610351562
15-09-2006,19.209999084472656,19.450000762939453,2804600,19.559999465942383,19.239999771118164,19.239999771118164
18-09-2006,19.010000228881836,19.239999771118164,1271200,19.299999237060547,19.06999969482422,19.06999969482422
19-09-2006,18.59000015258789,19.049999237060547,1565700,19.200000762939453,18.979999542236328,18.979999542236328
20-09-2006,19.0,19.010000228881836,3771600,20.290000915527344,19.520000457763672,19.520000457763672
21-09-2006,19.5,19.549999237060547,2782900,20.280000686645508,19.790000915527344,19.790000915527344
22-09-2006,19.450000762939453,19.8700008392334,993200,19.889999389648438,19.610000610351562,19.610000610351562
25-09-2006,19.389999389648438,19.75,1459400,20.0,19.860000610351562,19.860000610351562
26-09-2006,19.549999237060547,19.90999984741211,1490800,19.959999084472656,19.889999389648438,19.889999389648438
27-09-2006,19.690000534057617,19.93000030517578,1238700,19.979999542236328,19.770000457763672,19.770000457763672
28-09-2006,19.139999389648438,19.68000030517578,3223900,19.729999542236328,19.25,19.25
29-09-2006,18.780000686645508,18.790000915527344,1785400,19.239999771118164,19.079999923706055,19.079999923706055
02-10-2006,18.530000686645508,19.100000381469727,3201600,19.18000030517578,18.709999084472656,18.709999084472656
03-10-2006,18.639999389648438,18.639999389648438,3297300,19.43000030517578,19.219999313354492,19.219999313354492
04-10-2006,19.110000610351562,19.110000610351562,2797600,19.979999542236328,19.969999313354492,19.969999313354492
05-10-2006,19.65999984741211,19.860000610351562,2378700,20.100000381469727,19.93000030517578,19.93000030517578
06-10-2006,19.5,19.829999923706055,1315400,19.979999542236328,19.81999969482422,19.81999969482422
09-10-2006,19.6299991607666,19.719999313354492,1108800,19.889999389648438,19.790000915527344,19.790000915527344
10-10-2006,19.510000228881836,19.68000030517578,1053900,19.780000686645508,19.65999984741211,19.65999984741211
11-10-2006,19.489999771118164,19.489999771118164,2271200,20.200000762939453,20.079999923706055,20.079999923706055
12-10-2006,20.059999465942383,20.100000381469727,1215700,20.469999313354492,20.420000076293945,20.420000076293945
13-10-2006,20.219999313354492,20.309999465942383,1289200,20.5,20.479999542236328,20.479999542236328
16-10-2006,20.1299991607666,20.799999237060547,1565100,20.799999237060547,20.309999465942383,20.309999465942383
17-10-2006,19.84000015258789,20.280000686645508,1177900,20.299999237060547,20.100000381469727,20.100000381469727
18-10-2006,19.729999542236328,20.149999618530273,2198600,20.350000381469727,20.0,20.0
19-10-2006,20.229999542236328,20.549999237060547,5145900,21.5,20.6299991607666,20.6299991607666
20-10-2006,20.489999771118164,20.600000381469727,2041700,20.899999618530273,20.790000915527344,20.790000915527344
23-10-2006,20.6200008392334,20.6200008392334,1298900,21.059999465942383,20.8799991607666,20.8799991607666
24-10-2006,20.510000228881836,20.860000610351562,1337100,20.899999618530273,20.709999084472656,20.709999084472656
25-10-2006,20.549999237060547,20.56999969482422,1426000,21.110000610351562,21.040000915527344,21.040000915527344
26-10-2006,20.549999237060547,20.969999313354492,1632000,21.200000762939453,21.170000076293945,21.170000076293945
27-10-2006,20.6299991607666,21.049999237060547,1668500,21.200000762939453,20.670000076293945,20.670000076293945
30-10-2006,20.520000457763672,20.610000610351562,2232200,21.06999969482422,20.81999969482422,20.81999969482422
31-10-2006,20.34000015258789,20.719999313354492,1123200,20.90999984741211,20.719999313354492,20.719999313354492
01-11-2006,20.530000686645508,20.809999465942383,1527200,20.950000762939453,20.799999237060547,20.799999237060547
02-11-2006,20.639999389648438,20.68000030517578,1577300,21.059999465942383,20.770000457763672,20.770000457763672
03-11-2006,20.3799991607666,20.700000762939453,1268800,20.84000015258789,20.549999237060547,20.549999237060547
06-11-2006,20.479999542236328,20.520000457763672,1380500,21.049999237060547,20.709999084472656,20.709999084472656
07-11-2006,20.6200008392334,20.6299991607666,874100,21.0,20.790000915527344,20.790000915527344
08-11-2006,20.440000534057617,20.68000030517578,2344900,21.440000534057617,21.350000381469727,21.350000381469727
09-11-2006,21.100000381469727,21.360000610351562,1478100,21.389999389648438,21.15999984741211,21.15999984741211
10-11-2006,20.950000762939453,21.139999389648438,1411400,21.59000015258789,21.510000228881836,21.510000228881836
13-11-2006,21.399999618530273,21.489999771118164,1813000,21.940000534057617,21.8799991607666,21.8799991607666
14-11-2006,21.719999313354492,21.770000457763672,1316800,22.219999313354492,22.190000534057617,22.190000534057617
15-11-2006,21.920000076293945,22.190000534057617,1457000,22.270000457763672,22.190000534057617,22.190000534057617
16-11-2006,21.75,22.170000076293945,1795800,22.5,22.399999618530273,22.399999618530273
17-11-2006,22.030000686645508,22.360000610351562,1803100,22.360000610351562,22.270000457763672,22.270000457763672
20-11-2006,21.549999237060547,22.200000762939453,2988000,22.239999771118164,22.020000457763672,22.020000457763672
21-11-2006,22.450000762939453,22.5,5163900,23.209999084472656,22.850000381469727,22.850000381469727
22-11-2006,22.760000228881836,22.850000381469727,1356000,22.950000762939453,22.889999389648438,22.889999389648438
24-11-2006,22.579999923706055,22.700000762939453,815000,22.889999389648438,22.709999084472656,22.709999084472656
27-11-2006,22.360000610351562,22.600000381469727,2021900,22.780000686645508,22.549999237060547,22.549999237060547
28-11-2006,22.450000762939453,22.549999237060547,1615700,22.829999923706055,22.639999389648438,22.639999389648438
29-11-2006,22.600000381469727,22.600000381469727,1625400,22.979999542236328,22.889999389648438,22.889999389648438
30-11-2006,22.649999618530273,22.809999465942383,1527900,23.010000228881836,22.899999618530273,22.899999618530273
01-12-2006,22.040000915527344,22.790000915527344,2296500,22.799999237060547,22.190000534057617,22.190000534057617
04-12-2006,21.75,22.0,2120100,22.75,22.459999084472656,22.459999084472656
05-12-2006,21.940000534057617,22.579999923706055,2315300,22.670000076293945,22.040000915527344,22.040000915527344
06-12-2006,21.459999084472656,21.950000762939453,3277800,22.079999923706055,21.760000228881836,21.760000228881836
07-12-2006,21.40999984741211,21.75,2391900,22.010000228881836,21.770000457763672,21.770000457763672
08-12-2006,21.5,21.65999984741211,1696400,22.100000381469727,21.649999618530273,21.649999618530273
11-12-2006,21.350000381469727,21.520000457763672,1606100,21.75,21.5,21.5
12-12-2006,21.299999237060547,21.5,2462600,21.780000686645508,21.530000686645508,21.530000686645508
13-12-2006,21.420000076293945,21.600000381469727,1504900,21.719999313354492,21.649999618530273,21.649999618530273
14-12-2006,21.709999084472656,21.75,2020000,22.110000610351562,21.969999313354492,21.969999313354492
15-12-2006,21.969999313354492,22.170000076293945,2268500,22.34000015258789,22.170000076293945,22.170000076293945
18-12-2006,21.510000228881836,22.1299991607666,1538700,22.350000381469727,21.799999237060547,21.799999237060547
19-12-2006,21.260000228881836,21.600000381469727,2554600,21.979999542236328,21.850000381469727,21.850000381469727
20-12-2006,21.649999618530273,21.739999771118164,1809800,22.110000610351562,21.729999542236328,21.729999542236328
21-12-2006,21.610000610351562,21.770000457763672,1444900,22.09000015258789,21.860000610351562,21.860000610351562
22-12-2006,21.530000686645508,21.770000457763672,902800,21.969999313354492,21.690000534057617,21.690000534057617
26-12-2006,21.600000381469727,21.600000381469727,516600,21.850000381469727,21.719999313354492,21.719999313354492
27-12-2006,21.75,21.889999389648438,995700,22.260000228881836,22.049999237060547,22.049999237060547
28-12-2006,21.809999465942383,21.950000762939453,646000,22.200000762939453,22.06999969482422,22.06999969482422
29-12-2006,21.780000686645508,21.989999771118164,593100,22.15999984741211,21.920000076293945,21.920000076293945
03-01-2007,21.940000534057617,22.0,3058400,22.799999237060547,22.579999923706055,22.579999923706055
04-01-2007,21.90999984741211,22.520000457763672,2415400,22.700000762939453,22.239999771118164,22.239999771118164
05-01-2007,21.459999084472656,22.100000381469727,2537900,22.100000381469727,21.920000076293945,21.920000076293945
08-01-2007,21.5,21.8700008392334,1584600,22.059999465942383,21.850000381469727,21.850000381469727
09-01-2007,21.8700008392334,21.8700008392334,3233200,22.56999969482422,22.420000076293945,22.420000076293945
10-01-2007,22.170000076293945,22.18000030517578,1289000,22.530000686645508,22.420000076293945,22.420000076293945
11-01-2007,22.719999313354492,22.84000015258789,6309000,23.479999542236328,23.100000381469727,23.100000381469727
12-01-2007,23.190000534057617,23.5,3356900,23.920000076293945,23.40999984741211,23.40999984741211
16-01-2007,23.149999618530273,23.350000381469727,2169300,23.670000076293945,23.3799991607666,23.3799991607666
17-01-2007,23.540000915527344,23.709999084472656,5022600,24.43000030517578,24.260000228881836,24.260000228881836
18-01-2007,23.350000381469727,24.15999984741211,2946800,24.170000076293945,23.6299991607666,23.6299991607666
19-01-2007,23.0,23.170000076293945,2445200,23.729999542236328,23.56999969482422,23.56999969482422
22-01-2007,23.079999923706055,23.459999084472656,1960300,23.700000762939453,23.40999984741211,23.40999984741211
23-01-2007,23.18000030517578,23.350000381469727,1976000,23.729999542236328,23.190000534057617,23.190000534057617
24-01-2007,22.889999389648438,22.950000762939453,5319800,24.290000915527344,24.079999923706055,24.079999923706055
25-01-2007,23.110000610351562,23.860000610351562,2608800,23.950000762939453,23.190000534057617,23.190000534057617
26-01-2007,23.200000762939453,23.239999771118164,1842600,23.59000015258789,23.3799991607666,23.3799991607666
29-01-2007,23.190000534057617,23.200000762939453,2538700,23.670000076293945,23.3799991607666,23.3799991607666
30-01-2007,23.350000381469727,23.399999618530273,2209000,23.75,23.559999465942383,23.559999465942383
31-01-2007,23.299999237060547,23.399999618530273,2445000,24.020000457763672,23.860000610351562,23.860000610351562
01-02-2007,23.549999237060547,23.860000610351562,1717000,23.90999984741211,23.700000762939453,23.700000762939453
02-02-2007,23.68000030517578,23.739999771118164,4068800,24.899999618530273,24.5,24.5
05-02-2007,24.440000534057617,24.540000915527344,1787400,24.790000915527344,24.639999389648438,24.639999389648438
06-02-2007,24.469999313354492,24.6200008392334,1688800,24.90999984741211,24.739999771118164,24.739999771118164
07-02-2007,24.690000534057617,24.739999771118164,2131800,25.030000686645508,24.8700008392334,24.8700008392334
08-02-2007,24.600000381469727,24.84000015258789,1314800,24.940000534057617,24.760000228881836,24.760000228881836
09-02-2007,24.3700008392334,24.790000915527344,1693700,24.93000030517578,24.3799991607666,24.3799991607666
12-02-2007,24.020000457763672,24.270000457763672,1540600,24.6299991607666,24.5,24.5
13-02-2007,24.360000610351562,24.3799991607666,1241000,24.90999984741211,24.649999618530273,24.649999618530273
14-02-2007,24.6299991607666,24.770000457763672,1903400,25.030000686645508,24.920000076293945,24.920000076293945
15-02-2007,24.709999084472656,24.809999465942383,1447700,24.969999313354492,24.889999389648438,24.889999389648438
16-02-2007,24.09000015258789,24.790000915527344,2966600,24.8799991607666,24.309999465942383,24.309999465942383
20-02-2007,23.670000076293945,24.100000381469727,2732400,24.489999771118164,24.229999542236328,24.229999542236328
21-02-2007,24.18000030517578,24.700000762939453,1333200,24.700000762939453,24.5,24.5
22-02-2007,23.8700008392334,24.559999465942383,1926000,24.68000030517578,24.040000915527344,24.040000915527344
23-02-2007,23.790000915527344,24.1200008392334,1398000,24.329999923706055,24.149999618530273,24.149999618530273
26-02-2007,23.729999542236328,24.049999237060547,1275900,24.09000015258789,23.860000610351562,23.860000610351562
27-02-2007,22.530000686645508,23.459999084472656,2949000,23.59000015258789,22.549999237060547,22.549999237060547
28-02-2007,22.020000457763672,22.469999313354492,2535100,22.700000762939453,22.579999923706055,22.579999923706055
01-03-2007,21.639999389648438,21.979999542236328,2637800,22.739999771118164,22.5,22.5
02-03-2007,22.100000381469727,22.299999237060547,2231600,22.670000076293945,22.219999313354492,22.219999313354492
05-03-2007,21.81999969482422,22.0,1490700,22.260000228881836,21.81999969482422,21.81999969482422
06-03-2007,21.389999389648438,21.969999313354492,6145000,22.059999465942383,21.700000762939453,21.700000762939453
07-03-2007,21.700000762939453,21.81999969482422,2201100,21.959999084472656,21.799999237060547,21.799999237060547
08-03-2007,21.530000686645508,21.950000762939453,1979900,22.0,21.649999618530273,21.649999618530273
09-03-2007,21.389999389648438,21.84000015258789,1380800,22.0,21.559999465942383,21.559999465942383
12-03-2007,21.459999084472656,21.600000381469727,1633500,21.809999465942383,21.579999923706055,21.579999923706055
13-03-2007,21.309999465942383,21.450000762939453,2240800,21.649999618530273,21.510000228881836,21.510000228881836
14-03-2007,21.399999618530273,21.530000686645508,3160100,21.950000762939453,21.43000030517578,21.43000030517578
15-03-2007,21.209999084472656,21.459999084472656,2295900,21.549999237060547,21.399999618530273,21.399999618530273
16-03-2007,21.170000076293945,21.170000076293945,2596100,21.579999923706055,21.5,21.5
19-03-2007,21.510000228881836,21.600000381469727,1244800,21.770000457763672,21.579999923706055,21.579999923706055
20-03-2007,21.559999465942383,21.670000076293945,2367800,22.149999618530273,22.049999237060547,22.049999237060547
21-03-2007,21.90999984741211,22.040000915527344,1579600,22.450000762939453,22.450000762939453,22.450000762939453
22-03-2007,22.40999984741211,22.639999389648438,1454500,22.739999771118164,22.670000076293945,22.670000076293945
23-03-2007,22.799999237060547,22.81999969482422,3017100,23.489999771118164,23.100000381469727,23.100000381469727
26-03-2007,22.770000457763672,23.059999465942383,1770100,23.100000381469727,23.06999969482422,23.06999969482422
27-03-2007,22.90999984741211,23.100000381469727,2036300,23.270000457763672,23.170000076293945,23.170000076293945
28-03-2007,22.350000381469727,22.920000076293945,4003000,22.940000534057617,22.709999084472656,22.709999084472656
29-03-2007,22.170000076293945,22.799999237060547,2045800,22.940000534057617,22.469999313354492,22.469999313354492
30-03-2007,21.979999542236328,22.389999389648438,2483900,22.440000534057617,22.280000686645508,22.280000686645508
02-04-2007,21.34000015258789,22.09000015258789,4133500,22.389999389648438,22.309999465942383,22.309999465942383
03-04-2007,22.079999923706055,22.290000915527344,2419900,22.459999084472656,22.280000686645508,22.280000686645508
04-04-2007,22.3799991607666,22.450000762939453,2458000,22.84000015258789,22.639999389648438,22.639999389648438
05-04-2007,22.520000457763672,22.559999465942383,809400,22.770000457763672,22.690000534057617,22.690000534057617
09-04-2007,22.389999389648438,22.719999313354492,987100,22.75,22.5,22.5
10-04-2007,22.360000610351562,22.5,1238600,22.729999542236328,22.440000534057617,22.440000534057617
11-04-2007,22.280000686645508,22.389999389648438,1852700,22.6299991607666,22.459999084472656,22.459999084472656
12-04-2007,22.09000015258789,22.34000015258789,1308300,22.5,22.459999084472656,22.459999084472656
13-04-2007,22.1299991607666,22.5,1213100,22.510000228881836,22.469999313354492,22.469999313354492
16-04-2007,22.360000610351562,22.540000915527344,1408000,22.770000457763672,22.770000457763672,22.770000457763672
17-04-2007,22.5,22.729999542236328,967500,22.729999542236328,22.709999084472656,22.709999084472656
18-04-2007,22.540000915527344,22.540000915527344,980400,22.760000228881836,22.700000762939453,22.700000762939453
19-04-2007,22.450000762939453,22.600000381469727,1188300,22.729999542236328,22.5,22.5
20-04-2007,22.43000030517578,22.639999389648438,1527800,22.799999237060547,22.5,22.5
23-04-2007,22.270000457763672,22.5,1306200,22.549999237060547,22.3700008392334,22.3700008392334
24-04-2007,22.200000762939453,22.3700008392334,2584600,22.579999923706055,22.530000686645508,22.530000686645508
25-04-2007,22.3799991607666,22.479999542236328,2204300,23.049999237060547,22.950000762939453,22.950000762939453
26-04-2007,23.639999389648438,23.649999618530273,6002100,24.899999618530273,24.15999984741211,24.15999984741211
27-04-2007,23.65999984741211,24.020000457763672,2193100,24.18000030517578,23.75,23.75
30-04-2007,23.43000030517578,23.799999237060547,1652800,23.950000762939453,23.549999237060547,23.549999237060547
01-05-2007,23.450000762939453,23.6200008392334,2146000,24.030000686645508,23.899999618530273,23.899999618530273
02-05-2007,23.809999465942383,23.90999984741211,2506600,24.200000762939453,23.950000762939453,23.950000762939453
03-05-2007,23.829999923706055,24.020000457763672,1799800,24.170000076293945,24.059999465942383,24.059999465942383
04-05-2007,23.969999313354492,24.06999969482422,1031500,24.290000915527344,24.09000015258789,24.09000015258789
07-05-2007,24.010000228881836,24.010000228881836,982800,24.260000228881836,24.149999618530273,24.149999618530273
08-05-2007,23.8700008392334,24.030000686645508,1648600,24.450000762939453,24.3799991607666,24.3799991607666
09-05-2007,23.93000030517578,24.270000457763672,1257200,24.280000686645508,24.149999618530273,24.149999618530273
10-05-2007,23.739999771118164,24.110000610351562,1312300,24.170000076293945,23.889999389648438,23.889999389648438
11-05-2007,23.709999084472656,23.75,768500,24.059999465942383,24.0,24.0
14-05-2007,23.889999389648438,24.0,909100,24.200000762939453,24.0,24.0
15-05-2007,23.479999542236328,23.940000534057617,1628200,24.219999313354492,23.649999618530273,23.649999618530273
16-05-2007,23.40999984741211,23.760000228881836,1365300,23.989999771118164,23.8700008392334,23.8700008392334
17-05-2007,23.690000534057617,23.8700008392334,842000,23.940000534057617,23.780000686645508,23.780000686645508
18-05-2007,23.479999542236328,23.790000915527344,1653300,23.989999771118164,23.770000457763672,23.770000457763672
21-05-2007,23.709999084472656,23.709999084472656,1040200,24.0,23.959999084472656,23.959999084472656
22-05-2007,23.65999984741211,23.84000015258789,1002900,23.989999771118164,23.93000030517578,23.93000030517578
23-05-2007,23.610000610351562,23.899999618530273,1157600,23.950000762939453,23.649999618530273,23.649999618530273
24-05-2007,22.979999542236328,23.559999465942383,1938400,23.600000381469727,23.139999389648438,23.139999389648438
25-05-2007,22.940000534057617,23.18000030517578,889700,23.360000610351562,23.31999969482422,23.31999969482422
29-05-2007,23.190000534057617,23.25,1008700,23.530000686645508,23.520000457763672,23.520000457763672
30-05-2007,23.149999618530273,23.440000534057617,957500,23.510000228881836,23.510000228881836,23.510000228881836
31-05-2007,23.149999618530273,23.440000534057617,1174000,23.639999389648438,23.360000610351562,23.360000610351562
01-06-2007,23.399999618530273,23.450000762939453,1149400,23.889999389648438,23.690000534057617,23.690000534057617
04-06-2007,23.360000610351562,23.450000762939453,1710600,23.920000076293945,23.770000457763672,23.770000457763672
05-06-2007,23.739999771118164,23.739999771118164,2220000,24.360000610351562,24.219999313354492,24.219999313354492
06-06-2007,23.799999237060547,24.06999969482422,1127900,24.15999984741211,23.899999618530273,23.899999618530273
07-06-2007,23.040000915527344,23.690000534057617,1870700,23.84000015258789,23.209999084472656,23.209999084472656
08-06-2007,22.969999313354492,23.010000228881836,1183900,23.329999923706055,23.299999237060547,23.299999237060547
11-06-2007,23.229999542236328,23.25,961700,23.6200008392334,23.3799991607666,23.3799991607666
12-06-2007,23.059999465942383,23.309999465942383,1007200,23.389999389648438,23.190000534057617,23.190000534057617
13-06-2007,23.010000228881836,23.170000076293945,945400,23.420000076293945,23.360000610351562,23.360000610351562
14-06-2007,23.260000228881836,23.290000915527344,1570200,23.600000381469727,23.299999237060547,23.299999237060547
15-06-2007,23.260000228881836,23.530000686645508,2489500,23.799999237060547,23.3799991607666,23.3799991607666
18-06-2007,23.18000030517578,23.309999465942383,1072800,23.479999542236328,23.31999969482422,23.31999969482422
19-06-2007,23.229999542236328,23.299999237060547,1471700,23.639999389648438,23.520000457763672,23.520000457763672
20-06-2007,23.329999923706055,23.520000457763672,1361000,23.639999389648438,23.329999923706055,23.329999923706055
21-06-2007,23.209999084472656,23.309999465942383,1159500,23.65999984741211,23.549999237060547,23.549999237060547
22-06-2007,23.31999969482422,23.43000030517578,1332000,23.5,23.450000762939453,23.450000762939453
25-06-2007,23.06999969482422,23.350000381469727,1106100,23.40999984741211,23.170000076293945,23.170000076293945
26-06-2007,22.969999313354492,23.329999923706055,982700,23.440000534057617,23.1200008392334,23.1200008392334
27-06-2007,22.829999923706055,22.920000076293945,1454800,23.389999389648438,23.299999237060547,23.299999237060547
28-06-2007,23.0,23.229999542236328,1532500,23.420000076293945,23.1299991607666,23.1299991607666
29-06-2007,22.56999969482422,23.079999923706055,2026600,23.09000015258789,22.809999465942383,22.809999465942383
02-07-2007,22.709999084472656,22.809999465942383,1325800,23.209999084472656,23.079999923706055,23.079999923706055
03-07-2007,23.079999923706055,23.219999313354492,2187700,24.260000228881836,23.56999969482422,23.56999969482422
05-07-2007,23.200000762939453,23.469999313354492,1876300,23.610000610351562,23.360000610351562,23.360000610351562
06-07-2007,23.049999237060547,23.40999984741211,1666400,23.530000686645508,23.15999984741211,23.15999984741211
09-07-2007,22.850000381469727,23.15999984741211,1566600,23.31999969482422,23.190000534057617,23.190000534057617
10-07-2007,22.489999771118164,23.100000381469727,3632900,23.100000381469727,22.790000915527344,22.790000915527344
11-07-2007,22.489999771118164,22.799999237060547,1767200,22.809999465942383,22.799999237060547,22.799999237060547
12-07-2007,22.6299991607666,22.75,1217200,23.280000686645508,23.260000228881836,23.260000228881836
13-07-2007,23.020000457763672,23.1299991607666,948900,23.360000610351562,23.31999969482422,23.31999969482422
16-07-2007,22.969999313354492,23.31999969482422,1158100,23.3799991607666,23.18000030517578,23.18000030517578
17-07-2007,23.06999969482422,23.149999618530273,1171900,23.56999969482422,23.329999923706055,23.329999923706055
18-07-2007,23.06999969482422,23.200000762939453,1173000,23.450000762939453,23.209999084472656,23.209999084472656
19-07-2007,23.139999389648438,23.299999237060547,1391400,23.649999618530273,23.59000015258789,23.59000015258789
20-07-2007,23.3700008392334,23.65999984741211,1985200,24.049999237060547,23.40999984741211,23.40999984741211
23-07-2007,23.420000076293945,23.530000686645508,2760500,24.110000610351562,23.700000762939453,23.700000762939453
24-07-2007,24.399999618530273,24.399999618530273,8632800,25.989999771118164,25.360000610351562,25.360000610351562
25-07-2007,25.25,25.469999313354492,3475800,25.610000610351562,25.3700008392334,25.3700008392334
26-07-2007,23.280000686645508,24.959999084472656,3406700,25.34000015258789,25.329999923706055,25.329999923706055
27-07-2007,24.329999923706055,25.350000381469727,2717600,25.3799991607666,24.43000030517578,24.43000030517578
30-07-2007,24.15999984741211,24.3799991607666,1807300,24.920000076293945,24.809999465942383,24.809999465942383
31-07-2007,24.350000381469727,24.989999771118164,2361000,25.06999969482422,24.360000610351562,24.360000610351562
01-08-2007,23.75,24.15999984741211,3240700,24.84000015258789,24.09000015258789,24.09000015258789
02-08-2007,24.010000228881836,24.15999984741211,1916400,24.84000015258789,24.729999542236328,24.729999542236328
03-08-2007,23.65999984741211,24.75,1766400,24.790000915527344,23.719999313354492,23.719999313354492
06-08-2007,23.770000457763672,23.770000457763672,2088500,24.450000762939453,24.18000030517578,24.18000030517578
07-08-2007,23.729999542236328,24.040000915527344,1968400,24.479999542236328,24.350000381469727,24.350000381469727
08-08-2007,23.34000015258789,24.200000762939453,2972600,24.219999313354492,23.690000534057617,23.690000534057617
09-08-2007,22.209999084472656,23.540000915527344,3039100,23.729999542236328,22.260000228881836,22.260000228881836
10-08-2007,21.780000686645508,22.110000610351562,2531800,23.579999923706055,23.110000610351562,23.110000610351562
13-08-2007,22.799999237060547,23.110000610351562,1571800,23.520000457763672,22.920000076293945,22.920000076293945
14-08-2007,22.829999923706055,23.06999969482422,1203500,23.5,23.049999237060547,23.049999237060547
15-08-2007,22.790000915527344,23.200000762939453,1460700,23.469999313354492,22.81999969482422,22.81999969482422
16-08-2007,22.010000228881836,22.510000228881836,1767900,22.959999084472656,22.600000381469727,22.600000381469727
17-08-2007,21.809999465942383,22.06999969482422,2950200,22.979999542236328,22.6200008392334,22.6200008392334
20-08-2007,22.450000762939453,22.700000762939453,1436400,23.139999389648438,22.829999923706055,22.829999923706055
21-08-2007,22.649999618530273,22.649999618530273,2057700,23.6200008392334,23.459999084472656,23.459999084472656
22-08-2007,22.829999923706055,23.5,2114000,23.540000915527344,23.450000762939453,23.450000762939453
23-08-2007,23.219999313354492,23.34000015258789,652400,23.579999923706055,23.360000610351562,23.360000610351562
24-08-2007,23.100000381469727,23.25,639600,23.479999542236328,23.299999237060547,23.299999237060547
27-08-2007,22.889999389648438,23.260000228881836,638700,23.479999542236328,23.110000610351562,23.110000610351562
28-08-2007,22.84000015258789,22.93000030517578,1443900,23.200000762939453,22.889999389648438,22.889999389648438
29-08-2007,22.889999389648438,23.079999923706055,1720800,23.530000686645508,23.360000610351562,23.360000610351562
30-08-2007,23.100000381469727,23.440000534057617,976200,23.440000534057617,23.299999237060547,23.299999237060547
31-08-2007,23.239999771118164,23.5,1024900,23.579999923706055,23.459999084472656,23.459999084472656
04-09-2007,23.309999465942383,23.309999465942383,1089700,23.760000228881836,23.649999618530273,23.649999618530273
05-09-2007,23.950000762939453,24.079999923706055,2414700,24.399999618530273,24.149999618530273,24.149999618530273
06-09-2007,24.020000457763672,24.290000915527344,2050400,24.6200008392334,24.559999465942383,24.559999465942383
07-09-2007,24.1200008392334,24.329999923706055,1736800,24.549999237060547,24.219999313354492,24.219999313354492
10-09-2007,23.860000610351562,24.399999618530273,1604000,24.440000534057617,23.989999771118164,23.989999771118164
11-09-2007,23.969999313354492,24.0,2106200,24.780000686645508,24.65999984741211,24.65999984741211
12-09-2007,24.270000457763672,24.559999465942383,1238100,24.649999618530273,24.520000457763672,24.520000457763672
13-09-2007,24.579999923706055,24.770000457763672,2525800,24.969999313354492,24.6200008392334,24.6200008392334
14-09-2007,24.309999465942383,24.530000686645508,1023800,24.68000030517578,24.399999618530273,24.399999618530273
17-09-2007,23.90999984741211,24.209999084472656,1550200,24.469999313354492,24.100000381469727,24.100000381469727
18-09-2007,24.010000228881836,24.200000762939453,1644400,24.579999923706055,24.43000030517578,24.43000030517578
19-09-2007,24.3799991607666,24.459999084472656,1898800,24.790000915527344,24.549999237060547,24.549999237060547
20-09-2007,24.299999237060547,24.530000686645508,1437100,24.610000610351562,24.520000457763672,24.520000457763672
21-09-2007,24.1200008392334,24.469999313354492,2146400,24.799999237060547,24.190000534057617,24.190000534057617
24-09-2007,23.8700008392334,24.200000762939453,992500,24.34000015258789,24.1299991607666,24.1299991607666
25-09-2007,24.0,24.0,1770800,24.940000534057617,24.81999969482422,24.81999969482422
26-09-2007,24.6200008392334,24.899999618530273,2122700,25.270000457763672,25.049999237060547,25.049999237060547
27-09-2007,25.15999984741211,25.229999542236328,2024900,25.700000762939453,25.389999389648438,25.389999389648438
28-09-2007,24.920000076293945,25.5,3761100,25.739999771118164,25.18000030517578,25.18000030517578
01-10-2007,25.049999237060547,25.34000015258789,1502300,25.5,25.389999389648438,25.389999389648438
02-10-2007,25.0,25.450000762939453,1199700,25.530000686645508,25.049999237060547,25.049999237060547
03-10-2007,24.760000228881836,25.0,1196700,25.170000076293945,24.979999542236328,24.979999542236328
04-10-2007,24.959999084472656,24.959999084472656,2057600,25.700000762939453,25.5,25.5
05-10-2007,25.3700008392334,25.610000610351562,1746800,26.030000686645508,25.829999923706055,25.829999923706055
08-10-2007,25.610000610351562,25.68000030517578,1446400,26.010000228881836,25.75,25.75
09-10-2007,25.729999542236328,25.729999542236328,2238800,26.459999084472656,26.299999237060547,26.299999237060547
10-10-2007,25.850000381469727,26.209999084472656,1181300,26.350000381469727,26.15999984741211,26.15999984741211
11-10-2007,25.440000534057617,26.25,1894000,26.329999923706055,25.690000534057617,25.690000534057617
12-10-2007,25.59000015258789,25.850000381469727,1411500,26.5,26.389999389648438,26.389999389648438
15-10-2007,25.959999084472656,26.309999465942383,1369300,26.579999923706055,26.34000015258789,26.34000015258789
16-10-2007,26.09000015258789,26.3799991607666,1717700,26.59000015258789,26.280000686645508,26.280000686645508
17-10-2007,26.200000762939453,26.700000762939453,1365800,26.739999771118164,26.56999969482422,26.56999969482422
18-10-2007,25.989999771118164,26.56999969482422,1867000,26.739999771118164,26.5,26.5
19-10-2007,25.700000762939453,26.75,2286000,26.75,25.979999542236328,25.979999542236328
22-10-2007,25.549999237060547,26.600000381469727,4597400,26.790000915527344,25.899999618530273,25.899999618530273
23-10-2007,25.0,25.229999542236328,3067200,25.700000762939453,25.6299991607666,25.6299991607666
24-10-2007,24.360000610351562,25.520000457763672,3305800,25.610000610351562,25.0,25.0
25-10-2007,24.479999542236328,25.110000610351562,1135900,25.280000686645508,24.780000686645508,24.780000686645508
26-10-2007,24.610000610351562,25.020000457763672,1553000,25.489999771118164,25.299999237060547,25.299999237060547
29-10-2007,25.190000534057617,25.309999465942383,1375500,25.739999771118164,25.56999969482422,25.56999969482422
30-10-2007,24.959999084472656,25.40999984741211,2224000,25.530000686645508,25.06999969482422,25.06999969482422
31-10-2007,24.760000228881836,25.209999084472656,1531900,25.450000762939453,25.260000228881836,25.260000228881836
01-11-2007,24.520000457763672,25.139999389648438,1390300,25.31999969482422,24.899999618530273,24.899999618530273
02-11-2007,24.639999389648438,25.149999618530273,1142200,25.170000076293945,24.81999969482422,24.81999969482422
05-11-2007,24.100000381469727,24.510000228881836,1228900,24.809999465942383,24.280000686645508,24.280000686645508
06-11-2007,24.350000381469727,24.350000381469727,1736000,25.020000457763672,24.68000030517578,24.68000030517578
07-11-2007,24.010000228881836,24.530000686645508,1043500,24.530000686645508,24.06999969482422,24.06999969482422
08-11-2007,22.850000381469727,23.850000381469727,3293300,24.020000457763672,23.299999237060547,23.299999237060547
09-11-2007,22.190000534057617,23.3799991607666,2751600,23.3799991607666,22.239999771118164,22.239999771118164
12-11-2007,21.799999237060547,22.229999542236328,2085800,22.479999542236328,21.850000381469727,21.850000381469727
13-11-2007,21.770000457763672,22.06999969482422,1535000,22.510000228881836,22.399999618530273,22.399999618530273
14-11-2007,21.950000762939453,22.43000030517578,1342400,22.59000015258789,22.010000228881836,22.010000228881836
15-11-2007,21.459999084472656,21.850000381469727,1623100,22.059999465942383,21.6200008392334,21.6200008392334
16-11-2007,21.399999618530273,21.729999542236328,1739000,21.829999923706055,21.690000534057617,21.690000534057617
19-11-2007,21.229999542236328,21.600000381469727,1414600,21.739999771118164,21.399999618530273,21.399999618530273
20-11-2007,20.700000762939453,21.280000686645508,2353900,21.719999313354492,21.079999923706055,21.079999923706055
21-11-2007,20.790000915527344,20.950000762939453,1593000,21.600000381469727,21.3700008392334,21.3700008392334
23-11-2007,21.200000762939453,21.309999465942383,604200,21.639999389648438,21.40999984741211,21.40999984741211
26-11-2007,20.760000228881836,21.420000076293945,1337700,21.440000534057617,20.81999969482422,20.81999969482422
27-11-2007,20.90999984741211,20.93000030517578,1381500,21.719999313354492,21.510000228881836,21.510000228881836
28-11-2007,21.59000015258789,21.59000015258789,3155900,22.540000915527344,22.43000030517578,22.43000030517578
29-11-2007,21.93000030517578,22.200000762939453,1027400,22.399999618530273,22.31999969482422,22.31999969482422
30-11-2007,22.229999542236328,22.229999542236328,1655200,22.93000030517578,22.81999969482422,22.81999969482422
03-12-2007,22.43000030517578,22.700000762939453,1080100,22.979999542236328,22.459999084472656,22.459999084472656
04-12-2007,22.030000686645508,22.280000686645508,728100,22.469999313354492,22.299999237060547,22.299999237060547
05-12-2007,22.139999389648438,22.530000686645508,1024600,22.600000381469727,22.190000534057617,22.190000534057617
06-12-2007,22.1200008392334,22.3700008392334,1025300,22.799999237060547,22.639999389648438,22.639999389648438
07-12-2007,22.149999618530273,22.600000381469727,886800,22.639999389648438,22.43000030517578,22.43000030517578
10-12-2007,22.260000228881836,22.5,793400,22.649999618530273,22.510000228881836,22.510000228881836
11-12-2007,21.90999984741211,22.440000534057617,928900,22.540000915527344,22.110000610351562,22.110000610351562
12-12-2007,21.5,22.25,1536600,22.260000228881836,22.049999237060547,22.049999237060547
13-12-2007,21.56999969482422,22.040000915527344,1185400,22.1299991607666,21.600000381469727,21.600000381469727
14-12-2007,21.110000610351562,21.68000030517578,1058900,21.700000762939453,21.3700008392334,21.3700008392334
17-12-2007,20.469999313354492,21.360000610351562,1702600,21.399999618530273,20.579999923706055,20.579999923706055
18-12-2007,20.469999313354492,20.709999084472656,935900,20.979999542236328,20.84000015258789,20.84000015258789
19-12-2007,20.510000228881836,20.770000457763672,707300,20.90999984741211,20.700000762939453,20.700000762939453
20-12-2007,20.479999542236328,20.90999984741211,1309700,21.149999618530273,20.940000534057617,20.940000534057617
21-12-2007,21.059999465942383,21.15999984741211,3361700,22.350000381469727,22.1299991607666,22.1299991607666
24-12-2007,22.010000228881836,22.020000457763672,560500,22.700000762939453,22.440000534057617,22.440000534057617
26-12-2007,22.010000228881836,22.010000228881836,1173800,22.989999771118164,22.690000534057617,22.690000534057617
27-12-2007,22.049999237060547,22.670000076293945,981700,22.68000030517578,22.31999969482422,22.31999969482422
28-12-2007,22.100000381469727,22.450000762939453,831600,22.489999771118164,22.260000228881836,22.260000228881836
31-12-2007,21.81999969482422,22.1200008392334,974900,22.270000457763672,21.959999084472656,21.959999084472656
02-01-2008,21.360000610351562,22.25,1530900,22.690000534057617,21.8700008392334,21.8700008392334
03-01-2008,21.8700008392334,22.420000076293945,2536100,22.739999771118164,22.579999923706055,22.579999923706055
04-01-2008,21.40999984741211,22.40999984741211,1675100,22.450000762939453,21.770000457763672,21.770000457763672
07-01-2008,21.329999923706055,21.739999771118164,1510000,21.93000030517578,21.459999084472656,21.459999084472656
08-01-2008,20.760000228881836,21.450000762939453,1722400,21.6200008392334,20.850000381469727,20.850000381469727
09-01-2008,20.760000228881836,20.770000457763672,1994500,21.700000762939453,21.6299991607666,21.6299991607666
10-01-2008,21.049999237060547,21.170000076293945,2136400,21.84000015258789,21.34000015258789,21.34000015258789
11-01-2008,20.899999618530273,21.1200008392334,1399100,21.489999771118164,21.18000030517578,21.18000030517578
14-01-2008,21.229999542236328,21.40999984741211,1244400,21.940000534057617,21.780000686645508,21.780000686645508
15-01-2008,21.170000076293945,21.6200008392334,1287900,21.690000534057617,21.420000076293945,21.420000076293945
16-01-2008,21.280000686645508,21.360000610351562,2266900,22.209999084472656,21.760000228881836,21.760000228881836
17-01-2008,21.0,21.920000076293945,1901100,22.219999313354492,21.170000076293945,21.170000076293945
18-01-2008,20.3799991607666,20.68000030517578,2284200,21.43000030517578,20.899999618530273,20.899999618530273
22-01-2008,20.0,20.0,2792800,21.3700008392334,20.90999984741211,20.90999984741211
23-01-2008,20.010000228881836,20.709999084472656,3226800,21.219999313354492,21.200000762939453,21.200000762939453
24-01-2008,20.399999618530273,21.030000686645508,3376800,21.610000610351562,21.530000686645508,21.530000686645508
25-01-2008,20.75,21.700000762939453,1618500,21.940000534057617,20.959999084472656,20.959999084472656
28-01-2008,20.3700008392334,20.899999618530273,1984700,21.139999389648438,20.75,20.75
29-01-2008,20.579999923706055,20.770000457763672,1310800,21.049999237060547,20.950000762939453,20.950000762939453
30-01-2008,20.549999237060547,20.81999969482422,2042900,21.399999618530273,21.18000030517578,21.18000030517578
31-01-2008,20.940000534057617,21.100000381469727,2349400,21.469999313354492,21.299999237060547,21.299999237060547
01-02-2008,21.06999969482422,21.389999389648438,2390700,21.799999237060547,21.709999084472656,21.709999084472656
04-02-2008,21.610000610351562,21.799999237060547,2341200,22.139999389648438,22.079999923706055,22.079999923706055
05-02-2008,21.149999618530273,21.610000610351562,1969800,21.81999969482422,21.149999618530273,21.149999618530273
06-02-2008,20.600000381469727,21.209999084472656,2370100,21.290000915527344,20.6299991607666,20.6299991607666
07-02-2008,20.329999923706055,20.600000381469727,2761700,20.860000610351562,20.579999923706055,20.579999923706055
08-02-2008,20.5,20.549999237060547,1334300,20.989999771118164,20.8799991607666,20.8799991607666
11-02-2008,20.860000610351562,20.989999771118164,1062400,21.350000381469727,21.280000686645508,21.280000686645508
12-02-2008,21.3799991607666,21.440000534057617,1985000,22.040000915527344,21.719999313354492,21.719999313354492
13-02-2008,21.899999618530273,22.18000030517578,2551800,22.5,22.31999969482422,22.31999969482422
14-02-2008,21.8700008392334,22.280000686645508,1597500,22.290000915527344,21.969999313354492,21.969999313354492
15-02-2008,21.56999969482422,21.84000015258789,1651200,22.09000015258789,21.860000610351562,21.860000610351562
19-02-2008,21.56999969482422,22.229999542236328,1287400,22.25,21.670000076293945,21.670000076293945
20-02-2008,21.649999618530273,21.829999923706055,1809200,22.25,22.229999542236328,22.229999542236328
21-02-2008,21.989999771118164,22.229999542236328,1307300,22.360000610351562,22.079999923706055,22.079999923706055
22-02-2008,21.829999923706055,22.219999313354492,1618600,22.309999465942383,22.260000228881836,22.260000228881836
25-02-2008,22.010000228881836,22.34000015258789,1645600,22.520000457763672,22.450000762939453,22.450000762939453
26-02-2008,22.18000030517578,22.34000015258789,1171000,22.84000015258789,22.700000762939453,22.700000762939453
27-02-2008,22.420000076293945,22.5,1188300,22.959999084472656,22.8700008392334,22.8700008392334
28-02-2008,22.469999313354492,22.690000534057617,1556000,22.899999618530273,22.709999084472656,22.709999084472656
29-02-2008,21.8799991607666,22.469999313354492,1657400,22.5,21.920000076293945,21.920000076293945
03-03-2008,21.719999313354492,21.809999465942383,1807500,22.139999389648438,21.850000381469727,21.850000381469727
04-03-2008,21.100000381469727,21.670000076293945,2086100,21.809999465942383,21.579999923706055,21.579999923706055
05-03-2008,21.3799991607666,21.56999969482422,1748500,21.969999313354492,21.469999313354492,21.469999313354492
06-03-2008,20.979999542236328,21.510000228881836,1586900,21.889999389648438,20.989999771118164,20.989999771118164
07-03-2008,20.799999237060547,20.8700008392334,1637500,21.3799991607666,21.010000228881836,21.010000228881836
10-03-2008,20.829999923706055,20.989999771118164,1322200,21.170000076293945,20.829999923706055,20.829999923706055
11-03-2008,20.84000015258789,21.09000015258789,1942600,21.719999313354492,21.719999313354492,21.719999313354492
12-03-2008,21.850000381469727,22.110000610351562,1761900,22.760000228881836,22.1200008392334,22.1200008392334
13-03-2008,21.899999618530273,21.920000076293945,2430300,22.719999313354492,22.600000381469727,22.600000381469727
14-03-2008,22.110000610351562,22.700000762939453,2309800,22.780000686645508,22.559999465942383,22.559999465942383
17-03-2008,21.530000686645508,22.020000457763672,1960400,22.489999771118164,21.8700008392334,21.8700008392334
18-03-2008,22.0,22.010000228881836,2376900,22.829999923706055,22.760000228881836,22.760000228881836
19-03-2008,22.020000457763672,22.700000762939453,2090200,23.079999923706055,22.040000915527344,22.040000915527344
20-03-2008,21.790000915527344,22.040000915527344,3087300,23.489999771118164,23.459999084472656,23.459999084472656
24-03-2008,23.149999618530273,23.459999084472656,1840800,24.190000534057617,24.15999984741211,24.15999984741211
25-03-2008,23.84000015258789,24.079999923706055,1664900,24.25,24.059999465942383,24.059999465942383
26-03-2008,23.3700008392334,24.110000610351562,2206900,24.25,23.6299991607666,23.6299991607666
27-03-2008,22.5,23.6299991607666,3112000,23.6299991607666,22.540000915527344,22.540000915527344
28-03-2008,22.530000686645508,22.780000686645508,1643900,23.079999923706055,22.6200008392334,22.6200008392334
31-03-2008,22.1299991607666,22.809999465942383,2307100,22.809999465942383,22.399999618530273,22.399999618530273
01-04-2008,22.3799991607666,22.600000381469727,2533100,23.040000915527344,22.940000534057617,22.940000534057617
02-04-2008,22.209999084472656,22.729999542236328,2812300,23.030000686645508,22.489999771118164,22.489999771118164
03-04-2008,22.440000534057617,22.579999923706055,1392100,22.690000534057617,22.469999313354492,22.469999313354492
04-04-2008,22.350000381469727,22.75,1084700,22.8700008392334,22.610000610351562,22.610000610351562
07-04-2008,22.100000381469727,22.649999618530273,1769400,22.670000076293945,22.18000030517578,22.18000030517578
08-04-2008,21.889999389648438,22.030000686645508,1336500,22.15999984741211,22.0,22.0
09-04-2008,21.459999084472656,21.829999923706055,1480900,22.219999313354492,21.770000457763672,21.770000457763672
10-04-2008,21.520000457763672,21.709999084472656,1236900,22.190000534057617,22.010000228881836,22.010000228881836
11-04-2008,21.299999237060547,21.700000762939453,1286800,21.90999984741211,21.450000762939453,21.450000762939453
14-04-2008,21.190000534057617,21.40999984741211,1479100,21.829999923706055,21.219999313354492,21.219999313354492
15-04-2008,20.84000015258789,21.059999465942383,1919200,21.420000076293945,21.270000457763672,21.270000457763672
16-04-2008,21.3700008392334,21.420000076293945,2798800,22.520000457763672,22.280000686645508,22.280000686645508
17-04-2008,22.139999389648438,23.149999618530273,3278600,23.190000534057617,22.889999389648438,22.889999389648438
18-04-2008,23.18000030517578,23.350000381469727,2522300,24.110000610351562,23.920000076293945,23.920000076293945
21-04-2008,23.440000534057617,23.639999389648438,1711700,24.059999465942383,24.0,24.0
22-04-2008,23.170000076293945,23.56999969482422,1546500,23.649999618530273,23.450000762939453,23.450000762939453
23-04-2008,23.329999923706055,23.440000534057617,1681800,24.0,23.920000076293945,23.920000076293945
24-04-2008,23.6200008392334,23.8799991607666,1965400,24.600000381469727,24.40999984741211,24.40999984741211
25-04-2008,24.040000915527344,24.56999969482422,1204500,24.56999969482422,24.399999618530273,24.399999618530273
28-04-2008,24.110000610351562,24.260000228881836,1043500,24.549999237060547,24.15999984741211,24.15999984741211
29-04-2008,23.899999618530273,24.020000457763672,1003500,24.40999984741211,24.329999923706055,24.329999923706055
30-04-2008,23.450000762939453,24.450000762939453,2327800,24.450000762939453,23.6200008392334,23.6200008392334
01-05-2008,23.5,23.5,2474300,24.329999923706055,24.309999465942383,24.309999465942383
02-05-2008,23.780000686645508,24.459999084472656,1661200,24.479999542236328,24.079999923706055,24.079999923706055
05-05-2008,23.84000015258789,24.030000686645508,1384100,24.280000686645508,23.959999084472656,23.959999084472656
06-05-2008,23.700000762939453,23.979999542236328,1882300,24.170000076293945,24.020000457763672,24.020000457763672
07-05-2008,23.309999465942383,24.110000610351562,1843500,24.260000228881836,23.3700008392334,23.3700008392334
08-05-2008,23.290000915527344,23.3799991607666,1881700,23.690000534057617,23.6200008392334,23.6200008392334
09-05-2008,23.31999969482422,23.399999618530273,1411000,24.209999084472656,24.030000686645508,24.030000686645508
12-05-2008,23.59000015258789,23.8700008392334,1501300,24.290000915527344,24.170000076293945,24.170000076293945
13-05-2008,23.670000076293945,24.1200008392334,1225800,24.25,24.0,24.0
14-05-2008,24.149999618530273,24.299999237060547,1459700,24.549999237060547,24.209999084472656,24.209999084472656
15-05-2008,24.399999618530273,24.6299991607666,2474300,25.040000915527344,24.989999771118164,24.989999771118164
16-05-2008,24.610000610351562,25.1200008392334,2025700,25.1200008392334,24.799999237060547,24.799999237060547
19-05-2008,24.389999389648438,24.709999084472656,987800,24.790000915527344,24.559999465942383,24.559999465942383
20-05-2008,24.190000534057617,24.3799991607666,1498500,24.8700008392334,24.610000610351562,24.610000610351562
21-05-2008,24.020000457763672,24.68000030517578,1595600,24.760000228881836,24.139999389648438,24.139999389648438
22-05-2008,24.0,24.149999618530273,2346900,24.940000534057617,24.649999618530273,24.649999618530273
23-05-2008,24.139999389648438,24.360000610351562,1088100,24.489999771118164,24.469999313354492,24.469999313354492
27-05-2008,24.280000686645508,24.59000015258789,1322700,24.899999618530273,24.65999984741211,24.65999984741211
28-05-2008,24.3799991607666,24.59000015258789,1309100,24.700000762939453,24.670000076293945,24.670000076293945
29-05-2008,24.5,24.719999313354492,2173200,25.329999923706055,25.010000228881836,25.010000228881836
30-05-2008,24.790000915527344,24.950000762939453,1410000,25.06999969482422,24.829999923706055,24.829999923706055
02-06-2008,24.0,24.8700008392334,1155100,24.959999084472656,24.329999923706055,24.329999923706055
03-06-2008,24.059999465942383,24.559999465942383,1899600,24.84000015258789,24.579999923706055,24.579999923706055
04-06-2008,24.40999984741211,24.540000915527344,4520700,25.809999465942383,24.989999771118164,24.989999771118164
05-06-2008,24.84000015258789,25.110000610351562,2280700,25.280000686645508,25.110000610351562,25.110000610351562
06-06-2008,24.600000381469727,24.940000534057617,1717200,25.010000228881836,24.780000686645508,24.780000686645508
09-06-2008,24.260000228881836,24.93000030517578,1514900,24.989999771118164,24.739999771118164,24.739999771118164
10-06-2008,24.350000381469727,24.889999389648438,1159600,24.889999389648438,24.5,24.5
11-06-2008,23.940000534057617,24.40999984741211,1887000,24.6200008392334,23.989999771118164,23.989999771118164
12-06-2008,23.860000610351562,24.18000030517578,1514300,24.639999389648438,24.0,24.0
13-06-2008,24.06999969482422,24.260000228881836,2043700,25.18000030517578,25.18000030517578,25.18000030517578
16-06-2008,24.75,25.0,2496300,25.219999313354492,24.940000534057617,24.940000534057617
17-06-2008,23.889999389648438,24.950000762939453,3082900,25.0,23.969999313354492,23.969999313354492
18-06-2008,23.690000534057617,23.899999618530273,2059500,24.06999969482422,23.770000457763672,23.770000457763672
19-06-2008,23.25,23.709999084472656,2767300,24.280000686645508,24.18000030517578,24.18000030517578
20-06-2008,23.209999084472656,23.889999389648438,3090900,24.100000381469727,23.739999771118164,23.739999771118164
23-06-2008,23.670000076293945,23.799999237060547,2510800,24.469999313354492,24.010000228881836,24.010000228881836
24-06-2008,23.5,23.799999237060547,2529100,24.15999984741211,23.59000015258789,23.59000015258789
25-06-2008,23.469999313354492,23.65999984741211,1580700,23.93000030517578,23.670000076293945,23.670000076293945
26-06-2008,23.420000076293945,24.15999984741211,4238800,24.290000915527344,23.84000015258789,23.84000015258789
27-06-2008,23.639999389648438,23.989999771118164,2002900,24.049999237060547,23.959999084472656,23.959999084472656
30-06-2008,23.649999618530273,23.760000228881836,1478800,24.040000915527344,23.670000076293945,23.670000076293945
01-07-2008,23.190000534057617,23.649999618530273,3096800,23.959999084472656,23.899999618530273,23.899999618530273
02-07-2008,23.209999084472656,23.81999969482422,4104500,24.270000457763672,23.34000015258789,23.34000015258789
03-07-2008,23.190000534057617,23.520000457763672,1296400,23.729999542236328,23.31999969482422,23.31999969482422
07-07-2008,22.520000457763672,23.399999618530273,2354800,23.479999542236328,23.049999237060547,23.049999237060547
08-07-2008,22.920000076293945,23.110000610351562,3027400,23.68000030517578,23.600000381469727,23.600000381469727
09-07-2008,23.260000228881836,23.510000228881836,2714600,23.920000076293945,23.290000915527344,23.290000915527344
10-07-2008,23.06999969482422,23.239999771118164,2458200,23.649999618530273,23.440000534057617,23.440000534057617
11-07-2008,22.639999389648438,23.06999969482422,1907100,23.649999618530273,23.3700008392334,23.3700008392334
14-07-2008,22.940000534057617,23.5,1932900,23.600000381469727,23.190000534057617,23.190000534057617
15-07-2008,23.010000228881836,23.190000534057617,2935200,23.56999969482422,23.31999969482422,23.31999969482422
16-07-2008,23.1299991607666,23.270000457763672,3170200,23.850000381469727,23.700000762939453,23.700000762939453
17-07-2008,23.829999923706055,24.079999923706055,3437700,24.350000381469727,24.200000762939453,24.200000762939453
18-07-2008,24.010000228881836,24.010000228881836,3478200,24.6200008392334,24.06999969482422,24.06999969482422
21-07-2008,22.739999771118164,24.06999969482422,4885200,24.06999969482422,23.450000762939453,23.450000762939453
22-07-2008,23.280000686645508,23.5,5791400,23.920000076293945,23.6200008392334,23.6200008392334
23-07-2008,22.760000228881836,23.34000015258789,3451600,23.610000610351562,23.350000381469727,23.350000381469727
24-07-2008,22.719999313354492,23.209999084472656,3376700,23.260000228881836,22.959999084472656,22.959999084472656
25-07-2008,22.780000686645508,23.190000534057617,1752200,23.25,23.170000076293945,23.170000076293945
28-07-2008,22.899999618530273,23.239999771118164,1790900,23.489999771118164,23.0,23.0
29-07-2008,22.8799991607666,23.209999084472656,1826000,23.670000076293945,23.5,23.5
30-07-2008,23.0,23.5,2776600,23.530000686645508,23.209999084472656,23.209999084472656
31-07-2008,22.719999313354492,23.049999237060547,2650300,23.229999542236328,22.829999923706055,22.829999923706055
01-08-2008,22.0,22.719999313354492,3482200,22.81999969482422,22.3799991607666,22.3799991607666
04-08-2008,22.030000686645508,22.3700008392334,1731800,22.3700008392334,22.1299991607666,22.1299991607666
05-08-2008,22.149999618530273,22.3700008392334,2348200,23.0,22.899999618530273,22.899999618530273
06-08-2008,22.700000762939453,22.93000030517578,2898300,23.799999237060547,23.700000762939453,23.700000762939453
07-08-2008,23.479999542236328,23.56999969482422,3671200,24.690000534057617,24.40999984741211,24.40999984741211
08-08-2008,24.0,24.34000015258789,2966200,25.100000381469727,24.84000015258789,24.84000015258789
11-08-2008,24.6299991607666,24.649999618530273,2452700,25.229999542236328,25.190000534057617,25.190000534057617
12-08-2008,24.8700008392334,24.979999542236328,2967600,25.399999618530273,25.06999969482422,25.06999969482422
13-08-2008,24.780000686645508,24.920000076293945,2172100,25.200000762939453,24.920000076293945,24.920000076293945
14-08-2008,24.670000076293945,24.829999923706055,1363800,25.15999984741211,25.020000457763672,25.020000457763672
15-08-2008,24.760000228881836,25.049999237060547,1699000,25.170000076293945,25.059999465942383,25.059999465942383
18-08-2008,24.780000686645508,25.110000610351562,1326700,25.31999969482422,24.950000762939453,24.950000762939453
19-08-2008,24.84000015258789,24.90999984741211,1854300,25.200000762939453,25.149999618530273,25.149999618530273
20-08-2008,24.8799991607666,25.1299991607666,3640500,25.739999771118164,25.579999923706055,25.579999923706055
21-08-2008,24.84000015258789,25.40999984741211,3016100,25.670000076293945,24.920000076293945,24.920000076293945
22-08-2008,24.899999618530273,25.190000534057617,1384100,25.239999771118164,24.93000030517578,24.93000030517578
25-08-2008,24.260000228881836,24.690000534057617,1670700,24.760000228881836,24.40999984741211,24.40999984741211
26-08-2008,24.0,24.360000610351562,1596200,24.530000686645508,24.479999542236328,24.479999542236328
27-08-2008,24.5,24.549999237060547,1242400,24.940000534057617,24.6200008392334,24.6200008392334
28-08-2008,24.59000015258789,24.709999084472656,1285000,24.889999389648438,24.690000534057617,24.690000534057617
29-08-2008,24.309999465942383,24.600000381469727,1288600,24.6200008392334,24.489999771118164,24.489999771118164
02-09-2008,24.510000228881836,24.809999465942383,2007900,25.290000915527344,24.920000076293945,24.920000076293945
03-09-2008,24.489999771118164,24.850000381469727,1574200,25.059999465942383,24.6200008392334,24.6200008392334
04-09-2008,24.010000228881836,24.43000030517578,4251000,24.610000610351562,24.010000228881836,24.010000228881836
05-09-2008,23.709999084472656,24.0,2889100,24.760000228881836,24.530000686645508,24.530000686645508
08-09-2008,23.84000015258789,23.84000015258789,3106300,25.06999969482422,24.829999923706055,24.829999923706055
09-09-2008,24.110000610351562,24.75,2944300,25.100000381469727,24.18000030517578,24.18000030517578
10-09-2008,24.040000915527344,24.329999923706055,2552900,24.68000030517578,24.43000030517578,24.43000030517578
11-09-2008,24.06999969482422,24.06999969482422,4854300,25.010000228881836,24.670000076293945,24.670000076293945
12-09-2008,24.299999237060547,24.510000228881836,1975000,24.920000076293945,24.780000686645508,24.780000686645508
15-09-2008,24.149999618530273,24.329999923706055,2065700,24.670000076293945,24.399999618530273,24.399999618530273
16-09-2008,23.709999084472656,24.09000015258789,3937800,24.739999771118164,24.43000030517578,24.43000030517578
17-09-2008,23.43000030517578,24.360000610351562,3639900,24.459999084472656,23.43000030517578,23.43000030517578
18-09-2008,22.520000457763672,23.649999618530273,4126100,23.850000381469727,23.260000228881836,23.260000228881836
19-09-2008,22.700000762939453,23.959999084472656,3816700,24.350000381469727,23.56999969482422,23.56999969482422
22-09-2008,22.700000762939453,23.469999313354492,2550700,23.56999969482422,22.729999542236328,22.729999542236328
23-09-2008,22.6299991607666,22.760000228881836,1940100,23.280000686645508,22.700000762939453,22.700000762939453
24-09-2008,22.1299991607666,22.639999389648438,2203700,22.90999984741211,22.559999465942383,22.559999465942383
25-09-2008,22.459999084472656,22.690000534057617,2167800,23.3700008392334,23.200000762939453,23.200000762939453
26-09-2008,22.780000686645508,22.950000762939453,1365400,23.270000457763672,23.18000030517578,23.18000030517578
29-09-2008,21.450000762939453,22.75,2265800,22.8799991607666,21.549999237060547,21.549999237060547
30-09-2008,21.31999969482422,21.719999313354492,2592200,22.770000457763672,22.739999771118164,22.739999771118164
01-10-2008,22.329999923706055,22.40999984741211,2444200,23.0,22.5,22.5
02-10-2008,21.81999969482422,22.489999771118164,2694200,22.549999237060547,21.8700008392334,21.8700008392334
03-10-2008,21.010000228881836,22.149999618530273,2637000,22.43000030517578,21.1200008392334,21.1200008392334
06-10-2008,19.350000381469727,20.729999542236328,3965600,20.799999237060547,19.90999984741211,19.90999984741211
07-10-2008,18.600000381469727,19.90999984741211,3361200,20.079999923706055,18.6299991607666,18.6299991607666
08-10-2008,18.25,18.31999969482422,3192300,19.43000030517578,18.670000076293945,18.670000076293945
09-10-2008,17.8799991607666,18.979999542236328,2711500,19.170000076293945,18.170000076293945,18.170000076293945
10-10-2008,16.979999542236328,17.559999465942383,3952900,18.459999084472656,17.81999969482422,17.81999969482422
13-10-2008,18.559999465942383,18.84000015258789,2991000,20.0,19.959999084472656,19.959999084472656
14-10-2008,19.0,20.219999313354492,2571000,20.229999542236328,19.299999237060547,19.299999237060547
15-10-2008,17.399999618530273,19.100000381469727,2879600,19.280000686645508,17.43000030517578,17.43000030517578
16-10-2008,16.799999237060547,17.489999771118164,2760100,18.540000915527344,18.540000915527344,18.540000915527344
17-10-2008,17.770000457763672,18.190000534057617,2199900,19.469999313354492,18.790000915527344,18.790000915527344
20-10-2008,18.559999465942383,19.030000686645508,1075700,19.719999313354492,19.6200008392334,19.6200008392334
21-10-2008,18.399999618530273,19.399999618530273,1679700,19.530000686645508,18.469999313354492,18.469999313354492
22-10-2008,18.030000686645508,18.399999618530273,2690400,18.760000228881836,18.469999313354492,18.469999313354492
23-10-2008,17.6299991607666,18.290000915527344,2394000,18.739999771118164,18.600000381469727,18.600000381469727
24-10-2008,17.770000457763672,17.770000457763672,1965900,18.670000076293945,18.200000762939453,18.200000762939453
27-10-2008,17.420000076293945,18.15999984741211,1933900,18.3700008392334,17.510000228881836,17.510000228881836
28-10-2008,17.8700008392334,18.3799991607666,3495400,19.280000686645508,19.25,19.25
29-10-2008,18.6299991607666,19.290000915527344,2267900,19.790000915527344,19.3700008392334,19.3700008392334
30-10-2008,19.559999465942383,19.75,2326900,20.329999923706055,20.25,20.25
31-10-2008,20.0,20.010000228881836,3000000,20.709999084472656,20.219999313354492,20.219999313354492
03-11-2008,19.799999237060547,20.270000457763672,1319400,20.389999389648438,20.0,20.0
04-11-2008,19.809999465942383,20.18000030517578,1802700,20.31999969482422,20.1299991607666,20.1299991607666
05-11-2008,18.950000762939453,19.829999923706055,1765700,19.940000534057617,18.950000762939453,18.950000762939453
06-11-2008,18.549999237060547,18.700000762939453,3469000,19.40999984741211,19.0,19.0
07-11-2008,18.93000030517578,19.049999237060547,1627300,20.0,19.75,19.75
10-11-2008,19.549999237060547,20.1299991607666,1577100,20.170000076293945,19.90999984741211,19.90999984741211
11-11-2008,19.200000762939453,19.540000915527344,1594600,19.979999542236328,19.600000381469727,19.600000381469727
12-11-2008,19.110000610351562,19.229999542236328,1790900,19.579999923706055,19.15999984741211,19.15999984741211
13-11-2008,18.600000381469727,18.959999084472656,3005100,20.690000534057617,20.649999618530273,20.649999618530273
14-11-2008,19.81999969482422,20.139999389648438,2226500,20.889999389648438,20.010000228881836,20.010000228881836
17-11-2008,19.399999618530273,19.889999389648438,2918300,20.520000457763672,20.209999084472656,20.209999084472656
18-11-2008,19.459999084472656,20.3700008392334,3200000,20.59000015258789,19.770000457763672,19.770000457763672
19-11-2008,18.40999984741211,19.3700008392334,2290700,19.920000076293945,18.440000534057617,18.440000534057617
20-11-2008,18.030000686645508,18.350000381469727,3031900,19.31999969482422,18.489999771118164,18.489999771118164
21-11-2008,18.15999984741211,18.68000030517578,4521100,19.670000076293945,19.649999618530273,19.649999618530273
24-11-2008,19.690000534057617,19.8799991607666,2984800,20.899999618530273,20.760000228881836,20.760000228881836
25-11-2008,19.799999237060547,20.549999237060547,3162400,20.610000610351562,20.0,20.0
26-11-2008,19.8799991607666,19.8799991607666,2877800,20.6299991607666,20.530000686645508,20.530000686645508
28-11-2008,20.190000534057617,20.40999984741211,683100,20.68000030517578,20.610000610351562,20.610000610351562
01-12-2008,19.3700008392334,20.170000076293945,2610100,20.200000762939453,19.399999618530273,19.399999618530273
02-12-2008,18.59000015258789,19.450000762939453,2803700,19.6200008392334,19.010000228881836,19.010000228881836
03-12-2008,18.309999465942383,18.479999542236328,2058500,19.440000534057617,18.989999771118164,18.989999771118164
04-12-2008,18.139999389648438,18.889999389648438,2070300,19.149999618530273,18.34000015258789,18.34000015258789
05-12-2008,17.739999771118164,18.459999084472656,2103700,19.1200008392334,19.010000228881836,19.010000228881836
08-12-2008,19.020000457763672,19.280000686645508,1633700,19.93000030517578,19.690000534057617,19.690000534057617
09-12-2008,19.18000030517578,19.420000076293945,1496400,19.989999771118164,19.350000381469727,19.350000381469727
10-12-2008,19.139999389648438,19.510000228881836,1193800,19.829999923706055,19.540000915527344,19.540000915527344
11-12-2008,18.520000457763672,19.399999618530273,1828000,19.600000381469727,18.68000030517578,18.68000030517578
12-12-2008,18.329999923706055,18.329999923706055,2118800,19.1200008392334,19.040000915527344,19.040000915527344
15-12-2008,18.610000610351562,19.479999542236328,1152700,19.479999542236328,18.8799991607666,18.8799991607666
16-12-2008,18.950000762939453,19.059999465942383,2645200,19.979999542236328,19.860000610351562,19.860000610351562
17-12-2008,19.469999313354492,19.579999923706055,1871200,19.989999771118164,19.479999542236328,19.479999542236328
18-12-2008,18.239999771118164,19.309999465942383,2323800,19.489999771118164,18.56999969482422,18.56999969482422
19-12-2008,18.43000030517578,18.799999237060547,2180300,19.06999969482422,18.6200008392334,18.6200008392334
22-12-2008,18.15999984741211,19.079999923706055,3397100,19.09000015258789,18.3799991607666,18.3799991607666
23-12-2008,18.229999542236328,18.520000457763672,1408100,18.729999542236328,18.350000381469727,18.350000381469727
24-12-2008,18.299999237060547,18.299999237060547,465300,18.690000534057617,18.520000457763672,18.520000457763672
26-12-2008,18.399999618530273,18.510000228881836,366800,18.649999618530273,18.530000686645508,18.530000686645508
29-12-2008,18.31999969482422,18.549999237060547,903800,18.65999984741211,18.5,18.5
30-12-2008,18.40999984741211,18.510000228881836,1012100,18.969999313354492,18.959999084472656,18.959999084472656
31-12-2008,18.65999984741211,18.989999771118164,1657100,19.06999969482422,18.989999771118164,18.989999771118164
02-01-2009,18.940000534057617,19.06999969482422,2315300,19.979999542236328,19.739999771118164,19.739999771118164
05-01-2009,19.3799991607666,19.790000915527344,2910700,20.440000534057617,20.209999084472656,20.209999084472656
06-01-2009,20.110000610351562,20.440000534057617,2062100,20.889999389648438,20.579999923706055,20.579999923706055
07-01-2009,20.31999969482422,20.389999389648438,3307700,20.809999465942383,20.770000457763672,20.770000457763672
08-01-2009,20.549999237060547,20.770000457763672,2129400,21.270000457763672,21.209999084472656,21.209999084472656
09-01-2009,20.959999084472656,21.84000015258789,3676600,21.979999542236328,21.1299991607666,21.1299991607666
12-01-2009,20.84000015258789,21.06999969482422,2254500,21.15999984741211,21.059999465942383,21.059999465942383
13-01-2009,21.030000686645508,21.09000015258789,2807200,21.540000915527344,21.31999969482422,21.31999969482422
14-01-2009,20.969999313354492,21.219999313354492,2419800,21.610000610351562,21.25,21.25
15-01-2009,20.760000228881836,21.0,3686000,21.3799991607666,20.899999618530273,20.899999618530273
16-01-2009,20.25,21.18000030517578,2569200,21.239999771118164,20.959999084472656,20.959999084472656
20-01-2009,20.950000762939453,21.40999984741211,3065800,21.75,20.950000762939453,20.950000762939453
21-01-2009,20.790000915527344,21.170000076293945,4083300,21.8700008392334,21.829999923706055,21.829999923706055
22-01-2009,20.959999084472656,21.18000030517578,4297400,21.670000076293945,21.049999237060547,21.049999237060547
23-01-2009,20.729999542236328,20.799999237060547,2561700,21.260000228881836,21.0,21.0
26-01-2009,20.739999771118164,20.8700008392334,3353900,21.479999542236328,21.040000915527344,21.040000915527344
27-01-2009,21.799999237060547,21.989999771118164,5982500,23.350000381469727,22.84000015258789,22.84000015258789
28-01-2009,22.510000228881836,22.920000076293945,3546000,23.200000762939453,22.81999969482422,22.81999969482422
29-01-2009,22.15999984741211,22.559999465942383,3356200,23.049999237060547,22.489999771118164,22.489999771118164
30-01-2009,22.420000076293945,22.600000381469727,4063400,23.09000015258789,22.670000076293945,22.670000076293945
02-02-2009,22.209999084472656,22.260000228881836,3687700,23.149999618530273,22.760000228881836,22.760000228881836
03-02-2009,22.34000015258789,22.350000381469727,4168500,23.190000534057617,23.149999618530273,23.149999618530273
04-02-2009,22.399999618530273,23.149999618530273,4052700,23.25,22.540000915527344,22.540000915527344
05-02-2009,22.030000686645508,22.229999542236328,5068000,22.719999313354492,22.1200008392334,22.1200008392334
06-02-2009,22.030000686645508,22.1299991607666,3555300,23.059999465942383,23.030000686645508,23.030000686645508
09-02-2009,22.739999771118164,22.899999618530273,3297800,23.40999984741211,23.34000015258789,23.34000015258789
10-02-2009,22.649999618530273,23.100000381469727,4020400,23.329999923706055,22.790000915527344,22.790000915527344
11-02-2009,22.799999237060547,22.899999618530273,2889000,23.219999313354492,22.950000762939453,22.950000762939453
12-02-2009,22.610000610351562,22.649999618530273,4028200,23.170000076293945,22.90999984741211,22.90999984741211
13-02-2009,22.829999923706055,22.90999984741211,4829100,23.350000381469727,23.170000076293945,23.170000076293945
17-02-2009,22.459999084472656,22.75,3265600,23.1299991607666,22.8799991607666,22.8799991607666
18-02-2009,22.5,22.940000534057617,3778800,23.549999237060547,22.75,22.75
19-02-2009,22.040000915527344,22.799999237060547,4142500,23.030000686645508,22.040000915527344,22.040000915527344
20-02-2009,21.600000381469727,22.09000015258789,4995600,22.5,21.899999618530273,21.899999618530273
23-02-2009,21.360000610351562,21.979999542236328,2607200,22.25,21.420000076293945,21.420000076293945
24-02-2009,21.360000610351562,21.489999771118164,3634300,22.40999984741211,22.350000381469727,22.350000381469727
25-02-2009,22.059999465942383,22.1299991607666,5629300,22.760000228881836,22.40999984741211,22.40999984741211
26-02-2009,21.56999969482422,22.610000610351562,4698800,22.739999771118164,21.56999969482422,21.56999969482422
27-02-2009,21.56999969482422,21.979999542236328,5140600,22.209999084472656,21.969999313354492,21.969999313354492
02-03-2009,21.200000762939453,21.770000457763672,4183500,22.139999389648438,21.360000610351562,21.360000610351562
03-03-2009,21.34000015258789,21.59000015258789,3017500,21.75,21.40999984741211,21.40999984741211
04-03-2009,21.729999542236328,21.899999618530273,2741500,22.1200008392334,21.81999969482422,21.81999969482422
05-03-2009,21.110000610351562,21.530000686645508,3140200,22.110000610351562,21.239999771118164,21.239999771118164
06-03-2009,20.75,21.459999084472656,2576800,21.729999542236328,21.040000915527344,21.040000915527344
09-03-2009,20.0,20.829999923706055,3371900,21.260000228881836,20.100000381469727,20.100000381469727
10-03-2009,20.329999923706055,20.829999923706055,3031800,21.170000076293945,20.889999389648438,20.889999389648438
11-03-2009,20.450000762939453,20.90999984741211,2846800,21.15999984741211,20.719999313354492,20.719999313354492
12-03-2009,20.31999969482422,20.6200008392334,2944200,21.600000381469727,21.479999542236328,21.479999542236328
13-03-2009,21.1299991607666,21.229999542236328,3600300,21.610000610351562,21.450000762939453,21.450000762939453
16-03-2009,21.1200008392334,21.760000228881836,2601800,21.920000076293945,21.1200008392334,21.1200008392334
17-03-2009,20.979999542236328,21.239999771118164,2675900,21.530000686645508,21.530000686645508,21.530000686645508
18-03-2009,20.899999618530273,20.899999618530273,3243200,21.940000534057617,21.399999618530273,21.399999618530273
19-03-2009,20.850000381469727,21.020000457763672,2698700,21.989999771118164,21.100000381469727,21.100000381469727
20-03-2009,20.920000076293945,21.270000457763672,2497900,21.43000030517578,20.989999771118164,20.989999771118164
23-03-2009,21.09000015258789,21.31999969482422,2047100,21.760000228881836,21.760000228881836,21.760000228881836
24-03-2009,20.969999313354492,21.729999542236328,2240200,21.729999542236328,21.540000915527344,21.540000915527344
25-03-2009,21.100000381469727,21.6200008392334,3309800,21.989999771118164,21.670000076293945,21.670000076293945
26-03-2009,21.81999969482422,21.81999969482422,6374700,23.18000030517578,22.959999084472656,22.959999084472656
27-03-2009,22.010000228881836,22.479999542236328,3048700,22.670000076293945,22.059999465942383,22.059999465942383
30-03-2009,21.3700008392334,21.469999313354492,3849700,21.950000762939453,21.68000030517578,21.68000030517578
31-03-2009,21.84000015258789,22.0,3722700,22.700000762939453,22.209999084472656,22.209999084472656
01-04-2009,21.93000030517578,22.350000381469727,3473400,22.510000228881836,22.149999618530273,22.149999618530273
02-04-2009,22.25,22.56999969482422,3615200,23.18000030517578,22.770000457763672,22.770000457763672
03-04-2009,22.40999984741211,22.6200008392334,2198400,22.790000915527344,22.709999084472656,22.709999084472656
06-04-2009,22.280000686645508,22.719999313354492,3214200,23.270000457763672,23.219999313354492,23.219999313354492
07-04-2009,22.770000457763672,22.8700008392334,3156200,23.479999542236328,23.0,23.0
08-04-2009,23.200000762939453,23.200000762939453,2896400,23.8799991607666,23.670000076293945,23.670000076293945
09-04-2009,23.780000686645508,23.84000015258789,3343900,24.280000686645508,24.25,24.25
13-04-2009,23.6200008392334,24.190000534057617,2381400,24.190000534057617,24.049999237060547,24.049999237060547
14-04-2009,23.84000015258789,24.049999237060547,5382300,24.770000457763672,24.31999969482422,24.31999969482422
15-04-2009,23.920000076293945,24.5,2245300,24.510000228881836,24.170000076293945,24.170000076293945
16-04-2009,24.010000228881836,24.440000534057617,2950700,24.5,24.440000534057617,24.440000534057617
17-04-2009,24.06999969482422,24.399999618530273,3717900,24.850000381469727,24.719999313354492,24.719999313354492
20-04-2009,24.309999465942383,24.479999542236328,3284100,25.049999237060547,24.649999618530273,24.649999618530273
21-04-2009,24.440000534057617,24.440000534057617,3121600,25.100000381469727,24.93000030517578,24.93000030517578
22-04-2009,24.450000762939453,24.700000762939453,2611300,25.350000381469727,24.93000030517578,24.93000030517578
23-04-2009,24.440000534057617,25.079999923706055,2468800,25.079999923706055,24.75,24.75
24-04-2009,24.510000228881836,24.889999389648438,4282800,25.440000534057617,25.18000030517578,25.18000030517578
27-04-2009,23.260000228881836,24.1200008392334,6981200,24.3799991607666,23.59000015258789,23.59000015258789
28-04-2009,22.860000610351562,23.420000076293945,4236500,23.610000610351562,23.270000457763672,23.270000457763672
29-04-2009,22.84000015258789,23.3700008392334,3867900,23.6299991607666,22.93000030517578,22.93000030517578
30-04-2009,22.93000030517578,23.0,4623400,23.540000915527344,23.170000076293945,23.170000076293945
01-05-2009,23.010000228881836,23.09000015258789,2589800,23.6299991607666,23.6299991607666,23.6299991607666
04-05-2009,23.510000228881836,23.969999313354492,3015100,24.020000457763672,23.850000381469727,23.850000381469727
05-05-2009,23.549999237060547,23.829999923706055,3951100,24.040000915527344,23.81999969482422,23.81999969482422
06-05-2009,22.649999618530273,23.959999084472656,5015500,24.049999237060547,22.790000915527344,22.790000915527344
07-05-2009,22.200000762939453,23.139999389648438,3971800,23.229999542236328,22.459999084472656,22.459999084472656
08-05-2009,22.280000686645508,22.68000030517578,1834000,22.850000381469727,22.3799991607666,22.3799991607666
11-05-2009,22.25,22.280000686645508,2115400,23.190000534057617,22.8700008392334,22.8700008392334
12-05-2009,21.969999313354492,23.100000381469727,3309200,23.100000381469727,22.18000030517578,22.18000030517578
13-05-2009,21.780000686645508,22.100000381469727,1905700,22.239999771118164,21.950000762939453,21.950000762939453
14-05-2009,22.0,22.110000610351562,1731700,22.5,22.329999923706055,22.329999923706055
15-05-2009,22.079999923706055,22.299999237060547,1254600,22.530000686645508,22.309999465942383,22.309999465942383
18-05-2009,22.469999313354492,22.670000076293945,3749900,23.15999984741211,23.1299991607666,23.1299991607666
19-05-2009,22.81999969482422,23.100000381469727,3057900,23.81999969482422,23.649999618530273,23.649999618530273
20-05-2009,23.600000381469727,23.809999465942383,3196100,24.200000762939453,23.93000030517578,23.93000030517578
21-05-2009,23.399999618530273,23.709999084472656,2024200,24.049999237060547,23.729999542236328,23.729999542236328
22-05-2009,23.440000534057617,23.75,1321100,23.8700008392334,23.610000610351562,23.610000610351562
26-05-2009,23.260000228881836,23.329999923706055,2755600,24.18000030517578,23.790000915527344,23.790000915527344
27-05-2009,22.799999237060547,23.639999389648438,3781500,23.649999618530273,22.920000076293945,22.920000076293945
28-05-2009,22.719999313354492,22.719999313354492,2443200,23.350000381469727,23.299999237060547,23.299999237060547
29-05-2009,23.079999923706055,23.5,2123900,23.5,23.350000381469727,23.350000381469727
01-06-2009,23.3799991607666,23.3799991607666,2594800,23.799999237060547,23.549999237060547,23.549999237060547
02-06-2009,23.40999984741211,23.6299991607666,2341300,23.93000030517578,23.760000228881836,23.760000228881836
03-06-2009,23.360000610351562,23.729999542236328,2313800,23.93000030517578,23.489999771118164,23.489999771118164
04-06-2009,23.219999313354492,23.420000076293945,2384200,23.56999969482422,23.3700008392334,23.3700008392334
05-06-2009,23.260000228881836,23.530000686645508,2436300,23.93000030517578,23.8799991607666,23.8799991607666
08-06-2009,23.59000015258789,23.889999389648438,1605100,24.0,23.780000686645508,23.780000686645508
09-06-2009,23.65999984741211,23.790000915527344,1365300,23.989999771118164,23.860000610351562,23.860000610351562
10-06-2009,23.600000381469727,24.040000915527344,2374500,24.100000381469727,23.979999542236328,23.979999542236328
11-06-2009,23.809999465942383,24.010000228881836,3966500,24.3799991607666,23.84000015258789,23.84000015258789
12-06-2009,23.690000534057617,23.829999923706055,2497700,24.170000076293945,24.09000015258789,24.09000015258789
15-06-2009,23.5,23.850000381469727,2331300,24.049999237060547,24.010000228881836,24.010000228881836
16-06-2009,23.670000076293945,24.200000762939453,1896100,24.239999771118164,23.700000762939453,23.700000762939453
17-06-2009,23.610000610351562,23.920000076293945,2621700,24.200000762939453,23.959999084472656,23.959999084472656
18-06-2009,23.139999389648438,23.920000076293945,2537800,23.959999084472656,23.350000381469727,23.350000381469727
19-06-2009,23.260000228881836,23.540000915527344,1670800,23.75,23.389999389648438,23.389999389648438
22-06-2009,22.690000534057617,23.020000457763672,2362700,23.09000015258789,22.829999923706055,22.829999923706055
23-06-2009,22.6200008392334,23.0,1740900,23.040000915527344,22.84000015258789,22.84000015258789
24-06-2009,22.889999389648438,22.969999313354492,3453000,23.809999465942383,23.719999313354492,23.719999313354492
25-06-2009,23.399999618530273,23.65999984741211,2383000,23.790000915527344,23.700000762939453,23.700000762939453
26-06-2009,23.43000030517578,23.520000457763672,1864600,24.020000457763672,23.649999618530273,23.649999618530273
29-06-2009,23.25,23.700000762939453,2015500,23.899999618530273,23.579999923706055,23.579999923706055
30-06-2009,23.229999542236328,23.579999923706055,1817200,23.729999542236328,23.469999313354492,23.469999313354492
01-07-2009,22.790000915527344,23.049999237060547,3680300,23.5,23.219999313354492,23.219999313354492
02-07-2009,22.760000228881836,22.989999771118164,2746600,23.1299991607666,23.049999237060547,23.049999237060547
06-07-2009,22.649999618530273,22.8700008392334,2274300,22.940000534057617,22.940000534057617,22.940000534057617
07-07-2009,22.1299991607666,22.81999969482422,3672500,23.209999084472656,22.239999771118164,22.239999771118164
08-07-2009,22.1299991607666,22.34000015258789,2805000,22.6200008392334,22.270000457763672,22.270000457763672
09-07-2009,22.030000686645508,22.43000030517578,1472000,22.5,22.360000610351562,22.360000610351562
10-07-2009,22.1299991607666,22.299999237060547,1418000,22.719999313354492,22.3700008392334,22.3700008392334
13-07-2009,22.010000228881836,22.389999389648438,2119100,22.8700008392334,22.8700008392334,22.8700008392334
14-07-2009,22.6200008392334,22.700000762939453,1530100,23.18000030517578,23.1200008392334,23.1200008392334
15-07-2009,23.139999389648438,23.200000762939453,3598900,23.93000030517578,23.8700008392334,23.8700008392334
16-07-2009,23.690000534057617,23.84000015258789,3174700,24.459999084472656,24.18000030517578,24.18000030517578
17-07-2009,24.0,24.309999465942383,2197800,24.40999984741211,24.309999465942383,24.309999465942383
20-07-2009,24.18000030517578,24.329999923706055,1382600,24.489999771118164,24.450000762939453,24.450000762939453
21-07-2009,24.170000076293945,24.399999618530273,1675500,24.56999969482422,24.56999969482422,24.56999969482422
22-07-2009,24.170000076293945,24.43000030517578,1814100,24.84000015258789,24.56999969482422,24.56999969482422
23-07-2009,24.3700008392334,24.579999923706055,2110700,24.860000610351562,24.729999542236328,24.729999542236328
24-07-2009,24.239999771118164,24.459999084472656,1712700,24.84000015258789,24.799999237060547,24.799999237060547
27-07-2009,24.520000457763672,24.799999237060547,1901300,24.899999618530273,24.84000015258789,24.84000015258789
28-07-2009,25.81999969482422,26.18000030517578,6703900,26.68000030517578,26.09000015258789,26.09000015258789
29-07-2009,25.639999389648438,25.68000030517578,3166200,26.68000030517578,26.469999313354492,26.469999313354492
30-07-2009,26.239999771118164,26.450000762939453,2837800,27.149999618530273,26.639999389648438,26.639999389648438
31-07-2009,26.459999084472656,26.540000915527344,2781200,27.219999313354492,26.690000534057617,26.690000534057617
03-08-2009,26.329999923706055,26.5,3073900,26.8799991607666,26.809999465942383,26.809999465942383
04-08-2009,26.299999237060547,26.600000381469727,2473400,26.940000534057617,26.59000015258789,26.59000015258789
05-08-2009,26.260000228881836,26.6200008392334,1920700,26.790000915527344,26.770000457763672,26.770000457763672
06-08-2009,26.479999542236328,26.850000381469727,2070700,26.979999542236328,26.829999923706055,26.829999923706055
07-08-2009,26.8700008392334,27.020000457763672,1682300,27.350000381469727,27.170000076293945,27.170000076293945
10-08-2009,26.889999389648438,26.979999542236328,1033500,27.34000015258789,27.09000015258789,27.09000015258789
11-08-2009,26.6299991607666,26.889999389648438,1259300,27.030000686645508,26.81999969482422,26.81999969482422
12-08-2009,26.579999923706055,26.81999969482422,2797700,27.649999618530273,27.420000076293945,27.420000076293945
13-08-2009,27.420000076293945,27.559999465942383,5852100,28.729999542236328,28.6299991607666,28.6299991607666
14-08-2009,27.920000076293945,28.219999313354492,3404200,28.540000915527344,27.979999542236328,27.979999542236328
17-08-2009,27.360000610351562,27.799999237060547,2065000,27.850000381469727,27.530000686645508,27.530000686645508
18-08-2009,27.459999084472656,27.559999465942383,1990800,27.799999237060547,27.549999237060547,27.549999237060547
19-08-2009,27.239999771118164,27.350000381469727,3913700,27.989999771118164,27.860000610351562,27.860000610351562
20-08-2009,27.75,27.799999237060547,3707600,28.420000076293945,28.229999542236328,28.229999542236328
21-08-2009,28.040000915527344,28.450000762939453,1948800,28.450000762939453,28.25,28.25
24-08-2009,28.010000228881836,28.25,2004000,28.549999237060547,28.260000228881836,28.260000228881836
25-08-2009,28.200000762939453,28.3700008392334,2896000,28.600000381469727,28.290000915527344,28.290000915527344
26-08-2009,28.040000915527344,28.290000915527344,1690500,28.389999389648438,28.18000030517578,28.18000030517578
27-08-2009,27.579999923706055,28.010000228881836,1937200,28.170000076293945,27.899999618530273,27.899999618530273
28-08-2009,27.700000762939453,28.139999389648438,1578900,28.360000610351562,28.06999969482422,28.06999969482422
31-08-2009,27.649999618530273,27.790000915527344,1514900,28.079999923706055,27.8700008392334,27.8700008392334
01-09-2009,27.079999923706055,27.799999237060547,2557100,28.209999084472656,27.110000610351562,27.110000610351562
02-09-2009,26.729999542236328,27.010000228881836,1397200,27.360000610351562,27.020000457763672,27.020000457763672
03-09-2009,26.5,27.06999969482422,2793700,27.170000076293945,26.770000457763672,26.770000457763672
04-09-2009,26.770000457763672,26.809999465942383,1613500,27.56999969482422,27.489999771118164,27.489999771118164
08-09-2009,27.15999984741211,27.65999984741211,1698900,27.690000534057617,27.3799991607666,27.3799991607666
09-09-2009,27.09000015258789,27.1200008392334,2727700,27.799999237060547,27.610000610351562,27.610000610351562
10-09-2009,27.350000381469727,27.600000381469727,1202400,27.8799991607666,27.829999923706055,27.829999923706055
11-09-2009,27.559999465942383,27.81999969482422,1502000,27.93000030517578,27.65999984741211,27.65999984741211
14-09-2009,27.5,27.770000457763672,1354100,27.90999984741211,27.84000015258789,27.84000015258789
15-09-2009,27.18000030517578,27.65999984741211,1869500,27.780000686645508,27.459999084472656,27.459999084472656
16-09-2009,27.260000228881836,27.56999969482422,2313700,28.030000686645508,28.020000457763672,28.020000457763672
17-09-2009,27.469999313354492,28.030000686645508,2075300,28.030000686645508,27.75,27.75
18-09-2009,27.100000381469727,27.8700008392334,3038500,28.010000228881836,27.280000686645508,27.280000686645508
21-09-2009,26.93000030517578,27.15999984741211,3130400,27.350000381469727,27.190000534057617,27.190000534057617
22-09-2009,26.93000030517578,27.18000030517578,1653800,27.31999969482422,27.239999771118164,27.239999771118164
23-09-2009,27.5,27.559999465942383,3736200,28.270000457763672,27.860000610351562,27.860000610351562
24-09-2009,27.799999237060547,28.0,2182700,28.219999313354492,27.93000030517578,27.93000030517578
25-09-2009,27.84000015258789,27.989999771118164,2694000,28.360000610351562,27.8700008392334,27.8700008392334
28-09-2009,27.969999313354492,28.020000457763672,1896300,28.34000015258789,28.049999237060547,28.049999237060547
29-09-2009,27.610000610351562,28.0,1242300,28.010000228881836,27.889999389648438,27.889999389648438
30-09-2009,27.399999618530273,28.0,4067700,28.469999313354492,28.350000381469727,28.350000381469727
01-10-2009,27.8799991607666,28.280000686645508,3206600,28.360000610351562,27.959999084472656,27.959999084472656
02-10-2009,27.90999984741211,28.200000762939453,4607500,29.030000686645508,28.469999313354492,28.469999313354492
05-10-2009,28.110000610351562,28.450000762939453,2822900,28.760000228881836,28.40999984741211,28.40999984741211
06-10-2009,28.43000030517578,28.5,4006800,29.299999237060547,29.190000534057617,29.190000534057617
07-10-2009,28.989999771118164,29.290000915527344,1813700,29.399999618530273,29.399999618530273,29.399999618530273
08-10-2009,29.200000762939453,29.350000381469727,2357800,29.540000915527344,29.270000457763672,29.270000457763672
09-10-2009,28.959999084472656,29.200000762939453,1620400,29.639999389648438,29.6200008392334,29.6200008392334
12-10-2009,29.5,29.670000076293945,1963500,29.920000076293945,29.8799991607666,29.8799991607666
13-10-2009,29.6200008392334,29.860000610351562,1460100,29.90999984741211,29.739999771118164,29.739999771118164
14-10-2009,29.81999969482422,29.8700008392334,2640600,30.149999618530273,29.959999084472656,29.959999084472656
15-10-2009,29.350000381469727,29.780000686645508,1969800,29.8799991607666,29.690000534057617,29.690000534057617
16-10-2009,29.239999771118164,29.639999389648438,1648100,29.729999542236328,29.600000381469727,29.600000381469727
19-10-2009,29.399999618530273,29.690000534057617,2191600,30.229999542236328,30.079999923706055,30.079999923706055
20-10-2009,29.8700008392334,30.34000015258789,2848800,30.3799991607666,30.149999618530273,30.149999618530273
21-10-2009,30.040000915527344,30.079999923706055,2265800,30.75,30.100000381469727,30.100000381469727
22-10-2009,30.75,30.75,5711100,31.959999084472656,31.610000610351562,31.610000610351562
23-10-2009,31.280000686645508,31.610000610351562,3529200,32.08000183105469,31.799999237060547,31.799999237060547
26-10-2009,31.68000030517578,31.829999923706055,2959300,32.4900016784668,31.739999771118164,31.739999771118164
27-10-2009,30.950000762939453,31.790000915527344,1751900,31.899999618530273,31.309999465942383,31.309999465942383
28-10-2009,30.5,30.979999542236328,2397600,31.459999084472656,30.729999542236328,30.729999542236328
29-10-2009,30.65999984741211,30.739999771118164,2163400,31.31999969482422,31.309999465942383,31.309999465942383
30-10-2009,30.59000015258789,31.389999389648438,3082200,31.389999389648438,31.049999237060547,31.049999237060547
02-11-2009,30.799999237060547,30.989999771118164,1978600,31.309999465942383,31.1200008392334,31.1200008392334
03-11-2009,30.649999618530273,30.920000076293945,1801600,31.049999237060547,31.010000228881836,31.010000228881836
04-11-2009,30.84000015258789,30.940000534057617,2391500,31.31999969482422,31.0,31.0
05-11-2009,31.450000762939453,31.510000228881836,2402200,32.400001525878906,32.369998931884766,32.369998931884766
06-11-2009,32.0099983215332,32.36000061035156,2502800,32.5,32.310001373291016,32.310001373291016
09-11-2009,32.36000061035156,32.36000061035156,1642900,32.88999938964844,32.61000061035156,32.61000061035156
10-11-2009,32.13999938964844,32.47999954223633,2033600,32.61000061035156,32.310001373291016,32.310001373291016
11-11-2009,32.130001068115234,32.36000061035156,2476800,32.38999938964844,32.27000045776367,32.27000045776367
12-11-2009,31.899999618530273,32.33000183105469,2481700,32.630001068115234,31.969999313354492,31.969999313354492
13-11-2009,31.969999313354492,32.0,1492700,32.369998931884766,32.31999969482422,32.31999969482422
16-11-2009,32.20000076293945,32.29999923706055,1895200,33.0,32.900001525878906,32.900001525878906
17-11-2009,32.63999938964844,32.849998474121094,1704400,32.880001068115234,32.81999969482422,32.81999969482422
18-11-2009,32.68000030517578,32.77000045776367,2010300,33.2400016784668,33.18000030517578,33.18000030517578
19-11-2009,32.59000015258789,33.130001068115234,1742900,33.16999816894531,32.77000045776367,32.77000045776367
20-11-2009,32.38999938964844,32.439998626708984,1708700,32.650001525878906,32.47999954223633,32.47999954223633
23-11-2009,32.61000061035156,32.650001525878906,2037200,33.20000076293945,33.189998626708984,33.189998626708984
24-11-2009,32.75,33.16999816894531,1866000,33.209999084472656,32.900001525878906,32.900001525878906
25-11-2009,32.470001220703125,32.88999938964844,1547500,32.93000030517578,32.540000915527344,32.540000915527344
27-11-2009,31.90999984741211,32.11000061035156,1923100,32.22999954223633,31.940000534057617,31.940000534057617
30-11-2009,30.739999771118164,31.860000610351562,5336400,31.920000076293945,31.59000015258789,31.59000015258789
01-12-2009,31.649999618530273,31.780000686645508,3807900,33.060001373291016,32.779998779296875,32.779998779296875
02-12-2009,32.7400016784668,32.7599983215332,1963600,33.20000076293945,32.86000061035156,32.86000061035156
03-12-2009,32.43000030517578,33.02000045776367,1707000,33.02000045776367,32.439998626708984,32.439998626708984
04-12-2009,32.599998474121094,32.849998474121094,3134100,33.099998474121094,33.060001373291016,33.060001373291016
07-12-2009,33.0099983215332,33.150001525878906,3168600,33.7599983215332,33.45000076293945,33.45000076293945
08-12-2009,32.790000915527344,33.310001373291016,2064800,33.470001220703125,33.38999938964844,33.38999938964844
09-12-2009,32.790000915527344,33.27000045776367,1475300,33.400001525878906,33.099998474121094,33.099998474121094
10-12-2009,32.939998626708984,33.119998931884766,1648400,33.380001068115234,33.11000061035156,33.11000061035156
11-12-2009,32.91999816894531,33.279998779296875,990700,33.43000030517578,33.369998931884766,33.369998931884766
14-12-2009,33.220001220703125,33.45000076293945,1252700,33.65999984741211,33.529998779296875,33.529998779296875
15-12-2009,33.15999984741211,33.38999938964844,1026500,33.529998779296875,33.310001373291016,33.310001373291016
16-12-2009,33.369998931884766,33.369998931884766,2023500,33.779998779296875,33.72999954223633,33.72999954223633
17-12-2009,32.86000061035156,33.540000915527344,1661900,33.61000061035156,32.939998626708984,32.939998626708984
18-12-2009,32.7599983215332,33.02000045776367,1528400,33.25,33.130001068115234,33.130001068115234
21-12-2009,33.060001373291016,33.22999954223633,1372700,33.439998626708984,33.13999938964844,33.13999938964844
22-12-2009,32.970001220703125,33.349998474121094,2058000,33.349998474121094,33.189998626708984,33.189998626708984
23-12-2009,33.20000076293945,33.33000183105469,1621900,34.04999923706055,33.810001373291016,33.810001373291016
24-12-2009,33.900001525878906,33.95000076293945,645300,34.16999816894531,34.060001373291016,34.060001373291016
28-12-2009,33.970001220703125,34.08000183105469,903400,34.380001068115234,34.25,34.25
29-12-2009,34.040000915527344,34.33000183105469,1313900,34.56999969482422,34.22999954223633,34.22999954223633
30-12-2009,34.040000915527344,34.119998931884766,785500,34.31999969482422,34.27000045776367,34.27000045776367
31-12-2009,33.83000183105469,34.529998779296875,735800,34.529998779296875,33.880001068115234,33.880001068115234
04-01-2010,33.959999084472656,34.31999969482422,1270500,34.38999938964844,34.11000061035156,34.11000061035156
05-01-2010,32.75,33.560001373291016,3147500,33.869998931884766,33.81999969482422,33.81999969482422
06-01-2010,33.709999084472656,33.849998474121094,2330900,34.369998931884766,34.0,34.0
07-01-2010,33.77000045776367,34.130001068115234,1614100,34.130001068115234,33.91999816894531,33.91999816894531
08-01-2010,33.54999923706055,33.77000045776367,1773400,33.970001220703125,33.59000015258789,33.59000015258789
11-01-2010,33.369998931884766,33.66999816894531,2436500,33.810001373291016,33.68000030517578,33.68000030517578
12-01-2010,33.400001525878906,33.599998474121094,1691000,33.79999923706055,33.75,33.75
13-01-2010,33.7599983215332,33.84000015258789,2395600,34.08000183105469,33.86000061035156,33.86000061035156
14-01-2010,33.650001525878906,33.650001525878906,2431900,34.209999084472656,34.099998474121094,34.099998474121094
15-01-2010,33.97999954223633,34.2599983215332,2894500,34.599998474121094,34.40999984741211,34.40999984741211
19-01-2010,34.45000076293945,34.5,1786900,34.970001220703125,34.52000045776367,34.52000045776367
20-01-2010,33.33000183105469,34.459999084472656,2177300,34.459999084472656,33.66999816894531,33.66999816894531
21-01-2010,32.86000061035156,33.790000915527344,2420800,33.939998626708984,33.20000076293945,33.20000076293945
22-01-2010,32.720001220703125,33.279998779296875,2766900,33.349998474121094,33.040000915527344,33.040000915527344
25-01-2010,32.599998474121094,33.220001220703125,2043700,33.279998779296875,32.9900016784668,32.9900016784668
26-01-2010,32.810001373291016,32.900001525878906,1833700,33.2400016784668,32.97999954223633,32.97999954223633
27-01-2010,32.61000061035156,32.88999938964844,2240200,33.29999923706055,33.16999816894531,33.16999816894531
28-01-2010,33.5099983215332,34.16999816894531,3872000,34.75,33.54999923706055,33.54999923706055
29-01-2010,31.799999237060547,33.290000915527344,4253100,33.5,31.979999542236328,31.979999542236328
01-02-2010,31.40999984741211,32.09000015258789,2891000,32.20000076293945,32.04999923706055,32.04999923706055
02-02-2010,31.809999465942383,31.979999542236328,2752900,32.52000045776367,32.400001525878906,32.400001525878906
03-02-2010,32.0,32.2400016784668,1714100,32.7400016784668,32.61000061035156,32.61000061035156
04-02-2010,32.25,32.459999084472656,2531300,32.720001220703125,32.470001220703125,32.470001220703125
05-02-2010,31.700000762939453,32.599998474121094,2978200,32.599998474121094,32.31999969482422,32.31999969482422
08-02-2010,31.790000915527344,32.25,2153400,32.38999938964844,32.310001373291016,32.310001373291016
09-02-2010,32.220001220703125,32.40999984741211,2646400,33.040000915527344,32.880001068115234,32.880001068115234
10-02-2010,32.59000015258789,32.95000076293945,1669400,32.970001220703125,32.75,32.75
11-02-2010,32.439998626708984,32.630001068115234,1671300,33.04999923706055,32.91999816894531,32.91999816894531
12-02-2010,32.40999984741211,32.70000076293945,1172100,32.88999938964844,32.7400016784668,32.7400016784668
16-02-2010,32.25,32.619998931884766,1849500,32.84000015258789,32.790000915527344,32.790000915527344
17-02-2010,32.7599983215332,33.09000015258789,1657200,33.220001220703125,32.869998931884766,32.869998931884766
18-02-2010,32.459999084472656,32.79999923706055,2246100,32.93000030517578,32.84000015258789,32.84000015258789
19-02-2010,32.83000183105469,32.90999984741211,1683600,33.2400016784668,33.099998474121094,33.099998474121094
22-02-2010,32.72999954223633,33.2400016784668,1465500,33.2400016784668,32.83000183105469,32.83000183105469
23-02-2010,32.310001373291016,32.779998779296875,1985200,33.0,32.630001068115234,32.630001068115234
24-02-2010,32.4900016784668,32.709999084472656,1286800,32.84000015258789,32.779998779296875,32.779998779296875
25-02-2010,32.040000915527344,32.41999816894531,1600100,32.70000076293945,32.58000183105469,32.58000183105469
26-02-2010,32.310001373291016,32.470001220703125,1581900,32.7400016784668,32.599998474121094,32.599998474121094
01-03-2010,32.47999954223633,32.83000183105469,1901900,33.0,32.90999984741211,32.90999984741211
02-03-2010,32.91999816894531,33.029998779296875,1790200,33.470001220703125,33.130001068115234,33.130001068115234
03-03-2010,33.09000015258789,33.150001525878906,1751200,33.459999084472656,33.20000076293945,33.20000076293945
04-03-2010,33.060001373291016,33.279998779296875,1837300,33.650001525878906,33.560001373291016,33.560001373291016
05-03-2010,33.54999923706055,33.58000183105469,1520500,34.130001068115234,33.75,33.75
08-03-2010,33.61000061035156,33.939998626708984,1363300,33.939998626708984,33.7599983215332,33.7599983215332
09-03-2010,33.630001068115234,33.72999954223633,1783500,34.11000061035156,34.040000915527344,34.040000915527344
10-03-2010,33.959999084472656,34.13999938964844,2311900,34.619998931884766,34.5,34.5
11-03-2010,34.279998779296875,34.5,1888200,34.779998779296875,34.70000076293945,34.70000076293945
12-03-2010,34.59000015258789,34.72999954223633,1822700,34.869998931884766,34.7599983215332,34.7599983215332
15-03-2010,34.380001068115234,34.72999954223633,1484200,34.900001525878906,34.599998474121094,34.599998474121094
16-03-2010,34.36000061035156,34.90999984741211,1297000,34.90999984741211,34.5099983215332,34.5099983215332
17-03-2010,34.18000030517578,34.5099983215332,1483600,34.599998474121094,34.36000061035156,34.36000061035156
18-03-2010,34.06999969482422,34.279998779296875,1274900,34.52000045776367,34.439998626708984,34.439998626708984
19-03-2010,34.08000183105469,34.61000061035156,1671200,34.7400016784668,34.310001373291016,34.310001373291016
22-03-2010,34.2400016784668,34.2400016784668,2057500,34.959999084472656,34.810001373291016,34.810001373291016
23-03-2010,34.65999984741211,34.880001068115234,1609400,34.9900016784668,34.849998474121094,34.849998474121094
24-03-2010,34.849998474121094,34.849998474121094,2830800,35.119998931884766,34.93000030517578,34.93000030517578
25-03-2010,34.779998779296875,34.9900016784668,2009200,35.209999084472656,34.84000015258789,34.84000015258789
26-03-2010,34.439998626708984,34.939998626708984,1937100,35.06999969482422,34.70000076293945,34.70000076293945
29-03-2010,34.560001373291016,34.689998626708984,896600,34.939998626708984,34.650001525878906,34.650001525878906
30-03-2010,34.439998626708984,34.61000061035156,935500,34.93000030517578,34.79999923706055,34.79999923706055
31-03-2010,34.5099983215332,34.599998474121094,1856500,35.18000030517578,35.06999969482422,35.06999969482422
01-04-2010,34.79999923706055,35.130001068115234,1631100,35.5099983215332,35.099998474121094,35.099998474121094
05-04-2010,35.2400016784668,35.2400016784668,1937300,35.939998626708984,35.79999923706055,35.79999923706055
06-04-2010,35.59000015258789,35.880001068115234,2781300,36.31999969482422,36.22999954223633,36.22999954223633
07-04-2010,35.63999938964844,36.290000915527344,2015900,36.34000015258789,35.93000030517578,35.93000030517578
08-04-2010,35.5,35.91999816894531,1497300,36.09000015258789,35.91999816894531,35.91999816894531
09-04-2010,35.66999816894531,36.0099983215332,1064800,36.16999816894531,36.13999938964844,36.13999938964844
12-04-2010,35.86000061035156,36.060001373291016,1502300,36.27000045776367,36.09000015258789,36.09000015258789
13-04-2010,35.810001373291016,35.93000030517578,1372700,36.150001525878906,35.95000076293945,35.95000076293945
14-04-2010,35.88999938964844,36.029998779296875,1055500,36.16999816894531,36.11000061035156,36.11000061035156
15-04-2010,35.470001220703125,35.7599983215332,2733600,36.08000183105469,35.650001525878906,35.650001525878906
16-04-2010,35.189998626708984,35.540000915527344,2106600,35.630001068115234,35.31999969482422,35.31999969482422
19-04-2010,35.0,35.29999923706055,1885100,35.47999954223633,35.2599983215332,35.2599983215332
20-04-2010,34.9900016784668,35.0,1041400,35.689998626708984,35.58000183105469,35.58000183105469
21-04-2010,35.36000061035156,35.58000183105469,956000,35.7400016784668,35.66999816894531,35.66999816894531
22-04-2010,35.130001068115234,35.38999938964844,1318200,35.689998626708984,35.66999816894531,35.66999816894531
23-04-2010,35.599998474121094,35.77000045776367,1922800,36.220001220703125,36.02000045776367,36.02000045776367
26-04-2010,34.560001373291016,36.349998474121094,5969300,36.400001525878906,35.529998779296875,35.529998779296875
27-04-2010,35.08000183105469,35.15999984741211,4599900,36.040000915527344,35.959999084472656,35.959999084472656
28-04-2010,35.5099983215332,36.0,2315300,36.0099983215332,35.650001525878906,35.650001525878906
29-04-2010,35.59000015258789,35.59000015258789,1328100,35.9900016784668,35.790000915527344,35.790000915527344
30-04-2010,35.529998779296875,35.86000061035156,2107500,36.060001373291016,35.619998931884766,35.619998931884766
03-05-2010,35.20000076293945,35.779998779296875,1878900,35.779998779296875,35.349998474121094,35.349998474121094
04-05-2010,33.900001525878906,35.20000076293945,3059200,35.25,34.349998474121094,34.349998474121094
05-05-2010,33.59000015258789,34.20000076293945,4405000,34.310001373291016,33.619998931884766,33.619998931884766
06-05-2010,28.959999084472656,33.5099983215332,5713400,33.56999969482422,32.34000015258789,32.34000015258789
07-05-2010,31.270000457763672,32.380001068115234,5128000,32.810001373291016,31.93000030517578,31.93000030517578
10-05-2010,32.349998474121094,32.75,4913400,32.900001525878906,32.58000183105469,32.58000183105469
11-05-2010,31.989999771118164,32.20000076293945,3194000,32.83000183105469,32.470001220703125,32.470001220703125
12-05-2010,32.13999938964844,32.290000915527344,2799300,33.27000045776367,33.06999969482422,33.06999969482422
13-05-2010,32.650001525878906,32.880001068115234,2515400,33.47999954223633,33.02000045776367,33.02000045776367
14-05-2010,32.189998626708984,32.959999084472656,2279400,32.97999954223633,32.630001068115234,32.630001068115234
17-05-2010,32.15999984741211,32.66999816894531,2571400,33.0,32.54999923706055,32.54999923706055
18-05-2010,31.90999984741211,32.75,1988100,32.959999084472656,32.15999984741211,32.15999984741211
19-05-2010,31.780000686645508,31.920000076293945,1633500,32.2599983215332,32.02000045776367,32.02000045776367
20-05-2010,31.0,31.3799991607666,2620400,31.639999389648438,31.1200008392334,31.1200008392334
21-05-2010,30.389999389648438,30.850000381469727,1883000,31.350000381469727,31.1200008392334,31.1200008392334
24-05-2010,30.670000076293945,30.90999984741211,2373600,31.260000228881836,30.719999313354492,30.719999313354492
25-05-2010,29.81999969482422,29.959999084472656,2242400,30.610000610351562,30.549999237060547,30.549999237060547
26-05-2010,29.559999465942383,30.799999237060547,18108600,30.979999542236328,29.65999984741211,29.65999984741211
27-05-2010,30.059999465942383,30.18000030517578,6154800,30.6200008392334,30.520000457763672,30.520000457763672
28-05-2010,30.170000076293945,30.360000610351562,4033100,30.860000610351562,30.670000076293945,30.670000076293945
01-06-2010,30.190000534057617,30.6200008392334,2589300,30.959999084472656,30.40999984741211,30.40999984741211
02-06-2010,30.200000762939453,30.479999542236328,1924100,30.790000915527344,30.760000228881836,30.760000228881836
03-06-2010,30.920000076293945,31.0,2905700,31.5,31.3700008392334,31.3700008392334
04-06-2010,30.260000228881836,31.06999969482422,2385500,31.06999969482422,30.270000457763672,30.270000457763672
07-06-2010,29.780000686645508,30.309999465942383,3213400,30.829999923706055,29.850000381469727,29.850000381469727
08-06-2010,29.5,29.889999389648438,2832100,29.979999542236328,29.8700008392334,29.8700008392334
09-06-2010,29.799999237060547,29.989999771118164,1197500,30.3799991607666,29.93000030517578,29.93000030517578
10-06-2010,29.850000381469727,30.110000610351562,1876600,30.459999084472656,30.190000534057617,30.190000534057617
11-06-2010,29.940000534057617,30.110000610351562,1401100,30.780000686645508,30.709999084472656,30.709999084472656
14-06-2010,30.790000915527344,31.0,1430500,31.200000762939453,30.889999389648438,30.889999389648438
15-06-2010,30.899999618530273,30.899999618530273,1889500,31.329999923706055,31.219999313354492,31.219999313354492
16-06-2010,30.950000762939453,31.110000610351562,1296800,31.489999771118164,31.399999618530273,31.399999618530273
17-06-2010,31.18000030517578,31.510000228881836,1305100,31.65999984741211,31.600000381469727,31.600000381469727
18-06-2010,31.329999923706055,31.5,1256300,31.780000686645508,31.489999771118164,31.489999771118164
21-06-2010,31.299999237060547,31.68000030517578,1895900,31.799999237060547,31.530000686645508,31.530000686645508
22-06-2010,31.299999237060547,31.639999389648438,1726700,31.799999237060547,31.360000610351562,31.360000610351562
23-06-2010,30.770000457763672,31.260000228881836,2454000,31.3799991607666,30.979999542236328,30.979999542236328
24-06-2010,30.420000076293945,30.850000381469727,1050300,30.979999542236328,30.510000228881836,30.510000228881836
25-06-2010,30.360000610351562,30.510000228881836,733500,30.850000381469727,30.559999465942383,30.559999465942383
28-06-2010,30.18000030517578,30.670000076293945,846400,30.690000534057617,30.3799991607666,30.3799991607666
29-06-2010,29.34000015258789,29.979999542236328,2080500,30.049999237060547,29.489999771118164,29.489999771118164
30-06-2010,29.34000015258789,29.440000534057617,1820400,30.010000228881836,29.479999542236328,29.479999542236328
01-07-2010,28.81999969482422,29.389999389648438,1938500,29.600000381469727,29.229999542236328,29.229999542236328
02-07-2010,28.899999618530273,29.290000915527344,1303800,29.350000381469727,29.209999084472656,29.209999084472656
06-07-2010,29.020000457763672,29.5,1638200,29.6200008392334,29.170000076293945,29.170000076293945
07-07-2010,29.200000762939453,29.209999084472656,1992500,30.34000015258789,30.290000915527344,30.290000915527344
08-07-2010,30.040000915527344,30.479999542236328,1720600,30.56999969482422,30.329999923706055,30.329999923706055
09-07-2010,30.170000076293945,30.3700008392334,1445900,30.729999542236328,30.690000534057617,30.690000534057617
12-07-2010,30.530000686645508,30.719999313354492,1873700,31.06999969482422,31.010000228881836,31.010000228881836
13-07-2010,31.389999389648438,31.40999984741211,4930100,32.810001373291016,32.560001373291016,32.560001373291016
14-07-2010,32.22999954223633,32.66999816894531,2838300,32.91999816894531,32.869998931884766,32.869998931884766
15-07-2010,32.5099983215332,32.91999816894531,2358500,33.22999954223633,33.13999938964844,33.13999938964844
16-07-2010,32.34000015258789,33.150001525878906,2774600,33.18000030517578,32.560001373291016,32.560001373291016
19-07-2010,32.400001525878906,32.54999923706055,1945100,33.099998474121094,33.04999923706055,33.04999923706055
20-07-2010,32.470001220703125,32.599998474121094,2271300,33.29999923706055,33.2400016784668,33.2400016784668
21-07-2010,32.650001525878906,33.38999938964844,2599500,33.7400016784668,32.959999084472656,32.959999084472656
22-07-2010,33.15999984741211,33.18000030517578,2015600,34.13999938964844,33.90999984741211,33.90999984741211
23-07-2010,33.630001068115234,33.790000915527344,1824200,34.150001525878906,33.959999084472656,33.959999084472656
26-07-2010,33.380001068115234,33.84000015258789,1762300,33.90999984741211,33.65999984741211,33.65999984741211
27-07-2010,33.400001525878906,33.83000183105469,1270800,33.849998474121094,33.689998626708984,33.689998626708984
28-07-2010,33.31999969482422,33.61000061035156,1013200,33.68000030517578,33.47999954223633,33.47999954223633
29-07-2010,33.150001525878906,33.630001068115234,1623400,33.86000061035156,33.529998779296875,33.529998779296875
30-07-2010,33.279998779296875,33.31999969482422,1834200,34.06999969482422,34.02000045776367,34.02000045776367
02-08-2010,33.880001068115234,34.13999938964844,1540200,34.5,34.34000015258789,34.34000015258789
03-08-2010,34.0099983215332,34.279998779296875,1164400,34.310001373291016,34.15999984741211,34.15999984741211
04-08-2010,34.0099983215332,34.13999938964844,815100,34.59000015258789,34.4900016784668,34.4900016784668
05-08-2010,33.93000030517578,34.279998779296875,1103900,34.459999084472656,34.43000030517578,34.43000030517578
06-08-2010,34.0099983215332,34.150001525878906,1283700,34.77000045776367,34.70000076293945,34.70000076293945
09-08-2010,34.66999816894531,34.7400016784668,1344600,34.9900016784668,34.689998626708984,34.689998626708984
10-08-2010,34.130001068115234,34.38999938964844,1128200,34.68000030517578,34.599998474121094,34.599998474121094
11-08-2010,33.70000076293945,34.150001525878906,1594100,34.209999084472656,34.02000045776367,34.02000045776367
12-08-2010,33.33000183105469,33.56999969482422,1440000,33.75,33.56999969482422,33.56999969482422
13-08-2010,33.400001525878906,33.40999984741211,1120900,33.939998626708984,33.689998626708984,33.689998626708984
16-08-2010,33.2400016784668,33.27000045776367,1028800,33.88999938964844,33.619998931884766,33.619998931884766
17-08-2010,33.63999938964844,33.84000015258789,1160100,34.52000045776367,34.29999923706055,34.29999923706055
18-08-2010,33.900001525878906,34.16999816894531,576300,34.47999954223633,34.29999923706055,34.29999923706055
19-08-2010,34.470001220703125,35.459999084472656,2806700,35.470001220703125,34.709999084472656,34.709999084472656
20-08-2010,34.290000915527344,34.720001220703125,1787400,35.25,34.720001220703125,34.720001220703125
23-08-2010,34.790000915527344,34.93000030517578,2776400,35.529998779296875,35.38999938964844,35.38999938964844
24-08-2010,34.900001525878906,35.099998474121094,3182700,35.709999084472656,35.439998626708984,35.439998626708984
25-08-2010,34.970001220703125,35.369998931884766,2557700,35.63999938964844,35.0,35.0
26-08-2010,34.650001525878906,35.040000915527344,1794300,35.130001068115234,34.84000015258789,34.84000015258789
27-08-2010,34.31999969482422,34.369998931884766,1853200,35.400001525878906,35.20000076293945,35.20000076293945
30-08-2010,34.900001525878906,35.040000915527344,1259300,35.369998931884766,34.97999954223633,34.97999954223633
31-08-2010,34.66999816894531,34.790000915527344,1124500,35.119998931884766,34.869998931884766,34.869998931884766
01-09-2010,35.11000061035156,35.18000030517578,2362100,35.95000076293945,35.77000045776367,35.77000045776367
02-09-2010,35.63999938964844,35.79999923706055,1372200,36.189998626708984,36.04999923706055,36.04999923706055
03-09-2010,35.38999938964844,36.20000076293945,2158200,36.209999084472656,35.529998779296875,35.529998779296875
07-09-2010,33.97999954223633,35.29999923706055,3940800,35.439998626708984,34.0,34.0
08-09-2010,33.91999816894531,34.029998779296875,3148600,34.34000015258789,34.040000915527344,34.040000915527344
09-09-2010,33.86000061035156,34.2400016784668,2083500,34.349998474121094,34.06999969482422,34.06999969482422
10-09-2010,34.0,34.15999984741211,1899900,34.619998931884766,34.540000915527344,34.540000915527344
13-09-2010,34.709999084472656,34.709999084472656,1604800,35.09000015258789,35.0,35.0
14-09-2010,34.689998626708984,34.81999969482422,1639800,35.59000015258789,35.209999084472656,35.209999084472656
15-09-2010,34.93000030517578,35.0,1695900,35.52000045776367,35.5,35.5
16-09-2010,35.310001373291016,35.38999938964844,1981800,35.880001068115234,35.540000915527344,35.540000915527344
17-09-2010,35.06999969482422,35.61000061035156,3522600,35.7400016784668,35.08000183105469,35.08000183105469
20-09-2010,35.06999969482422,35.209999084472656,1270300,35.599998474121094,35.40999984741211,35.40999984741211
21-09-2010,34.79999923706055,35.36000061035156,1841200,35.380001068115234,34.97999954223633,34.97999954223633
22-09-2010,34.25,34.810001373291016,2682100,35.18000030517578,34.29999923706055,34.29999923706055
23-09-2010,33.779998779296875,34.029998779296875,1789200,34.43000030517578,34.0099983215332,34.0099983215332
24-09-2010,33.36000061035156,34.349998474121094,4505500,34.709999084472656,34.52000045776367,34.52000045776367
27-09-2010,34.119998931884766,34.349998474121094,1955800,35.119998931884766,34.86000061035156,34.86000061035156
28-09-2010,34.40999984741211,35.06999969482422,3268400,35.59000015258789,35.5099983215332,35.5099983215332
29-09-2010,36.040000915527344,36.43000030517578,3838500,36.79999923706055,36.400001525878906,36.400001525878906
30-09-2010,36.279998779296875,36.54999923706055,5629100,37.209999084472656,36.93000030517578,36.93000030517578
01-10-2010,36.900001525878906,37.310001373291016,3848200,37.84000015258789,36.90999984741211,36.90999984741211
04-10-2010,36.54999923706055,36.790000915527344,1625200,37.02000045776367,36.720001220703125,36.720001220703125
05-10-2010,36.79999923706055,37.0,3242500,37.9900016784668,37.83000183105469,37.83000183105469
06-10-2010,36.83000183105469,37.369998931884766,1721700,37.790000915527344,37.02000045776367,37.02000045776367
07-10-2010,37.02000045776367,37.310001373291016,2595400,37.84000015258789,37.75,37.75
08-10-2010,37.290000915527344,37.75,2024800,37.939998626708984,37.75,37.75
11-10-2010,37.869998931884766,37.93000030517578,2373900,38.380001068115234,38.279998779296875,38.279998779296875
12-10-2010,38.36000061035156,38.36000061035156,5638800,39.5,39.209999084472656,39.209999084472656
13-10-2010,39.529998779296875,39.540000915527344,2629900,39.97999954223633,39.7400016784668,39.7400016784668
14-10-2010,38.18000030517578,39.7400016784668,3001100,39.7400016784668,39.290000915527344,39.290000915527344
15-10-2010,38.84000015258789,39.439998626708984,2457600,39.54999923706055,39.27000045776367,39.27000045776367
18-10-2010,38.869998931884766,39.099998474121094,2473100,39.2400016784668,38.970001220703125,38.970001220703125
19-10-2010,38.22999954223633,38.68000030517578,2535900,38.869998931884766,38.560001373291016,38.560001373291016
20-10-2010,38.9900016784668,39.41999816894531,6792900,41.880001068115234,40.189998626708984,40.189998626708984
21-10-2010,40.0099983215332,40.02000045776367,3195700,40.61000061035156,40.58000183105469,40.58000183105469
22-10-2010,40.27000045776367,40.439998626708984,2974600,41.650001525878906,41.630001068115234,41.630001068115234
25-10-2010,41.40999984741211,41.650001525878906,2117300,42.060001373291016,42.0,42.0
26-10-2010,41.45000076293945,41.630001068115234,1771200,42.36000061035156,42.279998779296875,42.279998779296875
27-10-2010,42.099998474121094,42.400001525878906,2133000,42.880001068115234,42.849998474121094,42.849998474121094
28-10-2010,42.369998931884766,42.7599983215332,2138600,42.93000030517578,42.880001068115234,42.880001068115234
29-10-2010,42.689998626708984,42.880001068115234,2139000,43.27000045776367,42.75,42.75
01-11-2010,42.91999816894531,42.91999816894531,1739300,43.400001525878906,43.36000061035156,43.36000061035156
02-11-2010,42.81999969482422,43.45000076293945,2960900,43.58000183105469,43.0,43.0
03-11-2010,42.470001220703125,42.849998474121094,3084200,43.11000061035156,42.7400016784668,42.7400016784668
04-11-2010,42.939998626708984,43.150001525878906,1553500,43.470001220703125,43.0,43.0
05-11-2010,42.83000183105469,42.90999984741211,1203900,43.599998474121094,43.349998474121094,43.349998474121094
08-11-2010,42.84000015258789,43.130001068115234,1375900,43.560001373291016,43.349998474121094,43.349998474121094
09-11-2010,42.869998931884766,43.310001373291016,1817700,43.58000183105469,43.189998626708984,43.189998626708984
10-11-2010,42.93000030517578,43.2599983215332,1992700,44.02000045776367,43.95000076293945,43.95000076293945
11-11-2010,42.65999984741211,43.40999984741211,2204100,43.70000076293945,43.66999816894531,43.66999816894531
12-11-2010,42.939998626708984,43.33000183105469,969900,43.599998474121094,43.20000076293945,43.20000076293945
15-11-2010,42.90999984741211,43.25,1357900,43.560001373291016,43.2400016784668,43.2400016784668
16-11-2010,42.310001373291016,42.83000183105469,1873100,43.04999923706055,42.59000015258789,42.59000015258789
17-11-2010,42.599998474121094,42.720001220703125,1211600,42.93000030517578,42.81999969482422,42.81999969482422
18-11-2010,43.0,43.209999084472656,1385400,43.59000015258789,43.189998626708984,43.189998626708984
19-11-2010,43.0,43.189998626708984,1610700,44.0,43.849998474121094,43.849998474121094
22-11-2010,43.290000915527344,43.619998931884766,1507700,43.959999084472656,43.81999969482422,43.81999969482422
23-11-2010,42.72999954223633,43.5,987500,43.689998626708984,43.150001525878906,43.150001525878906
24-11-2010,43.40999984741211,43.40999984741211,2012800,44.470001220703125,43.900001525878906,43.900001525878906
26-11-2010,43.45000076293945,43.83000183105469,871200,43.83000183105469,43.4900016784668,43.4900016784668
29-11-2010,42.4900016784668,43.31999969482422,1550200,43.40999984741211,43.119998931884766,43.119998931884766
30-11-2010,42.36000061035156,42.91999816894531,1118900,43.04999923706055,42.869998931884766,42.869998931884766
01-12-2010,43.290000915527344,43.439998626708984,1992100,44.349998474121094,44.06999969482422,44.06999969482422
02-12-2010,44.099998474121094,44.27000045776367,1838200,44.689998626708984,44.4900016784668,44.4900016784668
03-12-2010,44.36000061035156,44.439998626708984,2096300,45.47999954223633,45.18000030517578,45.18000030517578
06-12-2010,44.81999969482422,45.290000915527344,1405700,45.47999954223633,44.95000076293945,44.95000076293945
07-12-2010,44.56999969482422,45.31999969482422,1104000,45.400001525878906,44.59000015258789,44.59000015258789
08-12-2010,44.459999084472656,44.81999969482422,818700,44.95000076293945,44.70000076293945,44.70000076293945
09-12-2010,44.22999954223633,44.79999923706055,807800,44.88999938964844,44.40999984741211,44.40999984741211
10-12-2010,44.189998626708984,44.619998931884766,1062500,44.72999954223633,44.650001525878906,44.650001525878906
13-12-2010,44.599998474121094,44.93000030517578,1188400,45.04999923706055,44.630001068115234,44.630001068115234
14-12-2010,44.58000183105469,44.63999938964844,1172700,45.08000183105469,44.79999923706055,44.79999923706055
15-12-2010,44.22999954223633,44.790000915527344,777700,44.90999984741211,44.529998779296875,44.529998779296875
16-12-2010,44.529998779296875,44.66999816894531,2374600,45.59000015258789,45.380001068115234,45.380001068115234
17-12-2010,45.220001220703125,45.56999969482422,2497400,45.7599983215332,45.66999816894531,45.66999816894531
20-12-2010,44.689998626708984,45.849998474121094,2092000,45.970001220703125,45.63999938964844,45.63999938964844
21-12-2010,45.599998474121094,45.91999816894531,1072800,45.91999816894531,45.779998779296875,45.779998779296875
22-12-2010,45.709999084472656,45.7599983215332,835100,45.9900016784668,45.900001525878906,45.900001525878906
23-12-2010,45.630001068115234,45.790000915527344,918800,46.08000183105469,45.849998474121094,45.849998474121094
27-12-2010,45.400001525878906,45.65999984741211,578000,46.08000183105469,45.91999816894531,45.91999816894531
28-12-2010,45.61000061035156,45.93000030517578,664300,46.18000030517578,45.83000183105469,45.83000183105469
29-12-2010,45.61000061035156,45.77000045776367,913500,46.15999984741211,45.790000915527344,45.790000915527344
30-12-2010,45.83000183105469,45.939998626708984,1448900,47.08000183105469,46.02000045776367,46.02000045776367
31-12-2010,45.61000061035156,45.9900016784668,1003400,46.27000045776367,46.2599983215332,46.2599983215332
03-01-2011,46.689998626708984,46.75,1918000,47.939998626708984,46.88999938964844,46.88999938964844
04-01-2011,46.41999816894531,46.959999084472656,1374600,47.15999984741211,46.880001068115234,46.880001068115234
05-01-2011,46.5,46.77000045776367,2953700,48.779998779296875,48.36000061035156,48.36000061035156
06-01-2011,46.220001220703125,47.970001220703125,3768800,47.970001220703125,46.720001220703125,46.720001220703125
07-01-2011,45.290000915527344,46.7400016784668,2428300,46.95000076293945,45.790000915527344,45.790000915527344
10-01-2011,43.20000076293945,45.029998779296875,6204700,45.31999969482422,44.900001525878906,44.900001525878906
11-01-2011,44.75,45.04999923706055,2144000,45.380001068115234,44.97999954223633,44.97999954223633
12-01-2011,44.31999969482422,45.119998931884766,1622300,45.59000015258789,45.150001525878906,45.150001525878906
13-01-2011,44.95000076293945,45.29999923706055,1915700,45.380001068115234,45.18000030517578,45.18000030517578
14-01-2011,45.150001525878906,45.150001525878906,2416400,46.2599983215332,46.20000076293945,46.20000076293945
18-01-2011,45.790000915527344,46.33000183105469,1961500,46.66999816894531,46.349998474121094,46.349998474121094
19-01-2011,46.11000061035156,46.130001068115234,1757000,46.79999923706055,46.5,46.5
20-01-2011,45.369998931884766,46.349998474121094,1685500,46.349998474121094,45.81999969482422,45.81999969482422
21-01-2011,44.68000030517578,46.290000915527344,2152700,46.33000183105469,45.0099983215332,45.0099983215332
24-01-2011,44.34000015258789,44.939998626708984,2650100,46.0099983215332,45.83000183105469,45.83000183105469
25-01-2011,45.13999938964844,45.599998474121094,1111400,45.790000915527344,45.720001220703125,45.720001220703125
26-01-2011,45.529998779296875,45.529998779296875,2175200,46.439998626708984,45.61000061035156,45.61000061035156
27-01-2011,45.720001220703125,45.720001220703125,2360800,46.90999984741211,46.7400016784668,46.7400016784668
28-01-2011,45.599998474121094,46.86000061035156,2508300,47.470001220703125,46.220001220703125,46.220001220703125
31-01-2011,44.31999969482422,45.15999984741211,6055100,46.54999923706055,44.54999923706055,44.54999923706055
01-02-2011,45.20000076293945,45.22999954223633,4675700,46.66999816894531,46.29999923706055,46.29999923706055
02-02-2011,46.02000045776367,46.29999923706055,2732900,46.900001525878906,46.369998931884766,46.369998931884766
03-02-2011,45.95000076293945,46.25,1497100,46.650001525878906,46.0099983215332,46.0099983215332
04-02-2011,45.0,46.11000061035156,2524400,46.11000061035156,45.470001220703125,45.470001220703125
07-02-2011,45.4900016784668,45.54999923706055,3185600,47.04999923706055,46.9900016784668,46.9900016784668
08-02-2011,46.900001525878906,47.13999938964844,2832600,47.630001068115234,47.5,47.5
09-02-2011,47.470001220703125,47.61000061035156,5173300,49.349998474121094,48.88999938964844,48.88999938964844
10-02-2011,48.29999923706055,48.5,5402400,50.310001373291016,50.209999084472656,50.209999084472656
11-02-2011,49.5,49.9900016784668,2706500,50.209999084472656,49.880001068115234,49.880001068115234
14-02-2011,49.70000076293945,49.900001525878906,3389700,50.4900016784668,49.720001220703125,49.720001220703125
15-02-2011,49.2599983215332,49.59000015258789,2229300,50.02000045776367,49.83000183105469,49.83000183105469
16-02-2011,49.68000030517578,50.09000015258789,1706700,50.63999938964844,50.52000045776367,50.52000045776367
17-02-2011,50.209999084472656,50.45000076293945,2182500,50.61000061035156,50.34000015258789,50.34000015258789
18-02-2011,50.209999084472656,50.34000015258789,3588800,51.61000061035156,51.599998474121094,51.599998474121094
22-02-2011,49.70000076293945,50.880001068115234,2296400,51.2400016784668,49.70000076293945,49.70000076293945
23-02-2011,48.040000915527344,49.5,2376800,49.5,48.880001068115234,48.880001068115234
24-02-2011,48.459999084472656,48.65999984741211,1512600,49.709999084472656,49.47999954223633,49.47999954223633
25-02-2011,49.5099983215332,49.599998474121094,1002500,50.310001373291016,50.290000915527344,50.290000915527344
28-02-2011,49.459999084472656,50.279998779296875,960100,50.31999969482422,49.84000015258789,49.84000015258789
01-03-2011,48.560001373291016,49.959999084472656,1209800,50.11000061035156,48.619998931884766,48.619998931884766
02-03-2011,48.13999938964844,48.58000183105469,1430000,49.09000015258789,48.88999938964844,48.88999938964844
03-03-2011,49.25,49.25,1147400,50.599998474121094,50.439998626708984,50.439998626708984
04-03-2011,49.29999923706055,50.2400016784668,992200,50.29999923706055,49.5,49.5
07-03-2011,48.150001525878906,50.130001068115234,2050600,50.630001068115234,48.33000183105469,48.33000183105469
08-03-2011,48.22999954223633,48.52000045776367,1319400,49.599998474121094,49.119998931884766,49.119998931884766
09-03-2011,48.5,49.0,916200,49.310001373291016,49.04999923706055,49.04999923706055
10-03-2011,47.310001373291016,48.52000045776367,1564500,48.560001373291016,48.13999938964844,48.13999938964844
11-03-2011,47.5099983215332,47.880001068115234,1717500,48.93000030517578,48.810001373291016,48.810001373291016
14-03-2011,47.90999984741211,48.369998931884766,1338500,49.029998779296875,48.939998626708984,48.939998626708984
15-03-2011,47.380001068115234,47.689998626708984,2647700,49.13999938964844,48.93000030517578,48.93000030517578
16-03-2011,47.310001373291016,48.650001525878906,1857800,48.90999984741211,47.349998474121094,47.349998474121094
17-03-2011,47.11000061035156,48.0,1372300,48.27000045776367,47.33000183105469,47.33000183105469
18-03-2011,47.65999984741211,47.869998931884766,1809700,48.22999954223633,47.970001220703125,47.970001220703125
21-03-2011,48.41999816894531,48.459999084472656,1213800,49.36000061035156,48.91999816894531,48.91999816894531
22-03-2011,48.75,48.90999984741211,728000,49.150001525878906,49.02000045776367,49.02000045776367
23-03-2011,48.099998474121094,48.9900016784668,1953100,49.04999923706055,48.709999084472656,48.709999084472656
24-03-2011,48.68000030517578,49.13999938964844,2236800,49.43000030517578,49.099998474121094,49.099998474121094
25-03-2011,49.04999923706055,49.2400016784668,1260700,50.04999923706055,49.36000061035156,49.36000061035156
28-03-2011,49.22999954223633,49.380001068115234,734200,49.939998626708984,49.34000015258789,49.34000015258789
29-03-2011,48.90999984741211,49.130001068115234,1200000,50.689998626708984,50.220001220703125,50.220001220703125
30-03-2011,50.380001068115234,50.599998474121094,1076900,51.18000030517578,50.880001068115234,50.880001068115234
31-03-2011,50.720001220703125,50.93000030517578,2162900,51.47999954223633,51.04999923706055,51.04999923706055
01-04-2011,51.119998931884766,51.38999938964844,1561500,52.11000061035156,51.59000015258789,51.59000015258789
04-04-2011,51.52000045776367,51.619998931884766,886500,52.029998779296875,51.970001220703125,51.970001220703125
05-04-2011,51.380001068115234,51.91999816894531,781400,51.939998626708984,51.65999984741211,51.65999984741211
06-04-2011,51.36000061035156,52.0,591800,52.15999984741211,51.779998779296875,51.779998779296875
07-04-2011,51.279998779296875,51.65999984741211,894700,52.439998626708984,51.619998931884766,51.619998931884766
08-04-2011,51.15999984741211,51.689998626708984,1022500,52.150001525878906,51.349998474121094,51.349998474121094
11-04-2011,51.02000045776367,51.58000183105469,1265600,52.36000061035156,51.619998931884766,51.619998931884766
12-04-2011,50.93000030517578,51.41999816894531,1200000,51.65999984741211,51.380001068115234,51.380001068115234
13-04-2011,51.40999984741211,51.54999923706055,3634200,53.88999938964844,51.97999954223633,51.97999954223633
14-04-2011,51.0,51.70000076293945,4269500,53.939998626708984,53.560001373291016,53.560001373291016
15-04-2011,52.54999923706055,53.5,3270800,54.22999954223633,54.11000061035156,54.11000061035156
18-04-2011,52.7400016784668,53.369998931884766,2265000,53.63999938964844,53.029998779296875,53.029998779296875
19-04-2011,52.400001525878906,53.130001068115234,1488200,53.380001068115234,52.540000915527344,52.540000915527344
20-04-2011,53.130001068115234,53.2599983215332,1285900,53.79999923706055,53.380001068115234,53.380001068115234
21-04-2011,53.16999816894531,53.5099983215332,998500,53.63999938964844,53.33000183105469,53.33000183105469
25-04-2011,53.02000045776367,53.43000030517578,653400,53.560001373291016,53.34000015258789,53.34000015258789
26-04-2011,53.16999816894531,53.59000015258789,1100000,53.97999954223633,53.599998474121094,53.599998474121094
27-04-2011,53.68000030517578,53.939998626708984,1269600,54.29999923706055,54.2599983215332,54.2599983215332
28-04-2011,54.04999923706055,54.25,2400000,55.22999954223633,54.959999084472656,54.959999084472656
29-04-2011,54.88999938964844,55.150001525878906,2500000,55.650001525878906,54.93000030517578,54.93000030517578
02-05-2011,54.66999816894531,55.220001220703125,1441700,55.54999923706055,54.75,54.75
03-05-2011,54.2400016784668,54.81999969482422,1400000,55.15999984741211,55.08000183105469,55.08000183105469
04-05-2011,53.7400016784668,54.91999816894531,1225600,55.22999954223633,54.06999969482422,54.06999969482422
05-05-2011,53.47999954223633,53.81999969482422,1900000,54.47999954223633,53.70000076293945,53.70000076293945
06-05-2011,54.189998626708984,54.209999084472656,2130300,55.59000015258789,54.88999938964844,54.88999938964844
09-05-2011,54.59000015258789,54.88999938964844,993200,55.310001373291016,54.970001220703125,54.970001220703125
10-05-2011,55.16999816894531,55.29999923706055,947900,55.7599983215332,55.52000045776367,55.52000045776367
11-05-2011,54.5099983215332,55.369998931884766,993000,55.63999938964844,55.279998779296875,55.279998779296875
12-05-2011,54.90999984741211,55.150001525878906,1000000,55.90999984741211,55.779998779296875,55.779998779296875
13-05-2011,55.06999969482422,55.79999923706055,1010400,55.79999923706055,55.16999816894531,55.16999816894531
16-05-2011,54.290000915527344,54.90999984741211,1214700,55.0,54.34000015258789,54.34000015258789
17-05-2011,53.7400016784668,54.29999923706055,1887800,54.470001220703125,53.93000030517578,53.93000030517578
18-05-2011,53.79999923706055,53.9900016784668,1867700,54.68000030517578,54.5099983215332,54.5099983215332
19-05-2011,54.459999084472656,54.599998474121094,1450100,55.0,54.83000183105469,54.83000183105469
20-05-2011,54.77000045776367,54.86000061035156,1396600,55.77000045776367,55.349998474121094,55.349998474121094
23-05-2011,54.25,54.84000015258789,1100000,54.90999984741211,54.56999969482422,54.56999969482422
24-05-2011,52.95000076293945,54.56999969482422,1982900,54.970001220703125,53.04999923706055,53.04999923706055
25-05-2011,52.31999969482422,52.709999084472656,1399400,53.52000045776367,53.29999923706055,53.29999923706055
26-05-2011,52.95000076293945,53.11000061035156,1815300,54.40999984741211,54.18000030517578,54.18000030517578
27-05-2011,54.06999969482422,54.099998474121094,724200,54.52000045776367,54.31999969482422,54.31999969482422
31-05-2011,54.22999954223633,54.63999938964844,787400,54.93000030517578,54.91999816894531,54.91999816894531
01-06-2011,54.88999938964844,54.93000030517578,2308500,56.34000015258789,55.68000030517578,55.68000030517578
02-06-2011,54.939998626708984,55.38999938964844,1618200,56.0,55.849998474121094,55.849998474121094
03-06-2011,54.9900016784668,55.40999984741211,2012200,55.97999954223633,55.31999969482422,55.31999969482422
06-06-2011,54.34000015258789,55.189998626708984,1456300,55.349998474121094,54.439998626708984,54.439998626708984
07-06-2011,54.189998626708984,54.65999984741211,1454400,55.130001068115234,54.5,54.5
08-06-2011,54.0099983215332,54.369998931884766,1000600,54.7400016784668,54.41999816894531,54.41999816894531
09-06-2011,53.90999984741211,54.11000061035156,1114200,54.4900016784668,54.18000030517578,54.18000030517578
10-06-2011,53.529998779296875,54.20000076293945,1354000,54.560001373291016,53.61000061035156,53.61000061035156
13-06-2011,52.790000915527344,53.599998474121094,1119800,53.880001068115234,53.2599983215332,53.2599983215332
14-06-2011,53.119998931884766,53.349998474121094,1332000,54.0,53.7599983215332,53.7599983215332
15-06-2011,52.220001220703125,53.56999969482422,1521200,53.65999984741211,52.34000015258789,52.34000015258789
16-06-2011,51.68000030517578,52.189998626708984,2335900,52.630001068115234,52.400001525878906,52.400001525878906
17-06-2011,52.029998779296875,52.95000076293945,1378200,52.95000076293945,52.029998779296875,52.029998779296875
20-06-2011,51.77000045776367,51.790000915527344,1217100,53.029998779296875,52.79999923706055,52.79999923706055
21-06-2011,52.869998931884766,53.119998931884766,2504200,54.79999923706055,53.66999816894531,53.66999816894531
22-06-2011,53.11000061035156,53.7400016784668,2323600,54.16999816894531,53.54999923706055,53.54999923706055
23-06-2011,52.849998474121094,52.93000030517578,1496600,54.56999969482422,54.52000045776367,54.52000045776367
24-06-2011,53.849998474121094,54.66999816894531,1817700,55.099998474121094,54.45000076293945,54.45000076293945
27-06-2011,54.18000030517578,54.2400016784668,1551000,55.15999984741211,54.97999954223633,54.97999954223633
28-06-2011,54.97999954223633,55.279998779296875,971500,55.9900016784668,55.619998931884766,55.619998931884766
29-06-2011,55.029998779296875,55.5099983215332,1338100,56.2599983215332,56.09000015258789,56.09000015258789
30-06-2011,56.209999084472656,56.310001373291016,1612600,56.91999816894531,56.849998474121094,56.849998474121094
01-07-2011,56.25,56.63999938964844,1535800,56.88999938964844,56.75,56.75
05-07-2011,56.66999816894531,56.97999954223633,2317300,57.90999984741211,57.650001525878906,57.650001525878906
06-07-2011,57.5099983215332,57.5099983215332,1543600,58.060001373291016,57.86000061035156,57.86000061035156
07-07-2011,57.86000061035156,58.220001220703125,1636200,58.400001525878906,58.08000183105469,58.08000183105469
08-07-2011,57.689998626708984,57.81999969482422,1533400,58.56999969482422,58.439998626708984,58.439998626708984
11-07-2011,57.060001373291016,58.400001525878906,2359100,58.400001525878906,57.33000183105469,57.33000183105469
12-07-2011,57.2599983215332,57.380001068115234,1374800,57.939998626708984,57.349998474121094,57.349998474121094
13-07-2011,57.279998779296875,57.79999923706055,1677900,58.029998779296875,57.459999084472656,57.459999084472656
14-07-2011,56.099998474121094,57.79999923706055,3453700,57.79999923706055,56.59000015258789,56.59000015258789
15-07-2011,55.27000045776367,56.709999084472656,2844600,56.97999954223633,56.58000183105469,56.58000183105469
18-07-2011,57.5,57.849998474121094,6751400,61.31999969482422,61.16999816894531,61.16999816894531
19-07-2011,60.0,61.029998779296875,4049200,61.459999084472656,60.130001068115234,60.130001068115234
20-07-2011,59.08000183105469,60.279998779296875,2829300,60.400001525878906,59.56999969482422,59.56999969482422
21-07-2011,59.029998779296875,59.779998779296875,1800200,60.04999923706055,59.18000030517578,59.18000030517578
22-07-2011,59.13999938964844,59.279998779296875,1334000,60.04999923706055,59.81999969482422,59.81999969482422
25-07-2011,59.25,59.439998626708984,1917800,60.4900016784668,59.65999984741211,59.65999984741211
26-07-2011,58.63999938964844,59.5,1966700,59.900001525878906,58.709999084472656,58.709999084472656
27-07-2011,57.68000030517578,57.959999084472656,4748300,58.529998779296875,57.86000061035156,57.86000061035156
28-07-2011,57.61000061035156,57.900001525878906,1787100,58.400001525878906,57.959999084472656,57.959999084472656
29-07-2011,57.040000915527344,57.61000061035156,1749000,57.90999984741211,57.650001525878906,57.650001525878906
01-08-2011,56.959999084472656,58.119998931884766,1910400,58.86000061035156,57.630001068115234,57.630001068115234
02-08-2011,56.900001525878906,57.18000030517578,1633200,57.849998474121094,56.93000030517578,56.93000030517578
03-08-2011,56.13999938964844,56.83000183105469,3344000,57.310001373291016,56.779998779296875,56.779998779296875
04-08-2011,53.7400016784668,56.220001220703125,3608000,56.380001068115234,53.9900016784668,53.9900016784668
05-08-2011,51.060001373291016,54.040000915527344,3300300,54.33000183105469,52.45000076293945,52.45000076293945
08-08-2011,48.70000076293945,50.25,4776300,50.349998474121094,48.779998779296875,48.779998779296875
09-08-2011,47.790000915527344,49.189998626708984,4634800,50.81999969482422,50.7599983215332,50.7599983215332
10-08-2011,48.58000183105469,49.61000061035156,3276200,50.84000015258789,49.560001373291016,49.560001373291016
11-08-2011,49.61000061035156,50.08000183105469,3987000,53.810001373291016,53.290000915527344,53.290000915527344
12-08-2011,53.33000183105469,53.869998931884766,4798000,55.29999923706055,55.06999969482422,55.06999969482422
15-08-2011,55.2599983215332,55.2599983215332,3933800,56.88999938964844,56.72999954223633,56.72999954223633
16-08-2011,55.88999938964844,55.970001220703125,3316800,57.060001373291016,56.869998931884766,56.869998931884766
17-08-2011,56.02000045776367,56.93000030517578,2918600,57.9900016784668,56.66999816894531,56.66999816894531
18-08-2011,51.38999938964844,55.25,4006600,55.29999923706055,52.220001220703125,52.220001220703125
19-08-2011,50.959999084472656,51.630001068115234,2307400,53.06999969482422,51.04999923706055,51.04999923706055
22-08-2011,50.65999984741211,52.439998626708984,2614100,53.060001373291016,50.81999969482422,50.81999969482422
23-08-2011,50.400001525878906,51.04999923706055,2215400,53.150001525878906,53.04999923706055,53.04999923706055
24-08-2011,51.939998626708984,52.900001525878906,1863500,53.470001220703125,52.790000915527344,52.790000915527344
25-08-2011,51.400001525878906,52.90999984741211,1249600,53.11000061035156,51.58000183105469,51.58000183105469
26-08-2011,50.849998474121094,51.349998474121094,1280500,52.95000076293945,52.900001525878906,52.900001525878906
29-08-2011,53.27000045776367,53.290000915527344,1300200,54.150001525878906,53.900001525878906,53.900001525878906
30-08-2011,53.439998626708984,53.66999816894531,995300,54.38999938964844,54.06999969482422,54.06999969482422
31-08-2011,54.029998779296875,54.54999923706055,1303200,55.45000076293945,54.439998626708984,54.439998626708984
01-09-2011,53.54999923706055,54.439998626708984,1298700,54.58000183105469,53.77000045776367,53.77000045776367
02-09-2011,52.5,53.029998779296875,1587200,53.4900016784668,53.060001373291016,53.060001373291016
06-09-2011,51.150001525878906,51.540000915527344,1219100,52.7400016784668,52.68000030517578,52.68000030517578
07-09-2011,52.5,53.08000183105469,2017700,53.79999923706055,52.959999084472656,52.959999084472656
08-09-2011,52.79999923706055,52.91999816894531,1458600,54.08000183105469,53.11000061035156,53.11000061035156
09-09-2011,51.43000030517578,52.599998474121094,1415400,53.2400016784668,51.83000183105469,51.83000183105469
12-09-2011,51.0,51.22999954223633,1351600,52.459999084472656,52.0,52.0
13-09-2011,51.810001373291016,52.2599983215332,1076300,53.02000045776367,52.7599983215332,52.7599983215332
14-09-2011,52.86000061035156,53.029998779296875,3282600,56.20000076293945,55.45000076293945,55.45000076293945
15-09-2011,55.66999816894531,55.810001373291016,3860800,58.040000915527344,56.72999954223633,56.72999954223633
16-09-2011,56.83000183105469,56.83000183105469,1668700,57.97999954223633,57.65999984741211,57.65999984741211
19-09-2011,55.7400016784668,56.9900016784668,1259300,57.869998931884766,57.59000015258789,57.59000015258789
20-09-2011,56.560001373291016,57.7400016784668,1376400,57.959999084472656,56.709999084472656,56.709999084472656
21-09-2011,56.310001373291016,56.849998474121094,2190400,57.529998779296875,56.36000061035156,56.36000061035156
22-09-2011,51.13999938964844,55.04999923706055,4408900,55.119998931884766,52.189998626708984,52.189998626708984
23-09-2011,51.150001525878906,51.77000045776367,2206600,53.209999084472656,52.869998931884766,52.869998931884766
26-09-2011,51.290000915527344,53.0,1729100,53.4900016784668,53.40999984741211,53.40999984741211
27-09-2011,53.459999084472656,54.349998474121094,3564800,55.34000015258789,54.560001373291016,54.560001373291016
28-09-2011,53.33000183105469,54.83000183105469,839400,55.279998779296875,53.59000015258789,53.59000015258789
29-09-2011,51.83000183105469,54.59000015258789,1631300,55.25,53.40999984741211,53.40999984741211
30-09-2011,52.619998931884766,52.65999984741211,1925500,54.369998931884766,52.7599983215332,52.7599983215332
03-10-2011,51.13999938964844,52.349998474121094,2227600,53.11000061035156,51.70000076293945,51.70000076293945
04-10-2011,50.849998474121094,51.0,1948500,53.119998931884766,53.06999969482422,53.06999969482422
05-10-2011,52.38999938964844,53.849998474121094,1894200,55.040000915527344,54.060001373291016,54.060001373291016
06-10-2011,53.7400016784668,54.2400016784668,1986200,56.61000061035156,56.45000076293945,56.45000076293945
07-10-2011,55.27000045776367,56.459999084472656,1593700,56.790000915527344,56.0099983215332,56.0099983215332
10-10-2011,56.58000183105469,56.880001068115234,1292000,58.310001373291016,57.810001373291016,57.810001373291016
11-10-2011,56.529998779296875,57.650001525878906,1919500,57.650001525878906,57.0,57.0
12-10-2011,56.13999938964844,57.18000030517578,2713400,57.209999084472656,56.150001525878906,56.150001525878906
13-10-2011,56.119998931884766,56.119998931884766,1313900,57.95000076293945,57.59000015258789,57.59000015258789
14-10-2011,57.650001525878906,57.93000030517578,1148500,58.970001220703125,58.88999938964844,58.88999938964844
17-10-2011,57.58000183105469,58.81999969482422,2005700,59.16999816894531,58.029998779296875,58.029998779296875
18-10-2011,56.220001220703125,59.40999984741211,3550600,59.95000076293945,59.65999984741211,59.65999984741211
19-10-2011,58.68000030517578,59.150001525878906,1838300,60.0,58.86000061035156,58.86000061035156
20-10-2011,58.5,58.7599983215332,1463200,59.619998931884766,59.43000030517578,59.43000030517578
21-10-2011,58.06999969482422,59.880001068115234,1455600,59.880001068115234,59.08000183105469,59.08000183105469
24-10-2011,59.18000030517578,59.18000030517578,1491400,60.27000045776367,59.59000015258789,59.59000015258789
25-10-2011,57.79999923706055,59.529998779296875,2214900,60.0,57.95000076293945,57.95000076293945
26-10-2011,57.689998626708984,58.45000076293945,3334700,59.439998626708984,59.09000015258789,59.09000015258789
27-10-2011,59.849998474121094,60.2599983215332,2682000,61.599998474121094,60.16999816894531,60.16999816894531
28-10-2011,58.880001068115234,60.0099983215332,1462700,60.130001068115234,59.11000061035156,59.11000061035156
31-10-2011,57.630001068115234,58.040000915527344,1497100,59.0,57.630001068115234,57.630001068115234
01-11-2011,55.349998474121094,56.400001525878906,1769100,57.150001525878906,56.560001373291016,56.560001373291016
02-11-2011,56.41999816894531,56.779998779296875,2568700,58.900001525878906,58.650001525878906,58.650001525878906
03-11-2011,57.099998474121094,57.34000015258789,2373500,58.810001373291016,58.650001525878906,58.650001525878906
04-11-2011,57.66999816894531,58.63999938964844,1460700,59.209999084472656,59.08000183105469,59.08000183105469
07-11-2011,57.709999084472656,58.90999984741211,877600,58.93000030517578,58.4900016784668,58.4900016784668
08-11-2011,58.459999084472656,58.810001373291016,791500,59.5,58.83000183105469,58.83000183105469
09-11-2011,56.90999984741211,57.91999816894531,1740600,58.79999923706055,57.47999954223633,57.47999954223633
10-11-2011,57.11000061035156,57.869998931884766,1404900,58.20000076293945,57.81999969482422,57.81999969482422
11-11-2011,57.400001525878906,58.20000076293945,1495100,58.45000076293945,58.33000183105469,58.33000183105469
14-11-2011,57.349998474121094,58.459999084472656,1301800,58.7400016784668,57.630001068115234,57.630001068115234
15-11-2011,56.90999984741211,56.90999984741211,1337700,59.060001373291016,58.88999938964844,58.88999938964844
16-11-2011,56.5099983215332,58.40999984741211,1462100,58.4900016784668,56.650001525878906,56.650001525878906
17-11-2011,53.5,56.369998931884766,4311400,56.369998931884766,54.06999969482422,54.06999969482422
18-11-2011,52.939998626708984,53.9900016784668,2646000,54.31999969482422,53.91999816894531,53.91999816894531
21-11-2011,52.2400016784668,53.5,1739500,53.790000915527344,52.970001220703125,52.970001220703125
22-11-2011,52.459999084472656,52.91999816894531,2273600,54.189998626708984,53.619998931884766,53.619998931884766
23-11-2011,52.5099983215332,53.130001068115234,2314800,53.90999984741211,53.68000030517578,53.68000030517578
25-11-2011,53.16999816894531,53.25,1251700,54.5099983215332,53.400001525878906,53.400001525878906
28-11-2011,54.040000915527344,54.4900016784668,1572200,55.2400016784668,54.90999984741211,54.90999984741211
29-11-2011,53.380001068115234,54.72999954223633,1904300,54.95000076293945,53.58000183105469,53.58000183105469
30-11-2011,54.4900016784668,54.619998931884766,1797100,55.77000045776367,55.34000015258789,55.34000015258789
01-12-2011,54.79999923706055,55.20000076293945,1487300,55.29999923706055,54.97999954223633,54.97999954223633
02-12-2011,54.560001373291016,55.43000030517578,1259800,55.61000061035156,54.63999938964844,54.63999938964844
05-12-2011,54.970001220703125,55.33000183105469,1023800,56.09000015258789,55.130001068115234,55.130001068115234
06-12-2011,54.08000183105469,55.130001068115234,1418600,55.43000030517578,54.25,54.25
07-12-2011,52.849998474121094,54.029998779296875,1812400,54.2400016784668,53.65999984741211,53.65999984741211
08-12-2011,52.810001373291016,53.47999954223633,1640700,54.119998931884766,52.93000030517578,52.93000030517578
09-12-2011,53.2599983215332,53.290000915527344,1519300,54.91999816894531,54.68000030517578,54.68000030517578
12-12-2011,52.83000183105469,54.0,1569200,54.0,53.560001373291016,53.560001373291016
13-12-2011,52.72999954223633,53.709999084472656,1892200,54.130001068115234,52.91999816894531,52.91999816894531
14-12-2011,50.7400016784668,52.45000076293945,2242700,53.16999816894531,51.970001220703125,51.970001220703125
15-12-2011,52.20000076293945,52.290000915527344,2372800,53.0099983215332,52.720001220703125,52.720001220703125
16-12-2011,52.77000045776367,53.0,3125400,54.470001220703125,54.18000030517578,54.18000030517578
19-12-2011,52.93000030517578,54.189998626708984,1500300,54.83000183105469,53.04999923706055,53.04999923706055
20-12-2011,53.75,53.75,1316800,54.72999954223633,54.61000061035156,54.61000061035156
21-12-2011,51.150001525878906,54.310001373291016,4180600,54.68000030517578,52.13999938964844,52.13999938964844
22-12-2011,52.27000045776367,52.40999984741211,2402800,56.70000076293945,53.650001525878906,53.650001525878906
23-12-2011,52.95000076293945,53.959999084472656,734700,53.959999084472656,53.31999969482422,53.31999969482422
27-12-2011,53.0,53.31999969482422,1071800,53.5099983215332,53.25,53.25
28-12-2011,52.470001220703125,53.29999923706055,1302800,53.5,52.689998626708984,52.689998626708984
29-12-2011,52.20000076293945,53.040000915527344,884900,53.04999923706055,52.939998626708984,52.939998626708984
30-12-2011,52.4900016784668,52.83000183105469,771900,53.0,52.540000915527344,52.540000915527344
03-01-2012,52.869998931884766,53.4900016784668,1557400,54.130001068115234,52.970001220703125,52.970001220703125
04-01-2012,51.720001220703125,52.58000183105469,1892800,52.900001525878906,51.72999954223633,51.72999954223633
05-01-2012,51.08000183105469,51.7599983215332,1522200,52.369998931884766,52.27000045776367,52.27000045776367
06-01-2012,51.060001373291016,52.060001373291016,1667000,52.099998474121094,51.36000061035156,51.36000061035156
09-01-2012,50.63999938964844,51.54999923706055,2403900,51.88999938964844,51.33000183105469,51.33000183105469
10-01-2012,51.2400016784668,51.61000061035156,2203200,52.70000076293945,52.59000015258789,52.59000015258789
11-01-2012,52.189998626708984,52.599998474121094,1473000,53.09000015258789,52.279998779296875,52.279998779296875
12-01-2012,52.130001068115234,52.56999969482422,1691300,52.88999938964844,52.33000183105469,52.33000183105469
13-01-2012,50.81999969482422,52.369998931884766,4326700,52.369998931884766,50.900001525878906,50.900001525878906
17-01-2012,51.70000076293945,52.0,6797900,55.18000030517578,54.880001068115234,54.880001068115234
18-01-2012,54.290000915527344,55.15999984741211,1725600,55.4900016784668,54.689998626708984,54.689998626708984
19-01-2012,54.349998474121094,54.970001220703125,1570400,55.209999084472656,54.40999984741211,54.40999984741211
20-01-2012,54.15999984741211,54.38999938964844,1911700,55.31999969482422,54.75,54.75
23-01-2012,54.59000015258789,54.880001068115234,1773000,55.970001220703125,55.83000183105469,55.83000183105469
24-01-2012,55.29999923706055,55.5099983215332,2133800,56.91999816894531,56.52000045776367,56.52000045776367
25-01-2012,56.290000915527344,56.5,1773000,57.15999984741211,56.560001373291016,56.560001373291016
26-01-2012,55.15999984741211,56.95000076293945,1604200,57.06999969482422,55.630001068115234,55.630001068115234
27-01-2012,55.220001220703125,55.47999954223633,1163900,56.619998931884766,56.279998779296875,56.279998779296875
30-01-2012,54.90999984741211,55.63999938964844,1054400,56.720001220703125,56.470001220703125,56.470001220703125
31-01-2012,55.58000183105469,56.61000061035156,1283000,56.61000061035156,56.290000915527344,56.290000915527344
01-02-2012,56.459999084472656,57.0,2640400,58.029998779296875,57.810001373291016,57.810001373291016
02-02-2012,57.54999923706055,57.75,1350300,58.349998474121094,58.11000061035156,58.11000061035156
03-02-2012,58.41999816894531,58.5,1805300,59.220001220703125,59.11000061035156,59.11000061035156
06-02-2012,57.95000076293945,58.7400016784668,1600400,58.869998931884766,58.04999923706055,58.04999923706055
07-02-2012,57.709999084472656,58.11000061035156,1075200,58.720001220703125,58.38999938964844,58.38999938964844
08-02-2012,57.189998626708984,58.15999984741211,905500,58.540000915527344,58.09000015258789,58.09000015258789
09-02-2012,57.630001068115234,58.279998779296875,800600,58.61000061035156,58.599998474121094,58.599998474121094
10-02-2012,56.65999984741211,58.25,1136400,58.25,57.290000915527344,57.290000915527344
13-02-2012,57.459999084472656,57.75,1268000,58.130001068115234,57.56999969482422,57.56999969482422
14-02-2012,57.040000915527344,57.06999969482422,1161500,58.560001373291016,58.560001373291016,58.560001373291016
15-02-2012,57.91999816894531,58.880001068115234,1113000,58.880001068115234,58.220001220703125,58.220001220703125
16-02-2012,58.15999984741211,58.43000030517578,969600,58.81999969482422,58.709999084472656,58.709999084472656
17-02-2012,57.91999816894531,58.61000061035156,1030300,58.81999969482422,58.02000045776367,58.02000045776367
21-02-2012,58.04999923706055,58.09000015258789,775300,58.939998626708984,58.540000915527344,58.540000915527344
22-02-2012,57.9900016784668,58.099998474121094,2132700,59.5,58.56999969482422,58.56999969482422
23-02-2012,57.86000061035156,58.77000045776367,747200,58.90999984741211,58.5099983215332,58.5099983215332
24-02-2012,58.18000030517578,58.18000030517578,828100,58.869998931884766,58.869998931884766,58.869998931884766
27-02-2012,58.0,58.06999969482422,1177000,59.0,58.939998626708984,58.939998626708984
28-02-2012,58.040000915527344,58.83000183105469,1103200,58.93000030517578,58.2599983215332,58.2599983215332
29-02-2012,57.84000015258789,58.15999984741211,1973500,58.56999969482422,58.15999984741211,58.15999984741211
01-03-2012,58.29999923706055,58.310001373291016,1315700,59.220001220703125,58.959999084472656,58.959999084472656
02-03-2012,58.380001068115234,59.060001373291016,1510100,59.18000030517578,58.720001220703125,58.720001220703125
05-03-2012,58.029998779296875,58.61000061035156,1363700,58.720001220703125,58.06999969482422,58.06999969482422
06-03-2012,57.400001525878906,57.52000045776367,1050400,57.88999938964844,57.77000045776367,57.77000045776367
07-03-2012,57.720001220703125,57.97999954223633,1322900,59.040000915527344,58.88999938964844,58.88999938964844
08-03-2012,58.849998474121094,59.040000915527344,1309400,59.9900016784668,59.630001068115234,59.630001068115234
09-03-2012,59.380001068115234,59.70000076293945,1206700,60.189998626708984,59.779998779296875,59.779998779296875
12-03-2012,59.720001220703125,59.900001525878906,948400,60.470001220703125,60.29999923706055,60.29999923706055
13-03-2012,60.56999969482422,60.720001220703125,1822400,61.54999923706055,61.54999923706055,61.54999923706055
14-03-2012,60.7400016784668,61.29999923706055,971600,61.4900016784668,61.2599983215332,61.2599983215332
15-03-2012,61.06999969482422,61.20000076293945,2188100,63.2599983215332,62.900001525878906,62.900001525878906
16-03-2012,61.68000030517578,62.290000915527344,2031200,62.88999938964844,61.7400016784668,61.7400016784668
19-03-2012,61.59000015258789,61.77000045776367,1419600,62.310001373291016,62.0,62.0
20-03-2012,61.380001068115234,61.849998474121094,1336800,62.06999969482422,61.93000030517578,61.93000030517578
21-03-2012,61.279998779296875,61.9900016784668,1089000,62.04999923706055,61.279998779296875,61.279998779296875
22-03-2012,60.77000045776367,61.209999084472656,911500,62.060001373291016,62.0,62.0
23-03-2012,62.11000061035156,62.22999954223633,999500,62.849998474121094,62.619998931884766,62.619998931884766
26-03-2012,62.810001373291016,63.0,996600,64.06999969482422,63.95000076293945,63.95000076293945
27-03-2012,63.470001220703125,64.19999694824219,1354700,64.45999908447266,63.470001220703125,63.470001220703125
28-03-2012,62.779998779296875,63.9900016784668,1122700,64.68000030517578,63.2599983215332,63.2599983215332
29-03-2012,63.0,63.02000045776367,1011200,63.93000030517578,63.900001525878906,63.900001525878906
30-03-2012,63.099998474121094,64.0,1078900,64.23999786376953,63.84000015258789,63.84000015258789
02-04-2012,63.470001220703125,63.810001373291016,1281900,64.76000213623047,64.5199966430664,64.5199966430664
03-04-2012,64.05000305175781,64.45999908447266,1015500,64.7699966430664,64.48999786376953,64.48999786376953
04-04-2012,62.9900016784668,64.13999938964844,1276800,64.29000091552734,63.06999969482422,63.06999969482422
05-04-2012,62.560001373291016,62.689998626708984,1027100,63.5099983215332,63.08000183105469,63.08000183105469
09-04-2012,61.54999923706055,62.130001068115234,1754400,62.470001220703125,61.77000045776367,61.77000045776367
10-04-2012,61.2400016784668,61.9900016784668,1753600,62.400001525878906,61.65999984741211,61.65999984741211
11-04-2012,61.849998474121094,62.08000183105469,2013700,63.52000045776367,62.459999084472656,62.459999084472656
12-04-2012,62.2400016784668,62.56999969482422,1003400,62.88999938964844,62.5099983215332,62.5099983215332
13-04-2012,62.040000915527344,62.209999084472656,1054900,62.95000076293945,62.47999954223633,62.47999954223633
16-04-2012,62.060001373291016,62.56999969482422,1511200,63.08000183105469,62.93000030517578,62.93000030517578
17-04-2012,63.040000915527344,63.400001525878906,1330100,64.54000091552734,64.33000183105469,64.33000183105469
18-04-2012,63.65999984741211,63.90999984741211,1486200,64.36000061035156,64.0,64.0
19-04-2012,63.77000045776367,64.12000274658203,1559500,65.0,63.86000061035156,63.86000061035156
20-04-2012,63.84000015258789,64.54000091552734,1794100,64.95999908447266,64.05000305175781,64.05000305175781
23-04-2012,56.58000183105469,59.22999954223633,9369800,61.220001220703125,60.7599983215332,60.7599983215332
24-04-2012,57.900001525878906,60.77000045776367,4841000,60.90999984741211,59.79999923706055,59.79999923706055
25-04-2012,59.630001068115234,60.209999084472656,2459400,60.68000030517578,59.869998931884766,59.869998931884766
26-04-2012,58.59000015258789,59.709999084472656,2212700,60.13999938964844,58.709999084472656,58.709999084472656
27-04-2012,58.59000015258789,58.72999954223633,2538800,59.54999923706055,58.9900016784668,58.9900016784668
30-04-2012,57.63999938964844,59.04999923706055,2290800,59.189998626708984,58.130001068115234,58.130001068115234
01-05-2012,57.75,57.91999816894531,1565300,58.52000045776367,58.209999084472656,58.209999084472656
02-05-2012,57.720001220703125,57.720001220703125,1735200,58.900001525878906,58.529998779296875,58.529998779296875
03-05-2012,56.7400016784668,58.33000183105469,2484800,58.56999969482422,56.83000183105469,56.83000183105469
04-05-2012,55.150001525878906,56.45000076293945,2407100,56.540000915527344,55.16999816894531,55.16999816894531
07-05-2012,54.5099983215332,55.11000061035156,1932000,55.650001525878906,55.459999084472656,55.459999084472656
08-05-2012,54.15999984741211,55.20000076293945,2218400,55.52000045776367,55.400001525878906,55.400001525878906
09-05-2012,54.75,54.77000045776367,2353300,56.04999923706055,55.95000076293945,55.95000076293945
10-05-2012,53.47999954223633,56.029998779296875,2875500,56.310001373291016,53.61000061035156,53.61000061035156
11-05-2012,53.38999938964844,53.45000076293945,2014000,54.34000015258789,53.47999954223633,53.47999954223633
14-05-2012,52.54999923706055,52.900001525878906,2004700,53.41999816894531,52.7400016784668,52.7400016784668
15-05-2012,52.540000915527344,52.689998626708984,2749100,54.099998474121094,53.41999816894531,53.41999816894531
16-05-2012,53.310001373291016,53.880001068115234,2436200,54.40999984741211,53.790000915527344,53.790000915527344
17-05-2012,53.4900016784668,53.619998931884766,2493400,54.040000915527344,53.58000183105469,53.58000183105469
18-05-2012,52.52000045776367,53.86000061035156,2609800,53.88999938964844,53.09000015258789,53.09000015258789
21-05-2012,52.06999969482422,52.630001068115234,2255800,54.34000015258789,54.09000015258789,54.09000015258789
22-05-2012,53.91999816894531,54.09000015258789,1739800,55.119998931884766,54.40999984741211,54.40999984741211
23-05-2012,53.119998931884766,53.7599983215332,1186500,54.689998626708984,54.540000915527344,54.540000915527344
24-05-2012,52.15999984741211,54.540000915527344,3089400,54.63999938964844,52.29999923706055,52.29999923706055
25-05-2012,51.93000030517578,52.439998626708984,1769200,52.7599983215332,52.2599983215332,52.2599983215332
29-05-2012,52.189998626708984,52.880001068115234,2028000,52.959999084472656,52.59000015258789,52.59000015258789
30-05-2012,51.369998931884766,51.95000076293945,1817400,52.369998931884766,51.5,51.5
31-05-2012,50.54999923706055,51.33000183105469,2643700,51.70000076293945,51.2400016784668,51.2400016784668
01-06-2012,50.150001525878906,51.09000015258789,2392600,51.47999954223633,50.459999084472656,50.459999084472656
04-06-2012,50.41999816894531,50.529998779296875,2518600,51.220001220703125,51.16999816894531,51.16999816894531
05-06-2012,50.77000045776367,50.77000045776367,2090600,51.9900016784668,51.91999816894531,51.91999816894531
06-06-2012,51.7400016784668,52.11000061035156,2405700,53.29999923706055,53.22999954223633,53.22999954223633
07-06-2012,53.16999816894531,53.75,2457300,54.04999923706055,53.779998779296875,53.779998779296875
08-06-2012,53.33000183105469,53.40999984741211,1155100,53.79999923706055,53.66999816894531,53.66999816894531
11-06-2012,53.150001525878906,53.83000183105469,1394600,54.150001525878906,53.310001373291016,53.310001373291016
12-06-2012,53.18000030517578,53.599998474121094,1144400,54.029998779296875,53.63999938964844,53.63999938964844
13-06-2012,51.59000015258789,53.54999923706055,2253700,53.54999923706055,51.810001373291016,51.810001373291016
14-06-2012,50.70000076293945,51.540000915527344,2359000,51.61000061035156,51.220001220703125,51.220001220703125
15-06-2012,50.040000915527344,51.29999923706055,3741100,51.34000015258789,50.38999938964844,50.38999938964844
18-06-2012,48.9900016784668,50.4900016784668,4796300,50.5,49.15999984741211,49.15999984741211
19-06-2012,48.060001373291016,49.31999969482422,4495600,49.40999984741211,48.63999938964844,48.63999938964844
20-06-2012,48.36000061035156,48.83000183105469,4162500,51.060001373291016,50.54999923706055,50.54999923706055
21-06-2012,49.09000015258789,50.33000183105469,1837900,50.65999984741211,49.15999984741211,49.15999984741211
22-06-2012,49.0,49.279998779296875,1258300,49.88999938964844,49.470001220703125,49.470001220703125
25-06-2012,48.25,48.86000061035156,1706800,48.97999954223633,48.849998474121094,48.849998474121094
26-06-2012,48.56999969482422,48.970001220703125,1209300,49.4900016784668,49.06999969482422,49.06999969482422
27-06-2012,49.040000915527344,49.369998931884766,829500,49.7400016784668,49.36000061035156,49.36000061035156
28-06-2012,46.939998626708984,49.18000030517578,2020200,49.29999923706055,47.47999954223633,47.47999954223633
29-06-2012,48.16999816894531,48.31999969482422,2161600,49.59000015258789,49.59000015258789,49.59000015258789
02-07-2012,48.08000183105469,49.5,1595200,49.58000183105469,48.459999084472656,48.459999084472656
03-07-2012,47.95000076293945,48.29999923706055,2340200,49.83000183105469,49.529998779296875,49.529998779296875
05-07-2012,49.369998931884766,49.61000061035156,1954200,50.470001220703125,50.25,50.25
06-07-2012,47.06999969482422,50.0,2346400,50.0,47.27000045776367,47.27000045776367
09-07-2012,44.560001373291016,47.290000915527344,4514900,47.439998626708984,44.959999084472656,44.959999084472656
10-07-2012,44.040000915527344,45.13999938964844,3455300,45.47999954223633,44.279998779296875,44.279998779296875
11-07-2012,44.15999984741211,44.47999954223633,2621100,45.45000076293945,44.68000030517578,44.68000030517578
12-07-2012,43.18000030517578,44.52000045776367,3311000,44.68000030517578,44.290000915527344,44.290000915527344
13-07-2012,44.33000183105469,44.7599983215332,3740200,46.099998474121094,46.040000915527344,46.040000915527344
16-07-2012,45.11000061035156,45.68000030517578,3669000,46.349998474121094,45.29999923706055,45.29999923706055
17-07-2012,45.31999969482422,45.900001525878906,3308300,46.220001220703125,45.619998931884766,45.619998931884766
18-07-2012,46.0,46.2400016784668,7644700,50.45000076293945,48.75,48.75
19-07-2012,49.119998931884766,49.29999923706055,3275200,50.2400016784668,49.93000030517578,49.93000030517578
20-07-2012,49.369998931884766,49.529998779296875,3035100,50.08000183105469,49.380001068115234,49.380001068115234
23-07-2012,47.130001068115234,48.45000076293945,2622800,48.810001373291016,47.869998931884766,47.869998931884766
24-07-2012,46.90999984741211,47.869998931884766,2207300,47.970001220703125,47.27000045776367,47.27000045776367
25-07-2012,47.08000183105469,47.16999816894531,2481100,48.279998779296875,47.56999969482422,47.56999969482422
26-07-2012,48.43000030517578,48.459999084472656,2278200,49.52000045776367,49.29999923706055,49.29999923706055
27-07-2012,48.9900016784668,49.43000030517578,1682800,50.459999084472656,50.31999969482422,50.31999969482422
30-07-2012,47.779998779296875,50.15999984741211,2858800,50.16999816894531,48.31999969482422,48.31999969482422
31-07-2012,48.20000076293945,48.33000183105469,1733800,49.15999984741211,48.56999969482422,48.56999969482422
01-08-2012,47.59000015258789,48.189998626708984,1584700,48.400001525878906,48.0099983215332,48.0099983215332
02-08-2012,47.5,47.5,1920100,48.77000045776367,48.209999084472656,48.209999084472656
03-08-2012,49.130001068115234,49.2599983215332,2306600,49.9900016784668,49.38999938964844,49.38999938964844
06-08-2012,49.18000030517578,49.18000030517578,1679200,50.20000076293945,49.58000183105469,49.58000183105469
07-08-2012,49.16999816894531,49.22999954223633,2518400,50.68000030517578,50.34000015258789,50.34000015258789
08-08-2012,50.20000076293945,50.33000183105469,2522700,51.880001068115234,50.90999984741211,50.90999984741211
09-08-2012,50.5,50.849998474121094,1378400,51.34000015258789,50.650001525878906,50.650001525878906
10-08-2012,50.27000045776367,50.29999923706055,1454800,51.86000061035156,51.790000915527344,51.790000915527344
13-08-2012,50.099998474121094,51.79999923706055,1682200,51.79999923706055,50.709999084472656,50.709999084472656
14-08-2012,47.86000061035156,50.939998626708984,3532700,50.939998626708984,47.939998626708984,47.939998626708984
15-08-2012,47.70000076293945,48.15999984741211,2591600,48.810001373291016,48.54999923706055,48.54999923706055
16-08-2012,48.849998474121094,48.91999816894531,2541500,51.060001373291016,50.5,50.5
17-08-2012,50.709999084472656,50.79999923706055,3168400,51.540000915527344,51.060001373291016,51.060001373291016
20-08-2012,50.119998931884766,51.0,1800200,51.369998931884766,50.619998931884766,50.619998931884766
21-08-2012,50.15999984741211,50.7599983215332,1775500,51.27000045776367,50.47999954223633,50.47999954223633
22-08-2012,50.040000915527344,50.56999969482422,1192600,50.900001525878906,50.25,50.25
23-08-2012,49.349998474121094,50.20000076293945,1611800,50.38999938964844,49.58000183105469,49.58000183105469
24-08-2012,48.9900016784668,49.63999938964844,1617000,49.97999954223633,49.31999969482422,49.31999969482422
27-08-2012,48.310001373291016,49.34000015258789,2177300,49.54999923706055,48.369998931884766,48.369998931884766
28-08-2012,47.7599983215332,48.470001220703125,1747400,48.720001220703125,47.9900016784668,47.9900016784668
29-08-2012,47.459999084472656,47.9900016784668,1703000,48.20000076293945,47.720001220703125,47.720001220703125
30-08-2012,45.849998474121094,47.33000183105469,4251500,47.52000045776367,45.93000030517578,45.93000030517578
31-08-2012,45.45000076293945,46.22999954223633,3101200,46.93000030517578,46.09000015258789,46.09000015258789
04-09-2012,44.77000045776367,45.86000061035156,3735700,46.560001373291016,45.900001525878906,45.900001525878906
05-09-2012,45.79999923706055,45.79999923706055,2358600,47.0,46.880001068115234,46.880001068115234
06-09-2012,47.08000183105469,47.13999938964844,3539500,48.88999938964844,48.5099983215332,48.5099983215332
07-09-2012,47.939998626708984,48.58000183105469,1457600,49.09000015258789,48.2599983215332,48.2599983215332
10-09-2012,47.36000061035156,48.029998779296875,1913600,48.25,47.459999084472656,47.459999084472656
11-09-2012,47.310001373291016,47.36000061035156,1609100,48.20000076293945,47.959999084472656,47.959999084472656
12-09-2012,47.91999816894531,48.2400016784668,1725500,48.61000061035156,48.0099983215332,48.0099983215332
13-09-2012,47.790000915527344,47.939998626708984,1922100,48.7599983215332,48.65999984741211,48.65999984741211
14-09-2012,47.31999969482422,48.66999816894531,5227700,49.31999969482422,47.5099983215332,47.5099983215332
17-09-2012,47.0,47.54999923706055,1684900,47.61000061035156,47.310001373291016,47.310001373291016
18-09-2012,46.72999954223633,47.400001525878906,1796700,47.41999816894531,46.88999938964844,46.88999938964844
19-09-2012,46.20000076293945,46.7599983215332,1784700,47.0,46.720001220703125,46.720001220703125
20-09-2012,46.380001068115234,46.68000030517578,1945100,47.150001525878906,46.959999084472656,46.959999084472656
21-09-2012,46.31999969482422,47.08000183105469,4089900,47.86000061035156,46.68000030517578,46.68000030517578
24-09-2012,46.150001525878906,46.47999954223633,1663100,47.630001068115234,47.31999969482422,47.31999969482422
25-09-2012,47.27000045776367,47.41999816894531,2712300,48.40999984741211,48.119998931884766,48.119998931884766
26-09-2012,47.119998931884766,47.84000015258789,2066800,48.16999816894531,47.5099983215332,47.5099983215332
27-09-2012,47.5,47.709999084472656,2679900,49.220001220703125,48.689998626708984,48.689998626708984
28-09-2012,48.040000915527344,48.349998474121094,1638700,48.75,48.15999984741211,48.15999984741211
01-10-2012,46.369998931884766,47.68000030517578,3589900,48.369998931884766,46.720001220703125,46.720001220703125
02-10-2012,46.2400016784668,47.02000045776367,1811400,47.619998931884766,46.91999816894531,46.91999816894531
03-10-2012,46.04999923706055,46.84000015258789,2385100,47.36000061035156,46.43000030517578,46.43000030517578
04-10-2012,45.040000915527344,46.43000030517578,3103400,46.7599983215332,46.630001068115234,46.630001068115234
05-10-2012,46.36000061035156,47.060001373291016,1372300,47.77000045776367,46.720001220703125,46.720001220703125
08-10-2012,46.040000915527344,46.400001525878906,1581900,47.29999923706055,46.65999984741211,46.65999984741211
09-10-2012,45.65999984741211,46.58000183105469,1958400,46.869998931884766,46.11000061035156,46.11000061035156
10-10-2012,45.4900016784668,46.119998931884766,1466800,46.41999816894531,45.61000061035156,45.61000061035156
11-10-2012,45.029998779296875,45.040000915527344,1440800,46.02000045776367,45.43000030517578,45.43000030517578
12-10-2012,45.290000915527344,45.38999938964844,1363700,46.060001373291016,46.04999923706055,46.04999923706055
15-10-2012,45.369998931884766,46.36000061035156,2097900,46.689998626708984,46.540000915527344,46.540000915527344
16-10-2012,46.18000030517578,46.58000183105469,2818500,47.77000045776367,47.41999816894531,47.41999816894531
17-10-2012,40.91999816894531,44.439998626708984,17505000,44.45000076293945,41.150001525878906,41.150001525878906
18-10-2012,40.599998474121094,40.61000061035156,6917600,41.68000030517578,41.41999816894531,41.41999816894531
19-10-2012,40.79999923706055,41.45000076293945,5218100,41.900001525878906,41.720001220703125,41.720001220703125
22-10-2012,41.70000076293945,41.790000915527344,5189800,42.560001373291016,42.220001220703125,42.220001220703125
23-10-2012,42.310001373291016,42.5099983215332,6498500,43.4900016784668,42.849998474121094,42.849998474121094
24-10-2012,43.31999969482422,43.849998474121094,5752600,44.18000030517578,44.08000183105469,44.08000183105469
25-10-2012,44.029998779296875,44.459999084472656,4400300,45.36000061035156,45.29999923706055,45.29999923706055
26-10-2012,43.90999984741211,44.77000045776367,3167600,45.09000015258789,44.27000045776367,44.27000045776367
31-10-2012,44.0,44.54999923706055,1901500,44.65999984741211,44.52000045776367,44.52000045776367
01-11-2012,44.599998474121094,44.650001525878906,1801500,45.599998474121094,45.459999084472656,45.459999084472656
02-11-2012,44.84000015258789,45.72999954223633,1495800,45.779998779296875,44.900001525878906,44.900001525878906
05-11-2012,44.38999938964844,44.63999938964844,1419500,44.9900016784668,44.599998474121094,44.599998474121094
06-11-2012,44.54999923706055,44.81999969482422,1955800,45.470001220703125,45.279998779296875,45.279998779296875
07-11-2012,44.29999923706055,44.93000030517578,2252000,45.47999954223633,44.31999969482422,44.31999969482422
08-11-2012,43.91999816894531,44.5,2858100,44.7599983215332,44.11000061035156,44.11000061035156
09-11-2012,43.52000045776367,43.720001220703125,3003600,44.599998474121094,44.34000015258789,44.34000015258789
12-11-2012,44.20000076293945,44.619998931884766,1760900,44.68000030517578,44.59000015258789,44.59000015258789
13-11-2012,43.97999954223633,44.40999984741211,1556000,44.83000183105469,44.27000045776367,44.27000045776367
14-11-2012,44.119998931884766,44.34000015258789,1804800,44.7400016784668,44.22999954223633,44.22999954223633
15-11-2012,43.72999954223633,44.11000061035156,1472600,44.31999969482422,44.040000915527344,44.040000915527344
16-11-2012,42.900001525878906,44.08000183105469,4239400,44.41999816894531,43.66999816894531,43.66999816894531
19-11-2012,44.06999969482422,44.2599983215332,1872300,44.939998626708984,44.86000061035156,44.86000061035156
20-11-2012,44.52000045776367,44.59000015258789,1860500,45.4900016784668,45.220001220703125,45.220001220703125
21-11-2012,45.08000183105469,45.08000183105469,1269600,45.599998474121094,45.5,45.5
23-11-2012,45.63999938964844,45.7400016784668,744000,46.36000061035156,46.0099983215332,46.0099983215332
26-11-2012,45.70000076293945,45.790000915527344,1171800,46.29999923706055,46.130001068115234,46.130001068115234
27-11-2012,45.40999984741211,46.2599983215332,2383200,46.540000915527344,45.5099983215332,45.5099983215332
28-11-2012,45.08000183105469,45.439998626708984,970700,45.81999969482422,45.81999969482422,45.81999969482422
29-11-2012,45.5099983215332,46.130001068115234,1301700,46.689998626708984,45.59000015258789,45.59000015258789
30-11-2012,45.459999084472656,45.66999816894531,1238400,46.22999954223633,46.16999816894531,46.16999816894531
03-12-2012,45.58000183105469,46.279998779296875,1834200,46.40999984741211,45.84000015258789,45.84000015258789
04-12-2012,45.099998474121094,45.470001220703125,1864900,46.16999816894531,45.15999984741211,45.15999984741211
05-12-2012,44.439998626708984,45.11000061035156,2134000,45.38999938964844,44.709999084472656,44.709999084472656
06-12-2012,44.61000061035156,44.72999954223633,2248000,45.08000183105469,45.040000915527344,45.040000915527344
07-12-2012,45.18000030517578,45.43000030517578,3264100,46.470001220703125,46.33000183105469,46.33000183105469
10-12-2012,46.11000061035156,46.20000076293945,1934500,46.90999984741211,46.369998931884766,46.369998931884766
11-12-2012,46.119998931884766,46.27000045776367,1459700,46.91999816894531,46.72999954223633,46.72999954223633
12-12-2012,46.279998779296875,46.86000061035156,1065700,47.290000915527344,46.40999984741211,46.40999984741211
13-12-2012,46.130001068115234,46.380001068115234,1331700,46.93000030517578,46.529998779296875,46.529998779296875
14-12-2012,46.279998779296875,46.369998931884766,1385900,47.18000030517578,46.7400016784668,46.7400016784668
17-12-2012,46.27000045776367,46.68000030517578,1097800,46.7400016784668,46.43000030517578,46.43000030517578
18-12-2012,46.47999954223633,46.650001525878906,1240400,47.369998931884766,47.130001068115234,47.130001068115234
19-12-2012,47.349998474121094,47.5099983215332,2249500,48.75,47.720001220703125,47.720001220703125
20-12-2012,47.310001373291016,47.880001068115234,1596100,48.619998931884766,48.029998779296875,48.029998779296875
21-12-2012,46.84000015258789,47.0,1457600,48.08000183105469,47.54999923706055,47.54999923706055
24-12-2012,47.09000015258789,47.189998626708984,377000,47.7599983215332,47.52000045776367,47.52000045776367
26-12-2012,47.150001525878906,47.470001220703125,654400,47.77000045776367,47.43000030517578,47.43000030517578
27-12-2012,47.119998931884766,47.41999816894531,1015900,47.63999938964844,47.2599983215332,47.2599983215332
28-12-2012,46.91999816894531,46.91999816894531,671600,47.38999938964844,47.06999969482422,47.06999969482422
31-12-2012,46.59000015258789,46.88999938964844,1460600,47.91999816894531,47.63999938964844,47.63999938964844
02-01-2013,48.540000915527344,48.540000915527344,1528900,49.65999984741211,49.2400016784668,49.2400016784668
03-01-2013,45.75,49.08000183105469,5226700,49.380001068115234,47.18000030517578,47.18000030517578
04-01-2013,46.5,47.34000015258789,2550300,47.38999938964844,46.84000015258789,46.84000015258789
07-01-2013,46.709999084472656,46.75,2269400,47.400001525878906,47.20000076293945,47.20000076293945
08-01-2013,47.400001525878906,47.5,2129700,48.470001220703125,48.220001220703125,48.220001220703125
09-01-2013,48.20000076293945,48.33000183105469,1880000,49.20000076293945,48.88999938964844,48.88999938964844
10-01-2013,48.90999984741211,49.15999984741211,1731200,49.400001525878906,49.290000915527344,49.290000915527344
11-01-2013,48.400001525878906,49.25,2961600,49.400001525878906,48.459999084472656,48.459999084472656
14-01-2013,47.869998931884766,48.439998626708984,2050700,48.54999923706055,48.150001525878906,48.150001525878906
15-01-2013,47.959999084472656,48.029998779296875,2540000,48.52000045776367,48.290000915527344,48.290000915527344
16-01-2013,48.25,48.349998474121094,1708500,49.31999969482422,49.18000030517578,49.18000030517578
17-01-2013,48.81999969482422,49.349998474121094,2273700,49.56999969482422,49.16999816894531,49.16999816894531
18-01-2013,48.04999923706055,49.20000076293945,2603700,49.31999969482422,48.119998931884766,48.119998931884766
22-01-2013,47.63999938964844,48.400001525878906,5009300,48.459999084472656,47.970001220703125,47.970001220703125
23-01-2013,45.86000061035156,45.9900016784668,6329100,49.220001220703125,48.65999984741211,48.65999984741211
24-01-2013,48.25,48.279998779296875,2719600,49.630001068115234,49.0099983215332,49.0099983215332
25-01-2013,48.75,49.0099983215332,1950600,49.349998474121094,49.34000015258789,49.34000015258789
28-01-2013,49.34000015258789,49.41999816894531,1476700,50.02000045776367,49.34000015258789,49.34000015258789
29-01-2013,48.599998474121094,49.38999938964844,1899000,49.43000030517578,48.7599983215332,48.7599983215332
30-01-2013,48.29999923706055,48.939998626708984,1802500,49.15999984741211,48.540000915527344,48.540000915527344
31-01-2013,48.7400016784668,48.91999816894531,2815000,50.04999923706055,50.0,50.0
01-02-2013,49.93000030517578,50.0,3159300,51.90999984741211,50.97999954223633,50.97999954223633
04-02-2013,50.150001525878906,50.869998931884766,1390200,51.06999969482422,50.22999954223633,50.22999954223633
05-02-2013,50.130001068115234,50.29999923706055,1211100,50.97999954223633,50.810001373291016,50.810001373291016
06-02-2013,50.29999923706055,50.400001525878906,1452600,51.279998779296875,51.04999923706055,51.04999923706055
07-02-2013,50.209999084472656,51.27000045776367,1472600,51.5099983215332,50.790000915527344,50.790000915527344
08-02-2013,50.91999816894531,50.970001220703125,1104500,51.810001373291016,51.65999984741211,51.65999984741211
11-02-2013,51.0099983215332,51.470001220703125,971100,51.790000915527344,51.06999969482422,51.06999969482422
12-02-2013,51.0,51.0099983215332,1502900,51.79999923706055,51.77000045776367,51.77000045776367
13-02-2013,51.11000061035156,51.79999923706055,1411900,52.119998931884766,51.43000030517578,51.43000030517578
14-02-2013,50.970001220703125,51.43000030517578,1471500,51.61000061035156,51.27000045776367,51.27000045776367
15-02-2013,51.11000061035156,51.209999084472656,2055000,51.779998779296875,51.36000061035156,51.36000061035156
19-02-2013,51.349998474121094,51.540000915527344,1116200,51.970001220703125,51.880001068115234,51.880001068115234
20-02-2013,51.439998626708984,51.47999954223633,1486100,52.5,51.650001525878906,51.650001525878906
21-02-2013,50.93000030517578,51.310001373291016,2071600,51.779998779296875,51.0099983215332,51.0099983215332
22-02-2013,51.22999954223633,51.540000915527344,1525700,52.290000915527344,52.22999954223633,52.22999954223633
25-02-2013,51.84000015258789,52.349998474121094,1697300,52.7599983215332,51.939998626708984,51.939998626708984
26-02-2013,51.619998931884766,52.040000915527344,1949600,52.63999938964844,52.040000915527344,52.040000915527344
27-02-2013,51.70000076293945,51.7599983215332,1333700,52.900001525878906,52.720001220703125,52.720001220703125
28-02-2013,52.4900016784668,52.939998626708984,1563500,53.02000045776367,52.5099983215332,52.5099983215332
01-03-2013,51.650001525878906,52.470001220703125,1794800,52.470001220703125,51.84000015258789,51.84000015258789
04-03-2013,51.4900016784668,51.75,1734500,51.939998626708984,51.599998474121094,51.599998474121094
05-03-2013,51.470001220703125,51.79999923706055,2505600,51.93000030517578,51.75,51.75
06-03-2013,51.68000030517578,52.18000030517578,1498900,52.25,51.7400016784668,51.7400016784668
07-03-2013,51.18000030517578,51.88999938964844,2281100,52.0099983215332,51.25,51.25
08-03-2013,51.0,52.220001220703125,1935500,52.380001068115234,51.22999954223633,51.22999954223633
11-03-2013,50.81999969482422,51.040000915527344,1697100,51.56999969482422,50.93000030517578,50.93000030517578
12-03-2013,50.40999984741211,50.849998474121094,1318100,51.20000076293945,50.90999984741211,50.90999984741211
13-03-2013,50.56999969482422,50.88999938964844,789800,51.20000076293945,50.869998931884766,50.869998931884766
14-03-2013,50.380001068115234,51.08000183105469,2159700,51.63999938964844,50.43000030517578,50.43000030517578
15-03-2013,49.63999938964844,50.459999084472656,2415100,50.66999816894531,50.099998474121094,50.099998474121094
18-03-2013,49.22999954223633,49.849998474121094,1192600,49.970001220703125,49.56999969482422,49.56999969482422
19-03-2013,48.93000030517578,49.63999938964844,3179100,50.16999816894531,49.11000061035156,49.11000061035156
20-03-2013,49.31999969482422,49.380001068115234,1311500,49.900001525878906,49.65999984741211,49.65999984741211
21-03-2013,48.91999816894531,49.08000183105469,1506000,49.880001068115234,49.45000076293945,49.45000076293945
22-03-2013,48.63999938964844,49.77000045776367,2259300,49.849998474121094,48.88999938964844,48.88999938964844
25-03-2013,46.45000076293945,48.150001525878906,5811900,48.400001525878906,47.16999816894531,47.16999816894531
26-03-2013,46.400001525878906,47.34000015258789,3291200,47.65999984741211,46.5,46.5
27-03-2013,46.33000183105469,46.47999954223633,2961700,47.349998474121094,47.2400016784668,47.2400016784668
28-03-2013,46.77000045776367,46.97999954223633,2303100,47.20000076293945,46.9900016784668,46.9900016784668
01-04-2013,46.11000061035156,46.88999938964844,2066000,47.15999984741211,46.220001220703125,46.220001220703125
02-04-2013,45.5,46.52000045776367,2940100,46.59000015258789,45.70000076293945,45.70000076293945
03-04-2013,44.83000183105469,45.72999954223633,3479700,46.09000015258789,45.2599983215332,45.2599983215332
04-04-2013,45.150001525878906,45.220001220703125,2401000,45.970001220703125,45.630001068115234,45.630001068115234
05-04-2013,44.40999984741211,45.0,3297600,46.4900016784668,46.2599983215332,46.2599983215332
08-04-2013,45.47999954223633,46.099998474121094,2127300,46.38999938964844,46.220001220703125,46.220001220703125
09-04-2013,46.59000015258789,46.59000015258789,4220600,48.470001220703125,47.4900016784668,47.4900016784668
10-04-2013,47.540000915527344,47.689998626708984,1767500,48.08000183105469,47.560001373291016,47.560001373291016
11-04-2013,46.91999816894531,46.970001220703125,1971900,48.02000045776367,47.290000915527344,47.290000915527344
12-04-2013,46.380001068115234,47.380001068115234,2482000,47.380001068115234,46.54999923706055,46.54999923706055
15-04-2013,45.65999984741211,46.22999954223633,1719800,46.4900016784668,45.7400016784668,45.7400016784668
16-04-2013,45.630001068115234,46.040000915527344,1245800,46.060001373291016,45.95000076293945,45.95000076293945
17-04-2013,45.2599983215332,45.65999984741211,1121800,45.93000030517578,45.5,45.5
18-04-2013,44.959999084472656,45.58000183105469,1612200,45.959999084472656,45.40999984741211,45.40999984741211
19-04-2013,44.75,45.27000045776367,2019500,45.529998779296875,45.290000915527344,45.290000915527344
22-04-2013,44.849998474121094,46.4900016784668,5417700,46.66999816894531,45.59000015258789,45.59000015258789
23-04-2013,45.04999923706055,45.209999084472656,3225900,45.61000061035156,45.20000076293945,45.20000076293945
24-04-2013,44.689998626708984,45.349998474121094,2648800,45.400001525878906,44.81999969482422,44.81999969482422
25-04-2013,44.75,45.0,5202800,45.439998626708984,45.16999816894531,45.16999816894531
26-04-2013,44.97999954223633,45.34000015258789,2149500,45.34000015258789,45.099998474121094,45.099998474121094
29-04-2013,45.119998931884766,45.130001068115234,2296400,45.7400016784668,45.61000061035156,45.61000061035156
30-04-2013,45.470001220703125,45.470001220703125,2773500,46.66999816894531,46.619998931884766,46.619998931884766
01-05-2013,46.38999938964844,46.59000015258789,1675300,46.90999984741211,46.54999923706055,46.54999923706055
02-05-2013,46.38999938964844,46.52000045776367,1317900,46.970001220703125,46.880001068115234,46.880001068115234
03-05-2013,47.06999969482422,47.40999984741211,1229500,47.5099983215332,47.279998779296875,47.279998779296875
06-05-2013,47.099998474121094,47.470001220703125,1277000,47.599998474121094,47.5,47.5
07-05-2013,47.189998626708984,47.400001525878906,1626800,47.68000030517578,47.619998931884766,47.619998931884766
08-05-2013,47.18000030517578,47.349998474121094,1676200,48.08000183105469,47.880001068115234,47.880001068115234
09-05-2013,47.439998626708984,47.939998626708984,1182500,48.040000915527344,47.970001220703125,47.970001220703125
10-05-2013,47.880001068115234,47.959999084472656,2018800,48.459999084472656,48.400001525878906,48.400001525878906
13-05-2013,47.790000915527344,48.2400016784668,1662100,48.4900016784668,47.970001220703125,47.970001220703125
14-05-2013,47.77000045776367,47.880001068115234,3336000,49.33000183105469,49.2400016784668,49.2400016784668
15-05-2013,48.72999954223633,48.90999984741211,1705900,49.279998779296875,49.08000183105469,49.08000183105469
16-05-2013,49.130001068115234,49.130001068115234,1593000,49.86000061035156,49.38999938964844,49.38999938964844
17-05-2013,49.150001525878906,49.529998779296875,2927000,50.470001220703125,50.380001068115234,50.380001068115234
20-05-2013,50.0099983215332,50.2599983215332,2137600,50.869998931884766,50.790000915527344,50.790000915527344
21-05-2013,50.56999969482422,50.56999969482422,2362100,51.61000061035156,51.43000030517578,51.43000030517578
22-05-2013,50.369998931884766,51.47999954223633,1885400,51.54999923706055,50.66999816894531,50.66999816894531
23-05-2013,49.65999984741211,50.4900016784668,1697800,50.4900016784668,49.900001525878906,49.900001525878906
24-05-2013,48.599998474121094,49.88999938964844,1211000,49.88999938964844,49.2599983215332,49.2599983215332
28-05-2013,49.189998626708984,49.7400016784668,1272600,50.0,49.400001525878906,49.400001525878906
29-05-2013,48.91999816894531,49.380001068115234,1038600,50.060001373291016,49.91999816894531,49.91999816894531
30-05-2013,49.7400016784668,49.810001373291016,1219500,51.040000915527344,50.93000030517578,50.93000030517578
31-05-2013,49.790000915527344,50.0,1325400,50.540000915527344,50.08000183105469,50.08000183105469
03-06-2013,49.529998779296875,49.77000045776367,1130500,49.970001220703125,49.790000915527344,49.790000915527344
04-06-2013,48.959999084472656,49.70000076293945,1658100,49.77000045776367,48.9900016784668,48.9900016784668
05-06-2013,48.970001220703125,49.119998931884766,657200,49.599998474121094,49.130001068115234,49.130001068115234
06-06-2013,48.72999954223633,49.27000045776367,1535700,49.38999938964844,49.119998931884766,49.119998931884766
07-06-2013,49.29999923706055,49.56999969482422,1939900,51.0099983215332,50.90999984741211,50.90999984741211
10-06-2013,50.189998626708984,50.77000045776367,1489100,50.970001220703125,50.5099983215332,50.5099983215332
11-06-2013,49.189998626708984,49.970001220703125,1127100,50.189998626708984,49.31999969482422,49.31999969482422
12-06-2013,48.97999954223633,49.7599983215332,905700,49.900001525878906,49.15999984741211,49.15999984741211
13-06-2013,48.0,49.0,1857200,49.349998474121094,48.689998626708984,48.689998626708984
14-06-2013,48.380001068115234,48.7599983215332,683400,49.099998474121094,48.47999954223633,48.47999954223633
17-06-2013,48.779998779296875,48.84000015258789,1247700,49.70000076293945,49.529998779296875,49.529998779296875
18-06-2013,49.150001525878906,49.810001373291016,1121300,49.9900016784668,49.779998779296875,49.779998779296875
19-06-2013,49.220001220703125,49.650001525878906,1133300,49.880001068115234,49.22999954223633,49.22999954223633
20-06-2013,48.77000045776367,48.869998931884766,1163100,49.459999084472656,49.04999923706055,49.04999923706055
21-06-2013,48.56999969482422,49.099998474121094,2274800,49.5,49.189998626708984,49.189998626708984
24-06-2013,48.68000030517578,49.0,1508200,49.7599983215332,49.29999923706055,49.29999923706055
25-06-2013,48.689998626708984,49.38999938964844,1057400,49.709999084472656,49.5,49.5
26-06-2013,49.70000076293945,49.869998931884766,1224700,50.91999816894531,50.68000030517578,50.68000030517578
27-06-2013,50.5,50.90999984741211,1435900,51.15999984741211,50.560001373291016,50.560001373291016
28-06-2013,49.34000015258789,50.130001068115234,1891100,50.75,49.68000030517578,49.68000030517578
01-07-2013,49.66999816894531,49.810001373291016,1024200,50.66999816894531,50.27000045776367,50.27000045776367
02-07-2013,49.689998626708984,50.13999938964844,1257200,50.58000183105469,49.779998779296875,49.779998779296875
03-07-2013,48.83000183105469,49.209999084472656,1162500,50.189998626708984,50.0099983215332,50.0099983215332
05-07-2013,50.0099983215332,50.08000183105469,1674700,52.22999954223633,51.45000076293945,51.45000076293945
08-07-2013,50.65999984741211,51.720001220703125,1416800,51.77000045776367,50.900001525878906,50.900001525878906
09-07-2013,50.91999816894531,50.91999816894531,1312300,51.869998931884766,51.83000183105469,51.83000183105469
10-07-2013,51.77000045776367,51.83000183105469,1851100,52.849998474121094,52.52000045776367,52.52000045776367
11-07-2013,52.70000076293945,52.779998779296875,2283700,54.22999954223633,54.150001525878906,54.150001525878906
12-07-2013,53.790000915527344,54.0,1506500,54.58000183105469,54.150001525878906,54.150001525878906
15-07-2013,53.380001068115234,53.939998626708984,968100,53.9900016784668,53.7599983215332,53.7599983215332
16-07-2013,53.439998626708984,53.869998931884766,1761800,53.959999084472656,53.5099983215332,53.5099983215332
17-07-2013,53.349998474121094,53.41999816894531,1587900,54.279998779296875,53.5,53.5
18-07-2013,54.54999923706055,55.0099983215332,4237800,57.11000061035156,56.400001525878906,56.400001525878906
19-07-2013,56.11000061035156,56.11000061035156,1932000,57.09000015258789,56.439998626708984,56.439998626708984
22-07-2013,54.779998779296875,56.619998931884766,2845200,56.619998931884766,55.119998931884766,55.119998931884766
23-07-2013,53.7599983215332,55.0,2685100,55.380001068115234,53.83000183105469,53.83000183105469
24-07-2013,53.849998474121094,54.22999954223633,1818500,55.20000076293945,55.150001525878906,55.150001525878906
25-07-2013,54.66999816894531,54.83000183105469,1842800,55.869998931884766,55.86000061035156,55.86000061035156
26-07-2013,54.810001373291016,55.29999923706055,2368600,56.5,56.47999954223633,56.47999954223633
29-07-2013,55.88999938964844,56.189998626708984,1978200,56.86000061035156,56.65999984741211,56.65999984741211
30-07-2013,56.08000183105469,56.2599983215332,1738000,56.790000915527344,56.439998626708984,56.439998626708984
31-07-2013,56.2400016784668,56.56999969482422,2125700,57.290000915527344,56.31999969482422,56.31999969482422
01-08-2013,56.27000045776367,56.91999816894531,1909000,57.63999938964844,57.52000045776367,57.52000045776367
02-08-2013,57.54999923706055,57.84000015258789,2149000,58.72999954223633,58.63999938964844,58.63999938964844
05-08-2013,58.099998474121094,58.36000061035156,2124100,59.4900016784668,59.189998626708984,59.189998626708984
06-08-2013,57.97999954223633,58.939998626708984,1718000,59.099998474121094,58.88999938964844,58.88999938964844
07-08-2013,57.470001220703125,58.439998626708984,1781600,58.79999923706055,57.900001525878906,57.900001525878906
08-08-2013,57.900001525878906,58.25,1093000,58.869998931884766,58.52000045776367,58.52000045776367
09-08-2013,58.290000915527344,58.5099983215332,771800,58.900001525878906,58.650001525878906,58.650001525878906
12-08-2013,58.33000183105469,58.5,554600,58.95000076293945,58.869998931884766,58.869998931884766
13-08-2013,58.36000061035156,58.689998626708984,758000,59.15999984741211,58.779998779296875,58.779998779296875
14-08-2013,57.689998626708984,58.70000076293945,1110300,58.84000015258789,57.720001220703125,57.720001220703125
15-08-2013,56.689998626708984,57.13999938964844,1329000,57.68000030517578,56.84000015258789,56.84000015258789
16-08-2013,56.220001220703125,56.83000183105469,1136300,56.869998931884766,56.529998779296875,56.529998779296875
19-08-2013,56.45000076293945,56.56999969482422,682200,57.369998931884766,56.45000076293945,56.45000076293945
20-08-2013,55.959999084472656,56.31999969482422,612700,57.16999816894531,56.70000076293945,56.70000076293945
21-08-2013,56.20000076293945,56.47999954223633,696000,57.16999816894531,56.36000061035156,56.36000061035156
22-08-2013,56.56999969482422,56.83000183105469,465100,57.630001068115234,57.2599983215332,57.2599983215332
23-08-2013,57.15999984741211,57.310001373291016,671600,57.849998474121094,57.720001220703125,57.720001220703125
26-08-2013,56.7599983215332,57.650001525878906,572400,57.66999816894531,56.88999938964844,56.88999938964844
27-08-2013,55.41999816894531,56.439998626708984,1096500,56.560001373291016,55.5,55.5
28-08-2013,55.380001068115234,55.5,586100,56.279998779296875,55.91999816894531,55.91999816894531
29-08-2013,55.65999984741211,55.900001525878906,361100,56.66999816894531,56.41999816894531,56.41999816894531
30-08-2013,55.7400016784668,56.58000183105469,455200,56.630001068115234,56.06999969482422,56.06999969482422
03-09-2013,56.04999923706055,56.5,476800,56.939998626708984,56.33000183105469,56.33000183105469
04-09-2013,56.0,56.33000183105469,537300,56.84000015258789,56.63999938964844,56.63999938964844
05-09-2013,56.29999923706055,56.599998474121094,389400,57.13999938964844,56.880001068115234,56.880001068115234
06-09-2013,56.279998779296875,57.16999816894531,888900,57.689998626708984,56.29999923706055,56.29999923706055
09-09-2013,56.470001220703125,56.470001220703125,1139600,57.470001220703125,56.88999938964844,56.88999938964844
10-09-2013,57.09000015258789,57.09000015258789,996500,58.66999816894531,58.45000076293945,58.45000076293945
11-09-2013,58.130001068115234,58.7599983215332,608800,58.91999816894531,58.369998931884766,58.369998931884766
12-09-2013,57.61000061035156,58.33000183105469,653300,58.33000183105469,57.779998779296875,57.779998779296875
13-09-2013,57.459999084472656,58.09000015258789,789500,58.189998626708984,57.97999954223633,57.97999954223633
16-09-2013,57.95000076293945,58.279998779296875,985000,58.95000076293945,58.209999084472656,58.209999084472656
17-09-2013,58.09000015258789,58.400001525878906,634600,58.810001373291016,58.540000915527344,58.540000915527344
18-09-2013,57.849998474121094,58.59000015258789,860600,58.709999084472656,58.04999923706055,58.04999923706055
19-09-2013,57.630001068115234,58.369998931884766,1254200,58.38999938964844,57.66999816894531,57.66999816894531
20-09-2013,57.66999816894531,57.900001525878906,1439000,58.689998626708984,58.560001373291016,58.560001373291016
23-09-2013,57.650001525878906,58.33000183105469,643700,58.650001525878906,57.7400016784668,57.7400016784668
24-09-2013,56.83000183105469,57.709999084472656,738300,57.720001220703125,57.0,57.0
25-09-2013,56.380001068115234,57.2400016784668,841500,57.2400016784668,56.439998626708984,56.439998626708984
26-09-2013,56.349998474121094,56.4900016784668,619300,57.08000183105469,56.709999084472656,56.709999084472656
27-09-2013,56.2599983215332,56.310001373291016,654400,56.880001068115234,56.4900016784668,56.4900016784668
30-09-2013,56.029998779296875,56.349998474121094,703100,56.779998779296875,56.560001373291016,56.560001373291016
01-10-2013,56.27000045776367,56.66999816894531,870000,57.470001220703125,57.310001373291016,57.310001373291016
02-10-2013,56.439998626708984,56.880001068115234,1021100,57.599998474121094,57.34000015258789,57.34000015258789
03-10-2013,56.02000045776367,57.34000015258789,1277000,57.34000015258789,56.779998779296875,56.779998779296875
04-10-2013,56.52000045776367,56.790000915527344,966800,57.90999984741211,57.619998931884766,57.619998931884766
07-10-2013,56.540000915527344,56.93000030517578,592200,57.34000015258789,56.56999969482422,56.56999969482422
08-10-2013,55.959999084472656,56.939998626708984,968800,57.380001068115234,56.2400016784668,56.2400016784668
09-10-2013,55.08000183105469,56.34000015258789,1166300,56.34000015258789,55.70000076293945,55.70000076293945
10-10-2013,56.2599983215332,56.41999816894531,1296900,57.209999084472656,57.040000915527344,57.040000915527344
11-10-2013,57.33000183105469,57.349998474121094,1587300,59.09000015258789,59.040000915527344,59.040000915527344
14-10-2013,58.38999938964844,58.9900016784668,1191900,59.560001373291016,59.45000076293945,59.45000076293945
15-10-2013,57.4900016784668,59.459999084472656,1772500,59.459999084472656,57.790000915527344,57.790000915527344
16-10-2013,57.5,57.880001068115234,1139300,58.06999969482422,57.56999969482422,57.56999969482422
17-10-2013,56.63999938964844,57.45000076293945,999500,57.970001220703125,57.56999969482422,57.56999969482422
18-10-2013,57.56999969482422,57.849998474121094,2025100,59.130001068115234,58.40999984741211,58.40999984741211
21-10-2013,59.459999084472656,61.869998931884766,3856100,62.31999969482422,59.66999816894531,59.66999816894531
22-10-2013,58.41999816894531,60.2400016784668,1678200,60.349998474121094,58.4900016784668,58.4900016784668
23-10-2013,57.810001373291016,58.619998931884766,1125300,59.02000045776367,58.709999084472656,58.709999084472656
24-10-2013,58.56999969482422,58.810001373291016,666300,59.220001220703125,58.59000015258789,58.59000015258789
25-10-2013,58.380001068115234,58.97999954223633,713400,59.220001220703125,58.52000045776367,58.52000045776367
28-10-2013,57.959999084472656,58.4900016784668,782600,58.75,58.5099983215332,58.5099983215332
29-10-2013,58.47999954223633,58.650001525878906,863500,59.08000183105469,58.619998931884766,58.619998931884766
30-10-2013,58.43000030517578,58.43000030517578,715600,59.02000045776367,58.630001068115234,58.630001068115234
31-10-2013,58.02000045776367,58.209999084472656,743400,58.779998779296875,58.02000045776367,58.02000045776367
01-11-2013,57.720001220703125,58.33000183105469,796800,58.5,58.119998931884766,58.119998931884766
04-11-2013,58.02000045776367,58.20000076293945,990700,58.900001525878906,58.70000076293945,58.70000076293945
05-11-2013,58.220001220703125,58.220001220703125,753300,59.34000015258789,59.15999984741211,59.15999984741211
06-11-2013,59.040000915527344,59.38999938964844,1324800,60.84000015258789,60.11000061035156,60.11000061035156
07-11-2013,59.630001068115234,60.439998626708984,957500,61.20000076293945,59.7400016784668,59.7400016784668
08-11-2013,59.540000915527344,59.709999084472656,1023200,60.380001068115234,59.720001220703125,59.720001220703125
11-11-2013,59.22999954223633,59.459999084472656,702600,60.0099983215332,59.66999816894531,59.66999816894531
12-11-2013,59.619998931884766,59.810001373291016,2303900,62.11000061035156,61.27000045776367,61.27000045776367
13-11-2013,60.5,61.2599983215332,1144400,61.459999084472656,61.36000061035156,61.36000061035156
14-11-2013,60.810001373291016,61.66999816894531,1167200,62.2400016784668,62.18000030517578,62.18000030517578
15-11-2013,61.72999954223633,61.75,1231600,62.88999938964844,62.650001525878906,62.650001525878906
18-11-2013,62.290000915527344,62.9900016784668,873800,63.290000915527344,62.439998626708984,62.439998626708984
19-11-2013,61.220001220703125,62.02000045776367,859800,62.279998779296875,61.56999969482422,61.56999969482422
20-11-2013,60.810001373291016,61.810001373291016,804500,62.06999969482422,60.91999816894531,60.91999816894531
21-11-2013,61.02000045776367,61.47999954223633,921700,61.63999938964844,61.16999816894531,61.16999816894531
22-11-2013,61.06999969482422,61.41999816894531,672500,61.86000061035156,61.43000030517578,61.43000030517578
25-11-2013,60.25,61.18000030517578,690800,61.560001373291016,60.470001220703125,60.470001220703125
26-11-2013,59.369998931884766,60.540000915527344,868500,60.75,60.54999923706055,60.54999923706055
27-11-2013,60.45000076293945,60.900001525878906,876900,61.900001525878906,61.7400016784668,61.7400016784668
29-11-2013,61.290000915527344,61.79999923706055,341600,62.0099983215332,61.86000061035156,61.86000061035156
02-12-2013,61.47999954223633,61.650001525878906,663800,62.290000915527344,62.02000045776367,62.02000045776367
03-12-2013,61.5,62.04999923706055,854700,62.29999923706055,62.0099983215332,62.0099983215332
04-12-2013,61.189998626708984,61.4900016784668,952100,62.47999954223633,61.97999954223633,61.97999954223633
05-12-2013,61.119998931884766,61.70000076293945,1667600,61.95000076293945,61.310001373291016,61.310001373291016
06-12-2013,60.9900016784668,61.95000076293945,1882300,61.9900016784668,61.0,61.0
09-12-2013,60.720001220703125,60.9900016784668,880500,61.40999984741211,60.93000030517578,60.93000030517578
10-12-2013,60.59000015258789,60.77000045776367,756900,60.970001220703125,60.70000076293945,60.70000076293945
11-12-2013,59.849998474121094,60.5,852900,60.810001373291016,59.900001525878906,59.900001525878906
12-12-2013,59.630001068115234,59.900001525878906,950000,60.599998474121094,60.09000015258789,60.09000015258789
13-12-2013,59.880001068115234,60.470001220703125,724000,60.77000045776367,60.59000015258789,60.59000015258789
16-12-2013,60.369998931884766,60.4900016784668,850400,61.459999084472656,60.97999954223633,60.97999954223633
17-12-2013,60.59000015258789,60.630001068115234,903800,61.9900016784668,61.84000015258789,61.84000015258789
18-12-2013,61.2400016784668,61.779998779296875,899900,62.400001525878906,62.29999923706055,62.29999923706055
19-12-2013,61.52000045776367,62.09000015258789,709600,62.38999938964844,61.560001373291016,61.560001373291016
20-12-2013,61.36000061035156,61.5099983215332,1216500,62.439998626708984,62.209999084472656,62.209999084472656
23-12-2013,62.09000015258789,62.63999938964844,561600,62.63999938964844,62.4900016784668,62.4900016784668
24-12-2013,62.2400016784668,62.66999816894531,422900,63.150001525878906,63.08000183105469,63.08000183105469
26-12-2013,63.25,63.33000183105469,516900,63.65999984741211,63.650001525878906,63.650001525878906
27-12-2013,63.88999938964844,63.900001525878906,456800,64.33000183105469,63.97999954223633,63.97999954223633
30-12-2013,63.45000076293945,63.849998474121094,648500,64.47000122070312,64.26000213623047,64.26000213623047
31-12-2013,64.30999755859375,64.63999938964844,740300,64.94999694824219,64.5,64.5
02-01-2014,63.56999969482422,63.650001525878906,796900,64.5,64.37999725341797,64.37999725341797
03-01-2014,63.88999938964844,64.6500015258789,849800,64.69999694824219,64.29000091552734,64.29000091552734
06-01-2014,63.849998474121094,64.52999877929688,637300,64.8499984741211,63.91999816894531,63.91999816894531
07-01-2014,63.040000915527344,63.279998779296875,859300,64.12000274658203,63.939998626708984,63.939998626708984
08-01-2014,63.689998626708984,64.06999969482422,949100,64.58000183105469,64.56999969482422,64.56999969482422
09-01-2014,64.30999755859375,64.98999786376953,1029900,65.19999694824219,64.69999694824219,64.69999694824219
10-01-2014,64.16999816894531,64.94999694824219,781700,65.05000305175781,65.04000091552734,65.04000091552734
13-01-2014,63.040000915527344,64.94000244140625,1209700,64.98999786376953,63.29999923706055,63.29999923706055
14-01-2014,63.31999969482422,63.650001525878906,1148700,65.11000061035156,65.11000061035156,65.11000061035156
15-01-2014,64.7699966430664,65.0,875100,65.5,65.2300033569336,65.2300033569336
16-01-2014,64.70999908447266,65.20999908447266,853000,65.27999877929688,64.97000122070312,64.97000122070312
17-01-2014,64.44999694824219,64.77999877929688,1084400,65.44000244140625,64.51000213623047,64.51000213623047
21-01-2014,64.20999908447266,65.01000213623047,917600,65.1500015258789,64.51000213623047,64.51000213623047
22-01-2014,64.41000366210938,64.41000366210938,1367100,64.86000061035156,64.81999969482422,64.81999969482422
23-01-2014,64.16000366210938,64.45999908447266,1287300,65.36000061035156,65.33000183105469,65.33000183105469
24-01-2014,64.30000305175781,65.05999755859375,1669600,65.26000213623047,64.69000244140625,64.69000244140625
27-01-2014,63.11000061035156,64.79000091552734,1992800,64.79000091552734,63.540000915527344,63.540000915527344
28-01-2014,64.5,65.01000213623047,2093000,67.25,65.93000030517578,65.93000030517578
29-01-2014,65.5199966430664,65.98999786376953,1601700,66.4800033569336,65.86000061035156,65.86000061035156
30-01-2014,66.33999633789062,66.5199966430664,1916200,68.88999938964844,67.06999969482422,67.06999969482422
31-01-2014,65.18000030517578,66.83000183105469,1923600,66.91999816894531,65.43000030517578,65.43000030517578
03-02-2014,62.310001373291016,64.72000122070312,2602900,65.48999786376953,63.43000030517578,63.43000030517578
04-02-2014,63.06999969482422,63.65999984741211,1584600,64.33000183105469,63.15999984741211,63.15999984741211
05-02-2014,62.630001068115234,63.06999969482422,2073900,64.2300033569336,63.97999954223633,63.97999954223633
06-02-2014,63.560001373291016,64.55999755859375,1558300,64.97000122070312,64.22000122070312,64.22000122070312
07-02-2014,64.06999969482422,64.38999938964844,1240700,65.04000091552734,64.81999969482422,64.81999969482422
10-02-2014,64.3499984741211,64.97000122070312,995500,65.0,64.4800033569336,64.4800033569336
11-02-2014,64.20999908447266,64.77999877929688,989500,65.44999694824219,65.01000213623047,65.01000213623047
12-02-2014,64.79000091552734,64.91999816894531,767900,65.6500015258789,65.18000030517578,65.18000030517578
13-02-2014,64.55000305175781,64.69999694824219,1109800,65.80999755859375,65.70999908447266,65.70999908447266
14-02-2014,65.37999725341797,65.37999725341797,1481300,67.25,66.94999694824219,66.94999694824219
18-02-2014,66.11000061035156,66.81999969482422,1023800,66.94999694824219,66.41000366210938,66.41000366210938
19-02-2014,66.18000030517578,66.55000305175781,1125600,67.13999938964844,66.87000274658203,66.87000274658203
20-02-2014,66.91999816894531,67.25,894700,67.58000183105469,67.54000091552734,67.54000091552734
21-02-2014,67.30000305175781,68.13999938964844,880100,68.13999938964844,67.4000015258789,67.4000015258789
24-02-2014,66.87000274658203,67.76000213623047,926700,67.77999877929688,66.87999725341797,66.87999725341797
25-02-2014,66.51000213623047,66.72000122070312,1002500,67.12999725341797,66.9800033569336,66.9800033569336
26-02-2014,66.87000274658203,67.06999969482422,1110500,68.04000091552734,67.66999816894531,67.66999816894531
27-02-2014,67.44999694824219,67.91999816894531,895800,68.13999938964844,68.08000183105469,68.08000183105469
28-02-2014,67.0,68.33999633789062,1131400,68.33999633789062,67.41999816894531,67.41999816894531
03-03-2014,66.45999908447266,66.87000274658203,655100,67.29000091552734,67.25,67.25
04-03-2014,67.58999633789062,67.83000183105469,579000,68.55000305175781,68.52999877929688,68.52999877929688
05-03-2014,68.30000305175781,68.7300033569336,639700,68.93000030517578,68.8499984741211,68.8499984741211
06-03-2014,68.6500015258789,68.88999938964844,692200,69.73999786376953,69.23999786376953,69.23999786376953
07-03-2014,68.75,69.91999816894531,592200,69.91999816894531,69.05999755859375,69.05999755859375
10-03-2014,67.62999725341797,69.12999725341797,637200,69.23999786376953,68.1500015258789,68.1500015258789
11-03-2014,67.55999755859375,68.41000366210938,678500,68.44999694824219,67.70999908447266,67.70999908447266
12-03-2014,66.91999816894531,67.26000213623047,1034000,67.94999694824219,67.72000122070312,67.72000122070312
13-03-2014,66.18000030517578,67.93000030517578,1450700,67.93000030517578,66.38999938964844,66.38999938964844
14-03-2014,66.38999938964844,66.56999969482422,1475700,67.56999969482422,67.31999969482422,67.31999969482422
17-03-2014,67.47000122070312,67.47000122070312,1184500,69.23999786376953,69.0199966430664,69.0199966430664
18-03-2014,68.47000122070312,68.79000091552734,1418700,69.23999786376953,68.94999694824219,68.94999694824219
19-03-2014,67.22000122070312,68.6500015258789,1210600,68.68000030517578,68.26000213623047,68.26000213623047
20-03-2014,67.5999984741211,68.23999786376953,978200,68.48999786376953,67.83000183105469,67.83000183105469
21-03-2014,66.73999786376953,67.83000183105469,1572400,68.05000305175781,66.86000061035156,66.86000061035156
24-03-2014,66.05000305175781,67.19000244140625,1254900,67.6500015258789,66.62000274658203,66.62000274658203
25-03-2014,66.05999755859375,66.73999786376953,624600,67.2300033569336,66.41999816894531,66.41999816894531
26-03-2014,65.18000030517578,66.95999908447266,1069400,66.95999908447266,65.81999969482422,65.81999969482422
27-03-2014,65.33999633789062,65.56999969482422,1073400,66.56999969482422,66.44000244140625,66.44000244140625
28-03-2014,65.81999969482422,66.62999725341797,549900,66.95999908447266,66.19000244140625,66.19000244140625
31-03-2014,66.52999877929688,66.7300033569336,690700,67.87999725341797,67.62999725341797,67.62999725341797
01-04-2014,67.29000091552734,67.30999755859375,585800,68.36000061035156,68.16999816894531,68.16999816894531
02-04-2014,67.61000061035156,68.16999816894531,498300,68.30000305175781,67.69999694824219,67.69999694824219
03-04-2014,66.66999816894531,67.66000366210938,568900,68.13999938964844,67.04000091552734,67.04000091552734
04-04-2014,65.37999725341797,67.55000305175781,757600,67.55000305175781,65.70999908447266,65.70999908447266
07-04-2014,65.0199966430664,65.61000061035156,1040100,66.36000061035156,66.06999969482422,66.06999969482422
08-04-2014,65.88999938964844,65.88999938964844,1404300,67.6500015258789,67.51000213623047,67.51000213623047
09-04-2014,67.08000183105469,67.80000305175781,884000,68.0999984741211,67.87000274658203,67.87000274658203
10-04-2014,66.08999633789062,67.45999908447266,1175000,67.51000213623047,66.13999938964844,66.13999938964844
11-04-2014,65.01000213623047,65.27999877929688,936100,66.05000305175781,65.44999694824219,65.44999694824219
14-04-2014,65.30999755859375,65.81999969482422,616800,66.4000015258789,65.87000274658203,65.87000274658203
15-04-2014,65.13999938964844,65.91000366210938,1067000,66.58000183105469,66.29000091552734,66.29000091552734
16-04-2014,65.80999755859375,66.79000091552734,726000,66.83999633789062,66.37000274658203,66.37000274658203
17-04-2014,66.31999969482422,66.44000244140625,688400,67.22000122070312,66.95999908447266,66.95999908447266
21-04-2014,67.0999984741211,67.58999633789062,898700,68.01000213623047,67.94000244140625,67.94000244140625
22-04-2014,67.55000305175781,67.55000305175781,843200,68.5,68.30000305175781,68.30000305175781
23-04-2014,67.12999725341797,68.2699966430664,619600,68.47000122070312,67.5999984741211,67.5999984741211
24-04-2014,66.77999877929688,68.44000244140625,536600,68.44000244140625,67.29000091552734,67.29000091552734
25-04-2014,65.5,66.69999694824219,790600,67.36000061035156,65.75,65.75
28-04-2014,64.7699966430664,66.30999755859375,1411100,66.58000183105469,65.87000274658203,65.87000274658203
29-04-2014,60.5,62.880001068115234,3012600,63.7400016784668,63.11000061035156,63.11000061035156
30-04-2014,63.11000061035156,63.369998931884766,1599800,64.22000122070312,64.05999755859375,64.05999755859375
01-05-2014,64.01000213623047,64.11000061035156,827600,64.98999786376953,64.18000030517578,64.18000030517578
02-05-2014,63.189998626708984,64.45999908447266,1329700,64.45999908447266,63.20000076293945,63.20000076293945
05-05-2014,62.86000061035156,63.20000076293945,618600,64.04000091552734,63.68000030517578,63.68000030517578
06-05-2014,63.5099983215332,63.5099983215332,1196000,64.37999725341797,63.779998779296875,63.779998779296875
07-05-2014,62.77000045776367,63.709999084472656,1383600,63.970001220703125,63.45000076293945,63.45000076293945
08-05-2014,63.0099983215332,63.349998474121094,1314300,64.3499984741211,64.02999877929688,64.02999877929688
09-05-2014,63.54999923706055,63.63999938964844,1016800,64.56999969482422,64.23999786376953,64.23999786376953
12-05-2014,64.20999908447266,64.2300033569336,1066300,65.72000122070312,65.58000183105469,65.58000183105469
13-05-2014,65.06999969482422,65.79000091552734,737300,65.94999694824219,65.27999877929688,65.27999877929688
14-05-2014,64.80999755859375,64.80999755859375,807500,65.41999816894531,65.06999969482422,65.06999969482422
15-05-2014,63.650001525878906,65.2699966430664,1750600,65.2699966430664,64.19999694824219,64.19999694824219
16-05-2014,63.5099983215332,64.5999984741211,2058500,64.5999984741211,63.61000061035156,63.61000061035156
19-05-2014,63.02000045776367,63.45000076293945,1074300,64.20999908447266,64.12000274658203,64.12000274658203
20-05-2014,63.560001373291016,64.08999633789062,870500,64.44000244140625,64.19999694824219,64.19999694824219
21-05-2014,63.86000061035156,64.19999694824219,1468700,64.93000030517578,64.72000122070312,64.72000122070312
22-05-2014,64.7300033569336,64.7300033569336,1166600,66.0,65.44000244140625,65.44000244140625
23-05-2014,65.33000183105469,65.79000091552734,1383500,66.0199966430664,65.51000213623047,65.51000213623047
27-05-2014,65.48999786376953,65.72000122070312,948000,66.04000091552734,66.02999877929688,66.02999877929688
28-05-2014,65.36000061035156,66.02999877929688,998200,66.33999633789062,65.41999816894531,65.41999816894531
29-05-2014,64.56999969482422,65.41999816894531,1080200,65.48999786376953,65.06999969482422,65.06999969482422
30-05-2014,64.26000213623047,65.51000213623047,643400,65.55000305175781,64.4800033569336,64.4800033569336
02-06-2014,64.05999755859375,64.69999694824219,642500,64.93000030517578,64.48999786376953,64.48999786376953
03-06-2014,64.08999633789062,64.69999694824219,613200,64.69999694824219,64.25,64.25
04-06-2014,64.06999969482422,64.12999725341797,652100,64.6500015258789,64.44000244140625,64.44000244140625
05-06-2014,63.93000030517578,64.0,586700,65.37999725341797,65.18000030517578,65.18000030517578
06-06-2014,65.05000305175781,65.58999633789062,575200,65.98999786376953,65.83000183105469,65.83000183105469
09-06-2014,65.36000061035156,65.66000366210938,555700,65.9000015258789,65.58999633789062,65.58999633789062
10-06-2014,65.0999984741211,65.36000061035156,747000,65.62999725341797,65.38999938964844,65.38999938964844
11-06-2014,64.91000366210938,65.23999786376953,673000,65.48999786376953,65.30999755859375,65.30999755859375
12-06-2014,64.8499984741211,64.91000366210938,762500,65.73999786376953,65.4000015258789,65.4000015258789
13-06-2014,65.29000091552734,65.5,516400,65.87999725341797,65.81999969482422,65.81999969482422
16-06-2014,65.36000061035156,65.7699966430664,695000,66.75,66.27999877929688,66.27999877929688
17-06-2014,66.05999755859375,66.29000091552734,705200,67.08999633789062,66.83000183105469,66.83000183105469
18-06-2014,66.83999633789062,66.9000015258789,941500,67.86000061035156,67.73999786376953,67.73999786376953
19-06-2014,67.58000183105469,67.80000305175781,898500,68.12999725341797,68.01000213623047,68.01000213623047
20-06-2014,67.30000305175781,68.05999755859375,1446700,68.08000183105469,67.52999877929688,67.52999877929688
23-06-2014,66.94000244140625,67.79000091552734,790700,67.83999633789062,67.0199966430664,67.0199966430664
24-06-2014,66.47000122070312,67.05000305175781,598900,67.26000213623047,66.55000305175781,66.55000305175781
25-06-2014,66.38999938964844,66.48999786376953,612600,66.94999694824219,66.76000213623047,66.76000213623047
26-06-2014,66.06999969482422,66.58000183105469,921700,66.86000061035156,66.1500015258789,66.1500015258789
27-06-2014,66.23999786376953,66.25,520600,67.19000244140625,66.87000274658203,66.87000274658203
30-06-2014,66.87999725341797,66.95999908447266,480900,67.43000030517578,67.02999877929688,67.02999877929688
01-07-2014,66.79000091552734,67.06999969482422,548500,67.5199966430664,67.29000091552734,67.29000091552734
02-07-2014,66.87999725341797,67.12000274658203,491700,67.70999908447266,67.0,67.0
03-07-2014,67.01000213623047,67.16000366210938,582000,67.58999633789062,67.23999786376953,67.23999786376953
07-07-2014,65.75,66.87999725341797,982200,66.87999725341797,65.88999938964844,65.88999938964844
08-07-2014,65.04000091552734,65.91000366210938,960100,66.22000122070312,65.33999633789062,65.33999633789062
09-07-2014,65.11000061035156,65.87000274658203,1056600,65.98999786376953,65.41000366210938,65.41000366210938
10-07-2014,64.13999938964844,64.37999725341797,1027800,64.87999725341797,64.80999755859375,64.80999755859375
11-07-2014,63.70000076293945,65.08999633789062,1215300,65.11000061035156,64.06999969482422,64.06999969482422
14-07-2014,64.16000366210938,64.19999694824219,933000,65.01000213623047,64.83000183105469,64.83000183105469
15-07-2014,64.45999908447266,64.98999786376953,670900,65.0199966430664,64.72000122070312,64.72000122070312
16-07-2014,64.05000305175781,64.77999877929688,797100,64.97000122070312,64.18000030517578,64.18000030517578
17-07-2014,63.70000076293945,64.30999755859375,915000,64.68000030517578,63.90999984741211,63.90999984741211
18-07-2014,63.869998931884766,64.20999908447266,1060100,64.5999984741211,64.5199966430664,64.5199966430664
21-07-2014,63.880001068115234,64.45999908447266,1190600,64.4800033569336,64.22000122070312,64.22000122070312
22-07-2014,64.3499984741211,64.54000091552734,1517500,65.19999694824219,64.7699966430664,64.7699966430664
23-07-2014,65.75,66.11000061035156,2071600,67.05000305175781,66.1500015258789,66.1500015258789
24-07-2014,66.01000213623047,66.05999755859375,1298600,67.5999984741211,67.5,67.5
25-07-2014,67.56999969482422,67.56999969482422,1712200,68.6500015258789,68.4800033569336,68.4800033569336
28-07-2014,68.05999755859375,68.22000122070312,877400,68.58999633789062,68.2300033569336,68.2300033569336
29-07-2014,67.87999725341797,68.12000274658203,590600,68.75,68.26000213623047,68.26000213623047
30-07-2014,68.2300033569336,68.45999908447266,1207800,68.98999786376953,68.58000183105469,68.58000183105469
31-07-2014,67.66000366210938,67.97000122070312,1115200,68.5,67.87000274658203,67.87000274658203
01-08-2014,66.58999633789062,67.55000305175781,1870100,67.56999969482422,66.58999633789062,66.58999633789062
04-08-2014,66.45999908447266,66.88999938964844,1052100,67.1500015258789,66.95999908447266,66.95999908447266
05-08-2014,66.16999816894531,66.7699966430664,907000,66.97000122070312,66.4800033569336,66.4800033569336
06-08-2014,65.80000305175781,66.08999633789062,568400,66.61000061035156,66.12999725341797,66.12999725341797
07-08-2014,65.31999969482422,66.37000274658203,622600,66.62999725341797,65.44999694824219,65.44999694824219
08-08-2014,65.27999877929688,65.51000213623047,615900,65.9000015258789,65.80000305175781,65.80000305175781
11-08-2014,65.80999755859375,65.8499984741211,550400,66.73999786376953,66.45999908447266,66.45999908447266
12-08-2014,65.75,65.80999755859375,665000,66.8499984741211,66.44000244140625,66.44000244140625
13-08-2014,66.41000366210938,66.69999694824219,561300,67.0,66.66000366210938,66.66000366210938
14-08-2014,66.44999694824219,66.5199966430664,396300,66.94999694824219,66.80000305175781,66.80000305175781
15-08-2014,66.66000366210938,67.19999694824219,787800,67.4000015258789,67.04000091552734,67.04000091552734
18-08-2014,67.05999755859375,67.11000061035156,436900,67.63999938964844,67.37000274658203,67.37000274658203
19-08-2014,67.30999755859375,67.36000061035156,496100,67.77999877929688,67.5199966430664,67.5199966430664
20-08-2014,67.36000061035156,67.55999755859375,544100,68.13999938964844,67.94999694824219,67.94999694824219
21-08-2014,67.83000183105469,67.83000183105469,496400,68.3499984741211,68.2699966430664,68.2699966430664
22-08-2014,68.06999969482422,68.23999786376953,673800,68.51000213623047,68.1500015258789,68.1500015258789
25-08-2014,68.16999816894531,68.61000061035156,823500,69.06999969482422,68.95999908447266,68.95999908447266
26-08-2014,68.93000030517578,69.16999816894531,1084100,69.93000030517578,69.69999694824219,69.69999694824219
27-08-2014,69.83000183105469,70.08000183105469,1101200,70.4800033569336,70.33999633789062,70.33999633789062
28-08-2014,69.19000244140625,70.04000091552734,931100,70.2300033569336,70.1500015258789,70.1500015258789
29-08-2014,70.0,70.25,1270300,71.13999938964844,71.0199966430664,71.0199966430664
02-09-2014,70.81999969482422,72.1500015258789,506500,72.1500015258789,70.9800033569336,70.9800033569336
03-09-2014,70.79000091552734,71.02999877929688,359600,71.25,71.01000213623047,71.01000213623047
04-09-2014,70.86000061035156,71.12000274658203,681100,71.69999694824219,71.51000213623047,71.51000213623047
05-09-2014,71.05000305175781,71.80000305175781,886500,72.3499984741211,71.98999786376953,71.98999786376953
08-09-2014,71.58000183105469,71.93000030517578,1303900,72.77999877929688,71.87999725341797,71.87999725341797
09-09-2014,71.16000366210938,71.58999633789062,886800,72.01000213623047,71.23999786376953,71.23999786376953
10-09-2014,70.5199966430664,70.75,879300,71.62000274658203,71.26000213623047,71.26000213623047
11-09-2014,70.83000183105469,71.06999969482422,705100,71.33999633789062,71.05999755859375,71.05999755859375
12-09-2014,71.31999969482422,71.4000015258789,850700,71.93000030517578,71.80000305175781,71.80000305175781
15-09-2014,69.9800033569336,71.5,791000,71.75,70.3499984741211,70.3499984741211
16-09-2014,69.7699966430664,70.08999633789062,1107500,70.33999633789062,70.0,70.0
17-09-2014,69.98999786376953,70.19000244140625,738000,71.2699966430664,70.97000122070312,70.97000122070312
18-09-2014,70.70999908447266,71.0999984741211,958800,71.44999694824219,70.7699966430664,70.7699966430664
19-09-2014,70.33000183105469,70.95999908447266,1214600,71.20999908447266,70.4000015258789,70.4000015258789
22-09-2014,69.26000213623047,70.18000030517578,703700,70.41999816894531,69.79000091552734,69.79000091552734
23-09-2014,69.37000274658203,69.91000366210938,692200,70.0999984741211,69.43000030517578,69.43000030517578
24-09-2014,69.08000183105469,69.30000305175781,940400,70.66000366210938,70.52999877929688,70.52999877929688
25-09-2014,69.37999725341797,70.25,769600,70.5199966430664,69.48999786376953,69.48999786376953
26-09-2014,69.33999633789062,69.62999725341797,591300,69.9000015258789,69.76000213623047,69.76000213623047
29-09-2014,68.58999633789062,69.18000030517578,1019700,69.37000274658203,69.26000213623047,69.26000213623047
30-09-2014,68.22000122070312,68.94999694824219,984900,69.41999816894531,69.23999786376953,69.23999786376953
01-10-2014,67.7300033569336,69.2300033569336,1192700,69.37000274658203,67.94000244140625,67.94000244140625
02-10-2014,67.55999755859375,67.91000366210938,753900,68.86000061035156,68.66000366210938,68.66000366210938
03-10-2014,68.76000213623047,68.83000183105469,1027100,70.38999938964844,70.0,70.0
06-10-2014,69.30999755859375,70.0,776200,70.3499984741211,69.80999755859375,69.80999755859375
07-10-2014,69.2300033569336,69.2300033569336,1073000,70.22000122070312,69.4000015258789,69.4000015258789
08-10-2014,68.79000091552734,69.77999877929688,1051300,70.30000305175781,70.26000213623047,70.26000213623047
09-10-2014,68.62000274658203,70.02999877929688,1133200,70.4000015258789,68.79000091552734,68.79000091552734
10-10-2014,66.23999786376953,68.45999908447266,1728500,69.16999816894531,66.2699966430664,66.2699966430664
13-10-2014,65.2699966430664,65.94000244140625,1313700,66.69000244140625,66.4000015258789,66.4000015258789
14-10-2014,66.01000213623047,66.63999938964844,1211500,67.11000061035156,66.48999786376953,66.48999786376953
15-10-2014,65.52999877929688,65.95999908447266,1287800,67.30000305175781,67.02999877929688,67.02999877929688
16-10-2014,66.05999755859375,66.48999786376953,1122200,67.37000274658203,67.0,67.0
17-10-2014,67.1500015258789,67.58999633789062,743100,68.3499984741211,68.0199966430664,68.0199966430664
20-10-2014,67.55000305175781,68.16999816894531,685700,68.41999816894531,68.3499984741211,68.3499984741211
21-10-2014,68.11000061035156,68.51000213623047,2015600,68.88999938964844,68.62999725341797,68.62999725341797
22-10-2014,67.33000183105469,68.88999938964844,1346600,68.88999938964844,67.37999725341797,67.37999725341797
23-10-2014,69.43000030517578,70.08000183105469,2786600,71.30999755859375,71.0,71.0
24-10-2014,71.25,71.7699966430664,1130500,72.76000213623047,72.69999694824219,72.69999694824219
27-10-2014,72.30000305175781,72.55999755859375,1400600,73.45999908447266,72.83999633789062,72.83999633789062
28-10-2014,72.83999633789062,73.0,1279900,73.69000244140625,73.47000122070312,73.47000122070312
29-10-2014,73.41000366210938,73.61000061035156,1041400,74.0,73.58999633789062,73.58999633789062
30-10-2014,73.0199966430664,73.0199966430664,1019100,73.98999786376953,73.91000366210938,73.91000366210938
31-10-2014,74.0199966430664,74.80000305175781,835900,74.87999725341797,74.25,74.25
03-11-2014,73.6500015258789,74.01000213623047,976200,74.33999633789062,73.69999694824219,73.69999694824219
04-11-2014,73.16000366210938,73.33999633789062,889600,73.9800033569336,73.83999633789062,73.83999633789062
05-11-2014,73.6500015258789,74.0,819700,74.11000061035156,73.88999938964844,73.88999938964844
06-11-2014,73.87000274658203,73.94999694824219,877400,74.75,74.51000213623047,74.51000213623047
07-11-2014,74.23999786376953,74.62000274658203,551300,74.88999938964844,74.66999816894531,74.66999816894531
10-11-2014,74.23999786376953,74.4000015258789,655600,74.98999786376953,74.7300033569336,74.7300033569336
11-11-2014,74.5199966430664,74.87000274658203,773500,75.11000061035156,74.8499984741211,74.8499984741211
12-11-2014,74.87000274658203,75.27999877929688,1306300,76.27999877929688,75.80000305175781,75.80000305175781
13-11-2014,75.80000305175781,76.01000213623047,1020200,76.93000030517578,76.63999938964844,76.63999938964844
14-11-2014,75.9000015258789,76.25,828300,77.13999938964844,76.38999938964844,76.38999938964844
17-11-2014,76.3499984741211,76.44000244140625,917200,77.01000213623047,76.66999816894531,76.66999816894531
18-11-2014,76.30000305175781,76.51000213623047,594600,77.11000061035156,76.52999877929688,76.52999877929688
19-11-2014,75.80999755859375,76.20999908447266,1022500,76.70999908447266,76.20999908447266,76.20999908447266
20-11-2014,75.8499984741211,76.20999908447266,1019100,76.7300033569336,76.02999877929688,76.02999877929688
21-11-2014,76.58000183105469,77.3499984741211,953600,77.38999938964844,76.72000122070312,76.72000122070312
24-11-2014,76.2699966430664,77.0,876800,77.18000030517578,76.73999786376953,76.73999786376953
25-11-2014,76.75,77.36000061035156,743400,77.41000366210938,76.81999969482422,76.81999969482422
26-11-2014,76.58999633789062,76.76000213623047,577100,76.98999786376953,76.80999755859375,76.80999755859375
28-11-2014,75.94000244140625,76.66999816894531,449800,77.86000061035156,77.30999755859375,77.30999755859375
01-12-2014,76.0,76.7300033569336,758000,77.01000213623047,76.58999633789062,76.58999633789062
02-12-2014,76.30999755859375,76.6500015258789,592800,76.94000244140625,76.62000274658203,76.62000274658203
03-12-2014,75.86000061035156,76.87999725341797,842500,77.54000091552734,76.86000061035156,76.86000061035156
04-12-2014,76.56999969482422,76.58999633789062,449700,77.33000183105469,76.93000030517578,76.93000030517578
05-12-2014,76.86000061035156,77.27999877929688,883500,77.91000366210938,77.41000366210938,77.41000366210938
08-12-2014,76.97000122070312,77.43000030517578,887700,77.98999786376953,77.54000091552734,77.54000091552734
09-12-2014,76.77999877929688,76.83999633789062,1069200,77.94999694824219,77.47000122070312,77.47000122070312
10-12-2014,77.19000244140625,77.4800033569336,1217300,78.52999877929688,77.23999786376953,77.23999786376953
11-12-2014,77.31999969482422,77.44999694824219,956200,78.77999877929688,77.75,77.75
12-12-2014,76.5199966430664,76.81999969482422,692100,77.72000122070312,76.68000030517578,76.68000030517578
15-12-2014,75.80999755859375,76.80000305175781,1075500,77.33999633789062,76.58999633789062,76.58999633789062
16-12-2014,75.31999969482422,76.66999816894531,1191800,76.7699966430664,75.37000274658203,75.37000274658203
17-12-2014,75.66999816894531,76.62999725341797,1944700,77.66999816894531,77.11000061035156,77.11000061035156
18-12-2014,77.7699966430664,78.2699966430664,1268800,78.41000366210938,78.29000091552734,78.29000091552734
19-12-2014,77.80999755859375,78.18000030517578,1818700,79.04000091552734,78.33000183105469,78.33000183105469
22-12-2014,78.43000030517578,78.45999908447266,2142900,80.11000061035156,79.80000305175781,79.80000305175781
23-12-2014,79.2300033569336,79.80000305175781,1050600,80.2300033569336,79.93000030517578,79.93000030517578
24-12-2014,80.0,80.29000091552734,333800,80.81999969482422,80.44000244140625,80.44000244140625
26-12-2014,80.01000213623047,80.45999908447266,319800,80.61000061035156,80.05999755859375,80.05999755859375
29-12-2014,79.36000061035156,79.41999816894531,525800,80.0,79.61000061035156,79.61000061035156
30-12-2014,78.79000091552734,79.62999725341797,357900,79.98999786376953,79.11000061035156,79.11000061035156
31-12-2014,78.47000122070312,79.12000274658203,434500,79.80999755859375,78.56999969482422,78.56999969482422
02-01-2015,78.0199966430664,78.77999877929688,569000,79.23999786376953,78.45999908447266,78.45999908447266
05-01-2015,77.6500015258789,78.3499984741211,720800,78.58000183105469,78.01000213623047,78.01000213623047
06-01-2015,77.0999984741211,78.95999908447266,1641600,78.95999908447266,77.94999694824219,77.94999694824219
07-01-2015,77.7699966430664,78.33000183105469,751700,79.02999877929688,78.58999633789062,78.58999633789062
08-01-2015,78.87999725341797,78.94999694824219,1566800,80.5999984741211,80.52999877929688,80.52999877929688
09-01-2015,80.27999877929688,80.9000015258789,1168800,81.05000305175781,80.58000183105469,80.58000183105469
12-01-2015,79.61000061035156,81.12000274658203,1202600,81.12000274658203,80.68000030517578,80.68000030517578
13-01-2015,79.16000366210938,80.77999877929688,1639700,81.51000213623047,79.47000122070312,79.47000122070312
14-01-2015,78.5,78.58999633789062,766600,79.83000183105469,79.66000366210938,79.66000366210938
15-01-2015,78.69000244140625,79.87999725341797,1077300,80.48999786376953,79.0,79.0
16-01-2015,78.69999694824219,79.04000091552734,930300,80.91999816894531,80.80999755859375,80.80999755859375
20-01-2015,80.05999755859375,81.5199966430664,1391200,81.56999969482422,80.19000244140625,80.19000244140625
21-01-2015,79.75,80.37000274658203,1169700,80.83000183105469,80.66999816894531,80.66999816894531
22-01-2015,77.41999816894531,79.16000366210938,1228300,80.23999786376953,79.98999786376953,79.98999786376953
23-01-2015,79.5,79.5,1338200,81.06999969482422,80.05999755859375,80.05999755859375
26-01-2015,78.91000366210938,80.12000274658203,885600,80.19999694824219,80.02999877929688,80.02999877929688
27-01-2015,78.27999877929688,79.41000366210938,1168800,80.25,79.19000244140625,79.19000244140625
28-01-2015,77.0,79.79000091552734,2241800,79.79000091552734,77.08000183105469,77.08000183105469
29-01-2015,77.3499984741211,78.62000274658203,2892600,80.80000305175781,78.5,78.5
30-01-2015,76.79000091552734,78.0,1592600,78.06999969482422,77.16999816894531,77.16999816894531
02-02-2015,75.3499984741211,77.1500015258789,2098700,77.1500015258789,76.5,76.5
03-02-2015,76.62999725341797,77.0,2765000,77.55999755859375,77.41000366210938,77.41000366210938
04-02-2015,76.70999908447266,77.0,1449100,77.62999725341797,76.83999633789062,76.83999633789062
05-02-2015,76.87000274658203,77.02999877929688,1357200,77.94000244140625,77.23999786376953,77.23999786376953
06-02-2015,76.58000183105469,77.91000366210938,1800700,78.20999908447266,76.72000122070312,76.72000122070312
09-02-2015,75.81999969482422,76.30000305175781,2312500,76.80999755859375,76.16999816894531,76.16999816894531
10-02-2015,76.05000305175781,76.45999908447266,2453700,77.01000213623047,76.95999908447266,76.95999908447266
11-02-2015,77.01000213623047,77.05999755859375,1530400,77.62000274658203,77.18000030517578,77.18000030517578
12-02-2015,77.91999816894531,78.58999633789062,1768800,78.5999984741211,78.19999694824219,78.19999694824219
13-02-2015,78.83999633789062,79.05000305175781,1233000,80.43000030517578,80.33000183105469,80.33000183105469
17-02-2015,80.22000122070312,80.88999938964844,904400,80.98999786376953,80.73999786376953,80.73999786376953
18-02-2015,80.62000274658203,80.62000274658203,842100,81.55000305175781,81.29000091552734,81.29000091552734
19-02-2015,81.05000305175781,81.41000366210938,806300,82.31999969482422,82.0999984741211,82.0999984741211
20-02-2015,81.7300033569336,82.22000122070312,716800,82.55999755859375,82.4800033569336,82.4800033569336
23-02-2015,81.87000274658203,82.4800033569336,683600,82.69999694824219,82.38999938964844,82.38999938964844
24-02-2015,82.16000366210938,82.6500015258789,1811100,83.2300033569336,82.83999633789062,82.83999633789062
25-02-2015,82.94999694824219,82.94999694824219,955000,83.86000061035156,83.37999725341797,83.37999725341797
26-02-2015,83.04000091552734,83.31999969482422,1067100,84.58000183105469,83.91000366210938,83.91000366210938
27-02-2015,83.2300033569336,83.86000061035156,889400,84.18000030517578,83.48999786376953,83.48999786376953
02-03-2015,82.93000030517578,83.37000274658203,1197500,84.38999938964844,84.3499984741211,84.3499984741211
03-03-2015,83.12999725341797,84.19999694824219,714200,84.44999694824219,83.22000122070312,83.22000122070312
04-03-2015,82.0999984741211,83.20999908447266,780900,83.45999908447266,82.47000122070312,82.47000122070312
05-03-2015,81.83000183105469,82.2699966430664,707100,83.20999908447266,83.1500015258789,83.1500015258789
06-03-2015,81.88999938964844,83.16000366210938,802900,83.5999984741211,82.0,82.0
09-03-2015,81.2699966430664,82.2300033569336,783200,82.5999984741211,82.43000030517578,82.43000030517578
10-03-2015,81.75,81.88999938964844,1126900,82.55999755859375,82.02999877929688,82.02999877929688
11-03-2015,81.52999877929688,81.98999786376953,763200,82.55000305175781,81.62999725341797,81.62999725341797
12-03-2015,81.16000366210938,81.76000213623047,967600,82.23999786376953,81.45999908447266,81.45999908447266
13-03-2015,80.41999816894531,80.95999908447266,1082900,81.41999816894531,81.22000122070312,81.22000122070312
16-03-2015,81.26000213623047,81.30000305175781,1050000,83.2699966430664,83.08999633789062,83.08999633789062
17-03-2015,82.58999633789062,82.58999633789062,564800,83.69000244140625,83.45999908447266,83.45999908447266
18-03-2015,82.91999816894531,83.44000244140625,937100,85.13999938964844,84.5999984741211,84.5999984741211
19-03-2015,84.4000015258789,84.68000030517578,1470700,85.5999984741211,84.95999908447266,84.95999908447266
20-03-2015,85.08000183105469,86.0,1437700,86.0,85.12000274658203,85.12000274658203
23-03-2015,84.5199966430664,85.37999725341797,722100,85.45999908447266,84.69000244140625,84.69000244140625
24-03-2015,83.69999694824219,84.88999938964844,832700,85.23999786376953,83.77999877929688,83.77999877929688
25-03-2015,81.12999725341797,84.30000305175781,871000,84.48999786376953,81.37999725341797,81.37999725341797
26-03-2015,80.5,80.69000244140625,1283800,82.37000274658203,82.19000244140625,82.19000244140625
27-03-2015,81.76000213623047,82.37000274658203,665500,82.58999633789062,82.37000274658203,82.37000274658203
30-03-2015,82.43000030517578,82.98999786376953,819500,83.80999755859375,83.4800033569336,83.4800033569336
31-03-2015,81.97000122070312,83.25,692100,83.47000122070312,81.97000122070312,81.97000122070312
01-04-2015,81.22000122070312,81.81999969482422,733100,82.33000183105469,81.87000274658203,81.87000274658203
02-04-2015,81.58999633789062,81.80000305175781,580700,82.73999786376953,82.48999786376953,82.48999786376953
06-04-2015,81.58999633789062,81.70999908447266,621800,83.45999908447266,82.83999633789062,82.83999633789062
07-04-2015,83.0999984741211,83.25,610300,84.43000030517578,83.98999786376953,83.98999786376953
08-04-2015,83.61000061035156,83.62000274658203,857600,85.23999786376953,85.22000122070312,85.22000122070312
09-04-2015,84.29000091552734,85.37000274658203,913100,85.62000274658203,85.13999938964844,85.13999938964844
10-04-2015,84.5199966430664,85.58999633789062,1104500,85.7699966430664,84.93000030517578,84.93000030517578
13-04-2015,82.7300033569336,85.16999816894531,1603300,85.3499984741211,82.91000366210938,82.91000366210938
14-04-2015,82.94000244140625,83.0,1219700,83.80000305175781,83.7699966430664,83.7699966430664
15-04-2015,83.47000122070312,83.9800033569336,948500,84.8499984741211,84.62000274658203,84.62000274658203
16-04-2015,84.37999725341797,84.69999694824219,1275100,85.2699966430664,84.76000213623047,84.76000213623047
17-04-2015,81.25,83.5999984741211,2488400,83.97000122070312,81.75,81.75
20-04-2015,82.7699966430664,83.0,3090900,86.91999816894531,85.87999725341797,85.87999725341797
21-04-2015,85.9000015258789,87.5,2175500,88.18000030517578,86.69000244140625,86.69000244140625
22-04-2015,86.38999938964844,87.08999633789062,1117500,87.5,87.16999816894531,87.16999816894531
23-04-2015,86.37000274658203,86.91000366210938,1085800,87.69999694824219,87.12000274658203,87.12000274658203
24-04-2015,87.0199966430664,87.45999908447266,780500,87.93000030517578,87.55000305175781,87.55000305175781
27-04-2015,87.08000183105469,87.98999786376953,883600,88.13999938964844,87.37999725341797,87.37999725341797
28-04-2015,86.87000274658203,87.62999725341797,673300,87.79000091552734,87.31999969482422,87.31999969482422
29-04-2015,85.41999816894531,87.0,1303600,87.68000030517578,85.72000122070312,85.72000122070312
30-04-2015,83.38999938964844,85.37999725341797,1890600,86.0999984741211,83.4800033569336,83.4800033569336
01-05-2015,83.51000213623047,83.7699966430664,2280000,84.5199966430664,83.94999694824219,83.94999694824219
04-05-2015,83.9800033569336,84.27999877929688,2060300,84.68000030517578,83.98999786376953,83.98999786376953
05-05-2015,83.0999984741211,83.56999969482422,1502600,84.37999725341797,84.11000061035156,84.11000061035156
06-05-2015,83.8499984741211,84.55000305175781,1057000,84.72000122070312,84.54000091552734,84.54000091552734
07-05-2015,84.06999969482422,84.33999633789062,691600,85.3499984741211,85.01000213623047,85.01000213623047
08-05-2015,85.68000030517578,86.04000091552734,1124400,87.01000213623047,85.69999694824219,85.69999694824219
11-05-2015,84.5,84.94000244140625,1106500,86.44999694824219,86.25,86.25
12-05-2015,85.61000061035156,85.8499984741211,979500,86.5999984741211,86.01000213623047,86.01000213623047
13-05-2015,86.0199966430664,86.69000244140625,958000,87.12999725341797,86.9000015258789,86.9000015258789
14-05-2015,86.9000015258789,86.93000030517578,776700,88.06999969482422,88.02999877929688,88.02999877929688
15-05-2015,86.81999969482422,88.41999816894531,763900,88.48999786376953,86.86000061035156,86.86000061035156
18-05-2015,85.11000061035156,86.58000183105469,1055700,86.9000015258789,86.70999908447266,86.70999908447266
19-05-2015,86.6500015258789,87.11000061035156,740900,87.33999633789062,86.83000183105469,86.83000183105469
20-05-2015,86.41000366210938,86.86000061035156,1000800,87.9000015258789,87.36000061035156,87.36000061035156
21-05-2015,86.44000244140625,87.33999633789062,717100,87.33999633789062,86.69999694824219,86.69999694824219
22-05-2015,86.41999816894531,86.55000305175781,607500,87.5,87.22000122070312,87.22000122070312
26-05-2015,85.55999755859375,87.19999694824219,1341500,87.19999694824219,85.77999877929688,85.77999877929688
27-05-2015,82.2300033569336,84.23999786376953,3339700,84.5199966430664,83.83999633789062,83.83999633789062
28-05-2015,83.5,83.73999786376953,1702100,85.79000091552734,85.19000244140625,85.19000244140625
29-05-2015,83.62999725341797,85.30000305175781,933000,85.30000305175781,84.72000122070312,84.72000122070312
01-06-2015,84.08999633789062,85.44000244140625,861300,85.44000244140625,84.68000030517578,84.68000030517578
02-06-2015,83.36000061035156,84.61000061035156,1278500,84.66000366210938,83.62999725341797,83.62999725341797
03-06-2015,83.38999938964844,84.2300033569336,1353600,84.2300033569336,83.69999694824219,83.69999694824219
04-06-2015,83.18000030517578,83.76000213623047,989200,84.23999786376953,83.66000366210938,83.66000366210938
05-06-2015,82.94000244140625,83.9000015258789,1257900,84.56999969482422,83.79000091552734,83.79000091552734
08-06-2015,82.94000244140625,83.9800033569336,822700,84.25,83.20999908447266,83.20999908447266
09-06-2015,82.55000305175781,83.94000244140625,925300,83.94000244140625,83.58999633789062,83.58999633789062
10-06-2015,83.83000183105469,84.12000274658203,862300,84.9800033569336,84.7699966430664,84.7699966430664
11-06-2015,84.55000305175781,85.0,751300,85.30999755859375,84.77999877929688,84.77999877929688
12-06-2015,83.47000122070312,84.5999984741211,875000,84.8499984741211,83.70999908447266,83.70999908447266
15-06-2015,82.0999984741211,83.12000274658203,1244000,83.52999877929688,82.81999969482422,82.81999969482422
16-06-2015,82.62000274658203,82.87999725341797,760100,83.75,83.48999786376953,83.48999786376953
17-06-2015,83.37000274658203,83.83999633789062,1503800,84.36000061035156,83.95999908447266,83.95999908447266
18-06-2015,84.05000305175781,84.33999633789062,1260700,85.08000183105469,84.69999694824219,84.69999694824219
19-06-2015,83.68000030517578,84.7699966430664,1095700,85.19999694824219,83.7300033569336,83.7300033569336
22-06-2015,83.66999816894531,84.69000244140625,729900,84.81999969482422,83.94000244140625,83.94000244140625
23-06-2015,83.0999984741211,84.45999908447266,1215200,84.58999633789062,83.16000366210938,83.16000366210938
24-06-2015,80.94000244140625,83.12999725341797,2005600,83.12999725341797,81.54000091552734,81.54000091552734
25-06-2015,80.51000213623047,81.93000030517578,1539300,81.97000122070312,80.7300033569336,80.7300033569336
26-06-2015,79.44000244140625,80.70999908447266,1591400,80.91000366210938,79.66000366210938,79.66000366210938
29-06-2015,78.12000274658203,78.98999786376953,1214400,79.41000366210938,78.22000122070312,78.22000122070312
30-06-2015,78.4000015258789,78.63999938964844,1500400,80.18000030517578,79.55000305175781,79.55000305175781
01-07-2015,79.73999786376953,80.19999694824219,1169100,80.75,80.20999908447266,80.20999908447266
02-07-2015,79.86000061035156,79.87999725341797,994300,80.4800033569336,80.30999755859375,80.30999755859375
06-07-2015,79.12999725341797,79.5199966430664,1016900,80.36000061035156,79.79000091552734,79.79000091552734
07-07-2015,78.66999816894531,79.86000061035156,1611100,80.06999969482422,79.36000061035156,79.36000061035156
08-07-2015,78.5,78.87000274658203,1512100,79.33999633789062,78.69999694824219,78.69999694824219
09-07-2015,79.41999816894531,79.69999694824219,1995300,81.18000030517578,80.66000366210938,80.66000366210938
10-07-2015,80.0999984741211,81.29000091552734,2054400,81.86000061035156,80.9000015258789,80.9000015258789
13-07-2015,79.83000183105469,80.86000061035156,2559500,81.9800033569336,79.94000244140625,79.94000244140625
14-07-2015,79.91000366210938,79.94999694824219,1523800,80.72000122070312,80.12000274658203,80.12000274658203
15-07-2015,79.76000213623047,80.30000305175781,1360300,80.48999786376953,80.02999877929688,80.02999877929688
16-07-2015,78.37000274658203,79.77999877929688,2571200,79.79000091552734,78.6500015258789,78.6500015258789
17-07-2015,77.13999938964844,78.93000030517578,3144600,79.26000213623047,78.0,78.0
20-07-2015,76.81999969482422,78.2300033569336,2699400,78.5999984741211,77.0199966430664,77.0199966430664
21-07-2015,76.87999725341797,76.87999725341797,3629300,78.95999908447266,78.73999786376953,78.73999786376953
22-07-2015,82.19000244140625,84.44000244140625,5769700,86.70999908447266,84.2300033569336,84.2300033569336
23-07-2015,84.04000091552734,84.48999786376953,2336800,85.54000091552734,84.0999984741211,84.0999984741211
24-07-2015,82.72000122070312,83.47000122070312,1269500,84.27999877929688,83.55000305175781,83.55000305175781
27-07-2015,81.91000366210938,82.58999633789062,1199500,83.5,82.22000122070312,82.22000122070312
28-07-2015,81.63999938964844,82.16000366210938,1462800,83.04000091552734,82.69000244140625,82.69000244140625
29-07-2015,80.79000091552734,82.30999755859375,1868300,82.58999633789062,81.3499984741211,81.3499984741211
30-07-2015,79.98999786376953,81.23999786376953,1790700,81.23999786376953,80.08000183105469,80.08000183105469
31-07-2015,79.97000122070312,80.7300033569336,1360300,83.30000305175781,80.7699966430664,80.7699966430664
03-08-2015,79.3499984741211,80.80999755859375,904000,80.80999755859375,79.81999969482422,79.81999969482422
04-08-2015,79.27999877929688,79.5999984741211,1855000,81.91000366210938,81.62999725341797,81.62999725341797
05-08-2015,81.26000213623047,81.4000015258789,1284700,82.86000061035156,82.18000030517578,82.18000030517578
06-08-2015,81.2300033569336,82.05000305175781,1811800,82.98999786376953,81.25,81.25
07-08-2015,80.05000305175781,81.48999786376953,793200,81.54000091552734,80.86000061035156,80.86000061035156
10-08-2015,81.30000305175781,81.5999984741211,1344100,82.97000122070312,82.58999633789062,82.58999633789062
11-08-2015,80.12999725341797,81.91000366210938,1318800,82.54000091552734,81.29000091552734,81.29000091552734
12-08-2015,80.02999877929688,80.36000061035156,1055400,81.2300033569336,80.77999877929688,80.77999877929688
13-08-2015,80.23999786376953,80.52999877929688,705800,81.11000061035156,80.48999786376953,80.48999786376953
14-08-2015,79.9000015258789,79.94000244140625,687700,80.98999786376953,80.81999969482422,80.81999969482422
17-08-2015,80.05999755859375,80.55000305175781,1133800,82.30000305175781,82.20999908447266,82.20999908447266
18-08-2015,81.94000244140625,82.18000030517578,1049000,82.98999786376953,82.54000091552734,82.54000091552734
19-08-2015,80.88999938964844,81.87999725341797,561600,82.04000091552734,81.13999938964844,81.13999938964844
20-08-2015,79.6500015258789,80.55000305175781,1141400,80.94000244140625,79.88999938964844,79.88999938964844
21-08-2015,76.86000061035156,78.61000061035156,1606800,80.0,76.9000015258789,76.9000015258789
24-08-2015,65.08999633789062,72.26000213623047,2476600,77.19999694824219,74.79000091552734,74.79000091552734
25-08-2015,75.19000244140625,76.97000122070312,3000300,78.6500015258789,77.5999984741211,77.5999984741211
26-08-2015,77.63999938964844,79.8499984741211,2006200,80.13999938964844,79.5199966430664,79.5199966430664
27-08-2015,78.27999877929688,79.83000183105469,1775200,80.62000274658203,79.61000061035156,79.61000061035156
28-08-2015,78.26000213623047,79.36000061035156,1179400,79.7699966430664,78.86000061035156,78.86000061035156
31-08-2015,77.5999984741211,78.27999877929688,1358500,78.61000061035156,78.01000213623047,78.01000213623047
01-09-2015,76.30999755859375,76.73999786376953,2065800,78.2300033569336,77.23999786376953,77.23999786376953
02-09-2015,77.0999984741211,77.58000183105469,1647700,78.37000274658203,78.3499984741211,78.3499984741211
03-09-2015,77.91999816894531,78.93000030517578,1108700,78.94000244140625,78.08999633789062,78.08999633789062
04-09-2015,76.94000244140625,76.98999786376953,1479300,78.38999938964844,77.61000061035156,77.61000061035156
08-09-2015,77.29000091552734,78.52999877929688,934700,78.8499984741211,78.29000091552734,78.29000091552734
09-09-2015,77.5,79.0199966430664,898400,79.19000244140625,77.7300033569336,77.7300033569336
10-09-2015,77.44999694824219,77.44999694824219,975200,79.12999725341797,78.7300033569336,78.7300033569336
11-09-2015,77.91999816894531,78.5,986200,79.43000030517578,79.18000030517578,79.18000030517578
14-09-2015,78.11000061035156,79.12999725341797,651100,79.36000061035156,78.66000366210938,78.66000366210938
15-09-2015,78.5999984741211,78.6500015258789,861100,79.80000305175781,79.51000213623047,79.51000213623047
16-09-2015,78.5999984741211,79.16999816894531,741300,79.80999755859375,79.54000091552734,79.54000091552734
17-09-2015,79.30000305175781,79.6500015258789,744000,80.33999633789062,79.56999969482422,79.56999969482422
18-09-2015,78.69000244140625,78.87000274658203,1190700,80.08999633789062,79.9000015258789,79.9000015258789
21-09-2015,79.80000305175781,80.45999908447266,1027900,81.25,80.58999633789062,80.58999633789062
22-09-2015,79.3499984741211,79.9800033569336,1043300,80.47000122070312,80.05000305175781,80.05000305175781
23-09-2015,79.58999633789062,79.5999984741211,770300,80.79000091552734,80.08999633789062,80.08999633789062
24-09-2015,78.70999908447266,79.3499984741211,1821600,79.55000305175781,79.37000274658203,79.37000274658203
25-09-2015,79.19999694824219,80.12999725341797,958800,80.44000244140625,79.63999938964844,79.63999938964844
28-09-2015,78.27999877929688,79.1500015258789,963500,79.58999633789062,78.51000213623047,78.51000213623047
29-09-2015,78.11000061035156,78.4800033569336,1159300,79.22000122070312,78.80999755859375,78.80999755859375
30-09-2015,77.62999725341797,79.23999786376953,1291400,79.69999694824219,79.33000183105469,79.33000183105469
01-10-2015,79.08000183105469,79.63999938964844,1967600,80.19999694824219,79.94999694824219,79.94999694824219
02-10-2015,78.62999725341797,79.37999725341797,1905200,80.55999755859375,80.5199966430664,80.5199966430664
05-10-2015,80.33000183105469,80.70999908447266,1532400,82.94000244140625,82.36000061035156,82.36000061035156
06-10-2015,78.47000122070312,82.18000030517578,1540600,82.41000366210938,80.37000274658203,80.37000274658203
07-10-2015,79.45999908447266,80.5999984741211,1213000,80.91000366210938,79.98999786376953,79.98999786376953
08-10-2015,78.75,79.48999786376953,979900,80.05000305175781,79.69000244140625,79.69000244140625
09-10-2015,78.69999694824219,79.5999984741211,1079300,80.7699966430664,79.4800033569336,79.4800033569336
12-10-2015,79.20999908447266,79.62999725341797,506200,80.43000030517578,80.1500015258789,80.1500015258789
13-10-2015,78.98999786376953,80.0199966430664,808900,80.23999786376953,79.02999877929688,79.02999877929688
14-10-2015,78.27999877929688,78.80999755859375,1185200,79.54000091552734,78.55000305175781,78.55000305175781
15-10-2015,78.61000061035156,78.81999969482422,1135800,80.13999938964844,79.72000122070312,79.72000122070312
16-10-2015,79.7300033569336,80.04000091552734,1256800,81.0199966430664,80.9000015258789,80.9000015258789
19-10-2015,80.26000213623047,81.0,1106800,81.0,80.58999633789062,80.58999633789062
20-10-2015,80.58000183105469,80.6500015258789,876600,81.55000305175781,81.30999755859375,81.30999755859375
21-10-2015,80.08000183105469,81.98999786376953,1629000,81.98999786376953,80.18000030517578,80.18000030517578
22-10-2015,80.05999755859375,80.55999755859375,1211900,82.33999633789062,82.04000091552734,82.04000091552734
23-10-2015,79.4000015258789,81.31999969482422,3019900,82.5,80.43000030517578,80.43000030517578
26-10-2015,77.73999786376953,82.2300033569336,2674100,82.2300033569336,80.9800033569336,80.9800033569336
27-10-2015,80.5199966430664,80.58000183105469,1870800,83.04000091552734,83.0199966430664,83.0199966430664
28-10-2015,83.02999877929688,83.4800033569336,2530500,85.13999938964844,84.80999755859375,84.80999755859375
29-10-2015,84.08000183105469,84.4000015258789,1326700,85.0199966430664,84.68000030517578,84.68000030517578
30-10-2015,84.63999938964844,85.0,1269700,85.0999984741211,84.94000244140625,84.94000244140625
02-11-2015,83.62000274658203,85.41000366210938,1654900,85.62000274658203,84.37000274658203,84.37000274658203
03-11-2015,83.61000061035156,84.0999984741211,1139300,84.73999786376953,84.38999938964844,84.38999938964844
04-11-2015,83.6500015258789,84.58999633789062,1085700,84.9800033569336,83.80000305175781,83.80000305175781
05-11-2015,81.48999786376953,83.38999938964844,1808200,83.4000015258789,81.80000305175781,81.80000305175781
06-11-2015,81.22000122070312,81.93000030517578,1877800,83.79000091552734,83.66999816894531,83.66999816894531
09-11-2015,80.68000030517578,82.83999633789062,1344000,83.19999694824219,81.76000213623047,81.76000213623047
10-11-2015,81.70999908447266,81.70999908447266,1147400,82.75,82.52999877929688,82.52999877929688
11-11-2015,81.93000030517578,83.0999984741211,732900,83.2300033569336,82.11000061035156,82.11000061035156
12-11-2015,81.41000366210938,81.93000030517578,970800,83.25,82.33999633789062,82.33999633789062
13-11-2015,80.75,81.9000015258789,1052300,82.68000030517578,80.83000183105469,80.83000183105469
16-11-2015,80.30999755859375,81.0,1092200,81.63999938964844,81.43000030517578,81.43000030517578
17-11-2015,81.58000183105469,81.86000061035156,1033100,83.25,82.58999633789062,82.58999633789062
18-11-2015,80.55999755859375,82.25,1855100,82.68000030517578,81.43000030517578,81.43000030517578
19-11-2015,80.91000366210938,81.05000305175781,1631100,83.83999633789062,83.5999984741211,83.5999984741211
20-11-2015,83.44999694824219,84.05000305175781,1309600,85.11000061035156,84.44999694824219,84.44999694824219
23-11-2015,83.48999786376953,84.05000305175781,1286900,84.5999984741211,84.4000015258789,84.4000015258789
24-11-2015,83.37999725341797,83.75,1113300,84.47000122070312,84.30999755859375,84.30999755859375
25-11-2015,84.44000244140625,84.62000274658203,1628700,86.0199966430664,85.86000061035156,85.86000061035156
27-11-2015,85.56999969482422,85.56999969482422,1131300,86.88999938964844,86.41999816894531,86.41999816894531
30-11-2015,85.5,85.80999755859375,7990900,87.30000305175781,87.29000091552734,87.29000091552734
01-12-2015,85.66000366210938,86.83000183105469,2027900,87.45999908447266,86.5,86.5
02-12-2015,85.20999908447266,85.66000366210938,1642600,87.9800033569336,86.93000030517578,86.93000030517578
03-12-2015,84.1500015258789,86.43000030517578,1759500,87.2699966430664,84.69999694824219,84.69999694824219
04-12-2015,84.30000305175781,84.5199966430664,944200,87.2699966430664,86.91000366210938,86.91000366210938
07-12-2015,85.91999816894531,86.25,719600,87.47000122070312,86.44999694824219,86.44999694824219
08-12-2015,85.22000122070312,85.75,1182700,87.02999877929688,86.62999725341797,86.62999725341797
09-12-2015,85.01000213623047,86.52999877929688,1171200,86.58999633789062,85.29000091552734,85.29000091552734
10-12-2015,84.47000122070312,85.37999725341797,1499000,85.51000213623047,84.80000305175781,84.80000305175781
11-12-2015,83.83000183105469,83.83000183105469,1022100,85.0199966430664,84.30999755859375,84.30999755859375
14-12-2015,83.52999877929688,83.61000061035156,1608100,85.29000091552734,85.23999786376953,85.23999786376953
15-12-2015,85.25,85.3499984741211,2247500,87.51000213623047,86.97000122070312,86.97000122070312
16-12-2015,85.41999816894531,87.36000061035156,1578600,87.36000061035156,86.51000213623047,86.51000213623047
17-12-2015,82.4000015258789,86.87000274658203,2531800,86.88999938964844,82.68000030517578,82.68000030517578
18-12-2015,80.54000091552734,82.5,2924100,83.31999969482422,80.62000274658203,80.62000274658203
21-12-2015,80.97000122070312,81.61000061035156,1005700,81.7300033569336,81.70999908447266,81.70999908447266
22-12-2015,81.79000091552734,82.2300033569336,1063400,82.98999786376953,82.66000366210938,82.66000366210938
23-12-2015,82.05999755859375,83.37000274658203,711300,83.38999938964844,82.3499984741211,82.3499984741211
24-12-2015,82.0999984741211,82.55999755859375,232300,82.95999908447266,82.5999984741211,82.5999984741211
28-12-2015,81.9800033569336,81.9800033569336,729500,82.83000183105469,82.54000091552734,82.54000091552734
29-12-2015,83.06999969482422,83.27999877929688,1003700,84.1500015258789,83.66000366210938,83.66000366210938
30-12-2015,82.25,83.75,872600,83.98999786376953,82.36000061035156,82.36000061035156
31-12-2015,81.37000274658203,82.16999816894531,820900,82.51000213623047,81.37999725341797,81.37999725341797
04-01-2016,78.4800033569336,78.91000366210938,3022800,79.95999908447266,79.4800033569336,79.4800033569336
05-01-2016,78.51000213623047,80.05999755859375,1931100,80.52999877929688,79.08000183105469,79.08000183105469
06-01-2016,76.93000030517578,77.73999786376953,1920300,78.77999877929688,77.77999877929688,77.77999877929688
07-01-2016,76.05000305175781,76.37999725341797,1676900,78.20999908447266,77.51000213623047,77.51000213623047
08-01-2016,76.58999633789062,77.72000122070312,1442500,78.4000015258789,76.70999908447266,76.70999908447266
11-01-2016,76.25,77.20999908447266,1146400,77.81999969482422,76.98999786376953,76.98999786376953
12-01-2016,76.73999786376953,77.5199966430664,2678800,79.4800033569336,78.75,78.75
13-01-2016,76.88999938964844,79.29000091552734,2410400,80.48999786376953,76.94999694824219,76.94999694824219
14-01-2016,75.4000015258789,76.94000244140625,1512600,77.98999786376953,77.62999725341797,77.62999725341797
15-01-2016,74.0999984741211,75.12999725341797,2037100,76.30000305175781,75.94999694824219,75.94999694824219
19-01-2016,75.29000091552734,77.04000091552734,2039100,77.55000305175781,75.91999816894531,75.91999816894531
20-01-2016,71.63999938964844,74.44000244140625,3990700,75.11000061035156,74.55000305175781,74.55000305175781
21-01-2016,72.44000244140625,74.55999755859375,2744200,74.8499984741211,72.76000213623047,72.76000213623047
22-01-2016,73.27999877929688,74.7699966430664,1876400,75.94999694824219,75.43000030517578,75.43000030517578
25-01-2016,75.22000122070312,75.41000366210938,2446500,76.29000091552734,75.44999694824219,75.44999694824219
26-01-2016,74.0,76.45999908447266,1530100,76.62999725341797,76.05000305175781,76.05000305175781
27-01-2016,74.75,76.0999984741211,2077600,76.30000305175781,75.19999694824219,75.19999694824219
28-01-2016,75.73999786376953,78.94000244140625,3182300,79.94999694824219,76.83999633789062,76.83999633789062
29-01-2016,77.12000274658203,77.19000244140625,2373000,78.83999633789062,78.80999755859375,78.80999755859375
01-02-2016,78.33999633789062,79.55000305175781,2020500,80.94999694824219,80.62999725341797,80.62999725341797
02-02-2016,78.30999755859375,79.80000305175781,1383100,80.33999633789062,78.58000183105469,78.58000183105469
03-02-2016,78.38999938964844,80.02999877929688,1852600,80.23999786376953,79.7699966430664,79.7699966430664
04-02-2016,78.48999786376953,79.72000122070312,1353100,79.72000122070312,79.69000244140625,79.69000244140625
05-02-2016,77.06999969482422,79.0,1699100,79.0,78.0199966430664,78.0199966430664
08-02-2016,75.19999694824219,76.72000122070312,1992600,77.48999786376953,76.91000366210938,76.91000366210938
09-02-2016,75.19999694824219,75.41000366210938,1518900,77.93000030517578,76.69000244140625,76.69000244140625
10-02-2016,76.91000366210938,77.31999969482422,1270500,78.88999938964844,77.33000183105469,77.33000183105469
11-02-2016,75.5,75.93000030517578,1265000,78.4800033569336,77.91000366210938,77.91000366210938
12-02-2016,77.04000091552734,78.08999633789062,1430900,78.77999877929688,78.66999816894531,78.66999816894531
16-02-2016,79.2699966430664,79.86000061035156,1420400,80.9000015258789,80.4000015258789,80.4000015258789
17-02-2016,80.19000244140625,80.79000091552734,1214800,81.5,81.38999938964844,81.38999938964844
18-02-2016,80.38999938964844,81.73999786376953,1532700,81.80000305175781,81.45999908447266,81.45999908447266
19-02-2016,80.83999633789062,81.18000030517578,1888400,81.75,81.61000061035156,81.61000061035156
22-02-2016,81.83000183105469,82.26000213623047,1917200,83.13999938964844,82.30999755859375,82.30999755859375
23-02-2016,81.6500015258789,82.38999938964844,1110100,82.58999633789062,82.0,82.0
24-02-2016,81.19000244140625,81.31999969482422,853500,82.9800033569336,82.80000305175781,82.80000305175781
25-02-2016,82.01000213623047,83.23999786376953,1070500,83.6500015258789,83.62000274658203,83.62000274658203
26-02-2016,82.05999755859375,84.51000213623047,1377300,84.62999725341797,82.68000030517578,82.68000030517578
29-02-2016,82.30999755859375,82.94000244140625,1686300,84.55999755859375,83.06999969482422,83.06999969482422
01-03-2016,83.48999786376953,83.91999816894531,1564400,85.0,84.69000244140625,84.69000244140625
02-03-2016,83.5,84.5,1110600,84.98999786376953,83.9800033569336,83.9800033569336
03-03-2016,82.91999816894531,85.2300033569336,1156500,85.25,85.19000244140625,85.19000244140625
04-03-2016,84.19000244140625,85.51000213623047,2403400,85.5199966430664,84.3499984741211,84.3499984741211
07-03-2016,82.94000244140625,84.30000305175781,1356000,84.4800033569336,83.4000015258789,83.4000015258789
08-03-2016,82.5199966430664,82.7699966430664,1068000,83.80999755859375,83.0999984741211,83.0999984741211
09-03-2016,83.20999908447266,83.72000122070312,826700,84.26000213623047,83.77999877929688,83.77999877929688
10-03-2016,81.9000015258789,84.58000183105469,1040100,84.58000183105469,82.9000015258789,82.9000015258789
11-03-2016,81.80000305175781,82.73999786376953,1878300,83.27999877929688,83.0,83.0
14-03-2016,81.9800033569336,82.93000030517578,1238200,83.04000091552734,82.26000213623047,82.26000213623047
15-03-2016,81.77999877929688,82.04000091552734,1100500,82.61000061035156,82.41999816894531,82.41999816894531
16-03-2016,81.7699966430664,81.77999877929688,1106600,83.38999938964844,82.9000015258789,82.9000015258789
17-03-2016,82.0,82.55000305175781,1260200,83.3499984741211,82.54000091552734,82.54000091552734
18-03-2016,81.83000183105469,82.83000183105469,1856200,83.38999938964844,82.9800033569336,82.9800033569336
21-03-2016,82.77999877929688,83.3499984741211,1259800,83.55000305175781,83.25,83.25
22-03-2016,82.88999938964844,82.9000015258789,1356500,83.61000061035156,83.3499984741211,83.3499984741211
23-03-2016,82.95999908447266,83.48999786376953,1070900,83.73999786376953,83.19000244140625,83.19000244140625
24-03-2016,82.27999877929688,82.86000061035156,610500,83.36000061035156,82.83000183105469,82.83000183105469
28-03-2016,82.27999877929688,82.91000366210938,581000,83.44999694824219,83.13999938964844,83.13999938964844
29-03-2016,83.0,83.0,521900,84.0199966430664,83.83000183105469,83.83000183105469
30-03-2016,84.11000061035156,84.72000122070312,1868900,86.56999969482422,86.33999633789062,86.33999633789062
31-03-2016,85.6500015258789,85.77999877929688,2312100,87.9800033569336,87.47000122070312,87.47000122070312
01-04-2016,85.88999938964844,86.80000305175781,910100,86.83999633789062,86.7699966430664,86.7699966430664
04-04-2016,85.5,87.05999755859375,1259700,87.05999755859375,85.70999908447266,85.70999908447266
05-04-2016,84.48999786376953,84.80999755859375,1112600,85.3499984741211,84.7699966430664,84.7699966430664
06-04-2016,84.76000213623047,85.30999755859375,978500,86.47000122070312,86.29000091552734,86.29000091552734
07-04-2016,85.30999755859375,86.69999694824219,1362700,87.37999725341797,85.63999938964844,85.63999938964844
08-04-2016,84.7699966430664,85.91999816894531,826000,86.12000274658203,85.13999938964844,85.13999938964844
11-04-2016,84.83000183105469,84.94999694824219,698100,85.97000122070312,84.91000366210938,84.91000366210938
12-04-2016,84.05999755859375,85.0999984741211,1382000,86.30999755859375,85.5199966430664,85.5199966430664
13-04-2016,85.87000274658203,85.87999725341797,1836000,88.22000122070312,88.06999969482422,88.06999969482422
14-04-2016,87.51000213623047,87.9000015258789,2421500,89.19999694824219,88.33000183105469,88.33000183105469
15-04-2016,88.0999984741211,88.5,1353500,89.06999969482422,88.4000015258789,88.4000015258789
18-04-2016,87.47000122070312,87.77999877929688,1734600,89.91999816894531,89.66000366210938,89.66000366210938
19-04-2016,87.87000274658203,89.93000030517578,2526100,89.9800033569336,88.87999725341797,88.87999725341797
20-04-2016,83.01000213623047,83.7300033569336,5539600,86.66000366210938,86.05999755859375,86.05999755859375
21-04-2016,84.12000274658203,86.79000091552734,2966200,86.79000091552734,84.22000122070312,84.22000122070312
22-04-2016,82.0999984741211,83.29000091552734,2476400,84.38999938964844,82.93000030517578,82.93000030517578
25-04-2016,82.62000274658203,82.93000030517578,1661400,84.37999725341797,84.33999633789062,84.33999633789062
26-04-2016,83.13999938964844,84.47000122070312,1239100,84.68000030517578,83.83000183105469,83.83000183105469
27-04-2016,83.02999877929688,83.33999633789062,1227100,84.5999984741211,83.5,83.5
28-04-2016,82.41000366210938,83.56999969482422,838700,84.12999725341797,82.5999984741211,82.5999984741211
29-04-2016,81.77999877929688,82.41999816894531,888600,84.29000091552734,82.87000274658203,82.87000274658203
02-05-2016,82.01000213623047,82.77999877929688,1381300,83.18000030517578,82.79000091552734,82.79000091552734
03-05-2016,81.44999694824219,82.68000030517578,1099700,82.7300033569336,82.16000366210938,82.16000366210938
04-05-2016,81.06999969482422,81.55000305175781,1213100,82.33000183105469,82.01000213623047,82.01000213623047
05-05-2016,81.66000366210938,82.01000213623047,631300,82.41999816894531,81.8499984741211,81.8499984741211
06-05-2016,80.45999908447266,81.01000213623047,815400,81.9000015258789,81.88999938964844,81.88999938964844
09-05-2016,81.83000183105469,83.12999725341797,1032700,83.12999725341797,82.4800033569336,82.4800033569336
10-05-2016,81.25,81.25,1420100,82.7699966430664,82.5,82.5
11-05-2016,81.19999694824219,82.5999984741211,1409000,82.91999816894531,81.20999908447266,81.20999908447266
12-05-2016,81.13999938964844,81.72000122070312,729500,82.36000061035156,81.62000274658203,81.62000274658203
13-05-2016,81.63999938964844,81.87000274658203,1170800,83.19999694824219,82.41999816894531,82.41999816894531
16-05-2016,82.56999969482422,82.87000274658203,967600,83.62999725341797,82.98999786376953,82.98999786376953
17-05-2016,82.20999908447266,83.0,828200,83.56999969482422,82.5199966430664,82.5199966430664
18-05-2016,82.2300033569336,82.26000213623047,804100,83.7300033569336,83.20999908447266,83.20999908447266
19-05-2016,81.72000122070312,82.6500015258789,1311100,83.2699966430664,82.37000274658203,82.37000274658203
20-05-2016,82.41000366210938,82.54000091552734,1367000,83.79000091552734,83.44999694824219,83.44999694824219
23-05-2016,83.26000213623047,83.26000213623047,1125800,84.31999969482422,83.4000015258789,83.4000015258789
24-05-2016,83.73999786376953,83.87999725341797,1446600,86.12999725341797,86.05999755859375,86.05999755859375
25-05-2016,85.63999938964844,86.22000122070312,1446400,86.45999908447266,85.93000030517578,85.93000030517578
26-05-2016,85.25,85.93000030517578,1263000,86.12000274658203,85.80999755859375,85.80999755859375
27-05-2016,82.73999786376953,84.23999786376953,2580400,84.55000305175781,83.5999984741211,83.5999984741211
31-05-2016,82.6500015258789,83.48999786376953,7987900,85.02999877929688,84.97000122070312,84.97000122070312
01-06-2016,83.52999877929688,84.5,1391400,84.83999633789062,84.80000305175781,84.80000305175781
02-06-2016,84.4800033569336,84.70999908447266,1268100,86.0199966430664,85.7699966430664,85.7699966430664
03-06-2016,84.29000091552734,85.2300033569336,1085100,85.45999908447266,84.97000122070312,84.97000122070312
06-06-2016,84.76000213623047,85.01000213623047,1346400,85.41999816894531,85.30000305175781,85.30000305175781
07-06-2016,84.69000244140625,85.31999969482422,1201700,85.68000030517578,84.7699966430664,84.7699966430664
08-06-2016,84.80000305175781,84.80000305175781,1337100,85.66999816894531,85.58999633789062,85.58999633789062
09-06-2016,84.95999908447266,85.6500015258789,879400,85.81999969482422,85.19999694824219,85.19999694824219
10-06-2016,84.0,84.55000305175781,926000,84.9000015258789,84.4000015258789,84.4000015258789
13-06-2016,83.45999908447266,83.83999633789062,594900,85.01000213623047,84.4000015258789,84.4000015258789
14-06-2016,83.43000030517578,83.63999938964844,751700,84.4800033569336,84.33000183105469,84.33000183105469
15-06-2016,84.1500015258789,84.37000274658203,793800,84.88999938964844,84.27999877929688,84.27999877929688
16-06-2016,81.06999969482422,82.4000015258789,2714700,82.93000030517578,81.69999694824219,81.69999694824219
17-06-2016,80.79000091552734,81.95999908447266,2111000,82.0,81.1500015258789,81.1500015258789
20-06-2016,80.80999755859375,81.54000091552734,1930400,81.91000366210938,81.23999786376953,81.23999786376953
21-06-2016,81.06999969482422,81.5,1075300,81.8499984741211,81.5199966430664,81.5199966430664
22-06-2016,80.91000366210938,81.41999816894531,1013300,82.0,80.9800033569336,80.9800033569336
23-06-2016,81.33999633789062,81.75,1264800,82.0199966430664,81.9800033569336,81.9800033569336
24-06-2016,78.11000061035156,79.01000213623047,1735300,80.69999694824219,78.16999816894531,78.16999816894531
27-06-2016,76.58000183105469,77.48999786376953,1758600,77.80999755859375,77.06999969482422,77.06999969482422
28-06-2016,76.9000015258789,78.2699966430664,1592300,78.5,77.4000015258789,77.4000015258789
29-06-2016,76.5199966430664,77.87999725341797,2807900,78.16999816894531,77.98999786376953,77.98999786376953
30-06-2016,77.8499984741211,78.11000061035156,2011200,79.87999725341797,79.68000030517578,79.68000030517578
01-07-2016,79.19999694824219,80.0,1238200,80.23999786376953,79.62000274658203,79.62000274658203
05-07-2016,78.54000091552734,79.0,1243800,79.9000015258789,79.73999786376953,79.73999786376953
06-07-2016,79.11000061035156,79.26000213623047,2788400,81.91000366210938,81.62999725341797,81.62999725341797
07-07-2016,81.2699966430664,81.4800033569336,1599700,81.98999786376953,81.86000061035156,81.86000061035156
08-07-2016,81.97000122070312,82.05999755859375,1276000,83.19999694824219,83.1500015258789,83.1500015258789
11-07-2016,81.41000366210938,82.0999984741211,1325100,82.80000305175781,82.4800033569336,82.4800033569336
12-07-2016,81.20999908447266,82.44999694824219,2536100,82.45999908447266,81.44999694824219,81.44999694824219
13-07-2016,80.86000061035156,81.76000213623047,1209300,82.23999786376953,81.91999816894531,81.91999816894531
14-07-2016,81.55000305175781,82.19000244140625,1022100,82.41999816894531,81.66999816894531,81.66999816894531
15-07-2016,81.0999984741211,82.1500015258789,907000,82.37000274658203,81.16000366210938,81.16000366210938
18-07-2016,81.16000366210938,81.58000183105469,928700,82.48999786376953,81.97000122070312,81.97000122070312
19-07-2016,80.91999816894531,81.51000213623047,876700,82.19999694824219,81.19000244140625,81.19000244140625
20-07-2016,81.05999755859375,81.97000122070312,1035800,82.73999786376953,82.26000213623047,82.26000213623047
21-07-2016,81.1500015258789,81.9000015258789,882800,82.16999816894531,81.3499984741211,81.3499984741211
22-07-2016,80.93000030517578,81.66999816894531,1636700,81.81999969482422,81.7300033569336,81.7300033569336
25-07-2016,81.73999786376953,81.81999969482422,2926600,84.0,83.63999938964844,83.63999938964844
26-07-2016,78.38999938964844,79.5,4574800,81.97000122070312,80.52999877929688,80.52999877929688
27-07-2016,78.05999755859375,80.37999725341797,2828300,80.37999725341797,78.0999984741211,78.0999984741211
28-07-2016,77.63999938964844,78.19999694824219,2030800,78.31999969482422,77.91000366210938,77.91000366210938
29-07-2016,76.41000366210938,77.69999694824219,2096700,78.19000244140625,76.87999725341797,76.87999725341797
01-08-2016,75.95999908447266,76.87999725341797,2816100,77.54000091552734,76.08999633789062,76.08999633789062
02-08-2016,74.80000305175781,75.86000061035156,3183100,75.88999938964844,75.05000305175781,75.05000305175781
03-08-2016,74.5,74.94000244140625,2025300,75.83999633789062,75.5999984741211,75.5999984741211
04-08-2016,75.27999877929688,75.80999755859375,1621700,75.94000244140625,75.88999938964844,75.88999938964844
05-08-2016,75.8499984741211,76.0999984741211,1206200,76.72000122070312,75.87999725341797,75.87999725341797
08-08-2016,75.05999755859375,76.20999908447266,1421900,76.25,75.0999984741211,75.0999984741211
09-08-2016,74.61000061035156,75.29000091552734,2373000,75.44000244140625,74.91000366210938,74.91000366210938
10-08-2016,74.37999725341797,74.88999938964844,1104500,75.23999786376953,74.5999984741211,74.5999984741211
11-08-2016,74.69000244140625,74.7699966430664,1689500,75.20999908447266,75.18000030517578,75.18000030517578
12-08-2016,74.76000213623047,74.87000274658203,1132100,75.23999786376953,74.83000183105469,74.83000183105469
15-08-2016,74.75,74.87000274658203,2148000,75.56999969482422,75.31999969482422,75.31999969482422
16-08-2016,74.51000213623047,75.30999755859375,1758400,75.69999694824219,75.12000274658203,75.12000274658203
17-08-2016,74.51000213623047,75.4000015258789,1357900,75.41999816894531,74.81999969482422,74.81999969482422
18-08-2016,74.9000015258789,75.04000091552734,1987900,76.06999969482422,75.91000366210938,75.91000366210938
19-08-2016,75.5,75.70999908447266,1964000,76.72000122070312,75.97000122070312,75.97000122070312
22-08-2016,75.30000305175781,75.86000061035156,1593200,75.97000122070312,75.4000015258789,75.4000015258789
23-08-2016,75.13999938964844,75.97000122070312,1102000,76.23999786376953,76.19000244140625,76.19000244140625
24-08-2016,75.37000274658203,75.7300033569336,1102000,76.5,76.05000305175781,76.05000305175781
25-08-2016,75.6500015258789,75.98999786376953,785900,76.41000366210938,75.94000244140625,75.94000244140625
26-08-2016,75.94000244140625,76.1500015258789,2233000,77.44999694824219,77.33000183105469,77.33000183105469
29-08-2016,76.08999633789062,77.0199966430664,1061300,77.31999969482422,76.22000122070312,76.22000122070312
30-08-2016,75.80999755859375,76.27999877929688,920900,76.69000244140625,76.0199966430664,76.0199966430664
31-08-2016,75.30999755859375,76.2300033569336,2514900,77.04000091552734,76.73999786376953,76.73999786376953
01-09-2016,76.25,76.68000030517578,1426800,77.18000030517578,76.95999908447266,76.95999908447266
02-09-2016,76.79000091552734,77.45999908447266,1565800,78.13999938964844,77.9800033569336,77.9800033569336
06-09-2016,77.66000366210938,78.31999969482422,1763300,79.0,77.75,77.75
07-09-2016,77.48999786376953,77.62000274658203,656300,77.81999969482422,77.63999938964844,77.63999938964844
08-09-2016,76.62999725341797,77.58999633789062,1700700,77.61000061035156,76.68000030517578,76.68000030517578
09-09-2016,76.05999755859375,76.30999755859375,2278900,77.33000183105469,76.7699966430664,76.7699966430664
12-09-2016,75.0,75.0,1596000,77.5999984741211,77.45999908447266,77.45999908447266
13-09-2016,76.5,76.55000305175781,1698200,77.48999786376953,76.76000213623047,76.76000213623047
14-09-2016,75.02999877929688,76.2300033569336,2165300,76.86000061035156,75.04000091552734,75.04000091552734
15-09-2016,74.62000274658203,74.8499984741211,1577300,75.76000213623047,75.51000213623047,75.51000213623047
16-09-2016,74.81999969482422,75.73999786376953,1399300,75.73999786376953,75.0,75.0
19-09-2016,74.80999755859375,75.58000183105469,1419000,75.58000183105469,75.02999877929688,75.02999877929688
20-09-2016,74.54000091552734,75.05999755859375,816100,75.37000274658203,74.80999755859375,74.80999755859375
21-09-2016,74.93000030517578,75.05000305175781,1024600,76.0,75.88999938964844,75.88999938964844
22-09-2016,75.87999725341797,76.0,842300,76.56999969482422,76.05000305175781,76.05000305175781
23-09-2016,75.41000366210938,76.23999786376953,2076800,76.66999816894531,75.69999694824219,75.69999694824219
26-09-2016,74.87999725341797,75.08999633789062,854300,75.55999755859375,74.95999908447266,74.95999908447266
27-09-2016,74.83000183105469,74.86000061035156,807300,76.31999969482422,76.30000305175781,76.30000305175781
28-09-2016,76.54000091552734,76.62000274658203,1023700,77.25,77.05999755859375,77.05999755859375
29-09-2016,76.5999984741211,77.02999877929688,947100,77.16000366210938,76.7300033569336,76.7300033569336
30-09-2016,76.5,76.98999786376953,1131900,77.69000244140625,77.61000061035156,77.61000061035156
03-10-2016,77.26000213623047,77.26000213623047,971000,77.94000244140625,77.56999969482422,77.56999969482422
04-10-2016,77.54000091552734,77.54000091552734,1852800,78.62000274658203,78.18000030517578,78.18000030517578
05-10-2016,78.01000213623047,78.19999694824219,1260600,79.33999633789062,78.69000244140625,78.69000244140625
06-10-2016,77.19000244140625,78.37999725341797,2698900,78.69000244140625,77.76000213623047,77.76000213623047
07-10-2016,77.80000305175781,78.12999725341797,1415800,79.05999755859375,78.06999969482422,78.06999969482422
10-10-2016,77.5,78.5,1163200,78.51000213623047,77.58999633789062,77.58999633789062
11-10-2016,76.55999755859375,77.58999633789062,1133000,77.63999938964844,76.62999725341797,76.62999725341797
12-10-2016,74.33999633789062,75.02999877929688,1653300,77.0999984741211,76.7699966430664,76.7699966430664
13-10-2016,75.41999816894531,76.5,1110200,76.55999755859375,76.3499984741211,76.3499984741211
14-10-2016,76.0,76.52999877929688,1175200,77.48999786376953,76.16999816894531,76.16999816894531
17-10-2016,75.6500015258789,75.83999633789062,1024600,76.4800033569336,76.19999694824219,76.19999694824219
18-10-2016,76.56999969482422,76.75,828900,77.51000213623047,77.2300033569336,77.2300033569336
19-10-2016,76.9800033569336,77.33999633789062,808600,77.54000091552734,77.18000030517578,77.18000030517578
20-10-2016,76.68000030517578,77.36000061035156,893300,77.41999816894531,77.0999984741211,77.0999984741211
21-10-2016,76.87000274658203,77.36000061035156,788500,77.87999725341797,77.66999816894531,77.66999816894531
24-10-2016,77.7699966430664,77.83000183105469,756800,78.48999786376953,78.37999725341797,78.37999725341797
25-10-2016,78.1500015258789,78.44999694824219,934300,78.7300033569336,78.5199966430664,78.5199966430664
26-10-2016,78.30999755859375,78.41999816894531,1011000,78.97000122070312,78.8499984741211,78.8499984741211
27-10-2016,78.86000061035156,79.0,1302300,79.37999725341797,79.05000305175781,79.05000305175781
28-10-2016,78.77999877929688,78.9800033569336,3612100,81.08000183105469,80.9800033569336,80.9800033569336
31-10-2016,82.79000091552734,83.73999786376953,3960000,84.9800033569336,84.55999755859375,84.55999755859375
01-11-2016,81.79000091552734,84.27999877929688,3322600,84.8499984741211,83.0999984741211,83.0999984741211
02-11-2016,82.70999908447266,83.0,1424800,84.13999938964844,83.33000183105469,83.33000183105469
03-11-2016,82.73999786376953,83.41999816894531,963400,83.95999908447266,82.83000183105469,82.83000183105469
04-11-2016,81.9800033569336,82.02999877929688,924900,83.30999755859375,82.6500015258789,82.6500015258789
07-11-2016,83.0,83.73999786376953,1258600,84.33000183105469,84.12000274658203,84.12000274658203
08-11-2016,82.80000305175781,83.83999633789062,1356000,83.95999908447266,83.4000015258789,83.4000015258789
09-11-2016,81.44999694824219,82.4000015258789,1827400,85.47000122070312,84.77999877929688,84.77999877929688
10-11-2016,83.94999694824219,84.81999969482422,1218100,85.8499984741211,85.1500015258789,85.1500015258789
11-11-2016,83.7699966430664,84.98999786376953,1792100,85.25,84.44000244140625,84.44000244140625
14-11-2016,83.19000244140625,84.06999969482422,954700,84.94999694824219,84.06999969482422,84.06999969482422
15-11-2016,82.66000366210938,84.27999877929688,1830400,84.75,82.69999694824219,82.69999694824219
16-11-2016,82.08000183105469,82.08000183105469,1553500,83.16000366210938,83.1500015258789,83.1500015258789
17-11-2016,82.37999725341797,83.05999755859375,824500,83.9000015258789,83.80000305175781,83.80000305175781
18-11-2016,83.36000061035156,83.83999633789062,708500,84.20999908447266,83.41000366210938,83.41000366210938
21-11-2016,83.58999633789062,83.83999633789062,773900,84.3499984741211,83.95999908447266,83.95999908447266
22-11-2016,82.22000122070312,83.0,1214100,84.48999786376953,83.73999786376953,83.73999786376953
23-11-2016,82.87999725341797,83.69000244140625,1014200,84.0,83.02999877929688,83.02999877929688
25-11-2016,83.08000183105469,83.37999725341797,327800,83.58999633789062,83.2300033569336,83.2300033569336
28-11-2016,82.44000244140625,82.94000244140625,956500,83.3499984741211,82.52999877929688,82.52999877929688
29-11-2016,81.38999938964844,82.36000061035156,1318000,82.91999816894531,81.58999633789062,81.58999633789062
30-11-2016,81.61000061035156,81.8499984741211,1316200,82.58999633789062,82.33000183105469,82.33000183105469
01-12-2016,81.20999908447266,82.27999877929688,2050600,82.51000213623047,81.30999755859375,81.30999755859375
02-12-2016,80.77999877929688,81.19999694824219,1043300,83.0,81.88999938964844,81.88999938964844
05-12-2016,81.88999938964844,81.98999786376953,1174100,83.91000366210938,83.36000061035156,83.36000061035156
06-12-2016,82.0,83.69000244140625,992500,83.87000274658203,83.8499984741211,83.8499984741211
07-12-2016,83.0999984741211,83.88999938964844,766000,84.66999816894531,84.58999633789062,84.58999633789062
08-12-2016,84.55000305175781,84.72000122070312,841100,85.41000366210938,84.58999633789062,84.58999633789062
09-12-2016,84.0,84.29000091552734,844500,85.38999938964844,85.22000122070312,85.22000122070312
12-12-2016,84.23999786376953,85.18000030517578,748000,85.18000030517578,84.63999938964844,84.63999938964844
13-12-2016,84.05000305175781,84.77999877929688,1179500,85.30999755859375,84.58000183105469,84.58000183105469
14-12-2016,84.33000183105469,84.38999938964844,1135400,85.2699966430664,84.91999816894531,84.91999816894531
15-12-2016,84.5999984741211,84.80999755859375,1366100,85.83000183105469,85.05000305175781,85.05000305175781
16-12-2016,84.63999938964844,85.45999908447266,1562300,86.16999816894531,84.98999786376953,84.98999786376953
19-12-2016,85.0,85.22000122070312,787500,85.62000274658203,85.37999725341797,85.37999725341797
20-12-2016,85.5,85.69999694824219,1095900,86.52999877929688,85.9000015258789,85.9000015258789
21-12-2016,85.23999786376953,85.69000244140625,947200,86.0,85.66000366210938,85.66000366210938
22-12-2016,84.5,85.93000030517578,1261800,85.97000122070312,84.94999694824219,84.94999694824219
23-12-2016,84.63999938964844,84.7699966430664,446000,85.95999908447266,84.88999938964844,84.88999938964844
27-12-2016,85.01000213623047,85.16000366210938,788800,86.69999694824219,86.33000183105469,86.33000183105469
28-12-2016,85.0199966430664,86.25,729600,86.47000122070312,85.18000030517578,85.18000030517578
29-12-2016,84.58999633789062,84.88999938964844,1140400,86.12999725341797,85.05000305175781,85.05000305175781
30-12-2016,84.29000091552734,85.25,754400,85.62999725341797,84.45999908447266,84.45999908447266
03-01-2017,84.01000213623047,84.7300033569336,1318100,85.23999786376953,84.56999969482422,84.56999969482422
04-01-2017,84.0,84.5199966430664,1896700,85.2699966430664,84.91999816894531,84.91999816894531
05-01-2017,84.5999984741211,84.68000030517578,1144400,86.7300033569336,86.66000366210938,86.66000366210938
06-01-2017,85.61000061035156,86.66000366210938,1876200,87.75,87.23999786376953,87.23999786376953
09-01-2017,86.9000015258789,87.33000183105469,1104900,87.63999938964844,87.19999694824219,87.19999694824219
10-01-2017,87.05000305175781,87.19000244140625,1681500,88.93000030517578,88.20999908447266,88.20999908447266
11-01-2017,88.27999877929688,88.4800033569336,2275400,89.2699966430664,88.48999786376953,88.48999786376953
12-01-2017,87.69999694824219,88.3499984741211,1130700,89.25,89.19000244140625,89.19000244140625
13-01-2017,89.43000030517578,89.45999908447266,3288800,92.2300033569336,90.70999908447266,90.70999908447266
17-01-2017,89.81999969482422,90.56999969482422,1588600,90.88999938964844,90.38999938964844,90.38999938964844
18-01-2017,88.91000366210938,90.9000015258789,2929700,90.9000015258789,89.61000061035156,89.61000061035156
19-01-2017,94.5,95.0,7119800,97.91999816894531,96.33999633789062,96.33999633789062
20-01-2017,96.30000305175781,96.98999786376953,2354100,97.88999938964844,97.79000091552734,97.79000091552734
23-01-2017,96.63999938964844,97.2699966430664,1941600,98.25,97.79000091552734,97.79000091552734
24-01-2017,97.36000061035156,98.06999969482422,2013000,99.36000061035156,98.88999938964844,98.88999938964844
25-01-2017,96.25,99.73999786376953,2345200,99.73999786376953,96.62999725341797,96.62999725341797
26-01-2017,96.5999984741211,96.5999984741211,1555200,98.48999786376953,98.1500015258789,98.1500015258789
27-01-2017,97.5,98.0,2338000,99.69000244140625,99.45999908447266,99.45999908447266
30-01-2017,97.73999786376953,99.20999908447266,1345600,99.20999908447266,98.44999694824219,98.44999694824219
31-01-2017,98.23999786376953,98.54000091552734,1059400,99.37999725341797,98.7699966430664,98.7699966430664
01-02-2017,97.30999755859375,98.55999755859375,1282000,98.86000061035156,97.91000366210938,97.91000366210938
02-02-2017,97.26000213623047,97.33000183105469,972500,98.70999908447266,98.43000030517578,98.43000030517578
03-02-2017,98.19999694824219,98.69000244140625,1399600,99.56999969482422,99.4000015258789,99.4000015258789
06-02-2017,98.30000305175781,98.81999969482422,1661500,99.2699966430664,98.95999908447266,98.95999908447266
07-02-2017,99.12999725341797,100.5199966430664,2215100,100.87000274658203,100.2699966430664,100.2699966430664
08-02-2017,98.9800033569336,100.44999694824219,1521300,100.62999725341797,99.55999755859375,99.55999755859375
09-02-2017,99.58000183105469,99.68000030517578,1378800,100.52999877929688,100.44999694824219,100.44999694824219
10-02-2017,100.1500015258789,100.25,1057600,101.62999725341797,101.19000244140625,101.19000244140625
13-02-2017,100.2699966430664,101.7699966430664,782900,101.7699966430664,100.94000244140625,100.94000244140625
14-02-2017,100.30000305175781,100.37999725341797,678300,101.47000122070312,100.97000122070312,100.97000122070312
15-02-2017,100.30000305175781,101.0,1107600,101.30999755859375,100.8499984741211,100.8499984741211
16-02-2017,100.5999984741211,100.69999694824219,869500,101.3499984741211,101.0,101.0
17-02-2017,100.16999816894531,100.56999969482422,922100,101.7300033569336,101.20999908447266,101.20999908447266
21-02-2017,100.43000030517578,101.30999755859375,1535600,101.36000061035156,101.11000061035156,101.11000061035156
22-02-2017,100.52999877929688,101.12000274658203,783100,101.31999969482422,100.55999755859375,100.55999755859375
23-02-2017,99.69999694824219,100.94000244140625,1324400,101.05999755859375,99.80999755859375,99.80999755859375
24-02-2017,98.51000213623047,99.19999694824219,1773600,99.76000213623047,99.44999694824219,99.44999694824219
27-02-2017,98.25,99.52999877929688,1385800,99.94999694824219,99.22000122070312,99.22000122070312
28-02-2017,98.58999633789062,99.19999694824219,1005400,99.43000030517578,98.91000366210938,98.91000366210938
01-03-2017,98.25,98.9800033569336,1299200,99.91999816894531,99.33999633789062,99.33999633789062
02-03-2017,98.76000213623047,99.55999755859375,950500,99.56999969482422,99.16999816894531,99.16999816894531
03-03-2017,98.80000305175781,99.19999694824219,873500,99.76000213623047,99.36000061035156,99.36000061035156
06-03-2017,98.5999984741211,98.83999633789062,692500,99.55999755859375,98.95999908447266,98.95999908447266
07-03-2017,98.54000091552734,98.62999725341797,738000,99.48999786376953,98.68000030517578,98.68000030517578
08-03-2017,98.5,98.58999633789062,909400,100.08000183105469,99.80000305175781,99.80000305175781
09-03-2017,98.5199966430664,99.6500015258789,762900,99.77999877929688,98.80000305175781,98.80000305175781
10-03-2017,98.86000061035156,99.41000366210938,732500,100.04000091552734,99.91999816894531,99.91999816894531
13-03-2017,99.63999938964844,99.97000122070312,815200,100.45999908447266,100.4000015258789,100.4000015258789
14-03-2017,99.47000122070312,99.9000015258789,698700,100.4000015258789,99.54000091552734,99.54000091552734
15-03-2017,99.33000183105469,99.47000122070312,644800,100.8499984741211,100.7300033569336,100.7300033569336
16-03-2017,100.51000213623047,100.9000015258789,1228100,102.12999725341797,101.91999816894531,101.91999816894531
17-03-2017,101.2699966430664,102.08999633789062,1330700,102.23999786376953,101.41999816894531,101.41999816894531
20-03-2017,101.30000305175781,101.61000061035156,836600,102.05000305175781,101.69000244140625,101.69000244140625
21-03-2017,101.05999755859375,101.80000305175781,1366200,102.05000305175781,101.11000061035156,101.11000061035156
22-03-2017,100.68000030517578,100.94999694824219,1344500,103.25,102.83999633789062,102.83999633789062
23-03-2017,102.43000030517578,102.80000305175781,1129500,103.93000030517578,103.4000015258789,103.4000015258789
24-03-2017,103.1500015258789,103.87000274658203,1164300,104.3499984741211,103.37999725341797,103.37999725341797
27-03-2017,102.1500015258789,102.55999755859375,858600,103.98999786376953,103.70999908447266,103.70999908447266
28-03-2017,103.36000061035156,103.88999938964844,880900,104.19999694824219,103.79000091552734,103.79000091552734
29-03-2017,103.0,103.66000366210938,707900,104.19999694824219,103.41999816894531,103.41999816894531
30-03-2017,102.91999816894531,103.4000015258789,526500,103.98999786376953,103.12000274658203,103.12000274658203
31-03-2017,102.44999694824219,102.9800033569336,950800,103.08000183105469,102.66000366210938,102.66000366210938
03-04-2017,102.16999816894531,102.73999786376953,1530600,103.30999755859375,103.20999908447266,103.20999908447266
04-04-2017,102.70999908447266,103.01000213623047,474300,103.5,102.80000305175781,102.80000305175781
05-04-2017,102.5999984741211,103.13999938964844,738400,103.76000213623047,102.87000274658203,102.87000274658203
06-04-2017,102.27999877929688,102.93000030517578,620800,103.16000366210938,102.5999984741211,102.5999984741211
07-04-2017,102.55000305175781,102.8499984741211,561800,103.3499984741211,103.16000366210938,103.16000366210938
10-04-2017,102.87999725341797,103.2300033569336,485100,103.62000274658203,103.30000305175781,103.30000305175781
11-04-2017,102.18000030517578,103.3499984741211,489600,103.62999725341797,103.36000061035156,103.36000061035156
12-04-2017,103.54000091552734,103.94000244140625,946600,104.41000366210938,104.0,104.0
13-04-2017,103.26000213623047,103.8499984741211,888800,104.63999938964844,103.52999877929688,103.52999877929688
17-04-2017,102.87000274658203,103.3499984741211,1254000,104.05999755859375,103.0999984741211,103.0999984741211
18-04-2017,102.2699966430664,104.44999694824219,1626000,104.44999694824219,102.47000122070312,102.47000122070312
19-04-2017,102.5,102.91000366210938,1127000,103.01000213623047,102.81999969482422,102.81999969482422
20-04-2017,102.05999755859375,102.87000274658203,778000,102.93000030517578,102.63999938964844,102.63999938964844
21-04-2017,102.72000122070312,103.0999984741211,1035100,103.54000091552734,103.41000366210938,103.41000366210938
24-04-2017,103.44999694824219,104.87000274658203,1041600,105.7300033569336,104.37999725341797,104.37999725341797
25-04-2017,104.55999755859375,104.69999694824219,914400,105.70999908447266,105.36000061035156,105.36000061035156
26-04-2017,103.77999877929688,105.01000213623047,2060800,105.3499984741211,104.22000122070312,104.22000122070312
27-04-2017,102.0,103.0,1603400,105.19999694824219,104.38999938964844,104.38999938964844
28-04-2017,103.11000061035156,105.19000244140625,1122000,105.4800033569336,104.01000213623047,104.01000213623047
01-05-2017,103.4000015258789,104.04000091552734,1231900,104.38999938964844,103.80999755859375,103.80999755859375
02-05-2017,103.69999694824219,104.11000061035156,747200,105.04000091552734,104.44000244140625,104.44000244140625
03-05-2017,104.05000305175781,104.69999694824219,671400,104.81999969482422,104.37999725341797,104.37999725341797
04-05-2017,104.5999984741211,104.87000274658203,909900,106.27999877929688,106.25,106.25
05-05-2017,105.29000091552734,106.0999984741211,720400,106.37000274658203,106.0,106.0
08-05-2017,105.5,105.66999816894531,735700,106.37999725341797,106.31999969482422,106.31999969482422
09-05-2017,106.0,106.18000030517578,656600,106.33000183105469,106.04000091552734,106.04000091552734
10-05-2017,105.62000274658203,106.04000091552734,707400,106.20999908447266,106.05000305175781,106.05000305175781
11-05-2017,105.19999694824219,105.56999969482422,633600,106.31999969482422,105.72000122070312,105.72000122070312
12-05-2017,105.76000213623047,106.01000213623047,963300,107.61000061035156,107.5999984741211,107.5999984741211
15-05-2017,108.26000213623047,110.5,2616600,110.86000061035156,110.36000061035156,110.36000061035156
16-05-2017,109.62999725341797,110.83999633789062,1180700,111.23999786376953,110.47000122070312,110.47000122070312
17-05-2017,108.30000305175781,109.86000061035156,971500,110.30000305175781,108.37999725341797,108.37999725341797
18-05-2017,107.38999938964844,108.37000274658203,838500,109.16000366210938,108.69000244140625,108.69000244140625
19-05-2017,108.23999786376953,108.6500015258789,871800,109.16000366210938,108.43000030517578,108.43000030517578
22-05-2017,108.58999633789062,108.58999633789062,695700,109.8499984741211,109.56999969482422,109.56999969482422
23-05-2017,109.01000213623047,109.87999725341797,675900,110.29000091552734,109.62000274658203,109.62000274658203
24-05-2017,109.37999725341797,109.8499984741211,864500,110.0199966430664,109.94999694824219,109.94999694824219
25-05-2017,110.20999908447266,110.20999908447266,873300,112.04000091552734,111.4000015258789,111.4000015258789
26-05-2017,110.77999877929688,111.16000366210938,642600,111.87000274658203,111.20999908447266,111.20999908447266
30-05-2017,110.80000305175781,111.30000305175781,1469900,112.16999816894531,111.41999816894531,111.41999816894531
31-05-2017,110.68000030517578,112.0,2068300,112.83000183105469,112.05000305175781,112.05000305175781
01-06-2017,110.56999969482422,112.3499984741211,1626600,112.56999969482422,111.58999633789062,111.58999633789062
02-06-2017,112.0,112.12999725341797,961400,113.31999969482422,112.86000061035156,112.86000061035156
05-06-2017,112.8499984741211,113.91999816894531,630100,114.0199966430664,113.47000122070312,113.47000122070312
06-06-2017,113.19999694824219,113.52999877929688,849400,114.04000091552734,113.70999908447266,113.70999908447266
07-06-2017,113.70999908447266,114.41999816894531,1076900,115.12999725341797,114.94999694824219,114.94999694824219
08-06-2017,114.1500015258789,115.36000061035156,722500,115.87000274658203,115.47000122070312,115.47000122070312
09-06-2017,109.44999694824219,115.26000213623047,1338700,115.55000305175781,110.80000305175781,110.80000305175781
12-06-2017,107.26000213623047,110.16000366210938,1865100,110.30000305175781,109.66000366210938,109.66000366210938
13-06-2017,109.68000030517578,110.02999877929688,947900,111.06999969482422,111.05999755859375,111.05999755859375
14-06-2017,110.08000183105469,111.62000274658203,1009400,112.31999969482422,111.08999633789062,111.08999633789062
15-06-2017,109.05000305175781,109.9800033569336,690800,110.5,110.18000030517578,110.18000030517578
16-06-2017,109.4000015258789,110.06999969482422,1384200,110.70999908447266,110.0,110.0
19-06-2017,110.44000244140625,110.51000213623047,759500,111.93000030517578,111.7699966430664,111.7699966430664
20-06-2017,111.12000274658203,111.91000366210938,760500,112.51000213623047,111.16999816894531,111.16999816894531
21-06-2017,111.0,111.3499984741211,837300,112.81999969482422,112.56999969482422,112.56999969482422
22-06-2017,112.08000183105469,113.19999694824219,1365900,113.83000183105469,113.51000213623047,113.51000213623047
23-06-2017,112.66000366210938,113.23999786376953,895400,114.27999877929688,113.94999694824219,113.94999694824219
26-06-2017,112.36000061035156,114.62000274658203,752900,114.83999633789062,112.56999969482422,112.56999969482422
27-06-2017,110.44000244140625,112.3499984741211,1026200,112.54000091552734,111.22000122070312,111.22000122070312
28-06-2017,111.30000305175781,111.80000305175781,969400,112.4800033569336,112.4000015258789,112.4000015258789
29-06-2017,108.80000305175781,111.87000274658203,967000,112.12000274658203,109.58999633789062,109.58999633789062
30-06-2017,109.02999877929688,110.26000213623047,1019400,110.37000274658203,109.08000183105469,109.08000183105469
03-07-2017,108.06999969482422,109.19999694824219,574200,110.26000213623047,108.0999984741211,108.0999984741211
05-07-2017,108.94000244140625,109.5,962500,110.83000183105469,110.33999633789062,110.33999633789062
06-07-2017,108.69999694824219,109.4800033569336,942000,110.13999938964844,109.86000061035156,109.86000061035156
07-07-2017,109.20999908447266,109.20999908447266,895400,112.12999725341797,111.44000244140625,111.44000244140625
10-07-2017,111.37000274658203,111.68000030517578,859700,112.93000030517578,111.8499984741211,111.8499984741211
11-07-2017,111.69000244140625,112.04000091552734,987100,113.16999816894531,113.02999877929688,113.02999877929688
12-07-2017,113.5,113.94999694824219,872100,114.79000091552734,114.48999786376953,114.48999786376953
13-07-2017,113.51000213623047,114.51000213623047,658300,114.62999725341797,114.01000213623047,114.01000213623047
14-07-2017,113.33999633789062,113.83999633789062,866100,114.37999725341797,114.08000183105469,114.08000183105469
17-07-2017,113.06999969482422,113.95999908447266,601200,114.37000274658203,114.31999969482422,114.31999969482422
18-07-2017,113.41000366210938,114.5199966430664,1003800,114.70999908447266,114.6500015258789,114.6500015258789
19-07-2017,114.80999755859375,115.0,1614500,116.62999725341797,115.72000122070312,115.72000122070312
20-07-2017,105.79000091552734,108.80000305175781,4329900,109.98999786376953,107.41000366210938,107.41000366210938
21-07-2017,106.0,106.43000030517578,1954400,107.75,106.38999938964844,106.38999938964844
24-07-2017,106.2300033569336,107.19000244140625,1360900,107.70999908447266,106.73999786376953,106.73999786376953
25-07-2017,106.27999877929688,106.73999786376953,1107700,107.0,106.33999633789062,106.33999633789062
26-07-2017,106.19999694824219,106.27999877929688,1134300,107.81999969482422,107.56999969482422,107.56999969482422
27-07-2017,104.33000183105469,107.6500015258789,1817800,107.87999725341797,106.41999816894531,106.41999816894531
28-07-2017,105.9000015258789,106.26000213623047,669300,107.44999694824219,106.56999969482422,106.56999969482422
31-07-2017,104.9800033569336,106.5999984741211,1094000,106.95999908447266,105.76000213623047,105.76000213623047
01-08-2017,105.33999633789062,105.83999633789062,1080900,107.12000274658203,106.98999786376953,106.98999786376953
02-08-2017,104.5999984741211,107.0,1002500,107.16999816894531,105.33999633789062,105.33999633789062
03-08-2017,104.83999633789062,105.79000091552734,671900,106.30000305175781,106.08999633789062,106.08999633789062
04-08-2017,105.41999816894531,106.25,493500,106.6500015258789,106.13999938964844,106.13999938964844
07-08-2017,106.0999984741211,106.80999755859375,779900,106.93000030517578,106.83000183105469,106.83000183105469
08-08-2017,105.55999755859375,106.26000213623047,753200,107.19999694824219,106.45999908447266,106.45999908447266
09-08-2017,105.68000030517578,106.0,903300,107.54000091552734,107.41999816894531,107.41999816894531
10-08-2017,104.91000366210938,106.87999725341797,895600,106.87999725341797,104.98999786376953,104.98999786376953
11-08-2017,105.3499984741211,105.37999725341797,940700,107.05000305175781,105.94000244140625,105.94000244140625
14-08-2017,106.98999786376953,107.01000213623047,938200,109.0,108.25,108.25
15-08-2017,107.19999694824219,107.97000122070312,704300,108.44000244140625,107.76000213623047,107.76000213623047
16-08-2017,108.01000213623047,108.5199966430664,772000,109.0,108.88999938964844,108.88999938964844
17-08-2017,106.5999984741211,108.93000030517578,884800,108.9800033569336,106.81999969482422,106.81999969482422
18-08-2017,106.48999786376953,106.83000183105469,622200,107.98999786376953,107.29000091552734,107.29000091552734
21-08-2017,106.30999755859375,107.23999786376953,471800,107.63999938964844,107.44000244140625,107.44000244140625
22-08-2017,108.4800033569336,108.5,760900,109.38999938964844,108.91000366210938,108.91000366210938
23-08-2017,107.63999938964844,108.52999877929688,406500,108.87000274658203,108.05999755859375,108.05999755859375
24-08-2017,108.04000091552734,108.41999816894531,827100,109.30000305175781,109.16999816894531,109.16999816894531
25-08-2017,108.3499984741211,109.41999816894531,469900,109.80999755859375,108.70999908447266,108.70999908447266
28-08-2017,108.4800033569336,109.0,526100,109.66999816894531,109.02999877929688,109.02999877929688
29-08-2017,107.69999694824219,108.47000122070312,706300,109.4800033569336,109.05000305175781,109.05000305175781
30-08-2017,108.80999755859375,109.06999969482422,624300,110.41999816894531,110.16999816894531,110.16999816894531
31-08-2017,110.2699966430664,110.5,881600,112.19000244140625,111.87000274658203,111.87000274658203
01-09-2017,109.08999633789062,111.88999938964844,1055600,112.58000183105469,110.88999938964844,110.88999938964844
05-09-2017,109.44000244140625,110.05000305175781,952800,111.87999725341797,110.0199966430664,110.0199966430664
06-09-2017,109.94000244140625,110.43000030517578,678000,111.19000244140625,111.0199966430664,111.0199966430664
07-09-2017,111.08999633789062,111.44999694824219,437500,111.88999938964844,111.41999816894531,111.41999816894531
08-09-2017,112.27999877929688,112.48999786376953,1062600,114.4000015258789,112.62999725341797,112.62999725341797
11-09-2017,112.31999969482422,113.70999908447266,829600,113.80000305175781,112.69999694824219,112.69999694824219
12-09-2017,111.2699966430664,112.69999694824219,564100,112.91000366210938,112.3499984741211,112.3499984741211
13-09-2017,112.01000213623047,112.30000305175781,552600,113.83999633789062,113.33999633789062,113.33999633789062
14-09-2017,112.30000305175781,112.76000213623047,541900,113.80999755859375,112.76000213623047,112.76000213623047
15-09-2017,111.80000305175781,112.4800033569336,986900,113.43000030517578,113.0,113.0
18-09-2017,112.11000061035156,113.0,552600,113.02999877929688,112.91000366210938,112.91000366210938
19-09-2017,112.77999877929688,113.23999786376953,560800,113.83000183105469,112.9800033569336,112.9800033569336
20-09-2017,109.94000244140625,112.08000183105469,1007300,112.4800033569336,111.2699966430664,111.2699966430664
21-09-2017,110.0199966430664,111.51000213623047,458100,111.8499984741211,110.81999969482422,110.81999969482422
22-09-2017,110.0,110.43000030517578,483800,112.06999969482422,111.98999786376953,111.98999786376953
25-09-2017,110.52999877929688,111.08000183105469,518300,111.62000274658203,110.95999908447266,110.95999908447266
26-09-2017,110.80000305175781,111.69000244140625,826000,112.26000213623047,111.73999786376953,111.73999786376953
27-09-2017,111.81999969482422,112.37000274658203,711300,113.58999633789062,112.72000122070312,112.72000122070312
28-09-2017,112.2699966430664,112.66999816894531,518400,113.88999938964844,112.37000274658203,112.37000274658203
29-09-2017,112.54000091552734,112.61000061035156,745600,114.16000366210938,114.0199966430664,114.0199966430664
02-10-2017,113.48999786376953,113.51000213623047,1224800,116.30000305175781,115.20999908447266,115.20999908447266
03-10-2017,115.16999816894531,115.47000122070312,604500,116.68000030517578,115.83999633789062,115.83999633789062
04-10-2017,114.7699966430664,115.62999725341797,317700,116.02999877929688,115.76000213623047,115.76000213623047
05-10-2017,115.12999725341797,116.22000122070312,627900,116.4000015258789,116.0,116.0
06-10-2017,115.69000244140625,116.12000274658203,719300,117.11000061035156,116.75,116.75
09-10-2017,115.70999908447266,116.63999938964844,464400,116.9800033569336,116.11000061035156,116.11000061035156
10-10-2017,116.22000122070312,116.25,581100,117.44999694824219,117.27999877929688,117.27999877929688
11-10-2017,116.55000305175781,116.94999694824219,490900,117.76000213623047,117.70999908447266,117.70999908447266
12-10-2017,117.5,117.72000122070312,544600,118.23999786376953,117.76000213623047,117.76000213623047
13-10-2017,118.22000122070312,118.68000030517578,745200,119.19999694824219,119.12999725341797,119.12999725341797
16-10-2017,117.66999816894531,118.63999938964844,669100,118.86000061035156,118.06999969482422,118.06999969482422
17-10-2017,113.54000091552734,117.48999786376953,1913400,117.69999694824219,116.94999694824219,116.94999694824219
18-10-2017,116.73999786376953,117.62000274658203,769200,118.05000305175781,118.01000213623047,118.01000213623047
19-10-2017,116.54000091552734,117.73999786376953,563000,118.27999877929688,117.9000015258789,117.9000015258789
20-10-2017,117.80999755859375,118.66000366210938,773200,118.9000015258789,118.5,118.5
23-10-2017,117.19000244140625,119.0,1099200,119.0,117.5199966430664,117.5199966430664
24-10-2017,117.0,118.05000305175781,882800,118.4800033569336,117.2699966430664,117.2699966430664
25-10-2017,115.26000213623047,117.36000061035156,1013400,117.36000061035156,115.55999755859375,115.55999755859375
26-10-2017,115.13999938964844,116.62000274658203,1185500,116.79000091552734,115.87999725341797,115.87999725341797
27-10-2017,115.3499984741211,116.33000183105469,1363300,117.95999908447266,117.5,117.5
30-10-2017,115.81999969482422,117.22000122070312,1278200,117.22000122070312,116.48999786376953,116.48999786376953
31-10-2017,116.0,116.75,2040600,118.38999938964844,117.70999908447266,117.70999908447266
01-11-2017,102.25,107.0,9141200,110.0,103.01000213623047,103.01000213623047
02-11-2017,103.52999877929688,103.7300033569336,3019100,106.95999908447266,106.62000274658203,106.62000274658203
03-11-2017,105.33999633789062,106.6500015258789,1928400,106.91000366210938,105.6500015258789,105.6500015258789
06-11-2017,105.0,105.80000305175781,1110000,106.16999816894531,105.20999908447266,105.20999908447266
07-11-2017,104.5,105.62000274658203,916500,106.4800033569336,104.98999786376953,104.98999786376953
08-11-2017,105.02999877929688,105.69000244140625,771800,106.02999877929688,105.36000061035156,105.36000061035156
09-11-2017,102.54000091552734,105.36000061035156,1111800,105.37999725341797,103.62999725341797,103.62999725341797
10-11-2017,102.27999877929688,103.5,1160300,103.5999984741211,102.51000213623047,102.51000213623047
13-11-2017,100.93000030517578,102.3499984741211,2356700,102.93000030517578,102.80000305175781,102.80000305175781
14-11-2017,101.86000061035156,102.19000244140625,2353000,102.81999969482422,102.4000015258789,102.4000015258789
15-11-2017,101.98999786376953,102.3499984741211,1304900,103.20999908447266,103.05000305175781,103.05000305175781
16-11-2017,102.83000183105469,103.58999633789062,1361400,104.27999877929688,103.01000213623047,103.01000213623047
17-11-2017,101.97000122070312,103.20999908447266,1183100,103.20999908447266,102.1500015258789,102.1500015258789
20-11-2017,102.33999633789062,102.61000061035156,1117200,103.7699966430664,102.9800033569336,102.9800033569336
21-11-2017,103.25,103.66000366210938,772400,104.41999816894531,103.94999694824219,103.94999694824219
22-11-2017,103.52999877929688,104.2300033569336,867200,104.69999694824219,103.62000274658203,103.62000274658203
24-11-2017,103.5999984741211,103.5999984741211,380900,104.33000183105469,104.0199966430664,104.0199966430664
27-11-2017,104.16000366210938,105.18000030517578,982900,105.6500015258789,104.72000122070312,104.72000122070312
28-11-2017,104.13999938964844,104.79000091552734,1061500,105.6500015258789,104.22000122070312,104.22000122070312
29-11-2017,101.2699966430664,104.37999725341797,980400,104.37999725341797,102.05999755859375,102.05999755859375
30-11-2017,101.97000122070312,102.52999877929688,1314200,104.4800033569336,104.29000091552734,104.29000091552734
01-12-2017,102.4000015258789,103.31999969482422,926900,104.80999755859375,104.30000305175781,104.30000305175781
04-12-2017,102.11000061035156,104.7300033569336,948400,104.73999786376953,102.6500015258789,102.6500015258789
05-12-2017,102.51000213623047,102.51000213623047,1102200,104.94000244140625,103.58999633789062,103.58999633789062
06-12-2017,102.63999938964844,104.47000122070312,756500,104.47000122070312,103.54000091552734,103.54000091552734
07-12-2017,100.87000274658203,103.62000274658203,1752300,103.68000030517578,103.52999877929688,103.52999877929688
08-12-2017,103.61000061035156,104.18000030517578,798700,105.30000305175781,104.77999877929688,104.77999877929688
11-12-2017,104.11000061035156,104.81999969482422,1120700,105.91999816894531,105.8499984741211,105.8499984741211
12-12-2017,104.12999725341797,104.87000274658203,1062400,106.26000213623047,105.43000030517578,105.43000030517578
13-12-2017,106.0,106.13999938964844,977500,107.0999984741211,106.43000030517578,106.43000030517578
14-12-2017,105.68000030517578,106.9000015258789,1153500,108.33999633789062,106.30000305175781,106.30000305175781
15-12-2017,106.18000030517578,106.7300033569336,1780000,107.4800033569336,107.22000122070312,107.22000122070312
18-12-2017,105.0999984741211,107.5,1295200,108.08999633789062,105.5,105.5
19-12-2017,104.63999938964844,106.0,970600,106.0,104.94000244140625,104.94000244140625
20-12-2017,103.7300033569336,104.9800033569336,822300,104.9800033569336,104.37000274658203,104.37000274658203
21-12-2017,102.69000244140625,105.06999969482422,1387700,105.06999969482422,103.20999908447266,103.20999908447266
22-12-2017,101.5999984741211,103.0199966430664,1272100,103.1500015258789,101.91999816894531,101.91999816894531
26-12-2017,101.33999633789062,101.43000030517578,1255300,102.7300033569336,102.69999694824219,102.69999694824219
27-12-2017,102.37999725341797,102.83999633789062,713800,104.16999816894531,103.30999755859375,103.30999755859375
28-12-2017,103.13999938964844,103.13999938964844,393800,104.2300033569336,103.68000030517578,103.68000030517578
29-12-2017,103.1500015258789,103.5999984741211,353200,104.16000366210938,103.62000274658203,103.62000274658203
02-01-2018,103.05000305175781,104.3499984741211,749100,104.66999816894531,103.7699966430664,103.7699966430664
03-01-2018,104.01000213623047,104.36000061035156,751400,105.52999877929688,105.20999908447266,105.20999908447266
04-01-2018,105.41999816894531,105.93000030517578,830200,106.93000030517578,105.62000274658203,105.62000274658203
05-01-2018,102.66000366210938,105.58000183105469,1530100,105.80000305175781,103.41999816894531,103.41999816894531
08-01-2018,102.19000244140625,103.33000183105469,1489100,103.97000122070312,103.5999984741211,103.5999984741211
09-01-2018,100.69000244140625,103.54000091552734,2368800,103.69999694824219,103.19999694824219,103.19999694824219
10-01-2018,102.4000015258789,104.05999755859375,1028100,104.05999755859375,103.13999938964844,103.13999938964844
11-01-2018,102.06999969482422,104.01000213623047,862100,104.01000213623047,102.94000244140625,102.94000244140625
12-01-2018,102.62000274658203,102.72000122070312,999000,104.06999969482422,103.0,103.0
16-01-2018,102.05999755859375,102.9800033569336,1625000,103.83000183105469,102.48999786376953,102.48999786376953
17-01-2018,102.79000091552734,104.29000091552734,1495300,104.29000091552734,103.56999969482422,103.56999969482422
18-01-2018,102.86000061035156,103.33000183105469,1223200,104.95999908447266,103.19999694824219,103.19999694824219
19-01-2018,103.0,103.08999633789062,1800400,104.5999984741211,104.4800033569336,104.4800033569336
22-01-2018,104.31999969482422,104.80000305175781,1302200,105.51000213623047,105.0,105.0
23-01-2018,104.5,104.87999725341797,1268300,106.5,105.33999633789062,105.33999633789062
24-01-2018,104.5999984741211,105.97000122070312,1168800,106.13999938964844,105.13999938964844,105.13999938964844
25-01-2018,103.29000091552734,103.4000015258789,1598000,105.27999877929688,103.97000122070312,103.97000122070312
26-01-2018,103.88999938964844,104.75,2757600,105.61000061035156,104.58000183105469,104.58000183105469
29-01-2018,104.16000366210938,104.5,1805500,106.68000030517578,105.33000183105469,105.33000183105469
30-01-2018,103.29000091552734,105.02999877929688,2478100,105.38999938964844,104.41000366210938,104.41000366210938
31-01-2018,98.75,101.95999908447266,4890300,105.5,103.41000366210938,103.41000366210938
01-02-2018,100.05000305175781,101.11000061035156,2277100,104.33999633789062,103.04000091552734,103.04000091552734
02-02-2018,100.69000244140625,102.1500015258789,2166700,102.87000274658203,101.37999725341797,101.37999725341797
05-02-2018,100.02999877929688,100.88999938964844,2345400,103.0999984741211,101.0,101.0
06-02-2018,99.69999694824219,100.37999725341797,2461400,101.58999633789062,101.44000244140625,101.44000244140625
07-02-2018,99.02999877929688,101.2699966430664,2283700,101.68000030517578,99.02999877929688,99.02999877929688
08-02-2018,97.94999694824219,99.0,2239800,99.7300033569336,98.19999694824219,98.19999694824219
09-02-2018,95.02999877929688,98.97000122070312,2312000,99.0999984741211,97.83999633789062,97.83999633789062
12-02-2018,98.54000091552734,98.58000183105469,1273400,100.44000244140625,99.4800033569336,99.4800033569336
13-02-2018,98.73999786376953,99.04000091552734,1040300,101.12999725341797,100.83000183105469,100.83000183105469
14-02-2018,99.9000015258789,100.01000213623047,1358800,101.3499984741211,101.19999694824219,101.19999694824219
15-02-2018,101.02999877929688,101.41000366210938,1318600,102.9800033569336,102.93000030517578,102.93000030517578
16-02-2018,102.44000244140625,102.97000122070312,707800,103.81999969482422,103.27999877929688,103.27999877929688
20-02-2018,101.7300033569336,102.62000274658203,1162300,103.23999786376953,102.20999908447266,102.20999908447266
21-02-2018,102.30000305175781,102.30999755859375,1328900,104.51000213623047,103.01000213623047,103.01000213623047
22-02-2018,102.41999816894531,103.08999633789062,981400,104.16000366210938,102.5999984741211,102.5999984741211
23-02-2018,102.77999877929688,103.38999938964844,710800,104.33999633789062,104.30999755859375,104.30999755859375
26-02-2018,104.0999984741211,104.41999816894531,1137300,105.94999694824219,105.83000183105469,105.83000183105469
27-02-2018,103.3499984741211,105.43000030517578,1311800,105.87999725341797,103.69000244140625,103.69000244140625
28-02-2018,103.87999725341797,104.30999755859375,997700,105.47000122070312,103.88999938964844,103.88999938964844
01-03-2018,101.62000274658203,103.54000091552734,1311400,103.98999786376953,102.58000183105469,102.58000183105469
02-03-2018,101.51000213623047,101.86000061035156,749000,104.04000091552734,103.83000183105469,103.83000183105469
05-03-2018,103.29000091552734,103.68000030517578,689100,104.72000122070312,104.25,104.25
06-03-2018,103.12000274658203,104.70999908447266,864400,104.95999908447266,103.94999694824219,103.94999694824219
07-03-2018,103.37999725341797,103.37999725341797,841500,105.61000061035156,105.04000091552734,105.04000091552734
08-03-2018,104.31999969482422,105.7300033569336,853800,105.83999633789062,105.16999816894531,105.16999816894531
09-03-2018,104.91000366210938,105.29000091552734,853100,106.41000366210938,105.98999786376953,105.98999786376953
12-03-2018,105.69999694824219,106.02999877929688,681100,107.0999984741211,106.38999938964844,106.38999938964844
13-03-2018,105.0199966430664,106.55999755859375,688300,106.76000213623047,105.25,105.25
14-03-2018,104.5999984741211,105.94000244140625,545100,106.04000091552734,104.94999694824219,104.94999694824219
15-03-2018,104.25,104.4800033569336,622300,105.2300033569336,104.56999969482422,104.56999969482422
16-03-2018,103.5,104.62000274658203,1380600,104.88999938964844,103.58999633789062,103.58999633789062
19-03-2018,102.2699966430664,103.31999969482422,1209400,104.19999694824219,103.37000274658203,103.37000274658203
20-03-2018,102.62000274658203,103.16999816894531,625400,103.83999633789062,103.2300033569336,103.2300033569336
21-03-2018,102.5,102.7699966430664,659000,103.91999816894531,103.02999877929688,103.02999877929688
22-03-2018,101.1500015258789,102.25,710200,103.33000183105469,101.19999694824219,101.19999694824219
23-03-2018,99.3499984741211,100.98999786376953,876100,101.94999694824219,99.36000061035156,99.36000061035156
26-03-2018,99.7300033569336,100.7300033569336,1151000,101.58999633789062,100.8499984741211,100.8499984741211
27-03-2018,98.66000366210938,101.3499984741211,1078700,101.63999938964844,99.0999984741211,99.0999984741211
28-03-2018,98.25,99.19999694824219,1232500,99.76000213623047,99.04000091552734,99.04000091552734
29-03-2018,97.30000305175781,99.19000244140625,1691200,100.25,99.33999633789062,99.33999633789062
02-04-2018,97.93000030517578,99.26000213623047,1584700,100.13999938964844,98.66000366210938,98.66000366210938
03-04-2018,98.2300033569336,99.22000122070312,828900,99.94999694824219,99.01000213623047,99.01000213623047
04-04-2018,98.0199966430664,98.05999755859375,819600,100.83999633789062,100.55000305175781,100.55000305175781
05-04-2018,99.8499984741211,100.87000274658203,774200,100.87000274658203,100.3499984741211,100.3499984741211
06-04-2018,98.29000091552734,99.83000183105469,840200,100.56999969482422,98.55999755859375,98.55999755859375
09-04-2018,99.69999694824219,99.76000213623047,1548100,101.75,100.16000366210938,100.16000366210938
10-04-2018,100.25,101.4800033569336,1563600,102.97000122070312,102.51000213623047,102.51000213623047
11-04-2018,101.16000366210938,101.9800033569336,1135200,102.62000274658203,101.76000213623047,101.76000213623047
12-04-2018,101.79000091552734,101.79000091552734,1150900,102.94999694824219,102.68000030517578,102.68000030517578
13-04-2018,101.9800033569336,103.1500015258789,1012500,103.1500015258789,102.55000305175781,102.55000305175781
16-04-2018,102.0999984741211,102.1500015258789,1194300,104.05000305175781,102.94000244140625,102.94000244140625
17-04-2018,103.33999633789062,103.5199966430664,812200,104.87999725341797,104.66999816894531,104.66999816894531
18-04-2018,103.43000030517578,104.66999816894531,968500,104.93000030517578,104.08999633789062,104.08999633789062
19-04-2018,102.55999755859375,103.87000274658203,1003600,104.26000213623047,103.0999984741211,103.0999984741211
20-04-2018,102.0999984741211,102.69999694824219,1117700,103.0,102.2300033569336,102.2300033569336
23-04-2018,101.8499984741211,102.23999786376953,1961900,103.0,102.80000305175781,102.80000305175781
24-04-2018,102.58999633789062,103.61000061035156,2437200,105.16999816894531,102.91000366210938,102.91000366210938
25-04-2018,93.76000213623047,94.5,6143100,97.25,96.33000183105469,96.33000183105469
26-04-2018,96.05999755859375,96.11000061035156,3333600,98.98999786376953,97.4800033569336,97.4800033569336
27-04-2018,95.62000274658203,97.83999633789062,1446800,98.30000305175781,95.7300033569336,95.7300033569336
30-04-2018,95.3499984741211,96.2699966430664,1148000,97.0199966430664,96.51000213623047,96.51000213623047
01-05-2018,95.98999786376953,96.2699966430664,1196600,98.5199966430664,98.4800033569336,98.4800033569336
02-05-2018,96.75,97.93000030517578,1484600,98.4800033569336,96.94000244140625,96.94000244140625
03-05-2018,95.41000366210938,96.75,1147500,97.80999755859375,97.61000061035156,97.61000061035156
04-05-2018,96.3499984741211,97.37000274658203,1249100,99.12000274658203,98.66000366210938,98.66000366210938
07-05-2018,98.16999816894531,98.51000213623047,1252300,99.72000122070312,99.47000122070312,99.47000122070312
08-05-2018,99.08000183105469,99.4800033569336,1483800,100.1500015258789,99.93000030517578,99.93000030517578
09-05-2018,98.5,98.7300033569336,1133400,100.52999877929688,99.80000305175781,99.80000305175781
10-05-2018,99.76000213623047,100.0,919500,100.97000122070312,100.20999908447266,100.20999908447266
11-05-2018,99.55000305175781,100.06999969482422,1055300,100.80000305175781,100.2300033569336,100.2300033569336
14-05-2018,98.83000183105469,100.16999816894531,1021200,100.97000122070312,98.94999694824219,98.94999694824219
15-05-2018,96.47000122070312,97.94000244140625,1729500,97.95999908447266,96.8499984741211,96.8499984741211
16-05-2018,95.61000061035156,96.91000366210938,1335100,97.0999984741211,96.4000015258789,96.4000015258789
17-05-2018,95.02999877929688,96.43000030517578,1557000,96.69000244140625,95.95999908447266,95.95999908447266
18-05-2018,95.62999725341797,96.20999908447266,787000,96.48999786376953,95.68000030517578,95.68000030517578
21-05-2018,96.02999877929688,96.02999877929688,1132600,97.22000122070312,96.97000122070312,96.97000122070312
22-05-2018,96.16999816894531,97.01000213623047,850700,97.79000091552734,96.33999633789062,96.33999633789062
23-05-2018,95.61000061035156,95.7699966430664,679700,96.62999725341797,96.62000274658203,96.62000274658203
24-05-2018,95.37000274658203,96.72000122070312,833300,96.75,96.41000366210938,96.41000366210938
25-05-2018,96.31999969482422,96.79000091552734,817900,97.22000122070312,97.05999755859375,97.05999755859375
29-05-2018,95.91000366210938,96.1500015258789,794500,97.0199966430664,96.48999786376953,96.48999786376953
30-05-2018,96.56999969482422,97.04000091552734,905300,97.44000244140625,96.94999694824219,96.94999694824219
31-05-2018,96.5,97.05999755859375,1008000,97.9800033569336,97.36000061035156,97.36000061035156
01-06-2018,97.06999969482422,97.06999969482422,1492200,99.33000183105469,99.04000091552734,99.04000091552734
04-06-2018,97.29000091552734,98.86000061035156,1413100,100.19000244140625,98.6500015258789,98.6500015258789
05-06-2018,97.8499984741211,98.9800033569336,1108900,99.13999938964844,98.37000274658203,98.37000274658203
06-06-2018,97.9800033569336,98.66999816894531,936500,99.20999908447266,98.83000183105469,98.83000183105469
07-06-2018,97.69000244140625,98.72000122070312,1127800,99.13999938964844,98.0199966430664,98.0199966430664
08-06-2018,98.0,98.2300033569336,728800,99.3499984741211,99.0999984741211,99.0999984741211
11-06-2018,98.79000091552734,99.12999725341797,502500,99.54000091552734,99.33000183105469,99.33000183105469
12-06-2018,99.19999694824219,99.80000305175781,866700,100.98999786376953,100.87999725341797,100.87999725341797
13-06-2018,99.7699966430664,100.87999725341797,850800,100.98999786376953,100.06999969482422,100.06999969482422
14-06-2018,99.58999633789062,99.94999694824219,781700,100.48999786376953,99.94000244140625,99.94000244140625
15-06-2018,98.55000305175781,99.72000122070312,1898500,100.08999633789062,99.97000122070312,99.97000122070312
18-06-2018,99.2300033569336,99.2300033569336,1054200,100.55000305175781,100.45999908447266,100.45999908447266
19-06-2018,99.02999877929688,99.9000015258789,745600,99.93000030517578,99.58999633789062,99.58999633789062
20-06-2018,99.31999969482422,99.72000122070312,895500,100.23999786376953,99.51000213623047,99.51000213623047
21-06-2018,98.20999908447266,99.5999984741211,881100,99.81999969482422,98.33000183105469,98.33000183105469
22-06-2018,96.68000030517578,98.80000305175781,1014300,99.11000061035156,97.4800033569336,97.4800033569336
25-06-2018,95.66999816894531,96.63999938964844,1280300,96.80999755859375,96.55000305175781,96.55000305175781
26-06-2018,96.58000183105469,96.75,824400,97.63999938964844,97.31999969482422,97.31999969482422
27-06-2018,96.93000030517578,97.62000274658203,1104300,98.19999694824219,97.0999984741211,97.0999984741211
28-06-2018,96.29000091552734,96.97000122070312,1197500,98.81999969482422,98.62999725341797,98.62999725341797
29-06-2018,97.5,98.9000015258789,786900,98.9000015258789,97.68000030517578,97.68000030517578
02-07-2018,96.83000183105469,96.83000183105469,1263800,99.38999938964844,99.33999633789062,99.33999633789062
03-07-2018,99.25,99.7300033569336,737500,100.0,99.38999938964844,99.38999938964844
05-07-2018,98.62999725341797,99.54000091552734,1669100,100.08999633789062,99.97000122070312,99.97000122070312
06-07-2018,101.0199966430664,101.52999877929688,2769200,103.1500015258789,102.80999755859375,102.80999755859375
09-07-2018,101.70999908447266,103.0,1803600,103.26000213623047,102.0,102.0
10-07-2018,102.08999633789062,104.20999908447266,2127900,104.73999786376953,104.38999938964844,104.38999938964844
11-07-2018,104.0,104.38999938964844,3089000,108.66000366210938,108.37000274658203,108.37000274658203
12-07-2018,108.58999633789062,108.83000183105469,1612600,110.0199966430664,109.88999938964844,109.88999938964844
13-07-2018,108.93000030517578,109.9000015258789,1205900,110.02999877929688,109.30999755859375,109.30999755859375
16-07-2018,108.83000183105469,109.26000213623047,806700,109.68000030517578,108.97000122070312,108.97000122070312
17-07-2018,107.80000305175781,108.26000213623047,1087400,110.23999786376953,110.11000061035156,110.11000061035156
18-07-2018,109.45999908447266,109.87999725341797,556800,110.87000274658203,110.66999816894531,110.66999816894531
19-07-2018,109.93000030517578,110.45999908447266,965900,111.33999633789062,111.23999786376953,111.23999786376953
20-07-2018,110.62000274658203,111.05999755859375,1128200,112.04000091552734,111.55999755859375,111.55999755859375
23-07-2018,109.79000091552734,111.22000122070312,1820000,111.4800033569336,109.91999816894531,109.91999816894531
24-07-2018,109.91000366210938,110.69999694824219,2036600,111.69000244140625,111.0199966430664,111.0199966430664
25-07-2018,112.68000030517578,114.23999786376953,2454900,116.9000015258789,116.80999755859375,116.80999755859375
26-07-2018,111.69000244140625,115.48999786376953,2642000,117.62000274658203,116.66999816894531,116.66999816894531
27-07-2018,113.08999633789062,116.29000091552734,2258000,116.4800033569336,113.58000183105469,113.58000183105469
30-07-2018,112.87999725341797,113.5,1328000,114.88999938964844,113.54000091552734,113.54000091552734
31-07-2018,107.98999786376953,113.83999633789062,2638600,114.18000030517578,112.66999816894531,112.66999816894531
01-08-2018,110.20999908447266,111.3499984741211,1437100,112.26000213623047,111.97000122070312,111.97000122070312
02-08-2018,110.70999908447266,111.66999816894531,1312200,113.41999816894531,113.11000061035156,113.11000061035156
03-08-2018,112.19000244140625,113.0,796800,113.5,113.12000274658203,113.12000274658203
06-08-2018,112.75,113.12000274658203,757200,114.79000091552734,114.19000244140625,114.19000244140625
07-08-2018,112.3499984741211,113.9800033569336,1367400,114.69000244140625,113.12000274658203,113.12000274658203
08-08-2018,112.72000122070312,113.12999725341797,1021700,113.91000366210938,113.3499984741211,113.3499984741211
09-08-2018,113.56999969482422,113.73999786376953,703400,114.66000366210938,113.80999755859375,113.80999755859375
10-08-2018,113.04000091552734,113.41000366210938,528400,113.91000366210938,113.68000030517578,113.68000030517578
13-08-2018,112.91000366210938,114.13999938964844,585000,114.91999816894531,113.29000091552734,113.29000091552734
14-08-2018,112.86000061035156,113.05999755859375,1030000,114.83999633789062,114.25,114.25
15-08-2018,112.0,113.12000274658203,751600,114.16999816894531,113.83999633789062,113.83999633789062
16-08-2018,113.94999694824219,114.23999786376953,436000,114.45999908447266,114.30999755859375,114.30999755859375
17-08-2018,113.95999908447266,114.33000183105469,680200,115.08000183105469,114.94000244140625,114.94000244140625
20-08-2018,114.33999633789062,115.0,488800,115.16000366210938,114.80999755859375,114.80999755859375
21-08-2018,114.1500015258789,115.0,686900,115.5,114.30999755859375,114.30999755859375
22-08-2018,113.9800033569336,114.0,620400,115.66999816894531,115.31999969482422,115.31999969482422
23-08-2018,114.8499984741211,115.2300033569336,561000,115.94999694824219,115.41999816894531,115.41999816894531
24-08-2018,115.5,115.9000015258789,917500,116.4800033569336,115.73999786376953,115.73999786376953
27-08-2018,114.66999816894531,115.5999984741211,1375600,115.91999816894531,115.37999725341797,115.37999725341797
28-08-2018,114.44000244140625,115.01000213623047,991500,115.87000274658203,115.76000213623047,115.76000213623047
29-08-2018,115.7300033569336,116.08000183105469,1239500,118.01000213623047,117.68000030517578,117.68000030517578
30-08-2018,116.48999786376953,117.30000305175781,994500,117.77999877929688,116.58999633789062,116.58999633789062
31-08-2018,115.69000244140625,116.44000244140625,986700,117.06999969482422,116.19000244140625,116.19000244140625
04-09-2018,114.83999633789062,115.26000213623047,1080600,116.77999877929688,116.61000061035156,116.61000061035156
05-09-2018,114.86000061035156,116.54000091552734,728700,116.62000274658203,115.56999969482422,115.56999969482422
06-09-2018,114.7699966430664,115.2300033569336,901100,116.01000213623047,115.54000091552734,115.54000091552734
07-09-2018,114.58000183105469,115.02999877929688,669500,116.01000213623047,115.41999816894531,115.41999816894531
10-09-2018,115.56999969482422,115.75,1356900,117.88999938964844,117.41000366210938,117.41000366210938
11-09-2018,116.41000366210938,117.01000213623047,676200,117.66999816894531,117.47000122070312,117.47000122070312
12-09-2018,116.41999816894531,116.95999908447266,894600,118.02999877929688,117.93000030517578,117.93000030517578
13-09-2018,118.13999938964844,118.19999694824219,1745000,120.18000030517578,119.81999969482422,119.81999969482422
14-09-2018,119.4800033569336,119.54000091552734,552600,120.58000183105469,120.5,120.5
17-09-2018,119.41000366210938,120.56999969482422,1320700,120.80999755859375,119.66000366210938,119.66000366210938
18-09-2018,118.63999938964844,119.31999969482422,1312900,120.22000122070312,119.66000366210938,119.66000366210938
19-09-2018,116.66999816894531,119.5199966430664,815400,119.8499984741211,118.12000274658203,118.12000274658203
20-09-2018,118.12999725341797,118.58999633789062,1021600,120.7300033569336,118.70999908447266,118.70999908447266
21-09-2018,117.66000366210938,118.6500015258789,1456600,118.76000213623047,117.75,117.75
24-09-2018,116.25,117.5999984741211,654600,119.05000305175781,118.4800033569336,118.4800033569336
25-09-2018,117.87000274658203,119.05000305175781,888100,119.16999816894531,118.16000366210938,118.16000366210938
26-09-2018,118.2300033569336,118.7699966430664,905200,119.2300033569336,118.45999908447266,118.45999908447266
27-09-2018,117.62999725341797,117.91999816894531,944700,118.69999694824219,118.11000061035156,118.11000061035156
28-09-2018,117.47000122070312,117.73999786376953,831000,118.9000015258789,117.66999816894531,117.66999816894531
01-10-2018,117.47000122070312,118.0999984741211,950100,118.7699966430664,117.7300033569336,117.7300033569336
02-10-2018,115.08000183105469,117.0,1489700,117.43000030517578,115.66000366210938,115.66000366210938
03-10-2018,115.22000122070312,115.66000366210938,973500,117.19000244140625,116.69000244140625,116.69000244140625
04-10-2018,114.93000030517578,116.2300033569336,934300,116.7300033569336,115.56999969482422,115.56999969482422
05-10-2018,114.06999969482422,115.56999969482422,1052300,116.30999755859375,115.5,115.5
08-10-2018,112.55000305175781,115.29000091552734,911500,115.48999786376953,114.33999633789062,114.33999633789062
09-10-2018,113.08000183105469,113.97000122070312,1234700,114.98999786376953,113.56999969482422,113.56999969482422
10-10-2018,110.08999633789062,113.69000244140625,1480500,113.87000274658203,110.18000030517578,110.18000030517578
11-10-2018,109.4000015258789,109.7300033569336,1337900,112.06999969482422,110.2699966430664,110.2699966430664
12-10-2018,110.30999755859375,111.36000061035156,1512800,112.26000213623047,111.52999877929688,111.52999877929688
15-10-2018,110.05999755859375,111.13999938964844,950700,112.2300033569336,111.11000061035156,111.11000061035156
16-10-2018,111.54000091552734,112.4000015258789,1543500,113.72000122070312,113.30000305175781,113.30000305175781
17-10-2018,110.86000061035156,113.12000274658203,1260600,113.12000274658203,112.08000183105469,112.08000183105469
18-10-2018,110.23999786376953,111.38999938964844,1071600,112.37999725341797,110.77999877929688,110.77999877929688
19-10-2018,110.26000213623047,112.05999755859375,1037100,113.02999877929688,110.2699966430664,110.2699966430664
22-10-2018,110.33000183105469,111.01000213623047,1342700,113.44000244140625,112.44999694824219,112.44999694824219
23-10-2018,110.51000213623047,111.11000061035156,2063300,113.7699966430664,113.1500015258789,113.1500015258789
24-10-2018,108.16000366210938,113.1500015258789,2569500,114.44999694824219,108.33000183105469,108.33000183105469
25-10-2018,108.0,108.29000091552734,1613200,110.08000183105469,109.2300033569336,109.2300033569336
26-10-2018,106.0,106.11000061035156,1215500,109.55000305175781,108.37000274658203,108.37000274658203
29-10-2018,105.12000274658203,109.31999969482422,1308100,110.4000015258789,106.83999633789062,106.83999633789062
30-10-2018,105.43000030517578,106.94000244140625,1266400,107.94999694824219,107.26000213623047,107.26000213623047
31-10-2018,107.9000015258789,108.55000305175781,1693700,111.27999877929688,111.0,111.0
01-11-2018,109.33999633789062,111.01000213623047,834600,111.72000122070312,111.37999725341797,111.37999725341797
02-11-2018,109.66999816894531,111.91000366210938,912600,112.41999816894531,111.0,111.0
05-11-2018,110.51000213623047,111.05000305175781,753300,112.1500015258789,111.63999938964844,111.63999938964844
06-11-2018,111.0,111.20999908447266,994500,112.7699966430664,111.83999633789062,111.83999633789062
07-11-2018,112.16999816894531,112.97000122070312,1225100,113.47000122070312,112.8499984741211,112.8499984741211
08-11-2018,111.06999969482422,112.36000061035156,951900,113.18000030517578,111.61000061035156,111.61000061035156
09-11-2018,109.01000213623047,110.76000213623047,1166700,112.7300033569336,112.63999938964844,112.63999938964844
12-11-2018,110.66000366210938,111.87000274658203,763700,112.05999755859375,110.77999877929688,110.77999877929688
13-11-2018,110.02999877929688,111.37000274658203,890300,112.4000015258789,110.93000030517578,110.93000030517578
14-11-2018,110.79000091552734,111.5,861000,112.77999877929688,111.29000091552734,111.29000091552734
15-11-2018,110.2300033569336,110.69999694824219,977800,113.73999786376953,113.54000091552734,113.54000091552734
16-11-2018,112.23999786376953,113.0999984741211,713200,114.4000015258789,114.33999633789062,114.33999633789062
19-11-2018,110.91999816894531,113.80000305175781,854400,113.88999938964844,111.41999816894531,111.41999816894531
20-11-2018,106.3499984741211,110.37999725341797,1951800,110.9800033569336,107.12000274658203,107.12000274658203
21-11-2018,107.27999877929688,108.13999938964844,871100,109.0,107.98999786376953,107.98999786376953
23-11-2018,106.62000274658203,106.79000091552734,489900,109.9000015258789,109.13999938964844,109.13999938964844
26-11-2018,108.94000244140625,110.0,664300,110.36000061035156,110.19999694824219,110.19999694824219
27-11-2018,107.62000274658203,109.97000122070312,913500,109.98999786376953,107.8499984741211,107.8499984741211
28-11-2018,108.2300033569336,108.33999633789062,1338000,111.47000122070312,111.1500015258789,111.1500015258789
29-11-2018,109.5,111.12000274658203,930400,111.2300033569336,110.37999725341797,110.37999725341797
30-11-2018,110.33999633789062,110.63999938964844,1050400,111.98999786376953,111.80999755859375,111.80999755859375
03-12-2018,111.79000091552734,112.77999877929688,942400,113.16000366210938,112.47000122070312,112.47000122070312
04-12-2018,110.01000213623047,112.0,856300,112.79000091552734,110.20999908447266,110.20999908447266
06-12-2018,108.3499984741211,108.54000091552734,1489800,110.1500015258789,109.98999786376953,109.98999786376953
07-12-2018,105.77999877929688,109.69999694824219,1423300,109.7699966430664,106.27999877929688,106.27999877929688
10-12-2018,105.66999816894531,106.02999877929688,1306400,109.55999755859375,109.12999725341797,109.12999725341797
11-12-2018,108.5999984741211,109.81999969482422,937100,111.0999984741211,108.83999633789062,108.83999633789062
12-12-2018,108.36000061035156,110.0,883100,110.47000122070312,108.73999786376953,108.73999786376953
13-12-2018,107.91000366210938,109.47000122070312,816000,110.0,108.44000244140625,108.44000244140625
14-12-2018,106.91000366210938,107.30999755859375,761500,109.29000091552734,107.41999816894531,107.41999816894531
17-12-2018,103.61000061035156,107.12999725341797,822500,107.43000030517578,104.13999938964844,104.13999938964844
18-12-2018,103.7300033569336,105.27999877929688,762000,105.73999786376953,104.55000305175781,104.55000305175781
19-12-2018,103.37000274658203,104.76000213623047,977600,106.93000030517578,104.36000061035156,104.36000061035156
20-12-2018,101.31999969482422,104.2300033569336,1112500,104.7300033569336,103.12999725341797,103.12999725341797
21-12-2018,99.7300033569336,103.52999877929688,1483900,104.26000213623047,100.04000091552734,100.04000091552734
24-12-2018,98.56999969482422,99.20999908447266,534400,100.8499984741211,99.5999984741211,99.5999984741211
26-12-2018,99.12000274658203,99.94000244140625,748800,103.08000183105469,102.9800033569336,102.9800033569336
27-12-2018,100.58999633789062,101.72000122070312,545200,103.4800033569336,103.47000122070312,103.47000122070312
28-12-2018,101.79000091552734,103.55999755859375,456000,104.05999755859375,102.91000366210938,102.91000366210938
31-12-2018,102.08999633789062,103.5199966430664,438200,104.0,102.6500015258789,102.6500015258789
02-01-2019,100.62999725341797,101.04000091552734,940500,103.7300033569336,103.5,103.5
03-01-2019,101.79000091552734,101.83999633789062,959900,104.26000213623047,102.3499984741211,102.3499984741211
04-01-2019,103.62000274658203,103.83000183105469,1136100,105.5199966430664,105.3499984741211,105.3499984741211
07-01-2019,103.54000091552734,104.87999725341797,1216300,105.44000244140625,104.87000274658203,104.87000274658203
08-01-2019,105.08000183105469,105.25,859400,107.62000274658203,107.56999969482422,107.56999969482422
09-01-2019,107.1500015258789,107.97000122070312,1410900,109.83000183105469,107.5,107.5
10-01-2019,106.88999938964844,107.37999725341797,889200,108.58999633789062,107.81999969482422,107.81999969482422
11-01-2019,104.70999908447266,107.13999938964844,1329800,108.2699966430664,105.38999938964844,105.38999938964844
14-01-2019,103.45999908447266,104.83000183105469,1078300,105.20999908447266,104.30000305175781,104.30000305175781
15-01-2019,104.05999755859375,104.2300033569336,947300,107.0,105.9000015258789,105.9000015258789
16-01-2019,104.22000122070312,106.12999725341797,994000,106.47000122070312,104.43000030517578,104.43000030517578
17-01-2019,104.44000244140625,104.45999908447266,859900,106.5,105.94999694824219,105.94999694824219
18-01-2019,105.41999816894531,106.62999725341797,962800,107.62000274658203,106.83999633789062,106.83999633789062
22-01-2019,105.87999725341797,106.5,834700,107.69000244140625,106.66000366210938,106.66000366210938
23-01-2019,105.95999908447266,106.56999969482422,1107400,108.18000030517578,107.4000015258789,107.4000015258789
24-01-2019,106.43000030517578,107.56999969482422,521800,107.9000015258789,107.3499984741211,107.3499984741211
25-01-2019,107.47000122070312,108.05000305175781,694400,108.69000244140625,107.98999786376953,107.98999786376953
28-01-2019,107.33999633789062,107.33999633789062,1645300,110.3499984741211,109.63999938964844,109.63999938964844
29-01-2019,108.72000122070312,109.4800033569336,1652600,110.9800033569336,110.76000213623047,110.76000213623047
30-01-2019,108.5199966430664,111.0,1851600,112.73999786376953,110.93000030517578,110.93000030517578
31-01-2019,110.18000030517578,110.18000030517578,1373300,112.58999633789062,111.91999816894531,111.91999816894531
01-02-2019,111.56999969482422,111.72000122070312,654300,113.0,112.56999969482422,112.56999969482422
04-02-2019,112.26000213623047,112.66000366210938,1177600,115.13999938964844,114.27999877929688,114.27999877929688
05-02-2019,114.27999877929688,115.0,662600,115.48999786376953,115.37000274658203,115.37000274658203
06-02-2019,114.5,115.44000244140625,635200,116.0199966430664,115.9000015258789,115.9000015258789
07-02-2019,114.66999816894531,115.25,1055000,116.27999877929688,115.79000091552734,115.79000091552734
08-02-2019,114.30999755859375,114.76000213623047,578300,116.29000091552734,116.26000213623047,116.26000213623047
11-02-2019,116.26000213623047,117.05999755859375,505700,118.0,116.6500015258789,116.6500015258789
12-02-2019,116.66000366210938,116.80000305175781,1113000,119.26000213623047,119.08999633789062,119.08999633789062
13-02-2019,117.9000015258789,119.31999969482422,1078600,119.80000305175781,118.04000091552734,118.04000091552734
14-02-2019,116.2699966430664,117.81999969482422,862100,119.62999725341797,119.31999969482422,119.31999969482422
15-02-2019,118.80999755859375,119.9000015258789,753700,120.20999908447266,120.0999984741211,120.0999984741211
19-02-2019,119.73999786376953,120.04000091552734,1057000,121.56999969482422,120.33999633789062,120.33999633789062
20-02-2019,119.30999755859375,119.98999786376953,799200,120.80000305175781,119.98999786376953,119.98999786376953
21-02-2019,119.44999694824219,119.58999633789062,663600,121.62000274658203,121.18000030517578,121.18000030517578
22-02-2019,121.44000244140625,121.54000091552734,438900,122.94999694824219,122.76000213623047,122.76000213623047
25-02-2019,121.5999984741211,122.9000015258789,996900,123.19000244140625,121.77999877929688,121.77999877929688
26-02-2019,121.1500015258789,121.77999877929688,903700,121.94999694824219,121.4800033569336,121.4800033569336
27-02-2019,121.0999984741211,121.0999984741211,796700,123.16000366210938,123.0,123.0
28-02-2019,122.2300033569336,123.05999755859375,873800,123.69000244140625,122.30000305175781,122.30000305175781
01-03-2019,120.5999984741211,121.63999938964844,887900,123.0199966430664,121.30000305175781,121.30000305175781
04-03-2019,119.5199966430664,120.72000122070312,703300,122.58999633789062,121.1500015258789,121.1500015258789
05-03-2019,120.22000122070312,121.1500015258789,730200,121.66000366210938,120.56999969482422,120.56999969482422
06-03-2019,118.69999694824219,119.68000030517578,766900,120.30999755859375,118.9800033569336,118.9800033569336
07-03-2019,117.6500015258789,118.37000274658203,632100,119.37000274658203,118.45999908447266,118.45999908447266
08-03-2019,117.06999969482422,117.58999633789062,529900,119.0,118.94000244140625,118.94000244140625
11-03-2019,118.97000122070312,119.37999725341797,828700,120.16999816894531,120.02999877929688,120.02999877929688
12-03-2019,119.73999786376953,120.16000366210938,1160100,121.22000122070312,121.19999694824219,121.19999694824219
13-03-2019,121.55000305175781,121.80000305175781,677900,123.16000366210938,122.04000091552734,122.04000091552734
14-03-2019,122.08999633789062,122.2699966430664,1789400,123.87000274658203,123.80000305175781,123.80000305175781
15-03-2019,123.19999694824219,124.37000274658203,1582900,125.68000030517578,125.63999938964844,125.63999938964844
18-03-2019,125.2300033569336,125.45999908447266,1190900,127.52999877929688,126.75,126.75
19-03-2019,125.77999877929688,127.5,1094600,128.11000061035156,126.18000030517578,126.18000030517578
20-03-2019,125.33000183105469,125.94000244140625,889900,126.56999969482422,125.80999755859375,125.80999755859375
21-03-2019,124.08000183105469,125.19999694824219,1463900,126.62999725341797,126.16000366210938,126.16000366210938
22-03-2019,125.11000061035156,125.83000183105469,758500,126.19999694824219,125.43000030517578,125.43000030517578
25-03-2019,124.36000061035156,124.91999816894531,471500,125.51000213623047,125.43000030517578,125.43000030517578
26-03-2019,125.33000183105469,126.08000183105469,600800,126.66000366210938,126.05999755859375,126.05999755859375
27-03-2019,123.7300033569336,125.55999755859375,701800,126.25,124.54000091552734,124.54000091552734
28-03-2019,124.06999969482422,124.94999694824219,495800,125.08000183105469,124.83000183105469,124.83000183105469
29-03-2019,125.05000305175781,125.47000122070312,722900,126.55999755859375,126.48999786376953,126.48999786376953
01-04-2019,125.75,127.19000244140625,783100,128.14999389648438,126.80000305175781,126.80000305175781
02-04-2019,126.08000183105469,126.70999908447266,728900,128.11000061035156,127.98999786376953,127.98999786376953
03-04-2019,127.3499984741211,128.60000610351562,925700,128.85000610351562,127.80000305175781,127.80000305175781
04-04-2019,122.94999694824219,128.11000061035156,2127000,128.11000061035156,124.22000122070312,124.22000122070312
05-04-2019,123.6500015258789,124.68000030517578,900100,125.16000366210938,123.97000122070312,123.97000122070312
08-04-2019,123.16999816894531,123.9800033569336,877000,125.18000030517578,124.55999755859375,124.55999755859375
09-04-2019,123.2300033569336,123.94999694824219,647800,124.8499984741211,124.36000061035156,124.36000061035156
10-04-2019,124.18000030517578,124.30999755859375,624700,125.77999877929688,125.55000305175781,125.55000305175781
11-04-2019,125.45999908447266,125.68000030517578,743900,126.79000091552734,125.80999755859375,125.80999755859375
12-04-2019,127.0,127.5,1798700,131.57000732421875,130.39999389648438,130.39999389648438
15-04-2019,130.1300048828125,130.1300048828125,1141200,132.3000030517578,131.57000732421875,131.57000732421875
16-04-2019,129.25999450683594,131.61000061035156,927800,132.75999450683594,130.07000732421875,130.07000732421875
17-04-2019,127.88999938964844,130.9499969482422,1627600,130.9499969482422,129.52999877929688,129.52999877929688
18-04-2019,115.20999908447266,120.1500015258789,5044100,120.1500015258789,119.98999786376953,119.98999786376953
22-04-2019,118.0999984741211,120.48999786376953,1592400,121.5,118.3499984741211,118.3499984741211
23-04-2019,117.12000274658203,119.16000366210938,1500800,119.5,118.5199966430664,118.5199966430664
24-04-2019,117.72000122070312,118.93000030517578,1007500,119.87999725341797,118.19000244140625,118.19000244140625
25-04-2019,117.75,118.56999969482422,934300,119.30000305175781,119.1500015258789,119.1500015258789
26-04-2019,118.9800033569336,118.9800033569336,830100,121.0999984741211,119.6500015258789,119.6500015258789
29-04-2019,119.6500015258789,119.6500015258789,604800,121.25,120.79000091552734,120.79000091552734
30-04-2019,119.91000366210938,120.29000091552734,1022900,121.23999786376953,120.76000213623047,120.76000213623047
01-05-2019,118.51000213623047,120.36000061035156,848400,120.7699966430664,118.6500015258789,118.6500015258789
02-05-2019,118.33000183105469,118.6500015258789,668200,120.73999786376953,118.58999633789062,118.58999633789062
03-05-2019,118.31999969482422,119.05999755859375,750700,120.0,119.94000244140625,119.94000244140625
06-05-2019,117.4000015258789,117.6500015258789,923400,119.91999816894531,119.62000274658203,119.62000274658203
07-05-2019,116.01000213623047,118.08000183105469,1288100,119.19000244140625,116.41999816894531,116.41999816894531
08-05-2019,115.5,116.41999816894531,729200,117.44999694824219,117.05000305175781,117.05000305175781
09-05-2019,115.62999725341797,116.58999633789062,750600,118.30999755859375,117.77999877929688,117.77999877929688
10-05-2019,116.38999938964844,116.68000030517578,435300,118.94999694824219,118.62999725341797,118.62999725341797
13-05-2019,115.2699966430664,116.47000122070312,934000,117.33999633789062,115.44999694824219,115.44999694824219
14-05-2019,115.94999694824219,115.94999694824219,614700,117.2699966430664,116.33000183105469,116.33000183105469
15-05-2019,115.52999877929688,115.52999877929688,677900,117.66000366210938,116.80999755859375,116.80999755859375
16-05-2019,116.9000015258789,116.91999816894531,812300,119.5999984741211,119.12000274658203,119.12000274658203
17-05-2019,118.12999725341797,118.88999938964844,546400,119.79000091552734,118.43000030517578,118.43000030517578
20-05-2019,117.0,117.51000213623047,590700,118.61000061035156,117.97000122070312,117.97000122070312
21-05-2019,117.9000015258789,119.0999984741211,540400,119.79000091552734,117.97000122070312,117.97000122070312
22-05-2019,117.87000274658203,117.87000274658203,540400,118.86000061035156,118.23999786376953,118.23999786376953
23-05-2019,112.5999984741211,116.97000122070312,1304800,117.52999877929688,113.4000015258789,113.4000015258789
24-05-2019,113.0,114.25,822800,115.0,113.93000030517578,113.93000030517578
28-05-2019,113.19000244140625,114.47000122070312,1144400,115.80999755859375,113.23999786376953,113.23999786376953
29-05-2019,112.13999938964844,112.80999755859375,905200,113.75,113.13999938964844,113.13999938964844
30-05-2019,111.43000030517578,113.22000122070312,1627700,114.05999755859375,112.56999969482422,112.56999969482422
31-05-2019,110.18000030517578,111.58000183105469,1050700,112.08999633789062,110.27999877929688,110.27999877929688
03-06-2019,108.58999633789062,110.62999725341797,1019300,111.19999694824219,109.4000015258789,109.4000015258789
04-06-2019,110.05999755859375,110.93000030517578,919600,112.19999694824219,112.08999633789062,112.08999633789062
05-06-2019,111.62999725341797,112.36000061035156,669300,113.12000274658203,112.33999633789062,112.33999633789062
06-06-2019,111.44999694824219,112.9000015258789,452400,113.0999984741211,111.95999908447266,111.95999908447266
07-06-2019,111.91000366210938,112.5,653800,113.6500015258789,111.98999786376953,111.98999786376953
10-06-2019,112.48999786376953,112.5199966430664,827200,114.54000091552734,113.9800033569336,113.9800033569336
11-06-2019,111.54000091552734,115.2300033569336,910900,115.3499984741211,113.27999877929688,113.27999877929688
12-06-2019,112.41000366210938,113.19999694824219,514500,113.76000213623047,113.22000122070312,113.22000122070312
13-06-2019,112.62000274658203,113.76000213623047,771300,114.94999694824219,113.0,113.0
14-06-2019,112.3499984741211,112.45999908447266,695000,113.80999755859375,113.31999969482422,113.31999969482422
17-06-2019,113.0199966430664,113.23999786376953,530500,114.0,113.3499984741211,113.3499984741211
18-06-2019,112.5,115.52999877929688,814000,115.55999755859375,112.73999786376953,112.73999786376953
19-06-2019,112.01000213623047,113.26000213623047,719100,114.5999984741211,114.2300033569336,114.2300033569336
20-06-2019,113.69000244140625,116.0,844000,116.0,114.81999969482422,114.81999969482422
21-06-2019,114.01000213623047,114.83000183105469,1426500,115.9800033569336,114.18000030517578,114.18000030517578
24-06-2019,113.23999786376953,114.62999725341797,577100,114.80000305175781,113.88999938964844,113.88999938964844
25-06-2019,113.62999725341797,113.98999786376953,805600,114.4800033569336,114.08000183105469,114.08000183105469
26-06-2019,113.76000213623047,114.58000183105469,536000,115.41999816894531,113.94999694824219,113.94999694824219
27-06-2019,114.23999786376953,114.56999969482422,746300,116.02999877929688,115.2300033569336,115.2300033569336
28-06-2019,114.8499984741211,115.73999786376953,829100,116.29000091552734,115.61000061035156,115.61000061035156
01-07-2019,116.43000030517578,117.2300033569336,907800,118.08999633789062,117.77999877929688,117.77999877929688
02-07-2019,117.70999908447266,118.4000015258789,699400,119.44000244140625,119.25,119.25
03-07-2019,119.01000213623047,119.69999694824219,454100,120.68000030517578,119.47000122070312,119.47000122070312
05-07-2019,117.86000061035156,119.37999725341797,642000,119.58000183105469,119.55999755859375,119.55999755859375
08-07-2019,119.0999984741211,119.44000244140625,664000,120.5999984741211,120.2699966430664,120.2699966430664
09-07-2019,119.06999969482422,119.69000244140625,971000,120.25,120.20999908447266,120.20999908447266
10-07-2019,119.62000274658203,120.69000244140625,666900,120.98999786376953,119.73999786376953,119.73999786376953
11-07-2019,118.80000305175781,120.05000305175781,1172700,120.30000305175781,119.2300033569336,119.2300033569336
12-07-2019,118.30000305175781,119.80999755859375,822500,119.80999755859375,118.80000305175781,118.80000305175781
15-07-2019,116.7699966430664,118.86000061035156,1164700,118.9800033569336,117.62999725341797,117.62999725341797
16-07-2019,114.58999633789062,116.23999786376953,1110700,116.44000244140625,116.25,116.25
17-07-2019,115.72000122070312,116.66000366210938,1012600,117.58999633789062,115.98999786376953,115.98999786376953
18-07-2019,115.33000183105469,115.69999694824219,746300,117.31999969482422,116.87999725341797,116.87999725341797
19-07-2019,116.0199966430664,117.5999984741211,792600,117.94999694824219,116.08000183105469,116.08000183105469
22-07-2019,115.16999816894531,116.43000030517578,724100,118.0,115.2699966430664,115.2699966430664
23-07-2019,114.08000183105469,116.04000091552734,1059000,116.4800033569336,115.70999908447266,115.70999908447266
24-07-2019,111.5199966430664,114.5,2750800,114.9000015258789,113.25,113.25
25-07-2019,112.44000244140625,112.91999816894531,1126500,115.05999755859375,113.68000030517578,113.68000030517578
26-07-2019,112.47000122070312,114.25,925400,114.83000183105469,112.48999786376953,112.48999786376953
29-07-2019,110.4000015258789,112.38999938964844,1207400,112.72000122070312,111.87999725341797,111.87999725341797
30-07-2019,110.38999938964844,110.88999938964844,964300,111.80999755859375,111.43000030517578,111.43000030517578
31-07-2019,111.1500015258789,111.70999908447266,1225100,113.30999755859375,111.94999694824219,111.94999694824219
01-08-2019,110.4800033569336,111.7699966430664,1317600,112.19999694824219,110.79000091552734,110.79000091552734
02-08-2019,110.51000213623047,110.66999816894531,1093100,112.11000061035156,111.73999786376953,111.73999786376953
05-08-2019,107.77999877929688,109.95999908447266,1598100,110.48999786376953,108.08999633789062,108.08999633789062
06-08-2019,107.51000213623047,109.0199966430664,1439400,109.86000061035156,108.22000122070312,108.22000122070312
07-08-2019,107.02999877929688,107.38999938964844,838900,109.48999786376953,109.31999969482422,109.31999969482422
08-08-2019,109.58000183105469,109.58000183105469,1053100,111.7699966430664,111.69999694824219,111.69999694824219
09-08-2019,110.86000061035156,111.08000183105469,711400,112.0,111.04000091552734,111.04000091552734
12-08-2019,109.20999908447266,110.36000061035156,589700,110.76000213623047,109.43000030517578,109.43000030517578
13-08-2019,109.0,109.55999755859375,879900,111.79000091552734,110.62000274658203,110.62000274658203
14-08-2019,107.05000305175781,108.70999908447266,974900,109.41999816894531,107.51000213623047,107.51000213623047
15-08-2019,106.94000244140625,107.29000091552734,695400,108.37000274658203,107.63999938964844,107.63999938964844
16-08-2019,107.98999786376953,108.66999816894531,625500,109.31999969482422,108.12000274658203,108.12000274658203
19-08-2019,108.08000183105469,108.66000366210938,524200,109.08999633789062,108.7699966430664,108.7699966430664
20-08-2019,107.94000244140625,108.69999694824219,708800,109.22000122070312,108.47000122070312,108.47000122070312
21-08-2019,108.61000061035156,109.19000244140625,630200,109.98999786376953,109.20999908447266,109.20999908447266
22-08-2019,108.12999725341797,109.29000091552734,680400,110.0,108.9800033569336,108.9800033569336
23-08-2019,106.51000213623047,108.55999755859375,842500,109.16000366210938,106.80000305175781,106.80000305175781
26-08-2019,105.80999755859375,107.44999694824219,652300,107.98999786376953,106.5199966430664,106.5199966430664
27-08-2019,105.48999786376953,107.1500015258789,1110800,107.72000122070312,106.72000122070312,106.72000122070312
28-08-2019,105.12999725341797,106.01000213623047,828400,106.61000061035156,105.77999877929688,105.77999877929688
29-08-2019,106.76000213623047,107.06999969482422,616900,108.12000274658203,107.45999908447266,107.45999908447266
30-08-2019,107.44999694824219,108.13999938964844,716400,108.30999755859375,107.69999694824219,107.69999694824219
03-09-2019,106.12000274658203,107.0,714800,107.91000366210938,106.52999877929688,106.52999877929688
04-09-2019,106.12000274658203,107.23999786376953,715500,107.88999938964844,106.26000213623047,106.26000213623047
05-09-2019,107.19999694824219,107.41999816894531,1248100,109.06999969482422,108.0,108.0
06-09-2019,107.25,108.63999938964844,990100,108.63999938964844,107.44000244140625,107.44000244140625
09-09-2019,107.69999694824219,108.05000305175781,1949000,110.02999877929688,109.88999938964844,109.88999938964844
10-09-2019,108.9800033569336,109.62999725341797,1192000,111.31999969482422,111.27999877929688,111.27999877929688
11-09-2019,110.04000091552734,111.05000305175781,768700,112.70999908447266,112.61000061035156,112.61000061035156
12-09-2019,110.73999786376953,113.0,796800,113.56999969482422,111.31999969482422,111.31999969482422
13-09-2019,110.91000366210938,111.51000213623047,624200,111.91999816894531,111.87999725341797,111.87999725341797
16-09-2019,110.1500015258789,110.75,864900,113.54000091552734,111.01000213623047,111.01000213623047
17-09-2019,109.73999786376953,110.95999908447266,591500,110.95999908447266,110.69000244140625,110.69000244140625
18-09-2019,109.91999816894531,110.44999694824219,646700,111.16999816894531,111.08999633789062,111.08999633789062
19-09-2019,107.9000015258789,108.72000122070312,1566700,110.41000366210938,108.18000030517578,108.18000030517578
20-09-2019,107.80999755859375,108.30000305175781,1238800,109.25,108.9000015258789,108.9000015258789
23-09-2019,107.83999633789062,109.13999938964844,836100,109.13999938964844,108.44000244140625,108.44000244140625
24-09-2019,106.02999877929688,108.62999725341797,831100,108.98999786376953,106.16999816894531,106.16999816894531
25-09-2019,105.36000061035156,106.37000274658203,836700,107.79000091552734,107.75,107.75
26-09-2019,107.70999908447266,108.0199966430664,706800,109.4800033569336,109.12000274658203,109.12000274658203
27-09-2019,107.45999908447266,109.47000122070312,681000,109.58999633789062,108.16999816894531,108.16999816894531
30-09-2019,107.61000061035156,108.31999969482422,926400,110.29000091552734,109.5,109.5
01-10-2019,107.31999969482422,109.37000274658203,1204800,111.47000122070312,107.43000030517578,107.43000030517578
02-10-2019,105.19000244140625,107.0,1323000,108.0,107.94999694824219,107.94999694824219
03-10-2019,106.05999755859375,107.44999694824219,1039300,108.31999969482422,107.9000015258789,107.9000015258789
04-10-2019,108.12999725341797,108.87000274658203,1276800,111.06999969482422,111.0,111.0
07-10-2019,110.12999725341797,110.1500015258789,678700,111.69000244140625,110.91000366210938,110.91000366210938
08-10-2019,108.68000030517578,109.44999694824219,1097800,110.51000213623047,109.38999938964844,109.38999938964844
09-10-2019,109.66000366210938,110.1500015258789,871500,110.83000183105469,110.16000366210938,110.16000366210938
10-10-2019,108.61000061035156,109.66999816894531,1024400,110.05999755859375,109.4800033569336,109.4800033569336
11-10-2019,109.54000091552734,110.08000183105469,608100,111.81999969482422,111.26000213623047,111.26000213623047
14-10-2019,108.27999877929688,109.66999816894531,879500,109.8499984741211,108.73999786376953,108.73999786376953
15-10-2019,108.63999938964844,108.95999908447266,884700,109.86000061035156,108.9000015258789,108.9000015258789
16-10-2019,107.38999938964844,108.1500015258789,1215400,108.55000305175781,108.19999694824219,108.19999694824219
17-10-2019,107.41000366210938,108.33999633789062,770300,108.68000030517578,108.05000305175781,108.05000305175781
18-10-2019,107.26000213623047,108.12000274658203,706400,108.58999633789062,107.41000366210938,107.41000366210938
21-10-2019,107.36000061035156,107.88999938964844,741200,108.33000183105469,107.38999938964844,107.38999938964844
22-10-2019,106.62999725341797,107.27999877929688,655200,107.97000122070312,106.63999938964844,106.63999938964844
23-10-2019,106.13999938964844,106.63999938964844,1225600,107.58000183105469,107.33999633789062,107.33999633789062
24-10-2019,107.37999725341797,107.91999816894531,1785400,108.70999908447266,108.5,108.5
25-10-2019,107.38999938964844,107.87000274658203,1674800,108.69000244140625,108.31999969482422,108.31999969482422
28-10-2019,106.94000244140625,109.7699966430664,3732900,111.33000183105469,109.0199966430664,109.0199966430664
29-10-2019,108.5,108.97000122070312,1968900,113.72000122070312,113.11000061035156,113.11000061035156
30-10-2019,110.61000061035156,112.86000061035156,1615700,112.86000061035156,112.1500015258789,112.1500015258789
31-10-2019,110.58000183105469,112.13999938964844,925000,112.97000122070312,112.41000366210938,112.41000366210938
01-11-2019,111.9800033569336,112.81999969482422,703700,113.6500015258789,112.12000274658203,112.12000274658203
04-11-2019,111.5,112.55999755859375,1318500,113.0,111.55000305175781,111.55000305175781
05-11-2019,111.0199966430664,111.33000183105469,742000,113.58000183105469,113.38999938964844,113.38999938964844
06-11-2019,112.91999816894531,113.5199966430664,724300,114.44000244140625,113.73999786376953,113.73999786376953
07-11-2019,114.1500015258789,114.5199966430664,555600,115.29000091552734,114.58999633789062,114.58999633789062
08-11-2019,113.04000091552734,114.4000015258789,692100,115.51000213623047,115.41999816894531,115.41999816894531
11-11-2019,114.5999984741211,115.0,501200,116.29000091552734,115.87000274658203,115.87000274658203
12-11-2019,115.45999908447266,116.11000061035156,777100,116.75,115.69999694824219,115.69999694824219
13-11-2019,114.83999633789062,115.4000015258789,520500,116.26000213623047,115.81999969482422,115.81999969482422
14-11-2019,115.41000366210938,115.86000061035156,447600,116.48999786376953,116.27999877929688,116.27999877929688
15-11-2019,115.95999908447266,116.5999984741211,564300,117.04000091552734,116.4000015258789,116.4000015258789
18-11-2019,116.2699966430664,116.41999816894531,549400,117.26000213623047,116.87000274658203,116.87000274658203
19-11-2019,116.52999877929688,117.0,567000,117.94000244140625,117.30999755859375,117.30999755859375
20-11-2019,116.22000122070312,116.95999908447266,774800,117.76000213623047,116.58000183105469,116.58000183105469
21-11-2019,115.83999633789062,116.8499984741211,635000,116.95999908447266,116.2699966430664,116.2699966430664
22-11-2019,115.58999633789062,116.58000183105469,655700,117.29000091552734,117.12000274658203,117.12000274658203
25-11-2019,117.06999969482422,117.5,589200,118.4000015258789,117.16000366210938,117.16000366210938
26-11-2019,116.55000305175781,117.43000030517578,925900,117.56999969482422,117.31999969482422,117.31999969482422
27-11-2019,117.31999969482422,117.37999725341797,746800,118.66999816894531,118.63999938964844,118.63999938964844
29-11-2019,117.58999633789062,118.26000213623047,258500,118.36000061035156,117.87999725341797,117.87999725341797
02-12-2019,116.19999694824219,117.70999908447266,821600,118.0,116.38999938964844,116.38999938964844
03-12-2019,112.29000091552734,114.86000061035156,1657500,115.31999969482422,113.0199966430664,113.0199966430664
04-12-2019,112.55999755859375,113.62000274658203,716600,113.7300033569336,112.56999969482422,112.56999969482422
05-12-2019,112.54000091552734,112.66000366210938,799900,114.0,113.30999755859375,113.30999755859375
06-12-2019,112.87999725341797,114.04000091552734,442300,114.04000091552734,112.93000030517578,112.93000030517578
09-12-2019,112.5,112.52999877929688,534500,113.79000091552734,113.47000122070312,113.47000122070312
10-12-2019,112.2699966430664,113.45999908447266,617500,113.79000091552734,112.38999938964844,112.38999938964844
11-12-2019,112.88999938964844,112.93000030517578,525400,113.87999725341797,113.52999877929688,113.52999877929688
12-12-2019,112.9000015258789,113.33999633789062,948400,115.06999969482422,113.7699966430664,113.7699966430664
13-12-2019,113.23999786376953,114.08999633789062,714300,114.83999633789062,113.30999755859375,113.30999755859375
16-12-2019,113.06999969482422,113.37999725341797,667800,114.48999786376953,113.18000030517578,113.18000030517578
17-12-2019,110.94999694824219,113.79000091552734,1102000,114.04000091552734,111.0,111.0
18-12-2019,110.12000274658203,110.87999725341797,690100,112.62999725341797,112.16999816894531,112.16999816894531
19-12-2019,111.13999938964844,111.63999938964844,843600,112.77999877929688,112.68000030517578,112.68000030517578
20-12-2019,111.48999786376953,113.5,1149200,113.62999725341797,111.68000030517578,111.68000030517578
23-12-2019,111.0199966430664,111.91999816894531,720100,112.1500015258789,111.75,111.75
24-12-2019,111.0199966430664,111.72000122070312,179300,111.98999786376953,111.58000183105469,111.58000183105469
26-12-2019,111.62999725341797,112.04000091552734,480600,113.2300033569336,112.06999969482422,112.06999969482422
27-12-2019,110.7300033569336,112.29000091552734,489100,112.29000091552734,111.80000305175781,111.80000305175781
30-12-2019,110.94000244140625,111.87000274658203,679900,112.0,111.68000030517578,111.68000030517578
31-12-2019,110.56999969482422,111.25,534600,112.77999877929688,110.95999908447266,110.95999908447266
02-01-2020,111.30999755859375,111.3499984741211,982700,112.69000244140625,112.26000213623047,112.26000213623047
03-01-2020,111.02999877929688,111.02999877929688,661000,112.77999877929688,112.29000091552734,112.29000091552734
06-01-2020,111.76000213623047,111.9800033569336,728700,113.48999786376953,112.80000305175781,112.80000305175781
07-01-2020,110.69000244140625,111.58999633789062,981500,112.81999969482422,112.02999877929688,112.02999877929688
08-01-2020,110.36000061035156,112.3499984741211,1580300,112.52999877929688,111.4800033569336,111.4800033569336
09-01-2020,110.62000274658203,111.0199966430664,1156000,112.6500015258789,111.70999908447266,111.70999908447266
10-01-2020,111.80000305175781,112.37999725341797,894100,113.30000305175781,112.62000274658203,112.62000274658203
13-01-2020,110.30000305175781,110.69999694824219,1324200,114.70999908447266,113.44000244140625,113.44000244140625
14-01-2020,112.63999938964844,113.04000091552734,958500,114.1500015258789,113.68000030517578,113.68000030517578
15-01-2020,113.55999755859375,113.9000015258789,712600,114.47000122070312,113.91999816894531,113.91999816894531
16-01-2020,113.75,114.62999725341797,1067600,114.97000122070312,114.77999877929688,114.77999877929688
17-01-2020,113.55000305175781,115.44000244140625,1353800,115.58000183105469,113.75,113.75
21-01-2020,112.95999908447266,113.2300033569336,1008500,114.16000366210938,113.88999938964844,113.88999938964844
22-01-2020,114.01000213623047,114.0199966430664,696900,115.5,114.87999725341797,114.87999725341797
23-01-2020,113.7699966430664,115.0,779700,115.55999755859375,115.51000213623047,115.51000213623047
24-01-2020,115.04000091552734,115.95999908447266,875400,116.58000183105469,115.4800033569336,115.4800033569336
27-01-2020,112.66999816894531,113.48999786376953,911500,114.75,114.33000183105469,114.33000183105469
28-01-2020,113.66000366210938,115.01000213623047,942000,115.44999694824219,113.7699966430664,113.7699966430664
29-01-2020,113.38999938964844,114.37999725341797,996200,114.88999938964844,113.94999694824219,113.94999694824219
30-01-2020,112.9000015258789,113.69999694824219,960700,114.5,114.37000274658203,114.37000274658203
31-01-2020,113.22000122070312,114.37000274658203,2115800,114.91000366210938,114.30999755859375,114.30999755859375
03-02-2020,111.0,111.0,2075600,114.62000274658203,113.58000183105469,113.58000183105469
04-02-2020,112.69999694824219,113.62000274658203,1259100,115.44999694824219,115.12000274658203,115.12000274658203
05-02-2020,114.5999984741211,115.80000305175781,1163600,117.08999633789062,115.5199966430664,115.5199966430664
06-02-2020,115.87000274658203,116.08000183105469,1173700,118.22000122070312,117.52999877929688,117.52999877929688
07-02-2020,116.51000213623047,117.48999786376953,812800,118.0999984741211,117.26000213623047,117.26000213623047
10-02-2020,116.87999725341797,116.94000244140625,597200,118.0999984741211,118.08000183105469,118.08000183105469
11-02-2020,117.80999755859375,118.62999725341797,807100,119.66999816894531,117.87999725341797,117.87999725341797
12-02-2020,118.13999938964844,118.61000061035156,815900,119.62000274658203,119.27999877929688,119.27999877929688
13-02-2020,117.0999984741211,118.93000030517578,986200,119.26000213623047,117.87999725341797,117.87999725341797
14-02-2020,116.7300033569336,117.87999725341797,576700,118.48999786376953,117.0999984741211,117.0999984741211
18-02-2020,114.33000183105469,116.41000366210938,960500,117.06999969482422,116.4000015258789,116.4000015258789
19-02-2020,116.33000183105469,116.5999984741211,705300,117.43000030517578,117.0,117.0
20-02-2020,115.77999877929688,116.52999877929688,739200,117.61000061035156,117.54000091552734,117.54000091552734
21-02-2020,116.05000305175781,117.02999877929688,710300,117.66000366210938,116.33999633789062,116.33999633789062
24-02-2020,111.0199966430664,113.2699966430664,1396300,114.75,111.6500015258789,111.6500015258789
25-02-2020,106.16999816894531,111.91999816894531,2829700,111.97000122070312,106.37999725341797,106.37999725341797
26-02-2020,103.58000183105469,107.36000061035156,1965000,108.18000030517578,103.66000366210938,103.66000366210938
27-02-2020,100.43000030517578,101.95999908447266,2444100,105.69000244140625,101.63999938964844,101.63999938964844
28-02-2020,98.91000366210938,99.33999633789062,2347000,104.25,103.80000305175781,103.80000305175781
02-03-2020,101.69999694824219,104.30000305175781,1689100,104.9000015258789,104.12000274658203,104.12000274658203
03-03-2020,100.30999755859375,103.52999877929688,2021900,104.29000091552734,100.5,100.5
04-03-2020,101.56999969482422,101.9000015258789,1171000,104.05999755859375,104.0,104.0
05-03-2020,99.41000366210938,99.41999816894531,1147900,102.69000244140625,100.58000183105469,100.58000183105469
06-03-2020,96.4000015258789,97.91999816894531,2276900,100.70999908447266,98.5999984741211,98.5999984741211
09-03-2020,89.05000305175781,93.0199966430664,3008200,95.87000274658203,91.77999877929688,91.77999877929688
10-03-2020,89.98999786376953,94.69999694824219,3777800,94.69999694824219,92.73999786376953,92.73999786376953
11-03-2020,89.75,90.58000183105469,3126400,92.51000213623047,90.75,90.75
12-03-2020,80.05999755859375,86.12999725341797,3532400,86.19999694824219,82.05000305175781,82.05000305175781
13-03-2020,85.9800033569336,87.18000030517578,2925500,93.88999938964844,93.66999816894531,93.66999816894531
16-03-2020,82.41000366210938,85.2300033569336,2840700,95.36000061035156,90.93000030517578,90.93000030517578
17-03-2020,91.01000213623047,92.70999908447266,4341300,101.69000244140625,99.83999633789062,99.83999633789062
18-03-2020,90.04000091552734,95.54000091552734,2329500,100.83000183105469,92.06999969482422,92.06999969482422
19-03-2020,89.19999694824219,91.76000213623047,1889400,95.66000366210938,91.51000213623047,91.51000213623047
20-03-2020,89.62999725341797,92.41999816894531,1539000,96.4000015258789,89.75,89.75
23-03-2020,83.72000122070312,89.4000015258789,1660200,92.36000061035156,87.5,87.5
24-03-2020,88.66999816894531,91.04000091552734,1357100,92.5199966430664,91.94000244140625,91.94000244140625
25-03-2020,88.6500015258789,91.63999938964844,1363900,95.29000091552734,93.86000061035156,93.86000061035156
26-03-2020,93.41999816894531,93.91999816894531,1989200,97.37999725341797,95.5,95.5
27-03-2020,92.01000213623047,93.4000015258789,1738400,101.55999755859375,99.06999969482422,99.06999969482422
30-03-2020,96.0,99.5,1720600,101.11000061035156,99.19000244140625,99.19000244140625
31-03-2020,98.01000213623047,98.29000091552734,1785700,102.69999694824219,100.54000091552734,100.54000091552734
01-04-2020,96.12000274658203,98.83000183105469,1327100,99.41000366210938,98.27999877929688,98.27999877929688
02-04-2020,97.29000091552734,98.86000061035156,1412100,101.20999908447266,98.73999786376953,98.73999786376953
03-04-2020,96.20999908447266,97.52999877929688,805700,99.5999984741211,98.30999755859375,98.30999755859375
06-04-2020,99.01000213623047,100.80000305175781,1119200,104.12000274658203,103.58000183105469,103.58000183105469
07-04-2020,103.29000091552734,105.0999984741211,1040900,106.37000274658203,105.13999938964844,105.13999938964844
08-04-2020,104.83999633789062,105.73999786376953,912200,107.69999694824219,107.04000091552734,107.04000091552734
09-04-2020,104.72000122070312,107.19000244140625,1269500,108.4000015258789,105.36000061035156,105.36000061035156
13-04-2020,103.77999877929688,104.33000183105469,604800,105.81999969482422,105.0,105.0
14-04-2020,103.2699966430664,107.0,1843200,107.69000244140625,103.77999877929688,103.77999877929688
15-04-2020,101.6500015258789,102.87999725341797,1558100,104.0999984741211,102.0999984741211,102.0999984741211
16-04-2020,102.58000183105469,102.58000183105469,1357200,105.5,104.91000366210938,104.91000366210938
17-04-2020,104.93000030517578,105.5,1019600,106.75,106.12000274658203,106.12000274658203
20-04-2020,105.23999786376953,105.81999969482422,821700,106.88999938964844,105.33000183105469,105.33000183105469
21-04-2020,100.66000366210938,105.0,1594400,105.44999694824219,101.79000091552734,101.79000091552734
22-04-2020,102.7699966430664,103.41000366210938,773900,104.5999984741211,103.87999725341797,103.87999725341797
23-04-2020,102.87000274658203,103.43000030517578,1218500,104.83999633789062,103.83999633789062,103.83999633789062
24-04-2020,103.08999633789062,104.22000122070312,1984400,105.47000122070312,104.37000274658203,104.37000274658203
27-04-2020,103.4000015258789,108.98999786376953,2790800,109.8499984741211,108.08999633789062,108.08999633789062
28-04-2020,105.18000030517578,109.54000091552734,1174400,110.9800033569336,105.25,105.25
29-04-2020,105.44000244140625,106.68000030517578,1068500,107.75,105.55999755859375,105.55999755859375
30-04-2020,104.5199966430664,106.2300033569336,989000,106.25,105.73999786376953,105.73999786376953
01-05-2020,101.47000122070312,104.16000366210938,806200,105.05999755859375,101.98999786376953,101.98999786376953
04-05-2020,101.5999984741211,101.83999633789062,622800,103.97000122070312,103.62000274658203,103.62000274658203
05-05-2020,103.75,104.22000122070312,854100,106.33000183105469,105.1500015258789,105.1500015258789
06-05-2020,104.68000030517578,106.69999694824219,787700,106.9000015258789,105.6500015258789,105.6500015258789
07-05-2020,106.87999725341797,107.61000061035156,1032100,108.3499984741211,107.20999908447266,107.20999908447266
08-05-2020,106.73999786376953,107.87000274658203,643000,107.87000274658203,106.98999786376953,106.98999786376953
11-05-2020,106.13999938964844,106.29000091552734,768100,108.4000015258789,107.98999786376953,107.98999786376953
12-05-2020,104.98999786376953,108.19000244140625,771500,108.43000030517578,105.05999755859375,105.05999755859375
13-05-2020,101.66000366210938,105.18000030517578,1147100,105.73999786376953,102.4000015258789,102.4000015258789
14-05-2020,101.2699966430664,101.41999816894531,1121200,104.91000366210938,104.8499984741211,104.8499984741211
15-05-2020,103.80999755859375,103.83000183105469,735100,106.41999816894531,104.75,104.75
18-05-2020,105.7300033569336,106.22000122070312,826300,107.13999938964844,106.44000244140625,106.44000244140625
19-05-2020,105.4000015258789,106.18000030517578,975400,106.8499984741211,105.5,105.5
20-05-2020,106.8499984741211,107.19999694824219,759000,108.04000091552734,107.79000091552734,107.79000091552734
21-05-2020,106.23999786376953,107.8499984741211,918900,108.38999938964844,106.4800033569336,106.4800033569336
22-05-2020,106.19999694824219,106.7699966430664,932600,108.18000030517578,106.91000366210938,106.91000366210938
26-05-2020,107.30000305175781,107.97000122070312,846300,109.94999694824219,107.6500015258789,107.6500015258789
27-05-2020,106.30999755859375,107.87000274658203,1335200,108.76000213623047,107.2300033569336,107.2300033569336
28-05-2020,106.80999755859375,107.18000030517578,884600,109.0,107.86000061035156,107.86000061035156
29-05-2020,106.9000015258789,108.54000091552734,1448300,109.98999786376953,109.66999816894531,109.66999816894531
01-06-2020,107.77999877929688,108.77999877929688,766000,109.45999908447266,108.38999938964844,108.38999938964844
02-06-2020,107.68000030517578,107.8499984741211,716000,109.31999969482422,108.08999633789062,108.08999633789062
03-06-2020,106.19000244140625,109.61000061035156,810500,109.61000061035156,107.30000305175781,107.30000305175781
04-06-2020,107.27999877929688,108.16000366210938,1148100,109.30999755859375,108.8499984741211,108.8499984741211
05-06-2020,109.19000244140625,109.97000122070312,825300,111.93000030517578,111.66999816894531,111.66999816894531
08-06-2020,110.77999877929688,111.51000213623047,1147700,112.52999877929688,111.61000061035156,111.61000061035156
09-06-2020,109.80000305175781,111.63999938964844,986600,112.95999908447266,110.76000213623047,110.76000213623047
10-06-2020,110.0,111.11000061035156,795200,112.19999694824219,110.26000213623047,110.26000213623047
11-06-2020,105.45999908447266,109.23999786376953,1468500,109.9000015258789,105.45999908447266,105.45999908447266
12-06-2020,104.79000091552734,107.0999984741211,590100,107.91999816894531,106.08000183105469,106.08000183105469
15-06-2020,104.51000213623047,104.94999694824219,678300,107.27999877929688,106.12999725341797,106.12999725341797
16-06-2020,107.61000061035156,109.41999816894531,988600,110.33999633789062,108.12999725341797,108.12999725341797
17-06-2020,105.94000244140625,108.22000122070312,798300,108.86000061035156,108.05000305175781,108.05000305175781
18-06-2020,107.23999786376953,107.23999786376953,731100,108.80000305175781,108.45999908447266,108.45999908447266
19-06-2020,106.06999969482422,109.87000274658203,1283500,110.22000122070312,107.62000274658203,107.62000274658203
22-06-2020,106.05000305175781,107.05999755859375,673500,107.5199966430664,106.51000213623047,106.51000213623047
23-06-2020,106.80000305175781,108.4800033569336,940100,108.7300033569336,107.0,107.0
24-06-2020,104.83999633789062,106.31999969482422,833400,107.55999755859375,105.0199966430664,105.0199966430664
25-06-2020,103.43000030517578,104.94999694824219,839500,106.44999694824219,106.38999938964844,106.38999938964844
26-06-2020,105.19000244140625,107.2300033569336,505300,107.41000366210938,105.9000015258789,105.9000015258789
29-06-2020,105.0999984741211,105.87000274658203,558300,106.87000274658203,106.3499984741211,106.3499984741211
30-06-2020,105.8499984741211,106.52999877929688,657600,107.58999633789062,107.43000030517578,107.43000030517578
01-07-2020,106.0999984741211,106.87000274658203,656100,108.30000305175781,107.91999816894531,107.91999816894531
02-07-2020,108.33000183105469,108.43000030517578,623200,109.91999816894531,108.58999633789062,108.58999633789062
06-07-2020,109.25,109.68000030517578,1146100,111.54000091552734,111.52999877929688,111.52999877929688
07-07-2020,110.69999694824219,110.93000030517578,1847800,117.0,115.87999725341797,115.87999725341797
08-07-2020,113.9800033569336,116.5199966430664,1396300,117.77999877929688,115.94000244140625,115.94000244140625
09-07-2020,115.9800033569336,116.31999969482422,1553500,119.2699966430664,118.7300033569336,118.7300033569336
10-07-2020,117.44000244140625,118.58999633789062,815000,119.6500015258789,119.44999694824219,119.44999694824219
13-07-2020,116.19999694824219,120.18000030517578,1364300,122.77999877929688,116.62999725341797,116.62999725341797
14-07-2020,114.01000213623047,114.66999816894531,953200,118.66999816894531,118.37999725341797,118.37999725341797
15-07-2020,118.29000091552734,118.5,890800,120.87999725341797,120.37999725341797,120.37999725341797
16-07-2020,117.58999633789062,119.20999908447266,682900,119.79000091552734,119.2300033569336,119.2300033569336
17-07-2020,118.58000183105469,119.9800033569336,891400,121.18000030517578,120.8499984741211,120.8499984741211
20-07-2020,121.02999877929688,121.19999694824219,1010700,125.0,124.79000091552734,124.79000091552734
21-07-2020,123.72000122070312,125.0,1238100,125.52999877929688,124.36000061035156,124.36000061035156
22-07-2020,121.91999816894531,129.6300048828125,3275900,130.64999389648438,123.0199966430664,123.0199966430664
23-07-2020,121.30999755859375,121.30999755859375,1593400,125.81999969482422,124.19999694824219,124.19999694824219
24-07-2020,122.83999633789062,123.87999725341797,889500,124.94999694824219,123.4800033569336,123.4800033569336
27-07-2020,123.5199966430664,123.5199966430664,951100,125.0,123.9800033569336,123.9800033569336
28-07-2020,121.16999816894531,123.37999725341797,1547700,123.5999984741211,121.16999816894531,121.16999816894531
29-07-2020,121.76000213623047,122.68000030517578,1545500,123.18000030517578,122.76000213623047,122.76000213623047
30-07-2020,120.81999969482422,121.08999633789062,940100,124.31999969482422,123.54000091552734,123.54000091552734
31-07-2020,122.56999969482422,123.54000091552734,1189600,125.36000061035156,125.3499984741211,125.3499984741211
03-08-2020,118.4000015258789,124.70999908447266,3208500,124.98999786376953,122.41000366210938,122.41000366210938
04-08-2020,121.11000061035156,121.80000305175781,1838600,123.44000244140625,123.37000274658203,123.37000274658203
05-08-2020,123.58999633789062,123.94999694824219,1240400,125.37999725341797,125.22000122070312,125.22000122070312
06-08-2020,123.25,124.37000274658203,880800,125.77999877929688,123.72000122070312,123.72000122070312
07-08-2020,122.86000061035156,123.02999877929688,1130400,124.81999969482422,123.7300033569336,123.7300033569336
10-08-2020,122.62000274658203,123.93000030517578,1596900,124.70999908447266,124.63999938964844,124.63999938964844
11-08-2020,123.54000091552734,123.72000122070312,1574000,125.43000030517578,123.98999786376953,123.98999786376953
12-08-2020,124.55999755859375,124.76000213623047,804100,126.8499984741211,124.95999908447266,124.95999908447266
13-08-2020,124.5199966430664,125.19999694824219,760000,126.19000244140625,124.88999938964844,124.88999938964844
14-08-2020,123.56999969482422,125.51000213623047,579400,125.5199966430664,123.94999694824219,123.94999694824219
17-08-2020,123.43000030517578,124.41999816894531,868200,124.98999786376953,123.66000366210938,123.66000366210938
18-08-2020,123.73999786376953,123.73999786376953,1730200,127.62999725341797,127.61000061035156,127.61000061035156
19-08-2020,126.69999694824219,127.43000030517578,790500,128.8699951171875,128.0800018310547,128.0800018310547
20-08-2020,127.04000091552734,127.66999816894531,799700,129.1999969482422,127.83999633789062,127.83999633789062
21-08-2020,126.98999786376953,127.38999938964844,485700,128.49000549316406,128.3699951171875,128.3699951171875
24-08-2020,128.6699981689453,129.07000732421875,835400,130.27000427246094,129.67999267578125,129.67999267578125
25-08-2020,127.06999969482422,129.47000122070312,1207600,129.75,127.83999633789062,127.83999633789062
26-08-2020,126.5,128.99000549316406,809200,129.22000122070312,128.9499969482422,128.9499969482422
27-08-2020,126.91999816894531,128.83999633789062,808200,128.83999633789062,127.62999725341797,127.62999725341797
28-08-2020,126.69999694824219,128.0,576800,128.35000610351562,126.88999938964844,126.88999938964844
31-08-2020,125.30000305175781,126.02999877929688,1374800,127.11000061035156,126.26000213623047,126.26000213623047
01-09-2020,126.01000213623047,126.16000366210938,1080200,127.72000122070312,126.63999938964844,126.63999938964844
02-09-2020,126.8499984741211,128.10000610351562,1025300,130.97999572753906,130.5800018310547,130.5800018310547
03-09-2020,122.75,128.72000122070312,1994000,129.61000061035156,124.01000213623047,124.01000213623047
04-09-2020,118.37999725341797,123.43000030517578,1318700,124.5,119.9800033569336,119.9800033569336
08-09-2020,116.4000015258789,116.79000091552734,1249400,119.48999786376953,117.44000244140625,117.44000244140625
09-09-2020,117.73999786376953,119.05999755859375,1097300,120.52999877929688,119.79000091552734,119.79000091552734
10-09-2020,117.73999786376953,120.38999938964844,913900,121.58000183105469,118.0999984741211,118.0999984741211
11-09-2020,116.88999938964844,118.80000305175781,1101100,119.45999908447266,118.2699966430664,118.2699966430664
14-09-2020,119.02999877929688,119.22000122070312,1142800,121.43000030517578,121.0,121.0
15-09-2020,120.80999755859375,121.36000061035156,977800,123.26000213623047,122.77999877929688,122.77999877929688
16-09-2020,120.70999908447266,122.45999908447266,939400,123.19000244140625,120.83000183105469,120.83000183105469
17-09-2020,117.43000030517578,117.43000030517578,1221700,120.4000015258789,119.9800033569336,119.9800033569336
18-09-2020,117.6500015258789,120.30999755859375,1665200,121.93000030517578,118.0,118.0
21-09-2020,114.88999938964844,116.98999786376953,978300,117.13999938964844,116.87999725341797,116.87999725341797
22-09-2020,116.51000213623047,116.8499984741211,941900,120.63999938964844,120.05000305175781,120.05000305175781
23-09-2020,117.98999786376953,120.05000305175781,705800,120.63999938964844,118.55000305175781,118.55000305175781
24-09-2020,116.97000122070312,117.5,495300,119.4000015258789,118.18000030517578,118.18000030517578
25-09-2020,117.62000274658203,118.0,575800,120.83000183105469,120.19000244140625,120.19000244140625
28-09-2020,120.55000305175781,121.80000305175781,820500,122.29000091552734,121.5999984741211,121.5999984741211
29-09-2020,120.16000366210938,121.87999725341797,711600,122.05999755859375,120.7300033569336,120.7300033569336
30-09-2020,119.63999938964844,120.43000030517578,1043000,121.88999938964844,120.33999633789062,120.33999633789062
01-10-2020,118.11000061035156,121.26000213623047,1454100,122.05999755859375,118.8499984741211,118.8499984741211
02-10-2020,116.97000122070312,116.97000122070312,859000,119.47000122070312,118.30999755859375,118.30999755859375
05-10-2020,118.41000366210938,119.0,764900,121.66999816894531,121.26000213623047,121.26000213623047
06-10-2020,120.56999969482422,120.94999694824219,904000,122.98999786376953,121.04000091552734,121.04000091552734
07-10-2020,121.75,121.75,594700,123.12999725341797,122.62000274658203,122.62000274658203
08-10-2020,123.06999969482422,123.58999633789062,690100,124.81999969482422,123.33000183105469,123.33000183105469
09-10-2020,123.3499984741211,123.52999877929688,486600,125.23999786376953,125.18000030517578,125.18000030517578
12-10-2020,124.83999633789062,126.27999877929688,662500,127.76000213623047,126.77999877929688,126.77999877929688
13-10-2020,126.68000030517578,127.55000305175781,828300,128.8699951171875,127.12999725341797,127.12999725341797
14-10-2020,127.08999633789062,127.69999694824219,633800,128.5399932861328,128.02999877929688,128.02999877929688
15-10-2020,126.37000274658203,126.58999633789062,790400,128.83999633789062,127.66999816894531,127.66999816894531
16-10-2020,125.87999725341797,127.62999725341797,1097400,128.11000061035156,126.62000274658203,126.62000274658203
19-10-2020,126.33999633789062,128.08999633789062,1029100,128.80999755859375,126.48999786376953,126.48999786376953
20-10-2020,123.69000244140625,126.77999877929688,1078300,127.93000030517578,123.75,123.75
21-10-2020,122.58000183105469,123.76000213623047,1214300,125.3499984741211,124.45999908447266,124.45999908447266
22-10-2020,117.88999938964844,122.5999984741211,2191400,123.94000244140625,121.0,121.0
23-10-2020,120.0999984741211,121.66000366210938,953800,121.91999816894531,120.47000122070312,120.47000122070312
26-10-2020,118.2699966430664,120.30999755859375,996000,121.4800033569336,120.0,120.0
27-10-2020,119.31999969482422,120.19999694824219,875100,122.02999877929688,119.45999908447266,119.45999908447266
28-10-2020,115.44000244140625,117.98999786376953,1162600,118.68000030517578,115.52999877929688,115.52999877929688
29-10-2020,115.2300033569336,115.7300033569336,871800,117.16000366210938,115.8499984741211,115.8499984741211
30-10-2020,112.58000183105469,114.77999877929688,1110600,115.5,113.55999755859375,113.55999755859375
02-11-2020,114.05000305175781,114.58999633789062,1039100,115.70999908447266,115.51000213623047,115.51000213623047
03-11-2020,116.56999969482422,116.86000061035156,960900,119.2699966430664,118.30000305175781,118.30000305175781
04-11-2020,118.55999755859375,121.30999755859375,1057500,121.68000030517578,119.4000015258789,119.4000015258789
05-11-2020,120.72000122070312,121.12000274658203,680600,122.30000305175781,121.2300033569336,121.2300033569336
06-11-2020,120.33999633789062,121.88999938964844,478200,121.88999938964844,121.26000213623047,121.26000213623047
09-11-2020,119.5199966430664,122.41999816894531,993100,124.2699966430664,119.5199966430664,119.5199966430664
10-11-2020,115.12999725341797,118.30999755859375,1490900,118.91000366210938,116.58000183105469,116.58000183105469
11-11-2020,116.76000213623047,117.19000244140625,944800,118.86000061035156,118.0,118.0
12-11-2020,115.83999633789062,118.0199966430664,945400,118.79000091552734,116.25,116.25
13-11-2020,116.55999755859375,116.55999755859375,718000,119.4000015258789,118.66999816894531,118.66999816894531
16-11-2020,117.58000183105469,117.68000030517578,727400,120.0,119.29000091552734,119.29000091552734
17-11-2020,118.33000183105469,118.79000091552734,1235400,119.75,119.13999938964844,119.13999938964844
18-11-2020,117.31999969482422,119.12000274658203,750100,119.86000061035156,117.48999786376953,117.48999786376953
19-11-2020,117.12999725341797,117.58999633789062,714500,119.36000061035156,119.18000030517578,119.18000030517578
20-11-2020,118.75,119.47000122070312,638400,120.27999877929688,118.9000015258789,118.9000015258789
23-11-2020,118.41000366210938,119.91999816894531,557900,120.55000305175781,119.86000061035156,119.86000061035156
24-11-2020,118.55999755859375,120.13999938964844,1099900,120.8499984741211,118.8499984741211,118.8499984741211
25-11-2020,118.80999755859375,119.91999816894531,1022100,120.66999816894531,119.43000030517578,119.43000030517578
27-11-2020,118.44000244140625,119.22000122070312,534500,119.95999908447266,119.72000122070312,119.72000122070312
30-11-2020,116.56999969482422,119.66999816894531,1591900,119.72000122070312,117.68000030517578,117.68000030517578
01-12-2020,117.3499984741211,118.0999984741211,1626000,119.19999694824219,118.97000122070312,118.97000122070312
02-12-2020,117.01000213623047,118.58999633789062,981400,118.95999908447266,118.12000274658203,118.12000274658203
03-12-2020,118.2300033569336,118.2300033569336,1000300,120.4800033569336,119.76000213623047,119.76000213623047
04-12-2020,119.19999694824219,119.75,846000,121.11000061035156,120.22000122070312,120.22000122070312
07-12-2020,119.33000183105469,120.5,613100,121.19000244140625,119.56999969482422,119.56999969482422
08-12-2020,119.37999725341797,119.37999725341797,814800,123.4000015258789,123.16000366210938,123.16000366210938
09-12-2020,120.0,121.83999633789062,1127000,123.08000183105469,120.86000061035156,120.86000061035156
10-12-2020,119.31999969482422,120.02999877929688,772600,120.86000061035156,119.75,119.75
11-12-2020,118.33999633789062,119.70999908447266,747600,120.55999755859375,120.31999969482422,120.31999969482422
14-12-2020,120.06999969482422,120.47000122070312,1122600,123.5199966430664,122.5199966430664,122.5199966430664
15-12-2020,121.7300033569336,122.33000183105469,1016800,123.70999908447266,123.12999725341797,123.12999725341797
16-12-2020,120.61000061035156,123.77999877929688,1566300,123.77999877929688,120.76000213623047,120.76000213623047
17-12-2020,118.4800033569336,121.87999725341797,1889700,121.87999725341797,119.62999725341797,119.62999725341797
18-12-2020,119.63999938964844,120.30000305175781,3209900,122.43000030517578,122.25,122.25
21-12-2020,121.37999725341797,121.55999755859375,1708100,127.6500015258789,126.97000122070312,126.97000122070312
22-12-2020,126.8499984741211,126.8499984741211,1814900,133.57000732421875,133.4199981689453,133.4199981689453
23-12-2020,133.60000610351562,134.4499969482422,1023300,137.47000122070312,134.8800048828125,134.8800048828125
24-12-2020,134.0,135.1699981689453,246700,135.69000244140625,134.75,134.75
28-12-2020,135.5,135.85000610351562,1936400,137.97000122070312,137.58999633789062,137.58999633789062
29-12-2020,134.1199951171875,138.07000732421875,1103200,139.25999450683594,135.0399932861328,135.0399932861328
30-12-2020,134.10000610351562,135.11000061035156,633800,136.22999572753906,134.1199951171875,134.1199951171875
31-12-2020,132.0500030517578,134.58999633789062,689200,134.58999633789062,132.91000366210938,132.91000366210938
04-01-2021,127.91000366210938,133.10000610351562,1285600,133.57000732421875,129.8800048828125,129.8800048828125
05-01-2021,126.93000030517578,129.69000244140625,946700,130.1699981689453,128.74000549316406,128.74000549316406
06-01-2021,125.87999725341797,126.75,1092200,127.62000274658203,126.41999816894531,126.41999816894531
07-01-2021,125.31999969482422,127.19999694824219,1081900,127.5999984741211,127.05999755859375,127.05999755859375
08-01-2021,127.87999725341797,128.9199981689453,1295100,132.0500030517578,131.9600067138672,131.9600067138672
11-01-2021,130.97999572753906,132.00999450683594,1475900,134.8800048828125,133.91000366210938,133.91000366210938
12-01-2021,131.66000366210938,133.8000030517578,1013700,135.33999633789062,132.7899932861328,132.7899932861328
13-01-2021,128.83999633789062,132.89999389648438,1631000,132.89999389648438,129.67999267578125,129.67999267578125
14-01-2021,128.19000244140625,129.67999267578125,1217000,130.14999389648438,128.6300048828125,128.6300048828125
15-01-2021,127.05999755859375,127.9800033569336,1190600,129.08999633789062,127.61000061035156,127.61000061035156
19-01-2021,126.75,129.02000427246094,668900,129.4199981689453,127.62999725341797,127.62999725341797
20-01-2021,126.27999877929688,127.54000091552734,929800,128.30999755859375,127.62000274658203,127.62000274658203
21-01-2021,126.5199966430664,128.75,1463800,128.77999877929688,127.12000274658203,127.12000274658203
22-01-2021,126.94000244140625,126.94000244140625,1321300,130.10000610351562,129.39999389648438,129.39999389648438
25-01-2021,127.83999633789062,130.5800018310547,1442600,132.13999938964844,130.0399932861328,130.0399932861328
26-01-2021,127.80000305175781,130.0399932861328,1310900,131.25999450683594,130.8000030517578,130.8000030517578
27-01-2021,130.9499969482422,131.00999450683594,2816500,137.49000549316406,133.22999572753906,133.22999572753906
28-01-2021,132.19000244140625,133.2100067138672,1406400,135.9600067138672,132.22000122070312,132.22000122070312
29-01-2021,127.0,130.8000030517578,1653200,131.6199951171875,127.73999786376953,127.73999786376953
01-02-2021,128.02000427246094,128.55999755859375,1587700,134.0,132.74000549316406,132.74000549316406
02-02-2021,132.74000549316406,133.0399932861328,1794300,136.5399932861328,134.10000610351562,134.10000610351562
03-02-2021,120.0199966430664,127.5199966430664,4482800,128.02999877929688,120.02999877929688,120.02999877929688
04-02-2021,117.4000015258789,120.25,3941300,120.81999969482422,120.56999969482422,120.56999969482422
05-02-2021,117.61000061035156,121.0,2232300,121.01000213623047,118.26000213623047,118.26000213623047
08-02-2021,116.88999938964844,119.04000091552734,1636600,119.29000091552734,117.6500015258789,117.6500015258789
09-02-2021,116.91000366210938,117.81999969482422,1779900,118.6500015258789,118.08999633789062,118.08999633789062
10-02-2021,117.75,119.08999633789062,1460900,120.5,118.6500015258789,118.6500015258789
11-02-2021,118.77999877929688,119.68000030517578,791500,120.55000305175781,120.16000366210938,120.16000366210938
12-02-2021,119.25,120.66000366210938,865100,120.93000030517578,120.72000122070312,120.72000122070312
16-02-2021,117.44999694824219,120.79000091552734,1256600,121.0,117.80000305175781,117.80000305175781
17-02-2021,115.26000213623047,117.20999908447266,1458200,117.66999816894531,116.91999816894531,116.91999816894531
18-02-2021,115.55000305175781,116.0,1202100,116.9000015258789,116.44000244140625,116.44000244140625
19-02-2021,115.8499984741211,117.4800033569336,1177400,117.4800033569336,115.87999725341797,115.87999725341797
22-02-2021,113.54000091552734,115.68000030517578,1281500,116.81999969482422,115.94000244140625,115.94000244140625
23-02-2021,113.12000274658203,115.4800033569336,1917300,115.58999633789062,114.02999877929688,114.02999877929688
24-02-2021,112.27999877929688,113.5,1704600,114.11000061035156,113.05000305175781,113.05000305175781
25-02-2021,110.70999908447266,112.81999969482422,2386000,114.37000274658203,111.23999786376953,111.23999786376953
26-02-2021,109.30999755859375,111.31999969482422,2380200,112.26000213623047,110.23999786376953,110.23999786376953
01-03-2021,110.66999816894531,110.7300033569336,1759800,113.33999633789062,113.02999877929688,113.02999877929688
02-03-2021,111.04000091552734,114.52999877929688,1716700,114.58000183105469,111.23999786376953,111.23999786376953
03-03-2021,110.05000305175781,111.18000030517578,749200,112.5999984741211,110.30999755859375,110.30999755859375
04-03-2021,109.06999969482422,110.02999877929688,1309800,111.7300033569336,110.63999938964844,110.63999938964844
05-03-2021,110.6500015258789,110.6500015258789,1649300,114.66999816894531,114.25,114.25
08-03-2021,112.22000122070312,114.69999694824219,1530100,115.13999938964844,112.4000015258789,112.4000015258789
09-03-2021,114.01000213623047,115.23999786376953,1138000,115.70999908447266,114.19999694824219,114.19999694824219
10-03-2021,113.72000122070312,114.77999877929688,900000,115.75,114.43000030517578,114.43000030517578
11-03-2021,115.1500015258789,115.5,969400,117.13999938964844,115.2300033569336,115.2300033569336
12-03-2021,113.61000061035156,114.12999725341797,773100,115.58999633789062,115.1500015258789,115.1500015258789
15-03-2021,114.94999694824219,115.45999908447266,569100,117.41999816894531,117.41999816894531,117.41999816894531
16-03-2021,117.11000061035156,117.11000061035156,1109700,119.19999694824219,117.97000122070312,117.97000122070312
17-03-2021,116.25,117.38999938964844,821000,118.31999969482422,117.05999755859375,117.05999755859375
18-03-2021,115.0199966430664,115.54000091552734,1030200,117.80999755859375,116.08999633789062,116.08999633789062
19-03-2021,116.52999877929688,117.16000366210938,1363100,118.30000305175781,116.68000030517578,116.68000030517578
22-03-2021,116.58999633789062,116.7300033569336,789700,117.80999755859375,117.19999694824219,117.19999694824219
23-03-2021,115.70999908447266,117.69999694824219,872200,117.77999877929688,115.83999633789062,115.83999633789062
24-03-2021,113.70999908447266,115.8499984741211,1285800,116.29000091552734,114.27999877929688,114.27999877929688
25-03-2021,112.61000061035156,114.27999877929688,936000,114.72000122070312,113.26000213623047,113.26000213623047
26-03-2021,112.48999786376953,112.81999969482422,655900,115.27999877929688,115.25,115.25
29-03-2021,114.04000091552734,114.9000015258789,631900,116.22000122070312,115.94999694824219,115.94999694824219
30-03-2021,113.19999694824219,114.87999725341797,820200,115.55000305175781,114.43000030517578,114.43000030517578
31-03-2021,111.37000274658203,113.94000244140625,1442600,114.08999633789062,111.97000122070312,111.97000122070312
01-04-2021,112.20999908447266,112.33999633789062,1162500,113.93000030517578,113.5999984741211,113.5999984741211
05-04-2021,113.98999786376953,113.98999786376953,835800,115.76000213623047,115.5999984741211,115.5999984741211
06-04-2021,114.29000091552734,115.41999816894531,1359700,116.01000213623047,115.1500015258789,115.1500015258789
07-04-2021,114.47000122070312,114.81999969482422,1191300,116.13999938964844,114.93000030517578,114.93000030517578
08-04-2021,115.4000015258789,115.9000015258789,970200,116.66000366210938,115.55999755859375,115.55999755859375
09-04-2021,114.13999938964844,114.87000274658203,1070900,115.48999786376953,115.37000274658203,115.37000274658203
12-04-2021,114.75,114.98999786376953,958000,117.55000305175781,116.41000366210938,116.41000366210938
13-04-2021,116.0,117.19999694824219,934600,117.69000244140625,116.72000122070312,116.72000122070312
14-04-2021,116.41999816894531,116.75,1025500,118.26000213623047,116.6500015258789,116.6500015258789
15-04-2021,116.75,116.75,849100,119.18000030517578,118.47000122070312,118.47000122070312
16-04-2021,118.3499984741211,118.58000183105469,1025000,119.48999786376953,118.83000183105469,118.83000183105469
19-04-2021,118.0,118.4000015258789,950500,119.80999755859375,119.18000030517578,119.18000030517578
20-04-2021,118.61000061035156,118.61000061035156,981300,119.76000213623047,119.04000091552734,119.04000091552734
21-04-2021,118.4800033569336,118.87000274658203,1154400,119.91999816894531,119.77999877929688,119.77999877929688
22-04-2021,118.98999786376953,119.5,2640000,122.0999984741211,119.94000244140625,119.94000244140625
23-04-2021,119.0,120.22000122070312,1861300,121.91999816894531,119.80000305175781,119.80000305175781
26-04-2021,117.25,121.63999938964844,2624100,122.19000244140625,117.36000061035156,117.36000061035156
27-04-2021,116.44999694824219,117.5999984741211,1729800,119.38999938964844,118.88999938964844,118.88999938964844
28-04-2021,117.41000366210938,118.93000030517578,1212200,119.19999694824219,117.62999725341797,117.62999725341797
29-04-2021,116.7699966430664,117.68000030517578,1091500,118.25,118.0,118.0
30-04-2021,116.58999633789062,117.66000366210938,1288800,118.23999786376953,116.80999755859375,116.80999755859375
03-05-2021,116.6500015258789,116.75,2745200,119.02999877929688,118.8499984741211,118.8499984741211
04-05-2021,118.2300033569336,118.56999969482422,2125800,120.2699966430664,120.0999984741211,120.0999984741211
05-05-2021,118.86000061035156,120.23999786376953,942600,120.37000274658203,119.91000366210938,119.91000366210938
06-05-2021,119.48999786376953,119.6500015258789,867400,120.87000274658203,120.02999877929688,120.02999877929688
07-05-2021,119.25,120.52999877929688,892300,120.7699966430664,119.87000274658203,119.87000274658203
10-05-2021,119.51000213623047,119.87000274658203,1002700,121.43000030517578,119.8499984741211,119.8499984741211
11-05-2021,117.8499984741211,118.19999694824219,1200200,119.48999786376953,117.93000030517578,117.93000030517578
12-05-2021,116.66000366210938,117.1500015258789,1056900,118.5,117.72000122070312,117.72000122070312
13-05-2021,117.08000183105469,117.08999633789062,810200,118.68000030517578,117.80000305175781,117.80000305175781
14-05-2021,118.1500015258789,118.37000274658203,612900,119.36000061035156,118.94999694824219,118.94999694824219
17-05-2021,116.37999725341797,118.2300033569336,822000,119.08999633789062,116.94000244140625,116.94000244140625
18-05-2021,115.55000305175781,117.0,766400,117.30999755859375,115.5999984741211,115.5999984741211
19-05-2021,114.25,114.70999908447266,1079600,117.12999725341797,117.06999969482422,117.06999969482422
20-05-2021,117.26000213623047,117.26000213623047,922800,119.29000091552734,117.95999908447266,117.95999908447266
21-05-2021,117.69999694824219,118.02999877929688,629500,119.41000366210938,118.08999633789062,118.08999633789062
24-05-2021,118.33999633789062,118.4800033569336,493900,119.62999725341797,119.02999877929688,119.02999877929688
25-05-2021,118.0199966430664,119.05000305175781,644600,119.2699966430664,118.19999694824219,118.19999694824219
26-05-2021,117.66999816894531,118.80000305175781,919600,119.18000030517578,118.23999786376953,118.23999786376953
27-05-2021,115.87999725341797,117.47000122070312,1616200,117.61000061035156,116.44999694824219,116.44999694824219
28-05-2021,116.06999969482422,116.06999969482422,794400,118.05000305175781,116.9800033569336,116.9800033569336
01-06-2021,114.86000061035156,116.69999694824219,811500,117.13999938964844,115.56999969482422,115.56999969482422
02-06-2021,115.55000305175781,115.55000305175781,731000,117.0,116.63999938964844,116.63999938964844
03-06-2021,115.77999877929688,116.4000015258789,869200,117.9000015258789,117.80999755859375,117.80999755859375
04-06-2021,117.83000183105469,118.16999816894531,911800,120.0199966430664,119.98999786376953,119.98999786376953
07-06-2021,118.11000061035156,120.31999969482422,691000,120.58999633789062,118.23999786376953,118.23999786376953
08-06-2021,118.41000366210938,118.62000274658203,581100,119.4000015258789,118.91000366210938,118.91000366210938
09-06-2021,118.9000015258789,119.69000244140625,716900,120.0,119.69999694824219,119.69999694824219
10-06-2021,119.02999877929688,119.77999877929688,661100,120.37000274658203,120.25,120.25
11-06-2021,120.30000305175781,120.5,557600,121.37999725341797,120.66999816894531,120.66999816894531
14-06-2021,119.86000061035156,121.33000183105469,523900,121.37000274658203,120.97000122070312,120.97000122070312
15-06-2021,118.93000030517578,120.87000274658203,629100,121.3499984741211,119.37000274658203,119.37000274658203
16-06-2021,118.29000091552734,119.04000091552734,797600,120.58999633789062,119.12000274658203,119.12000274658203
17-06-2021,118.36000061035156,118.87000274658203,560400,119.81999969482422,119.11000061035156,119.11000061035156
18-06-2021,118.5999984741211,119.0,1181300,119.61000061035156,118.73999786376953,118.73999786376953
21-06-2021,118.41999816894531,118.87000274658203,715800,119.91000366210938,119.25,119.25
22-06-2021,118.75,119.47000122070312,571100,120.0,119.08000183105469,119.08000183105469
23-06-2021,116.3499984741211,119.11000061035156,749700,119.16000366210938,116.97000122070312,116.97000122070312
24-06-2021,116.0,117.3499984741211,908300,117.87000274658203,116.58999633789062,116.58999633789062
25-06-2021,115.6500015258789,116.75,971600,117.19999694824219,116.7300033569336,116.7300033569336
28-06-2021,117.08000183105469,117.69000244140625,1221200,118.08000183105469,117.93000030517578,117.93000030517578
29-06-2021,116.51000213623047,118.61000061035156,859600,118.61000061035156,116.79000091552734,116.79000091552734
30-06-2021,115.93000030517578,116.62000274658203,775800,116.63999938964844,116.12999725341797,116.12999725341797
01-07-2021,115.61000061035156,115.69999694824219,680700,116.98999786376953,116.7300033569336,116.7300033569336
02-07-2021,116.5199966430664,117.2699966430664,739200,117.29000091552734,116.94000244140625,116.94000244140625
06-07-2021,115.55000305175781,117.12999725341797,1171600,117.27999877929688,116.33999633789062,116.33999633789062
07-07-2021,115.45999908447266,117.13999938964844,1292200,117.97000122070312,117.41000366210938,117.41000366210938
08-07-2021,116.70999908447266,116.7699966430664,1248800,119.16000366210938,118.30000305175781,118.30000305175781
09-07-2021,119.19999694824219,119.19999694824219,2615500,124.58999633789062,123.80000305175781,123.80000305175781
12-07-2021,121.54000091552734,123.54000091552734,1314200,123.95999908447266,122.48999786376953,122.48999786376953
13-07-2021,121.91999816894531,122.33000183105469,719600,123.80000305175781,122.80000305175781,122.80000305175781
14-07-2021,122.91000366210938,123.12999725341797,868700,124.0999984741211,123.87000274658203,123.87000274658203
15-07-2021,122.63999938964844,123.38999938964844,959100,124.95999908447266,123.33999633789062,123.33999633789062
16-07-2021,121.94000244140625,123.48999786376953,1209100,124.08999633789062,122.19000244140625,122.19000244140625
19-07-2021,120.25,121.2699966430664,975100,122.9000015258789,120.87999725341797,120.87999725341797
20-07-2021,120.37000274658203,120.37000274658203,906700,122.69999694824219,121.81999969482422,121.81999969482422
21-07-2021,122.47000122070312,123.76000213623047,1210000,124.30000305175781,123.22000122070312,123.22000122070312
22-07-2021,122.66999816894531,122.86000061035156,1551500,125.3499984741211,124.9800033569336,124.9800033569336
23-07-2021,123.5,124.9800033569336,1216700,126.0,125.9000015258789,125.9000015258789
26-07-2021,118.22000122070312,125.5,2365400,126.01000213623047,121.0999984741211,121.0999984741211
27-07-2021,120.69999694824219,120.75,1180000,123.37999725341797,123.08000183105469,123.08000183105469
28-07-2021,122.66999816894531,123.38999938964844,902900,124.31999969482422,124.0999984741211,124.0999984741211
29-07-2021,123.80999755859375,124.45999908447266,1301000,126.29000091552734,125.68000030517578,125.68000030517578
30-07-2021,125.16000366210938,125.2300033569336,1022200,128.3699951171875,127.0999984741211,127.0999984741211
02-08-2021,125.08999633789062,126.16000366210938,1232500,126.81999969482422,125.91000366210938,125.91000366210938
03-08-2021,125.6500015258789,125.6500015258789,718500,128.38999938964844,127.16999816894531,127.16999816894531
04-08-2021,125.63999938964844,127.69999694824219,590800,127.69999694824219,126.08000183105469,126.08000183105469
05-08-2021,124.94999694824219,126.08000183105469,667400,126.88999938964844,125.51000213623047,125.51000213623047
06-08-2021,123.94999694824219,125.06999969482422,585400,125.81999969482422,124.45999908447266,124.45999908447266
09-08-2021,123.36000061035156,124.16000366210938,636000,124.26000213623047,123.76000213623047,123.76000213623047
10-08-2021,122.66000366210938,124.2300033569336,655300,124.2300033569336,123.05000305175781,123.05000305175781
11-08-2021,122.38999938964844,123.1500015258789,807000,123.31999969482422,122.48999786376953,122.48999786376953
12-08-2021,122.12999725341797,122.26000213623047,593000,122.7300033569336,122.45999908447266,122.45999908447266
13-08-2021,122.0,122.25,709300,123.76000213623047,123.7300033569336,123.7300033569336
16-08-2021,122.79000091552734,123.77999877929688,812500,123.94999694824219,123.25,123.25
17-08-2021,121.2300033569336,122.98999786376953,853700,123.20999908447266,122.12999725341797,122.12999725341797
18-08-2021,121.55000305175781,121.55000305175781,616500,123.7699966430664,122.7300033569336,122.7300033569336
19-08-2021,122.26000213623047,122.55000305175781,893300,125.0999984741211,124.94000244140625,124.94000244140625
20-08-2021,124.66000366210938,125.44999694824219,670800,125.88999938964844,124.8499984741211,124.8499984741211
23-08-2021,123.11000061035156,124.54000091552734,844100,125.04000091552734,124.55999755859375,124.55999755859375
24-08-2021,125.0999984741211,126.02999877929688,1694800,127.52999877929688,126.2300033569336,126.2300033569336
25-08-2021,125.66999816894531,126.18000030517578,807700,128.22000122070312,126.86000061035156,126.86000061035156
26-08-2021,125.80000305175781,126.69000244140625,684100,126.9800033569336,126.19999694824219,126.19999694824219
27-08-2021,125.73999786376953,126.20999908447266,521300,127.12999725341797,126.68000030517578,126.68000030517578
30-08-2021,126.06999969482422,126.38999938964844,416600,127.41999816894531,126.63999938964844,126.63999938964844
31-08-2021,125.2300033569336,126.98999786376953,973800,127.75,125.62999725341797,125.62999725341797
01-09-2021,123.48999786376953,125.76000213623047,550800,126.08999633789062,125.08999633789062,125.08999633789062
02-09-2021,124.19000244140625,125.33000183105469,503900,126.08000183105469,125.2699966430664,125.2699966430664
03-09-2021,124.05000305175781,125.08000183105469,603900,125.36000061035156,124.36000061035156,124.36000061035156
07-09-2021,121.58999633789062,124.02999877929688,617800,124.02999877929688,122.79000091552734,122.79000091552734
08-09-2021,122.87000274658203,123.29000091552734,896000,124.83000183105469,123.87000274658203,123.87000274658203
09-09-2021,122.26000213623047,123.94999694824219,826100,124.81999969482422,122.33999633789062,122.33999633789062
10-09-2021,121.0199966430664,122.2300033569336,741900,122.88999938964844,121.12000274658203,121.12000274658203
13-09-2021,117.61000061035156,119.80999755859375,1312400,119.80999755859375,118.22000122070312,118.22000122070312
14-09-2021,116.12000274658203,118.23999786376953,947700,118.51000213623047,116.33999633789062,116.33999633789062
15-09-2021,116.69000244140625,116.69000244140625,735600,118.6500015258789,117.52999877929688,117.52999877929688
16-09-2021,117.08999633789062,117.31999969482422,676700,117.8499984741211,117.41000366210938,117.41000366210938
17-09-2021,116.83000183105469,117.01000213623047,1252500,117.98999786376953,117.3499984741211,117.3499984741211
20-09-2021,113.98999786376953,116.33000183105469,856200,116.81999969482422,114.80000305175781,114.80000305175781
21-09-2021,112.69000244140625,115.11000061035156,830500,115.69999694824219,113.08999633789062,113.08999633789062
22-09-2021,113.20999908447266,113.20999908447266,832300,114.44999694824219,114.25,114.25
23-09-2021,114.62999725341797,114.6500015258789,626500,116.20999908447266,115.55000305175781,115.55000305175781
24-09-2021,115.77999877929688,115.86000061035156,909800,117.66000366210938,117.47000122070312,117.47000122070312
27-09-2021,116.18000030517578,117.08000183105469,740300,117.58999633789062,116.66000366210938,116.66000366210938
28-09-2021,115.12000274658203,115.72000122070312,1017400,116.45999908447266,115.8499984741211,115.8499984741211
29-09-2021,114.80999755859375,115.91000366210938,751300,116.79000091552734,114.88999938964844,114.88999938964844
30-09-2021,112.98999786376953,114.9800033569336,878100,115.52999877929688,113.04000091552734,113.04000091552734
01-10-2021,112.56999969482422,113.38999938964844,689900,114.6500015258789,113.94999694824219,113.94999694824219
04-10-2021,113.2300033569336,113.5,737000,114.55999755859375,113.62999725341797,113.62999725341797
05-10-2021,112.79000091552734,113.18000030517578,936900,114.51000213623047,113.69000244140625,113.69000244140625
06-10-2021,112.75,113.4800033569336,734600,114.80999755859375,114.72000122070312,114.72000122070312
07-10-2021,114.7699966430664,114.7699966430664,746700,117.69999694824219,116.7699966430664,116.7699966430664
08-10-2021,116.48999786376953,117.0999984741211,539100,117.81999969482422,116.80999755859375,116.80999755859375
11-10-2021,116.45999908447266,116.5199966430664,762400,119.5,118.91000366210938,118.91000366210938
12-10-2021,119.12999725341797,119.30000305175781,1022700,120.91999816894531,119.70999908447266,119.70999908447266
13-10-2021,119.95999908447266,120.31999969482422,655200,121.69999694824219,120.95999908447266,120.95999908447266
14-10-2021,121.4800033569336,121.86000061035156,628100,123.47000122070312,122.41000366210938,122.41000366210938
15-10-2021,120.9000015258789,121.70999908447266,674800,122.87999725341797,121.23999786376953,121.23999786376953
18-10-2021,120.36000061035156,120.97000122070312,786800,121.55000305175781,120.5,120.5
19-10-2021,118.9800033569336,120.5,691900,121.83999633789062,121.77999877929688,121.77999877929688
20-10-2021,121.69999694824219,122.29000091552734,653900,123.33000183105469,122.6500015258789,122.6500015258789
21-10-2021,121.94999694824219,122.43000030517578,819000,123.97000122070312,123.66000366210938,123.66000366210938
22-10-2021,122.45999908447266,123.83000183105469,708500,124.26000213623047,123.86000061035156,123.86000061035156
25-10-2021,122.19000244140625,123.88999938964844,847400,124.36000061035156,122.37000274658203,122.37000274658203
26-10-2021,120.2699966430664,122.62999725341797,1153300,122.94000244140625,120.36000061035156,120.36000061035156
27-10-2021,117.68000030517578,120.80999755859375,1216900,120.9800033569336,118.12000274658203,118.12000274658203
28-10-2021,118.4000015258789,119.81999969482422,1676600,122.91999816894531,118.7300033569336,118.7300033569336
29-10-2021,119.43000030517578,121.44999694824219,1649800,123.83999633789062,119.5999984741211,119.5999984741211
01-11-2021,115.8499984741211,118.08999633789062,1604100,119.72000122070312,116.3499984741211,116.3499984741211
02-11-2021,116.29000091552734,116.55999755859375,1208800,118.6500015258789,117.11000061035156,117.11000061035156
03-11-2021,115.9800033569336,117.30000305175781,1019200,117.41000366210938,116.43000030517578,116.43000030517578
04-11-2021,115.7300033569336,116.37999725341797,911800,117.48999786376953,115.83999633789062,115.83999633789062
05-11-2021,115.62999725341797,116.55999755859375,770500,117.69999694824219,116.63999938964844,116.63999938964844
08-11-2021,115.7300033569336,116.80000305175781,905400,118.23999786376953,118.12999725341797,118.12999725341797
09-11-2021,116.9000015258789,117.91000366210938,1365800,118.98999786376953,118.36000061035156,118.36000061035156
10-11-2021,116.7300033569336,118.22000122070312,1022100,118.75,117.30000305175781,117.30000305175781
11-11-2021,116.69000244140625,116.88999938964844,769500,118.83000183105469,117.66000366210938,117.66000366210938
12-11-2021,117.41999816894531,118.0,1073000,118.58000183105469,118.33000183105469,118.33000183105469
15-11-2021,116.12000274658203,118.33000183105469,808000,118.33000183105469,116.9800033569336,116.9800033569336
16-11-2021,115.30999755859375,116.19000244140625,1209600,117.12000274658203,116.83999633789062,116.83999633789062
17-11-2021,115.05999755859375,116.62000274658203,953400,117.36000061035156,115.06999969482422,115.06999969482422
18-11-2021,113.69999694824219,114.70999908447266,1188100,115.73999786376953,115.37000274658203,115.37000274658203
19-11-2021,114.98999786376953,115.91000366210938,839000,116.70999908447266,115.30999755859375,115.30999755859375
22-11-2021,112.69999694824219,114.87999725341797,1504600,114.87999725341797,112.72000122070312,112.72000122070312
23-11-2021,110.44999694824219,112.0199966430664,1688900,112.44000244140625,111.56999969482422,111.56999969482422
24-11-2021,110.51000213623047,111.61000061035156,1004800,112.2699966430664,111.58000183105469,111.58000183105469
26-11-2021,110.05000305175781,112.4000015258789,651100,113.20999908447266,110.31999969482422,110.31999969482422
29-11-2021,109.75,111.01000213623047,1276100,112.19999694824219,111.11000061035156,111.11000061035156
30-11-2021,110.0199966430664,111.08000183105469,2196300,112.5,111.30999755859375,111.30999755859375
01-12-2021,110.08000183105469,112.4000015258789,1074300,112.87999725341797,110.1500015258789,110.1500015258789
02-12-2021,110.16000366210938,110.47000122070312,759500,111.86000061035156,111.12000274658203,111.12000274658203
03-12-2021,107.8499984741211,111.41000366210938,948400,111.62000274658203,109.26000213623047,109.26000213623047
06-12-2021,109.0999984741211,109.26000213623047,2176400,112.69999694824219,112.27999877929688,112.27999877929688
07-12-2021,110.66999816894531,113.36000061035156,1215800,113.36000061035156,110.87000274658203,110.87000274658203
08-12-2021,109.9000015258789,110.80999755859375,1055000,111.7300033569336,110.88999938964844,110.88999938964844
09-12-2021,109.69999694824219,110.69000244140625,796200,111.29000091552734,110.37999725341797,110.37999725341797
10-12-2021,110.06999969482422,111.05999755859375,924300,111.66999816894531,110.61000061035156,110.61000061035156
13-12-2021,109.9000015258789,110.0,1168100,112.62000274658203,112.05000305175781,112.05000305175781
14-12-2021,109.80999755859375,111.47000122070312,1008000,111.94999694824219,111.75,111.75
15-12-2021,110.95999908447266,111.0999984741211,1148900,113.48999786376953,113.41000366210938,113.41000366210938
16-12-2021,112.56999969482422,113.47000122070312,1299800,114.91999816894531,114.73999786376953,114.73999786376953
17-12-2021,113.5199966430664,114.5199966430664,8396000,115.8499984741211,114.23999786376953,114.23999786376953
20-12-2021,111.44999694824219,113.76000213623047,978100,113.76000213623047,112.44999694824219,112.44999694824219
21-12-2021,112.47000122070312,113.12999725341797,804500,114.16999816894531,113.69999694824219,113.69999694824219
22-12-2021,113.94999694824219,114.08000183105469,796200,115.30000305175781,114.98999786376953,114.98999786376953
23-12-2021,114.62999725341797,114.93000030517578,512900,115.68000030517578,114.86000061035156,114.86000061035156
27-12-2021,114.68000030517578,114.7699966430664,513000,116.33000183105469,116.25,116.25
28-12-2021,115.63999938964844,116.25,433100,117.77999877929688,117.68000030517578,117.68000030517578
29-12-2021,117.4000015258789,117.62000274658203,605500,118.8499984741211,118.61000061035156,118.61000061035156
30-12-2021,116.45999908447266,119.0,481700,119.0999984741211,116.5199966430664,116.5199966430664
31-12-2021,116.0,116.5199966430664,387400,117.2699966430664,116.55999755859375,116.55999755859375
03-01-2022,114.22000122070312,115.94999694824219,615000,116.81999969482422,116.38999938964844,116.38999938964844
04-01-2022,115.05000305175781,116.98999786376953,875600,118.25,115.7300033569336,115.7300033569336
05-01-2022,113.2300033569336,114.58000183105469,739900,115.44999694824219,113.23999786376953,113.23999786376953
06-01-2022,112.62999725341797,113.0,991900,115.80000305175781,115.05000305175781,115.05000305175781
07-01-2022,115.23999786376953,115.6500015258789,1549200,119.93000030517578,119.5,119.5
10-01-2022,117.08999633789062,118.47000122070312,2009400,121.22000122070312,121.11000061035156,121.11000061035156
11-01-2022,119.37000274658203,120.83000183105469,1016500,121.11000061035156,120.0,120.0
12-01-2022,119.7699966430664,120.37999725341797,719500,120.91999816894531,120.38999938964844,120.38999938964844
13-01-2022,119.1500015258789,120.38999938964844,1042800,121.31999969482422,119.37000274658203,119.37000274658203
14-01-2022,121.5,122.22000122070312,2017600,128.0399932861328,126.13999938964844,126.13999938964844
18-01-2022,123.12000274658203,123.95999908447266,1672800,126.30999755859375,125.41000366210938,125.41000366210938
19-01-2022,123.0,124.98999786376953,1128100,128.1199951171875,124.87999725341797,124.87999725341797
20-01-2022,124.33999633789062,127.19999694824219,1429800,128.44000244140625,124.66000366210938,124.66000366210938
21-01-2022,124.16999816894531,125.04000091552734,1563000,126.69000244140625,125.06999969482422,125.06999969482422
24-01-2022,120.06999969482422,122.62999725341797,1435400,124.55999755859375,124.23999786376953,124.23999786376953
25-01-2022,118.58000183105469,123.02999877929688,960100,123.05999755859375,119.20999908447266,119.20999908447266
26-01-2022,116.12000274658203,119.72000122070312,1371700,120.37999725341797,117.12000274658203,117.12000274658203
27-01-2022,117.0,117.69000244140625,806300,119.25,117.44000244140625,117.44000244140625
28-01-2022,116.61000061035156,117.31999969482422,816900,119.37999725341797,119.30999755859375,119.30999755859375
31-01-2022,119.01000213623047,119.06999969482422,1365700,121.51000213623047,121.01000213623047,121.01000213623047
01-02-2022,119.5999984741211,121.19999694824219,923700,121.9800033569336,121.06999969482422,121.06999969482422
02-02-2022,121.33999633789062,121.47000122070312,1705900,124.2300033569336,123.66999816894531,123.66999816894531
03-02-2022,122.2699966430664,122.68000030517578,3049800,131.47999572753906,126.68000030517578,126.68000030517578
04-02-2022,125.33000183105469,125.43000030517578,1342800,129.10000610351562,128.25999450683594,128.25999450683594
07-02-2022,125.69000244140625,128.66000366210938,1129700,128.66000366210938,126.0199966430664,126.0199966430664
08-02-2022,125.01000213623047,125.97000122070312,771300,127.06999969482422,126.5,126.5
09-02-2022,125.4800033569336,126.94999694824219,746400,128.39999389648438,128.2899932861328,128.2899932861328
10-02-2022,126.66999816894531,127.33000183105469,740400,128.91000366210938,127.23999786376953,127.23999786376953
11-02-2022,126.56999969482422,127.62000274658203,1035800,128.7899932861328,128.02000427246094,128.02000427246094
14-02-2022,127.9000015258789,127.9000015258789,260430,129.69000244140625,128.92999267578125,128.92999267578125
