Date,Low,Open,Volume,High,Close,Adjusted Close
02-01-1970,6.129807949066162,6.209936141967773,289536,6.21995210647583,6.139823913574219,1.2718429565429688
05-01-1970,6.059696197509766,6.139823913574219,529152,6.169871807098389,6.109776020050049,1.2656188011169434
06-01-1970,5.899438858032227,6.099760055541992,443040,6.099760055541992,5.929487228393555,1.2282718420028687
07-01-1970,5.949519157409668,5.949519157409668,575328,6.039662837982178,5.959535121917725,1.234496831893921
08-01-1970,5.979567050933838,5.979567050933838,1737216,6.069712162017822,6.009614944458008,1.2448697090148926
09-01-1970,5.859375,6.009614944458008,742560,6.0196309089660645,5.859375,1.2137497663497925
12-01-1970,5.79927921295166,5.859375,505440,5.879406929016113,5.849359035491943,1.2116752862930298
13-01-1970,5.839343070983887,5.849359035491943,359424,5.899438858032227,5.869390964508057,1.2158232927322388
14-01-1970,5.879406929016113,5.879406929016113,461760,6.0196309089660645,5.979567050933838,1.2386465072631836
15-01-1970,5.969551086425781,5.979567050933838,334464,6.029646873474121,5.9895830154418945,1.240721344947815
16-01-1970,5.959535121917725,5.9895830154418945,258336,5.999598979949951,5.959535121917725,1.234496831893921
19-01-1970,5.849359035491943,5.959535121917725,667680,5.979567050933838,5.849359035491943,1.2116752862930298
20-01-1970,5.82932710647583,5.849359035491943,449280,5.879406929016113,5.869390964508057,1.2158232927322388
21-01-1970,5.869390964508057,5.869390964508057,290784,5.979567050933838,5.929487228393555,1.2282718420028687
22-01-1970,5.909454822540283,5.929487228393555,451776,5.969551086425781,5.939503192901611,1.2303470373153687
23-01-1970,5.839343070983887,5.939503192901611,476736,5.959535121917725,5.849359035491943,1.2116752862930298
26-01-1970,5.82932710647583,5.849359035491943,283296,5.859375,5.849359035491943,1.2116752862930298
27-01-1970,5.849359035491943,5.849359035491943,247104,5.959535121917725,5.939503192901611,1.2303470373153687
28-01-1970,5.939503192901611,5.939503192901611,545376,6.009614944458008,5.939503192901611,1.2303470373153687
29-01-1970,5.879406929016113,5.939503192901611,466752,5.9895830154418945,5.879406929016113,1.2178980112075806
30-01-1970,5.79927921295166,5.879406929016113,455520,5.91947078704834,5.79927921295166,1.2012999057769775
02-02-1970,5.819311141967773,5.819311141967773,1181856,5.91947078704834,5.859375,1.2137497663497925
03-02-1970,5.769230842590332,5.859375,657696,5.88942289352417,5.819311141967773,1.2054495811462402
04-02-1970,5.679087162017822,5.819311141967773,743808,5.849359035491943,5.819311141967773,1.2054495811462402
05-02-1970,5.538862228393555,5.6991190910339355,773760,5.6991190910339355,5.5989580154418945,1.1598039865493774
06-02-1970,5.558894157409668,5.5989580154418945,260832,5.669071197509766,5.618989944458008,1.1639535427093506
09-02-1970,5.618989944458008,5.618989944458008,717600,5.789262771606445,5.618989944458008,1.1639535427093506
10-02-1970,5.52884578704834,5.618989944458008,464256,5.6290059089660645,5.52884578704834,1.145281195640564
11-02-1970,5.52884578704834,5.52884578704834,449280,5.679087162017822,5.639021873474121,1.1681032180786133
12-02-1970,5.558894157409668,5.618989944458008,205920,5.618989944458008,5.608973979949951,1.161879301071167
13-02-1970,5.46875,5.5989580154418945,505440,5.5989580154418945,5.518829822540283,1.143206238746643
16-02-1970,5.52884578704834,5.52884578704834,501696,5.5989580154418945,5.558894157409668,1.151504397392273
17-02-1970,5.43870210647583,5.52884578704834,351936,5.52884578704834,5.49879789352417,1.1390565633773804
18-02-1970,5.49879789352417,5.49879789352417,521664,5.588942050933838,5.568910121917725,1.1535799503326416
19-02-1970,5.568910121917725,5.568910121917725,534144,5.6290059089660645,5.568910121917725,1.1535799503326416
20-02-1970,5.49879789352417,5.568910121917725,384384,5.618989944458008,5.49879789352417,1.1390565633773804
24-02-1970,5.488781929016113,5.49879789352417,425568,5.548878192901611,5.518829822540283,1.143206238746643
25-02-1970,5.488781929016113,5.518829822540283,433056,5.5989580154418945,5.538862228393555,1.147355079650879
26-02-1970,5.418670177459717,5.538862228393555,569088,5.558894157409668,5.508813858032227,1.1411312818527222
27-02-1970,5.508813858032227,5.508813858032227,735072,5.6991190910339355,5.649037837982178,1.1701780557632446
02-03-1970,5.679087162017822,5.679087162017822,425568,5.789262771606445,5.749198913574219,1.1909263134002686
03-03-1970,5.669071197509766,5.749198913574219,742560,5.949519157409668,5.929487228393555,1.2395007610321045
04-03-1970,5.929487228393555,5.929487228393555,620256,6.009614944458008,5.969551086425781,1.247875690460205
05-03-1970,5.969551086425781,5.969551086425781,550368,6.039662837982178,5.9895830154418945,1.2520642280578613
06-03-1970,5.939503192901611,5.9895830154418945,386880,6.0196309089660645,5.959535121917725,1.2457826137542725
09-03-1970,5.859375,5.959535121917725,594048,5.999598979949951,5.909454822540283,1.235313892364502
10-03-1970,5.869390964508057,5.909454822540283,308256,5.929487228393555,5.88942289352417,1.231126308441162
11-03-1970,5.759214878082275,5.88942289352417,562848,5.929487228393555,5.759214878082275,1.2039074897766113
12-03-1970,5.709135055541992,5.759214878082275,672672,5.779246807098389,5.719151020050049,1.1955323219299316
13-03-1970,5.608973979949951,5.709135055541992,520416,5.709135055541992,5.6290059089660645,1.176687240600586
16-03-1970,5.538862228393555,5.6290059089660645,596544,5.659053802490234,5.538862228393555,1.1578439474105835
17-03-1970,5.52884578704834,5.538862228393555,413088,5.649037837982178,5.6290059089660645,1.176687240600586
18-03-1970,5.5989580154418945,5.6290059089660645,326976,5.649037837982178,5.6290059089660645,1.176687240600586
19-03-1970,5.5989580154418945,5.6290059089660645,391872,5.669071197509766,5.618989944458008,1.1745940446853638
20-03-1970,5.578926086425781,5.618989944458008,454272,5.618989944458008,5.5989580154418945,1.1704074144363403
23-03-1970,5.588942050933838,5.5989580154418945,530400,5.6991190910339355,5.679087162017822,1.187157392501831
24-03-1970,5.6991190910339355,5.6991190910339355,586560,5.79927921295166,5.749198913574219,1.20181405544281
25-03-1970,5.79927921295166,5.79927921295166,1078272,6.079728126525879,5.91947078704834,1.2374072074890137
26-03-1970,5.909454822540283,5.91947078704834,1096992,6.059696197509766,5.939503192901611,1.241594910621643
30-03-1970,5.849359035491943,5.929487228393555,391872,5.929487228393555,5.88942289352417,1.231126308441162
31-03-1970,5.859375,5.88942289352417,391872,5.929487228393555,5.909454822540283,1.235313892364502
01-04-1970,5.91947078704834,5.91947078704834,658944,5.999598979949951,5.969551086425781,1.247875690460205
02-04-1970,5.91947078704834,5.969551086425781,356928,5.9895830154418945,5.969551086425781,1.247875690460205
03-04-1970,5.949519157409668,5.969551086425781,494208,6.009614944458008,5.949519157409668,1.2436879873275757
06-04-1970,5.929487228393555,5.949519157409668,242112,5.999598979949951,5.969551086425781,1.247875690460205
07-04-1970,5.9895830154418945,5.9895830154418945,374400,6.069712162017822,6.029646873474121,1.2604378461837769
08-04-1970,5.999598979949951,6.029646873474121,592800,6.079728126525879,6.0196309089660645,1.2583448886871338
09-04-1970,6.0196309089660645,6.0196309089660645,672672,6.1197919845581055,6.079728126525879,1.2709076404571533
10-04-1970,6.009614944458008,6.079728126525879,471744,6.1197919845581055,6.1197919845581055,1.279282569885254
13-04-1970,6.069712162017822,6.1197919845581055,328224,6.169871807098389,6.099760055541992,1.2750951051712036
14-04-1970,5.969551086425781,6.099760055541992,595296,6.099760055541992,5.979567050933838,1.2499699592590332
15-04-1970,5.969551086425781,5.979567050933838,350688,6.039662837982178,6.009614944458008,1.2562505006790161
16-04-1970,5.969551086425781,6.009614944458008,599040,6.059696197509766,6.029646873474121,1.2604378461837769
17-04-1970,5.959535121917725,6.029646873474121,390624,6.069712162017822,6.069712162017822,1.2688143253326416
20-04-1970,5.969551086425781,6.069712162017822,302016,6.0897440910339355,6.059696197509766,1.2667194604873657
21-04-1970,6.029646873474121,6.059696197509766,240864,6.129807949066162,6.0897440910339355,1.2730011940002441
22-04-1970,5.929487228393555,6.079728126525879,398112,6.079728126525879,5.949519157409668,1.2436879873275757
23-04-1970,5.849359035491943,5.91947078704834,619008,5.91947078704834,5.869390964508057,1.2269386053085327
24-04-1970,5.769230842590332,5.839343070983887,476736,5.839343070983887,5.809295177459717,1.2143759727478027
27-04-1970,5.6290059089660645,5.809295177459717,697632,5.809295177459717,5.659053802490234,1.1829698085784912
28-04-1970,5.578926086425781,5.659053802490234,404352,5.7291669845581055,5.578926086425781,1.16621994972229
29-04-1970,5.578926086425781,5.578926086425781,491712,5.719151020050049,5.719151020050049,1.1955323219299316
30-04-1970,5.608973979949951,5.719151020050049,555360,5.769230842590332,5.709135055541992,1.1934386491775513
01-05-1970,5.608973979949951,5.709135055541992,355680,5.7291669845581055,5.719151020050049,1.1955323219299316
04-05-1970,5.46875,5.719151020050049,698880,5.739182949066162,5.52884578704834,1.155751347541809
05-05-1970,5.448718070983887,5.52884578704834,313248,5.568910121917725,5.458734035491943,1.1410950422286987
06-05-1970,5.478765964508057,5.478765964508057,451776,5.639021873474121,5.548878192901611,1.159938931465149
07-05-1970,5.568910121917725,5.568910121917725,227136,5.669071197509766,5.618989944458008,1.1745940446853638
08-05-1970,5.49879789352417,5.618989944458008,328224,5.618989944458008,5.548878192901611,1.159938931465149
11-05-1970,5.558894157409668,5.558894157409668,313248,5.6290059089660645,5.558894157409668,1.162031888961792
12-05-1970,5.448718070983887,5.538862228393555,383136,5.538862228393555,5.488781929016113,1.1473761796951294
13-05-1970,5.328526020050049,5.478765964508057,360672,5.478765964508057,5.328526020050049,1.1138757467269897
14-05-1970,5.188301086425781,5.328526020050049,651456,5.328526020050049,5.258412837982178,1.0992200374603271
15-05-1970,5.178285121917725,5.258412837982178,606528,5.358573913574219,5.3385419845581055,1.1159697771072388
18-05-1970,5.368589878082275,5.368589878082275,594048,5.46875,5.398637771606445,1.128532886505127
19-05-1970,5.368589878082275,5.398637771606445,202176,5.40865421295166,5.368589878082275,1.1222513914108276
20-05-1970,5.128204822540283,5.368589878082275,391872,5.378605842590332,5.148237228393555,1.0761886835098267
21-05-1970,5.008012771606445,5.148237228393555,509184,5.168269157409668,5.088140964508057,1.0636264085769653
22-05-1970,5.008012771606445,5.088140964508057,378144,5.218348979949951,5.10817289352417,1.0678131580352783
25-05-1970,4.937901020050049,5.04807710647583,677664,5.04807710647583,4.9479169845581055,1.0343142747879028
26-05-1970,4.8477559089660645,4.9479169845581055,527904,4.967948913574219,4.8477559089660645,1.013375997543335
27-05-1970,4.827723979949951,4.8477559089660645,685152,5.078125,5.038061141967773,1.053157091140747
28-05-1970,5.058093070983887,5.058093070983887,544128,5.198317050933838,5.118188858032227,1.0699070692062378
29-05-1970,5.04807710647583,5.118188858032227,751296,5.348557949066162,5.318510055541992,1.1117827892303467
01-06-1970,5.318510055541992,5.318510055541992,559104,5.418670177459717,5.388621807098389,1.1264389753341675
02-06-1970,5.3084940910339355,5.388621807098389,789984,5.40865421295166,5.368589878082275,1.1222513914108276
03-06-1970,5.348557949066162,5.368589878082275,685152,5.478765964508057,5.458734035491943,1.1410950422286987
04-06-1970,5.418670177459717,5.458734035491943,403104,5.488781929016113,5.418670177459717,1.1327204704284668
05-06-1970,5.3385419845581055,5.418670177459717,461760,5.418670177459717,5.3385419845581055,1.1159697771072388
08-06-1970,5.328526020050049,5.3385419845581055,411840,5.428686141967773,5.398637771606445,1.128532886505127
09-06-1970,5.388621807098389,5.398637771606445,371904,5.418670177459717,5.388621807098389,1.1264389753341675
10-06-1970,5.328526020050049,5.388621807098389,331968,5.388621807098389,5.328526020050049,1.1138757467269897
11-06-1970,5.2383809089660645,5.318510055541992,263328,5.318510055541992,5.298478126525879,1.1185284852981567
12-06-1970,5.2083330154418945,5.278446197509766,328224,5.278446197509766,5.278446197509766,1.114298939704895
15-06-1970,5.268428802490234,5.278446197509766,184704,5.348557949066162,5.278446197509766,1.114298939704895
16-06-1970,5.268428802490234,5.278446197509766,380640,5.418670177459717,5.40865421295166,1.1417863368988037
17-06-1970,5.388621807098389,5.40865421295166,410592,5.508813858032227,5.398637771606445,1.1396721601486206
18-06-1970,5.378605842590332,5.398637771606445,341952,5.518829822540283,5.488781929016113,1.1587013006210327
19-06-1970,5.548878192901611,5.548878192901611,934752,5.689103126525879,5.588942050933838,1.1798464059829712
22-06-1970,5.538862228393555,5.588942050933838,409344,5.659053802490234,5.639021873474121,1.1904175281524658
23-06-1970,5.538862228393555,5.639021873474121,711360,5.639021873474121,5.538862228393555,1.1692736148834229
24-06-1970,5.448718070983887,5.538862228393555,584064,5.578926086425781,5.518829822540283,1.1650445461273193
25-06-1970,5.49879789352417,5.518829822540283,239616,5.568910121917725,5.49879789352417,1.160815715789795
26-06-1970,5.388621807098389,5.488781929016113,426816,5.488781929016113,5.398637771606445,1.1396721601486206
29-06-1970,5.368589878082275,5.398637771606445,193440,5.418670177459717,5.398637771606445,1.1396721601486206
30-06-1970,5.368589878082275,5.398637771606445,279552,5.46875,5.40865421295166,1.1417863368988037
01-07-1970,5.388621807098389,5.40865421295166,275808,5.43870210647583,5.428686141967773,1.14601469039917
02-07-1970,5.43870210647583,5.43870210647583,421824,5.548878192901611,5.488781929016113,1.1587013006210327
06-07-1970,5.388621807098389,5.488781929016113,328224,5.558894157409668,5.388621807098389,1.1375577449798584
07-07-1970,5.348557949066162,5.388621807098389,273312,5.43870210647583,5.388621807098389,1.1375577449798584
08-07-1970,5.368589878082275,5.388621807098389,283296,5.448718070983887,5.43870210647583,1.1481302976608276
09-07-1970,5.368589878082275,5.43870210647583,399360,5.478765964508057,5.448718070983887,1.150244116783142
10-07-1970,5.568910121917725,5.568910121917725,602784,5.739182949066162,5.739182949066162,1.2115628719329834
13-07-1970,5.7291669845581055,5.739182949066162,299520,5.79927921295166,5.779246807098389,1.2200202941894531
14-07-1970,5.709135055541992,5.779246807098389,307008,5.779246807098389,5.769230842590332,1.217905879020691
15-07-1970,5.7291669845581055,5.769230842590332,421824,5.819311141967773,5.789262771606445,1.2221335172653198
16-07-1970,5.849359035491943,5.849359035491943,520416,6.029646873474121,6.009614944458008,1.2686512470245361
17-07-1970,6.029646873474121,6.029646873474121,557856,6.139823913574219,6.139823913574219,1.2961386442184448
20-07-1970,6.049678802490234,6.139823913574219,411840,6.139823913574219,6.079728126525879,1.2834529876708984
21-07-1970,5.91947078704834,6.039662837982178,552864,6.039662837982178,5.939503192901611,1.2538504600524902
22-07-1970,5.949519157409668,5.949519157409668,298272,6.039662837982178,5.979567050933838,1.2623082399368286
23-07-1970,5.979567050933838,5.979567050933838,1139424,6.0897440910339355,6.0897440910339355,1.2855674028396606
24-07-1970,5.999598979949951,6.0897440910339355,500448,6.139823913574219,6.139823913574219,1.2961386442184448
27-07-1970,6.039662837982178,6.129807949066162,189696,6.129807949066162,6.059696197509766,1.2792234420776367
28-07-1970,6.009614944458008,6.059696197509766,341952,6.1197919845581055,6.109776020050049,1.289796233177185
29-07-1970,6.1197919845581055,6.1197919845581055,524160,6.18990421295166,6.179887771606445,1.304596185684204
30-07-1970,6.159855842590332,6.179887771606445,349440,6.229968070983887,6.179887771606445,1.304596185684204
31-07-1970,6.139823913574219,6.179887771606445,607776,6.25,6.159855842590332,1.3003685474395752
03-08-1970,5.9895830154418945,6.109776020050049,275808,6.109776020050049,6.009614944458008,1.2686512470245361
04-08-1970,5.939503192901611,6.009614944458008,310752,6.0897440910339355,6.049678802490234,1.2771092653274536
05-08-1970,6.059696197509766,6.059696197509766,277056,6.139823913574219,6.0897440910339355,1.2855674028396606
06-08-1970,6.039662837982178,6.079728126525879,244608,6.079728126525879,6.039662837982178,1.2749947309494019
07-08-1970,5.979567050933838,6.039662837982178,389376,6.109776020050049,6.049678802490234,1.2771092653274536
10-08-1970,5.969551086425781,6.049678802490234,200928,6.059696197509766,5.999598979949951,1.266537070274353
11-08-1970,5.939503192901611,5.999598979949951,308256,5.999598979949951,5.959535121917725,1.2580795288085938
12-08-1970,5.929487228393555,5.959535121917725,272064,5.999598979949951,5.979567050933838,1.2623082399368286
13-08-1970,5.88942289352417,5.949519157409668,250848,5.949519157409668,5.88942289352417,1.2432790994644165
14-08-1970,5.879406929016113,5.88942289352417,258336,5.91947078704834,5.909454822540283,1.2475075721740723
17-08-1970,5.88942289352417,5.909454822540283,198432,5.929487228393555,5.929487228393555,1.2517359256744385
18-08-1970,5.909454822540283,5.929487228393555,999648,5.969551086425781,5.959535121917725,1.2580795288085938
19-08-1970,5.9895830154418945,5.9895830154418945,537888,6.0897440910339355,6.029646873474121,1.2728798389434814
20-08-1970,6.009614944458008,6.029646873474121,364416,6.1197919845581055,6.109776020050049,1.289796233177185
21-08-1970,6.179887771606445,6.179887771606445,507936,6.330128192901611,6.330128192901611,1.3363124132156372
24-08-1970,6.330128192901611,6.330128192901611,559104,6.4102559089660645,6.370192050933838,1.344770073890686
25-08-1970,6.28004789352417,6.370192050933838,638976,6.400239944458008,6.320112228393555,1.334198236465454
26-08-1970,6.290063858032227,6.320112228393555,701376,6.360176086425781,6.300079822540283,1.3299694061279297
27-08-1970,6.290063858032227,6.300079822540283,351936,6.370192050933838,6.300079822540283,1.3299694061279297
28-08-1970,6.290063858032227,6.300079822540283,537888,6.4102559089660645,6.330128192901611,1.3363124132156372
31-08-1970,6.290063858032227,6.330128192901611,305760,6.350160121917725,6.290063858032227,1.3278553485870361
01-09-1970,6.209936141967773,6.290063858032227,408096,6.300079822540283,6.260015964508057,1.3215117454528809
02-09-1970,6.139823913574219,6.260015964508057,369408,6.260015964508057,6.239984035491943,1.317283272743225
03-09-1970,6.270031929016113,6.270031929016113,237120,6.360176086425781,6.31009578704834,1.3320850133895874
04-09-1970,6.260015964508057,6.31009578704834,335712,6.320112228393555,6.300079822540283,1.3299694061279297
08-09-1970,6.239984035491943,6.300079822540283,341952,6.390223979949951,6.390223979949951,1.3489998579025269
09-09-1970,6.370192050933838,6.390223979949951,690144,6.470353126525879,6.400239944458008,1.3511141538619995
10-09-1970,6.3802080154418945,6.400239944458008,228384,6.420271873474121,6.4102559089660645,1.353228211402893
11-09-1970,6.390223979949951,6.4102559089660645,415584,6.460337162017822,6.430287837982178,1.3574562072753906
14-09-1970,6.3802080154418945,6.430287837982178,340704,6.450321197509766,6.3802080154418945,1.3468856811523438
15-09-1970,6.330128192901611,6.3802080154418945,292032,6.3802080154418945,6.350160121917725,1.3405416011810303
16-09-1970,6.31009578704834,6.350160121917725,404352,6.420271873474121,6.4102559089660645,1.353228211402893
17-09-1970,6.430287837982178,6.430287837982178,520416,6.560496807098389,6.490385055541992,1.3701436519622803
18-09-1970,6.450321197509766,6.490385055541992,314496,6.550480842590332,6.4803690910339355,1.368029236793518
21-09-1970,6.430287837982178,6.4803690910339355,380640,6.520432949066162,6.440303802490234,1.3705860376358032
22-09-1970,6.4102559089660645,6.440303802490234,298272,6.530448913574219,6.490385055541992,1.3812440633773804
23-09-1970,6.4803690910339355,6.490385055541992,324480,6.61057710647583,6.530448913574219,1.389771819114685
24-09-1970,6.530448913574219,6.530448913574219,302016,6.61057710647583,6.570512771606445,1.398297667503357
25-09-1970,6.590545177459717,6.590545177459717,334464,6.70072078704834,6.630609035491943,1.4110875129699707
28-09-1970,6.61057710647583,6.630609035491943,515424,6.7708330154418945,6.730769157409668,1.4324015378952026
29-09-1970,6.67067289352417,6.730769157409668,691392,6.961137771606445,6.790864944458008,1.4451907873153687
30-09-1970,6.67067289352417,6.790864944458008,524160,6.850962162017822,6.760817050933838,1.438797116279602
01-10-1970,6.690704822540283,6.760817050933838,474240,6.7708330154418945,6.750801086425781,1.4366647005081177
02-10-1970,6.750801086425781,6.750801086425781,339456,6.850962162017822,6.810896873474121,1.4494539499282837
05-10-1970,6.740785121917725,6.810896873474121,480480,6.941105842590332,6.850962162017822,1.4579815864562988
06-10-1970,6.810896873474121,6.850962162017822,415584,6.921073913574219,6.810896873474121,1.4494539499282837
07-10-1970,6.740785121917725,6.810896873474121,340704,6.840946197509766,6.8008809089660645,1.4473228454589844
08-10-1970,6.810896873474121,6.810896873474121,661440,6.931089878082275,6.820912837982178,1.451586127281189
09-10-1970,6.730769157409668,6.810896873474121,486720,6.810896873474121,6.760817050933838,1.438797116279602
12-10-1970,6.680688858032227,6.760817050933838,134784,6.760817050933838,6.690704822540283,1.4238749742507935
13-10-1970,6.620593070983887,6.690704822540283,341952,6.690704822540283,6.620593070983887,1.408954381942749
14-10-1970,6.630609035491943,6.630609035491943,936000,6.690704822540283,6.67067289352417,1.419613242149353
15-10-1970,6.690704822540283,6.690704822540283,416832,6.810896873474121,6.7708330154418945,1.4409282207489014
16-10-1970,6.630609035491943,6.760817050933838,277056,6.760817050933838,6.67067289352417,1.419613242149353
19-10-1970,6.61057710647583,6.67067289352417,333216,6.67067289352417,6.650640964508057,1.4153493642807007
20-10-1970,6.640625,6.650640964508057,314496,6.740785121917725,6.720753192901611,1.4302719831466675
21-10-1970,6.7708330154418945,6.7708330154418945,535392,6.881010055541992,6.810896873474121,1.4494539499282837
22-10-1970,6.8008809089660645,6.810896873474121,294528,6.860978126525879,6.820912837982178,1.451586127281189
23-10-1970,6.820912837982178,6.820912837982178,424320,6.941105842590332,6.891026020050049,1.4665074348449707
26-10-1970,6.8709940910339355,6.891026020050049,494208,7.00120210647583,6.9010419845581055,1.4686384201049805
27-10-1970,6.840946197509766,6.891026020050049,233376,6.891026020050049,6.840946197509766,1.4558486938476562
28-10-1970,6.840946197509766,6.840946197509766,468000,6.921073913574219,6.921073913574219,1.472902774810791
29-10-1970,6.860978126525879,6.921073913574219,334464,6.921073913574219,6.881010055541992,1.4643754959106445
30-10-1970,6.891026020050049,6.891026020050049,350688,6.931089878082275,6.891026020050049,1.4665074348449707
02-11-1970,6.850962162017822,6.891026020050049,405600,6.931089878082275,6.860978126525879,1.4601116180419922
03-11-1970,6.850962162017822,6.860978126525879,411840,7.011218070983887,6.97115421295166,1.4835585355758667
04-11-1970,6.941105842590332,6.97115421295166,574080,7.131410121917725,7.041265964508057,1.4984806776046753
05-11-1970,6.941105842590332,7.011218070983887,375648,7.011218070983887,6.961137771606445,1.481427788734436
06-11-1970,6.941105842590332,6.961137771606445,314496,6.991186141967773,6.951121807098389,1.479297161102295
09-11-1970,6.951121807098389,6.951121807098389,539136,7.041265964508057,6.97115421295166,1.4835585355758667
10-11-1970,6.951121807098389,6.97115421295166,459264,7.00120210647583,6.981170177459717,1.485690712928772
11-11-1970,6.951121807098389,6.981170177459717,324480,7.021234035491943,6.961137771606445,1.481427788734436
12-11-1970,6.850962162017822,6.961137771606445,379392,6.961137771606445,6.860978126525879,1.4601116180419922
13-11-1970,6.760817050933838,6.850962162017822,658944,6.850962162017822,6.810896873474121,1.4494539499282837
16-11-1970,6.780848979949951,6.810896873474121,438048,6.860978126525879,6.790864944458008,1.4451907873153687
17-11-1970,6.810896873474121,6.810896873474121,365664,6.8709940910339355,6.810896873474121,1.4494539499282837
18-11-1970,6.810896873474121,6.810896873474121,809952,6.860978126525879,6.820912837982178,1.451586127281189
19-11-1970,6.820912837982178,6.820912837982178,324480,6.9010419845581055,6.8709940910339355,1.4622434377670288
20-11-1970,6.860978126525879,6.8709940910339355,345696,6.911057949066162,6.911057949066162,1.4707692861557007
23-11-1970,6.891026020050049,6.911057949066162,626496,7.00120210647583,6.921073913574219,1.472902774810791
24-11-1970,6.911057949066162,6.921073913574219,316992,6.97115421295166,6.97115421295166,1.4835585355758667
25-11-1970,6.97115421295166,6.97115421295166,572832,7.03125,7.00120210647583,1.4899545907974243
27-11-1970,7.00120210647583,7.00120210647583,313248,7.051281929016113,7.011218070983887,1.492084264755249
30-11-1970,7.00120210647583,7.011218070983887,409344,7.081329822540283,7.081329822540283,1.5070054531097412
01-12-1970,6.97115421295166,7.081329822540283,574080,7.121394157409668,7.011218070983887,1.492084264755249
02-12-1970,6.97115421295166,7.011218070983887,957216,7.121394157409668,7.101362228393555,1.5112698078155518
03-12-1970,6.991186141967773,7.101362228393555,627744,7.101362228393555,7.03125,1.4963483810424805
04-12-1970,7.00120210647583,7.03125,328224,7.071313858032227,7.011218070983887,1.492084264755249
07-12-1970,6.991186141967773,7.011218070983887,607776,7.03125,7.03125,1.5075470209121704
08-12-1970,6.991186141967773,7.03125,403104,7.041265964508057,7.00120210647583,1.5011054277420044
09-12-1970,6.961137771606445,7.00120210647583,777504,7.09134578704834,7.09134578704834,1.520431399345398
10-12-1970,7.131410121917725,7.131410121917725,610272,7.211537837982178,7.201521873474121,1.5440540313720703
11-12-1970,7.231571197509766,7.231571197509766,574080,7.311698913574219,7.2916669845581055,1.5633831024169922
14-12-1970,7.2616190910339355,7.2916669845581055,525408,7.39182710647583,7.281651020050049,1.561234951019287
15-12-1970,7.1915059089660645,7.281651020050049,348192,7.2916669845581055,7.2616190910339355,1.5569400787353516
16-12-1970,7.201521873474121,7.2616190910339355,234624,7.271635055541992,7.271635055541992,1.5590879917144775
17-12-1970,7.251603126525879,7.271635055541992,310752,7.321714878082275,7.311698913574219,1.567676305770874
18-12-1970,7.281651020050049,7.311698913574219,587808,7.401843070983887,7.351762771606445,1.5762676000595093
21-12-1970,7.1614580154418945,7.351762771606445,321984,7.36177921295166,7.201521873474121,1.5440540313720703
22-12-1970,7.141426086425781,7.201521873474121,807456,7.331730842590332,7.2916669845581055,1.5633831024169922
23-12-1970,7.271635055541992,7.2916669845581055,789984,7.371795177459717,7.341746807098389,1.574120283126831
24-12-1970,7.251603126525879,7.341746807098389,300768,7.341746807098389,7.271635055541992,1.5590879917144775
28-12-1970,7.151442050933838,7.271635055541992,423072,7.271635055541992,7.211537837982178,1.5462017059326172
29-12-1970,7.241587162017822,7.241587162017822,596544,7.371795177459717,7.36177921295166,1.5784149169921875
30-12-1970,7.341746807098389,7.36177921295166,650208,7.431890964508057,7.401843070983887,1.5870054960250854
31-12-1970,7.471954822540283,7.471954822540283,287040,7.572114944458008,7.522035121917725,1.6127756834030151
04-01-1971,7.471954822540283,7.522035121917725,338208,7.572114944458008,7.522035121917725,1.6127756834030151
05-01-1971,7.471954822540283,7.522035121917725,182208,7.562098979949951,7.562098979949951,1.621364951133728
06-01-1971,7.461938858032227,7.562098979949951,326976,7.572114944458008,7.491987228393555,1.6063334941864014
07-01-1971,7.45192289352417,7.491987228393555,302016,7.522035121917725,7.522035121917725,1.6127756834030151
08-01-1971,7.471954822540283,7.512019157409668,235872,7.512019157409668,7.502003192901611,1.608479619026184
11-01-1971,7.471954822540283,7.502003192901611,435552,7.522035121917725,7.512019157409668,1.6106266975402832
12-01-1971,7.502003192901611,7.512019157409668,309504,7.542067050933838,7.522035121917725,1.6127756834030151
13-01-1971,7.491987228393555,7.522035121917725,385632,7.542067050933838,7.502003192901611,1.608479619026184
14-01-1971,7.48197078704834,7.502003192901611,421824,7.612178802490234,7.572114944458008,1.6235120296478271
15-01-1971,7.562098979949951,7.572114944458008,529152,7.6522440910339355,7.632212162017822,1.6363974809646606
18-01-1971,7.612178802490234,7.632212162017822,368160,7.642228126525879,7.632212162017822,1.6363974809646606
19-01-1971,7.632212162017822,7.632212162017822,252096,7.6822919845581055,7.6822919845581055,1.6471353769302368
20-01-1971,7.6822919845581055,7.6822919845581055,285792,7.732371807098389,7.722355842590332,1.6557248830795288
21-01-1971,7.702323913574219,7.722355842590332,1087008,8.042868614196777,8.022836685180664,1.7201496362686157
22-01-1971,8.293269157409668,8.293269157409668,1059552,8.373396873474121,8.313301086425781,1.7824280261993408
25-01-1971,8.193108558654785,8.313301086425781,1688544,8.523637771606445,8.45352554321289,1.8124916553497314
26-01-1971,8.293269157409668,8.403446197509766,656448,8.403446197509766,8.293269157409668,1.7781333923339844
27-01-1971,7.9427080154418945,8.06290054321289,1394016,8.06290054321289,8.022836685180664,1.7201496362686157
28-01-1971,7.912660121917725,8.022836685180664,606528,8.032853126525879,8.002803802490234,1.7158559560775757
29-01-1971,7.882612228393555,7.9727559089660645,601536,7.9727559089660645,7.952723979949951,1.7051173448562622
01-02-1971,7.9427080154418945,7.952723979949951,1309152,8.413461685180664,8.393428802490234,1.799607515335083
02-02-1971,8.173076629638672,8.353364944458008,1033344,8.353364944458008,8.223156929016113,1.7631012201309204
03-02-1971,8.223156929016113,8.223156929016113,928512,8.333333015441895,8.253205299377441,1.769542932510376
04-02-1971,8.203125,8.253205299377441,638976,8.333333015441895,8.293269157409668,1.7781333923339844
05-02-1971,8.233173370361328,8.293269157409668,770016,8.393428802490234,8.293269157409668,1.7781333923339844
08-02-1971,8.213141441345215,8.293269157409668,908544,8.483573913574219,8.433493614196777,1.808198094367981
09-02-1971,8.333333015441895,8.433493614196777,567840,8.463541984558105,8.333333015441895,1.7867233753204346
10-02-1971,8.283252716064453,8.333333015441895,630240,8.413461685180664,8.393428802490234,1.799607515335083
11-02-1971,8.373396873474121,8.393428802490234,648960,8.433493614196777,8.373396873474121,1.7953133583068848
12-02-1971,8.373396873474121,8.373396873474121,849888,8.563701629638672,8.543669700622559,1.8318212032318115
16-02-1971,8.433493614196777,8.53365421295166,589056,8.53365421295166,8.47355842590332,1.8167870044708252
17-02-1971,8.333333015441895,8.423478126525879,500448,8.423478126525879,8.333333015441895,1.7867233753204346
18-02-1971,8.313301086425781,8.333333015441895,560352,8.403446197509766,8.353364944458008,1.7910168170928955
19-02-1971,8.283252716064453,8.353364944458008,415584,8.363381385803223,8.293269157409668,1.7781333923339844
22-02-1971,8.213141441345215,8.283252716064453,499200,8.283252716064453,8.253205299377441,1.769542932510376
23-02-1971,8.243188858032227,8.253205299377441,515424,8.373396873474121,8.303284645080566,1.7802796363830566
24-02-1971,8.34334945678711,8.34334945678711,728832,8.493590354919434,8.443510055541992,1.8103450536727905
25-02-1971,8.47355842590332,8.47355842590332,983424,8.693909645080566,8.663862228393555,1.8575901985168457
26-02-1971,8.553686141967773,8.663862228393555,535392,8.673877716064453,8.663862228393555,1.8575901985168457
01-03-1971,8.573718070983887,8.65384578704834,398112,8.65384578704834,8.623798370361328,1.8490020036697388
02-03-1971,8.59375,8.623798370361328,449280,8.723958015441895,8.663862228393555,1.8575901985168457
03-03-1971,8.613781929016113,8.663862228393555,459264,8.71394157409668,8.683894157409668,1.8731460571289062
04-03-1971,8.663862228393555,8.683894157409668,449280,8.794071197509766,8.764021873474121,1.8904297351837158
05-03-1971,8.814103126525879,8.814103126525879,902304,8.954326629638672,8.84415054321289,1.90771484375
08-03-1971,8.754006385803223,8.84415054321289,371904,8.854166984558105,8.834135055541992,1.905552625656128
09-03-1971,8.65384578704834,8.834135055541992,350688,8.86418342590332,8.65384578704834,1.8666651248931885
10-03-1971,8.673877716064453,8.673877716064453,265824,8.73397445678711,8.703926086425781,1.8774669170379639
11-03-1971,8.633813858032227,8.703926086425781,481728,8.764021873474121,8.633813858032227,1.8623439073562622
12-03-1971,8.643830299377441,8.643830299377441,646464,8.703926086425781,8.703926086425781,1.8774669170379639
15-03-1971,8.673877716064453,8.703926086425781,678912,8.974358558654785,8.894230842590332,1.9185160398483276
16-03-1971,8.84415054321289,8.894230842590332,495456,9.014423370361328,8.854166984558105,1.9098739624023438
17-03-1971,8.794071197509766,8.854166984558105,363168,8.884215354919434,8.854166984558105,1.9098739624023438
18-03-1971,8.814103126525879,8.854166984558105,257088,8.914262771606445,8.84415054321289,1.90771484375
19-03-1971,8.84415054321289,8.84415054321289,482976,8.92427921295166,8.874198913574219,1.9141937494277954
22-03-1971,8.784053802490234,8.874198913574219,250848,8.884215354919434,8.84415054321289,1.90771484375
23-03-1971,8.804086685180664,8.84415054321289,1437696,8.904247283935547,8.904247283935547,1.920677661895752
24-03-1971,8.834135055541992,8.904247283935547,396864,8.914262771606445,8.86418342590332,1.9120343923568726
25-03-1971,8.764021873474121,8.86418342590332,546624,8.904247283935547,8.904247283935547,1.920677661895752
26-03-1971,8.944311141967773,8.944311141967773,472992,9.014423370361328,8.954326629638672,1.9314799308776855
29-03-1971,8.914262771606445,8.954326629638672,624000,9.054487228393555,8.974358558654785,1.9357997179031372
30-03-1971,8.92427921295166,8.974358558654785,358176,8.974358558654785,8.954326629638672,1.9314799308776855
31-03-1971,8.974358558654785,8.974358558654785,338208,9.04447078704834,8.974358558654785,1.9357997179031372
01-04-1971,8.954326629638672,8.974358558654785,312000,9.024438858032227,8.994391441345215,1.9401220083236694
02-04-1971,8.934294700622559,8.994391441345215,517920,9.054487228393555,8.944311141967773,1.9293187856674194
05-04-1971,8.904247283935547,8.944311141967773,396864,9.024438858032227,9.014423370361328,1.944442629814148
06-04-1971,8.984375,9.014423370361328,1019616,9.334936141967773,9.304887771606445,2.0070958137512207
07-04-1971,9.244791984558105,9.304887771606445,536640,9.375,9.375,2.0222201347351074
08-04-1971,9.274840354919434,9.375,1178112,9.395031929016113,9.354968070983887,2.0178985595703125
12-04-1971,9.43509578704834,9.43509578704834,602784,9.485176086425781,9.485176086425781,2.045985460281372
13-04-1971,9.465144157409668,9.485176086425781,279552,9.535256385803223,9.49519157409668,2.048144817352295
14-04-1971,9.43509578704834,9.49519157409668,524160,9.615385055541992,9.615385055541992,2.0740702152252197
15-04-1971,9.535256385803223,9.615385055541992,683904,9.685497283935547,9.555288314819336,2.061108112335205
16-04-1971,9.505208015441895,9.555288314819336,469248,9.595353126525879,9.575321197509766,2.065429449081421
19-04-1971,9.545271873474121,9.575321197509766,438048,9.615385055541992,9.575321197509766,2.065429449081421
20-04-1971,9.49519157409668,9.555288314819336,315744,9.555288314819336,9.505208015441895,2.050304889678955
21-04-1971,9.505208015441895,9.505208015441895,675168,9.665465354919434,9.64543342590332,2.0805552005767822
22-04-1971,9.535256385803223,9.64543342590332,896064,9.665465354919434,9.64543342590332,2.0805552005767822
23-04-1971,9.615385055541992,9.64543342590332,797472,9.935896873474121,9.875801086425781,2.130244493484497
26-04-1971,9.70552921295166,9.875801086425781,479232,9.88581657409668,9.70552921295166,2.0935163497924805
27-04-1971,9.595353126525879,9.70552921295166,500448,9.835737228393555,9.815705299377441,2.117281198501587
28-04-1971,9.775641441345215,9.815705299377441,586560,9.945913314819336,9.935896873474121,2.143206834793091
29-04-1971,9.88581657409668,9.935896873474121,436800,9.965946197509766,9.915864944458008,2.1388864517211914
30-04-1971,9.755608558654785,9.915864944458008,339456,9.925881385803223,9.845752716064453,2.123762845993042
03-05-1971,9.675480842590332,9.835737228393555,359424,9.835737228393555,9.765625,2.1064789295196533
04-05-1971,9.715544700622559,9.765625,355680,9.765625,9.735576629638672,2.0999979972839355
05-05-1971,9.665465354919434,9.735576629638672,369408,9.765625,9.745593070983887,2.1021571159362793
06-05-1971,9.655448913574219,9.735576629638672,395616,9.735576629638672,9.655448913574219,2.0827133655548096
07-05-1971,9.64543342590332,9.655448913574219,648960,9.715544700622559,9.685497283935547,2.08919358253479
10-05-1971,9.575321197509766,9.685497283935547,429312,9.685497283935547,9.675480842590332,2.0870351791381836
11-05-1971,9.62540054321289,9.675480842590332,465504,9.735576629638672,9.70552921295166,2.0935163497924805
12-05-1971,9.635416984558105,9.70552921295166,248352,9.735576629638672,9.635416984558105,2.0783932209014893
13-05-1971,9.665465354919434,9.665465354919434,302016,9.765625,9.755608558654785,2.1043193340301514
14-05-1971,9.655448913574219,9.745593070983887,444288,9.745593070983887,9.675480842590332,2.0870351791381836
17-05-1971,9.344951629638672,9.655448913574219,648960,9.655448913574219,9.354968070983887,2.0178985595703125
18-05-1971,9.214743614196777,9.354968070983887,826176,9.535256385803223,9.395031929016113,2.026540756225586
19-05-1971,9.415063858032227,9.415063858032227,245856,9.605368614196777,9.605368614196777,2.0719101428985596
20-05-1971,9.695512771606445,9.695512771606445,798720,9.955928802490234,9.745593070983887,2.1021571159362793
21-05-1971,9.665465354919434,9.735576629638672,624000,9.735576629638672,9.725561141967773,2.0978376865386963
24-05-1971,9.70552921295166,9.725561141967773,463008,9.765625,9.725561141967773,2.0978376865386963
25-05-1971,9.535256385803223,9.725561141967773,861120,9.765625,9.655448913574219,2.0827133655548096
26-05-1971,9.545271873474121,9.655448913574219,413088,9.685497283935547,9.545271873474121,2.058947801589966
27-05-1971,9.535256385803223,9.545271873474121,144768,9.595353126525879,9.555288314819336,2.061108112335205
28-05-1971,9.505208015441895,9.555288314819336,264576,9.605368614196777,9.605368614196777,2.0719101428985596
01-06-1971,9.535256385803223,9.605368614196777,295776,9.695512771606445,9.695512771606445,2.0913548469543457
02-06-1971,9.70552921295166,9.70552921295166,665184,9.765625,9.725561141967773,2.0978376865386963
03-06-1971,9.725561141967773,9.725561141967773,545376,9.795673370361328,9.785656929016113,2.110800266265869
04-06-1971,9.785656929016113,9.785656929016113,320736,9.835737228393555,9.835737228393555,2.1216020584106445
07-06-1971,9.795673370361328,9.835737228393555,329472,9.925881385803223,9.895833015441895,2.1345653533935547
08-06-1971,9.555288314819336,9.835737228393555,580320,9.835737228393555,9.555288314819336,2.061108112335205
09-06-1971,9.25480842590332,9.555288314819336,388128,9.615385055541992,9.535256385803223,2.0567877292633057
10-06-1971,9.49519157409668,9.535256385803223,306384,9.755608558654785,9.715544700622559,2.0956764221191406
11-06-1971,9.655448913574219,9.715544700622559,353808,9.855769157409668,9.835737228393555,2.1216020584106445
14-06-1971,9.695512771606445,9.835737228393555,174096,9.835737228393555,9.695512771606445,2.0913548469543457
15-06-1971,9.475159645080566,9.675480842590332,299520,9.675480842590332,9.475159645080566,2.043825149536133
16-06-1971,9.455127716064453,9.475159645080566,313872,9.775641441345215,9.655448913574219,2.0827133655548096
17-06-1971,9.595353126525879,9.655448913574219,425568,9.835737228393555,9.695512771606445,2.1035752296447754
18-06-1971,9.535256385803223,9.695512771606445,329472,9.715544700622559,9.535256385803223,2.0688061714172363
21-06-1971,9.31490421295166,9.535256385803223,527904,9.555288314819336,9.31490421295166,2.020998001098633
22-06-1971,9.31490421295166,9.31490421295166,441792,9.535256385803223,9.415063858032227,2.0427284240722656
23-06-1971,9.375,9.415063858032227,447408,9.615385055541992,9.49519157409668,2.0601115226745605
24-06-1971,9.25480842590332,9.49519157409668,278304,9.49519157409668,9.375,2.03403639793396
25-06-1971,9.31490421295166,9.375,179712,9.43509578704834,9.395031929016113,2.038381338119507
28-06-1971,9.31490421295166,9.395031929016113,228384,9.415063858032227,9.375,2.03403639793396
29-06-1971,9.415063858032227,9.415063858032227,295152,9.595353126525879,9.535256385803223,2.0688061714172363
30-06-1971,9.49519157409668,9.535256385803223,497328,9.735576629638672,9.735576629638672,2.1122686862945557
01-07-1971,9.675480842590332,9.735576629638672,439296,9.855769157409668,9.755608558654785,2.116614580154419
02-07-1971,9.675480842590332,9.755608558654785,225264,9.755608558654785,9.715544700622559,2.107921838760376
06-07-1971,9.675480842590332,9.715544700622559,273312,9.815705299377441,9.755608558654785,2.116614580154419
07-07-1971,9.735576629638672,9.755608558654785,338832,9.875801086425781,9.775641441345215,2.1209604740142822
08-07-1971,9.775641441345215,9.775641441345215,272688,9.855769157409668,9.855769157409668,2.1383442878723145
09-07-1971,9.795673370361328,9.855769157409668,252096,9.895833015441895,9.815705299377441,2.129652738571167
12-07-1971,9.755608558654785,9.815705299377441,387504,9.855769157409668,9.775641441345215,2.1209604740142822
13-07-1971,9.455127716064453,9.755608558654785,413088,9.755608558654785,9.595353126525879,2.081843852996826
14-07-1971,9.294872283935547,9.455127716064453,1604304,9.455127716064453,9.415063858032227,2.0427284240722656
15-07-1971,9.31490421295166,9.415063858032227,353184,9.475159645080566,9.375,2.03403639793396
16-07-1971,8.994391441345215,9.375,710112,9.395031929016113,9.034455299377441,1.9601500034332275
19-07-1971,8.834135055541992,9.034455299377441,766896,9.074519157409668,9.034455299377441,1.9601500034332275
20-07-1971,9.074519157409668,9.074519157409668,949104,9.294872283935547,9.23477554321289,2.003610849380493
21-07-1971,9.074519157409668,9.23477554321289,685776,9.294872283935547,9.114583015441895,1.9775335788726807
22-07-1971,8.73397445678711,9.034455299377441,1507584,9.034455299377441,8.73397445678711,1.8949555158615112
23-07-1971,8.693909645080566,8.73397445678711,468624,8.954326629638672,8.914262771606445,1.9340739250183105
26-07-1971,8.73397445678711,8.914262771606445,476112,8.954326629638672,8.774038314819336,1.903647541999817
27-07-1971,8.673877716064453,8.774038314819336,328848,8.794071197509766,8.73397445678711,1.8949555158615112
28-07-1971,8.573718070983887,8.73397445678711,1082016,8.73397445678711,8.613781929016113,1.8688770532608032
29-07-1971,8.47355842590332,8.613781929016113,732576,8.613781929016113,8.513622283935547,1.8471477031707764
30-07-1971,8.513622283935547,8.513622283935547,414336,8.613781929016113,8.553686141967773,1.8558396100997925
02-08-1971,8.553686141967773,8.553686141967773,518544,8.814103126525879,8.754006385803223,1.8993033170700073
03-08-1971,8.513622283935547,8.73397445678711,502944,8.73397445678711,8.65384578704834,1.8775709867477417
04-08-1971,8.59375,8.65384578704834,750048,8.894230842590332,8.633813858032227,1.8732250928878784
05-08-1971,8.633813858032227,8.633813858032227,661440,8.874198913574219,8.794071197509766,1.9079947471618652
06-08-1971,8.794071197509766,8.794071197509766,374400,8.914262771606445,8.894230842590332,1.929726243019104
09-08-1971,8.73397445678711,8.874198913574219,208416,8.874198913574219,8.73397445678711,1.8949555158615112
10-08-1971,8.693909645080566,8.73397445678711,356304,8.774038314819336,8.73397445678711,1.8949555158615112
11-08-1971,8.73397445678711,8.73397445678711,554736,8.954326629638672,8.934294700622559,1.9384182691574097
12-08-1971,8.934294700622559,8.934294700622559,450528,9.054487228393555,9.034455299377441,1.9601500034332275
13-08-1971,8.894230842590332,9.034455299377441,410592,9.034455299377441,8.914262771606445,1.9340739250183105
16-08-1971,9.455127716064453,9.455127716064453,2422992,9.775641441345215,9.455127716064453,2.051419973373413
17-08-1971,9.555288314819336,9.555288314819336,1921920,9.935896873474121,9.855769157409668,2.1383442878723145
18-08-1971,9.675480842590332,9.855769157409668,857376,9.915864944458008,9.755608558654785,2.116614580154419
19-08-1971,9.655448913574219,9.755608558654785,849264,9.875801086425781,9.755608558654785,2.116614580154419
20-08-1971,9.615385055541992,9.755608558654785,323856,9.755608558654785,9.655448913574219,2.0948827266693115
23-08-1971,9.575321197509766,9.655448913574219,330720,9.735576629638672,9.715544700622559,2.107921838760376
24-08-1971,9.735576629638672,9.735576629638672,403728,9.855769157409668,9.835737228393555,2.1339993476867676
25-08-1971,9.795673370361328,9.835737228393555,466752,9.935896873474121,9.895833015441895,2.1470372676849365
26-08-1971,9.875801086425781,9.895833015441895,384384,10.01602554321289,9.935896873474121,2.1557302474975586
27-08-1971,9.935896873474121,9.935896873474121,275808,10.03605842590332,9.975961685180664,2.164421558380127
30-08-1971,9.915864944458008,9.975961685180664,287040,10.136218070983887,9.935896873474121,2.1557302474975586
31-08-1971,9.835737228393555,9.935896873474121,310752,10.03605842590332,9.935896873474121,2.1557302474975586
01-09-1971,9.875801086425781,9.935896873474121,189696,10.076122283935547,9.955928802490234,2.160076379776001
02-09-1971,9.975961685180664,9.975961685180664,159120,10.136218070983887,10.116186141967773,2.1948463916778564
03-09-1971,10.15625,10.15625,266448,10.356571197509766,10.356571197509766,2.2470016479492188
07-09-1971,10.29647445678711,10.356571197509766,477984,10.556891441345215,10.316506385803223,2.238309860229492
08-09-1971,10.27644157409668,10.316506385803223,323856,10.416666984558105,10.356571197509766,2.2470016479492188
09-09-1971,10.316506385803223,10.356571197509766,240240,10.476762771606445,10.376603126525879,2.2513484954833984
10-09-1971,10.376603126525879,10.376603126525879,157872,10.456730842590332,10.456730842590332,2.2687323093414307
13-09-1971,10.136218070983887,10.456730842590332,532272,10.456730842590332,10.15625,2.2035398483276367
14-09-1971,10.01602554321289,10.15625,302640,10.196313858032227,10.056090354919434,2.181807518005371
15-09-1971,9.995993614196777,10.056090354919434,342576,10.116186141967773,10.09615421295166,2.1905012130737305
16-09-1971,10.076122283935547,10.09615421295166,164112,10.116186141967773,10.116186141967773,2.1948463916778564
17-09-1971,10.09615421295166,10.116186141967773,399984,10.21634578704834,10.15625,2.2035398483276367
20-09-1971,9.895833015441895,10.09615421295166,187200,10.09615421295166,10.03605842590332,2.177460193634033
21-09-1971,9.855769157409668,9.975961685180664,221520,9.975961685180664,9.915864944458008,2.163475751876831
22-09-1971,9.815705299377441,9.915864944458008,401856,9.955928802490234,9.815705299377441,2.141622543334961
23-09-1971,9.795673370361328,9.815705299377441,328848,10.056090354919434,9.955928802490234,2.1722164154052734
24-09-1971,9.855769157409668,9.955928802490234,579696,10.01602554321289,9.855769157409668,2.150362968444824
27-09-1971,9.595353126525879,9.795673370361328,454272,9.795673370361328,9.615385055541992,2.0979151725769043
28-09-1971,9.575321197509766,9.615385055541992,341952,9.735576629638672,9.615385055541992,2.0979151725769043
29-09-1971,9.615385055541992,9.615385055541992,280176,9.695512771606445,9.655448913574219,2.106656312942505
30-09-1971,9.675480842590332,9.675480842590332,308256,9.895833015441895,9.855769157409668,2.150362968444824
01-10-1971,9.775641441345215,9.855769157409668,308880,9.995993614196777,9.935896873474121,2.1678454875946045
04-10-1971,10.01602554321289,10.01602554321289,464880,10.136218070983887,10.03605842590332,2.189699172973633
05-10-1971,9.835737228393555,10.03605842590332,215904,10.076122283935547,9.935896873474121,2.1678454875946045
06-10-1971,9.875801086425781,9.935896873474121,433680,10.21634578704834,10.21634578704834,2.229034423828125
07-10-1971,10.21634578704834,10.21634578704834,389376,10.376603126525879,10.256409645080566,2.2377758026123047
08-10-1971,10.196313858032227,10.256409645080566,191568,10.316506385803223,10.196313858032227,2.2246651649475098
11-10-1971,9.975961685180664,10.176281929016113,90480,10.176281929016113,10.01602554321289,2.1853280067443848
12-10-1971,9.935896873474121,10.01602554321289,260832,10.076122283935547,9.995993614196777,2.180957794189453
13-10-1971,9.935896873474121,9.995993614196777,201552,10.01602554321289,9.955928802490234,2.1722164154052734
14-10-1971,9.815705299377441,9.955928802490234,251472,9.955928802490234,9.875801086425781,2.154733896255493
15-10-1971,9.635416984558105,9.875801086425781,318240,9.895833015441895,9.895833015441895,2.159105062484741
18-10-1971,9.895833015441895,9.895833015441895,227760,9.995993614196777,9.915864944458008,2.163475751876831
19-10-1971,9.755608558654785,9.915864944458008,313872,9.915864944458008,9.895833015441895,2.159105062484741
20-10-1971,9.455127716064453,9.895833015441895,960336,9.975961685180664,9.615385055541992,2.0979151725769043
21-10-1971,9.43509578704834,9.615385055541992,476736,9.655448913574219,9.575321197509766,2.089174270629883
22-10-1971,9.375,9.575321197509766,529152,9.675480842590332,9.375,2.0454676151275635
25-10-1971,9.23477554321289,9.375,185328,9.475159645080566,9.475159645080566,2.067319393157959
26-10-1971,9.274840354919434,9.475159645080566,500448,9.615385055541992,9.294872283935547,2.027984619140625
27-10-1971,9.194711685180664,9.294872283935547,373152,9.395031929016113,9.334936141967773,2.036726474761963
28-10-1971,9.23477554321289,9.334936141967773,625248,9.375,9.334936141967773,2.036726474761963
29-10-1971,9.294872283935547,9.334936141967773,307632,9.375,9.334936141967773,2.036726474761963
01-11-1971,9.034455299377441,9.334936141967773,280176,9.334936141967773,9.094551086425781,1.9842784404754639
02-11-1971,9.014423370361328,9.094551086425781,624000,9.274840354919434,9.174678802490234,2.001760721206665
03-11-1971,9.294872283935547,9.294872283935547,1082640,9.43509578704834,9.395031929016113,2.0498383045196533
04-11-1971,9.395031929016113,9.395031929016113,662688,9.535256385803223,9.395031929016113,2.0498383045196533
05-11-1971,9.174678802490234,9.354968070983887,410592,9.354968070983887,9.294872283935547,2.027984619140625
08-11-1971,9.25480842590332,9.294872283935547,233376,9.354968070983887,9.294872283935547,2.027984619140625
09-11-1971,9.274840354919434,9.294872283935547,300144,9.395031929016113,9.294872283935547,2.027984619140625
10-11-1971,9.094551086425781,9.294872283935547,290160,9.294872283935547,9.154646873474121,1.997389793395996
11-11-1971,9.034455299377441,9.134614944458008,348192,9.134614944458008,9.034455299377441,1.971165657043457
12-11-1971,8.814103126525879,9.034455299377441,569088,9.094551086425781,8.934294700622559,1.9493131637573242
15-11-1971,8.854166984558105,8.934294700622559,346320,9.034455299377441,8.854166984558105,1.9318320751190186
16-11-1971,8.834135055541992,8.854166984558105,554736,9.134614944458008,9.014423370361328,1.966795563697815
17-11-1971,8.994391441345215,9.014423370361328,434928,9.154646873474121,9.154646873474121,1.997389793395996
18-11-1971,9.074519157409668,9.154646873474121,492336,9.334936141967773,9.114583015441895,1.9886481761932373
19-11-1971,8.954326629638672,9.114583015441895,241488,9.114583015441895,9.054487228393555,1.9755362272262573
22-11-1971,8.914262771606445,9.054487228393555,326976,9.074519157409668,8.954326629638672,1.9536831378936768
23-11-1971,8.854166984558105,8.954326629638672,550368,9.034455299377441,8.994391441345215,1.9624253511428833
24-11-1971,8.914262771606445,8.994391441345215,301392,9.054487228393555,8.934294700622559,1.9493131637573242
26-11-1971,8.954326629638672,8.954326629638672,572832,9.214743614196777,9.214743614196777,2.0105032920837402
29-11-1971,9.31490421295166,9.31490421295166,568464,9.49519157409668,9.455127716064453,2.0629496574401855
30-11-1971,9.354968070983887,9.455127716064453,509184,9.595353126525879,9.575321197509766,2.089174270629883
01-12-1971,9.635416984558105,9.635416984558105,724464,9.795673370361328,9.795673370361328,2.137251615524292
02-12-1971,9.595353126525879,9.775641441345215,481104,9.775641441345215,9.655448913574219,2.118788719177246
03-12-1971,9.615385055541992,9.655448913574219,376272,9.835737228393555,9.815705299377441,2.1539552211761475
06-12-1971,9.675480842590332,9.815705299377441,465504,9.915864944458008,9.695512771606445,2.127580404281616
07-12-1971,9.555288314819336,9.695512771606445,1146288,9.755608558654785,9.715544700622559,2.131976842880249
08-12-1971,9.795673370361328,9.795673370361328,414336,9.935896873474121,9.835737228393555,2.158351182937622
09-12-1971,9.615385055541992,9.795673370361328,303264,9.795673370361328,9.715544700622559,2.131976842880249
10-12-1971,9.555288314819336,9.715544700622559,354432,9.755608558654785,9.755608558654785,2.140767812728882
13-12-1971,9.715544700622559,9.755608558654785,287040,9.915864944458008,9.895833015441895,2.171537160873413
14-12-1971,9.835737228393555,9.895833015441895,244608,9.975961685180664,9.875801086425781,2.167142868041992
15-12-1971,9.855769157409668,9.875801086425781,451776,10.03605842590332,10.03605842590332,2.202310085296631
16-12-1971,10.01602554321289,10.03605842590332,424320,10.196313858032227,10.196313858032227,2.2374768257141113
17-12-1971,10.15625,10.196313858032227,347568,10.396635055541992,10.396635055541992,2.281435251235962
20-12-1971,10.456730842590332,10.456730842590332,582816,10.657051086425781,10.657051086425781,2.3385798931121826
21-12-1971,10.476762771606445,10.616987228393555,363168,10.616987228393555,10.516826629638672,2.3078083992004395
22-12-1971,10.256409645080566,10.496794700622559,336336,10.496794700622559,10.316506385803223,2.2638511657714844
23-12-1971,10.116186141967773,10.316506385803223,514176,10.336538314819336,10.336538314819336,2.268246650695801
27-12-1971,10.21634578704834,10.336538314819336,268944,10.336538314819336,10.256409645080566,2.250663995742798
28-12-1971,10.136218070983887,10.256409645080566,467376,10.316506385803223,10.29647445678711,2.259455919265747
29-12-1971,10.15625,10.29647445678711,209664,10.396635055541992,10.196313858032227,2.2374768257141113
30-12-1971,9.875801086425781,10.136218070983887,280800,10.136218070983887,9.895833015441895,2.171537160873413
31-12-1971,9.855769157409668,9.895833015441895,174096,10.03605842590332,10.03605842590332,2.202310085296631
03-01-1972,10.01602554321289,10.03605842590332,275184,10.136218070983887,10.09615421295166,2.215498447418213
04-01-1972,10.03605842590332,10.09615421295166,261456,10.09615421295166,10.076122283935547,2.2111027240753174
05-01-1972,10.056090354919434,10.076122283935547,504192,10.196313858032227,10.09615421295166,2.215498447418213
06-01-1972,10.116186141967773,10.116186141967773,286416,10.256409645080566,10.21634578704834,2.2418715953826904
07-01-1972,10.21634578704834,10.21634578704834,571584,10.376603126525879,10.316506385803223,2.2638511657714844
10-01-1972,10.176281929016113,10.316506385803223,242736,10.376603126525879,10.336538314819336,2.268246650695801
11-01-1972,10.27644157409668,10.336538314819336,212784,10.376603126525879,10.336538314819336,2.268246650695801
12-01-1972,10.27644157409668,10.336538314819336,371280,10.396635055541992,10.27644157409668,2.2550599575042725
13-01-1972,9.995993614196777,10.27644157409668,1559376,10.27644157409668,10.116186141967773,2.219892740249634
14-01-1972,10.01602554321289,10.116186141967773,336960,10.15625,10.076122283935547,2.2111027240753174
17-01-1972,10.136218070983887,10.136218070983887,826176,10.29647445678711,10.256409645080566,2.250663995742798
18-01-1972,10.196313858032227,10.256409645080566,184080,10.316506385803223,10.236377716064453,2.2462685108184814
19-01-1972,10.136218070983887,10.236377716064453,918528,10.27644157409668,10.256409645080566,2.250663995742798
20-01-1972,10.136218070983887,10.256409645080566,506064,10.416666984558105,10.136218070983887,2.2242889404296875
21-01-1972,10.056090354919434,10.136218070983887,414336,10.15625,10.09615421295166,2.215498447418213
24-01-1972,9.875801086425781,10.09615421295166,809328,10.116186141967773,9.915864944458008,2.1759350299835205
25-01-1972,9.815705299377441,9.915864944458008,527280,9.995993614196777,9.875801086425781,2.167142868041992
26-01-1972,9.735576629638672,9.875801086425781,290160,9.895833015441895,9.755608558654785,2.140767812728882
27-01-1972,9.795673370361328,9.795673370361328,750672,9.995993614196777,9.995993614196777,2.1935184001922607
28-01-1972,10.01602554321289,10.01602554321289,552864,10.176281929016113,10.056090354919434,2.2067055702209473
31-01-1972,9.895833015441895,10.03605842590332,610896,10.03605842590332,9.935896873474121,2.180328607559204
01-02-1972,9.855769157409668,9.935896873474121,365664,9.935896873474121,9.915864944458008,2.1759350299835205
02-02-1972,9.875801086425781,9.915864944458008,936000,9.975961685180664,9.915864944458008,2.1759350299835205
03-02-1972,9.795673370361328,9.915864944458008,379392,9.935896873474121,9.855769157409668,2.162747859954834
04-02-1972,9.795673370361328,9.855769157409668,391872,9.895833015441895,9.815705299377441,2.1539552211761475
07-02-1972,9.455127716064453,9.815705299377441,872976,9.875801086425781,9.49519157409668,2.0836217403411865
08-02-1972,9.555288314819336,9.555288314819336,542256,9.655448913574219,9.615385055541992,2.109996795654297
09-02-1972,9.635416984558105,9.635416984558105,433056,9.775641441345215,9.715544700622559,2.131976842880249
10-02-1972,9.735576629638672,9.735576629638672,799968,9.935896873474121,9.735576629638672,2.1363723278045654
11-02-1972,9.615385055541992,9.735576629638672,912288,9.775641441345215,9.695512771606445,2.127580404281616
14-02-1972,9.615385055541992,9.695512771606445,393120,9.815705299377441,9.615385055541992,2.109996795654297
15-02-1972,9.535256385803223,9.615385055541992,449280,9.675480842590332,9.595353126525879,2.105602502822876
16-02-1972,9.555288314819336,9.595353126525879,509808,9.675480842590332,9.675480842590332,2.1231844425201416
17-02-1972,9.655448913574219,9.675480842590332,480480,9.755608558654785,9.695512771606445,2.127580404281616
18-02-1972,9.595353126525879,9.695512771606445,413088,9.735576629638672,9.695512771606445,2.127580404281616
22-02-1972,9.655448913574219,9.695512771606445,340704,9.755608558654785,9.655448913574219,2.118788719177246
23-02-1972,9.475159645080566,9.655448913574219,632736,9.715544700622559,9.51522445678711,2.0880179405212402
24-02-1972,9.334936141967773,9.51522445678711,381888,9.575321197509766,9.415063858032227,2.0660383701324463
25-02-1972,9.354968070983887,9.415063858032227,579696,9.575321197509766,9.555288314819336,2.0968101024627686
28-02-1972,9.595353126525879,9.595353126525879,541008,9.675480842590332,9.675480842590332,2.1231844425201416
29-02-1972,9.615385055541992,9.675480842590332,408720,9.735576629638672,9.715544700622559,2.131976842880249
01-03-1972,9.735576629638672,9.735576629638672,939120,9.995993614196777,9.855769157409668,2.1753056049346924
02-03-1972,9.815705299377441,9.855769157409668,696384,9.955928802490234,9.875801086425781,2.17972731590271
03-03-1972,9.815705299377441,9.875801086425781,577824,9.915864944458008,9.875801086425781,2.17972731590271
06-03-1972,9.895833015441895,9.895833015441895,406224,10.03605842590332,10.03605842590332,2.2150988578796387
07-03-1972,10.01602554321289,10.03605842590332,631488,10.256409645080566,10.176281929016113,2.2460479736328125
08-03-1972,10.116186141967773,10.176281929016113,575328,10.256409645080566,10.256409645080566,2.2637336254119873
09-03-1972,10.21634578704834,10.256409645080566,412464,10.336538314819336,10.256409645080566,2.2637336254119873
10-03-1972,10.136218070983887,10.256409645080566,403728,10.27644157409668,10.136218070983887,2.2372055053710938
13-03-1972,10.116186141967773,10.136218070983887,356928,10.236377716064453,10.176281929016113,2.2460479736328125
14-03-1972,10.116186141967773,10.176281929016113,484848,10.21634578704834,10.176281929016113,2.2460479736328125
15-03-1972,10.136218070983887,10.176281929016113,653328,10.256409645080566,10.196313858032227,2.2504682540893555
16-03-1972,10.076122283935547,10.176281929016113,287664,10.176281929016113,10.176281929016113,2.2460479736328125
17-03-1972,10.136218070983887,10.176281929016113,399984,10.196313858032227,10.196313858032227,2.2504682540893555
20-03-1972,10.21634578704834,10.21634578704834,816192,10.396635055541992,10.21634578704834,2.2548885345458984
21-03-1972,10.116186141967773,10.21634578704834,375648,10.256409645080566,10.176281929016113,2.2460479736328125
22-03-1972,10.076122283935547,10.176281929016113,434928,10.236377716064453,10.21634578704834,2.2548885345458984
23-03-1972,10.256409645080566,10.256409645080566,551616,10.356571197509766,10.336538314819336,2.2814180850982666
24-03-1972,10.256409645080566,10.336538314819336,338208,10.356571197509766,10.316506385803223,2.276996374130249
27-03-1972,10.196313858032227,10.316506385803223,354432,10.356571197509766,10.336538314819336,2.2814180850982666
28-03-1972,10.336538314819336,10.336538314819336,428688,10.416666984558105,10.336538314819336,2.2814180850982666
29-03-1972,10.196313858032227,10.316506385803223,226512,10.316506385803223,10.256409645080566,2.2637336254119873
30-03-1972,10.196313858032227,10.256409645080566,453024,10.396635055541992,10.356571197509766,2.285839319229126
03-04-1972,10.27644157409668,10.356571197509766,388752,10.396635055541992,10.396635055541992,2.2946829795837402
04-04-1972,10.316506385803223,10.396635055541992,619632,10.637019157409668,10.637019157409668,2.3477377891540527
05-04-1972,10.637019157409668,10.637019157409668,676416,10.837340354919434,10.777243614196777,2.378687858581543
06-04-1972,10.777243614196777,10.777243614196777,1010256,11.358173370361328,11.217948913574219,2.4759562015533447
07-04-1972,11.037659645080566,11.217948913574219,485472,11.237980842590332,11.217948913574219,2.4759562015533447
10-04-1972,11.037659645080566,11.197916984558105,340080,11.197916984558105,11.07772445678711,2.44500994682312
11-04-1972,10.9375,11.037659645080566,262704,11.037659645080566,10.977563858032227,2.4229013919830322
12-04-1972,10.99759578704834,10.99759578704834,424944,11.177885055541992,11.017627716064453,2.4317455291748047
13-04-1972,11.017627716064453,11.017627716064453,298272,11.157853126525879,11.137821197509766,2.4582736492156982
14-04-1972,11.137821197509766,11.137821197509766,244608,11.197916984558105,11.197916984558105,2.47153639793396
17-04-1972,11.017627716064453,11.177885055541992,229008,11.177885055541992,11.05769157409668,2.440586805343628
18-04-1972,11.017627716064453,11.05769157409668,193440,11.177885055541992,11.037659645080566,2.4361653327941895
19-04-1972,11.017627716064453,11.037659645080566,224016,11.177885055541992,11.017627716064453,2.4317455291748047
20-04-1972,10.777243614196777,11.017627716064453,285792,11.017627716064453,10.837340354919434,2.391951560974121
21-04-1972,10.897436141967773,10.897436141967773,325728,11.097756385803223,10.9375,2.4140570163726807
24-04-1972,10.857372283935547,10.9375,283296,11.097756385803223,10.897436141967773,2.405217170715332
25-04-1972,10.837340354919434,10.897436141967773,256464,10.957531929016113,10.837340354919434,2.391951560974121
26-04-1972,10.616987228393555,10.79727554321289,338832,10.79727554321289,10.677083015441895,2.356579303741455
27-04-1972,10.596955299377441,10.677083015441895,488592,10.717146873474121,10.677083015441895,2.356579303741455
28-04-1972,10.737178802490234,10.737178802490234,178464,10.857372283935547,10.837340354919434,2.391951560974121
01-05-1972,10.757211685180664,10.837340354919434,167232,10.9375,10.757211685180664,2.374267101287842
02-05-1972,10.536858558654785,10.757211685180664,302016,10.757211685180664,10.657051086425781,2.3521602153778076
03-05-1972,10.356571197509766,10.657051086425781,247104,10.657051086425781,10.356571197509766,2.285839319229126
04-05-1972,10.356571197509766,10.356571197509766,180336,10.616987228393555,10.616987228393555,2.3433165550231934
05-05-1972,10.596955299377441,10.616987228393555,281424,10.717146873474121,10.657051086425781,2.3521602153778076
08-05-1972,10.536858558654785,10.657051086425781,394368,10.697114944458008,10.657051086425781,2.3521602153778076
09-05-1972,10.256409645080566,10.576923370361328,459264,10.576923370361328,10.456730842590332,2.3079476356506348
10-05-1972,10.416666984558105,10.456730842590332,207792,10.717146873474121,10.516826629638672,2.3212099075317383
11-05-1972,10.496794700622559,10.516826629638672,190320,10.717146873474121,10.657051086425781,2.3521602153778076
12-05-1972,10.616987228393555,10.657051086425781,236496,10.897436141967773,10.897436141967773,2.405217170715332
15-05-1972,10.87740421295166,10.897436141967773,216528,10.957531929016113,10.87740421295166,2.4007954597473145
16-05-1972,10.857372283935547,10.87740421295166,190944,10.957531929016113,10.897436141967773,2.405217170715332
17-05-1972,10.757211685180664,10.897436141967773,433680,10.957531929016113,10.79727554321289,2.3831098079681396
18-05-1972,10.857372283935547,10.857372283935547,367536,10.977563858032227,10.977563858032227,2.4229013919830322
19-05-1972,10.897436141967773,10.977563858032227,381888,11.07772445678711,11.037659645080566,2.4361653327941895
22-05-1972,11.037659645080566,11.037659645080566,540384,11.258012771606445,11.237980842590332,2.480379343032837
23-05-1972,11.097756385803223,11.237980842590332,288288,11.237980842590332,11.217948913574219,2.4759562015533447
24-05-1972,11.117788314819336,11.217948913574219,200304,11.237980842590332,11.117788314819336,2.453850269317627
25-05-1972,11.137821197509766,11.137821197509766,150384,11.217948913574219,11.137821197509766,2.4582736492156982
26-05-1972,11.137821197509766,11.137821197509766,139776,11.217948913574219,11.157853126525879,2.462692975997925
30-05-1972,11.117788314819336,11.157853126525879,235248,11.197916984558105,11.197916984558105,2.47153639793396
31-05-1972,11.017627716064453,11.137821197509766,215280,11.137821197509766,11.017627716064453,2.4317455291748047
01-06-1972,11.017627716064453,11.017627716064453,205296,11.117788314819336,11.117788314819336,2.453850269317627
02-06-1972,11.05769157409668,11.117788314819336,373152,11.157853126525879,11.05769157409668,2.440586805343628
05-06-1972,11.017627716064453,11.05769157409668,136032,11.097756385803223,11.05769157409668,2.440586805343628
06-06-1972,10.977563858032227,11.05769157409668,315744,11.157853126525879,11.097756385803223,2.449429988861084
07-06-1972,10.81730842590332,11.037659645080566,225264,11.037659645080566,10.857372283935547,2.396374225616455
08-06-1972,10.677083015441895,10.857372283935547,412464,10.857372283935547,10.677083015441895,2.3688175678253174
09-06-1972,10.456730842590332,10.677083015441895,187200,10.697114944458008,10.516826629638672,2.3332643508911133
12-06-1972,10.476762771606445,10.516826629638672,167232,10.637019157409668,10.637019157409668,2.359929323196411
13-06-1972,10.536858558654785,10.616987228393555,188448,10.616987228393555,10.596955299377441,2.351041078567505
14-06-1972,10.596955299377441,10.596955299377441,264576,10.717146873474121,10.596955299377441,2.351041078567505
15-06-1972,10.616987228393555,10.616987228393555,262704,10.757211685180664,10.677083015441895,2.3688175678253174
16-06-1972,10.536858558654785,10.677083015441895,196560,10.677083015441895,10.596955299377441,2.351041078567505
19-06-1972,10.536858558654785,10.596955299377441,232752,10.677083015441895,10.576923370361328,2.3465969562530518
20-06-1972,10.576923370361328,10.576923370361328,154752,10.657051086425781,10.657051086425781,2.3643741607666016
21-06-1972,10.637019157409668,10.657051086425781,457392,10.897436141967773,10.897436141967773,2.4177069664001465
22-06-1972,10.837340354919434,10.897436141967773,250224,10.9375,10.897436141967773,2.4177069664001465
23-06-1972,10.717146873474121,10.897436141967773,207792,10.957531929016113,10.757211685180664,2.3865966796875
26-06-1972,10.516826629638672,10.717146873474121,351312,10.717146873474121,10.697114944458008,2.373262882232666
27-06-1972,10.616987228393555,10.697114944458008,199680,10.737178802490234,10.657051086425781,2.3643741607666016
28-06-1972,10.596955299377441,10.657051086425781,154752,10.677083015441895,10.596955299377441,2.351041078567505
29-06-1972,10.436698913574219,10.596955299377441,209664,10.596955299377441,10.536858558654785,2.3377082347869873
30-06-1972,10.496794700622559,10.536858558654785,416208,10.697114944458008,10.536858558654785,2.3377082347869873
03-07-1972,10.536858558654785,10.536858558654785,126672,10.657051086425781,10.596955299377441,2.351041078567505
05-07-1972,10.616987228393555,10.616987228393555,191568,10.737178802490234,10.677083015441895,2.3688175678253174
06-07-1972,10.657051086425781,10.677083015441895,459264,10.857372283935547,10.697114944458008,2.373262882232666
07-07-1972,10.637019157409668,10.697114944458008,609648,10.777243614196777,10.677083015441895,2.3688175678253174
10-07-1972,10.416666984558105,10.637019157409668,365040,10.637019157409668,10.496794700622559,2.3288192749023438
11-07-1972,10.396635055541992,10.496794700622559,150384,10.516826629638672,10.516826629638672,2.3332643508911133
12-07-1972,10.396635055541992,10.516826629638672,975312,10.576923370361328,10.396635055541992,2.3065993785858154
13-07-1972,10.21634578704834,10.396635055541992,320736,10.436698913574219,10.256409645080566,2.275489091873169
14-07-1972,10.236377716064453,10.256409645080566,278304,10.376603126525879,10.376603126525879,2.3021538257598877
17-07-1972,10.29647445678711,10.376603126525879,185952,10.396635055541992,10.29647445678711,2.2843782901763916
18-07-1972,10.176281929016113,10.29647445678711,332592,10.356571197509766,10.236377716064453,2.271043062210083
19-07-1972,10.09615421295166,10.236377716064453,449280,10.356571197509766,10.09615421295166,2.2399349212646484
20-07-1972,10.03605842590332,10.09615421295166,201552,10.136218070983887,10.03605842590332,2.226600408554077
21-07-1972,10.01602554321289,10.03605842590332,389376,10.256409645080566,10.256409645080566,2.275489091873169
24-07-1972,10.336538314819336,10.336538314819336,378768,10.496794700622559,10.416666984558105,2.3110435009002686
25-07-1972,10.27644157409668,10.416666984558105,385632,10.476762771606445,10.29647445678711,2.2843782901763916
26-07-1972,10.15625,10.29647445678711,299520,10.356571197509766,10.176281929016113,2.2577106952667236
27-07-1972,10.09615421295166,10.176281929016113,175344,10.21634578704834,10.09615421295166,2.2399349212646484
28-07-1972,10.03605842590332,10.09615421295166,258336,10.15625,10.136218070983887,2.248821496963501
31-07-1972,10.076122283935547,10.136218070983887,136032,10.136218070983887,10.09615421295166,2.2399349212646484
01-08-1972,10.056090354919434,10.09615421295166,339456,10.176281929016113,10.09615421295166,2.2399349212646484
02-08-1972,10.116186141967773,10.116186141967773,566592,10.21634578704834,10.21634578704834,2.2665977478027344
03-08-1972,10.196313858032227,10.21634578704834,472992,10.396635055541992,10.376603126525879,2.3021538257598877
04-08-1972,10.29647445678711,10.376603126525879,312000,10.496794700622559,10.496794700622559,2.3288192749023438
07-08-1972,10.496794700622559,10.496794700622559,515424,10.717146873474121,10.677083015441895,2.3688175678253174
08-08-1972,10.677083015441895,10.677083015441895,309504,10.857372283935547,10.857372283935547,2.408818006515503
09-08-1972,10.897436141967773,10.897436141967773,614016,11.037659645080566,11.017627716064453,2.4443728923797607
10-08-1972,10.9375,11.017627716064453,191568,11.037659645080566,10.99759578704834,2.439927339553833
11-08-1972,10.9375,10.99759578704834,223392,11.037659645080566,11.037659645080566,2.4488160610198975
14-08-1972,11.017627716064453,11.037659645080566,383136,11.217948913574219,11.097756385803223,2.462150812149048
15-08-1972,11.037659645080566,11.097756385803223,305760,11.157853126525879,11.117788314819336,2.46659255027771
16-08-1972,11.037659645080566,11.117788314819336,195312,11.137821197509766,11.137821197509766,2.471039056777954
17-08-1972,10.697114944458008,11.07772445678711,324480,11.07772445678711,10.737178802490234,2.3821489810943604
18-08-1972,10.737178802490234,10.737178802490234,258960,10.9375,10.777243614196777,2.3910393714904785
21-08-1972,10.657051086425781,10.777243614196777,403728,10.81730842590332,10.697114944458008,2.373262882232666
22-08-1972,10.637019157409668,10.697114944458008,234624,10.717146873474121,10.717146873474121,2.3777079582214355
23-08-1972,10.536858558654785,10.717146873474121,240240,10.757211685180664,10.576923370361328,2.3465969562530518
24-08-1972,10.396635055541992,10.576923370361328,363168,10.596955299377441,10.396635055541992,2.3065993785858154
25-08-1972,10.376603126525879,10.396635055541992,227136,10.596955299377441,10.476762771606445,2.3243749141693115
28-08-1972,10.456730842590332,10.476762771606445,195936,10.536858558654785,10.476762771606445,2.3243749141693115
29-08-1972,10.356571197509766,10.476762771606445,386880,10.657051086425781,10.657051086425781,2.3643741607666016
30-08-1972,10.596955299377441,10.657051086425781,268320,10.81730842590332,10.697114944458008,2.373262882232666
31-08-1972,10.616987228393555,10.677083015441895,136032,10.677083015441895,10.657051086425781,2.3643741607666016
01-09-1972,10.616987228393555,10.657051086425781,257088,10.79727554321289,10.757211685180664,2.3865966796875
05-09-1972,10.697114944458008,10.757211685180664,205296,10.79727554321289,10.697114944458008,2.373262882232666
06-09-1972,10.657051086425781,10.697114944458008,153504,10.697114944458008,10.657051086425781,2.3643741607666016
07-09-1972,10.637019157409668,10.657051086425781,160992,10.717146873474121,10.697114944458008,2.373262882232666
08-09-1972,10.697114944458008,10.697114944458008,129168,10.757211685180664,10.697114944458008,2.373262882232666
11-09-1972,10.657051086425781,10.697114944458008,131040,10.717146873474121,10.657051086425781,2.3643741607666016
12-09-1972,10.416666984558105,10.657051086425781,243360,10.717146873474121,10.476762771606445,2.3243749141693115
13-09-1972,10.356571197509766,10.476762771606445,211536,10.476762771606445,10.416666984558105,2.3110435009002686
14-09-1972,10.29647445678711,10.416666984558105,211536,10.476762771606445,10.416666984558105,2.3110435009002686
15-09-1972,10.336538314819336,10.416666984558105,157248,10.416666984558105,10.376603126525879,2.3021538257598877
18-09-1972,10.29647445678711,10.376603126525879,136656,10.436698913574219,10.436698913574219,2.31548810005188
19-09-1972,10.356571197509766,10.436698913574219,148512,10.456730842590332,10.376603126525879,2.3145930767059326
20-09-1972,10.356571197509766,10.376603126525879,127920,10.456730842590332,10.416666984558105,2.323530912399292
21-09-1972,10.356571197509766,10.416666984558105,137904,10.436698913574219,10.416666984558105,2.323530912399292
22-09-1972,10.29647445678711,10.416666984558105,148512,10.436698913574219,10.376603126525879,2.3145930767059326
25-09-1972,10.29647445678711,10.376603126525879,222144,10.416666984558105,10.29647445678711,2.2967214584350586
26-09-1972,10.21634578704834,10.29647445678711,271440,10.356571197509766,10.21634578704834,2.2788445949554443
27-09-1972,10.236377716064453,10.236377716064453,157248,10.536858558654785,10.536858558654785,2.3503408432006836
28-09-1972,10.456730842590332,10.536858558654785,207792,10.657051086425781,10.637019157409668,2.3726799488067627
29-09-1972,10.576923370361328,10.637019157409668,257088,10.697114944458008,10.637019157409668,2.3726799488067627
02-10-1972,10.416666984558105,10.637019157409668,755040,10.657051086425781,10.416666984558105,2.323530912399292
03-10-1972,10.416666984558105,10.416666984558105,270192,10.516826629638672,10.456730842590332,2.332467555999756
04-10-1972,10.416666984558105,10.456730842590332,273312,10.637019157409668,10.476762771606445,2.336934804916382
05-10-1972,10.376603126525879,10.476762771606445,266448,10.556891441345215,10.396635055541992,2.3190627098083496
06-10-1972,10.21634578704834,10.396635055541992,422448,10.496794700622559,10.336538314819336,2.3056576251983643
09-10-1972,10.316506385803223,10.336538314819336,262704,10.396635055541992,10.356571197509766,2.3101236820220947
10-10-1972,10.356571197509766,10.356571197509766,313872,10.456730842590332,10.456730842590332,2.332467555999756
11-10-1972,10.21634578704834,10.456730842590332,446160,10.456730842590332,10.21634578704834,2.2788445949554443
12-10-1972,10.09615421295166,10.21634578704834,355680,10.256409645080566,10.136218070983887,2.260972499847412
13-10-1972,9.995993614196777,10.136218070983887,252096,10.15625,10.03605842590332,2.2386324405670166
16-10-1972,9.995993614196777,10.03605842590332,496080,10.09615421295166,9.995993614196777,2.2296946048736572
17-10-1972,9.915864944458008,9.995993614196777,572208,10.056090354919434,9.975961685180664,2.2252261638641357
18-10-1972,9.995993614196777,9.995993614196777,527904,10.15625,10.01602554321289,2.2341623306274414
19-10-1972,9.915864944458008,10.01602554321289,289536,10.01602554321289,9.915864944458008,2.211822271347046
20-10-1972,9.935896873474121,9.935896873474121,287040,10.29647445678711,10.27644157409668,2.292250871658325
23-10-1972,10.29647445678711,10.29647445678711,312000,10.416666984558105,10.336538314819336,2.3056576251983643
24-10-1972,10.21634578704834,10.336538314819336,284544,10.376603126525879,10.356571197509766,2.3101236820220947
25-10-1972,10.21634578704834,10.336538314819336,509184,10.336538314819336,10.29647445678711,2.2967214584350586
26-10-1972,10.236377716064453,10.29647445678711,340080,10.436698913574219,10.236377716064453,2.2833139896392822
27-10-1972,10.09615421295166,10.236377716064453,479232,10.316506385803223,10.09615421295166,2.252037525177002
30-10-1972,10.03605842590332,10.09615421295166,202800,10.136218070983887,10.09615421295166,2.252037525177002
31-10-1972,10.116186141967773,10.116186141967773,333840,10.236377716064453,10.236377716064453,2.2833139896392822
01-11-1972,10.196313858032227,10.236377716064453,478608,10.356571197509766,10.336538314819336,2.3056576251983643
02-11-1972,10.356571197509766,10.356571197509766,392496,10.456730842590332,10.456730842590332,2.332467555999756
03-11-1972,10.396635055541992,10.456730842590332,355056,10.657051086425781,10.536858558654785,2.3503408432006836
06-11-1972,10.416666984558105,10.536858558654785,297648,10.576923370361328,10.476762771606445,2.336934804916382
08-11-1972,10.476762771606445,10.476762771606445,413712,10.596955299377441,10.536858558654785,2.3503408432006836
09-11-1972,10.27644157409668,10.476762771606445,450528,10.476762771606445,10.416666984558105,2.323530912399292
10-11-1972,10.376603126525879,10.416666984558105,323232,10.536858558654785,10.376603126525879,2.3145930767059326
13-11-1972,10.236377716064453,10.376603126525879,213408,10.396635055541992,10.336538314819336,2.3056576251983643
14-11-1972,10.29647445678711,10.336538314819336,602160,10.496794700622559,10.496794700622559,2.341402053833008
15-11-1972,10.536858558654785,10.536858558654785,450528,10.737178802490234,10.737178802490234,2.3950212001800537
16-11-1972,10.717146873474121,10.737178802490234,333840,10.837340354919434,10.837340354919434,2.4173648357391357
17-11-1972,10.697114944458008,10.837340354919434,265200,10.857372283935547,10.777243614196777,2.4039599895477295
20-11-1972,10.697114944458008,10.777243614196777,159120,10.81730842590332,10.717146873474121,2.3905558586120605
21-11-1972,10.697114944458008,10.717146873474121,209040,10.79727554321289,10.757211685180664,2.3994922637939453
22-11-1972,10.757211685180664,10.757211685180664,446160,10.897436141967773,10.837340354919434,2.4173648357391357
24-11-1972,10.81730842590332,10.837340354919434,297648,10.9375,10.917468070983887,2.4352383613586426
27-11-1972,10.79727554321289,10.917468070983887,298896,10.917468070983887,10.837340354919434,2.4173648357391357
28-11-1972,10.79727554321289,10.837340354919434,325728,10.9375,10.87740421295166,2.4263014793395996
29-11-1972,10.79727554321289,10.87740421295166,263952,10.87740421295166,10.857372283935547,2.4218337535858154
30-11-1972,10.837340354919434,10.857372283935547,304512,10.897436141967773,10.87740421295166,2.438900947570801
01-12-1972,10.897436141967773,10.897436141967773,517920,11.07772445678711,10.99759578704834,2.465850353240967
04-12-1972,11.017627716064453,11.017627716064453,485472,11.217948913574219,11.177885055541992,2.5062737464904785
05-12-1972,11.137821197509766,11.177885055541992,295152,11.197916984558105,11.177885055541992,2.5062737464904785
06-12-1972,11.037659645080566,11.177885055541992,253968,11.177885055541992,11.157853126525879,2.501781463623047
07-12-1972,11.097756385803223,11.157853126525879,541008,11.217948913574219,11.157853126525879,2.501781463623047
08-12-1972,11.05769157409668,11.157853126525879,305760,11.197916984558105,11.157853126525879,2.501781463623047
11-12-1972,11.037659645080566,11.157853126525879,270192,11.217948913574219,11.217948913574219,2.515255928039551
12-12-1972,11.137821197509766,11.217948913574219,534144,11.278044700622559,11.157853126525879,2.501781463623047
13-12-1972,10.977563858032227,11.157853126525879,340080,11.157853126525879,11.137821197509766,2.4972925186157227
14-12-1972,10.917468070983887,11.07772445678711,563472,11.07772445678711,10.977563858032227,2.461358070373535
15-12-1972,10.897436141967773,10.977563858032227,374400,11.117788314819336,10.99759578704834,2.465850353240967
18-12-1972,10.757211685180664,10.977563858032227,444288,10.977563858032227,10.9375,2.452374219894409
19-12-1972,10.857372283935547,10.9375,346944,11.017627716064453,10.9375,2.452374219894409
20-12-1972,10.9375,10.9375,446784,11.05769157409668,10.977563858032227,2.461358070373535
21-12-1972,10.9375,10.977563858032227,298272,11.037659645080566,10.957531929016113,2.4568674564361572
22-12-1972,10.9375,10.957531929016113,254592,11.097756385803223,11.05769157409668,2.4793243408203125
26-12-1972,11.07772445678711,11.07772445678711,352560,11.237980842590332,11.217948913574219,2.515255928039551
27-12-1972,11.197916984558105,11.217948913574219,678912,11.338141441345215,11.338141441345215,2.5422074794769287
29-12-1972,11.458333015441895,11.458333015441895,538512,11.698718070983887,11.678686141967773,2.618561029434204
02-01-1973,11.738781929016113,11.738781929016113,503568,11.979166984558105,11.83894157409668,2.654494285583496
03-01-1973,11.85897445678711,11.85897445678711,526656,11.979166984558105,11.919071197509766,2.6724605560302734
04-01-1973,11.498396873474121,11.879006385803223,441792,11.879006385803223,11.678686141967773,2.618561029434204
05-01-1973,11.71875,11.71875,517296,11.979166984558105,11.77884578704834,2.6410200595855713
08-01-1973,11.798877716064453,11.798877716064453,320112,11.919071197509766,11.83894157409668,2.654494285583496
09-01-1973,11.698718070983887,11.83894157409668,336336,11.879006385803223,11.698718070983887,2.623053550720215
10-01-1973,11.678686141967773,11.698718070983887,311376,11.83894157409668,11.77884578704834,2.6410200595855713
11-01-1973,11.77884578704834,11.77884578704834,599664,12.159455299377441,11.798877716064453,2.6455116271972656
12-01-1973,11.558493614196777,11.798877716064453,371280,11.879006385803223,11.57852554321289,2.596104860305786
15-01-1973,11.458333015441895,11.57852554321289,364416,11.818909645080566,11.538461685180664,2.587120771408081
16-01-1973,11.318108558654785,11.538461685180664,464256,11.638622283935547,11.618590354919434,2.605088233947754
17-01-1973,11.538461685180664,11.618590354919434,281424,11.758813858032227,11.558493614196777,2.59161376953125
18-01-1973,11.518428802490234,11.558493614196777,312000,11.738781929016113,11.518428802490234,2.5826289653778076
19-01-1973,11.298076629638672,11.458333015441895,360672,11.458333015441895,11.438301086425781,2.564664602279663
22-01-1973,11.177885055541992,11.438301086425781,492336,11.518428802490234,11.217948913574219,2.515255928039551
23-01-1973,11.137821197509766,11.217948913574219,619632,11.298076629638672,11.217948913574219,2.515255928039551
24-01-1973,10.957531929016113,11.217948913574219,653952,11.398237228393555,10.977563858032227,2.461358070373535
26-01-1973,10.9375,10.977563858032227,756912,11.217948913574219,11.197916984558105,2.5107667446136475
29-01-1973,11.097756385803223,11.197916984558105,377520,11.258012771606445,11.177885055541992,2.5062737464904785
30-01-1973,11.117788314819336,11.177885055541992,277056,11.217948913574219,11.137821197509766,2.4972925186157227
31-01-1973,11.137821197509766,11.137821197509766,187200,11.217948913574219,11.217948913574219,2.515255928039551
01-02-1973,10.977563858032227,11.217948913574219,342576,11.258012771606445,10.977563858032227,2.461358070373535
02-02-1973,10.9375,10.977563858032227,270192,11.05769157409668,11.017627716064453,2.4703421592712402
05-02-1973,11.017627716064453,11.017627716064453,238368,11.117788314819336,11.05769157409668,2.4793243408203125
06-02-1973,10.917468070983887,11.05769157409668,439296,11.05769157409668,11.037659645080566,2.4748330116271973
07-02-1973,10.717146873474121,11.037659645080566,411216,11.05769157409668,10.737178802490234,2.4074578285217285
08-02-1973,10.657051086425781,10.737178802490234,396864,10.837340354919434,10.81730842590332,2.425426721572876
09-02-1973,10.837340354919434,10.837340354919434,377520,11.117788314819336,11.097756385803223,2.488308906555176
12-02-1973,11.097756385803223,11.097756385803223,384384,11.217948913574219,11.177885055541992,2.5062737464904785
13-02-1973,11.338141441345215,11.338141441345215,1050816,11.558493614196777,11.398237228393555,2.555680751800537
14-02-1973,11.117788314819336,11.358173370361328,547872,11.358173370361328,11.157853126525879,2.501781463623047
15-02-1973,11.07772445678711,11.157853126525879,348816,11.217948913574219,11.197916984558105,2.5107667446136475
16-02-1973,11.117788314819336,11.197916984558105,235248,11.217948913574219,11.217948913574219,2.515255928039551
20-02-1973,11.137821197509766,11.217948913574219,527280,11.278044700622559,11.197916984558105,2.5107667446136475
21-02-1973,10.9375,11.157853126525879,227136,11.157853126525879,10.977563858032227,2.461358070373535
22-02-1973,10.837340354919434,10.957531929016113,385632,10.957531929016113,10.87740421295166,2.438900947570801
23-02-1973,10.596955299377441,10.837340354919434,446784,10.837340354919434,10.596955299377441,2.37601900100708
26-02-1973,10.436698913574219,10.596955299377441,515424,10.697114944458008,10.637019157409668,2.385002374649048
27-02-1973,10.616987228393555,10.637019157409668,421824,10.777243614196777,10.657051086425781,2.3894941806793213
28-02-1973,10.556891441345215,10.657051086425781,519792,10.717146873474121,10.717146873474121,2.4156830310821533
01-03-1973,10.616987228393555,10.717146873474121,587808,10.757211685180664,10.616987228393555,2.393106460571289
02-03-1973,10.476762771606445,10.616987228393555,328848,10.697114944458008,10.697114944458008,2.411167860031128
05-03-1973,10.657051086425781,10.697114944458008,236496,10.777243614196777,10.757211685180664,2.4247145652770996
06-03-1973,10.757211685180664,10.757211685180664,571584,10.897436141967773,10.857372283935547,2.447291135787964
07-03-1973,10.837340354919434,10.857372283935547,464880,10.977563858032227,10.957531929016113,2.4698667526245117
08-03-1973,10.897436141967773,10.957531929016113,561600,10.99759578704834,10.9375,2.4653496742248535
09-03-1973,10.837340354919434,10.9375,247104,10.99759578704834,10.977563858032227,2.474381685256958
12-03-1973,10.87740421295166,10.977563858032227,215280,11.017627716064453,10.897436141967773,2.456322193145752
13-03-1973,10.81730842590332,10.897436141967773,292656,10.917468070983887,10.87740421295166,2.4518048763275146
14-03-1973,10.837340354919434,10.87740421295166,316368,10.917468070983887,10.897436141967773,2.456322193145752
15-03-1973,10.81730842590332,10.897436141967773,252096,10.897436141967773,10.837340354919434,2.4427738189697266
16-03-1973,10.677083015441895,10.79727554321289,431184,10.79727554321289,10.697114944458008,2.411167860031128
19-03-1973,10.436698913574219,10.677083015441895,207168,10.677083015441895,10.456730842590332,2.356985330581665
20-03-1973,10.456730842590332,10.456730842590332,220896,10.576923370361328,10.536858558654785,2.3750457763671875
21-03-1973,10.09615421295166,10.516826629638672,480480,10.516826629638672,10.256409645080566,2.3118321895599365
22-03-1973,10.116186141967773,10.256409645080566,467376,10.29647445678711,10.196313858032227,2.298285722732544
23-03-1973,10.056090354919434,10.196313858032227,370656,10.316506385803223,10.116186141967773,2.280224323272705
26-03-1973,9.975961685180664,10.116186141967773,377520,10.21634578704834,10.136218070983887,2.284738063812256
27-03-1973,10.176281929016113,10.176281929016113,516048,10.316506385803223,10.27644157409668,2.3163468837738037
28-03-1973,10.256409645080566,10.27644157409668,342576,10.376603126525879,10.356571197509766,2.334407329559326
29-03-1973,10.316506385803223,10.356571197509766,405600,10.476762771606445,10.456730842590332,2.356985330581665
30-03-1973,10.316506385803223,10.416666984558105,299520,10.416666984558105,10.336538314819336,2.329893112182617
02-04-1973,10.056090354919434,10.29647445678711,212160,10.29647445678711,10.056090354919434,2.2666776180267334
03-04-1973,9.895833015441895,10.01602554321289,411216,10.01602554321289,9.975961685180664,2.2486162185668945
04-04-1973,9.755608558654785,9.935896873474121,341952,9.935896873474121,9.755608558654785,2.1989481449127197
05-04-1973,9.655448913574219,9.755608558654785,416832,9.875801086425781,9.875801086425781,2.2260398864746094
06-04-1973,9.835737228393555,9.875801086425781,526032,9.975961685180664,9.895833015441895,2.2305550575256348
09-04-1973,9.855769157409668,9.895833015441895,514800,10.09615421295166,10.09615421295166,2.275709629058838
10-04-1973,10.15625,10.15625,498576,10.316506385803223,10.27644157409668,2.3163468837738037
11-04-1973,10.176281929016113,10.27644157409668,425568,10.336538314819336,10.336538314819336,2.329893112182617
12-04-1973,10.236377716064453,10.336538314819336,640224,10.396635055541992,10.29647445678711,2.3208634853363037
13-04-1973,10.15625,10.29647445678711,277056,10.316506385803223,10.29647445678711,2.3208634853363037
16-04-1973,10.236377716064453,10.29647445678711,239616,10.376603126525879,10.236377716064453,2.3073158264160156
17-04-1973,10.15625,10.236377716064453,265200,10.29647445678711,10.236377716064453,2.3073158264160156
18-04-1973,10.076122283935547,10.21634578704834,412464,10.21634578704834,10.21634578704834,2.3027989864349365
19-04-1973,10.15625,10.21634578704834,372528,10.316506385803223,10.27644157409668,2.3163468837738037
23-04-1973,10.136218070983887,10.27644157409668,260208,10.29647445678711,10.21634578704834,2.3027989864349365
24-04-1973,10.056090354919434,10.21634578704834,358176,10.236377716064453,10.076122283935547,2.271195411682129
25-04-1973,9.575321197509766,9.975961685180664,962208,9.975961685180664,9.615385055541992,2.1673424243927
26-04-1973,9.535256385803223,9.615385055541992,753168,9.755608558654785,9.755608558654785,2.1989481449127197
27-04-1973,9.655448913574219,9.755608558654785,330720,9.795673370361328,9.695512771606445,2.1854028701782227
30-04-1973,9.25480842590332,9.695512771606445,768144,9.695512771606445,9.49519157409668,2.140249729156494
01-05-1973,9.274840354919434,9.49519157409668,657072,9.595353126525879,9.595353126525879,2.1628260612487793
02-05-1973,9.455127716064453,9.595353126525879,642096,9.635416984558105,9.575321197509766,2.158311605453491
03-05-1973,9.375,9.575321197509766,1199328,9.635416984558105,9.635416984558105,2.1718575954437256
04-05-1973,9.695512771606445,9.695512771606445,1090752,9.995993614196777,9.935896873474121,2.2395849227905273
07-05-1973,9.815705299377441,9.935896873474121,345072,9.975961685180664,9.875801086425781,2.2260398864746094
08-05-1973,9.715544700622559,9.875801086425781,433680,9.895833015441895,9.895833015441895,2.2305550575256348
09-05-1973,9.895833015441895,9.895833015441895,511680,10.09615421295166,9.915864944458008,2.2350711822509766
10-05-1973,9.575321197509766,9.855769157409668,356304,9.855769157409668,9.775641441345215,2.2034640312194824
11-05-1973,9.555288314819336,9.715544700622559,439296,9.715544700622559,9.575321197509766,2.158311605453491
14-05-1973,9.31490421295166,9.43509578704834,355680,9.43509578704834,9.334936141967773,2.1041269302368164
15-05-1973,9.25480842590332,9.334936141967773,594672,9.51522445678711,9.475159645080566,2.1357357501983643
16-05-1973,9.31490421295166,9.475159645080566,355056,9.51522445678711,9.455127716064453,2.1312196254730225
17-05-1973,9.25480842590332,9.455127716064453,416208,9.455127716064453,9.25480842590332,2.0860657691955566
18-05-1973,8.934294700622559,9.134614944458008,613392,9.134614944458008,9.014423370361328,2.0318830013275146
21-05-1973,8.814103126525879,9.014423370361328,494832,9.034455299377441,9.014423370361328,2.0318830013275146
22-05-1973,9.074519157409668,9.074519157409668,496080,9.375,9.074519157409668,2.045428514480591
23-05-1973,8.994391441345215,9.074519157409668,448656,9.214743614196777,9.134614944458008,2.0589754581451416
24-05-1973,9.134614944458008,9.134614944458008,491088,9.535256385803223,9.535256385803223,2.1492786407470703
25-05-1973,9.43509578704834,9.535256385803223,721344,9.615385055541992,9.595353126525879,2.1628260612487793
29-05-1973,9.555288314819336,9.595353126525879,350064,9.655448913574219,9.635416984558105,2.1718575954437256
30-05-1973,9.535256385803223,9.615385055541992,414336,9.615385055541992,9.595353126525879,2.1628260612487793
31-05-1973,9.475159645080566,9.575321197509766,318240,9.575321197509766,9.535256385803223,2.1492786407470703
01-06-1973,9.25480842590332,9.455127716064453,368784,9.455127716064453,9.31490421295166,2.099612236022949
04-06-1973,9.194711685180664,9.31490421295166,255840,9.375,9.31490421295166,2.099612236022949
05-06-1973,9.31490421295166,9.31490421295166,328224,9.555288314819336,9.555288314819336,2.1537959575653076
06-06-1973,9.43509578704834,9.555288314819336,341328,9.595353126525879,9.535256385803223,2.1492786407470703
07-06-1973,9.475159645080566,9.535256385803223,353184,9.775641441345215,9.735576629638672,2.2074177265167236
08-06-1973,9.655448913574219,9.735576629638672,514176,9.835737228393555,9.755608558654785,2.2119598388671875
11-06-1973,9.555288314819336,9.735576629638672,356304,9.735576629638672,9.635416984558105,2.184709072113037
12-06-1973,9.575321197509766,9.635416984558105,353808,9.795673370361328,9.795673370361328,2.2210452556610107
13-06-1973,9.595353126525879,9.795673370361328,351936,9.895833015441895,9.615385055541992,2.180166721343994
14-06-1973,9.43509578704834,9.615385055541992,409968,9.615385055541992,9.43509578704834,2.1392879486083984
15-06-1973,9.25480842590332,9.43509578704834,373776,9.43509578704834,9.294872283935547,2.1074934005737305
18-06-1973,9.114583015441895,9.23477554321289,381264,9.23477554321289,9.174678802490234,2.080242395401001
19-06-1973,9.174678802490234,9.174678802490234,441792,9.375,9.25480842590332,2.0984091758728027
20-06-1973,9.214743614196777,9.25480842590332,370032,9.31490421295166,9.274840354919434,2.102952718734741
21-06-1973,9.154646873474121,9.274840354919434,299520,9.294872283935547,9.154646873474121,2.0757007598876953
22-06-1973,9.094551086425781,9.154646873474121,462384,9.375,9.154646873474121,2.0757007598876953
25-06-1973,8.954326629638672,9.094551086425781,296400,9.094551086425781,8.994391441345215,2.0393640995025635
26-06-1973,8.894230842590332,8.994391441345215,373152,9.114583015441895,9.114583015441895,2.0666162967681885
27-06-1973,9.034455299377441,9.114583015441895,306384,9.134614944458008,9.134614944458008,2.0711586475372314
28-06-1973,9.074519157409668,9.134614944458008,668928,9.274840354919434,9.274840354919434,2.102952718734741
29-06-1973,9.194711685180664,9.274840354919434,189696,9.31490421295166,9.194711685180664,2.084784984588623
02-07-1973,8.994391441345215,9.194711685180664,393744,9.194711685180664,9.094551086425781,2.0620741844177246
03-07-1973,9.054487228393555,9.094551086425781,265200,9.114583015441895,9.054487228393555,2.052989959716797
05-07-1973,8.934294700622559,9.054487228393555,452400,9.054487228393555,9.054487228393555,2.052989959716797
06-07-1973,8.974358558654785,9.054487228393555,250848,9.054487228393555,9.054487228393555,2.052989959716797
09-07-1973,8.994391441345215,9.054487228393555,381888,9.054487228393555,9.054487228393555,2.052989959716797
10-07-1973,9.054487228393555,9.054487228393555,394992,9.174678802490234,9.114583015441895,2.0666162967681885
11-07-1973,9.154646873474121,9.154646873474121,685776,9.595353126525879,9.575321197509766,2.1710827350616455
12-07-1973,9.455127716064453,9.575321197509766,426192,9.615385055541992,9.475159645080566,2.1483728885650635
13-07-1973,9.294872283935547,9.475159645080566,371904,9.51522445678711,9.294872283935547,2.1074934005737305
16-07-1973,9.25480842590332,9.294872283935547,400608,9.43509578704834,9.43509578704834,2.1392879486083984
17-07-1973,9.455127716064453,9.455127716064453,696384,9.615385055541992,9.535256385803223,2.161996364593506
18-07-1973,9.51522445678711,9.535256385803223,495456,9.795673370361328,9.775641441345215,2.2165026664733887
19-07-1973,9.775641441345215,9.775641441345215,742560,9.955928802490234,9.895833015441895,2.24375319480896
20-07-1973,9.775641441345215,9.895833015441895,470496,9.975961685180664,9.875801086425781,2.2392125129699707
23-07-1973,9.915864944458008,9.915864944458008,346944,10.03605842590332,10.03605842590332,2.275547742843628
24-07-1973,9.895833015441895,10.01602554321289,446160,10.01602554321289,9.955928802490234,2.2573819160461426
25-07-1973,9.955928802490234,9.955928802490234,743184,10.21634578704834,10.196313858032227,2.311884880065918
26-07-1973,10.076122283935547,10.196313858032227,484848,10.236377716064453,10.196313858032227,2.311884880065918
27-07-1973,10.136218070983887,10.196313858032227,336336,10.316506385803223,10.27644157409668,2.3300530910491943
30-07-1973,10.256409645080566,10.27644157409668,416208,10.396635055541992,10.29647445678711,2.3345963954925537
31-07-1973,10.056090354919434,10.29647445678711,760032,10.316506385803223,10.056090354919434,2.28009033203125
01-08-1973,9.895833015441895,10.056090354919434,641472,10.09615421295166,9.895833015441895,2.24375319480896
02-08-1973,9.735576629638672,9.875801086425781,506688,9.875801086425781,9.855769157409668,2.2346713542938232
03-08-1973,9.815705299377441,9.855769157409668,341952,9.935896873474121,9.935896873474121,2.2528371810913086
06-08-1973,9.895833015441895,9.935896873474121,293280,10.09615421295166,10.076122283935547,2.2846338748931885
07-08-1973,9.875801086425781,10.056090354919434,405600,10.056090354919434,9.875801086425781,2.2392125129699707
08-08-1973,9.595353126525879,9.875801086425781,695760,9.875801086425781,9.635416984558105,2.184709072113037
09-08-1973,9.535256385803223,9.635416984558105,543504,9.635416984558105,9.555288314819336,2.1665403842926025
10-08-1973,9.49519157409668,9.555288314819336,386256,9.675480842590332,9.635416984558105,2.184709072113037
13-08-1973,9.535256385803223,9.635416984558105,261456,9.695512771606445,9.595353126525879,2.175624370574951
14-08-1973,9.555288314819336,9.595353126525879,371904,9.775641441345215,9.635416984558105,2.184709072113037
15-08-1973,9.655448913574219,9.655448913574219,321360,9.815705299377441,9.695512771606445,2.198334217071533
16-08-1973,9.655448913574219,9.695512771606445,455520,9.795673370361328,9.655448913574219,2.2038214206695557
17-08-1973,9.615385055541992,9.655448913574219,188448,9.715544700622559,9.675480842590332,2.2083933353424072
20-08-1973,9.535256385803223,9.675480842590332,288288,9.735576629638672,9.595353126525879,2.1901040077209473
21-08-1973,9.49519157409668,9.595353126525879,221520,9.615385055541992,9.49519157409668,2.1672425270080566
22-08-1973,9.49519157409668,9.49519157409668,181584,9.595353126525879,9.535256385803223,2.1763856410980225
23-08-1973,9.555288314819336,9.555288314819336,364416,9.635416984558105,9.595353126525879,2.1901040077209473
24-08-1973,9.294872283935547,9.595353126525879,2799888,9.675480842590332,9.395031929016113,2.144380807876587
27-08-1973,9.214743614196777,9.354968070983887,373152,9.354968070983887,9.294872283935547,2.121520519256592
28-08-1973,9.25480842590332,9.294872283935547,294528,9.294872283935547,9.294872283935547,2.121520519256592
29-08-1973,9.274840354919434,9.294872283935547,509184,9.354968070983887,9.31490421295166,2.1260924339294434
30-08-1973,9.294872283935547,9.31490421295166,378768,9.415063858032227,9.334936141967773,2.130664348602295
31-08-1973,9.334936141967773,9.334936141967773,253968,9.475159645080566,9.475159645080566,2.1626710891723633
04-09-1973,9.49519157409668,9.49519157409668,251472,9.555288314819336,9.535256385803223,2.1763856410980225
05-09-1973,9.43509578704834,9.535256385803223,417456,9.535256385803223,9.455127716064453,2.1580986976623535
06-09-1973,9.294872283935547,9.455127716064453,364416,9.455127716064453,9.354968070983887,2.1352381706237793
07-09-1973,9.154646873474121,9.354968070983887,378144,9.375,9.31490421295166,2.1260924339294434
10-09-1973,9.214743614196777,9.31490421295166,365664,9.354968070983887,9.274840354919434,2.116948366165161
11-09-1973,9.034455299377441,9.174678802490234,492336,9.174678802490234,9.134614944458008,2.0849430561065674
12-09-1973,8.994391441345215,9.134614944458008,376272,9.194711685180664,9.074519157409668,2.0712263584136963
13-09-1973,8.994391441345215,9.074519157409668,446784,9.134614944458008,9.094551086425781,2.0757977962493896
14-09-1973,9.134614944458008,9.134614944458008,448656,9.415063858032227,9.375,2.1398098468780518
17-09-1973,9.455127716064453,9.455127716064453,783744,9.655448913574219,9.635416984558105,2.1992499828338623
18-09-1973,9.475159645080566,9.635416984558105,920400,9.655448913574219,9.49519157409668,2.1672425270080566
19-09-1973,9.43509578704834,9.49519157409668,754416,9.675480842590332,9.675480842590332,2.2083933353424072
20-09-1973,9.775641441345215,9.775641441345215,944736,9.995993614196777,9.995993614196777,2.2815487384796143
21-09-1973,9.875801086425781,9.995993614196777,673920,10.21634578704834,10.176281929016113,2.3226988315582275
24-09-1973,10.316506385803223,10.316506385803223,864864,10.416666984558105,10.396635055541992,2.372995376586914
25-09-1973,10.336538314819336,10.396635055541992,894816,10.516826629638672,10.336538314819336,2.3592777252197266
26-09-1973,10.256409645080566,10.336538314819336,780624,10.436698913574219,10.356571197509766,2.3638486862182617
27-09-1973,10.116186141967773,10.356571197509766,781872,10.356571197509766,10.176281929016113,2.3226988315582275
28-09-1973,10.056090354919434,10.176281929016113,441168,10.21634578704834,10.09615421295166,2.3044111728668213
01-10-1973,9.915864944458008,10.076122283935547,372528,10.076122283935547,10.056090354919434,2.2952651977539062
02-10-1973,10.056090354919434,10.056090354919434,420576,10.21634578704834,10.21634578704834,2.3318426609039307
03-10-1973,10.176281929016113,10.21634578704834,447408,10.27644157409668,10.236377716064453,2.3364148139953613
04-10-1973,10.236377716064453,10.236377716064453,452400,10.336538314819336,10.29647445678711,2.3501346111297607
05-10-1973,10.336538314819336,10.336538314819336,556608,10.657051086425781,10.637019157409668,2.4278600215911865
08-10-1973,10.436698913574219,10.637019157409668,461136,10.717146873474121,10.657051086425781,2.4324328899383545
09-10-1973,10.697114944458008,10.697114944458008,774384,10.957531929016113,10.87740421295166,2.4827282428741455
10-10-1973,10.576923370361328,10.857372283935547,567216,10.857372283935547,10.657051086425781,2.4324328899383545
11-10-1973,10.637019157409668,10.657051086425781,399984,10.777243614196777,10.757211685180664,2.455296039581299
12-10-1973,10.616987228393555,10.757211685180664,413088,10.79727554321289,10.677083015441895,2.4370036125183105
15-10-1973,10.356571197509766,10.516826629638672,355056,10.516826629638672,10.356571197509766,2.3638486862182617
16-10-1973,10.21634578704834,10.356571197509766,338832,10.416666984558105,10.396635055541992,2.372995376586914
17-10-1973,10.336538314819336,10.396635055541992,288912,10.596955299377441,10.496794700622559,2.395854949951172
18-10-1973,10.516826629638672,10.516826629638672,390000,10.596955299377441,10.576923370361328,2.4141438007354736
19-10-1973,10.616987228393555,10.616987228393555,407472,10.757211685180664,10.737178802490234,2.4507205486297607
22-10-1973,10.677083015441895,10.737178802490234,321984,10.87740421295166,10.79727554321289,2.4644389152526855
23-10-1973,10.637019157409668,10.79727554321289,375024,10.81730842590332,10.757211685180664,2.455296039581299
24-10-1973,10.637019157409668,10.757211685180664,373776,10.81730842590332,10.81730842590332,2.469010829925537
25-10-1973,10.616987228393555,10.737178802490234,275184,10.737178802490234,10.717146873474121,2.446150779724121
26-10-1973,10.717146873474121,10.717146873474121,511056,10.857372283935547,10.857372283935547,2.478156089782715
29-10-1973,10.87740421295166,10.87740421295166,328224,10.99759578704834,10.917468070983887,2.4918723106384277
30-10-1973,10.657051086425781,10.917468070983887,381888,10.9375,10.717146873474121,2.446150779724121
31-10-1973,10.456730842590332,10.616987228393555,380640,10.616987228393555,10.476762771606445,2.3912830352783203
01-11-1973,10.27644157409668,10.476762771606445,352560,10.496794700622559,10.29647445678711,2.3501346111297607
02-11-1973,10.21634578704834,10.29647445678711,376896,10.356571197509766,10.256409645080566,2.340989112854004
05-11-1973,10.056090354919434,10.236377716064453,397488,10.236377716064453,10.116186141967773,2.3089828491210938
06-11-1973,10.056090354919434,10.116186141967773,353184,10.256409645080566,10.056090354919434,2.2952651977539062
07-11-1973,10.056090354919434,10.056090354919434,448656,10.236377716064453,10.15625,2.318126916885376
08-11-1973,10.596955299377441,10.596955299377441,705744,10.857372283935547,10.677083015441895,2.4370036125183105
09-11-1973,10.516826629638672,10.677083015441895,368784,10.737178802490234,10.596955299377441,2.4187161922454834
12-11-1973,10.396635055541992,10.596955299377441,364416,10.637019157409668,10.536858558654785,2.4049997329711914
13-11-1973,10.496794700622559,10.536858558654785,248976,10.897436141967773,10.81730842590332,2.469010829925537
14-11-1973,10.456730842590332,10.81730842590332,437424,10.87740421295166,10.516826629638672,2.400428295135498
15-11-1973,10.256409645080566,10.516826629638672,628992,10.536858558654785,10.256409645080566,2.340989112854004
16-11-1973,10.256409645080566,10.256409645080566,517296,10.556891441345215,10.376603126525879,2.368422746658325
19-11-1973,10.056090354919434,10.376603126525879,287664,10.456730842590332,10.076122283935547,2.299839735031128
20-11-1973,9.975961685180664,10.076122283935547,554736,10.15625,9.995993614196777,2.2815487384796143
21-11-1973,9.955928802490234,9.995993614196777,745056,10.21634578704834,10.01602554321289,2.2861204147338867
23-11-1973,9.935896873474121,10.01602554321289,298896,10.09615421295166,10.09615421295166,2.3044111728668213
26-11-1973,9.855769157409668,10.01602554321289,411840,10.01602554321289,9.915864944458008,2.2632601261138916
27-11-1973,9.715544700622559,9.915864944458008,345696,9.935896873474121,9.715544700622559,2.2175369262695312
28-11-1973,9.755608558654785,9.755608558654785,510432,10.03605842590332,10.03605842590332,2.2906930446624756
29-11-1973,9.955928802490234,10.03605842590332,396864,10.256409645080566,10.21634578704834,2.3318426609039307
30-11-1973,10.01602554321289,10.21634578704834,272064,10.256409645080566,10.116186141967773,2.323560953140259
03-12-1973,9.455127716064453,10.116186141967773,1339104,10.136218070983887,9.615385055541992,2.2085349559783936
04-12-1973,9.49519157409668,9.615385055541992,522288,9.755608558654785,9.535256385803223,2.190129041671753
05-12-1973,9.395031929016113,9.535256385803223,440544,9.615385055541992,9.555288314819336,2.194730281829834
06-12-1973,9.49519157409668,9.555288314819336,589680,9.875801086425781,9.795673370361328,2.2499442100524902
07-12-1973,9.855769157409668,9.855769157409668,515424,10.136218070983887,9.975961685180664,2.291353464126587
10-12-1973,9.855769157409668,9.975961685180664,492960,10.076122283935547,10.056090354919434,2.309758186340332
11-12-1973,9.815705299377441,10.056090354919434,334464,10.076122283935547,9.855769157409668,2.2637462615966797
12-12-1973,9.455127716064453,9.815705299377441,376272,9.815705299377441,9.455127716064453,2.1717255115509033
13-12-1973,9.415063858032227,9.455127716064453,519168,9.595353126525879,9.49519157409668,2.1809277534484863
14-12-1973,9.31490421295166,9.49519157409668,592800,9.595353126525879,9.415063858032227,2.1625216007232666
17-12-1973,9.174678802490234,9.415063858032227,315120,9.49519157409668,9.25480842590332,2.1257147789001465
18-12-1973,9.214743614196777,9.25480842590332,371904,9.415063858032227,9.415063858032227,2.1625216007232666
19-12-1973,9.415063858032227,9.415063858032227,595920,9.555288314819336,9.49519157409668,2.1809277534484863
20-12-1973,9.415063858032227,9.49519157409668,253968,9.575321197509766,9.535256385803223,2.190129041671753
21-12-1973,9.25480842590332,9.535256385803223,354432,9.535256385803223,9.334936141967773,2.144120216369629
24-12-1973,9.134614944458008,9.31490421295166,181584,9.31490421295166,9.23477554321289,2.121112585067749
26-12-1973,9.395031929016113,9.395031929016113,538512,9.615385055541992,9.595353126525879,2.2039337158203125
27-12-1973,9.815705299377441,9.815705299377441,688896,10.076122283935547,9.995993614196777,2.295955181121826
28-12-1973,9.935896873474121,9.995993614196777,293904,10.03605842590332,10.01602554321289,2.300555467605591
31-12-1973,9.855769157409668,10.01602554321289,284544,10.09615421295166,10.09615421295166,2.3189620971679688
02-01-1974,9.935896873474121,10.056090354919434,227760,10.056090354919434,10.03605842590332,2.3051583766937256
03-01-1974,9.995993614196777,10.03605842590332,439920,10.21634578704834,10.15625,2.3327643871307373
04-01-1974,10.196313858032227,10.196313858032227,310128,10.396635055541992,10.376603126525879,2.3833768367767334
07-01-1974,10.256409645080566,10.376603126525879,275184,10.416666984558105,10.27644157409668,2.3603713512420654
08-01-1974,9.935896873474121,10.256409645080566,310128,10.256409645080566,10.03605842590332,2.3051583766937256
09-01-1974,9.735576629638672,9.955928802490234,484848,9.955928802490234,9.795673370361328,2.2499442100524902
10-01-1974,9.555288314819336,9.795673370361328,373776,9.875801086425781,9.615385055541992,2.2085349559783936
11-01-1974,9.635416984558105,9.635416984558105,326976,9.855769157409668,9.835737228393555,2.2591464519500732
14-01-1974,9.875801086425781,9.875801086425781,410592,10.076122283935547,9.955928802490234,2.2867519855499268
15-01-1974,9.875801086425781,9.955928802490234,288912,10.076122283935547,9.975961685180664,2.291353464126587
16-01-1974,9.835737228393555,9.975961685180664,180336,9.995993614196777,9.975961685180664,2.291353464126587
17-01-1974,9.915864944458008,9.975961685180664,413712,10.09615421295166,10.09615421295166,2.3189620971679688
18-01-1974,9.995993614196777,10.076122283935547,343824,10.076122283935547,10.03605842590332,2.3051583766937256
21-01-1974,9.795673370361328,10.03605842590332,300768,10.136218070983887,10.116186141967773,2.323560953140259
22-01-1974,9.975961685180664,10.116186141967773,350688,10.196313858032227,10.176281929016113,2.337364673614502
23-01-1974,10.196313858032227,10.196313858032227,445536,10.396635055541992,10.376603126525879,2.3833768367767334
24-01-1974,10.21634578704834,10.376603126525879,459888,10.396635055541992,10.29647445678711,2.3649730682373047
25-01-1974,9.895833015441895,10.27644157409668,454272,10.27644157409668,9.895833015441895,2.2729501724243164
28-01-1974,9.455127716064453,9.895833015441895,544752,9.895833015441895,9.49519157409668,2.1809277534484863
29-01-1974,9.51522445678711,9.51522445678711,402480,9.715544700622559,9.695512771606445,2.226938247680664
30-01-1974,9.635416984558105,9.695512771606445,399360,9.875801086425781,9.715544700622559,2.231539487838745
31-01-1974,9.575321197509766,9.695512771606445,467376,9.695512771606445,9.595353126525879,2.2039337158203125
01-02-1974,9.455127716064453,9.595353126525879,368160,9.595353126525879,9.475159645080566,2.1763265132904053
04-02-1974,9.214743614196777,9.475159645080566,397488,9.475159645080566,9.274840354919434,2.1303153038024902
05-02-1974,9.094551086425781,9.274840354919434,380640,9.294872283935547,9.114583015441895,2.0935044288635254
06-02-1974,8.974358558654785,9.114583015441895,540384,9.134614944458008,9.054487228393555,2.0797033309936523
07-02-1974,9.014423370361328,9.054487228393555,362544,9.134614944458008,9.074519157409668,2.0843043327331543
08-02-1974,9.034455299377441,9.074519157409668,229632,9.114583015441895,9.034455299377441,2.075101375579834
11-02-1974,8.65384578704834,9.014423370361328,579072,9.014423370361328,8.673877716064453,1.992281198501587
12-02-1974,8.613781929016113,8.673877716064453,466128,8.854166984558105,8.854166984558105,2.033691883087158
13-02-1974,8.633813858032227,8.854166984558105,421824,8.874198913574219,8.633813858032227,1.983080506324768
14-02-1974,8.573718070983887,8.633813858032227,445536,8.814103126525879,8.693909645080566,1.9968833923339844
15-02-1974,8.71394157409668,8.71394157409668,345072,8.954326629638672,8.954326629638672,2.0566980838775635
19-02-1974,8.894230842590332,8.954326629638672,397488,9.114583015441895,8.954326629638672,2.0566980838775635
20-02-1974,8.794071197509766,8.954326629638672,368160,9.054487228393555,9.054487228393555,2.0797033309936523
21-02-1974,9.014423370361328,9.054487228393555,267696,9.294872283935547,9.294872283935547,2.134916067123413
22-02-1974,9.074519157409668,9.294872283935547,308880,9.31490421295166,9.274840354919434,2.1303153038024902
25-02-1974,9.134614944458008,9.274840354919434,316368,9.334936141967773,9.25480842590332,2.1257147789001465
26-02-1974,9.134614944458008,9.25480842590332,336960,9.334936141967773,9.334936141967773,2.144120216369629
27-02-1974,9.25480842590332,9.334936141967773,438672,9.43509578704834,9.25480842590332,2.1257147789001465
28-02-1974,8.974358558654785,9.194711685180664,277056,9.194711685180664,9.074519157409668,2.0988423824310303
01-03-1974,8.974358558654785,9.074519157409668,383760,9.134614944458008,9.054487228393555,2.0942084789276123
04-03-1974,8.934294700622559,9.014423370361328,255216,9.014423370361328,8.994391441345215,2.0803093910217285
05-03-1974,8.854166984558105,8.994391441345215,591552,9.154646873474121,8.974358558654785,2.0756752490997314
06-03-1974,8.854166984558105,8.974358558654785,405600,8.994391441345215,8.974358558654785,2.0756752490997314
07-03-1974,8.854166984558105,8.974358558654785,378144,9.034455299377441,8.854166984558105,2.0478761196136475
08-03-1974,8.814103126525879,8.854166984558105,378144,9.014423370361328,8.914262771606445,2.0617763996124268
11-03-1974,8.834135055541992,8.914262771606445,409344,9.094551086425781,9.094551086425781,2.103475570678711
12-03-1974,8.994391441345215,9.094551086425781,399984,9.154646873474121,9.054487228393555,2.0942084789276123
13-03-1974,8.73397445678711,9.054487228393555,982800,9.114583015441895,8.814103126525879,2.0386111736297607
14-03-1974,8.513622283935547,8.814103126525879,816816,8.874198913574219,8.513622283935547,1.9691128730773926
15-03-1974,8.273237228393555,8.493590354919434,820560,8.493590354919434,8.47355842590332,1.9598456621170044
18-03-1974,8.353364944458008,8.47355842590332,598416,8.53365421295166,8.373396873474121,1.9366788864135742
19-03-1974,8.133012771606445,8.333333015441895,2013024,8.333333015441895,8.193108558654785,1.894981026649475
20-03-1974,8.273237228393555,8.273237228393555,433680,8.573718070983887,8.553686141967773,1.978378176689148
21-03-1974,8.53365421295166,8.553686141967773,646464,8.854166984558105,8.633813858032227,1.996910572052002
22-03-1974,8.73397445678711,8.73397445678711,874224,8.914262771606445,8.814103126525879,2.0386111736297607
25-03-1974,8.774038314819336,8.814103126525879,461136,9.054487228393555,9.054487228393555,2.0942084789276123
26-03-1974,8.974358558654785,9.054487228393555,341952,9.114583015441895,9.014423370361328,2.0849430561065674
27-03-1974,8.794071197509766,9.014423370361328,448032,9.054487228393555,8.814103126525879,2.0386111736297607
28-03-1974,8.65384578704834,8.774038314819336,631488,8.774038314819336,8.693909645080566,2.010809898376465
29-03-1974,8.673877716064453,8.693909645080566,555984,8.794071197509766,8.693909645080566,2.010809898376465
01-04-1974,8.673877716064453,8.693909645080566,355680,8.854166984558105,8.71394157409668,2.0154433250427246
02-04-1974,8.71394157409668,8.71394157409668,230256,8.814103126525879,8.754006385803223,2.024709939956665
03-04-1974,8.814103126525879,8.814103126525879,380640,8.934294700622559,8.934294700622559,2.06640887260437
04-04-1974,8.794071197509766,8.934294700622559,292656,8.974358558654785,8.974358558654785,2.0756752490997314
05-04-1974,8.73397445678711,8.954326629638672,245232,8.954326629638672,8.774038314819336,2.029344320297241
08-04-1974,8.65384578704834,8.73397445678711,219648,8.73397445678711,8.693909645080566,2.010809898376465
09-04-1974,8.673877716064453,8.693909645080566,231504,8.814103126525879,8.814103126525879,2.0386111736297607
10-04-1974,8.613781929016113,8.814103126525879,332592,8.874198913574219,8.613781929016113,1.9922778606414795
11-04-1974,8.493590354919434,8.59375,323856,8.59375,8.53365421295166,1.97374427318573
15-04-1974,8.53365421295166,8.53365421295166,304512,8.71394157409668,8.65384578704834,2.001544713973999
16-04-1974,8.754006385803223,8.754006385803223,288288,8.854166984558105,8.814103126525879,2.0386111736297607
17-04-1974,8.73397445678711,8.814103126525879,547872,8.854166984558105,8.774038314819336,2.029344320297241
18-04-1974,8.754006385803223,8.774038314819336,214656,8.854166984558105,8.814103126525879,2.0386111736297607
19-04-1974,8.65384578704834,8.73397445678711,238992,8.73397445678711,8.65384578704834,2.001544713973999
22-04-1974,8.553686141967773,8.65384578704834,270192,8.673877716064453,8.65384578704834,2.001544713973999
23-04-1974,8.493590354919434,8.65384578704834,275808,8.71394157409668,8.513622283935547,1.9691128730773926
24-04-1974,8.493590354919434,8.513622283935547,253968,8.573718070983887,8.513622283935547,1.9691128730773926
25-04-1974,8.253205299377441,8.493590354919434,495456,8.493590354919434,8.333333015441895,1.927412509918213
26-04-1974,8.052885055541992,8.333333015441895,450528,8.45352554321289,8.273237228393555,1.9135152101516724
29-04-1974,8.072916984558105,8.273237228393555,327600,8.353364944458008,8.333333015441895,1.927412509918213
30-04-1974,8.153044700622559,8.333333015441895,287040,8.333333015441895,8.173076629638672,1.8903472423553467
01-05-1974,8.193108558654785,8.193108558654785,408096,8.45352554321289,8.45352554321289,1.9552122354507446
02-05-1974,8.493590354919434,8.493590354919434,471120,8.65384578704834,8.493590354919434,1.9644778966903687
03-05-1974,8.373396873474121,8.493590354919434,250848,8.553686141967773,8.393428802490234,1.9413130283355713
06-05-1974,8.333333015441895,8.393428802490234,236496,8.413461685180664,8.413461685180664,1.9459455013275146
07-05-1974,8.333333015441895,8.413461685180664,232752,8.413461685180664,8.353364944458008,1.9320456981658936
08-05-1974,8.253205299377441,8.353364944458008,267072,8.373396873474121,8.293269157409668,1.9181464910507202
09-05-1974,8.072916984558105,8.193108558654785,1081392,8.193108558654785,8.153044700622559,1.8857133388519287
10-05-1974,7.532051086425781,8.133012771606445,1176864,8.133012771606445,7.632212162017822,1.7652513980865479
13-05-1974,7.6522440910339355,7.6522440910339355,544128,7.912660121917725,7.75240421295166,1.7930508852005005
14-05-1974,7.87259578704834,7.87259578704834,451152,8.012821197509766,7.9727559089660645,1.8440152406692505
15-05-1974,7.932692050933838,7.9727559089660645,433680,8.153044700622559,8.032853126525879,1.857914686203003
16-05-1974,7.952723979949951,8.032853126525879,238992,8.133012771606445,7.952723979949951,1.8393813371658325
17-05-1974,7.75240421295166,7.952723979949951,590304,8.012821197509766,7.8125,1.8069490194320679
20-05-1974,7.672276020050049,7.8125,491712,7.87259578704834,7.75240421295166,1.7930508852005005
21-05-1974,7.6522440910339355,7.75240421295166,321984,7.8125,7.672276020050049,1.77451753616333
22-05-1974,7.572114944458008,7.672276020050049,446160,7.792468070983887,7.632212162017822,1.7652513980865479
23-05-1974,7.491987228393555,7.632212162017822,604656,7.632212162017822,7.612178802490234,1.7606167793273926
24-05-1974,7.6522440910339355,7.6522440910339355,409968,7.75240421295166,7.6522440910339355,1.769884467124939
28-05-1974,7.672276020050049,7.672276020050049,443040,7.792468070983887,7.732371807098389,1.788418173789978
29-05-1974,7.632212162017822,7.732371807098389,404976,7.792468070983887,7.632212162017822,1.7652513980865479
30-05-1974,7.572114944458008,7.632212162017822,367536,7.75240421295166,7.732371807098389,1.788418173789978
31-05-1974,7.572114944458008,7.732371807098389,184080,7.732371807098389,7.732371807098389,1.788418173789978
03-06-1974,7.692307949066162,7.732371807098389,326976,7.852563858032227,7.852563858032227,1.8162165880203247
04-06-1974,7.852563858032227,7.852563858032227,441168,8.012821197509766,7.87259578704834,1.8208496570587158
05-06-1974,7.692307949066162,7.87259578704834,398736,7.952723979949951,7.732371807098389,1.788418173789978
06-06-1974,7.692307949066162,7.732371807098389,326976,7.9727559089660645,7.932692050933838,1.8500875234603882
07-06-1974,7.9727559089660645,7.9727559089660645,529776,8.112980842590332,7.9727559089660645,1.8594311475753784
10-06-1974,7.952723979949951,7.9727559089660645,425568,8.133012771606445,8.133012771606445,1.8968074321746826
11-06-1974,7.992787837982178,8.133012771606445,299520,8.173076629638672,7.992787837982178,1.8641011714935303
12-06-1974,7.952723979949951,7.992787837982178,251472,8.112980842590332,8.092948913574219,1.887462854385376
13-06-1974,8.012821197509766,8.092948913574219,378768,8.173076629638672,8.052885055541992,1.8781179189682007
14-06-1974,7.952723979949951,8.052885055541992,255216,8.052885055541992,7.992787837982178,1.8641011714935303
17-06-1974,7.792468070983887,7.992787837982178,350064,8.012821197509766,7.87259578704834,1.8360711336135864
18-06-1974,7.732371807098389,7.852563858032227,205296,7.852563858032227,7.772436141967773,1.8127113580703735
19-06-1974,7.75240421295166,7.772436141967773,282672,7.832531929016113,7.792468070983887,1.8173832893371582
20-06-1974,7.692307949066162,7.792468070983887,263952,7.792468070983887,7.732371807098389,1.8033678531646729
21-06-1974,7.632212162017822,7.732371807098389,301392,7.732371807098389,7.632212162017822,1.78000807762146
24-06-1974,7.632212162017822,7.632212162017822,302016,7.732371807098389,7.692307949066162,1.7940242290496826
25-06-1974,7.712339878082275,7.712339878082275,404976,7.992787837982178,7.992787837982178,1.8641011714935303
26-06-1974,7.732371807098389,7.992787837982178,436800,7.992787837982178,7.75240421295166,1.8080400228500366
27-06-1974,7.712339878082275,7.75240421295166,207792,7.852563858032227,7.792468070983887,1.8173832893371582
28-06-1974,7.792468070983887,7.792468070983887,328224,7.952723979949951,7.892628192901611,1.8407429456710815
01-07-1974,7.852563858032227,7.892628192901611,353808,7.9727559089660645,7.87259578704834,1.8360711336135864
02-07-1974,7.632212162017822,7.87259578704834,476112,7.87259578704834,7.692307949066162,1.7940242290496826
03-07-1974,7.532051086425781,7.692307949066162,452400,7.692307949066162,7.592146873474121,1.7706629037857056
05-07-1974,7.532051086425781,7.592146873474121,293904,7.632212162017822,7.592146873474121,1.7706629037857056
08-07-1974,7.151442050933838,7.532051086425781,375648,7.532051086425781,7.211537837982178,1.6818971633911133
09-07-1974,7.131410121917725,7.211537837982178,344448,7.331730842590332,7.211537837982178,1.6818971633911133
10-07-1974,7.131410121917725,7.211537837982178,307632,7.331730842590332,7.151442050933838,1.6678814888000488
11-07-1974,7.131410121917725,7.151442050933838,321984,7.311698913574219,7.1915059089660645,1.6772252321243286
12-07-1974,7.371795177459717,7.371795177459717,516048,7.672276020050049,7.612178802490234,1.7753348350524902
15-07-1974,7.532051086425781,7.612178802490234,399984,7.732371807098389,7.5520830154418945,1.7613199949264526
16-07-1974,7.411859035491943,7.5520830154418945,236496,7.5520830154418945,7.491987228393555,1.74730384349823
17-07-1974,7.471954822540283,7.491987228393555,305760,7.692307949066162,7.6522440910339355,1.7846792936325073
18-07-1974,7.572114944458008,7.6522440910339355,477984,7.772436141967773,7.632212162017822,1.78000807762146
19-07-1974,7.612178802490234,7.632212162017822,375024,7.75240421295166,7.672276020050049,1.7893508672714233
22-07-1974,7.572114944458008,7.672276020050049,553488,7.692307949066162,7.572114944458008,1.7659904956817627
23-07-1974,7.592146873474121,7.592146873474121,349440,7.6522440910339355,7.612178802490234,1.7753348350524902
24-07-1974,7.5520830154418945,7.612178802490234,286416,7.8125,7.8125,1.8220551013946533
25-07-1974,7.732371807098389,7.8125,378144,7.892628192901611,7.75240421295166,1.8080400228500366
26-07-1974,7.5520830154418945,7.75240421295166,232128,7.772436141967773,7.5520830154418945,1.7613199949264526
29-07-1974,7.231571197509766,7.5520830154418945,264576,7.5520830154418945,7.251603126525879,1.6912416219711304
30-07-1974,7.131410121917725,7.251603126525879,303888,7.2916669845581055,7.211537837982178,1.6818971633911133
31-07-1974,6.8709940910339355,7.1915059089660645,494832,7.1915059089660645,6.891026020050049,1.6071468591690063
01-08-1974,6.810896873474121,6.891026020050049,332592,6.951121807098389,6.911057949066162,1.6118178367614746
02-08-1974,6.8709940910339355,6.911057949066162,218400,7.011218070983887,6.97115421295166,1.6258348226547241
05-08-1974,6.931089878082275,6.97115421295166,247728,7.1915059089660645,7.051281929016113,1.6445211172103882
06-08-1974,7.131410121917725,7.131410121917725,390000,7.431890964508057,7.231571197509766,1.6865688562393188
07-08-1974,7.131410121917725,7.231571197509766,209664,7.512019157409668,7.512019157409668,1.7519763708114624
08-08-1974,7.331730842590332,7.512019157409668,460512,7.532051086425781,7.39182710647583,1.7239443063735962
09-08-1974,7.2916669845581055,7.39182710647583,239616,7.411859035491943,7.311698913574219,1.7052568197250366
12-08-1974,7.211537837982178,7.311698913574219,232128,7.411859035491943,7.251603126525879,1.6912416219711304
13-08-1974,6.991186141967773,7.1915059089660645,200304,7.1915059089660645,7.03125,1.6398496627807617
14-08-1974,6.911057949066162,7.03125,332592,7.051281929016113,6.931089878082275,1.6164902448654175
15-08-1974,6.750801086425781,6.931089878082275,391872,7.011218070983887,6.810896873474121,1.5884575843811035
16-08-1974,6.570512771606445,6.810896873474121,324480,6.850962162017822,6.590545177459717,1.5370665788650513
19-08-1974,6.169871807098389,6.570512771606445,443040,6.570512771606445,6.390223979949951,1.4903475046157837
20-08-1974,6.31009578704834,6.390223979949951,340080,6.530448913574219,6.4102559089660645,1.495019555091858
21-08-1974,6.169871807098389,6.4102559089660645,275808,6.4102559089660645,6.18990421295166,1.443627953529358
22-08-1974,6.009614944458008,6.18990421295166,431184,6.270031929016113,6.169871807098389,1.4389554262161255
23-08-1974,5.608973979949951,6.169871807098389,479856,6.25,5.649037837982178,1.31748628616333
26-08-1974,5.608973979949951,5.649037837982178,520416,6.049678802490234,5.9895830154418945,1.3969084024429321
27-08-1974,5.789262771606445,5.9895830154418945,401856,5.9895830154418945,5.82932710647583,1.3595346212387085
28-08-1974,5.6290059089660645,5.809295177459717,385008,5.809295177459717,5.709135055541992,1.3315016031265259
29-08-1974,5.649037837982178,5.709135055541992,214656,5.869390964508057,5.869390964508057,1.368877649307251
30-08-1974,5.849359035491943,5.869390964508057,347568,6.069712162017822,6.069712162017822,1.4155970811843872
03-09-1974,5.969551086425781,6.069712162017822,277680,6.18990421295166,5.969551086425781,1.392236351966858
04-09-1974,5.608973979949951,5.849359035491943,394992,5.849359035491943,5.6290059089660645,1.3128139972686768
05-09-1974,5.649037837982178,5.649037837982178,466128,5.869390964508057,5.869390964508057,1.368877649307251
06-09-1974,5.749198913574219,5.869390964508057,324480,5.909454822540283,5.88942289352417,1.3735493421554565
09-09-1974,5.52884578704834,5.789262771606445,483600,5.789262771606445,5.52884578704834,1.2894539833068848
10-09-1974,5.40865421295166,5.52884578704834,324480,5.608973979949951,5.488781929016113,1.280110478401184
11-09-1974,5.268428802490234,5.488781929016113,249600,5.508813858032227,5.288462162017822,1.2333921194076538
12-09-1974,4.907853126525879,5.288462162017822,444912,5.288462162017822,4.967948913574219,1.1586397886276245
13-09-1974,4.807692050933838,4.967948913574219,460512,5.04807710647583,4.827723979949951,1.1259371042251587
16-09-1974,4.807692050933838,4.827723979949951,484224,5.188301086425781,5.168269157409668,1.2053592205047607
17-09-1974,5.2083330154418945,5.2083330154418945,456768,5.568910121917725,5.428686141967773,1.2819956541061401
18-09-1974,5.288462162017822,5.428686141967773,511680,5.669071197509766,5.669071197509766,1.3387643098831177
19-09-1974,5.869390964508057,5.869390964508057,513552,6.049678802490234,5.9895830154418945,1.4144519567489624
20-09-1974,5.869390964508057,5.9895830154418945,502320,6.18990421295166,6.0897440910339355,1.438105821609497
23-09-1974,5.769230842590332,6.029646873474121,607152,6.029646873474121,5.82932710647583,1.3766076564788818
24-09-1974,5.568910121917725,5.7291669845581055,473616,5.7291669845581055,5.649037837982178,1.3340320587158203
25-09-1974,5.3084940910339355,5.649037837982178,917280,5.7291669845581055,5.348557949066162,1.2630729675292969
26-09-1974,5.268428802490234,5.348557949066162,264576,5.388621807098389,5.288462162017822,1.2488809823989868
27-09-1974,5.128204822540283,5.288462162017822,539760,5.428686141967773,5.168269157409668,1.2204968929290771
30-09-1974,4.967948913574219,5.168269157409668,678288,5.2083330154418945,5.008012771606445,1.1826517581939697
01-10-1974,4.887821197509766,5.008012771606445,777504,5.288462162017822,5.288462162017822,1.2488809823989868
02-10-1974,5.348557949066162,5.348557949066162,356304,5.548878192901611,5.488781929016113,1.2961875200271606
03-10-1974,5.228364944458008,5.388621807098389,439920,5.388621807098389,5.348557949066162,1.2630729675292969
04-10-1974,5.128204822540283,5.328526020050049,551616,5.328526020050049,5.268428802490234,1.2441504001617432
07-10-1974,5.228364944458008,5.268428802490234,406848,5.548878192901611,5.548878192901611,1.310379981994629
08-10-1974,5.328526020050049,5.548878192901611,497328,5.548878192901611,5.40865421295166,1.277266025543213
09-10-1974,5.3084940910339355,5.40865421295166,512928,5.82932710647583,5.82932710647583,1.3766076564788818
10-10-1974,5.88942289352417,5.88942289352417,954096,6.229968070983887,6.029646873474121,1.423913836479187
11-10-1974,5.849359035491943,6.029646873474121,720096,6.0897440910339355,5.9895830154418945,1.4144519567489624
14-10-1974,5.9895830154418945,5.9895830154418945,516048,6.169871807098389,6.069712162017822,1.433375597000122
15-10-1974,5.769230842590332,6.009614944458008,404352,6.009614944458008,5.849359035491943,1.3813382387161255
16-10-1974,5.709135055541992,5.849359035491943,337584,5.909454822540283,5.7291669845581055,1.3529539108276367
17-10-1974,5.649037837982178,5.7291669845581055,367536,5.82932710647583,5.749198913574219,1.3576854467391968
18-10-1974,5.849359035491943,5.849359035491943,631488,5.949519157409668,5.849359035491943,1.3813382387161255
21-10-1974,5.869390964508057,5.869390964508057,509808,6.0897440910339355,6.0897440910339355,1.438105821609497
22-10-1974,5.929487228393555,6.0897440910339355,940368,6.149839878082275,5.949519157409668,1.4049912691116333
23-10-1974,5.7291669845581055,5.88942289352417,468624,5.88942289352417,5.849359035491943,1.3813382387161255
24-10-1974,5.588942050933838,5.789262771606445,644592,5.789262771606445,5.689103126525879,1.343494176864624
25-10-1974,5.548878192901611,5.689103126525879,429936,5.789262771606445,5.588942050933838,1.3198400735855103
28-10-1974,5.508813858032227,5.588942050933838,278304,5.749198913574219,5.709135055541992,1.34822416305542
29-10-1974,5.769230842590332,5.769230842590332,545376,5.9895830154418945,5.969551086425781,1.4097223281860352
30-10-1974,5.869390964508057,5.969551086425781,680160,6.129807949066162,6.049678802490234,1.4286441802978516
31-10-1974,5.969551086425781,6.049678802490234,584064,6.18990421295166,6.129807949066162,1.4475663900375366
01-11-1974,6.049678802490234,6.129807949066162,418080,6.25,6.25,1.475950837135315
04-11-1974,6.0897440910339355,6.18990421295166,339456,6.18990421295166,6.169871807098389,1.457027792930603
05-11-1974,6.049678802490234,6.169871807098389,375648,6.390223979949951,6.390223979949951,1.509064793586731
06-11-1974,6.169871807098389,6.390223979949951,603408,6.490385055541992,6.169871807098389,1.457027792930603
07-11-1974,6.149839878082275,6.169871807098389,502320,6.370192050933838,6.31009578704834,1.4901422262191772
08-11-1974,6.149839878082275,6.31009578704834,356928,6.31009578704834,6.209936141967773,1.4664896726608276
11-11-1974,6.109776020050049,6.209936141967773,170352,6.390223979949951,6.350160121917725,1.4996041059494019
12-11-1974,6.0897440910339355,6.350160121917725,263328,6.350160121917725,6.109776020050049,1.4428366422653198
13-11-1974,5.869390964508057,6.0897440910339355,613392,6.0897440910339355,5.929487228393555,1.4002604484558105
14-11-1974,5.969551086425781,5.969551086425781,345696,6.109776020050049,6.009614944458008,1.4191826581954956
15-11-1974,5.7291669845581055,5.969551086425781,262080,5.969551086425781,5.769230842590332,1.3624160289764404
18-11-1974,5.40865421295166,5.6290059089660645,433680,5.6290059089660645,5.448718070983887,1.2867268323898315
19-11-1974,5.388621807098389,5.448718070983887,371904,5.548878192901611,5.46875,1.2914562225341797
20-11-1974,5.368589878082275,5.46875,271440,5.568910121917725,5.40865421295166,1.277266025543213
21-11-1974,5.328526020050049,5.40865421295166,410592,5.548878192901611,5.488781929016113,1.2961875200271606
22-11-1974,5.548878192901611,5.548878192901611,303264,5.749198913574219,5.649037837982178,1.3340320587158203
25-11-1974,5.588942050933838,5.649037837982178,283920,5.82932710647583,5.669071197509766,1.3387643098831177
26-11-1974,5.448718070983887,5.649037837982178,2177760,5.649037837982178,5.6290059089660645,1.3293023109436035
27-11-1974,5.649037837982178,5.649037837982178,504816,5.869390964508057,5.82932710647583,1.3766076564788818
29-11-1974,5.809295177459717,5.82932710647583,217152,5.949519157409668,5.949519157409668,1.4049912691116333
02-12-1974,5.849359035491943,5.88942289352417,189696,5.88942289352417,5.849359035491943,1.3813382387161255
03-12-1974,5.588942050933838,5.7291669845581055,322608,5.7291669845581055,5.6290059089660645,1.3440310955047607
04-12-1974,5.6290059089660645,5.6290059089660645,238992,5.7291669845581055,5.669071197509766,1.3535982370376587
05-12-1974,5.52884578704834,5.669071197509766,394992,5.749198913574219,5.548878192901611,1.324898362159729
06-12-1974,5.348557949066162,5.508813858032227,428688,5.508813858032227,5.388621807098389,1.2866342067718506
09-12-1974,5.268428802490234,5.388621807098389,409344,5.428686141967773,5.328526020050049,1.2722843885421753
10-12-1974,5.388621807098389,5.388621807098389,385632,5.588942050933838,5.508813858032227,1.3153326511383057
11-12-1974,5.40865421295166,5.508813858032227,448656,5.649037837982178,5.40865421295166,1.291417121887207
12-12-1974,5.168269157409668,5.40865421295166,531024,5.40865421295166,5.228364944458008,1.24837064743042
13-12-1974,5.148237228393555,5.228364944458008,308880,5.348557949066162,5.268428802490234,1.2579363584518433
16-12-1974,4.967948913574219,5.268428802490234,860496,5.348557949066162,4.967948913574219,1.1861903667449951
17-12-1974,4.927885055541992,4.967948913574219,392496,5.228364944458008,5.228364944458008,1.24837064743042
18-12-1974,5.2083330154418945,5.228364944458008,436176,5.40865421295166,5.328526020050049,1.2722843885421753
19-12-1974,5.328526020050049,5.328526020050049,431808,5.40865421295166,5.348557949066162,1.2770682573318481
20-12-1974,5.168269157409668,5.348557949066162,685776,5.388621807098389,5.168269157409668,1.2340211868286133
23-12-1974,4.987980842590332,5.168269157409668,494832,5.168269157409668,5.088140964508057,1.2148886919021606
24-12-1974,5.088140964508057,5.088140964508057,325728,5.188301086425781,5.128204822540283,1.2244552373886108
26-12-1974,5.10817289352417,5.128204822540283,414336,5.328526020050049,5.228364944458008,1.24837064743042
27-12-1974,5.148237228393555,5.228364944458008,297024,5.268428802490234,5.188301086425781,1.2388043403625488
30-12-1974,5.04807710647583,5.188301086425781,597168,5.188301086425781,5.128204822540283,1.2244552373886108
31-12-1974,5.228364944458008,5.228364944458008,427440,5.348557949066162,5.348557949066162,1.2770682573318481
02-01-1975,5.348557949066162,5.348557949066162,424320,5.488781929016113,5.40865421295166,1.291417121887207
03-01-1975,5.188301086425781,5.40865421295166,848016,5.428686141967773,5.228364944458008,1.24837064743042
06-01-1975,5.188301086425781,5.228364944458008,500448,5.288462162017822,5.228364944458008,1.24837064743042
07-01-1975,5.188301086425781,5.228364944458008,354432,5.448718070983887,5.388621807098389,1.2866342067718506
08-01-1975,5.388621807098389,5.388621807098389,479232,5.52884578704834,5.40865421295166,1.291417121887207
09-01-1975,5.368589878082275,5.40865421295166,539760,5.52884578704834,5.46875,1.3057657480239868
10-01-1975,5.508813858032227,5.508813858032227,926640,5.769230842590332,5.749198913574219,1.3727290630340576
13-01-1975,5.769230842590332,5.769230842590332,592176,5.909454822540283,5.82932710647583,1.391860842704773
14-01-1975,5.649037837982178,5.82932710647583,483600,5.88942289352417,5.689103126525879,1.3583797216415405
15-01-1975,5.548878192901611,5.689103126525879,575328,5.769230842590332,5.769230842590332,1.3775126934051514
16-01-1975,5.709135055541992,5.769230842590332,604656,5.82932710647583,5.82932710647583,1.391860842704773
17-01-1975,5.548878192901611,5.82932710647583,339456,5.82932710647583,5.568910121917725,1.329681634902954
20-01-1975,5.448718070983887,5.568910121917725,250848,5.608973979949951,5.608973979949951,1.339247226715088
21-01-1975,5.52884578704834,5.608973979949951,432432,5.709135055541992,5.548878192901611,1.324898362159729
22-01-1975,5.508813858032227,5.548878192901611,300768,5.749198913574219,5.749198913574219,1.3727290630340576
23-01-1975,5.448718070983887,5.749198913574219,536016,5.769230842590332,5.52884578704834,1.320115566253662
24-01-1975,5.548878192901611,5.548878192901611,798720,5.669071197509766,5.669071197509766,1.3535982370376587
27-01-1975,5.709135055541992,5.709135055541992,887328,5.88942289352417,5.82932710647583,1.391860842704773
28-01-1975,5.909454822540283,5.909454822540283,1308528,6.069712162017822,6.049678802490234,1.4444741010665894
29-01-1975,6.029646873474121,6.049678802490234,850512,6.330128192901611,6.270031929016113,1.497086763381958
30-01-1975,6.0897440910339355,6.270031929016113,1124448,6.370192050933838,6.149839878082275,1.4683886766433716
31-01-1975,6.0897440910339355,6.149839878082275,503568,6.229968070983887,6.18990421295166,1.4779548645019531
03-02-1975,6.18990421295166,6.18990421295166,668928,6.330128192901611,6.31009578704834,1.5066543817520142
04-02-1975,6.169871807098389,6.270031929016113,772512,6.270031929016113,6.18990421295166,1.4779548645019531
05-02-1975,6.109776020050049,6.18990421295166,757536,6.370192050933838,6.370192050933838,1.5210033655166626
06-02-1975,6.370192050933838,6.370192050933838,768768,6.550480842590332,6.430287837982178,1.5353527069091797
07-02-1975,6.129807949066162,6.370192050933838,456144,6.370192050933838,6.370192050933838,1.5210033655166626
10-02-1975,6.350160121917725,6.370192050933838,351312,6.530448913574219,6.4102559089660645,1.5305687189102173
11-02-1975,6.350160121917725,6.4102559089660645,461760,6.4102559089660645,6.4102559089660645,1.5305687189102173
12-02-1975,6.4102559089660645,6.4102559089660645,324480,6.630609035491943,6.630609035491943,1.583181619644165
13-02-1975,6.67067289352417,6.67067289352417,1213680,6.911057949066162,6.750801086425781,1.611880898475647
14-02-1975,6.7708330154418945,6.7708330154418945,752544,6.931089878082275,6.8709940910339355,1.640579104423523
18-02-1975,6.790864944458008,6.8709940910339355,680160,6.931089878082275,6.790864944458008,1.6214460134506226
19-02-1975,6.5104169845581055,6.790864944458008,731328,6.8709940910339355,6.8709940910339355,1.640579104423523
20-02-1975,6.830928802490234,6.8709940910339355,808704,7.011218070983887,6.991186141967773,1.6692767143249512
21-02-1975,7.09134578704834,7.09134578704834,911664,7.311698913574219,7.171473979949951,1.7123242616653442
24-02-1975,7.011218070983887,7.151442050933838,718224,7.151442050933838,7.03125,1.6788429021835327
25-02-1975,6.7708330154418945,6.991186141967773,872976,6.991186141967773,6.7708330154418945,1.6166629791259766
26-02-1975,6.710737228393555,6.7708330154418945,819936,6.850962162017822,6.810896873474121,1.6262292861938477
27-02-1975,6.790864944458008,6.810896873474121,495456,6.991186141967773,6.891026020050049,1.6453616619110107
28-02-1975,6.8709940910339355,6.891026020050049,480480,7.1915059089660645,7.071313858032227,1.7042620182037354
03-03-1975,7.071313858032227,7.071313858032227,682656,7.1915059089660645,7.1915059089660645,1.7332284450531006
04-03-1975,7.171473979949951,7.1915059089660645,685152,7.411859035491943,7.211537837982178,1.738058090209961
05-03-1975,6.991186141967773,7.211537837982178,594672,7.251603126525879,7.051281929016113,1.6994353532791138
06-03-1975,7.03125,7.051281929016113,403728,7.311698913574219,7.2916669845581055,1.7573691606521606
07-03-1975,7.231571197509766,7.2916669845581055,507312,7.471954822540283,7.431890964508057,1.7911663055419922
10-03-1975,7.251603126525879,7.431890964508057,755664,7.832531929016113,7.832531929016113,1.887724757194519
11-03-1975,7.692307949066162,7.832531929016113,780624,7.932692050933838,7.732371807098389,1.8635830879211426
12-03-1975,7.371795177459717,7.692307949066162,814944,7.692307949066162,7.411859035491943,1.7863374948501587
13-03-1975,7.251603126525879,7.411859035491943,545376,7.411859035491943,7.2916669845581055,1.7573691606521606
14-03-1975,7.371795177459717,7.371795177459717,354432,7.471954822540283,7.431890964508057,1.7911663055419922
17-03-1975,7.431890964508057,7.431890964508057,682656,7.8125,7.8125,1.8828964233398438
18-03-1975,7.692307949066162,7.8125,658320,7.892628192901611,7.692307949066162,1.853929877281189
19-03-1975,7.431890964508057,7.572114944458008,989664,7.572114944458008,7.532051086425781,1.8153057098388672
20-03-1975,7.371795177459717,7.532051086425781,585312,7.592146873474121,7.431890964508057,1.7911663055419922
21-03-1975,7.331730842590332,7.431890964508057,393744,7.491987228393555,7.45192289352417,1.7959933280944824
24-03-1975,6.931089878082275,7.231571197509766,673920,7.231571197509766,7.151442050933838,1.7235740423202515
25-03-1975,7.071313858032227,7.151442050933838,867984,7.2916669845581055,7.2916669845581055,1.7573691606521606
26-03-1975,7.331730842590332,7.331730842590332,542256,7.512019157409668,7.512019157409668,1.810477375984192
27-03-1975,7.45192289352417,7.512019157409668,544128,7.572114944458008,7.491987228393555,1.8056479692459106
31-03-1975,7.351762771606445,7.491987228393555,382512,7.491987228393555,7.371795177459717,1.7766814231872559
01-04-1975,7.311698913574219,7.371795177459717,341328,7.411859035491943,7.351762771606445,1.7718536853790283
02-04-1975,7.251603126525879,7.351762771606445,466752,7.45192289352417,7.311698913574219,1.7621982097625732
03-04-1975,7.251603126525879,7.311698913574219,358176,7.351762771606445,7.271635055541992,1.7525420188903809
04-04-1975,7.211537837982178,7.271635055541992,362544,7.271635055541992,7.231571197509766,1.742885708808899
07-04-1975,7.111378192901611,7.1915059089660645,321360,7.1915059089660645,7.111378192901611,1.713918685913086
08-04-1975,7.111378192901611,7.111378192901611,375648,7.251603126525879,7.231571197509766,1.742885708808899
09-04-1975,7.211537837982178,7.231571197509766,399984,7.491987228393555,7.491987228393555,1.8056479692459106
10-04-1975,7.45192289352417,7.491987228393555,665184,7.6522440910339355,7.6522440910339355,1.844273567199707
11-04-1975,7.5520830154418945,7.6522440910339355,477360,7.772436141967773,7.772436141967773,1.8732407093048096
14-04-1975,7.672276020050049,7.772436141967773,390624,7.852563858032227,7.832531929016113,1.887724757194519
15-04-1975,7.732371807098389,7.832531929016113,770640,7.852563858032227,7.832531929016113,1.887724757194519
16-04-1975,7.39182710647583,7.692307949066162,1005888,7.692307949066162,7.692307949066162,1.853929877281189
17-04-1975,7.371795177459717,7.692307949066162,940992,7.692307949066162,7.371795177459717,1.7766814231872559
18-04-1975,7.131410121917725,7.331730842590332,831792,7.331730842590332,7.131410121917725,1.7187449932098389
21-04-1975,7.131410121917725,7.131410121917725,457392,7.2916669845581055,7.271635055541992,1.7525420188903809
22-04-1975,7.2916669845581055,7.2916669845581055,571584,7.45192289352417,7.311698913574219,1.7621982097625732
23-04-1975,7.171473979949951,7.2916669845581055,551616,7.2916669845581055,7.211537837982178,1.738058090209961
24-04-1975,7.09134578704834,7.211537837982178,829296,7.231571197509766,7.1915059089660645,1.7332284450531006
25-04-1975,7.131410121917725,7.1915059089660645,534768,7.271635055541992,7.171473979949951,1.7284033298492432
28-04-1975,7.171473979949951,7.171473979949951,394992,7.271635055541992,7.171473979949951,1.7284033298492432
29-04-1975,7.111378192901611,7.171473979949951,320112,7.2916669845581055,7.1915059089660645,1.7332284450531006
30-04-1975,7.131410121917725,7.1915059089660645,322608,7.371795177459717,7.371795177459717,1.7766814231872559
01-05-1975,7.45192289352417,7.45192289352417,721344,7.612178802490234,7.532051086425781,1.8153057098388672
02-05-1975,7.512019157409668,7.532051086425781,836160,7.772436141967773,7.732371807098389,1.8635830879211426
05-05-1975,7.572114944458008,7.732371807098389,669552,7.732371807098389,7.672276020050049,1.8491013050079346
06-05-1975,7.271635055541992,7.672276020050049,438672,7.672276020050049,7.351762771606445,1.7718536853790283
07-05-1975,7.371795177459717,7.371795177459717,546000,7.592146873474121,7.5520830154418945,1.8201329708099365
08-05-1975,7.471954822540283,7.5520830154418945,394368,7.632212162017822,7.632212162017822,1.83944571018219
09-05-1975,7.592146873474121,7.632212162017822,681408,7.75240421295166,7.672276020050049,1.8491013050079346
12-05-1975,7.572114944458008,7.672276020050049,358176,7.712339878082275,7.592146873474121,1.8297877311706543
13-05-1975,7.491987228393555,7.592146873474121,948480,7.632212162017822,7.491987228393555,1.8056479692459106
14-05-1975,7.512019157409668,7.512019157409668,434304,7.632212162017822,7.592146873474121,1.8297877311706543
15-05-1975,7.491987228393555,7.592146873474121,629616,7.672276020050049,7.5520830154418945,1.8201329708099365
16-05-1975,7.39182710647583,7.5520830154418945,436176,7.5520830154418945,7.411859035491943,1.7863374948501587
19-05-1975,7.311698913574219,7.411859035491943,308256,7.532051086425781,7.512019157409668,1.810477375984192
20-05-1975,7.251603126525879,7.512019157409668,387504,7.512019157409668,7.2916669845581055,1.7573691606521606
21-05-1975,7.131410121917725,7.2916669845581055,1048320,7.311698913574219,7.1915059089660645,1.7332284450531006
22-05-1975,7.171473979949951,7.1915059089660645,486720,7.311698913574219,7.251603126525879,1.7477155923843384
23-05-1975,7.271635055541992,7.271635055541992,411840,7.371795177459717,7.371795177459717,1.7766814231872559
27-05-1975,7.251603126525879,7.371795177459717,434928,7.371795177459717,7.2916669845581055,1.7573691606521606
28-05-1975,7.171473979949951,7.2916669845581055,453648,7.371795177459717,7.1915059089660645,1.7332284450531006
29-05-1975,7.171473979949951,7.1915059089660645,260832,7.311698913574219,7.1915059089660645,1.7332284450531006
30-05-1975,7.211537837982178,7.211537837982178,462384,7.311698913574219,7.271635055541992,1.7525420188903809
02-06-1975,7.331730842590332,7.331730842590332,370656,7.532051086425781,7.512019157409668,1.810477375984192
03-06-1975,7.491987228393555,7.512019157409668,592800,7.672276020050049,7.592146873474121,1.8297877311706543
04-06-1975,7.512019157409668,7.592146873474121,443040,7.612178802490234,7.572114944458008,1.824960708618164
05-06-1975,7.411859035491943,7.572114944458008,497952,7.592146873474121,7.592146873474121,1.8454116582870483
06-06-1975,7.491987228393555,7.592146873474121,371904,7.612178802490234,7.572114944458008,1.8405418395996094
09-06-1975,7.45192289352417,7.572114944458008,268944,7.572114944458008,7.45192289352417,1.8113278150558472
10-06-1975,7.331730842590332,7.411859035491943,490464,7.411859035491943,7.331730842590332,1.782112956047058
11-06-1975,7.331730842590332,7.331730842590332,323232,7.471954822540283,7.331730842590332,1.782112956047058
12-06-1975,7.171473979949951,7.331730842590332,278928,7.371795177459717,7.211537837982178,1.7528972625732422
13-06-1975,7.131410121917725,7.211537837982178,345072,7.371795177459717,7.371795177459717,1.7918509244918823
16-06-1975,7.331730842590332,7.371795177459717,373776,7.471954822540283,7.471954822540283,1.8161954879760742
17-06-1975,7.351762771606445,7.471954822540283,216528,7.471954822540283,7.351762771606445,1.7869815826416016
18-06-1975,7.331730842590332,7.351762771606445,248976,7.45192289352417,7.431890964508057,1.8064581155776978
19-06-1975,7.411859035491943,7.431890964508057,421824,7.672276020050049,7.672276020050049,1.864888310432434
20-06-1975,7.592146873474121,7.672276020050049,931632,7.772436141967773,7.6522440910339355,1.8600183725357056
23-06-1975,7.5520830154418945,7.6522440910339355,356928,7.75240421295166,7.75240421295166,1.8843640089035034
24-06-1975,7.75240421295166,7.75240421295166,693264,7.892628192901611,7.832531929016113,1.9038419723510742
25-06-1975,7.772436141967773,7.832531929016113,957840,8.173076629638672,8.153044700622559,1.981748104095459
26-06-1975,8.092948913574219,8.153044700622559,972816,8.393428802490234,8.313301086425781,2.0207009315490723
27-06-1975,8.253205299377441,8.313301086425781,736320,8.47355842590332,8.373396873474121,2.035308599472046
30-06-1975,8.293269157409668,8.373396873474121,521040,8.45352554321289,8.433493614196777,2.049917221069336
01-07-1975,8.293269157409668,8.433493614196777,551616,8.433493614196777,8.373396873474121,2.035308599472046
02-07-1975,8.213141441345215,8.333333015441895,584688,8.333333015441895,8.253205299377441,2.0060935020446777
03-07-1975,8.233173370361328,8.253205299377441,366912,8.393428802490234,8.373396873474121,2.035308599472046
07-07-1975,8.253205299377441,8.373396873474121,575328,8.413461685180664,8.293269157409668,2.0158321857452393
08-07-1975,8.253205299377441,8.293269157409668,504192,8.333333015441895,8.273237228393555,2.0109639167785645
09-07-1975,8.273237228393555,8.273237228393555,471120,8.353364944458008,8.353364944458008,2.030440092086792
10-07-1975,8.313301086425781,8.353364944458008,572208,8.45352554321289,8.333333015441895,2.025571346282959
11-07-1975,8.052885055541992,8.273237228393555,860496,8.273237228393555,8.072916984558105,1.9622713327407837
14-07-1975,7.9727559089660645,8.072916984558105,579696,8.112980842590332,8.052885055541992,1.957401990890503
15-07-1975,8.012821197509766,8.052885055541992,503568,8.153044700622559,8.072916984558105,1.9622713327407837
16-07-1975,7.9727559089660645,8.072916984558105,614016,8.133012771606445,8.092948913574219,1.9671404361724854
17-07-1975,7.932692050933838,8.092948913574219,698880,8.092948913574219,8.012821197509766,1.9476643800735474
18-07-1975,7.952723979949951,8.012821197509766,361296,8.052885055541992,8.052885055541992,1.957401990890503
21-07-1975,7.952723979949951,8.052885055541992,369408,8.173076629638672,7.952723979949951,1.9330565929412842
22-07-1975,7.792468070983887,7.952723979949951,436800,7.952723979949951,7.912660121917725,1.9233174324035645
23-07-1975,7.892628192901611,7.912660121917725,355056,7.992787837982178,7.912660121917725,1.9233174324035645
24-07-1975,7.692307949066162,7.912660121917725,580944,7.952723979949951,7.852563858032227,1.908710241317749
25-07-1975,7.532051086425781,7.852563858032227,537888,7.87259578704834,7.592146873474121,1.8454116582870483
28-07-1975,7.491987228393555,7.592146873474121,355056,7.6522440910339355,7.532051086425781,1.8308039903640747
29-07-1975,7.45192289352417,7.532051086425781,501072,7.6522440910339355,7.512019157409668,1.825936198234558
30-07-1975,7.471954822540283,7.512019157409668,369408,7.592146873474121,7.572114944458008,1.8405418395996094
31-07-1975,7.512019157409668,7.572114944458008,368160,7.672276020050049,7.572114944458008,1.8405418395996094
01-08-1975,7.431890964508057,7.5520830154418945,256464,7.5520830154418945,7.45192289352417,1.8113278150558472
04-08-1975,7.251603126525879,7.411859035491943,473616,7.411859035491943,7.311698913574219,1.7772438526153564
05-08-1975,7.211537837982178,7.311698913574219,458016,7.371795177459717,7.231571197509766,1.7577667236328125
06-08-1975,7.151442050933838,7.231571197509766,378768,7.311698913574219,7.211537837982178,1.7528972625732422
07-08-1975,7.171473979949951,7.211537837982178,398736,7.2916669845581055,7.251603126525879,1.7626367807388306
08-08-1975,7.151442050933838,7.251603126525879,327600,7.251603126525879,7.151442050933838,1.738289713859558
11-08-1975,7.071313858032227,7.151442050933838,258336,7.171473979949951,7.171473979949951,1.7431600093841553
12-08-1975,7.09134578704834,7.171473979949951,388752,7.251603126525879,7.09134578704834,1.7236826419830322
13-08-1975,6.951121807098389,7.09134578704834,283920,7.111378192901611,6.951121807098389,1.6895984411239624
14-08-1975,6.891026020050049,6.951121807098389,316368,7.011218070983887,6.951121807098389,1.6895984411239624
15-08-1975,6.951121807098389,6.951121807098389,443664,7.111378192901611,7.111378192901611,1.7285512685775757
18-08-1975,7.111378192901611,7.111378192901611,239616,7.1915059089660645,7.1915059089660645,1.7480263710021973
19-08-1975,7.071313858032227,7.1915059089660645,464880,7.311698913574219,7.09134578704834,1.7236826419830322
20-08-1975,6.630609035491943,7.051281929016113,695760,7.051281929016113,6.690704822540283,1.6262987852096558
21-08-1975,6.690704822540283,6.690704822540283,375648,6.8709940910339355,6.7708330154418945,1.6457768678665161
22-08-1975,6.790864944458008,6.790864944458008,232752,7.051281929016113,7.051281929016113,1.713944673538208
25-08-1975,7.071313858032227,7.071313858032227,248352,7.171473979949951,7.171473979949951,1.7431600093841553
26-08-1975,6.97115421295166,7.171473979949951,371904,7.251603126525879,6.97115421295166,1.6944681406021118
27-08-1975,6.8709940910339355,6.97115421295166,190944,7.131410121917725,7.131410121917725,1.7334191799163818
28-08-1975,7.111378192901611,7.131410121917725,429312,7.532051086425781,7.532051086425781,1.8308039903640747
29-08-1975,7.351762771606445,7.532051086425781,384384,7.592146873474121,7.411859035491943,1.8015884160995483
02-09-1975,7.09134578704834,7.411859035491943,458640,7.532051086425781,7.09134578704834,1.7236826419830322
03-09-1975,6.991186141967773,7.09134578704834,315744,7.251603126525879,7.251603126525879,1.7626367807388306
04-09-1975,7.171473979949951,7.251603126525879,288912,7.491987228393555,7.39182710647583,1.7967196702957153
05-09-1975,7.351762771606445,7.39182710647583,281424,7.45192289352417,7.411859035491943,1.8015884160995483
08-09-1975,7.311698913574219,7.411859035491943,474864,7.411859035491943,7.351762771606445,1.7869815826416016
09-09-1975,6.97115421295166,7.351762771606445,459264,7.351762771606445,6.97115421295166,1.6944681406021118
10-09-1975,6.97115421295166,6.97115421295166,296400,7.071313858032227,7.051281929016113,1.713944673538208
11-09-1975,6.991186141967773,7.051281929016113,295776,7.111378192901611,7.011218070983887,1.7042053937911987
12-09-1975,6.891026020050049,7.011218070983887,386256,7.111378192901611,6.931089878082275,1.684730052947998
15-09-1975,6.7708330154418945,6.850962162017822,239616,6.850962162017822,6.850962162017822,1.6652531623840332
16-09-1975,6.750801086425781,6.850962162017822,405600,6.8709940910339355,6.7708330154418945,1.6613215208053589
17-09-1975,6.730769157409668,6.7708330154418945,323232,6.8709940910339355,6.830928802490234,1.6760660409927368
18-09-1975,6.790864944458008,6.830928802490234,821184,6.931089878082275,6.931089878082275,1.700642466545105
19-09-1975,6.951121807098389,6.951121807098389,619008,7.131410121917725,7.131410121917725,1.7497918605804443
22-09-1975,6.97115421295166,7.131410121917725,468000,7.1915059089660645,6.97115421295166,1.7104727029800415
23-09-1975,6.911057949066162,6.97115421295166,219024,7.011218070983887,7.011218070983887,1.7203019857406616
24-09-1975,7.011218070983887,7.011218070983887,367536,7.151442050933838,7.111378192901611,1.7448776960372925
25-09-1975,7.09134578704834,7.111378192901611,437424,7.1915059089660645,7.151442050933838,1.7547075748443604
26-09-1975,7.1915059089660645,7.1915059089660645,337584,7.331730842590332,7.2916669845581055,1.7891147136688232
29-09-1975,7.09134578704834,7.2916669845581055,170976,7.2916669845581055,7.09134578704834,1.7399629354476929
30-09-1975,7.011218070983887,7.09134578704834,340704,7.131410121917725,7.051281929016113,1.730132818222046
01-10-1975,6.7708330154418945,7.051281929016113,404976,7.071313858032227,6.810896873474121,1.671151041984558
02-10-1975,6.850962162017822,6.850962162017822,901680,7.131410121917725,7.09134578704834,1.7399629354476929
03-10-1975,7.071313858032227,7.09134578704834,299520,7.331730842590332,7.311698913574219,1.794029951095581
06-10-1975,7.251603126525879,7.311698913574219,245856,7.351762771606445,7.271635055541992,1.7841987609863281
07-10-1975,7.211537837982178,7.271635055541992,360048,7.411859035491943,7.351762771606445,1.8038606643676758
08-10-1975,7.351762771606445,7.351762771606445,714480,7.572114944458008,7.5520830154418945,1.8530099391937256
09-10-1975,7.592146873474121,7.592146873474121,851136,7.792468070983887,7.692307949066162,1.887418270111084
10-10-1975,7.612178802490234,7.692307949066162,371280,7.732371807098389,7.612178802490234,1.8677570819854736
13-10-1975,7.532051086425781,7.612178802490234,378144,7.732371807098389,7.732371807098389,1.897247552871704
14-10-1975,7.572114944458008,7.732371807098389,434928,7.792468070983887,7.612178802490234,1.8677570819854736
15-10-1975,7.572114944458008,7.612178802490234,352560,7.672276020050049,7.6522440910339355,1.8775873184204102
16-10-1975,7.612178802490234,7.6522440910339355,323232,7.692307949066162,7.632212162017822,1.872672438621521
17-10-1975,7.5520830154418945,7.632212162017822,321984,7.692307949066162,7.612178802490234,1.8677570819854736
20-10-1975,7.612178802490234,7.612178802490234,371280,7.75240421295166,7.75240421295166,1.9021629095077515
21-10-1975,7.732371807098389,7.75240421295166,642720,7.832531929016113,7.772436141967773,1.9070781469345093
22-10-1975,7.75240421295166,7.772436141967773,376896,7.832531929016113,7.8125,1.916908621788025
23-10-1975,7.792468070983887,7.8125,247104,7.852563858032227,7.852563858032227,1.9267393350601196
24-10-1975,7.75240421295166,7.852563858032227,398736,7.892628192901611,7.75240421295166,1.9021629095077515
27-10-1975,7.632212162017822,7.75240421295166,217152,7.792468070983887,7.712339878082275,1.8923338651657104
28-10-1975,7.6522440910339355,7.712339878082275,377520,7.772436141967773,7.75240421295166,1.9021629095077515
29-10-1975,7.6522440910339355,7.75240421295166,283296,7.792468070983887,7.672276020050049,1.8825026750564575
30-10-1975,7.632212162017822,7.672276020050049,241488,7.75240421295166,7.732371807098389,1.897247552871704
31-10-1975,7.632212162017822,7.732371807098389,161616,7.772436141967773,7.712339878082275,1.8923338651657104
03-11-1975,7.592146873474121,7.692307949066162,228384,7.692307949066162,7.632212162017822,1.872672438621521
04-11-1975,7.5520830154418945,7.632212162017822,185328,7.6522440910339355,7.632212162017822,1.872672438621521
05-11-1975,7.612178802490234,7.632212162017822,388752,7.712339878082275,7.672276020050049,1.8825026750564575
06-11-1975,7.572114944458008,7.672276020050049,267696,7.692307949066162,7.6522440910339355,1.8775873184204102
07-11-1975,7.612178802490234,7.6522440910339355,204672,7.712339878082275,7.612178802490234,1.8677570819854736
10-11-1975,7.532051086425781,7.612178802490234,217776,7.6522440910339355,7.612178802490234,1.8677570819854736
11-11-1975,7.612178802490234,7.612178802490234,186576,7.8125,7.75240421295166,1.9021629095077515
12-11-1975,7.792468070983887,7.792468070983887,533520,7.932692050933838,7.932692050933838,1.946399211883545
13-11-1975,7.892628192901611,7.932692050933838,375024,7.9727559089660645,7.892628192901611,1.9365694522857666
14-11-1975,7.8125,7.892628192901611,266448,7.932692050933838,7.832531929016113,1.9218238592147827
17-11-1975,7.8125,7.832531929016113,337584,7.952723979949951,7.952723979949951,1.95131516456604
18-11-1975,7.892628192901611,7.952723979949951,326976,8.012821197509766,7.952723979949951,1.95131516456604
19-11-1975,7.75240421295166,7.912660121917725,333216,7.912660121917725,7.772436141967773,1.9070781469345093
20-11-1975,7.672276020050049,7.772436141967773,243984,7.832531929016113,7.672276020050049,1.8825026750564575
21-11-1975,7.632212162017822,7.672276020050049,152880,7.75240421295166,7.672276020050049,1.8825026750564575
24-11-1975,7.572114944458008,7.672276020050049,235248,7.732371807098389,7.692307949066162,1.887418270111084
25-11-1975,7.712339878082275,7.712339878082275,287040,7.792468070983887,7.792468070983887,1.9119935035705566
26-11-1975,7.632212162017822,7.792468070983887,687024,7.792468070983887,7.712339878082275,1.8923338651657104
28-11-1975,7.672276020050049,7.712339878082275,442416,7.852563858032227,7.732371807098389,1.897247552871704
01-12-1975,7.692307949066162,7.732371807098389,446784,7.8125,7.772436141967773,1.9070781469345093
02-12-1975,7.672276020050049,7.732371807098389,336336,7.732371807098389,7.712339878082275,1.9080700874328613
03-12-1975,7.371795177459717,7.592146873474121,645840,7.592146873474121,7.371795177459717,1.8238180875778198
04-12-1975,7.251603126525879,7.371795177459717,464880,7.431890964508057,7.371795177459717,1.8238180875778198
05-12-1975,7.251603126525879,7.371795177459717,421824,7.411859035491943,7.2916669845581055,1.8039933443069458
08-12-1975,7.251603126525879,7.2916669845581055,277680,7.431890964508057,7.411859035491943,1.8337286710739136
09-12-1975,7.2916669845581055,7.411859035491943,440544,7.471954822540283,7.45192289352417,1.8436411619186401
10-12-1975,7.39182710647583,7.45192289352417,293280,7.532051086425781,7.532051086425781,1.8634663820266724
11-12-1975,7.45192289352417,7.532051086425781,292656,7.5520830154418945,7.45192289352417,1.8436411619186401
12-12-1975,7.39182710647583,7.45192289352417,267072,7.471954822540283,7.45192289352417,1.8436411619186401
15-12-1975,7.45192289352417,7.45192289352417,287664,7.612178802490234,7.572114944458008,1.8733774423599243
16-12-1975,7.351762771606445,7.512019157409668,1133184,7.512019157409668,7.512019157409668,1.8585090637207031
17-12-1975,7.331730842590332,7.512019157409668,809952,7.512019157409668,7.331730842590332,1.8139055967330933
18-12-1975,7.351762771606445,7.351762771606445,384384,7.471954822540283,7.411859035491943,1.8337286710739136
19-12-1975,7.271635055541992,7.411859035491943,524784,7.431890964508057,7.2916669845581055,1.8039933443069458
22-12-1975,7.2916669845581055,7.2916669845581055,361296,7.371795177459717,7.331730842590332,1.8139055967330933
23-12-1975,7.231571197509766,7.331730842590332,539136,7.331730842590332,7.2916669845581055,1.8039933443069458
24-12-1975,7.251603126525879,7.2916669845581055,102336,7.311698913574219,7.271635055541992,1.799037218093872
26-12-1975,7.251603126525879,7.271635055541992,240864,7.45192289352417,7.45192289352417,1.8436411619186401
29-12-1975,7.311698913574219,7.45192289352417,329472,7.532051086425781,7.331730842590332,1.8139055967330933
30-12-1975,7.2916669845581055,7.331730842590332,230256,7.411859035491943,7.39182710647583,1.8287733793258667
31-12-1975,7.371795177459717,7.39182710647583,371280,7.45192289352417,7.39182710647583,1.8287733793258667
02-01-1976,7.371795177459717,7.39182710647583,231504,7.471954822540283,7.471954822540283,1.8485969305038452
05-01-1976,7.491987228393555,7.491987228393555,532896,7.672276020050049,7.6522440910339355,1.893201231956482
06-01-1976,7.732371807098389,7.732371807098389,1150656,7.932692050933838,7.852563858032227,1.942761778831482
07-01-1976,7.852563858032227,7.852563858032227,823056,8.133012771606445,7.952723979949951,1.9675416946411133
08-01-1976,7.912660121917725,7.952723979949951,917904,8.112980842590332,8.012821197509766,1.982410192489624
09-01-1976,7.932692050933838,8.012821197509766,647088,8.133012771606445,8.112980842590332,2.0071897506713867
12-01-1976,8.052885055541992,8.112980842590332,1198080,8.47355842590332,8.313301086425781,2.0567498207092285
13-01-1976,8.173076629638672,8.313301086425781,994656,8.433493614196777,8.193108558654785,2.027015209197998
14-01-1976,8.153044700622559,8.193108558654785,370656,8.333333015441895,8.293269157409668,2.0517947673797607
15-01-1976,8.273237228393555,8.293269157409668,700128,8.373396873474121,8.293269157409668,2.0517947673797607
16-01-1976,8.213141441345215,8.293269157409668,522912,8.333333015441895,8.253205299377441,2.041881799697876
19-01-1976,8.233173370361328,8.253205299377441,790608,8.493590354919434,8.493590354919434,2.1013541221618652
20-01-1976,8.513622283935547,8.513622283935547,952848,8.65384578704834,8.65384578704834,2.1410036087036133
21-01-1976,8.45352554321289,8.633813858032227,1098864,8.633813858032227,8.573718070983887,2.1211771965026855
22-01-1976,8.433493614196777,8.573718070983887,474240,8.573718070983887,8.53365421295166,2.1112661361694336
23-01-1976,8.47355842590332,8.53365421295166,747552,8.794071197509766,8.774038314819336,2.17073917388916
26-01-1976,8.613781929016113,8.774038314819336,1000272,8.954326629638672,8.894230842590332,2.2004761695861816
27-01-1976,8.774038314819336,8.894230842590332,912288,8.914262771606445,8.794071197509766,2.1756937503814697
28-01-1976,8.513622283935547,8.794071197509766,841152,8.794071197509766,8.633813858032227,2.1360464096069336
29-01-1976,8.633813858032227,8.633813858032227,1050816,9.014423370361328,8.994391441345215,2.2252554893493652
30-01-1976,8.914262771606445,8.994391441345215,724464,9.094551086425781,8.974358558654785,2.2202999591827393
02-02-1976,8.834135055541992,8.954326629638672,463008,8.954326629638672,8.934294700622559,2.2103867530822754
03-02-1976,8.633813858032227,8.934294700622559,862368,8.934294700622559,8.814103126525879,2.180649518966675
04-02-1976,8.633813858032227,8.814103126525879,722592,8.874198913574219,8.73397445678711,2.160827159881592
05-02-1976,8.553686141967773,8.73397445678711,664560,8.73397445678711,8.553686141967773,2.1162221431732178
06-02-1976,8.433493614196777,8.553686141967773,920400,8.754006385803223,8.47355842590332,2.0963971614837646
09-02-1976,8.333333015441895,8.47355842590332,718848,8.493590354919434,8.373396873474121,2.0716187953948975
10-02-1976,8.333333015441895,8.373396873474121,1089504,8.53365421295166,8.493590354919434,2.1013541221618652
11-02-1976,8.373396873474121,8.493590354919434,766272,8.633813858032227,8.433493614196777,2.0864858627319336
12-02-1976,8.333333015441895,8.433493614196777,487344,8.633813858032227,8.333333015441895,2.061706781387329
13-02-1976,8.213141441345215,8.333333015441895,489216,8.45352554321289,8.273237228393555,2.04683780670166
17-02-1976,8.153044700622559,8.273237228393555,726336,8.313301086425781,8.233173370361328,2.036925792694092
18-02-1976,8.213141441345215,8.233173370361328,516048,8.433493614196777,8.433493614196777,2.0864858627319336
19-02-1976,8.47355842590332,8.47355842590332,651456,8.633813858032227,8.53365421295166,2.1112661361694336
20-02-1976,8.59375,8.59375,959712,8.874198913574219,8.673877716064453,2.145958662033081
23-02-1976,8.573718070983887,8.673877716064453,862992,8.71394157409668,8.59375,2.1261346340179443
24-02-1976,8.613781929016113,8.613781929016113,728208,8.693909645080566,8.633813858032227,2.1360464096069336
25-02-1976,8.573718070983887,8.633813858032227,799344,8.673877716064453,8.633813858032227,2.1360464096069336
26-02-1976,8.513622283935547,8.633813858032227,463632,8.673877716064453,8.53365421295166,2.1112661361694336
27-02-1976,8.413461685180664,8.53365421295166,404976,8.59375,8.553686141967773,2.1162221431732178
01-03-1976,8.333333015441895,8.553686141967773,461136,8.553686141967773,8.393428802490234,2.0765743255615234
02-03-1976,8.333333015441895,8.393428802490234,429936,8.493590354919434,8.353364944458008,2.066662073135376
03-03-1976,8.313301086425781,8.353364944458008,541008,8.413461685180664,8.373396873474121,2.0876376628875732
04-03-1976,8.052885055541992,8.333333015441895,569712,8.333333015441895,8.052885055541992,2.0077290534973145
05-03-1976,8.092948913574219,8.092948913574219,423072,8.193108558654785,8.193108558654785,2.0426905155181885
08-03-1976,8.193108558654785,8.193108558654785,471744,8.45352554321289,8.393428802490234,2.09263277053833
09-03-1976,8.353364944458008,8.393428802490234,1038336,8.47355842590332,8.373396873474121,2.0876376628875732
10-03-1976,8.233173370361328,8.373396873474121,485472,8.393428802490234,8.313301086425781,2.072655200958252
11-03-1976,8.273237228393555,8.313301086425781,674544,8.373396873474121,8.313301086425781,2.072655200958252
12-03-1976,8.112980842590332,8.313301086425781,1223664,8.353364944458008,8.153044700622559,2.032700300216675
15-03-1976,7.9727559089660645,8.153044700622559,1183104,8.153044700622559,8.092948913574219,2.017716646194458
16-03-1976,8.133012771606445,8.133012771606445,653952,8.253205299377441,8.253205299377441,2.0576722621917725
17-03-1976,8.213141441345215,8.253205299377441,1090752,8.373396873474121,8.293269157409668,2.0676605701446533
18-03-1976,8.233173370361328,8.293269157409668,771888,8.313301086425781,8.253205299377441,2.0576722621917725
19-03-1976,8.213141441345215,8.253205299377441,565968,8.353364944458008,8.293269157409668,2.0676605701446533
22-03-1976,8.313301086425781,8.313301086425781,471744,8.413461685180664,8.333333015441895,2.077650547027588
23-03-1976,8.273237228393555,8.333333015441895,521664,8.47355842590332,8.47355842590332,2.112610340118408
24-03-1976,8.513622283935547,8.513622283935547,972192,8.693909645080566,8.673877716064453,2.162553071975708
25-03-1976,8.513622283935547,8.673877716064453,799968,8.673877716064453,8.59375,2.1425771713256836
26-03-1976,8.513622283935547,8.59375,353184,8.633813858032227,8.573718070983887,2.1375813484191895
29-03-1976,8.393428802490234,8.573718070983887,478608,8.65384578704834,8.45352554321289,2.1076154708862305
30-03-1976,8.373396873474121,8.45352554321289,439296,8.493590354919434,8.413461685180664,2.097627878189087
31-03-1976,8.333333015441895,8.413461685180664,460512,8.553686141967773,8.413461685180664,2.097627878189087
01-04-1976,8.333333015441895,8.413461685180664,398112,8.513622283935547,8.393428802490234,2.09263277053833
02-04-1976,8.213141441345215,8.353364944458008,316368,8.353364944458008,8.353364944458008,2.082644462585449
05-04-1976,8.313301086425781,8.353364944458008,682656,8.493590354919434,8.493590354919434,2.1176037788391113
06-04-1976,8.353364944458008,8.493590354919434,614016,8.53365421295166,8.413461685180664,2.097627878189087
07-04-1976,8.293269157409668,8.413461685180664,774384,8.45352554321289,8.333333015441895,2.077650547027588
08-04-1976,8.253205299377441,8.333333015441895,570336,8.393428802490234,8.373396873474121,2.0876376628875732
09-04-1976,8.333333015441895,8.373396873474121,627744,8.53365421295166,8.47355842590332,2.112610340118408
12-04-1976,8.393428802490234,8.47355842590332,474864,8.553686141967773,8.47355842590332,2.112610340118408
13-04-1976,8.333333015441895,8.47355842590332,597168,8.47355842590332,8.47355842590332,2.112610340118408
14-04-1976,8.313301086425781,8.45352554321289,436176,8.45352554321289,8.333333015441895,2.077650547027588
15-04-1976,8.253205299377441,8.333333015441895,630240,8.393428802490234,8.353364944458008,2.082644462585449
19-04-1976,8.313301086425781,8.353364944458008,427440,8.393428802490234,8.353364944458008,2.082644462585449
20-04-1976,8.393428802490234,8.393428802490234,863616,8.633813858032227,8.613781929016113,2.1475703716278076
21-04-1976,8.573718070983887,8.613781929016113,1173120,8.774038314819336,8.754006385803223,2.182530641555786
22-04-1976,8.754006385803223,8.754006385803223,878592,8.974358558654785,8.794071197509766,2.1925201416015625
23-04-1976,8.71394157409668,8.794071197509766,501696,8.814103126525879,8.814103126525879,2.1975131034851074
26-04-1976,8.613781929016113,8.774038314819336,557856,8.774038314819336,8.754006385803223,2.182530641555786
27-04-1976,8.59375,8.754006385803223,501072,8.794071197509766,8.633813858032227,2.1525657176971436
28-04-1976,8.53365421295166,8.633813858032227,417456,8.65384578704834,8.65384578704834,2.157559633255005
29-04-1976,8.613781929016113,8.65384578704834,580320,8.73397445678711,8.613781929016113,2.1475703716278076
30-04-1976,8.59375,8.613781929016113,511680,8.693909645080566,8.613781929016113,2.1475703716278076
03-05-1976,8.433493614196777,8.613781929016113,356928,8.65384578704834,8.493590354919434,2.1176037788391113
04-05-1976,8.373396873474121,8.493590354919434,356928,8.53365421295166,8.493590354919434,2.1176037788391113
05-05-1976,8.313301086425781,8.493590354919434,344448,8.493590354919434,8.313301086425781,2.072655200958252
06-05-1976,8.293269157409668,8.313301086425781,409344,8.413461685180664,8.393428802490234,2.09263277053833
07-05-1976,8.313301086425781,8.393428802490234,385632,8.433493614196777,8.373396873474121,2.0876376628875732
10-05-1976,8.393428802490234,8.393428802490234,661440,8.47355842590332,8.45352554321289,2.1076154708862305
11-05-1976,8.393428802490234,8.45352554321289,967200,8.513622283935547,8.433493614196777,2.1026225090026855
12-05-1976,8.293269157409668,8.413461685180664,587184,8.413461685180664,8.333333015441895,2.077650547027588
13-05-1976,8.273237228393555,8.333333015441895,417456,8.353364944458008,8.273237228393555,2.0626676082611084
14-05-1976,8.173076629638672,8.273237228393555,439920,8.273237228393555,8.173076629638672,2.0376956462860107
17-05-1976,8.012821197509766,8.173076629638672,509808,8.173076629638672,8.052885055541992,2.0077290534973145
18-05-1976,8.052885055541992,8.052885055541992,564720,8.133012771606445,8.133012771606445,2.0277068614959717
19-05-1976,8.133012771606445,8.133012771606445,566592,8.253205299377441,8.153044700622559,2.032700300216675
20-05-1976,8.173076629638672,8.173076629638672,375648,8.253205299377441,8.253205299377441,2.0576722621917725
21-05-1976,8.173076629638672,8.253205299377441,415584,8.293269157409668,8.233173370361328,2.0526785850524902
24-05-1976,8.072916984558105,8.193108558654785,522288,8.193108558654785,8.092948913574219,2.017716646194458
25-05-1976,7.992787837982178,8.092948913574219,458016,8.092948913574219,8.092948913574219,2.017716646194458
26-05-1976,8.012821197509766,8.092948913574219,554736,8.153044700622559,8.032853126525879,2.0027358531951904
27-05-1976,7.992787837982178,8.032853126525879,499200,8.072916984558105,8.052885055541992,2.0077290534973145
28-05-1976,8.012821197509766,8.052885055541992,558480,8.193108558654785,8.153044700622559,2.032700300216675
01-06-1976,8.112980842590332,8.153044700622559,267072,8.193108558654785,8.173076629638672,2.0376956462860107
02-06-1976,8.173076629638672,8.173076629638672,358176,8.373396873474121,8.333333015441895,2.077650547027588
03-06-1976,8.353364944458008,8.353364944458008,737568,8.493590354919434,8.393428802490234,2.09263277053833
04-06-1976,8.273237228393555,8.393428802490234,630864,8.413461685180664,8.293269157409668,2.0676605701446533
07-06-1976,8.273237228393555,8.293269157409668,420576,8.413461685180664,8.393428802490234,2.09263277053833
08-06-1976,8.413461685180664,8.413461685180664,578448,8.493590354919434,8.413461685180664,2.097627878189087
09-06-1976,8.393428802490234,8.413461685180664,374400,8.493590354919434,8.45352554321289,2.1076154708862305
10-06-1976,8.353364944458008,8.45352554321289,892944,8.53365421295166,8.493590354919434,2.1337850093841553
11-06-1976,8.47355842590332,8.493590354919434,846768,8.59375,8.573718070983887,2.1539154052734375
14-06-1976,8.553686141967773,8.573718070983887,672672,8.874198913574219,8.814103126525879,2.2143056392669678
15-06-1976,8.71394157409668,8.814103126525879,1002768,8.814103126525879,8.774038314819336,2.204240083694458
16-06-1976,8.73397445678711,8.774038314819336,1292928,8.894230842590332,8.814103126525879,2.2143056392669678
17-06-1976,8.794071197509766,8.814103126525879,992784,8.974358558654785,8.954326629638672,2.24953293800354
18-06-1976,8.994391441345215,8.994391441345215,1119456,9.134614944458008,9.034455299377441,2.269663095474243
21-06-1976,8.994391441345215,9.034455299377441,791856,9.134614944458008,9.134614944458008,2.2948250770568848
22-06-1976,9.054487228393555,9.134614944458008,702000,9.154646873474121,9.054487228393555,2.274695634841919
23-06-1976,8.974358558654785,9.054487228393555,669552,9.074519157409668,9.034455299377441,2.269663095474243
24-06-1976,9.034455299377441,9.034455299377441,819936,9.174678802490234,9.174678802490234,2.304889678955078
25-06-1976,9.174678802490234,9.174678802490234,847392,9.334936141967773,9.194711685180664,2.3099241256713867
28-06-1976,9.054487228393555,9.194711685180664,418704,9.23477554321289,9.094551086425781,2.284761667251587
29-06-1976,9.054487228393555,9.094551086425781,427440,9.23477554321289,9.154646873474121,2.2998597621917725
30-06-1976,9.134614944458008,9.154646873474121,479232,9.23477554321289,9.154646873474121,2.2998597621917725
01-07-1976,9.154646873474121,9.154646873474121,563472,9.294872283935547,9.174678802490234,2.304889678955078
02-07-1976,9.154646873474121,9.174678802490234,496704,9.194711685180664,9.154646873474121,2.2998597621917725
06-07-1976,9.094551086425781,9.154646873474121,499824,9.214743614196777,9.154646873474121,2.2998597621917725
07-07-1976,9.134614944458008,9.154646873474121,702000,9.214743614196777,9.214743614196777,2.3149569034576416
08-07-1976,9.214743614196777,9.214743614196777,459888,9.31490421295166,9.25480842590332,2.325021266937256
09-07-1976,9.23477554321289,9.25480842590332,902928,9.354968070983887,9.334936141967773,2.345151662826538
12-07-1976,9.214743614196777,9.334936141967773,436176,9.375,9.375,2.355215072631836
13-07-1976,9.31490421295166,9.375,723216,9.49519157409668,9.354968070983887,2.350184917449951
14-07-1976,9.31490421295166,9.354968070983887,356928,9.415063858032227,9.395031929016113,2.360248565673828
15-07-1976,9.31490421295166,9.395031929016113,451152,9.415063858032227,9.334936141967773,2.345151662826538
16-07-1976,9.25480842590332,9.334936141967773,809952,9.334936141967773,9.334936141967773,2.345151662826538
19-07-1976,9.23477554321289,9.31490421295166,717600,9.31490421295166,9.274840354919434,2.330054521560669
20-07-1976,9.25480842590332,9.274840354919434,552864,9.31490421295166,9.25480842590332,2.325021266937256
21-07-1976,9.134614944458008,9.25480842590332,454272,9.274840354919434,9.134614944458008,2.2948250770568848
22-07-1976,9.034455299377441,9.134614944458008,1201200,9.194711685180664,9.054487228393555,2.274695634841919
23-07-1976,8.834135055541992,9.054487228393555,775008,9.174678802490234,8.854166984558105,2.2243707180023193
26-07-1976,8.854166984558105,8.854166984558105,368160,8.974358558654785,8.914262771606445,2.239468574523926
27-07-1976,8.754006385803223,8.874198913574219,542880,8.874198913574219,8.794071197509766,2.209273099899292
28-07-1976,8.633813858032227,8.754006385803223,384384,8.754006385803223,8.73397445678711,2.194174289703369
29-07-1976,8.573718070983887,8.73397445678711,285792,8.834135055541992,8.633813858032227,2.1690120697021484
30-07-1976,8.53365421295166,8.633813858032227,511680,8.73397445678711,8.73397445678711,2.194174289703369
02-08-1976,8.693909645080566,8.73397445678711,362544,8.774038314819336,8.774038314819336,2.204240083694458
03-08-1976,8.774038314819336,8.774038314819336,409968,8.894230842590332,8.814103126525879,2.2143056392669678
04-08-1976,8.774038314819336,8.814103126525879,563472,8.894230842590332,8.774038314819336,2.204240083694458
05-08-1976,8.794071197509766,8.794071197509766,442416,8.854166984558105,8.834135055541992,2.2193381786346436
06-08-1976,8.774038314819336,8.834135055541992,229008,8.854166984558105,8.814103126525879,2.2143056392669678
09-08-1976,8.774038314819336,8.814103126525879,360672,8.874198913574219,8.834135055541992,2.2193381786346436
10-08-1976,8.794071197509766,8.834135055541992,278928,8.954326629638672,8.954326629638672,2.24953293800354
11-08-1976,8.874198913574219,8.954326629638672,567840,9.014423370361328,8.874198913574219,2.229403257369995
12-08-1976,8.874198913574219,8.874198913574219,387504,8.954326629638672,8.934294700622559,2.2445013523101807
13-08-1976,8.914262771606445,8.934294700622559,526656,9.014423370361328,8.954326629638672,2.24953293800354
16-08-1976,8.934294700622559,8.954326629638672,492336,9.074519157409668,9.034455299377441,2.269663095474243
17-08-1976,8.934294700622559,9.034455299377441,358800,9.034455299377441,8.994391441345215,2.25959849357605
18-08-1976,8.874198913574219,8.994391441345215,363168,9.034455299377441,8.874198913574219,2.229403257369995
19-08-1976,8.71394157409668,8.854166984558105,454896,8.854166984558105,8.754006385803223,2.199206590652466
20-08-1976,8.71394157409668,8.754006385803223,263952,8.774038314819336,8.73397445678711,2.194174289703369
23-08-1976,8.513622283935547,8.73397445678711,356928,8.794071197509766,8.794071197509766,2.209273099899292
24-08-1976,8.754006385803223,8.794071197509766,378768,8.854166984558105,8.754006385803223,2.199206590652466
25-08-1976,8.65384578704834,8.754006385803223,867984,8.754006385803223,8.693909645080566,2.1841094493865967
26-08-1976,8.413461685180664,8.673877716064453,361920,8.673877716064453,8.513622283935547,2.1388192176818848
27-08-1976,8.393428802490234,8.493590354919434,238368,8.493590354919434,8.413461685180664,2.113657236099243
30-08-1976,8.353364944458008,8.413461685180664,302016,8.513622283935547,8.493590354919434,2.1337850093841553
31-08-1976,8.47355842590332,8.493590354919434,397488,8.613781929016113,8.493590354919434,2.1337850093841553
01-09-1976,8.433493614196777,8.493590354919434,663936,8.573718070983887,8.573718070983887,2.1539154052734375
02-09-1976,8.513622283935547,8.573718070983887,494208,8.613781929016113,8.553686141967773,2.1488826274871826
03-09-1976,8.413461685180664,8.53365421295166,254592,8.53365421295166,8.45352554321289,2.123720407485962
07-09-1976,8.433493614196777,8.45352554321289,404976,8.53365421295166,8.493590354919434,2.1337850093841553
08-09-1976,8.393428802490234,8.493590354919434,546624,8.613781929016113,8.573718070983887,2.1539154052734375
09-09-1976,8.53365421295166,8.573718070983887,461136,8.633813858032227,8.59375,2.158947706222534
10-09-1976,8.59375,8.59375,455520,8.73397445678711,8.693909645080566,2.1841094493865967
13-09-1976,8.673877716064453,8.693909645080566,533520,8.854166984558105,8.794071197509766,2.209273099899292
14-09-1976,8.65384578704834,8.774038314819336,308256,8.774038314819336,8.73397445678711,2.2123167514801025
15-09-1976,8.65384578704834,8.73397445678711,359424,8.834135055541992,8.71394157409668,2.2072432041168213
16-09-1976,8.794071197509766,8.794071197509766,603408,8.894230842590332,8.854166984558105,2.242762804031372
17-09-1976,8.814103126525879,8.854166984558105,484848,8.914262771606445,8.874198913574219,2.2478370666503906
20-09-1976,8.814103126525879,8.874198913574219,403728,8.914262771606445,8.834135055541992,2.2376885414123535
21-09-1976,8.774038314819336,8.834135055541992,1057056,8.934294700622559,8.934294700622559,2.2630581855773926
22-09-1976,8.934294700622559,8.934294700622559,1375296,9.074519157409668,9.054487228393555,2.2935032844543457
23-09-1976,8.974358558654785,9.054487228393555,1196208,9.134614944458008,9.094551086425781,2.303651809692383
24-09-1976,9.014423370361328,9.074519157409668,458640,9.074519157409668,9.014423370361328,2.2833564281463623
27-09-1976,8.974358558654785,9.014423370361328,456768,9.034455299377441,9.034455299377441,2.28842830657959
28-09-1976,8.894230842590332,9.014423370361328,481728,9.014423370361328,8.974358558654785,2.2732057571411133
29-09-1976,8.794071197509766,8.954326629638672,302640,8.954326629638672,8.794071197509766,2.2275397777557373
30-09-1976,8.613781929016113,8.794071197509766,546624,8.834135055541992,8.673877716064453,2.1970951557159424
01-10-1976,8.53365421295166,8.673877716064453,280176,8.73397445678711,8.553686141967773,2.1666500568389893
04-10-1976,8.173076629638672,8.353364944458008,1068288,8.353364944458008,8.313301086425781,2.1057608127593994
05-10-1976,8.293269157409668,8.313301086425781,1873872,8.59375,8.333333015441895,2.110835313796997
06-10-1976,8.253205299377441,8.333333015441895,1449552,8.353364944458008,8.333333015441895,2.110835313796997
07-10-1976,8.293269157409668,8.333333015441895,1715376,8.47355842590332,8.413461685180664,2.1311326026916504
08-10-1976,8.373396873474121,8.413461685180664,902928,8.53365421295166,8.393428802490234,2.126058340072632
11-10-1976,8.253205299377441,8.353364944458008,394992,8.353364944458008,8.273237228393555,2.0956130027770996
12-10-1976,8.133012771606445,8.273237228393555,1105104,8.313301086425781,8.193108558654785,2.075314998626709
13-10-1976,8.213141441345215,8.213141441345215,786864,8.293269157409668,8.273237228393555,2.0956130027770996
14-10-1976,8.052885055541992,8.253205299377441,609024,8.253205299377441,8.052885055541992,2.039797782897949
15-10-1976,8.032853126525879,8.052885055541992,632112,8.173076629638672,8.092948913574219,2.049945831298828
18-10-1976,8.052885055541992,8.092948913574219,801216,8.213141441345215,8.173076629638672,2.070241928100586
19-10-1976,8.112980842590332,8.173076629638672,1007136,8.353364944458008,8.293269157409668,2.100686550140381
20-10-1976,8.253205299377441,8.293269157409668,587184,8.433493614196777,8.333333015441895,2.110835313796997
21-10-1976,8.273237228393555,8.333333015441895,424320,8.353364944458008,8.313301086425781,2.1057608127593994
22-10-1976,8.233173370361328,8.313301086425781,889200,8.373396873474121,8.373396873474121,2.1209821701049805
25-10-1976,8.293269157409668,8.373396873474121,550368,8.373396873474121,8.333333015441895,2.110835313796997
26-10-1976,8.353364944458008,8.353364944458008,584688,8.413461685180664,8.373396873474121,2.1209821701049805
27-10-1976,8.373396873474121,8.373396873474121,597792,8.45352554321289,8.45352554321289,2.14128041267395
28-10-1976,8.45352554321289,8.45352554321289,828048,8.53365421295166,8.493590354919434,2.1514272689819336
29-10-1976,8.433493614196777,8.493590354919434,663936,8.573718070983887,8.553686141967773,2.1666500568389893
01-11-1976,8.53365421295166,8.553686141967773,471120,8.613781929016113,8.53365421295166,2.161576509475708
03-11-1976,8.273237228393555,8.45352554321289,602160,8.45352554321289,8.353364944458008,2.1159088611602783
04-11-1976,8.213141441345215,8.353364944458008,587808,8.47355842590332,8.45352554321289,2.14128041267395
05-11-1976,8.333333015441895,8.45352554321289,733200,8.45352554321289,8.353364944458008,2.1159088611602783
08-11-1976,8.133012771606445,8.313301086425781,290160,8.313301086425781,8.133012771606445,2.0600931644439697
09-11-1976,8.133012771606445,8.133012771606445,535392,8.253205299377441,8.193108558654785,2.075314998626709
10-11-1976,8.032853126525879,8.193108558654785,809328,8.233173370361328,8.133012771606445,2.0600931644439697
11-11-1976,8.072916984558105,8.133012771606445,316992,8.193108558654785,8.173076629638672,2.070241928100586
12-11-1976,8.092948913574219,8.173076629638672,464256,8.173076629638672,8.173076629638672,2.070241928100586
15-11-1976,8.072916984558105,8.173076629638672,393120,8.173076629638672,8.153044700622559,2.0651679039001465
16-11-1976,8.092948913574219,8.153044700622559,962208,8.213141441345215,8.153044700622559,2.0651679039001465
17-11-1976,8.153044700622559,8.153044700622559,556608,8.253205299377441,8.213141441345215,2.080390214920044
18-11-1976,8.173076629638672,8.213141441345215,635232,8.293269157409668,8.253205299377441,2.090538501739502
19-11-1976,8.213141441345215,8.253205299377441,746304,8.373396873474121,8.273237228393555,2.0956130027770996
22-11-1976,8.253205299377441,8.273237228393555,535392,8.373396873474121,8.313301086425781,2.1057608127593994
23-11-1976,8.253205299377441,8.313301086425781,530400,8.313301086425781,8.253205299377441,2.090538501739502
24-11-1976,8.173076629638672,8.253205299377441,424944,8.313301086425781,8.213141441345215,2.080390214920044
26-11-1976,8.173076629638672,8.213141441345215,1231776,8.233173370361328,8.233173370361328,2.0854649543762207
29-11-1976,8.173076629638672,8.233173370361328,614640,8.253205299377441,8.173076629638672,2.070241928100586
30-11-1976,8.092948913574219,8.173076629638672,434928,8.173076629638672,8.112980842590332,2.0550191402435303
01-12-1976,8.112980842590332,8.112980842590332,917904,8.213141441345215,8.213141441345215,2.080390214920044
02-12-1976,8.133012771606445,8.213141441345215,652080,8.253205299377441,8.153044700622559,2.0651679039001465
03-12-1976,8.112980842590332,8.153044700622559,699504,8.193108558654785,8.153044700622559,2.0651679039001465
06-12-1976,8.133012771606445,8.153044700622559,688896,8.213141441345215,8.173076629638672,2.070241928100586
07-12-1976,8.133012771606445,8.173076629638672,886080,8.233173370361328,8.173076629638672,2.070241928100586
08-12-1976,8.133012771606445,8.173076629638672,1128192,8.233173370361328,8.213141441345215,2.080390214920044
09-12-1976,8.213141441345215,8.213141441345215,1610544,8.433493614196777,8.433493614196777,2.1362056732177734
10-12-1976,8.353364944458008,8.433493614196777,1117584,8.553686141967773,8.53365421295166,2.161576509475708
13-12-1976,8.47355842590332,8.53365421295166,836784,8.553686141967773,8.513622283935547,2.1565022468566895
14-12-1976,8.45352554321289,8.513622283935547,1253616,8.613781929016113,8.613781929016113,2.181872844696045
15-12-1976,8.45352554321289,8.613781929016113,1162512,8.633813858032227,8.47355842590332,2.164473533630371
16-12-1976,8.393428802490234,8.47355842590332,1132560,8.573718070983887,8.45352554321289,2.1593575477600098
17-12-1976,8.393428802490234,8.45352554321289,1684176,8.53365421295166,8.393428802490234,2.144008159637451
20-12-1976,8.373396873474121,8.393428802490234,1444560,8.493590354919434,8.47355842590332,2.164473533630371
21-12-1976,8.373396873474121,8.47355842590332,1614288,8.47355842590332,8.433493614196777,2.154240369796753
22-12-1976,8.353364944458008,8.433493614196777,1941264,8.53365421295166,8.493590354919434,2.1695919036865234
23-12-1976,8.45352554321289,8.493590354919434,1448304,8.513622283935547,8.493590354919434,2.1695919036865234
27-12-1976,8.45352554321289,8.493590354919434,750672,8.59375,8.59375,2.1951773166656494
28-12-1976,8.613781929016113,8.613781929016113,2012400,8.854166984558105,8.794071197509766,2.2463462352752686
29-12-1976,8.65384578704834,8.794071197509766,1095120,8.854166984558105,8.754006385803223,2.236112594604492
30-12-1976,8.71394157409668,8.754006385803223,679536,8.874198913574219,8.874198913574219,2.266815662384033
31-12-1976,8.854166984558105,8.874198913574219,716976,8.934294700622559,8.914262771606445,2.2770471572875977
03-01-1977,8.814103126525879,8.814103126525879,585936,8.954326629638672,8.874198913574219,2.266815662384033
04-01-1977,8.613781929016113,8.874198913574219,623376,8.894230842590332,8.633813858032227,2.2054107189178467
05-01-1977,8.513622283935547,8.633813858032227,693888,8.693909645080566,8.53365421295166,2.179825782775879
06-01-1977,8.413461685180664,8.53365421295166,1311648,8.65384578704834,8.413461685180664,2.14912486076355
07-01-1977,8.45352554321289,8.45352554321289,1161888,8.65384578704834,8.553686141967773,2.1849427223205566
10-01-1977,8.573718070983887,8.573718070983887,1322256,8.693909645080566,8.65384578704834,2.2105283737182617
11-01-1977,8.573718070983887,8.65384578704834,833040,8.693909645080566,8.573718070983887,2.1900594234466553
12-01-1977,8.493590354919434,8.573718070983887,677040,8.613781929016113,8.553686141967773,2.1849427223205566
13-01-1977,8.53365421295166,8.553686141967773,896064,8.693909645080566,8.65384578704834,2.2105283737182617
14-01-1977,8.59375,8.65384578704834,627120,8.73397445678711,8.71394157409668,2.2258782386779785
17-01-1977,8.59375,8.71394157409668,545376,8.71394157409668,8.693909645080566,2.2207608222961426
18-01-1977,8.613781929016113,8.693909645080566,578448,8.71394157409668,8.65384578704834,2.2105283737182617
19-01-1977,8.573718070983887,8.65384578704834,621504,8.774038314819336,8.573718070983887,2.1900594234466553
20-01-1977,8.493590354919434,8.573718070983887,577824,8.65384578704834,8.573718070983887,2.1900594234466553
21-01-1977,8.493590354919434,8.573718070983887,780000,8.573718070983887,8.573718070983887,2.1900594234466553
24-01-1977,8.413461685180664,8.573718070983887,764400,8.59375,8.433493614196777,2.154240369796753
25-01-1977,8.393428802490234,8.433493614196777,938496,8.47355842590332,8.45352554321289,2.1593575477600098
26-01-1977,8.413461685180664,8.45352554321289,603408,8.573718070983887,8.493590354919434,2.1695919036865234
27-01-1977,8.393428802490234,8.493590354919434,563472,8.613781929016113,8.45352554321289,2.1593575477600098
28-01-1977,8.413461685180664,8.45352554321289,668928,8.53365421295166,8.45352554321289,2.1593575477600098
31-01-1977,8.373396873474121,8.45352554321289,955344,8.493590354919434,8.47355842590332,2.164473533630371
01-02-1977,8.433493614196777,8.47355842590332,794976,8.53365421295166,8.45352554321289,2.1593575477600098
02-02-1977,8.393428802490234,8.45352554321289,632736,8.513622283935547,8.413461685180664,2.14912486076355
03-02-1977,8.333333015441895,8.413461685180664,756288,8.553686141967773,8.333333015441895,2.1286556720733643
04-02-1977,8.193108558654785,8.333333015441895,869232,8.373396873474121,8.213141441345215,2.097954750061035
07-02-1977,8.133012771606445,8.213141441345215,682032,8.233173370361328,8.153044700622559,2.0826032161712646
08-02-1977,8.133012771606445,8.153044700622559,673296,8.193108558654785,8.173076629638672,2.0877199172973633
09-02-1977,8.072916984558105,8.173076629638672,912912,8.193108558654785,8.133012771606445,2.077486753463745
10-02-1977,8.092948913574219,8.133012771606445,804336,8.233173370361328,8.153044700622559,2.0826032161712646
11-02-1977,8.072916984558105,8.153044700622559,819936,8.193108558654785,8.133012771606445,2.077486753463745
14-02-1977,8.092948913574219,8.133012771606445,667680,8.213141441345215,8.193108558654785,2.0928354263305664
15-02-1977,8.112980842590332,8.193108558654785,552864,8.233173370361328,8.133012771606445,2.077486753463745
16-02-1977,8.072916984558105,8.133012771606445,979680,8.233173370361328,8.213141441345215,2.097954750061035
17-02-1977,8.052885055541992,8.213141441345215,725712,8.213141441345215,8.112980842590332,2.07236909866333
18-02-1977,8.032853126525879,8.112980842590332,638352,8.173076629638672,8.133012771606445,2.077486753463745
22-02-1977,8.112980842590332,8.133012771606445,476736,8.233173370361328,8.153044700622559,2.0826032161712646
23-02-1977,8.092948913574219,8.153044700622559,596544,8.173076629638672,8.112980842590332,2.07236909866333
24-02-1977,7.9727559089660645,8.092948913574219,748176,8.092948913574219,7.992787837982178,2.0416676998138428
25-02-1977,7.9727559089660645,7.992787837982178,529776,8.112980842590332,8.032853126525879,2.0519025325775146
28-02-1977,8.032853126525879,8.032853126525879,432432,8.112980842590332,8.092948913574219,2.0672531127929688
01-03-1977,8.112980842590332,8.112980842590332,607152,8.173076629638672,8.133012771606445,2.077486753463745
02-03-1977,8.012821197509766,8.133012771606445,603408,8.153044700622559,8.072916984558105,2.0621354579925537
03-03-1977,8.052885055541992,8.072916984558105,518544,8.173076629638672,8.153044700622559,2.101374626159668
04-03-1977,8.133012771606445,8.153044700622559,845520,8.213141441345215,8.153044700622559,2.101374626159668
07-03-1977,8.112980842590332,8.153044700622559,633984,8.173076629638672,8.153044700622559,2.101374626159668
08-03-1977,8.112980842590332,8.153044700622559,621504,8.213141441345215,8.153044700622559,2.101374626159668
09-03-1977,8.092948913574219,8.153044700622559,628992,8.173076629638672,8.133012771606445,2.0962116718292236
10-03-1977,8.112980842590332,8.133012771606445,442416,8.213141441345215,8.193108558654785,2.111701011657715
11-03-1977,8.153044700622559,8.193108558654785,464880,8.233173370361328,8.233173370361328,2.122028350830078
14-03-1977,8.173076629638672,8.233173370361328,635856,8.253205299377441,8.233173370361328,2.122028350830078
15-03-1977,8.233173370361328,8.233173370361328,1037088,8.333333015441895,8.333333015441895,2.1478426456451416
16-03-1977,8.213141441345215,8.333333015441895,670176,8.353364944458008,8.253205299377441,2.127190351486206
17-03-1977,8.133012771606445,8.253205299377441,404352,8.413461685180664,8.213141441345215,2.116863489151001
18-03-1977,8.173076629638672,8.213141441345215,599040,8.313301086425781,8.173076629638672,2.1065380573272705
21-03-1977,8.112980842590332,8.173076629638672,630864,8.213141441345215,8.133012771606445,2.0962116718292236
22-03-1977,8.112980842590332,8.133012771606445,597792,8.213141441345215,8.173076629638672,2.1065380573272705
23-03-1977,8.133012771606445,8.173076629638672,538512,8.233173370361328,8.153044700622559,2.101374626159668
24-03-1977,8.032853126525879,8.153044700622559,514176,8.153044700622559,8.052885055541992,2.07555890083313
25-03-1977,8.012821197509766,8.052885055541992,567216,8.072916984558105,8.012821197509766,2.065232038497925
28-03-1977,7.932692050933838,8.012821197509766,695136,8.012821197509766,7.992787837982178,2.060070276260376
29-03-1977,7.992787837982178,7.992787837982178,726960,8.072916984558105,8.032853126525879,2.070396900177002
30-03-1977,7.892628192901611,8.032853126525879,675792,8.052885055541992,7.952723979949951,2.049744129180908
31-03-1977,7.852563858032227,7.952723979949951,640848,7.9727559089660645,7.87259578704834,2.0290920734405518
01-04-1977,7.852563858032227,7.87259578704834,666432,7.992787837982178,7.932692050933838,2.044581651687622
04-04-1977,7.672276020050049,7.912660121917725,984672,7.912660121917725,7.792468070983887,2.008439064025879
05-04-1977,7.772436141967773,7.792468070983887,496704,7.87259578704834,7.832531929016113,2.0187644958496094
06-04-1977,7.832531929016113,7.832531929016113,878592,7.912660121917725,7.892628192901611,2.034254789352417
07-04-1977,7.87259578704834,7.892628192901611,529776,7.9727559089660645,7.892628192901611,2.034254789352417
11-04-1977,7.892628192901611,7.892628192901611,633984,7.992787837982178,7.912660121917725,2.0394186973571777
12-04-1977,8.112980842590332,8.112980842590332,1509456,8.193108558654785,8.173076629638672,2.1065380573272705
13-04-1977,8.153044700622559,8.173076629638672,1111968,8.273237228393555,8.273237228393555,2.132352352142334
14-04-1977,8.47355842590332,8.47355842590332,1588080,8.553686141967773,8.493590354919434,2.189147472381592
15-04-1977,8.47355842590332,8.493590354919434,875472,8.613781929016113,8.613781929016113,2.2201244831085205
18-04-1977,8.513622283935547,8.59375,667680,8.59375,8.573718070983887,2.2097997665405273
19-04-1977,8.493590354919434,8.573718070983887,771888,8.59375,8.53365421295166,2.199474573135376
20-04-1977,8.53365421295166,8.53365421295166,864864,8.633813858032227,8.633813858032227,2.2252886295318604
21-04-1977,8.613781929016113,8.633813858032227,1171248,8.71394157409668,8.65384578704834,2.230451822280884
22-04-1977,8.53365421295166,8.613781929016113,640224,8.613781929016113,8.553686141967773,2.204636335372925
25-04-1977,8.213141441345215,8.53365421295166,2342496,8.53365421295166,8.253205299377441,2.127190351486206
26-04-1977,8.173076629638672,8.253205299377441,1473264,8.353364944458008,8.213141441345215,2.116863489151001
27-04-1977,8.012821197509766,8.213141441345215,2012400,8.353364944458008,8.333333015441895,2.1478426456451416
28-04-1977,8.333333015441895,8.333333015441895,1740336,8.47355842590332,8.45352554321289,2.1788201332092285
29-04-1977,8.53365421295166,8.53365421295166,1113840,8.633813858032227,8.633813858032227,2.2252886295318604
02-05-1977,8.613781929016113,8.633813858032227,753792,8.673877716064453,8.673877716064453,2.23561429977417
03-05-1977,8.633813858032227,8.673877716064453,538512,8.673877716064453,8.65384578704834,2.230451822280884
04-05-1977,8.673877716064453,8.673877716064453,1468272,8.834135055541992,8.814103126525879,2.2717554569244385
05-05-1977,8.774038314819336,8.814103126525879,1188720,8.914262771606445,8.874198913574219,2.2872447967529297
06-05-1977,8.754006385803223,8.854166984558105,916656,8.854166984558105,8.814103126525879,2.2717554569244385
09-05-1977,8.754006385803223,8.814103126525879,728832,8.834135055541992,8.834135055541992,2.2769205570220947
10-05-1977,8.693909645080566,8.834135055541992,784992,8.874198913574219,8.774038314819336,2.2614309787750244
11-05-1977,8.673877716064453,8.774038314819336,643344,8.814103126525879,8.673877716064453,2.23561429977417
12-05-1977,8.59375,8.673877716064453,1189968,8.73397445678711,8.693909645080566,2.2407774925231934
13-05-1977,8.373396873474121,8.693909645080566,511680,8.71394157409668,8.71394157409668,2.245941400527954
16-05-1977,8.71394157409668,8.71394157409668,506688,8.814103126525879,8.794071197509766,2.2665936946868896
17-05-1977,8.673877716064453,8.794071197509766,512928,8.814103126525879,8.73397445678711,2.2511045932769775
18-05-1977,8.794071197509766,8.794071197509766,862992,8.894230842590332,8.834135055541992,2.2769205570220947
19-05-1977,8.774038314819336,8.834135055541992,711984,8.874198913574219,8.854166984558105,2.2820825576782227
20-05-1977,8.754006385803223,8.854166984558105,642720,8.854166984558105,8.814103126525879,2.2717554569244385
23-05-1977,8.693909645080566,8.814103126525879,393120,8.814103126525879,8.71394157409668,2.245941400527954
24-05-1977,8.613781929016113,8.71394157409668,581568,8.754006385803223,8.754006385803223,2.2562670707702637
25-05-1977,8.65384578704834,8.754006385803223,462384,8.814103126525879,8.65384578704834,2.230451822280884
26-05-1977,8.65384578704834,8.65384578704834,622128,8.73397445678711,8.693909645080566,2.2407774925231934
27-05-1977,8.633813858032227,8.693909645080566,401856,8.754006385803223,8.73397445678711,2.2511045932769775
31-05-1977,8.673877716064453,8.73397445678711,558480,8.754006385803223,8.693909645080566,2.2407774925231934
01-06-1977,8.673877716064453,8.693909645080566,1036464,8.794071197509766,8.754006385803223,2.2562670707702637
02-06-1977,8.65384578704834,8.754006385803223,968448,8.774038314819336,8.693909645080566,2.2635679244995117
03-06-1977,8.673877716064453,8.693909645080566,889824,8.854166984558105,8.854166984558105,2.305293560028076
06-06-1977,8.754006385803223,8.854166984558105,564720,8.874198913574219,8.754006385803223,2.2792162895202637
07-06-1977,8.71394157409668,8.754006385803223,665808,8.834135055541992,8.834135055541992,2.3000800609588623
08-06-1977,8.834135055541992,8.834135055541992,1043952,9.014423370361328,8.954326629638672,2.331371545791626
09-06-1977,8.914262771606445,8.954326629638672,527280,8.994391441345215,8.974358558654785,2.33658766746521
10-06-1977,8.914262771606445,8.974358558654785,1002144,9.094551086425781,9.014423370361328,2.3470187187194824
13-06-1977,9.014423370361328,9.014423370361328,693888,9.134614944458008,9.134614944458008,2.378312349319458
14-06-1977,9.074519157409668,9.134614944458008,1596816,9.174678802490234,9.154646873474121,2.3835289478302
15-06-1977,9.074519157409668,9.154646873474121,990912,9.154646873474121,9.074519157409668,2.3626654148101807
16-06-1977,9.034455299377441,9.074519157409668,542880,9.134614944458008,9.094551086425781,2.36788272857666
17-06-1977,9.014423370361328,9.094551086425781,408720,9.114583015441895,9.034455299377441,2.3522355556488037
20-06-1977,9.014423370361328,9.034455299377441,482976,9.074519157409668,9.034455299377441,2.3522355556488037
21-06-1977,8.994391441345215,9.034455299377441,731328,9.114583015441895,8.994391441345215,2.341804265975952
22-06-1977,8.894230842590332,8.994391441345215,608400,8.994391441345215,8.914262771606445,2.320941686630249
23-06-1977,8.874198913574219,8.914262771606445,832416,8.994391441345215,8.974358558654785,2.33658766746521
24-06-1977,8.994391441345215,8.994391441345215,624000,9.074519157409668,9.014423370361328,2.3470187187194824
27-06-1977,8.954326629638672,9.014423370361328,338832,9.054487228393555,9.014423370361328,2.3470187187194824
28-06-1977,8.974358558654785,8.974358558654785,600912,9.074519157409668,9.014423370361328,2.3470187187194824
29-06-1977,8.974358558654785,9.014423370361328,374400,9.034455299377441,9.034455299377441,2.3522355556488037
30-06-1977,9.014423370361328,9.034455299377441,515424,9.094551086425781,9.054487228393555,2.357449769973755
01-07-1977,8.954326629638672,9.054487228393555,695760,9.054487228393555,8.994391441345215,2.341804265975952
05-07-1977,8.934294700622559,8.994391441345215,281424,9.014423370361328,8.954326629638672,2.331371545791626
06-07-1977,8.934294700622559,8.954326629638672,466128,8.994391441345215,8.954326629638672,2.331371545791626
07-07-1977,8.894230842590332,8.954326629638672,947232,8.974358558654785,8.954326629638672,2.331371545791626
08-07-1977,8.894230842590332,8.954326629638672,783744,8.974358558654785,8.934294700622559,2.326154947280884
11-07-1977,8.774038314819336,8.934294700622559,569712,8.934294700622559,8.794071197509766,2.289647340774536
12-07-1977,8.71394157409668,8.794071197509766,1198080,8.834135055541992,8.794071197509766,2.289647340774536
13-07-1977,8.754006385803223,8.794071197509766,629616,8.814103126525879,8.814103126525879,2.2948622703552246
15-07-1977,8.794071197509766,8.814103126525879,2327520,8.894230842590332,8.834135055541992,2.3000800609588623
18-07-1977,8.794071197509766,8.834135055541992,947232,8.874198913574219,8.814103126525879,2.2948622703552246
19-07-1977,8.814103126525879,8.814103126525879,612768,8.914262771606445,8.914262771606445,2.320941686630249
20-07-1977,8.854166984558105,8.914262771606445,502944,8.934294700622559,8.874198913574219,2.3105087280273438
21-07-1977,8.834135055541992,8.874198913574219,406848,8.894230842590332,8.894230842590332,2.315725564956665
22-07-1977,8.834135055541992,8.894230842590332,498576,8.934294700622559,8.834135055541992,2.3000800609588623
25-07-1977,8.754006385803223,8.834135055541992,620256,8.854166984558105,8.794071197509766,2.289647340774536
26-07-1977,8.754006385803223,8.794071197509766,784368,8.834135055541992,8.834135055541992,2.3000800609588623
27-07-1977,8.71394157409668,8.834135055541992,405600,8.834135055541992,8.774038314819336,2.2844326496124268
28-07-1977,8.673877716064453,8.774038314819336,782496,8.774038314819336,8.754006385803223,2.2792162895202637
29-07-1977,8.65384578704834,8.73397445678711,502320,8.73397445678711,8.71394157409668,2.268784761428833
01-08-1977,8.693909645080566,8.71394157409668,1000272,8.814103126525879,8.73397445678711,2.2739996910095215
02-08-1977,8.633813858032227,8.73397445678711,703872,8.73397445678711,8.633813858032227,2.2479233741760254
03-08-1977,8.573718070983887,8.633813858032227,511056,8.693909645080566,8.693909645080566,2.2635679244995117
04-08-1977,8.673877716064453,8.693909645080566,418704,8.754006385803223,8.754006385803223,2.2792162895202637
05-08-1977,8.693909645080566,8.754006385803223,421824,8.754006385803223,8.73397445678711,2.2739996910095215
08-08-1977,8.65384578704834,8.73397445678711,341952,8.73397445678711,8.673877716064453,2.258352518081665
09-08-1977,8.633813858032227,8.673877716064453,453024,8.71394157409668,8.65384578704834,2.253138542175293
10-08-1977,8.59375,8.65384578704834,388752,8.794071197509766,8.794071197509766,2.289647340774536
11-08-1977,8.673877716064453,8.794071197509766,554112,8.814103126525879,8.693909645080566,2.2635679244995117
12-08-1977,8.673877716064453,8.693909645080566,836160,8.774038314819336,8.71394157409668,2.268784761428833
15-08-1977,8.673877716064453,8.71394157409668,1449552,8.874198913574219,8.854166984558105,2.305293560028076
16-08-1977,8.71394157409668,8.854166984558105,564096,8.854166984558105,8.73397445678711,2.2739996910095215
17-08-1977,8.71394157409668,8.73397445678711,545376,8.774038314819336,8.774038314819336,2.2844326496124268
18-08-1977,8.71394157409668,8.774038314819336,496080,8.874198913574219,8.774038314819336,2.2844326496124268
19-08-1977,8.71394157409668,8.774038314819336,562224,8.854166984558105,8.774038314819336,2.2844326496124268
22-08-1977,8.71394157409668,8.774038314819336,423696,8.794071197509766,8.794071197509766,2.289647340774536
23-08-1977,8.693909645080566,8.794071197509766,423696,8.794071197509766,8.71394157409668,2.268784761428833
24-08-1977,8.633813858032227,8.71394157409668,356928,8.71394157409668,8.65384578704834,2.253138542175293
25-08-1977,8.333333015441895,8.513622283935547,933504,8.513622283935547,8.333333015441895,2.169689416885376
26-08-1977,8.273237228393555,8.333333015441895,841152,8.553686141967773,8.53365421295166,2.2218451499938965
29-08-1977,8.493590354919434,8.53365421295166,403104,8.613781929016113,8.573718070983887,2.23227596282959
30-08-1977,8.493590354919434,8.573718070983887,736320,8.613781929016113,8.493590354919434,2.211414098739624
31-08-1977,8.493590354919434,8.493590354919434,556608,8.553686141967773,8.553686141967773,2.2270593643188477
01-09-1977,8.513622283935547,8.553686141967773,406224,8.59375,8.573718070983887,2.23227596282959
02-09-1977,8.553686141967773,8.573718070983887,386256,8.633813858032227,8.613781929016113,2.2427072525024414
06-09-1977,8.65384578704834,8.65384578704834,874848,8.754006385803223,8.754006385803223,2.2792162895202637
07-09-1977,8.754006385803223,8.754006385803223,745056,8.834135055541992,8.814103126525879,2.2948622703552246
08-09-1977,8.71394157409668,8.814103126525879,377520,8.834135055541992,8.71394157409668,2.268784761428833
09-09-1977,8.633813858032227,8.71394157409668,399360,8.71394157409668,8.693909645080566,2.2635679244995117
12-09-1977,8.53365421295166,8.673877716064453,620256,8.673877716064453,8.573718070983887,2.23227596282959
13-09-1977,8.493590354919434,8.573718070983887,344448,8.59375,8.53365421295166,2.2218451499938965
14-09-1977,8.493590354919434,8.53365421295166,332592,8.613781929016113,8.573718070983887,2.23227596282959
15-09-1977,8.573718070983887,8.573718070983887,643968,8.633813858032227,8.613781929016113,2.2427072525024414
16-09-1977,8.53365421295166,8.613781929016113,589680,8.65384578704834,8.573718070983887,2.23227596282959
19-09-1977,8.513622283935547,8.573718070983887,520416,8.613781929016113,8.553686141967773,2.2270593643188477
20-09-1977,8.433493614196777,8.47355842590332,439296,8.47355842590332,8.45352554321289,2.22389817237854
21-09-1977,8.353364944458008,8.45352554321289,682656,8.53365421295166,8.373396873474121,2.2028191089630127
22-09-1977,8.333333015441895,8.373396873474121,512304,8.393428802490234,8.353364944458008,2.197547197341919
23-09-1977,8.333333015441895,8.353364944458008,425568,8.413461685180664,8.393428802490234,2.2080888748168945
26-09-1977,8.333333015441895,8.393428802490234,458640,8.413461685180664,8.393428802490234,2.2080888748168945
27-09-1977,8.173076629638672,8.353364944458008,700128,8.353364944458008,8.173076629638672,2.1501195430755615
28-09-1977,8.072916984558105,8.173076629638672,765024,8.193108558654785,8.153044700622559,2.144850254058838
29-09-1977,8.092948913574219,8.153044700622559,919152,8.153044700622559,8.112980842590332,2.134310245513916
30-09-1977,8.112980842590332,8.112980842590332,746928,8.233173370361328,8.213141441345215,2.160658597946167
03-10-1977,8.233173370361328,8.233173370361328,349440,8.313301086425781,8.313301086425781,2.187009572982788
04-10-1977,8.173076629638672,8.313301086425781,710736,8.313301086425781,8.173076629638672,2.1501195430755615
05-10-1977,8.112980842590332,8.173076629638672,552240,8.193108558654785,8.112980842590332,2.134310245513916
06-10-1977,8.112980842590332,8.112980842590332,624000,8.213141441345215,8.133012771606445,2.139580726623535
07-10-1977,8.133012771606445,8.133012771606445,234000,8.193108558654785,8.173076629638672,2.1501195430755615
10-10-1977,8.092948913574219,8.153044700622559,134784,8.153044700622559,8.133012771606445,2.139580726623535
11-10-1977,7.892628192901611,8.133012771606445,1110096,8.153044700622559,7.912660121917725,2.0816102027893066
12-10-1977,7.852563858032227,7.912660121917725,940368,8.012821197509766,8.012821197509766,2.1079609394073486
13-10-1977,7.952723979949951,8.012821197509766,788736,8.072916984558105,7.9727559089660645,2.0974197387695312
14-10-1977,7.952723979949951,7.9727559089660645,1025856,8.092948913574219,8.052885055541992,2.1185004711151123
17-10-1977,7.9727559089660645,8.052885055541992,607152,8.133012771606445,8.112980842590332,2.134310245513916
18-10-1977,8.153044700622559,8.153044700622559,493584,8.213141441345215,8.153044700622559,2.144850254058838
19-10-1977,8.052885055541992,8.153044700622559,792480,8.153044700622559,8.092948913574219,2.129040241241455
20-10-1977,8.052885055541992,8.092948913574219,536016,8.112980842590332,8.052885055541992,2.1185004711151123
21-10-1977,8.032853126525879,8.052885055541992,884832,8.092948913574219,8.072916984558105,2.1237692832946777
24-10-1977,7.932692050933838,8.072916984558105,613392,8.072916984558105,7.952723979949951,2.0921502113342285
25-10-1977,7.912660121917725,7.952723979949951,839280,7.992787837982178,7.9727559089660645,2.0974197387695312
26-10-1977,7.87259578704834,7.9727559089660645,834288,7.992787837982178,7.9727559089660645,2.0974197387695312
27-10-1977,7.992787837982178,7.992787837982178,614640,8.233173370361328,8.153044700622559,2.144850254058838
28-10-1977,8.032853126525879,8.153044700622559,480480,8.153044700622559,8.032853126525879,2.1132309436798096
31-10-1977,8.012821197509766,8.032853126525879,331344,8.072916984558105,8.032853126525879,2.1132309436798096
01-11-1977,7.832531929016113,7.992787837982178,715104,7.992787837982178,7.852563858032227,2.0658020973205566
02-11-1977,7.852563858032227,7.852563858032227,470496,7.952723979949951,7.852563858032227,2.0658020973205566
03-11-1977,7.852563858032227,7.852563858032227,435552,7.932692050933838,7.932692050933838,2.0868804454803467
04-11-1977,7.952723979949951,7.952723979949951,563472,8.052885055541992,8.012821197509766,2.1079609394073486
07-11-1977,8.052885055541992,8.052885055541992,461136,8.193108558654785,8.193108558654785,2.155390739440918
08-11-1977,8.112980842590332,8.193108558654785,419952,8.233173370361328,8.133012771606445,2.139580726623535
09-11-1977,8.032853126525879,8.133012771606445,482976,8.173076629638672,8.153044700622559,2.144850254058838
10-11-1977,8.153044700622559,8.153044700622559,632112,8.313301086425781,8.273237228393555,2.1764681339263916
11-11-1977,8.353364944458008,8.353364944458008,658944,8.45352554321289,8.393428802490234,2.2080888748168945
14-11-1977,8.293269157409668,8.393428802490234,546624,8.433493614196777,8.373396873474121,2.2028191089630127
15-11-1977,8.313301086425781,8.373396873474121,670176,8.413461685180664,8.373396873474121,2.2028191089630127
16-11-1977,8.273237228393555,8.373396873474121,482976,8.393428802490234,8.313301086425781,2.187009572982788
17-11-1977,8.213141441345215,8.293269157409668,555360,8.293269157409668,8.213141441345215,2.160658597946167
18-11-1977,8.213141441345215,8.213141441345215,453024,8.273237228393555,8.233173370361328,2.165929079055786
21-11-1977,8.193108558654785,8.233173370361328,486096,8.273237228393555,8.273237228393555,2.1764681339263916
22-11-1977,8.213141441345215,8.273237228393555,623376,8.393428802490234,8.353364944458008,2.197547197341919
23-11-1977,8.253205299377441,8.353364944458008,517920,8.393428802490234,8.313301086425781,2.187009572982788
25-11-1977,8.213141441345215,8.313301086425781,378144,8.353364944458008,8.253205299377441,2.171199321746826
28-11-1977,8.092948913574219,8.233173370361328,610272,8.233173370361328,8.133012771606445,2.139580726623535
29-11-1977,7.992787837982178,8.133012771606445,619632,8.153044700622559,8.052885055541992,2.1185004711151123
30-11-1977,7.932692050933838,8.032853126525879,1180608,8.032853126525879,8.032853126525879,2.1366171836853027
01-12-1977,7.992787837982178,8.032853126525879,801216,8.092948913574219,8.052885055541992,2.1419436931610107
02-12-1977,7.952723979949951,8.052885055541992,886704,8.072916984558105,7.952723979949951,2.1153037548065186
05-12-1977,7.892628192901611,7.952723979949951,698880,7.9727559089660645,7.912660121917725,2.1046457290649414
06-12-1977,7.772436141967773,7.912660121917725,1379664,7.912660121917725,7.772436141967773,2.0673491954803467
07-12-1977,7.75240421295166,7.772436141967773,1024608,7.832531929016113,7.75240421295166,2.0620205402374268
08-12-1977,7.732371807098389,7.75240421295166,1306032,7.87259578704834,7.732371807098389,2.056694269180298
09-12-1977,7.732371807098389,7.732371807098389,700128,7.832531929016113,7.75240421295166,2.0620205402374268
12-12-1977,7.732371807098389,7.75240421295166,553488,7.832531929016113,7.732371807098389,2.056694269180298
13-12-1977,7.692307949066162,7.732371807098389,551616,7.792468070983887,7.792468070983887,2.072676181793213
14-12-1977,7.75240421295166,7.792468070983887,474864,7.832531929016113,7.8125,2.078005313873291
15-12-1977,7.772436141967773,7.8125,710736,7.892628192901611,7.8125,2.078005313873291
16-12-1977,7.692307949066162,7.8125,579072,7.8125,7.732371807098389,2.056694269180298
19-12-1977,7.612178802490234,7.732371807098389,1264848,7.75240421295166,7.672276020050049,2.040707588195801
20-12-1977,7.592146873474121,7.672276020050049,807456,7.672276020050049,7.6522440910339355,2.0353806018829346
21-12-1977,7.6522440910339355,7.6522440910339355,1360320,7.852563858032227,7.792468070983887,2.072676181793213
22-12-1977,7.852563858032227,7.852563858032227,1093872,7.9727559089660645,7.932692050933838,2.1099748611450195
23-12-1977,7.952723979949951,7.952723979949951,778128,8.032853126525879,8.012821197509766,2.131287097930908
27-12-1977,7.952723979949951,8.012821197509766,714480,8.032853126525879,7.992787837982178,2.1259589195251465
28-12-1977,7.932692050933838,7.992787837982178,994656,7.992787837982178,7.952723979949951,2.1153037548065186
29-12-1977,7.932692050933838,7.952723979949951,942240,8.032853126525879,7.9727559089660645,2.120631456375122
30-12-1977,7.892628192901611,7.9727559089660645,627120,8.012821197509766,7.992787837982178,2.1259589195251465
03-01-1978,7.8125,7.952723979949951,658320,7.952723979949951,7.8125,2.1011767387390137
04-01-1978,7.692307949066162,7.8125,1145040,7.832531929016113,7.792468070983887,2.0957894325256348
05-01-1978,7.772436141967773,7.792468070983887,939744,7.912660121917725,7.792468070983887,2.0957894325256348
06-01-1978,7.672276020050049,7.732371807098389,2063568,7.732371807098389,7.672276020050049,2.0634634494781494
09-01-1978,7.491987228393555,7.612178802490234,1389024,7.612178802490234,7.572114944458008,2.036524772644043
10-01-1978,7.532051086425781,7.572114944458008,847392,7.632212162017822,7.5520830154418945,2.031137704849243
11-01-1978,7.39182710647583,7.5520830154418945,788736,7.612178802490234,7.411859035491943,1.993424415588379
12-01-1978,7.39182710647583,7.411859035491943,1022112,7.491987228393555,7.431890964508057,1.9988114833831787
13-01-1978,7.431890964508057,7.431890964508057,434928,7.512019157409668,7.45192289352417,2.004199981689453
16-01-1978,7.411859035491943,7.45192289352417,670800,7.471954822540283,7.431890964508057,1.9988114833831787
17-01-1978,7.39182710647583,7.431890964508057,1498224,7.471954822540283,7.431890964508057,1.9988114833831787
18-01-1978,7.39182710647583,7.431890964508057,712608,7.471954822540283,7.471954822540283,2.0095856189727783
19-01-1978,7.411859035491943,7.471954822540283,731952,7.491987228393555,7.431890964508057,1.9988114833831787
20-01-1978,7.351762771606445,7.431890964508057,302640,7.431890964508057,7.351762771606445,1.9772613048553467
23-01-1978,7.271635055541992,7.351762771606445,881088,7.351762771606445,7.271635055541992,1.9557101726531982
24-01-1978,7.231571197509766,7.271635055541992,577200,7.45192289352417,7.251603126525879,1.950324296951294
25-01-1978,7.251603126525879,7.251603126525879,762528,7.331730842590332,7.2916669845581055,1.9610984325408936
26-01-1978,7.211537837982178,7.2916669845581055,1085136,7.331730842590332,7.231571197509766,1.944934606552124
27-01-1978,7.211537837982178,7.231571197509766,655824,7.2916669845581055,7.251603126525879,1.950324296951294
30-01-1978,7.271635055541992,7.271635055541992,638352,7.351762771606445,7.351762771606445,1.9772613048553467
31-01-1978,7.271635055541992,7.351762771606445,667056,7.39182710647583,7.331730842590332,1.971873164176941
01-02-1978,7.311698913574219,7.331730842590332,705120,7.45192289352417,7.431890964508057,1.9988114833831787
02-02-1978,7.45192289352417,7.45192289352417,496080,7.572114944458008,7.491987228393555,2.0149741172790527
03-02-1978,7.371795177459717,7.491987228393555,363168,7.512019157409668,7.512019157409668,2.020362615585327
06-02-1978,7.471954822540283,7.512019157409668,308880,7.532051086425781,7.491987228393555,2.0149741172790527
07-02-1978,7.491987228393555,7.491987228393555,418704,7.572114944458008,7.572114944458008,2.036524772644043
08-02-1978,7.592146873474121,7.592146873474121,734448,7.692307949066162,7.6522440910339355,2.0580766201019287
09-02-1978,7.592146873474121,7.6522440910339355,862992,7.6522440910339355,7.612178802490234,2.0472991466522217
10-02-1978,7.5520830154418945,7.612178802490234,368160,7.6522440910339355,7.612178802490234,2.0472991466522217
13-02-1978,7.532051086425781,7.592146873474121,704496,7.592146873474121,7.572114944458008,2.036524772644043
14-02-1978,7.371795177459717,7.572114944458008,1184976,7.572114944458008,7.39182710647583,1.988037109375
15-02-1978,7.2916669845581055,7.39182710647583,1075776,7.411859035491943,7.351762771606445,1.9772613048553467
16-02-1978,7.231571197509766,7.311698913574219,834288,7.311698913574219,7.251603126525879,1.950324296951294
17-02-1978,7.211537837982178,7.251603126525879,597168,7.311698913574219,7.211537837982178,1.9395480155944824
21-02-1978,7.151442050933838,7.211537837982178,894816,7.231571197509766,7.171473979949951,1.9287718534469604
22-02-1978,7.131410121917725,7.171473979949951,833040,7.211537837982178,7.131410121917725,1.9179970026016235
23-02-1978,7.09134578704834,7.131410121917725,768768,7.171473979949951,7.171473979949951,1.9287718534469604
24-02-1978,7.171473979949951,7.171473979949951,1032720,7.331730842590332,7.271635055541992,1.9557101726531982
27-02-1978,7.1915059089660645,7.271635055541992,643968,7.331730842590332,7.211537837982178,1.9395480155944824
28-02-1978,7.151442050933838,7.1915059089660645,436800,7.1915059089660645,7.171473979949951,1.9287718534469604
01-03-1978,6.991186141967773,7.151442050933838,456768,7.151442050933838,7.131410121917725,1.9179970026016235
02-03-1978,7.071313858032227,7.131410121917725,1015248,7.1915059089660645,7.151442050933838,1.9233850240707397
03-03-1978,7.111378192901611,7.151442050933838,496080,7.211537837982178,7.171473979949951,1.9287718534469604
06-03-1978,7.151442050933838,7.171473979949951,814944,7.211537837982178,7.211537837982178,1.9395480155944824
07-03-1978,7.171473979949951,7.211537837982178,586560,7.251603126525879,7.231571197509766,1.944934606552124
08-03-1978,7.211537837982178,7.231571197509766,522288,7.2916669845581055,7.271635055541992,1.9557101726531982
09-03-1978,7.251603126525879,7.271635055541992,654576,7.351762771606445,7.311698913574219,1.9664851427078247
10-03-1978,7.351762771606445,7.351762771606445,841152,7.471954822540283,7.45192289352417,2.004199981689453
13-03-1978,7.471954822540283,7.471954822540283,843024,7.5520830154418945,7.491987228393555,2.0149741172790527
14-03-1978,7.45192289352417,7.491987228393555,803088,7.5520830154418945,7.532051086425781,2.0257503986358643
15-03-1978,7.45192289352417,7.532051086425781,537888,7.5520830154418945,7.491987228393555,2.0149741172790527
16-03-1978,7.411859035491943,7.491987228393555,268944,7.491987228393555,7.491987228393555,2.0149741172790527
17-03-1978,7.512019157409668,7.512019157409668,667056,7.592146873474121,7.5520830154418945,2.031137704849243
20-03-1978,7.592146873474121,7.592146873474121,834288,7.672276020050049,7.6522440910339355,2.0580766201019287
21-03-1978,7.532051086425781,7.6522440910339355,707616,7.6522440910339355,7.532051086425781,2.0257503986358643
22-03-1978,7.491987228393555,7.532051086425781,658944,7.572114944458008,7.512019157409668,2.020362615585327
23-03-1978,7.431890964508057,7.512019157409668,681408,7.532051086425781,7.45192289352417,2.004199981689453
27-03-1978,7.45192289352417,7.45192289352417,400608,7.5520830154418945,7.491987228393555,2.0149741172790527
28-03-1978,7.491987228393555,7.491987228393555,316368,7.572114944458008,7.572114944458008,2.036524772644043
29-03-1978,7.532051086425781,7.572114944458008,302640,7.592146873474121,7.572114944458008,2.036524772644043
30-03-1978,7.532051086425781,7.572114944458008,522912,7.592146873474121,7.572114944458008,2.036524772644043
31-03-1978,7.431890964508057,7.532051086425781,836160,7.532051086425781,7.471954822540283,2.0095856189727783
03-04-1978,7.351762771606445,7.471954822540283,415584,7.491987228393555,7.39182710647583,1.988037109375
04-04-1978,7.351762771606445,7.39182710647583,569088,7.431890964508057,7.431890964508057,1.9988114833831787
05-04-1978,7.39182710647583,7.431890964508057,431184,7.512019157409668,7.512019157409668,2.020362615585327
06-04-1978,7.431890964508057,7.512019157409668,466128,7.532051086425781,7.45192289352417,2.004199981689453
07-04-1978,7.491987228393555,7.491987228393555,887952,7.5520830154418945,7.512019157409668,2.020362615585327
10-04-1978,7.512019157409668,7.512019157409668,609024,7.572114944458008,7.532051086425781,2.0257503986358643
11-04-1978,7.471954822540283,7.532051086425781,755040,7.5520830154418945,7.512019157409668,2.020362615585327
12-04-1978,7.471954822540283,7.512019157409668,637104,7.512019157409668,7.491987228393555,2.0149741172790527
13-04-1978,7.45192289352417,7.491987228393555,600288,7.532051086425781,7.512019157409668,2.020362615585327
14-04-1978,7.592146873474121,7.592146873474121,2325024,7.732371807098389,7.732371807098389,2.0796265602111816
17-04-1978,7.952723979949951,7.952723979949951,3192384,8.133012771606445,7.9727559089660645,2.1442770957946777
18-04-1978,7.912660121917725,7.9727559089660645,1137552,8.032853126525879,7.932692050933838,2.1335017681121826
19-04-1978,7.832531929016113,7.932692050933838,763152,8.032853126525879,7.952723979949951,2.138890266418457
20-04-1978,8.052885055541992,8.052885055541992,1274208,8.153044700622559,8.072916984558105,2.171215295791626
21-04-1978,8.012821197509766,8.072916984558105,1624272,8.092948913574219,8.012821197509766,2.1550521850585938
24-04-1978,7.9727559089660645,8.012821197509766,1043952,8.373396873474121,8.353364944458008,2.2466421127319336
25-04-1978,8.373396873474121,8.373396873474121,2852928,8.573718070983887,8.373396873474121,2.2520298957824707
26-04-1978,8.313301086425781,8.373396873474121,1971840,8.493590354919434,8.413461685180664,2.262805461883545
27-04-1978,8.273237228393555,8.393428802490234,918528,8.393428802490234,8.313301086425781,2.235867977142334
28-04-1978,8.213141441345215,8.313301086425781,1177488,8.373396873474121,8.373396873474121,2.2520298957824707
01-05-1978,8.333333015441895,8.373396873474121,848640,8.53365421295166,8.493590354919434,2.2843573093414307
02-05-1978,8.353364944458008,8.47355842590332,961584,8.47355842590332,8.393428802490234,2.257417678833008
03-05-1978,8.173076629638672,8.393428802490234,1150032,8.433493614196777,8.233173370361328,2.2143170833587646
04-05-1978,7.992787837982178,8.193108558654785,1400256,8.193108558654785,8.112980842590332,2.1819896697998047
05-05-1978,8.112980842590332,8.112980842590332,1412736,8.213141441345215,8.112980842590332,2.1819896697998047
08-05-1978,8.092948913574219,8.112980842590332,681408,8.193108558654785,8.133012771606445,2.1873786449432373
09-05-1978,8.133012771606445,8.133012771606445,756912,8.213141441345215,8.193108558654785,2.203540802001953
10-05-1978,8.193108558654785,8.193108558654785,929136,8.253205299377441,8.233173370361328,2.2143170833587646
11-05-1978,8.253205299377441,8.253205299377441,736944,8.373396873474121,8.373396873474121,2.2520298957824707
12-05-1978,8.393428802490234,8.393428802490234,1337232,8.553686141967773,8.513622283935547,2.2897439002990723
15-05-1978,8.413461685180664,8.513622283935547,567216,8.633813858032227,8.613781929016113,2.3166823387145996
16-05-1978,8.59375,8.613781929016113,1306032,8.73397445678711,8.613781929016113,2.3166823387145996
17-05-1978,8.573718070983887,8.613781929016113,1091376,8.71394157409668,8.673877716064453,2.3328447341918945
18-05-1978,8.513622283935547,8.673877716064453,878592,8.774038314819336,8.513622283935547,2.2897439002990723
19-05-1978,8.45352554321289,8.513622283935547,606528,8.573718070983887,8.493590354919434,2.2843573093414307
22-05-1978,8.45352554321289,8.493590354919434,468000,8.65384578704834,8.65384578704834,2.327457904815674
23-05-1978,8.553686141967773,8.633813858032227,492336,8.633813858032227,8.59375,2.3112950325012207
24-05-1978,8.353364944458008,8.53365421295166,791232,8.53365421295166,8.45352554321289,2.2735812664031982
25-05-1978,8.393428802490234,8.45352554321289,521040,8.513622283935547,8.45352554321289,2.2735812664031982
26-05-1978,8.333333015441895,8.45352554321289,1497600,8.513622283935547,8.393428802490234,2.257417678833008
30-05-1978,8.313301086425781,8.353364944458008,454272,8.353364944458008,8.333333015441895,2.2412548065185547
31-05-1978,8.333333015441895,8.333333015441895,1531296,8.553686141967773,8.47355842590332,2.2789676189422607
01-06-1978,8.353364944458008,8.47355842590332,655200,8.513622283935547,8.47355842590332,2.3073315620422363
02-06-1978,8.433493614196777,8.47355842590332,546000,8.513622283935547,8.433493614196777,2.2964236736297607
05-06-1978,8.45352554321289,8.45352554321289,839904,8.65384578704834,8.633813858032227,2.3509695529937744
06-06-1978,8.673877716064453,8.673877716064453,1244256,8.794071197509766,8.693909645080566,2.3673341274261475
07-06-1978,8.553686141967773,8.693909645080566,893568,8.71394157409668,8.59375,2.340061902999878
08-06-1978,8.53365421295166,8.59375,633360,8.613781929016113,8.573718070983887,2.334606409072876
09-06-1978,8.333333015441895,8.553686141967773,506688,8.553686141967773,8.353364944458008,2.274603843688965
12-06-1978,8.293269157409668,8.353364944458008,718224,8.53365421295166,8.413461685180664,2.290968894958496
13-06-1978,8.353364944458008,8.413461685180664,1035840,8.513622283935547,8.493590354919434,2.312788963317871
14-06-1978,8.433493614196777,8.493590354919434,665184,8.59375,8.47355842590332,2.3073315620422363
15-06-1978,8.333333015441895,8.47355842590332,636480,8.47355842590332,8.333333015441895,2.2691500186920166
16-06-1978,8.173076629638672,8.333333015441895,615888,8.333333015441895,8.193108558654785,2.230966091156006
19-06-1978,8.133012771606445,8.193108558654785,544128,8.273237228393555,8.273237228393555,2.25278639793396
20-06-1978,8.112980842590332,8.273237228393555,648960,8.273237228393555,8.112980842590332,2.2091474533081055
21-06-1978,7.992787837982178,8.092948913574219,690144,8.092948913574219,8.052885055541992,2.1927833557128906
22-06-1978,8.012821197509766,8.052885055541992,498576,8.092948913574219,8.092948913574219,2.2036943435668945
23-06-1978,8.032853126525879,8.092948913574219,454896,8.133012771606445,8.032853126525879,2.1873300075531006
26-06-1978,7.952723979949951,8.032853126525879,548496,8.072916984558105,7.9727559089660645,2.1709651947021484
27-06-1978,7.892628192901611,7.9727559089660645,928512,8.052885055541992,8.012821197509766,2.1818740367889404
28-06-1978,7.932692050933838,8.012821197509766,471120,8.032853126525879,7.9727559089660645,2.1709651947021484
29-06-1978,8.032853126525879,8.032853126525879,982176,8.092948913574219,8.092948913574219,2.2036943435668945
30-06-1978,8.012821197509766,8.092948913574219,617760,8.092948913574219,8.092948913574219,2.2036943435668945
03-07-1978,8.032853126525879,8.072916984558105,582192,8.072916984558105,8.072916984558105,2.1982386112213135
05-07-1978,8.012821197509766,8.072916984558105,534144,8.072916984558105,8.012821197509766,2.1818740367889404
06-07-1978,7.992787837982178,8.012821197509766,764400,8.072916984558105,8.052885055541992,2.1927833557128906
07-07-1978,8.032853126525879,8.052885055541992,1185600,8.112980842590332,8.112980842590332,2.2091474533081055
10-07-1978,8.072916984558105,8.112980842590332,584688,8.293269157409668,8.253205299377441,2.247331380844116
11-07-1978,8.273237228393555,8.273237228393555,844896,8.393428802490234,8.333333015441895,2.2691500186920166
12-07-1978,8.313301086425781,8.333333015441895,542256,8.353364944458008,8.333333015441895,2.2691500186920166
13-07-1978,8.293269157409668,8.333333015441895,752544,8.373396873474121,8.353364944458008,2.274603843688965
14-07-1978,8.333333015441895,8.353364944458008,1998048,8.573718070983887,8.573718070983887,2.334606409072876
17-07-1978,8.413461685180664,8.573718070983887,711360,8.673877716064453,8.413461685180664,2.290968894958496
18-07-1978,8.333333015441895,8.413461685180664,406224,8.493590354919434,8.333333015441895,2.2691500186920166
19-07-1978,8.333333015441895,8.333333015441895,604656,8.553686141967773,8.53365421295166,2.3236963748931885
20-07-1978,8.433493614196777,8.53365421295166,687024,8.573718070983887,8.493590354919434,2.312788963317871
21-07-1978,8.353364944458008,8.493590354919434,794976,8.493590354919434,8.393428802490234,2.2855138778686523
24-07-1978,8.253205299377441,8.393428802490234,494832,8.413461685180664,8.393428802490234,2.2855138778686523
25-07-1978,8.373396873474121,8.393428802490234,677664,8.573718070983887,8.573718070983887,2.334606409072876
26-07-1978,8.573718070983887,8.573718070983887,827424,8.73397445678711,8.613781929016113,2.3455162048339844
27-07-1978,8.573718070983887,8.613781929016113,555984,8.65384578704834,8.573718070983887,2.334606409072876
28-07-1978,8.553686141967773,8.573718070983887,475488,8.613781929016113,8.573718070983887,2.334606409072876
31-07-1978,8.573718070983887,8.573718070983887,549744,8.633813858032227,8.59375,2.340061902999878
01-08-1978,8.553686141967773,8.59375,957216,8.71394157409668,8.59375,2.340061902999878
02-08-1978,8.53365421295166,8.59375,1057056,8.794071197509766,8.73397445678711,2.378243923187256
03-08-1978,8.814103126525879,8.814103126525879,2400528,9.074519157409668,8.874198913574219,2.416425943374634
04-08-1978,8.834135055541992,8.874198913574219,1110096,8.914262771606445,8.894230842590332,2.4218814373016357
07-08-1978,8.834135055541992,8.894230842590332,1011504,8.974358558654785,8.894230842590332,2.4218814373016357
08-08-1978,8.834135055541992,8.894230842590332,719472,8.934294700622559,8.934294700622559,2.432790517807007
09-08-1978,8.954326629638672,8.954326629638672,1628016,9.114583015441895,9.014423370361328,2.4546101093292236
10-08-1978,8.914262771606445,9.014423370361328,789984,9.074519157409668,8.934294700622559,2.432790517807007
11-08-1978,8.914262771606445,8.934294700622559,555984,9.014423370361328,8.994391441345215,2.4491543769836426
14-08-1978,8.954326629638672,8.994391441345215,533520,9.094551086425781,8.974358558654785,2.443699598312378
15-08-1978,8.814103126525879,8.954326629638672,385632,8.954326629638672,8.934294700622559,2.432790517807007
16-08-1978,8.914262771606445,8.934294700622559,635232,9.034455299377441,9.014423370361328,2.4546101093292236
17-08-1978,9.074519157409668,9.074519157409668,1402752,9.23477554321289,9.114583015441895,2.4818825721740723
18-08-1978,9.014423370361328,9.114583015441895,823680,9.194711685180664,9.054487228393555,2.465517997741699
21-08-1978,8.874198913574219,9.034455299377441,773760,9.034455299377441,8.914262771606445,2.427335262298584
22-08-1978,8.774038314819336,8.914262771606445,615888,8.954326629638672,8.934294700622559,2.432790517807007
23-08-1978,8.914262771606445,8.934294700622559,991536,9.074519157409668,9.014423370361328,2.4546101093292236
24-08-1978,8.974358558654785,9.014423370361328,615888,9.114583015441895,9.034455299377441,2.4600636959075928
25-08-1978,8.974358558654785,9.034455299377441,625248,9.054487228393555,9.034455299377441,2.4600636959075928
28-08-1978,8.874198913574219,9.014423370361328,532896,9.014423370361328,8.974358558654785,2.443699598312378
29-08-1978,8.774038314819336,8.874198913574219,544128,8.874198913574219,8.834135055541992,2.4055182933807373
30-08-1978,8.693909645080566,8.774038314819336,1869504,8.774038314819336,8.73397445678711,2.378243923187256
31-08-1978,8.673877716064453,8.73397445678711,531648,8.754006385803223,8.693909645080566,2.3673341274261475
01-09-1978,8.65384578704834,8.693909645080566,628368,8.71394157409668,8.65384578704834,2.3564257621765137
05-09-1978,8.59375,8.65384578704834,1372800,8.693909645080566,8.633813858032227,2.3509695529937744
06-09-1978,8.613781929016113,8.633813858032227,1670448,8.73397445678711,8.693909645080566,2.3673341274261475
07-09-1978,8.613781929016113,8.693909645080566,741312,8.73397445678711,8.65384578704834,2.3564257621765137
08-09-1978,8.673877716064453,8.673877716064453,2176512,8.774038314819336,8.774038314819336,2.389153480529785
11-09-1978,8.774038314819336,8.774038314819336,1130064,8.854166984558105,8.814103126525879,2.4000627994537354
12-09-1978,8.59375,8.71394157409668,1008384,8.71394157409668,8.71394157409668,2.4011669158935547
13-09-1978,8.673877716064453,8.71394157409668,1108224,8.794071197509766,8.71394157409668,2.4011669158935547
14-09-1978,8.59375,8.71394157409668,750048,8.774038314819336,8.59375,2.3680472373962402
15-09-1978,8.433493614196777,8.59375,662688,8.59375,8.513622283935547,2.3459672927856445
18-09-1978,8.393428802490234,8.513622283935547,1030224,8.53365421295166,8.45352554321289,2.3294074535369873
19-09-1978,8.413461685180664,8.45352554321289,947856,8.613781929016113,8.433493614196777,2.323887586593628
20-09-1978,8.313301086425781,8.433493614196777,990288,8.53365421295166,8.353364944458008,2.301807403564453
21-09-1978,8.293269157409668,8.353364944458008,994032,8.413461685180664,8.393428802490234,2.312847852706909
22-09-1978,8.353364944458008,8.393428802490234,1541904,8.47355842590332,8.413461685180664,2.318366289138794
25-09-1978,8.313301086425781,8.413461685180664,580320,8.413461685180664,8.413461685180664,2.318366289138794
26-09-1978,8.333333015441895,8.413461685180664,898560,8.53365421295166,8.513622283935547,2.3459672927856445
27-09-1978,8.373396873474121,8.513622283935547,943488,8.613781929016113,8.373396873474121,2.3073275089263916
28-09-1978,8.313301086425781,8.373396873474121,834912,8.393428802490234,8.373396873474121,2.3073275089263916
29-09-1978,8.333333015441895,8.373396873474121,782496,8.47355842590332,8.47355842590332,2.3349268436431885
02-10-1978,8.493590354919434,8.493590354919434,959088,8.553686141967773,8.493590354919434,2.340446949005127
03-10-1978,8.493590354919434,8.493590354919434,1066416,8.59375,8.53365421295166,2.351487398147583
04-10-1978,8.413461685180664,8.493590354919434,472992,8.493590354919434,8.493590354919434,2.340446949005127
05-10-1978,8.413461685180664,8.493590354919434,772512,8.513622283935547,8.413461685180664,2.318366289138794
06-10-1978,8.393428802490234,8.413461685180664,604032,8.513622283935547,8.413461685180664,2.318366289138794
09-10-1978,8.433493614196777,8.433493614196777,511680,8.513622283935547,8.513622283935547,2.3459672927856445
10-10-1978,8.47355842590332,8.513622283935547,509184,8.53365421295166,8.493590354919434,2.340446949005127
11-10-1978,8.433493614196777,8.493590354919434,630864,8.573718070983887,8.573718070983887,2.3625285625457764
12-10-1978,8.53365421295166,8.573718070983887,831792,8.633813858032227,8.553686141967773,2.357006549835205
13-10-1978,8.45352554321289,8.553686141967773,624000,8.59375,8.493590354919434,2.340446949005127
16-10-1978,8.313301086425781,8.493590354919434,692016,8.493590354919434,8.313301086425781,2.2907683849334717
17-10-1978,8.253205299377441,8.313301086425781,796848,8.333333015441895,8.293269157409668,2.285247802734375
18-10-1978,8.213141441345215,8.293269157409668,539760,8.353364944458008,8.253205299377441,2.2742087841033936
19-10-1978,8.153044700622559,8.253205299377441,574080,8.273237228393555,8.153044700622559,2.246607780456543
20-10-1978,7.952723979949951,8.153044700622559,1940640,8.153044700622559,7.9727559089660645,2.196929931640625
23-10-1978,7.772436141967773,7.9727559089660645,2144064,7.992787837982178,7.87259578704834,2.1693289279937744
24-10-1978,7.772436141967773,7.87259578704834,1135056,7.912660121917725,7.772436141967773,2.141730546951294
25-10-1978,7.692307949066162,7.772436141967773,1020240,7.832531929016113,7.792468070983887,2.147250175476074
26-10-1978,7.672276020050049,7.792468070983887,1019616,7.8125,7.692307949066162,2.1196513175964355
27-10-1978,7.632212162017822,7.692307949066162,897312,7.75240421295166,7.6522440910339355,2.1086103916168213
30-10-1978,7.371795177459717,7.6522440910339355,1257984,7.772436141967773,7.772436141967773,2.141730546951294
31-10-1978,7.612178802490234,7.772436141967773,758784,7.8125,7.612178802490234,2.0975706577301025
01-11-1978,7.772436141967773,7.772436141967773,1306032,8.173076629638672,8.133012771606445,2.241089105606079
02-11-1978,7.732371807098389,8.052885055541992,1967472,8.052885055541992,7.772436141967773,2.141730546951294
03-11-1978,7.672276020050049,7.772436141967773,1130064,7.772436141967773,7.692307949066162,2.1196513175964355
06-11-1978,7.6522440910339355,7.692307949066162,753168,7.75240421295166,7.6522440910339355,2.1086103916168213
07-11-1978,7.612178802490234,7.6522440910339355,1058928,7.712339878082275,7.692307949066162,2.1196513175964355
08-11-1978,7.592146873474121,7.692307949066162,695136,7.692307949066162,7.692307949066162,2.1196513175964355
09-11-1978,7.6522440910339355,7.692307949066162,649584,7.832531929016113,7.75240421295166,2.136211395263672
10-11-1978,7.712339878082275,7.75240421295166,602160,7.892628192901611,7.772436141967773,2.141730546951294
13-11-1978,7.491987228393555,7.75240421295166,768768,7.75240421295166,7.491987228393555,2.0644514560699463
14-11-1978,7.532051086425781,7.532051086425781,627744,7.672276020050049,7.632212162017822,2.103090763092041
15-11-1978,7.672276020050049,7.672276020050049,751296,7.832531929016113,7.772436141967773,2.141730546951294
16-11-1978,7.732371807098389,7.772436141967773,681408,7.952723979949951,7.892628192901611,2.174849271774292
17-11-1978,7.8125,7.892628192901611,811824,7.9727559089660645,7.9727559089660645,2.196929931640625
20-11-1978,7.932692050933838,7.9727559089660645,453648,8.052885055541992,8.012821197509766,2.2079684734344482
21-11-1978,7.932692050933838,8.012821197509766,408720,8.012821197509766,7.952723979949951,2.191409111022949
22-11-1978,7.912660121917725,7.952723979949951,618384,7.9727559089660645,7.932692050933838,2.185889720916748
24-11-1978,7.852563858032227,7.932692050933838,328224,7.9727559089660645,7.9727559089660645,2.196929931640625
27-11-1978,7.87259578704834,7.9727559089660645,296400,7.9727559089660645,7.932692050933838,2.185889720916748
28-11-1978,7.75240421295166,7.932692050933838,295152,7.952723979949951,7.852563858032227,2.1638097763061523
29-11-1978,7.712339878082275,7.8125,357552,7.8125,7.712339878082275,2.125171422958374
30-11-1978,7.471954822540283,7.592146873474121,846768,7.592146873474121,7.5520830154418945,2.1095025539398193
01-12-1978,7.632212162017822,7.632212162017822,643344,7.792468070983887,7.732371807098389,2.1598615646362305
04-12-1978,7.712339878082275,7.732371807098389,503568,7.8125,7.75240421295166,2.1654579639434814
05-12-1978,7.75240421295166,7.75240421295166,587808,7.832531929016113,7.8125,2.1822452545166016
06-12-1978,7.792468070983887,7.8125,988416,7.932692050933838,7.832531929016113,2.1878395080566406
07-12-1978,7.772436141967773,7.832531929016113,335712,7.87259578704834,7.792468070983887,2.176649808883667
08-12-1978,7.692307949066162,7.792468070983887,508560,7.792468070983887,7.732371807098389,2.1598615646362305
11-12-1978,7.732371807098389,7.732371807098389,379392,7.852563858032227,7.832531929016113,2.1878395080566406
12-12-1978,7.712339878082275,7.832531929016113,340704,7.832531929016113,7.732371807098389,2.1598615646362305
13-12-1978,7.512019157409668,7.732371807098389,455520,7.772436141967773,7.532051086425781,2.103907585144043
14-12-1978,7.532051086425781,7.532051086425781,424944,7.632212162017822,7.612178802490234,2.126288652420044
15-12-1978,7.512019157409668,7.612178802490234,454272,7.612178802490234,7.532051086425781,2.103907585144043
18-12-1978,7.371795177459717,7.512019157409668,836160,7.512019157409668,7.411859035491943,2.0703353881835938
19-12-1978,7.331730842590332,7.411859035491943,687024,7.45192289352417,7.411859035491943,2.0703353881835938
20-12-1978,7.39182710647583,7.411859035491943,551616,7.532051086425781,7.491987228393555,2.092716932296753
21-12-1978,7.371795177459717,7.491987228393555,518544,7.572114944458008,7.471954822540283,2.0871195793151855
22-12-1978,7.431890964508057,7.471954822540283,354432,7.632212162017822,7.612178802490234,2.126288652420044
26-12-1978,7.491987228393555,7.612178802490234,549120,7.712339878082275,7.712339878082275,2.154268503189087
27-12-1978,7.632212162017822,7.712339878082275,808704,7.712339878082275,7.6522440910339355,2.137479305267334
28-12-1978,7.512019157409668,7.6522440910339355,419328,7.6522440910339355,7.592146873474121,2.1206929683685303
29-12-1978,7.532051086425781,7.592146873474121,484224,7.632212162017822,7.5520830154418945,2.1095025539398193
02-01-1979,7.491987228393555,7.5520830154418945,478608,7.6522440910339355,7.532051086425781,2.103907585144043
03-01-1979,7.5520830154418945,7.5520830154418945,908544,7.692307949066162,7.672276020050049,2.1430747509002686
04-01-1979,7.692307949066162,7.912660121917725,1161888,7.912660121917725,7.832531929016113,2.1878395080566406
05-01-1979,7.8125,7.832531929016113,852384,7.912660121917725,7.852563858032227,2.1934356689453125
08-01-1979,7.772436141967773,7.852563858032227,429312,7.852563858032227,7.832531929016113,2.1878395080566406
09-01-1979,7.8125,7.832531929016113,600912,7.932692050933838,7.892628192901611,2.2046267986297607
10-01-1979,7.832531929016113,7.892628192901611,525408,7.912660121917725,7.852563858032227,2.1934356689453125
11-01-1979,7.792468070983887,7.852563858032227,499824,7.852563858032227,7.8125,2.1822452545166016
12-01-1979,7.892628192901611,7.892628192901611,922896,8.012821197509766,7.892628192901611,2.2046267986297607
15-01-1979,7.932692050933838,7.932692050933838,444288,8.012821197509766,8.012821197509766,2.238201141357422
16-01-1979,7.912660121917725,8.012821197509766,833040,8.052885055541992,7.912660121917725,2.2102231979370117
17-01-1979,7.792468070983887,7.912660121917725,759408,7.912660121917725,7.87259578704834,2.199030637741089
18-01-1979,7.8125,7.87259578704834,480480,7.932692050933838,7.892628192901611,2.2046267986297607
19-01-1979,7.932692050933838,7.932692050933838,555984,7.992787837982178,7.952723979949951,2.221412181854248
22-01-1979,7.832531929016113,7.952723979949951,730704,7.9727559089660645,7.892628192901611,2.2046267986297607
23-01-1979,7.87259578704834,7.892628192901611,494832,7.9727559089660645,7.892628192901611,2.2046267986297607
24-01-1979,7.87259578704834,7.892628192901611,839904,8.032853126525879,7.912660121917725,2.2102231979370117
25-01-1979,7.932692050933838,7.932692050933838,1289808,8.072916984558105,8.032853126525879,2.2437942028045654
26-01-1979,7.9727559089660645,8.032853126525879,764400,8.072916984558105,7.992787837982178,2.232604503631592
29-01-1979,7.912660121917725,7.992787837982178,670176,8.012821197509766,7.952723979949951,2.221412181854248
30-01-1979,7.87259578704834,7.952723979949951,471120,7.952723979949951,7.87259578704834,2.199030637741089
31-01-1979,7.712339878082275,7.87259578704834,759408,7.87259578704834,7.732371807098389,2.1598615646362305
01-02-1979,7.672276020050049,7.732371807098389,625248,7.75240421295166,7.75240421295166,2.1654579639434814
02-02-1979,7.632212162017822,7.75240421295166,699504,7.772436141967773,7.672276020050049,2.1430747509002686
05-02-1979,7.491987228393555,7.632212162017822,639600,7.632212162017822,7.532051086425781,2.103907585144043
06-02-1979,7.512019157409668,7.532051086425781,692640,7.572114944458008,7.532051086425781,2.103907585144043
07-02-1979,7.45192289352417,7.532051086425781,851136,7.532051086425781,7.45192289352417,2.081526041030884
08-02-1979,7.431890964508057,7.45192289352417,984672,7.512019157409668,7.431890964508057,2.0759294033050537
09-02-1979,7.371795177459717,7.431890964508057,954096,7.471954822540283,7.411859035491943,2.0703353881835938
12-02-1979,7.39182710647583,7.411859035491943,609024,7.512019157409668,7.45192289352417,2.081526041030884
13-02-1979,7.45192289352417,7.45192289352417,1455792,7.5520830154418945,7.45192289352417,2.081526041030884
14-02-1979,7.45192289352417,7.45192289352417,1058928,7.5520830154418945,7.491987228393555,2.092716932296753
15-02-1979,7.431890964508057,7.491987228393555,398736,7.491987228393555,7.491987228393555,2.092716932296753
16-02-1979,7.471954822540283,7.491987228393555,358800,7.532051086425781,7.512019157409668,2.098311424255371
20-02-1979,7.471954822540283,7.512019157409668,751920,7.6522440910339355,7.6522440910339355,2.137479305267334
21-02-1979,7.512019157409668,7.6522440910339355,897312,7.912660121917725,7.5520830154418945,2.1095025539398193
22-02-1979,7.512019157409668,7.5520830154418945,1042704,7.612178802490234,7.572114944458008,2.115098237991333
23-02-1979,7.491987228393555,7.532051086425781,748176,7.532051086425781,7.491987228393555,2.092716932296753
26-02-1979,7.45192289352417,7.491987228393555,650208,7.5520830154418945,7.491987228393555,2.092716932296753
27-02-1979,7.39182710647583,7.491987228393555,683904,7.491987228393555,7.411859035491943,2.0703353881835938
28-02-1979,7.2916669845581055,7.411859035491943,865488,7.411859035491943,7.371795177459717,2.088496446609497
01-03-1979,7.351762771606445,7.371795177459717,554112,7.431890964508057,7.431890964508057,2.1055219173431396
02-03-1979,7.351762771606445,7.431890964508057,578448,7.431890964508057,7.351762771606445,2.0828189849853516
05-03-1979,7.371795177459717,7.371795177459717,1297920,7.512019157409668,7.411859035491943,2.0998458862304688
06-03-1979,7.411859035491943,7.411859035491943,821184,7.471954822540283,7.45192289352417,2.111196279525757
07-03-1979,7.411859035491943,7.45192289352417,934128,7.491987228393555,7.45192289352417,2.111196279525757
08-03-1979,7.411859035491943,7.45192289352417,1547520,7.532051086425781,7.512019157409668,2.128223180770874
09-03-1979,7.491987228393555,7.512019157409668,1054560,7.572114944458008,7.491987228393555,2.1225459575653076
12-03-1979,7.331730842590332,7.491987228393555,614640,7.5520830154418945,7.5520830154418945,2.1395745277404785
13-03-1979,7.491987228393555,7.5520830154418945,817440,7.612178802490234,7.5520830154418945,2.1395745277404785
14-03-1979,7.532051086425781,7.5520830154418945,370032,7.592146873474121,7.5520830154418945,2.1395745277404785
15-03-1979,7.5520830154418945,7.5520830154418945,648960,7.6522440910339355,7.592146873474121,2.150923252105713
16-03-1979,7.5520830154418945,7.592146873474121,927264,7.692307949066162,7.692307949066162,2.179300308227539
19-03-1979,7.6522440910339355,7.692307949066162,672672,7.772436141967773,7.732371807098389,2.19064998626709
20-03-1979,7.6522440910339355,7.732371807098389,582816,7.75240421295166,7.672276020050049,2.1736233234405518
21-03-1979,7.6522440910339355,7.672276020050049,860496,7.732371807098389,7.712339878082275,2.184974193572998
22-03-1979,7.732371807098389,7.732371807098389,1025856,7.8125,7.75240421295166,2.196324586868286
23-03-1979,7.732371807098389,7.75240421295166,594048,7.912660121917725,7.8125,2.213351011276245
26-03-1979,7.732371807098389,7.8125,468000,7.8125,7.75240421295166,2.196324586868286
27-03-1979,7.712339878082275,7.75240421295166,873600,7.952723979949951,7.952723979949951,2.253077507019043
28-03-1979,7.832531929016113,7.952723979949951,858000,7.952723979949951,7.832531929016113,2.219026565551758
29-03-1979,7.712339878082275,7.832531929016113,799344,7.892628192901611,7.732371807098389,2.19064998626709
30-03-1979,7.6522440910339355,7.732371807098389,844272,7.772436141967773,7.692307949066162,2.179300308227539
02-04-1979,7.512019157409668,7.612178802490234,1013376,7.612178802490234,7.572114944458008,2.1452476978302
03-04-1979,7.572114944458008,7.572114944458008,1106352,7.672276020050049,7.6522440910339355,2.1679487228393555
04-04-1979,7.6522440910339355,7.6522440910339355,1154400,7.75240421295166,7.6522440910339355,2.1679487228393555
05-04-1979,7.592146873474121,7.6522440910339355,693264,7.672276020050049,7.6522440910339355,2.1679487228393555
06-04-1979,7.592146873474121,7.6522440910339355,640848,7.6522440910339355,7.6522440910339355,2.1679487228393555
09-04-1979,7.612178802490234,7.6522440910339355,476736,7.672276020050049,7.632212162017822,2.1622745990753174
10-04-1979,7.6522440910339355,7.6522440910339355,842400,7.792468070983887,7.75240421295166,2.196324586868286
11-04-1979,7.692307949066162,7.75240421295166,827424,7.8125,7.772436141967773,2.2020013332366943
12-04-1979,7.692307949066162,7.772436141967773,678912,7.8125,7.772436141967773,2.2020013332366943
16-04-1979,7.712339878082275,7.772436141967773,599664,7.772436141967773,7.75240421295166,2.196324586868286
17-04-1979,7.692307949066162,7.75240421295166,748800,7.772436141967773,7.692307949066162,2.179300308227539
18-04-1979,7.712339878082275,7.712339878082275,579072,7.772436141967773,7.732371807098389,2.19064998626709
19-04-1979,7.692307949066162,7.732371807098389,628368,7.772436141967773,7.692307949066162,2.179300308227539
20-04-1979,7.6522440910339355,7.692307949066162,610896,7.712339878082275,7.692307949066162,2.179300308227539
23-04-1979,7.6522440910339355,7.692307949066162,879216,7.792468070983887,7.792468070983887,2.2076756954193115
24-04-1979,7.75240421295166,7.792468070983887,736320,7.912660121917725,7.852563858032227,2.224700450897217
25-04-1979,7.8125,7.852563858032227,520416,7.9727559089660645,7.952723979949951,2.253077507019043
26-04-1979,7.852563858032227,7.952723979949951,889200,7.952723979949951,7.892628192901611,2.236051082611084
27-04-1979,7.8125,7.87259578704834,719472,7.87259578704834,7.852563858032227,2.224700450897217
30-04-1979,7.792468070983887,7.852563858032227,467376,7.892628192901611,7.87259578704834,2.230376958847046
01-05-1979,7.87259578704834,7.87259578704834,743808,7.9727559089660645,7.892628192901611,2.236051082611084
02-05-1979,7.87259578704834,7.892628192901611,534144,7.9727559089660645,7.9727559089660645,2.2587530612945557
03-05-1979,7.952723979949951,7.9727559089660645,974688,8.072916984558105,7.992787837982178,2.26442813873291
04-05-1979,7.952723979949951,7.992787837982178,529152,8.012821197509766,7.9727559089660645,2.2587530612945557
07-05-1979,7.792468070983887,7.912660121917725,1006512,7.912660121917725,7.792468070983887,2.2076756954193115
08-05-1979,7.772436141967773,7.792468070983887,609024,7.852563858032227,7.832531929016113,2.219026565551758
09-05-1979,7.792468070983887,7.832531929016113,764400,7.892628192901611,7.892628192901611,2.236051082611084
10-05-1979,7.852563858032227,7.892628192901611,872352,7.892628192901611,7.852563858032227,2.224700450897217
11-05-1979,7.832531929016113,7.852563858032227,491712,7.892628192901611,7.87259578704834,2.230376958847046
14-05-1979,7.772436141967773,7.8125,853632,7.8125,7.792468070983887,2.2076756954193115
15-05-1979,7.792468070983887,7.792468070983887,297648,7.832531929016113,7.8125,2.213351011276245
16-05-1979,7.8125,7.8125,587808,7.87259578704834,7.87259578704834,2.230376958847046
17-05-1979,7.87259578704834,7.87259578704834,839280,8.032853126525879,8.012821197509766,2.2701048851013184
18-05-1979,7.932692050933838,7.992787837982178,702624,7.992787837982178,7.9727559089660645,2.2587530612945557
21-05-1979,7.932692050933838,7.9727559089660645,663936,8.092948913574219,8.032853126525879,2.2757794857025146
22-05-1979,7.992787837982178,8.032853126525879,940992,8.133012771606445,8.112980842590332,2.2984814643859863
23-05-1979,7.992787837982178,8.112980842590332,459888,8.273237228393555,7.992787837982178,2.26442813873291
24-05-1979,7.932692050933838,7.992787837982178,588432,8.032853126525879,8.012821197509766,2.2701048851013184
25-05-1979,7.952723979949951,7.992787837982178,541632,7.992787837982178,7.952723979949951,2.253077507019043
29-05-1979,7.932692050933838,7.952723979949951,1225536,7.992787837982178,7.932692050933838,2.247401714324951
30-05-1979,7.912660121917725,7.932692050933838,695136,7.992787837982178,7.9727559089660645,2.2587530612945557
31-05-1979,7.8125,7.932692050933838,1072032,7.932692050933838,7.87259578704834,2.262207508087158
01-06-1979,7.832531929016113,7.87259578704834,541008,7.932692050933838,7.87259578704834,2.262207508087158
04-06-1979,7.852563858032227,7.87259578704834,292656,7.952723979949951,7.932692050933838,2.2794747352600098
05-06-1979,7.932692050933838,7.932692050933838,579696,8.072916984558105,8.052885055541992,2.314011812210083
06-06-1979,7.992787837982178,8.052885055541992,1057680,8.133012771606445,8.032853126525879,2.308257579803467
07-06-1979,8.032853126525879,8.032853126525879,721968,8.112980842590332,8.052885055541992,2.314011812210083
08-06-1979,8.012821197509766,8.052885055541992,783120,8.052885055541992,8.032853126525879,2.308257579803467
11-06-1979,7.932692050933838,8.012821197509766,546624,8.012821197509766,7.952723979949951,2.285231590270996
12-06-1979,7.932692050933838,7.952723979949951,973440,7.992787837982178,7.932692050933838,2.2794747352600098
13-06-1979,7.892628192901611,7.932692050933838,706368,7.9727559089660645,7.932692050933838,2.2794747352600098
14-06-1979,7.892628192901611,7.932692050933838,514800,7.952723979949951,7.912660121917725,2.273719310760498
15-06-1979,7.912660121917725,7.912660121917725,907296,7.992787837982178,7.932692050933838,2.2794747352600098
18-06-1979,7.792468070983887,7.932692050933838,625872,7.932692050933838,7.87259578704834,2.262207508087158
19-06-1979,7.832531929016113,7.87259578704834,709488,7.912660121917725,7.852563858032227,2.2564496994018555
20-06-1979,7.792468070983887,7.852563858032227,550368,7.852563858032227,7.8125,2.2449393272399902
21-06-1979,7.692307949066162,7.8125,777504,7.852563858032227,7.852563858032227,2.2564496994018555
22-06-1979,7.832531929016113,7.852563858032227,612768,7.932692050933838,7.892628192901611,2.2679619789123535
25-06-1979,7.87259578704834,7.892628192901611,778752,7.952723979949951,7.952723979949951,2.285231590270996
26-06-1979,7.932692050933838,7.952723979949951,955344,8.032853126525879,7.952723979949951,2.285231590270996
27-06-1979,7.952723979949951,7.952723979949951,471744,8.032853126525879,8.012821197509766,2.302501678466797
28-06-1979,7.992787837982178,8.012821197509766,378768,8.052885055541992,8.032853126525879,2.308257579803467
29-06-1979,7.9727559089660645,8.032853126525879,455520,8.092948913574219,8.012821197509766,2.302501678466797
02-07-1979,7.952723979949951,8.012821197509766,669552,8.012821197509766,7.9727559089660645,2.290987968444824
03-07-1979,7.952723979949951,7.9727559089660645,567840,7.992787837982178,7.9727559089660645,2.290987968444824
05-07-1979,7.952723979949951,7.9727559089660645,1710384,7.992787837982178,7.992787837982178,2.296743869781494
06-07-1979,7.952723979949951,7.992787837982178,789360,8.072916984558105,8.032853126525879,2.308257579803467
09-07-1979,8.072916984558105,8.072916984558105,995280,8.193108558654785,8.173076629638672,2.348550796508789
10-07-1979,8.153044700622559,8.173076629638672,1213680,8.233173370361328,8.153044700622559,2.342794418334961
11-07-1979,8.012821197509766,8.112980842590332,619632,8.112980842590332,8.072916984558105,2.3197693824768066
12-07-1979,8.032853126525879,8.072916984558105,338208,8.072916984558105,8.032853126525879,2.308257579803467
13-07-1979,7.87259578704834,8.032853126525879,350064,8.052885055541992,8.052885055541992,2.314011812210083
16-07-1979,7.9727559089660645,8.052885055541992,604032,8.052885055541992,8.052885055541992,2.314011812210083
17-07-1979,8.012821197509766,8.052885055541992,1206192,8.193108558654785,8.072916984558105,2.3197693824768066
18-07-1979,8.032853126525879,8.072916984558105,873600,8.072916984558105,8.072916984558105,2.3197693824768066
19-07-1979,8.032853126525879,8.072916984558105,772512,8.092948913574219,8.072916984558105,2.3197693824768066
20-07-1979,8.032853126525879,8.072916984558105,620256,8.072916984558105,8.052885055541992,2.314011812210083
23-07-1979,8.012821197509766,8.052885055541992,394992,8.072916984558105,8.012821197509766,2.302501678466797
24-07-1979,7.992787837982178,8.012821197509766,460512,8.092948913574219,8.092948913574219,2.325526714324951
25-07-1979,8.092948913574219,8.092948913574219,753792,8.213141441345215,8.173076629638672,2.348550796508789
26-07-1979,8.193108558654785,8.193108558654785,1253616,8.293269157409668,8.253205299377441,2.3715758323669434
27-07-1979,8.213141441345215,8.253205299377441,583440,8.273237228393555,8.253205299377441,2.3715758323669434
30-07-1979,8.233173370361328,8.253205299377441,710736,8.273237228393555,8.233173370361328,2.3658201694488525
31-07-1979,8.253205299377441,8.253205299377441,701376,8.333333015441895,8.273237228393555,2.3773324489593506
01-08-1979,8.253205299377441,8.273237228393555,680784,8.293269157409668,8.273237228393555,2.3773324489593506
02-08-1979,8.213141441345215,8.273237228393555,461136,8.273237228393555,8.233173370361328,2.3658201694488525
03-08-1979,8.173076629638672,8.233173370361328,481728,8.233173370361328,8.213141441345215,2.36006236076355
06-08-1979,8.213141441345215,8.213141441345215,370032,8.253205299377441,8.253205299377441,2.3715758323669434
07-08-1979,8.253205299377441,8.253205299377441,1090128,8.45352554321289,8.433493614196777,2.4233827590942383
08-08-1979,8.47355842590332,8.47355842590332,1330992,8.59375,8.513622283935547,2.446408271789551
09-08-1979,8.45352554321289,8.513622283935547,809952,8.53365421295166,8.47355842590332,2.434894323348999
10-08-1979,8.45352554321289,8.47355842590332,602784,8.65384578704834,8.65384578704834,2.4866995811462402
13-08-1979,8.673877716064453,8.673877716064453,1016496,8.754006385803223,8.673877716064453,2.492457151412964
14-08-1979,8.673877716064453,8.673877716064453,963456,8.73397445678711,8.71394157409668,2.503969430923462
15-08-1979,8.673877716064453,8.71394157409668,902928,8.814103126525879,8.794071197509766,2.5269930362701416
16-08-1979,8.73397445678711,8.794071197509766,1399632,8.834135055541992,8.774038314819336,2.521239757537842
17-08-1979,8.73397445678711,8.774038314819336,706368,8.834135055541992,8.774038314819336,2.521239757537842
20-08-1979,8.71394157409668,8.774038314819336,456768,8.814103126525879,8.794071197509766,2.5269930362701416
21-08-1979,8.73397445678711,8.794071197509766,570336,8.794071197509766,8.774038314819336,2.521239757537842
22-08-1979,8.693909645080566,8.774038314819336,353808,9.094551086425781,8.693909645080566,2.4982123374938965
23-08-1979,8.613781929016113,8.693909645080566,848640,8.71394157409668,8.613781929016113,2.475188970565796
24-08-1979,8.47355842590332,8.59375,439296,8.59375,8.53365421295166,2.452164649963379
27-08-1979,8.393428802490234,8.513622283935547,1082640,8.513622283935547,8.45352554321289,2.429138660430908
28-08-1979,8.45352554321289,8.45352554321289,366912,8.493590354919434,8.45352554321289,2.429138660430908
29-08-1979,8.45352554321289,8.45352554321289,509184,8.493590354919434,8.493590354919434,2.440650463104248
30-08-1979,8.47355842590332,8.493590354919434,333216,8.53365421295166,8.513622283935547,2.446408271789551
31-08-1979,8.493590354919434,8.513622283935547,305760,8.53365421295166,8.53365421295166,2.452164649963379
04-09-1979,8.45352554321289,8.53365421295166,589680,8.553686141967773,8.47355842590332,2.434894323348999
05-09-1979,8.353364944458008,8.45352554321289,1170624,8.45352554321289,8.373396873474121,2.4061129093170166
06-09-1979,8.333333015441895,8.373396873474121,831792,8.393428802490234,8.353364944458008,2.400357246398926
07-09-1979,8.293269157409668,8.353364944458008,343200,8.353364944458008,8.353364944458008,2.400357246398926
10-09-1979,8.293269157409668,8.353364944458008,575328,8.373396873474121,8.313301086425781,2.3888449668884277
11-09-1979,8.173076629638672,8.313301086425781,831168,8.313301086425781,8.193108558654785,2.3543052673339844
12-09-1979,8.153044700622559,8.193108558654785,552864,8.293269157409668,8.213141441345215,2.36006236076355
13-09-1979,8.173076629638672,8.213141441345215,548496,8.253205299377441,8.173076629638672,2.348550796508789
14-09-1979,8.153044700622559,8.173076629638672,759408,8.233173370361328,8.213141441345215,2.36006236076355
17-09-1979,8.213141441345215,8.213141441345215,1671072,8.273237228393555,8.273237228393555,2.3773324489593506
18-09-1979,8.052885055541992,8.153044700622559,1638624,8.153044700622559,8.112980842590332,2.3633267879486084
19-09-1979,8.032853126525879,8.112980842590332,884208,8.153044700622559,8.072916984558105,2.3516573905944824
20-09-1979,8.052885055541992,8.072916984558105,947856,8.213141441345215,8.213141441345215,2.3925042152404785
21-09-1979,8.173076629638672,8.213141441345215,594672,8.253205299377441,8.213141441345215,2.3925042152404785
24-09-1979,8.173076629638672,8.213141441345215,569712,8.293269157409668,8.193108558654785,2.3866679668426514
25-09-1979,8.092948913574219,8.193108558654785,514800,8.233173370361328,8.233173370361328,2.3983397483825684
26-09-1979,8.153044700622559,8.233173370361328,867984,8.293269157409668,8.173076629638672,2.380833148956299
27-09-1979,8.092948913574219,8.173076629638672,1209312,8.213141441345215,8.193108558654785,2.3866679668426514
28-09-1979,8.112980842590332,8.193108558654785,463632,8.193108558654785,8.133012771606445,2.3691611289978027
01-10-1979,8.052885055541992,8.092948913574219,578448,8.092948913574219,8.052885055541992,2.3458216190338135
02-10-1979,8.032853126525879,8.052885055541992,1557504,8.173076629638672,8.173076629638672,2.380833148956299
03-10-1979,8.133012771606445,8.173076629638672,490464,8.213141441345215,8.153044700622559,2.374998092651367
04-10-1979,8.112980842590332,8.153044700622559,572208,8.253205299377441,8.253205299377441,2.404174327850342
05-10-1979,8.233173370361328,8.253205299377441,1203072,8.373396873474121,8.313301086425781,2.4216806888580322
08-10-1979,8.193108558654785,8.313301086425781,1133808,8.313301086425781,8.213141441345215,2.3925042152404785
09-10-1979,8.012821197509766,8.173076629638672,1198080,8.173076629638672,8.032853126525879,2.3399860858917236
10-10-1979,7.612178802490234,7.912660121917725,1417104,7.912660121917725,7.892628192901611,2.2991373538970947
11-10-1979,7.75240421295166,7.87259578704834,988416,7.87259578704834,7.8125,2.275796413421631
12-10-1979,7.772436141967773,7.8125,623376,7.852563858032227,7.8125,2.275796413421631
15-10-1979,7.592146873474121,7.792468070983887,811200,7.792468070983887,7.672276020050049,2.2349486351013184
16-10-1979,7.632212162017822,7.672276020050049,1086384,7.732371807098389,7.632212162017822,2.2232792377471924
17-10-1979,7.592146873474121,7.632212162017822,462384,7.712339878082275,7.692307949066162,2.240785598754883
18-10-1979,7.6522440910339355,7.692307949066162,594672,7.712339878082275,7.6522440910339355,2.2291135787963867
19-10-1979,7.512019157409668,7.6522440910339355,853008,7.672276020050049,7.512019157409668,2.188265562057495
22-10-1979,7.371795177459717,7.512019157409668,554112,7.592146873474121,7.532051086425781,2.194101572036743
23-10-1979,7.512019157409668,7.532051086425781,552864,7.592146873474121,7.532051086425781,2.194101572036743
24-10-1979,7.512019157409668,7.532051086425781,878592,7.592146873474121,7.532051086425781,2.194101572036743
25-10-1979,7.5520830154418945,7.5520830154418945,1009008,7.592146873474121,7.5520830154418945,2.199937105178833
26-10-1979,7.592146873474121,7.592146873474121,653328,7.672276020050049,7.6522440910339355,2.2291135787963867
29-10-1979,7.6522440910339355,7.6522440910339355,667680,7.75240421295166,7.6522440910339355,2.2291135787963867
30-10-1979,7.672276020050049,7.672276020050049,597168,7.832531929016113,7.832531929016113,2.2816333770751953
31-10-1979,7.75240421295166,7.832531929016113,517296,7.852563858032227,7.75240421295166,2.2582895755767822
01-11-1979,7.712339878082275,7.75240421295166,312000,7.772436141967773,7.75240421295166,2.2582895755767822
02-11-1979,7.732371807098389,7.75240421295166,267696,7.792468070983887,7.732371807098389,2.2524547576904297
05-11-1979,7.672276020050049,7.712339878082275,311376,7.712339878082275,7.692307949066162,2.240785598754883
06-11-1979,7.572114944458008,7.692307949066162,604032,7.692307949066162,7.572114944458008,2.2057714462280273
07-11-1979,7.431890964508057,7.5520830154418945,851136,7.5520830154418945,7.45192289352417,2.1707587242126465
08-11-1979,7.45192289352417,7.45192289352417,511680,7.512019157409668,7.512019157409668,2.188265562057495
09-11-1979,7.471954822540283,7.512019157409668,574704,7.5520830154418945,7.491987228393555,2.1824300289154053
12-11-1979,7.45192289352417,7.491987228393555,585936,7.6522440910339355,7.6522440910339355,2.2291135787963867
13-11-1979,7.491987228393555,7.6522440910339355,569712,7.6522440910339355,7.5520830154418945,2.199937105178833
14-11-1979,7.45192289352417,7.5520830154418945,940992,7.572114944458008,7.471954822540283,2.1765944957733154
15-11-1979,7.45192289352417,7.471954822540283,1033968,7.532051086425781,7.45192289352417,2.1707587242126465
16-11-1979,7.411859035491943,7.45192289352417,510432,7.512019157409668,7.411859035491943,2.1590890884399414
19-11-1979,7.311698913574219,7.411859035491943,1056432,7.471954822540283,7.311698913574219,2.129912853240967
20-11-1979,7.311698913574219,7.311698913574219,658944,7.371795177459717,7.331730842590332,2.135747194290161
21-11-1979,7.211537837982178,7.331730842590332,1293552,7.45192289352417,7.431890964508057,2.1649234294891357
23-11-1979,7.431890964508057,7.431890964508057,554736,7.5520830154418945,7.532051086425781,2.194101572036743
26-11-1979,7.491987228393555,7.532051086425781,1437696,7.6522440910339355,7.632212162017822,2.2232792377471924
27-11-1979,7.512019157409668,7.632212162017822,1885104,7.6522440910339355,7.532051086425781,2.194101572036743
28-11-1979,7.45192289352417,7.532051086425781,697008,7.5520830154418945,7.532051086425781,2.194101572036743
29-11-1979,7.5520830154418945,7.5520830154418945,1046448,7.612178802490234,7.572114944458008,2.2057714462280273
30-11-1979,7.371795177459717,7.45192289352417,1053936,7.45192289352417,7.39182710647583,2.185633659362793
03-12-1979,7.331730842590332,7.39182710647583,648336,7.431890964508057,7.331730842590332,2.167863607406616
04-12-1979,7.351762771606445,7.351762771606445,1194336,7.411859035491943,7.351762771606445,2.1737873554229736
05-12-1979,7.411859035491943,7.411859035491943,805584,7.491987228393555,7.431890964508057,2.197478771209717
06-12-1979,7.411859035491943,7.431890964508057,647088,7.471954822540283,7.45192289352417,2.203402042388916
07-12-1979,7.512019157409668,7.512019157409668,1493856,7.592146873474121,7.512019157409668,2.2211713790893555
10-12-1979,7.371795177459717,7.512019157409668,894816,7.632212162017822,7.471954822540283,2.209325075149536
11-12-1979,7.471954822540283,7.471954822540283,1482624,7.632212162017822,7.5520830154418945,2.233018159866333
12-12-1979,7.512019157409668,7.5520830154418945,1037712,7.632212162017822,7.632212162017822,2.256711006164551
13-12-1979,7.632212162017822,7.632212162017822,1138800,7.892628192901611,7.87259578704834,2.3277878761291504
14-12-1979,7.732371807098389,7.87259578704834,1469520,7.87259578704834,7.732371807098389,2.2863261699676514
17-12-1979,7.832531929016113,7.832531929016113,1528800,7.992787837982178,7.952723979949951,2.3514809608459473
18-12-1979,7.792468070983887,7.932692050933838,1169376,7.932692050933838,7.792468070983887,2.3040952682495117
19-12-1979,7.792468070983887,7.792468070983887,1304784,7.912660121917725,7.852563858032227,2.321864366531372
20-12-1979,7.8125,7.852563858032227,942240,7.892628192901611,7.892628192901611,2.3337106704711914
21-12-1979,7.892628192901611,7.892628192901611,1723488,8.052885055541992,8.052885055541992,2.3810973167419434
24-12-1979,8.012821197509766,8.052885055541992,648336,8.112980842590332,8.092948913574219,2.392944097518921
26-12-1979,8.052885055541992,8.092948913574219,359424,8.112980842590332,8.092948913574219,2.392944097518921
27-12-1979,8.032853126525879,8.092948913574219,524784,8.173076629638672,8.153044700622559,2.410712480545044
28-12-1979,8.092948913574219,8.153044700622559,687648,8.173076629638672,8.153044700622559,2.410712480545044
31-12-1979,8.092948913574219,8.153044700622559,308256,8.153044700622559,8.112980842590332,2.3988654613494873
02-01-1980,7.8125,8.112980842590332,929136,8.133012771606445,7.8125,2.310018539428711
03-01-1980,7.672276020050049,7.8125,1148160,7.932692050933838,7.912660121917725,2.3396334648132324
04-01-1980,7.992787837982178,7.992787837982178,1069536,8.193108558654785,8.173076629638672,2.4166347980499268
07-01-1980,8.112980842590332,8.173076629638672,1314768,8.573718070983887,8.45352554321289,2.4995577335357666
08-01-1980,8.47355842590332,8.47355842590332,1539408,8.754006385803223,8.754006385803223,2.5884056091308594
09-01-1980,8.65384578704834,8.754006385803223,3125616,8.894230842590332,8.65384578704834,2.5587892532348633
10-01-1980,8.573718070983887,8.65384578704834,1488240,8.754006385803223,8.693909645080566,2.5706355571746826
11-01-1980,8.59375,8.693909645080566,624000,8.71394157409668,8.673877716064453,2.5647132396698
14-01-1980,8.633813858032227,8.673877716064453,2034240,8.73397445678711,8.673877716064453,2.5647132396698
15-01-1980,8.433493614196777,8.673877716064453,829920,8.673877716064453,8.47355842590332,2.5054824352264404
16-01-1980,8.513622283935547,8.513622283935547,2041728,8.633813858032227,8.573718070983887,2.535097599029541
17-01-1980,8.53365421295166,8.573718070983887,521664,8.59375,8.573718070983887,2.535097599029541
18-01-1980,8.47355842590332,8.573718070983887,1064544,8.59375,8.573718070983887,2.535097599029541
21-01-1980,8.513622283935547,8.573718070983887,1463904,8.814103126525879,8.754006385803223,2.5884056091308594
22-01-1980,8.59375,8.754006385803223,758784,8.794071197509766,8.59375,2.5410213470458984
23-01-1980,8.53365421295166,8.59375,948480,8.774038314819336,8.774038314819336,2.5943286418914795
24-01-1980,8.754006385803223,8.774038314819336,1727856,8.874198913574219,8.754006385803223,2.5884056091308594
25-01-1980,8.73397445678711,8.754006385803223,1225536,8.794071197509766,8.794071197509766,2.6002514362335205
28-01-1980,8.754006385803223,8.794071197509766,820560,8.894230842590332,8.874198913574219,2.6239428520202637
29-01-1980,8.673877716064453,8.874198913574219,1040208,8.894230842590332,8.71394157409668,2.576558828353882
30-01-1980,8.71394157409668,8.71394157409668,1096368,9.014423370361328,9.014423370361328,2.6654067039489746
31-01-1980,8.774038314819336,9.014423370361328,1573104,9.214743614196777,8.814103126525879,2.6061739921569824
01-02-1980,8.754006385803223,8.814103126525879,1069536,9.014423370361328,8.954326629638672,2.647637367248535
04-02-1980,8.794071197509766,8.954326629638672,1243008,9.034455299377441,8.814103126525879,2.6061739921569824
05-02-1980,8.814103126525879,8.814103126525879,537264,8.934294700622559,8.934294700622559,2.6417131423950195
06-02-1980,8.774038314819336,8.934294700622559,873600,9.014423370361328,9.014423370361328,2.6654067039489746
07-02-1980,8.834135055541992,9.014423370361328,1064544,9.014423370361328,8.854166984558105,2.6180191040039062
08-02-1980,8.774038314819336,8.854166984558105,1988688,8.894230842590332,8.774038314819336,2.5943286418914795
11-02-1980,8.613781929016113,8.774038314819336,1797120,8.854166984558105,8.673877716064453,2.5647132396698
12-02-1980,8.613781929016113,8.673877716064453,748800,8.71394157409668,8.71394157409668,2.576558828353882
13-02-1980,8.774038314819336,8.774038314819336,1935648,8.874198913574219,8.794071197509766,2.6002514362335205
14-02-1980,8.59375,8.774038314819336,962832,8.774038314819336,8.65384578704834,2.5587892532348633
15-02-1980,8.253205299377441,8.573718070983887,1504464,8.573718070983887,8.433493614196777,2.4936368465423584
19-02-1980,8.273237228393555,8.393428802490234,941616,8.393428802490234,8.313301086425781,2.458096504211426
20-02-1980,8.313301086425781,8.313301086425781,1158144,8.413461685180664,8.373396873474121,2.4758658409118652
21-02-1980,8.173076629638672,8.373396873474121,1290432,8.393428802490234,8.213141441345215,2.428481340408325
22-02-1980,8.112980842590332,8.213141441345215,1191840,8.213141441345215,8.112980842590332,2.3988654613494873
25-02-1980,7.952723979949951,8.092948913574219,1119456,8.092948913574219,7.992787837982178,2.363325357437134
26-02-1980,7.992787837982178,7.992787837982178,846144,8.112980842590332,8.112980842590332,2.3988654613494873
27-02-1980,7.9727559089660645,8.112980842590332,1077024,8.173076629638672,7.992787837982178,2.363325357437134
28-02-1980,7.832531929016113,7.992787837982178,914160,8.012821197509766,7.9727559089660645,2.3574025630950928
29-02-1980,7.87259578704834,7.9727559089660645,1093872,8.072916984558105,8.052885055541992,2.4150781631469727
03-03-1980,7.992787837982178,8.052885055541992,853008,8.133012771606445,7.992787837982178,2.3970537185668945
04-03-1980,7.912660121917725,7.992787837982178,826800,7.992787837982178,7.9727559089660645,2.3910465240478516
05-03-1980,7.8125,7.9727559089660645,1288560,7.992787837982178,7.852563858032227,2.3550002574920654
06-03-1980,7.712339878082275,7.832531929016113,1266720,7.832531929016113,7.75240421295166,2.3249611854553223
07-03-1980,7.732371807098389,7.75240421295166,1172496,7.852563858032227,7.792468070983887,2.33697772026062
10-03-1980,7.732371807098389,7.792468070983887,1383408,7.87259578704834,7.8125,2.3429856300354004
11-03-1980,7.75240421295166,7.8125,831792,7.912660121917725,7.852563858032227,2.3550002574920654
12-03-1980,7.712339878082275,7.832531929016113,771264,7.832531929016113,7.8125,2.3429856300354004
13-03-1980,7.6522440910339355,7.75240421295166,1114464,7.75240421295166,7.692307949066162,2.3069393634796143
14-03-1980,7.6522440910339355,7.692307949066162,1440192,7.732371807098389,7.672276020050049,2.300931453704834
17-03-1980,7.491987228393555,7.6522440910339355,932880,7.6522440910339355,7.491987228393555,2.2468626499176025
18-03-1980,7.471954822540283,7.491987228393555,1413360,7.592146873474121,7.592146873474121,2.2769007682800293
19-03-1980,7.45192289352417,7.572114944458008,1579968,7.572114944458008,7.45192289352417,2.2348475456237793
20-03-1980,7.331730842590332,7.45192289352417,1355328,7.491987228393555,7.331730842590332,2.1988019943237305
21-03-1980,7.311698913574219,7.331730842590332,1125696,7.411859035491943,7.411859035491943,2.222832202911377
24-03-1980,7.251603126525879,7.411859035491943,1587456,7.411859035491943,7.271635055541992,2.1807799339294434
25-03-1980,7.211537837982178,7.271635055541992,2254512,7.331730842590332,7.271635055541992,2.1807799339294434
26-03-1980,7.271635055541992,7.271635055541992,826800,7.371795177459717,7.2916669845581055,2.18678617477417
27-03-1980,7.051281929016113,7.2916669845581055,1273584,7.2916669845581055,7.251603126525879,2.1747708320617676
28-03-1980,7.351762771606445,7.351762771606445,685152,7.6522440910339355,7.6522440910339355,2.294924259185791
31-03-1980,7.592146873474121,7.6522440910339355,878592,7.732371807098389,7.712339878082275,2.312948226928711
01-04-1980,7.512019157409668,7.712339878082275,901056,7.8125,7.572114944458008,2.2708921432495117
02-04-1980,7.5520830154418945,7.572114944458008,660816,7.672276020050049,7.612178802490234,2.2829091548919678
03-04-1980,7.632212162017822,7.632212162017822,537888,7.75240421295166,7.75240421295166,2.3249611854553223
07-04-1980,7.431890964508057,7.712339878082275,1583088,7.712339878082275,7.45192289352417,2.2348475456237793
08-04-1980,7.331730842590332,7.45192289352417,962832,7.532051086425781,7.491987228393555,2.2468626499176025
09-04-1980,7.45192289352417,7.491987228393555,879840,7.5520830154418945,7.532051086425781,2.258877754211426
10-04-1980,7.532051086425781,7.532051086425781,480480,7.632212162017822,7.632212162017822,2.288917064666748
11-04-1980,7.592146873474121,7.632212162017822,941616,7.672276020050049,7.612178802490234,2.2829091548919678
14-04-1980,7.572114944458008,7.612178802490234,477360,7.672276020050049,7.632212162017822,2.288917064666748
15-04-1980,7.612178802490234,7.632212162017822,645840,7.6522440910339355,7.632212162017822,2.288917064666748
16-04-1980,7.411859035491943,7.632212162017822,1244880,7.672276020050049,7.431890964508057,2.2288386821746826
17-04-1980,7.331730842590332,7.431890964508057,643968,7.45192289352417,7.331730842590332,2.1988019943237305
18-04-1980,7.171473979949951,7.331730842590332,708240,7.411859035491943,7.171473979949951,2.1507411003112793
21-04-1980,7.131410121917725,7.171473979949951,843024,7.231571197509766,7.171473979949951,2.1507411003112793
22-04-1980,7.211537837982178,7.211537837982178,1541904,7.371795177459717,7.331730842590332,2.1988019943237305
23-04-1980,7.371795177459717,7.371795177459717,770640,7.491987228393555,7.411859035491943,2.222832202911377
24-04-1980,7.39182710647583,7.411859035491943,560976,7.5520830154418945,7.471954822540283,2.2408554553985596
25-04-1980,7.411859035491943,7.471954822540283,496080,7.532051086425781,7.532051086425781,2.258877754211426
28-04-1980,7.572114944458008,7.572114944458008,825552,7.632212162017822,7.572114944458008,2.2708921432495117
29-04-1980,7.572114944458008,7.572114944458008,481728,7.632212162017822,7.592146873474121,2.2769007682800293
30-04-1980,7.512019157409668,7.592146873474121,544752,7.612178802490234,7.612178802490234,2.2829091548919678
01-05-1980,7.411859035491943,7.612178802490234,515424,7.632212162017822,7.411859035491943,2.222832202911377
02-05-1980,7.331730842590332,7.411859035491943,1254240,7.431890964508057,7.351762771606445,2.2048094272613525
05-05-1980,7.331730842590332,7.351762771606445,502320,7.431890964508057,7.431890964508057,2.2288386821746826
06-05-1980,7.411859035491943,7.431890964508057,1436448,7.512019157409668,7.431890964508057,2.2288386821746826
07-05-1980,7.411859035491943,7.431890964508057,1347216,7.672276020050049,7.612178802490234,2.2829091548919678
08-05-1980,7.532051086425781,7.612178802490234,534768,7.632212162017822,7.5520830154418945,2.264885902404785
09-05-1980,7.45192289352417,7.5520830154418945,541008,7.5520830154418945,7.512019157409668,2.252870798110962
12-05-1980,7.371795177459717,7.512019157409668,573456,7.532051086425781,7.491987228393555,2.2468626499176025
13-05-1980,7.411859035491943,7.491987228393555,1063920,7.532051086425781,7.491987228393555,2.2468626499176025
14-05-1980,7.45192289352417,7.491987228393555,1301040,7.632212162017822,7.471954822540283,2.2408554553985596
15-05-1980,7.45192289352417,7.471954822540283,596544,7.612178802490234,7.572114944458008,2.2708921432495117
16-05-1980,7.532051086425781,7.572114944458008,428688,7.592146873474121,7.532051086425781,2.258877754211426
19-05-1980,7.491987228393555,7.532051086425781,505440,7.592146873474121,7.592146873474121,2.2769007682800293
20-05-1980,7.5520830154418945,7.592146873474121,763776,7.612178802490234,7.592146873474121,2.2769007682800293
21-05-1980,7.512019157409668,7.592146873474121,672048,7.632212162017822,7.632212162017822,2.288917064666748
22-05-1980,7.632212162017822,7.632212162017822,692640,7.8125,7.75240421295166,2.3249611854553223
23-05-1980,7.792468070983887,7.792468070983887,2474160,7.952723979949951,7.952723979949951,2.385037422180176
27-05-1980,7.9727559089660645,7.9727559089660645,1327872,8.052885055541992,7.992787837982178,2.3970537185668945
28-05-1980,7.952723979949951,7.992787837982178,1229280,8.052885055541992,7.9727559089660645,2.3910465240478516
29-05-1980,7.912660121917725,7.9727559089660645,570336,8.012821197509766,7.912660121917725,2.3730216026306152
30-05-1980,7.672276020050049,7.912660121917725,1642368,7.952723979949951,7.932692050933838,2.415724039077759
02-06-1980,7.151442050933838,7.932692050933838,1370304,7.932692050933838,7.8125,2.3791239261627197
03-06-1980,7.772436141967773,7.8125,564720,7.87259578704834,7.8125,2.3791239261627197
04-06-1980,7.792468070983887,7.8125,906048,7.952723979949951,7.952723979949951,2.4218268394470215
05-06-1980,7.992787837982178,7.992787837982178,1589952,8.133012771606445,8.072916984558105,2.458427906036377
06-06-1980,8.032853126525879,8.072916984558105,854256,8.153044700622559,8.112980842590332,2.4706294536590576
09-06-1980,7.952723979949951,8.112980842590332,907296,8.153044700622559,8.012821197509766,2.440126895904541
10-06-1980,7.9727559089660645,8.012821197509766,914784,8.052885055541992,8.032853126525879,2.446227550506592
11-06-1980,8.012821197509766,8.032853126525879,992784,8.092948913574219,8.052885055541992,2.452327013015747
12-06-1980,7.952723979949951,8.052885055541992,859872,8.092948913574219,8.012821197509766,2.440126895904541
13-06-1980,7.932692050933838,8.012821197509766,1159392,8.032853126525879,7.9727559089660645,2.427926540374756
16-06-1980,7.9727559089660645,7.9727559089660645,1541280,8.052885055541992,8.012821197509766,2.440126895904541
17-06-1980,8.012821197509766,8.012821197509766,1392768,8.153044700622559,8.153044700622559,2.482830047607422
18-06-1980,8.072916984558105,8.133012771606445,1444560,8.133012771606445,8.092948913574219,2.4645278453826904
19-06-1980,7.9727559089660645,8.092948913574219,2036736,8.133012771606445,7.9727559089660645,2.427926540374756
20-06-1980,7.932692050933838,7.9727559089660645,1623024,8.052885055541992,8.032853126525879,2.446227550506592
23-06-1980,8.032853126525879,8.032853126525879,1394640,8.092948913574219,8.092948913574219,2.4645278453826904
24-06-1980,8.012821197509766,8.092948913574219,1338480,8.213141441345215,8.173076629638672,2.4889297485351562
25-06-1980,8.213141441345215,8.213141441345215,1239888,8.333333015441895,8.293269157409668,2.5255298614501953
26-06-1980,8.253205299377441,8.293269157409668,783120,8.333333015441895,8.253205299377441,2.5133304595947266
27-06-1980,8.193108558654785,8.253205299377441,769392,8.333333015441895,8.293269157409668,2.5255298614501953
30-06-1980,8.213141441345215,8.273237228393555,520416,8.273237228393555,8.253205299377441,2.5133304595947266
01-07-1980,8.193108558654785,8.253205299377441,877968,8.333333015441895,8.333333015441895,2.5377326011657715
02-07-1980,8.313301086425781,8.333333015441895,1309776,8.553686141967773,8.53365421295166,2.5987348556518555
03-07-1980,8.53365421295166,8.53365421295166,1894464,8.573718070983887,8.553686141967773,2.6048357486724854
07-07-1980,8.45352554321289,8.553686141967773,996528,8.553686141967773,8.53365421295166,2.5987348556518555
08-07-1980,8.493590354919434,8.53365421295166,907920,8.613781929016113,8.59375,2.617034673690796
09-07-1980,8.53365421295166,8.59375,753168,8.673877716064453,8.553686141967773,2.6048357486724854
10-07-1980,8.45352554321289,8.53365421295166,693888,8.53365421295166,8.45352554321289,2.5743346214294434
11-07-1980,8.433493614196777,8.45352554321289,651456,8.65384578704834,8.613781929016113,2.623136043548584
14-07-1980,8.59375,8.613781929016113,784368,8.794071197509766,8.794071197509766,2.678039312362671
15-07-1980,8.73397445678711,8.794071197509766,1234272,8.954326629638672,8.73397445678711,2.6597375869750977
16-07-1980,8.73397445678711,8.73397445678711,854880,8.814103126525879,8.73397445678711,2.6597375869750977
17-07-1980,8.73397445678711,8.73397445678711,1157520,8.854166984558105,8.834135055541992,2.690239429473877
18-07-1980,8.553686141967773,8.834135055541992,906048,8.894230842590332,8.874198913574219,2.702439785003662
21-07-1980,8.814103126525879,8.874198913574219,609648,8.894230842590332,8.854166984558105,2.696340322494507
22-07-1980,8.754006385803223,8.854166984558105,808080,8.914262771606445,8.754006385803223,2.6658387184143066
23-07-1980,8.65384578704834,8.754006385803223,1236144,8.814103126525879,8.71394157409668,2.6536378860473633
24-07-1980,8.633813858032227,8.71394157409668,881712,8.73397445678711,8.633813858032227,2.6292378902435303
25-07-1980,8.613781929016113,8.633813858032227,775008,8.673877716064453,8.65384578704834,2.6353366374969482
28-07-1980,8.633813858032227,8.65384578704834,612768,8.693909645080566,8.693909645080566,2.647535562515259
29-07-1980,8.71394157409668,8.71394157409668,773136,8.814103126525879,8.794071197509766,2.678039312362671
30-07-1980,8.894230842590332,8.894230842590332,913536,8.974358558654785,8.974358558654785,2.732938766479492
31-07-1980,8.834135055541992,8.974358558654785,807456,9.014423370361328,9.014423370361328,2.7451419830322266
01-08-1980,8.834135055541992,8.994391441345215,946608,8.994391441345215,8.974358558654785,2.732938766479492
04-08-1980,8.914262771606445,8.974358558654785,573456,8.994391441345215,8.974358558654785,2.732938766479492
05-08-1980,8.954326629638672,8.974358558654785,834288,9.074519157409668,9.014423370361328,2.7451419830322266
06-08-1980,8.814103126525879,8.974358558654785,2799888,8.974358558654785,8.894230842590332,2.708540678024292
07-08-1980,8.894230842590332,8.894230842590332,1104480,8.974358558654785,8.934294700622559,2.7207417488098145
08-08-1980,8.974358558654785,8.974358558654785,1641744,9.094551086425781,9.034455299377441,2.75124454498291
11-08-1980,9.034455299377441,9.034455299377441,1069536,9.174678802490234,9.174678802490234,2.7939462661743164
12-08-1980,9.174678802490234,9.174678802490234,1609296,9.31490421295166,9.174678802490234,2.7939462661743164
13-08-1980,9.094551086425781,9.174678802490234,2486640,9.214743614196777,9.094551086425781,2.769543170928955
14-08-1980,9.054487228393555,9.094551086425781,1398384,9.294872283935547,9.294872283935547,2.8305485248565674
15-08-1980,9.214743614196777,9.294872283935547,783120,9.31490421295166,9.23477554321289,2.8122451305389404
18-08-1980,9.054487228393555,9.194711685180664,955344,9.194711685180664,9.074519157409668,2.763441562652588
19-08-1980,8.974358558654785,9.074519157409668,1455168,9.094551086425781,8.974358558654785,2.732938766479492
20-08-1980,8.974358558654785,8.974358558654785,1036464,9.054487228393555,9.034455299377441,2.75124454498291
21-08-1980,9.054487228393555,9.054487228393555,929136,9.134614944458008,9.134614944458008,2.781745433807373
22-08-1980,9.074519157409668,9.134614944458008,1108848,9.194711685180664,9.074519157409668,2.763441562652588
25-08-1980,8.954326629638672,9.054487228393555,889824,9.054487228393555,8.974358558654785,2.732938766479492
26-08-1980,8.934294700622559,8.974358558654785,902304,9.034455299377441,8.974358558654785,2.732938766479492
27-08-1980,8.754006385803223,8.934294700622559,2165280,8.934294700622559,8.794071197509766,2.678039312362671
28-08-1980,8.693909645080566,8.794071197509766,693264,8.794071197509766,8.73397445678711,2.6597375869750977
29-08-1980,8.65384578704834,8.73397445678711,1530048,8.754006385803223,8.73397445678711,2.6597375869750977
02-09-1980,8.71394157409668,8.73397445678711,1095120,8.894230842590332,8.834135055541992,2.690239429473877
03-09-1980,8.814103126525879,8.834135055541992,1094496,8.894230842590332,8.854166984558105,2.696340322494507
04-09-1980,8.814103126525879,8.854166984558105,1050192,8.954326629638672,8.814103126525879,2.68414044380188
05-09-1980,8.613781929016113,8.814103126525879,1085136,8.814103126525879,8.673877716064453,2.641437530517578
08-09-1980,8.393428802490234,8.673877716064453,1094496,8.673877716064453,8.393428802490234,2.55603289604187
09-09-1980,8.353364944458008,8.393428802490234,1696656,8.513622283935547,8.513622283935547,2.5926365852355957
10-09-1980,8.493590354919434,8.513622283935547,1273584,8.573718070983887,8.573718070983887,2.610935688018799
11-09-1980,8.553686141967773,8.573718070983887,1374672,8.65384578704834,8.613781929016113,2.623136043548584
12-09-1980,8.59375,8.613781929016113,934128,8.65384578704834,8.59375,2.617034673690796
15-09-1980,8.493590354919434,8.59375,462384,8.613781929016113,8.59375,2.617034673690796
16-09-1980,8.45352554321289,8.59375,2274480,8.673877716064453,8.47355842590332,2.617035150527954
17-09-1980,8.47355842590332,8.47355842590332,1779024,8.754006385803223,8.754006385803223,2.703651189804077
18-09-1980,8.693909645080566,8.754006385803223,1075152,8.854166984558105,8.73397445678711,2.697465181350708
19-09-1980,8.65384578704834,8.73397445678711,2151552,8.774038314819336,8.73397445678711,2.697465181350708
22-09-1980,8.693909645080566,8.73397445678711,1363440,8.934294700622559,8.934294700622559,2.759334087371826
23-09-1980,8.754006385803223,8.934294700622559,1419600,8.934294700622559,8.754006385803223,2.703651189804077
24-09-1980,8.613781929016113,8.754006385803223,1173744,8.774038314819336,8.71394157409668,2.6912782192230225
25-09-1980,8.65384578704834,8.71394157409668,565344,8.754006385803223,8.673877716064453,2.678903341293335
26-09-1980,8.59375,8.673877716064453,1029600,8.673877716064453,8.59375,2.654156446456909
29-09-1980,8.353364944458008,8.59375,979056,8.59375,8.373396873474121,2.586101531982422
30-09-1980,8.373396873474121,8.373396873474121,652704,8.47355842590332,8.433493614196777,2.6046648025512695
01-10-1980,8.353364944458008,8.433493614196777,2052960,8.433493614196777,8.353364944458008,2.5799145698547363
02-10-1980,8.353364944458008,8.353364944458008,877968,8.433493614196777,8.413461685180664,2.5984745025634766
03-10-1980,8.393428802490234,8.413461685180664,719472,8.673877716064453,8.613781929016113,2.6603434085845947
06-10-1980,8.553686141967773,8.613781929016113,877344,8.834135055541992,8.814103126525879,2.7222115993499756
07-10-1980,8.673877716064453,8.814103126525879,1009632,8.934294700622559,8.71394157409668,2.6912782192230225
08-10-1980,8.573718070983887,8.71394157409668,3285984,8.71394157409668,8.673877716064453,2.678903341293335
09-10-1980,8.65384578704834,8.673877716064453,909792,8.73397445678711,8.71394157409668,2.6912782192230225
10-10-1980,8.493590354919434,8.673877716064453,1106976,8.673877716064453,8.573718070983887,2.647970199584961
13-10-1980,8.573718070983887,8.573718070983887,747552,8.633813858032227,8.59375,2.654156446456909
14-10-1980,8.59375,8.59375,1890096,8.693909645080566,8.613781929016113,2.6603434085845947
15-10-1980,8.59375,8.613781929016113,888576,8.65384578704834,8.65384578704834,2.6727182865142822
16-10-1980,8.65384578704834,8.65384578704834,1557504,8.834135055541992,8.673877716064453,2.678903341293335
17-10-1980,8.59375,8.673877716064453,585312,8.774038314819336,8.613781929016113,2.6603434085845947
20-10-1980,8.513622283935547,8.613781929016113,656448,8.633813858032227,8.553686141967773,2.6417834758758545
21-10-1980,8.553686141967773,8.553686141967773,1274832,8.65384578704834,8.633813858032227,2.666532278060913
22-10-1980,8.573718070983887,8.633813858032227,953472,8.673877716064453,8.59375,2.654156446456909
23-10-1980,8.393428802490234,8.59375,1158144,8.59375,8.413461685180664,2.5984745025634766
24-10-1980,8.293269157409668,8.393428802490234,1445184,8.393428802490234,8.373396873474121,2.586101531982422
27-10-1980,8.333333015441895,8.373396873474121,1490112,8.433493614196777,8.353364944458008,2.5799145698547363
28-10-1980,8.253205299377441,8.353364944458008,1407744,8.433493614196777,8.393428802490234,2.59228777885437
29-10-1980,8.433493614196777,8.433493614196777,1005888,8.633813858032227,8.53365421295166,2.6355957984924316
30-10-1980,8.513622283935547,8.53365421295166,658320,8.693909645080566,8.633813858032227,2.666532278060913
31-10-1980,8.59375,8.633813858032227,676416,8.673877716064453,8.673877716064453,2.678903341293335
03-11-1980,8.65384578704834,8.673877716064453,1890096,8.754006385803223,8.71394157409668,2.6912782192230225
05-11-1980,8.894230842590332,8.894230842590332,2685696,9.23477554321289,8.934294700622559,2.759334087371826
06-11-1980,8.754006385803223,8.894230842590332,1241760,8.894230842590332,8.774038314819336,2.7098388671875
07-11-1980,8.65384578704834,8.774038314819336,947856,8.854166984558105,8.73397445678711,2.697465181350708
10-11-1980,8.73397445678711,8.73397445678711,774384,8.874198913574219,8.814103126525879,2.7222115993499756
11-11-1980,8.854166984558105,8.854166984558105,828048,8.974358558654785,8.954326629638672,2.76552152633667
12-11-1980,8.934294700622559,8.954326629638672,788112,9.114583015441895,9.094551086425781,2.808828592300415
13-11-1980,9.114583015441895,9.114583015441895,1863888,9.274840354919434,9.23477554321289,2.85213565826416
14-11-1980,9.214743614196777,9.23477554321289,2903472,9.354968070983887,9.334936141967773,2.8830714225769043
17-11-1980,9.194711685180664,9.334936141967773,1751568,9.354968070983887,9.334936141967773,2.8830714225769043
18-11-1980,9.395031929016113,9.395031929016113,4034160,9.535256385803223,9.535256385803223,2.9449384212493896
19-11-1980,9.555288314819336,9.555288314819336,3519360,9.755608558654785,9.675480842590332,2.9882473945617676
20-11-1980,9.655448913574219,9.675480842590332,1561872,9.855769157409668,9.855769157409668,3.043928384780884
21-11-1980,9.935896873474121,9.935896873474121,2774928,10.076122283935547,9.975961685180664,3.0810489654541016
24-11-1980,9.875801086425781,9.975961685180664,1929408,9.995993614196777,9.995993614196777,3.0872373580932617
25-11-1980,9.975961685180664,9.995993614196777,1701024,10.09615421295166,9.995993614196777,3.0872373580932617
26-11-1980,9.915864944458008,9.995993614196777,1504464,10.076122283935547,9.935896873474121,3.068676710128784
28-11-1980,9.915864944458008,9.935896873474121,1302288,9.975961685180664,9.915864944458008,3.062490701675415
01-12-1980,9.615385055541992,9.775641441345215,1674192,9.775641441345215,9.655448913574219,2.9820609092712402
02-12-1980,9.31490421295166,9.575321197509766,1822704,9.575321197509766,9.575321197509766,2.9945898056030273
03-12-1980,9.49519157409668,9.575321197509766,737568,9.635416984558105,9.595353126525879,3.000854253768921
04-12-1980,9.535256385803223,9.595353126525879,1304784,9.855769157409668,9.835737228393555,3.0760302543640137
05-12-1980,9.475159645080566,9.795673370361328,1269216,9.795673370361328,9.475159645080566,2.9632644653320312
08-12-1980,9.274840354919434,9.43509578704834,1043952,9.43509578704834,9.334936141967773,2.9194109439849854
09-12-1980,9.214743614196777,9.334936141967773,1003392,9.375,9.334936141967773,2.9194109439849854
10-12-1980,9.054487228393555,9.334936141967773,1161888,9.375,9.134614944458008,2.8567631244659424
11-12-1980,8.894230842590332,9.054487228393555,1253616,9.054487228393555,9.054487228393555,2.831705093383789
12-12-1980,9.014423370361328,9.054487228393555,1397136,9.194711685180664,9.174678802490234,2.8692922592163086
15-12-1980,9.134614944458008,9.174678802490234,795600,9.274840354919434,9.134614944458008,2.8567631244659424
16-12-1980,9.114583015441895,9.134614944458008,814944,9.31490421295166,9.294872283935547,2.906881809234619
17-12-1980,9.23477554321289,9.294872283935547,680160,9.334936141967773,9.294872283935547,2.906881809234619
18-12-1980,9.23477554321289,9.294872283935547,1185600,9.354968070983887,9.23477554321289,2.88808536529541
19-12-1980,9.23477554321289,9.23477554321289,826176,9.31490421295166,9.294872283935547,2.906881809234619
22-12-1980,9.354968070983887,9.354968070983887,1085760,9.635416984558105,9.615385055541992,3.0071194171905518
23-12-1980,9.655448913574219,9.655448913574219,1948128,9.755608558654785,9.715544700622559,3.0384435653686523
24-12-1980,9.615385055541992,9.715544700622559,656448,9.735576629638672,9.655448913574219,3.0196478366851807
26-12-1980,9.635416984558105,9.655448913574219,184080,9.735576629638672,9.735576629638672,3.0447068214416504
29-12-1980,9.615385055541992,9.735576629638672,447408,9.835737228393555,9.635416984558105,3.01338267326355
30-12-1980,9.575321197509766,9.635416984558105,532896,9.695512771606445,9.635416984558105,3.01338267326355
31-12-1980,9.635416984558105,9.635416984558105,491088,9.815705299377441,9.815705299377441,3.069767475128174
02-01-1981,9.835737228393555,9.835737228393555,713232,9.935896873474121,9.915864944458008,3.1010923385620117
05-01-1981,9.895833015441895,9.915864944458008,2153424,10.29647445678711,10.236377716064453,3.201328992843628
06-01-1981,10.196313858032227,10.236377716064453,2587104,10.336538314819336,10.336538314819336,3.2326509952545166
07-01-1981,10.056090354919434,10.21634578704834,2951520,10.21634578704834,10.176281929016113,3.1825356483459473
08-01-1981,10.01602554321289,10.176281929016113,1983072,10.21634578704834,10.056090354919434,3.144946336746216
09-01-1981,9.995993614196777,10.056090354919434,1141296,10.136218070983887,10.136218070983887,3.1700050830841064
12-01-1981,10.116186141967773,10.136218070983887,2209584,10.27644157409668,10.136218070983887,3.1700050830841064
13-01-1981,9.895833015441895,10.076122283935547,1730976,10.076122283935547,10.01602554321289,3.132416009902954
14-01-1981,9.775641441345215,10.01602554321289,846144,10.056090354919434,9.775641441345215,3.0572378635406494
15-01-1981,9.735576629638672,9.775641441345215,1062672,9.855769157409668,9.795673370361328,3.063502550125122
16-01-1981,9.755608558654785,9.795673370361328,1256112,9.915864944458008,9.775641441345215,3.0572378635406494
19-01-1981,9.715544700622559,9.775641441345215,969072,9.835737228393555,9.775641441345215,3.0572378635406494
20-01-1981,9.475159645080566,9.775641441345215,1015872,9.795673370361328,9.575321197509766,2.9945898056030273
21-01-1981,9.49519157409668,9.575321197509766,1362816,9.595353126525879,9.555288314819336,2.9883244037628174
22-01-1981,9.535256385803223,9.555288314819336,881088,9.635416984558105,9.595353126525879,3.000854253768921
23-01-1981,9.615385055541992,9.615385055541992,862368,9.755608558654785,9.715544700622559,3.0384435653686523
26-01-1981,9.695512771606445,9.715544700622559,939120,10.01602554321289,9.935896873474121,3.107357978820801
27-01-1981,9.915864944458008,9.935896873474121,933504,10.056090354919434,9.995993614196777,3.1261508464813232
28-01-1981,9.955928802490234,9.995993614196777,1336608,10.076122283935547,9.955928802490234,3.1136221885681152
29-01-1981,9.815705299377441,9.955928802490234,944112,9.975961685180664,9.855769157409668,3.082294464111328
30-01-1981,9.795673370361328,9.855769157409668,710112,9.915864944458008,9.815705299377441,3.069767475128174
02-02-1981,9.715544700622559,9.815705299377441,697008,9.835737228393555,9.715544700622559,3.0384435653686523
03-02-1981,9.675480842590332,9.715544700622559,1360944,9.795673370361328,9.735576629638672,3.0447068214416504
04-02-1981,9.595353126525879,9.735576629638672,1217424,9.755608558654785,9.695512771606445,3.0321781635284424
05-02-1981,9.695512771606445,9.695512771606445,1173120,9.835737228393555,9.835737228393555,3.0760302543640137
06-02-1981,9.815705299377441,9.835737228393555,1080768,9.975961685180664,9.935896873474121,3.107357978820801
09-02-1981,9.955928802490234,9.955928802490234,1018992,10.056090354919434,10.01602554321289,3.132416009902954
10-02-1981,9.995993614196777,10.01602554321289,1343472,10.15625,10.116186141967773,3.1637377738952637
11-02-1981,10.056090354919434,10.116186141967773,757536,10.176281929016113,10.056090354919434,3.144946336746216
12-02-1981,9.975961685180664,10.056090354919434,628368,10.09615421295166,9.995993614196777,3.1261508464813232
13-02-1981,9.795673370361328,9.975961685180664,1304784,9.975961685180664,9.835737228393555,3.0760302543640137
17-02-1981,9.795673370361328,9.835737228393555,579072,9.935896873474121,9.895833015441895,3.0948262214660645
18-02-1981,9.915864944458008,9.915864944458008,941616,10.076122283935547,10.056090354919434,3.144946336746216
19-02-1981,10.01602554321289,10.056090354919434,801216,10.15625,10.01602554321289,3.132416009902954
20-02-1981,10.01602554321289,10.01602554321289,755040,10.136218070983887,10.136218070983887,3.1700050830841064
23-02-1981,10.076122283935547,10.136218070983887,1827072,10.436698913574219,10.376603126525879,3.2451817989349365
24-02-1981,10.396635055541992,10.396635055541992,2007408,10.556891441345215,10.496794700622559,3.282771110534668
25-02-1981,10.476762771606445,10.496794700622559,1675440,10.737178802490234,10.737178802490234,3.3579492568969727
26-02-1981,10.677083015441895,10.737178802490234,3110640,10.857372283935547,10.79727554321289,3.376741886138916
27-02-1981,10.576923370361328,10.79727554321289,1130064,10.79727554321289,10.697114944458008,3.3454205989837646
02-03-1981,10.496794700622559,10.596955299377441,1880736,10.596955299377441,10.516826629638672,3.326411247253418
03-03-1981,10.436698913574219,10.516826629638672,818064,10.536858558654785,10.456730842590332,3.307401657104492
04-03-1981,10.416666984558105,10.456730842590332,1378416,10.576923370361328,10.516826629638672,3.326411247253418
05-03-1981,10.436698913574219,10.516826629638672,942864,10.576923370361328,10.436698913574219,3.3010671138763428
06-03-1981,10.416666984558105,10.436698913574219,1321632,10.516826629638672,10.416666984558105,3.2947325706481934
09-03-1981,10.416666984558105,10.416666984558105,1986816,10.87740421295166,10.737178802490234,3.396106719970703
10-03-1981,10.717146873474121,10.737178802490234,2354352,10.857372283935547,10.777243614196777,3.408780097961426
11-03-1981,10.657051086425781,10.777243614196777,1526928,10.837340354919434,10.657051086425781,3.370764970779419
12-03-1981,10.657051086425781,10.657051086425781,955968,10.857372283935547,10.857372283935547,3.4341228008270264
13-03-1981,10.717146873474121,10.857372283935547,1133184,10.897436141967773,10.737178802490234,3.396106719970703
16-03-1981,10.757211685180664,10.757211685180664,2200224,11.07772445678711,10.977563858032227,3.472139596939087
17-03-1981,10.79727554321289,10.977563858032227,1271088,11.07772445678711,10.79727554321289,3.415114164352417
18-03-1981,10.777243614196777,10.79727554321289,1367808,10.9375,10.87740421295166,3.440460205078125
19-03-1981,10.757211685180664,10.87740421295166,647712,10.917468070983887,10.757211685180664,3.4024441242218018
20-03-1981,10.717146873474121,10.757211685180664,936000,10.79727554321289,10.717146873474121,3.389773368835449
23-03-1981,10.616987228393555,10.717146873474121,854256,10.737178802490234,10.737178802490234,3.396106719970703
24-03-1981,10.536858558654785,10.737178802490234,2236416,10.79727554321289,10.576923370361328,3.3454196453094482
25-03-1981,10.576923370361328,10.576923370361328,1510080,10.777243614196777,10.737178802490234,3.396106719970703
26-03-1981,10.576923370361328,10.737178802490234,1149408,10.777243614196777,10.616987228393555,3.3580923080444336
27-03-1981,10.436698913574219,10.616987228393555,1205568,10.637019157409668,10.476762771606445,3.3137400150299072
30-03-1981,10.476762771606445,10.476762771606445,867984,10.677083015441895,10.616987228393555,3.3580923080444336
31-03-1981,10.677083015441895,10.677083015441895,1113216,10.857372283935547,10.737178802490234,3.396106719970703
01-04-1981,10.757211685180664,10.757211685180664,698880,10.9375,10.777243614196777,3.408780097961426
02-04-1981,10.777243614196777,10.777243614196777,1197456,11.017627716064453,10.9375,3.4594664573669434
03-04-1981,10.757211685180664,10.9375,1242384,10.9375,10.757211685180664,3.4024441242218018
06-04-1981,10.616987228393555,10.757211685180664,549120,10.777243614196777,10.657051086425781,3.370764970779419
07-04-1981,10.436698913574219,10.657051086425781,808080,10.657051086425781,10.436698913574219,3.3010671138763428
08-04-1981,10.476762771606445,10.476762771606445,1408992,10.596955299377441,10.536858558654785,3.332746982574463
09-04-1981,10.476762771606445,10.536858558654785,1004016,10.596955299377441,10.576923370361328,3.3454196453094482
10-04-1981,10.596955299377441,10.596955299377441,818064,10.677083015441895,10.657051086425781,3.370764970779419
13-04-1981,10.576923370361328,10.657051086425781,667680,10.717146873474121,10.596955299377441,3.3517584800720215
14-04-1981,10.456730842590332,10.596955299377441,926640,10.616987228393555,10.476762771606445,3.3137400150299072
15-04-1981,10.496794700622559,10.496794700622559,1178736,10.616987228393555,10.616987228393555,3.3580923080444336
16-04-1981,10.556891441345215,10.616987228393555,670800,10.616987228393555,10.556891441345215,3.3390839099884033
20-04-1981,10.556891441345215,10.556891441345215,1161888,10.717146873474121,10.697114944458008,3.383436441421509
21-04-1981,10.657051086425781,10.697114944458008,1271712,10.81730842590332,10.677083015441895,3.3770997524261475
22-04-1981,10.637019157409668,10.677083015441895,643968,10.717146873474121,10.657051086425781,3.370764970779419
23-04-1981,10.697114944458008,10.697114944458008,1174368,10.777243614196777,10.737178802490234,3.396106719970703
24-04-1981,10.737178802490234,10.737178802490234,1673568,11.097756385803223,10.977563858032227,3.472139596939087
27-04-1981,11.05769157409668,11.05769157409668,1024608,11.197916984558105,11.177885055541992,3.5355005264282227
28-04-1981,10.857372283935547,11.177885055541992,1111344,11.177885055541992,10.897436141967773,3.446795701980591
29-04-1981,10.596955299377441,10.857372283935547,1498848,10.857372283935547,10.596955299377441,3.3517584800720215
30-04-1981,10.516826629638672,10.596955299377441,1090752,10.616987228393555,10.516826629638672,3.326411247253418
01-05-1981,10.436698913574219,10.516826629638672,894192,10.536858558654785,10.456730842590332,3.307401657104492
04-05-1981,10.29647445678711,10.396635055541992,1031472,10.396635055541992,10.336538314819336,3.269385814666748
05-05-1981,10.196313858032227,10.29647445678711,1739088,10.29647445678711,10.196313858032227,3.225034713745117
06-05-1981,10.196313858032227,10.196313858032227,1484496,10.29647445678711,10.21634578704834,3.2313711643218994
07-05-1981,10.176281929016113,10.21634578704834,700128,10.256409645080566,10.236377716064453,3.2377076148986816
08-05-1981,10.176281929016113,10.236377716064453,1153776,10.27644157409668,10.21634578704834,3.2313711643218994
11-05-1981,10.076122283935547,10.21634578704834,1719120,10.256409645080566,10.116186141967773,3.1996893882751465
12-05-1981,9.975961685180664,10.116186141967773,1590576,10.136218070983887,10.136218070983887,3.2060282230377197
13-05-1981,10.09615421295166,10.136218070983887,1244256,10.15625,10.136218070983887,3.2060282230377197
14-05-1981,10.09615421295166,10.136218070983887,1226160,10.29647445678711,10.236377716064453,3.2377076148986816
15-05-1981,10.256409645080566,10.256409645080566,986544,10.376603126525879,10.356571197509766,3.275724172592163
18-05-1981,10.356571197509766,10.356571197509766,1702272,10.496794700622559,10.416666984558105,3.2947325706481934
19-05-1981,10.356571197509766,10.416666984558105,822432,10.456730842590332,10.416666984558105,3.2947325706481934
20-05-1981,10.436698913574219,10.436698913574219,1039584,10.536858558654785,10.456730842590332,3.307401657104492
21-05-1981,10.376603126525879,10.456730842590332,960336,10.496794700622559,10.476762771606445,3.3137400150299072
22-05-1981,10.476762771606445,10.476762771606445,1025856,10.576923370361328,10.476762771606445,3.3137400150299072
26-05-1981,10.496794700622559,10.496794700622559,655200,10.616987228393555,10.596955299377441,3.3517584800720215
27-05-1981,10.496794700622559,10.596955299377441,1143792,10.697114944458008,10.637019157409668,3.3644275665283203
28-05-1981,10.496794700622559,10.637019157409668,1048320,10.677083015441895,10.596955299377441,3.3517584800720215
29-05-1981,10.536858558654785,10.596955299377441,670176,10.616987228393555,10.536858558654785,3.332746982574463
01-06-1981,10.536858558654785,10.536858558654785,900432,10.697114944458008,10.576923370361328,3.3454196453094482
02-06-1981,10.556891441345215,10.576923370361328,1022112,10.616987228393555,10.556891441345215,3.3390839099884033
03-06-1981,10.496794700622559,10.556891441345215,763776,10.616987228393555,10.616987228393555,3.3580923080444336
04-06-1981,10.476762771606445,10.536858558654785,2723136,10.536858558654785,10.496794700622559,3.360657215118408
05-06-1981,10.476762771606445,10.496794700622559,889200,10.596955299377441,10.576923370361328,3.38631010055542
08-06-1981,10.596955299377441,10.596955299377441,755664,10.677083015441895,10.596955299377441,3.392726182937622
09-06-1981,10.516826629638672,10.596955299377441,1017744,10.616987228393555,10.516826629638672,3.3670716285705566
10-06-1981,10.476762771606445,10.516826629638672,2078544,10.637019157409668,10.616987228393555,3.399138927459717
11-06-1981,10.596955299377441,10.616987228393555,1066416,10.717146873474121,10.717146873474121,3.431205987930298
12-06-1981,10.556891441345215,10.717146873474121,1606800,10.717146873474121,10.616987228393555,3.399138927459717
15-06-1981,10.616987228393555,10.616987228393555,990912,10.677083015441895,10.616987228393555,3.399138927459717
16-06-1981,10.516826629638672,10.616987228393555,1649232,10.637019157409668,10.556891441345215,3.3798980712890625
17-06-1981,10.476762771606445,10.556891441345215,1072656,10.556891441345215,10.536858558654785,3.3734829425811768
18-06-1981,10.416666984558105,10.536858558654785,1153152,10.556891441345215,10.416666984558105,3.3350024223327637
19-06-1981,10.336538314819336,10.416666984558105,901056,10.456730842590332,10.356571197509766,3.3157637119293213
22-06-1981,10.256409645080566,10.356571197509766,841776,10.416666984558105,10.256409645080566,3.2836952209472656
23-06-1981,10.27644157409668,10.27644157409668,1261728,10.336538314819336,10.336538314819336,3.3093502521514893
24-06-1981,10.256409645080566,10.336538314819336,931008,10.376603126525879,10.336538314819336,3.3093502521514893
25-06-1981,10.29647445678711,10.336538314819336,833040,10.416666984558105,10.29647445678711,3.296522855758667
26-06-1981,10.236377716064453,10.29647445678711,818064,10.29647445678711,10.236377716064453,3.277280807495117
29-06-1981,10.03605842590332,10.236377716064453,839280,10.256409645080566,10.076122283935547,3.225973606109619
30-06-1981,9.875801086425781,10.076122283935547,1252992,10.076122283935547,9.915864944458008,3.1746675968170166
01-07-1981,9.735576629638672,9.915864944458008,1302912,9.915864944458008,9.735576629638672,3.1169445514678955
02-07-1981,9.655448913574219,9.735576629638672,1093872,9.735576629638672,9.695512771606445,3.1041173934936523
06-07-1981,9.675480842590332,9.695512771606445,754416,9.755608558654785,9.695512771606445,3.1041173934936523
07-07-1981,9.715544700622559,9.715544700622559,1173120,9.835737228393555,9.735576629638672,3.1169445514678955
08-07-1981,9.755608558654785,9.755608558654785,691392,9.875801086425781,9.835737228393555,3.149012327194214
09-07-1981,9.835737228393555,9.835737228393555,937248,9.995993614196777,9.995993614196777,3.200321674346924
10-07-1981,10.056090354919434,10.056090354919434,1412736,10.176281929016113,10.15625,3.2516286373138428
13-07-1981,10.116186141967773,10.15625,695760,10.196313858032227,10.116186141967773,3.238800048828125
14-07-1981,10.076122283935547,10.116186141967773,989664,10.176281929016113,10.176281929016113,3.2580413818359375
15-07-1981,10.136218070983887,10.176281929016113,833040,10.21634578704834,10.176281929016113,3.2580413818359375
16-07-1981,10.09615421295166,10.176281929016113,580944,10.176281929016113,10.136218070983887,3.2452147006988525
17-07-1981,9.875801086425781,10.09615421295166,1288560,10.09615421295166,9.915864944458008,3.1746675968170166
20-07-1981,9.595353126525879,9.855769157409668,1155024,9.855769157409668,9.655448913574219,3.0912909507751465
21-07-1981,9.575321197509766,9.655448913574219,1148160,9.655448913574219,9.595353126525879,3.0720503330230713
22-07-1981,9.535256385803223,9.595353126525879,1070784,9.675480842590332,9.535256385803223,3.0528109073638916
23-07-1981,9.51522445678711,9.535256385803223,619008,9.575321197509766,9.535256385803223,3.0528109073638916
24-07-1981,9.475159645080566,9.535256385803223,1392144,9.615385055541992,9.575321197509766,3.0656378269195557
27-07-1981,9.575321197509766,9.575321197509766,1676688,9.675480842590332,9.635416984558105,3.0848782062530518
28-07-1981,9.555288314819336,9.635416984558105,1254240,9.675480842590332,9.575321197509766,3.0656378269195557
29-07-1981,9.535256385803223,9.575321197509766,467376,9.575321197509766,9.555288314819336,3.0592236518859863
30-07-1981,9.555288314819336,9.555288314819336,788112,9.635416984558105,9.635416984558105,3.0848782062530518
31-07-1981,9.635416984558105,9.635416984558105,1213056,9.775641441345215,9.775641441345215,3.129772186279297
03-08-1981,9.635416984558105,9.775641441345215,541632,9.795673370361328,9.675480842590332,3.097705364227295
04-08-1981,9.51522445678711,9.675480842590332,481104,9.675480842590332,9.555288314819336,3.0592236518859863
05-08-1981,9.535256385803223,9.555288314819336,1324752,9.775641441345215,9.735576629638672,3.1169445514678955
06-08-1981,9.635416984558105,9.735576629638672,902304,9.755608558654785,9.695512771606445,3.1041173934936523
07-08-1981,9.615385055541992,9.695512771606445,568464,9.695512771606445,9.615385055541992,3.078465700149536
10-08-1981,9.51522445678711,9.595353126525879,414960,9.595353126525879,9.51522445678711,3.0463967323303223
11-08-1981,9.535256385803223,9.535256385803223,1156896,9.755608558654785,9.735576629638672,3.1169445514678955
12-08-1981,9.615385055541992,9.735576629638672,1108848,9.835737228393555,9.615385055541992,3.078465700149536
13-08-1981,9.535256385803223,9.615385055541992,849264,9.675480842590332,9.535256385803223,3.0528109073638916
14-08-1981,9.25480842590332,9.49519157409668,886704,9.49519157409668,9.31490421295166,2.98226261138916
17-08-1981,9.294872283935547,9.31490421295166,559104,9.354968070983887,9.294872283935547,2.9758493900299072
18-08-1981,9.214743614196777,9.294872283935547,945984,9.354968070983887,9.25480842590332,2.963021993637085
19-08-1981,9.174678802490234,9.25480842590332,1118832,9.25480842590332,9.174678802490234,2.9373672008514404
20-08-1981,9.174678802490234,9.174678802490234,886080,9.25480842590332,9.174678802490234,2.9373672008514404
21-08-1981,9.134614944458008,9.174678802490234,735696,9.194711685180664,9.174678802490234,2.9373672008514404
24-08-1981,8.954326629638672,9.154646873474121,1544400,9.154646873474121,8.954326629638672,2.866820812225342
25-08-1981,8.854166984558105,8.954326629638672,2418000,9.074519157409668,9.054487228393555,2.898888111114502
26-08-1981,8.994391441345215,9.054487228393555,762528,9.094551086425781,9.034455299377441,2.8924753665924072
27-08-1981,8.874198913574219,9.034455299377441,437424,9.074519157409668,8.934294700622559,2.8604068756103516
28-08-1981,8.954326629638672,8.954326629638672,719472,9.154646873474121,9.074519157409668,2.905301809310913
31-08-1981,8.914262771606445,9.074519157409668,533520,9.154646873474121,8.954326629638672,2.866820812225342
01-09-1981,8.914262771606445,8.954326629638672,1775904,9.074519157409668,9.034455299377441,2.8924753665924072
02-09-1981,9.014423370361328,9.034455299377441,980928,9.114583015441895,9.014423370361328,2.886061906814575
03-09-1981,8.974358558654785,9.014423370361328,684528,9.074519157409668,9.014423370361328,2.886061906814575
04-09-1981,8.854166984558105,8.974358558654785,1410864,8.974358558654785,8.894230842590332,2.847581148147583
08-09-1981,8.693909645080566,8.874198913574219,805584,8.874198913574219,8.814103126525879,2.8219268321990967
09-09-1981,8.693909645080566,8.814103126525879,3277872,8.834135055541992,8.693909645080566,2.783444404602051
10-09-1981,8.59375,8.693909645080566,1581216,8.774038314819336,8.613781929016113,2.7577919960021973
11-09-1981,8.59375,8.613781929016113,3232944,8.774038314819336,8.774038314819336,2.809098482131958
14-09-1981,8.673877716064453,8.774038314819336,1319136,8.874198913574219,8.774038314819336,2.809098482131958
15-09-1981,8.65384578704834,8.774038314819336,1419600,8.794071197509766,8.65384578704834,2.811703681945801
16-09-1981,8.573718070983887,8.65384578704834,644592,8.65384578704834,8.573718070983887,2.7856686115264893
17-09-1981,8.433493614196777,8.573718070983887,1304160,8.633813858032227,8.433493614196777,2.7401087284088135
18-09-1981,8.253205299377441,8.433493614196777,1225536,8.433493614196777,8.333333015441895,2.7075634002685547
21-09-1981,8.313301086425781,8.333333015441895,1614288,8.573718070983887,8.573718070983887,2.7856686115264893
22-09-1981,8.53365421295166,8.573718070983887,869232,8.73397445678711,8.673877716064453,2.818211078643799
23-09-1981,8.313301086425781,8.65384578704834,1777152,8.65384578704834,8.53365421295166,2.772650718688965
24-09-1981,8.393428802490234,8.53365421295166,995280,8.613781929016113,8.413461685180664,2.7335991859436035
25-09-1981,8.193108558654785,8.413461685180664,1445808,8.433493614196777,8.353364944458008,2.7140724658966064
28-09-1981,8.233173370361328,8.353364944458008,1813344,8.71394157409668,8.673877716064453,2.818211078643799
29-09-1981,8.613781929016113,8.673877716064453,1556256,8.834135055541992,8.794071197509766,2.8572630882263184
30-09-1981,8.71394157409668,8.794071197509766,465504,8.814103126525879,8.794071197509766,2.8572630882263184
01-10-1981,8.73397445678711,8.794071197509766,931632,9.034455299377441,9.034455299377441,2.935365915298462
02-10-1981,8.974358558654785,9.034455299377441,770016,9.054487228393555,8.994391441345215,2.9223473072052
05-10-1981,9.054487228393555,9.054487228393555,1124448,9.154646873474121,9.054487228393555,2.9418745040893555
06-10-1981,8.954326629638672,9.054487228393555,627120,9.134614944458008,8.954326629638672,2.9093313217163086
07-10-1981,8.974358558654785,8.974358558654785,1003392,9.134614944458008,9.094551086425781,2.95489239692688
08-10-1981,9.014423370361328,9.094551086425781,803088,9.25480842590332,9.25480842590332,3.00696063041687
09-10-1981,9.054487228393555,9.23477554321289,747552,9.23477554321289,9.094551086425781,2.95489239692688
12-10-1981,8.874198913574219,9.074519157409668,541632,9.074519157409668,8.914262771606445,2.896313190460205
13-10-1981,8.874198913574219,8.914262771606445,760032,9.094551086425781,9.074519157409668,2.948383092880249
14-10-1981,8.894230842590332,9.034455299377441,1714752,9.034455299377441,8.894230842590332,2.8898062705993652
15-10-1981,8.914262771606445,8.914262771606445,436176,9.014423370361328,8.974358558654785,2.9158389568328857
16-10-1981,8.894230842590332,8.954326629638672,601536,8.954326629638672,8.934294700622559,2.9028215408325195
19-10-1981,8.834135055541992,8.934294700622559,602160,8.934294700622559,8.834135055541992,2.8702800273895264
20-10-1981,8.774038314819336,8.834135055541992,1207440,8.934294700622559,8.834135055541992,2.8702800273895264
21-10-1981,8.834135055541992,8.834135055541992,620256,8.934294700622559,8.854166984558105,2.8767874240875244
22-10-1981,8.673877716064453,8.834135055541992,791856,8.834135055541992,8.693909645080566,2.8247199058532715
23-10-1981,8.59375,8.673877716064453,624000,8.673877716064453,8.613781929016113,2.7986855506896973
26-10-1981,8.53365421295166,8.613781929016113,798096,8.673877716064453,8.673877716064453,2.818211078643799
27-10-1981,8.633813858032227,8.673877716064453,1012128,8.71394157409668,8.693909645080566,2.8247199058532715
28-10-1981,8.573718070983887,8.693909645080566,792480,8.71394157409668,8.573718070983887,2.7856686115264893
29-10-1981,8.513622283935547,8.573718070983887,519792,8.613781929016113,8.513622283935547,2.7661430835723877
30-10-1981,8.513622283935547,8.513622283935547,1018368,8.693909645080566,8.693909645080566,2.8247199058532715
02-11-1981,8.814103126525879,8.814103126525879,1757808,8.974358558654785,8.914262771606445,2.896313190460205
03-11-1981,8.854166984558105,8.914262771606445,1075152,8.954326629638672,8.934294700622559,2.9028215408325195
04-11-1981,8.954326629638672,8.954326629638672,1578096,9.074519157409668,9.054487228393555,2.9418745040893555
05-11-1981,8.954326629638672,9.054487228393555,871104,9.054487228393555,8.974358558654785,2.9158389568328857
06-11-1981,8.854166984558105,8.974358558654785,760032,8.994391441345215,8.854166984558105,2.8767874240875244
09-11-1981,8.854166984558105,8.854166984558105,1233648,8.974358558654785,8.914262771606445,2.896313190460205
10-11-1981,8.914262771606445,8.914262771606445,1289184,9.054487228393555,8.974358558654785,2.9158389568328857
11-11-1981,8.934294700622559,8.974358558654785,990288,9.134614944458008,9.094551086425781,2.95489239692688
12-11-1981,9.054487228393555,9.094551086425781,1153152,9.23477554321289,9.154646873474121,2.9744162559509277
13-11-1981,9.034455299377441,9.154646873474121,635856,9.154646873474121,9.054487228393555,2.9418745040893555
16-11-1981,8.854166984558105,9.014423370361328,856128,9.014423370361328,8.874198913574219,2.8832972049713135
17-11-1981,8.874198913574219,8.874198913574219,1015248,8.954326629638672,8.954326629638672,2.9093313217163086
18-11-1981,8.854166984558105,8.954326629638672,860496,9.014423370361328,8.874198913574219,2.8832972049713135
19-11-1981,8.854166984558105,8.874198913574219,499200,8.994391441345215,8.974358558654785,2.9158389568328857
20-11-1981,8.954326629638672,8.974358558654785,913536,9.174678802490234,9.134614944458008,2.9679079055786133
23-11-1981,9.194711685180664,9.194711685180664,1280448,9.415063858032227,9.274840354919434,3.0134692192077637
24-11-1981,9.31490421295166,9.31490421295166,1413984,9.49519157409668,9.49519157409668,3.0850625038146973
25-11-1981,9.49519157409668,9.49519157409668,1647360,9.615385055541992,9.555288314819336,3.104586601257324
27-11-1981,9.535256385803223,9.555288314819336,716976,9.655448913574219,9.635416984558105,3.1306216716766357
30-11-1981,9.575321197509766,9.635416984558105,1641744,9.675480842590332,9.675480842590332,3.1436402797698975
01-12-1981,9.555288314819336,9.655448913574219,1550016,9.655448913574219,9.575321197509766,3.15287446975708
02-12-1981,9.455127716064453,9.575321197509766,592176,9.595353126525879,9.475159645080566,3.1198928356170654
03-12-1981,9.415063858032227,9.475159645080566,1410864,9.595353126525879,9.595353126525879,3.1594698429107666
04-12-1981,9.49519157409668,9.595353126525879,1407120,9.615385055541992,9.595353126525879,3.1594698429107666
07-12-1981,9.535256385803223,9.595353126525879,1344096,9.655448913574219,9.615385055541992,3.166067361831665
08-12-1981,9.49519157409668,9.575321197509766,984672,9.575321197509766,9.51522445678711,3.133085012435913
09-12-1981,9.475159645080566,9.51522445678711,1697280,9.555288314819336,9.535256385803223,3.139681339263916
10-12-1981,9.51522445678711,9.535256385803223,1569984,9.635416984558105,9.595353126525879,3.1594698429107666
11-12-1981,9.555288314819336,9.595353126525879,721344,9.615385055541992,9.555288314819336,3.1462764739990234
14-12-1981,9.294872283935547,9.475159645080566,1289808,9.475159645080566,9.294872283935547,3.060530424118042
15-12-1981,9.294872283935547,9.294872283935547,823056,9.43509578704834,9.415063858032227,3.1001055240631104
16-12-1981,9.31490421295166,9.415063858032227,949104,9.43509578704834,9.354968070983887,3.0803167819976807
17-12-1981,9.31490421295166,9.354968070983887,813072,9.395031929016113,9.375,3.0869140625
18-12-1981,9.375,9.375,785616,9.455127716064453,9.395031929016113,3.0935091972351074
21-12-1981,9.274840354919434,9.395031929016113,662688,9.43509578704834,9.294872283935547,3.060530424118042
22-12-1981,9.23477554321289,9.294872283935547,894192,9.375,9.294872283935547,3.060530424118042
23-12-1981,9.274840354919434,9.294872283935547,759408,9.354968070983887,9.334936141967773,3.073721170425415
24-12-1981,9.274840354919434,9.334936141967773,1073280,9.334936141967773,9.294872283935547,3.060530424118042
28-12-1981,9.25480842590332,9.294872283935547,419328,9.31490421295166,9.274840354919434,3.0539348125457764
29-12-1981,9.134614944458008,9.274840354919434,775632,9.294872283935547,9.174678802490234,3.0209543704986572
30-12-1981,9.174678802490234,9.174678802490234,326352,9.25480842590332,9.194711685180664,3.0275497436523438
31-12-1981,9.174678802490234,9.194711685180664,433680,9.274840354919434,9.194711685180664,3.0275497436523438
04-01-1982,9.25480842590332,9.334936141967773,1128192,9.395031929016113,9.354968070983887,3.0803167819976807
05-01-1982,9.154646873474121,9.25480842590332,1361568,9.334936141967773,9.194711685180664,3.0275497436523438
06-01-1982,9.134614944458008,9.194711685180664,1000896,9.23477554321289,9.174678802490234,3.0209543704986572
07-01-1982,9.174678802490234,9.214743614196777,861744,9.25480842590332,9.23477554321289,3.040740966796875
08-01-1982,9.23477554321289,9.274840354919434,609024,9.31490421295166,9.23477554321289,3.040740966796875
11-01-1982,8.994391441345215,9.194711685180664,1063920,9.375,9.054487228393555,2.981377601623535
12-01-1982,9.014423370361328,9.074519157409668,1216176,9.134614944458008,9.014423370361328,2.968186378479004
13-01-1982,8.874198913574219,8.974358558654785,1347840,9.074519157409668,8.934294700622559,2.941802740097046
14-01-1982,8.814103126525879,8.914262771606445,1179984,8.994391441345215,8.894230842590332,2.928609848022461
15-01-1982,8.914262771606445,8.974358558654785,761904,9.014423370361328,8.974358558654785,2.9549925327301025
18-01-1982,8.934294700622559,9.094551086425781,901056,9.23477554321289,9.214743614196777,3.034147262573242
19-01-1982,9.23477554321289,9.294872283935547,1434576,9.354968070983887,9.23477554321289,3.040740966796875
20-01-1982,9.23477554321289,9.294872283935547,1692912,9.354968070983887,9.294872283935547,3.060530424118042
21-01-1982,9.294872283935547,9.455127716064453,1341600,9.615385055541992,9.49519157409668,3.1264872550964355
22-01-1982,9.395031929016113,9.49519157409668,1085760,9.575321197509766,9.455127716064453,3.113297939300537
25-01-1982,9.334936141967773,9.395031929016113,866112,9.43509578704834,9.415063858032227,3.1001055240631104
26-01-1982,9.49519157409668,9.535256385803223,1332240,9.555288314819336,9.51522445678711,3.133085012435913
27-01-1982,9.475159645080566,9.555288314819336,1623024,9.635416984558105,9.615385055541992,3.166067361831665
28-01-1982,9.635416984558105,9.735576629638672,1964352,9.835737228393555,9.775641441345215,3.2188315391540527
29-01-1982,9.855769157409668,9.955928802490234,2666976,10.03605842590332,10.01602554321289,3.297985076904297
01-02-1982,9.815705299377441,9.915864944458008,1763424,9.995993614196777,9.815705299377441,3.2320263385772705
02-02-1982,9.855769157409668,9.935896873474121,1743456,10.01602554321289,9.955928802490234,3.2781975269317627
03-02-1982,9.935896873474121,9.975961685180664,990288,10.01602554321289,9.935896873474121,3.2716012001037598
04-02-1982,9.915864944458008,9.995993614196777,1843296,10.056090354919434,10.01602554321289,3.297985076904297
05-02-1982,9.995993614196777,10.116186141967773,1364688,10.21634578704834,10.09615421295166,3.3243696689605713
08-02-1982,9.915864944458008,9.995993614196777,1186848,10.056090354919434,9.935896873474121,3.2716012001037598
09-02-1982,9.695512771606445,9.795673370361328,1901328,9.895833015441895,9.735576629638672,3.2056407928466797
10-02-1982,9.775641441345215,9.835737228393555,984048,9.875801086425781,9.835737228393555,3.2386224269866943
11-02-1982,9.595353126525879,9.735576629638672,1433952,9.875801086425781,9.595353126525879,3.1594698429107666
12-02-1982,9.555288314819336,9.615385055541992,1093872,9.655448913574219,9.615385055541992,3.166067361831665
16-02-1982,9.43509578704834,9.575321197509766,1352208,9.695512771606445,9.635416984558105,3.1726622581481934
17-02-1982,9.575321197509766,9.675480842590332,1113216,9.755608558654785,9.615385055541992,3.166067361831665
18-02-1982,9.675480842590332,9.795673370361328,2440464,9.915864944458008,9.815705299377441,3.2320263385772705
19-02-1982,9.795673370361328,9.835737228393555,1075152,9.855769157409668,9.835737228393555,3.2386224269866943
22-02-1982,9.735576629638672,9.875801086425781,1771536,9.995993614196777,9.735576629638672,3.2056407928466797
23-02-1982,9.695512771606445,9.775641441345215,1149408,9.835737228393555,9.775641441345215,3.2188315391540527
24-02-1982,9.715544700622559,9.835737228393555,2296944,9.955928802490234,9.935896873474121,3.2716012001037598
25-02-1982,9.895833015441895,10.01602554321289,1592448,10.116186141967773,10.076122283935547,3.317774534225464
26-02-1982,10.01602554321289,10.076122283935547,819312,10.116186141967773,10.076122283935547,3.317774534225464
01-03-1982,10.03605842590332,10.116186141967773,1439568,10.176281929016113,10.136218070983887,3.3375604152679443
02-03-1982,10.01602554321289,10.116186141967773,3368352,10.21634578704834,10.01602554321289,3.297985076904297
03-03-1982,9.695512771606445,9.815705299377441,1825200,9.915864944458008,9.795673370361328,3.2672507762908936
04-03-1982,9.635416984558105,9.755608558654785,1828944,9.875801086425781,9.635416984558105,3.2137985229492188
05-03-1982,9.635416984558105,9.675480842590332,1471392,9.715544700622559,9.655448913574219,3.22048020362854
08-03-1982,9.615385055541992,9.715544700622559,2310672,9.795673370361328,9.615385055541992,3.2071175575256348
09-03-1982,9.575321197509766,9.715544700622559,2120352,9.835737228393555,9.715544700622559,3.240525722503662
10-03-1982,9.675480842590332,9.755608558654785,2179008,9.815705299377441,9.715544700622559,3.240525722503662
11-03-1982,9.695512771606445,9.755608558654785,1797120,9.795673370361328,9.715544700622559,3.240525722503662
12-03-1982,9.49519157409668,9.595353126525879,1367808,9.675480842590332,9.49519157409668,3.167025327682495
15-03-1982,9.455127716064453,9.535256385803223,862992,9.595353126525879,9.595353126525879,3.2004356384277344
16-03-1982,9.535256385803223,9.635416984558105,1020864,9.715544700622559,9.535256385803223,3.1803905963897705
17-03-1982,9.535256385803223,9.575321197509766,1573104,9.615385055541992,9.575321197509766,3.1937544345855713
18-03-1982,9.575321197509766,9.655448913574219,871728,9.715544700622559,9.675480842590332,3.2271628379821777
19-03-1982,9.615385055541992,9.655448913574219,1410864,9.695512771606445,9.615385055541992,3.2071175575256348
22-03-1982,9.635416984558105,9.715544700622559,1797744,9.795673370361328,9.755608558654785,3.2538883686065674
23-03-1982,9.795673370361328,9.855769157409668,1178112,9.895833015441895,9.895833015441895,3.30065655708313
24-03-1982,9.795673370361328,9.855769157409668,1705392,9.915864944458008,9.835737228393555,3.280614137649536
25-03-1982,9.815705299377441,9.915864944458008,1657344,9.995993614196777,9.895833015441895,3.30065655708313
26-03-1982,9.795673370361328,9.855769157409668,936624,9.895833015441895,9.855769157409668,3.287294626235962
29-03-1982,9.855769157409668,9.915864944458008,1006512,9.975961685180664,9.975961685180664,3.327383518218994
30-03-1982,9.915864944458008,9.975961685180664,811200,10.03605842590332,9.995993614196777,3.33406400680542
31-03-1982,9.955928802490234,10.116186141967773,1810224,10.256409645080566,10.15625,3.3875160217285156
01-04-1982,10.136218070983887,10.256409645080566,1752192,10.356571197509766,10.316506385803223,3.4409701824188232
02-04-1982,10.27644157409668,10.316506385803223,1252368,10.336538314819336,10.29647445678711,3.4342870712280273
05-04-1982,10.256409645080566,10.336538314819336,1093872,10.396635055541992,10.29647445678711,3.4342870712280273
06-04-1982,10.236377716064453,10.29647445678711,859872,10.336538314819336,10.336538314819336,3.4476518630981445
07-04-1982,10.21634578704834,10.29647445678711,975936,10.356571197509766,10.21634578704834,3.4075610637664795
08-04-1982,10.196313858032227,10.27644157409668,1171248,10.356571197509766,10.29647445678711,3.4342870712280273
12-04-1982,10.196313858032227,10.256409645080566,864240,10.29647445678711,10.236377716064453,3.4142425060272217
13-04-1982,10.196313858032227,10.27644157409668,777504,10.336538314819336,10.236377716064453,3.4142425060272217
14-04-1982,10.15625,10.196313858032227,473616,10.21634578704834,10.176281929016113,3.394197940826416
15-04-1982,10.09615421295166,10.176281929016113,709488,10.236377716064453,10.236377716064453,3.4142425060272217
16-04-1982,10.21634578704834,10.236377716064453,1892592,10.256409645080566,10.236377716064453,3.4142425060272217
19-04-1982,10.236377716064453,10.316506385803223,919152,10.396635055541992,10.336538314819336,3.4476518630981445
20-04-1982,10.136218070983887,10.236377716064453,520416,10.336538314819336,10.176281929016113,3.394197940826416
21-04-1982,10.116186141967773,10.176281929016113,1040208,10.236377716064453,10.21634578704834,3.4075610637664795
22-04-1982,10.27644157409668,10.316506385803223,950976,10.356571197509766,10.27644157409668,3.427605152130127
23-04-1982,10.316506385803223,10.396635055541992,2407392,10.456730842590332,10.416666984558105,3.474376916885376
26-04-1982,10.416666984558105,10.536858558654785,1670448,10.637019157409668,10.556891441345215,3.521148443222046
27-04-1982,10.496794700622559,10.556891441345215,1270464,10.616987228393555,10.536858558654785,3.5144665241241455
28-04-1982,10.376603126525879,10.476762771606445,1091376,10.576923370361328,10.496794700622559,3.501103162765503
29-04-1982,10.256409645080566,10.336538314819336,1380912,10.396635055541992,10.29647445678711,3.4342870712280273
30-04-1982,10.256409645080566,10.316506385803223,1220544,10.376603126525879,10.27644157409668,3.427605152130127
03-05-1982,10.256409645080566,10.316506385803223,585936,10.356571197509766,10.316506385803223,3.4409701824188232
04-05-1982,10.316506385803223,10.416666984558105,1148784,10.516826629638672,10.496794700622559,3.501103162765503
05-05-1982,10.516826629638672,10.576923370361328,1400880,10.616987228393555,10.556891441345215,3.521148443222046
06-05-1982,10.416666984558105,10.516826629638672,1786512,10.596955299377441,10.456730842590332,3.4877395629882812
07-05-1982,10.436698913574219,10.516826629638672,1743456,10.576923370361328,10.456730842590332,3.4877395629882812
10-05-1982,10.27644157409668,10.356571197509766,985920,10.436698913574219,10.27644157409668,3.427605152130127
11-05-1982,10.196313858032227,10.27644157409668,1488240,10.336538314819336,10.256409645080566,3.420923948287964
12-05-1982,10.01602554321289,10.136218070983887,2286336,10.256409645080566,10.15625,3.3875160217285156
13-05-1982,10.03605842590332,10.09615421295166,909792,10.15625,10.076122283935547,3.360793113708496
14-05-1982,10.01602554321289,10.056090354919434,663936,10.076122283935547,10.03605842590332,3.3474292755126953
17-05-1982,9.915864944458008,9.955928802490234,1415232,9.995993614196777,9.975961685180664,3.327383518218994
18-05-1982,9.915864944458008,9.955928802490234,881088,9.975961685180664,9.955928802490234,3.320702075958252
19-05-1982,9.935896873474121,9.995993614196777,1360944,10.056090354919434,9.975961685180664,3.327383518218994
20-05-1982,9.935896873474121,9.995993614196777,1603056,10.03605842590332,9.975961685180664,3.327383518218994
21-05-1982,9.955928802490234,10.01602554321289,703248,10.056090354919434,10.03605842590332,3.3474292755126953
24-05-1982,9.955928802490234,10.01602554321289,1226160,10.056090354919434,10.03605842590332,3.3474292755126953
25-05-1982,9.935896873474121,10.01602554321289,1166256,10.09615421295166,9.935896873474121,3.314020872116089
26-05-1982,9.855769157409668,9.915864944458008,1455792,9.955928802490234,9.955928802490234,3.320702075958252
27-05-1982,9.935896873474121,9.975961685180664,716352,10.01602554321289,9.975961685180664,3.327383518218994
28-05-1982,9.875801086425781,9.935896873474121,1574352,9.995993614196777,9.915864944458008,3.3073408603668213
01-06-1982,9.895833015441895,9.915864944458008,1796496,9.935896873474121,9.895833015441895,3.30065655708313
02-06-1982,9.875801086425781,9.915864944458008,2484768,9.955928802490234,9.955928802490234,3.320702075958252
03-06-1982,9.735576629638672,9.795673370361328,1385280,9.855769157409668,9.755608558654785,3.299025774002075
04-06-1982,9.695512771606445,9.775641441345215,1162512,9.835737228393555,9.715544700622559,3.2854766845703125
07-06-1982,9.615385055541992,9.675480842590332,1962480,9.735576629638672,9.695512771606445,3.278702735900879
08-06-1982,9.675480842590332,9.735576629638672,1437696,9.795673370361328,9.715544700622559,3.2854766845703125
09-06-1982,9.675480842590332,9.715544700622559,1517568,9.755608558654785,9.735576629638672,3.292250394821167
10-06-1982,9.675480842590332,9.735576629638672,2203344,9.775641441345215,9.775641441345215,3.305800437927246
11-06-1982,9.855769157409668,9.915864944458008,2846688,9.955928802490234,9.935896873474121,3.3599932193756104
14-06-1982,9.775641441345215,9.835737228393555,1410864,9.895833015441895,9.815705299377441,3.319347381591797
15-06-1982,9.735576629638672,9.775641441345215,1184352,9.815705299377441,9.815705299377441,3.319347381591797
16-06-1982,9.815705299377441,9.855769157409668,667680,9.875801086425781,9.815705299377441,3.319347381591797
17-06-1982,9.695512771606445,9.775641441345215,981552,9.835737228393555,9.735576629638672,3.292250394821167
18-06-1982,9.655448913574219,9.715544700622559,845520,9.755608558654785,9.695512771606445,3.278702735900879
21-06-1982,9.655448913574219,9.735576629638672,984672,9.815705299377441,9.735576629638672,3.292250394821167
22-06-1982,9.715544700622559,9.835737228393555,862992,9.955928802490234,9.935896873474121,3.3599932193756104
23-06-1982,9.915864944458008,10.056090354919434,1628640,10.196313858032227,10.03605842590332,3.393864393234253
24-06-1982,10.09615421295166,10.176281929016113,1508208,10.236377716064453,10.136218070983887,3.4277353286743164
25-06-1982,9.995993614196777,10.056090354919434,898560,10.116186141967773,9.995993614196777,3.3803138732910156
28-06-1982,9.955928802490234,10.09615421295166,1076400,10.21634578704834,10.15625,3.4345076084136963
29-06-1982,10.116186141967773,10.196313858032227,2118480,10.27644157409668,10.21634578704834,3.4548306465148926
30-06-1982,10.196313858032227,10.256409645080566,2412384,10.29647445678711,10.196313858032227,3.4480576515197754
01-07-1982,10.15625,10.196313858032227,856128,10.236377716064453,10.176281929016113,3.4412832260131836
02-07-1982,10.076122283935547,10.136218070983887,1705392,10.196313858032227,10.176281929016113,3.4412832260131836
06-07-1982,10.076122283935547,10.196313858032227,990288,10.316506385803223,10.316506385803223,3.488701820373535
07-07-1982,10.176281929016113,10.236377716064453,1026480,10.27644157409668,10.176281929016113,3.4412832260131836
08-07-1982,10.196313858032227,10.29647445678711,1817712,10.376603126525879,10.376603126525879,3.5090224742889404
09-07-1982,10.436698913574219,10.516826629638672,3237936,10.596955299377441,10.556891441345215,3.5699915885925293
12-07-1982,10.79727554321289,10.897436141967773,1546272,10.977563858032227,10.977563858032227,3.7122504711151123
13-07-1982,10.737178802490234,10.857372283935547,2581488,10.917468070983887,10.837340354919434,3.66483211517334
14-07-1982,10.79727554321289,10.897436141967773,1546272,10.977563858032227,10.977563858032227,3.7122504711151123
15-07-1982,10.837340354919434,10.917468070983887,2112240,10.99759578704834,10.917468070983887,3.6919267177581787
16-07-1982,10.857372283935547,10.99759578704834,1699776,11.137821197509766,11.117788314819336,3.75966739654541
19-07-1982,10.957531929016113,11.07772445678711,1586832,11.197916984558105,11.017627716064453,3.7257978916168213
20-07-1982,10.917468070983887,11.017627716064453,1459536,11.07772445678711,11.017627716064453,3.7257978916168213
21-07-1982,10.837340354919434,10.957531929016113,2298816,11.07772445678711,10.897436141967773,3.685153007507324
22-07-1982,10.837340354919434,10.917468070983887,1111344,10.977563858032227,10.857372283935547,3.671605110168457
23-07-1982,10.757211685180664,10.837340354919434,852384,10.897436141967773,10.79727554321289,3.651282787322998
26-07-1982,10.677083015441895,10.777243614196777,1234896,10.87740421295166,10.79727554321289,3.651282787322998
27-07-1982,10.637019157409668,10.757211685180664,2519712,10.87740421295166,10.637019157409668,3.597090482711792
28-07-1982,10.456730842590332,10.516826629638672,1913808,10.637019157409668,10.556891441345215,3.5699915885925293
29-07-1982,10.536858558654785,10.596955299377441,2028000,10.637019157409668,10.596955299377441,3.5835418701171875
30-07-1982,10.516826629638672,10.576923370361328,1050192,10.637019157409668,10.536858558654785,3.563218832015991
02-08-1982,10.616987228393555,10.717146873474121,1412736,10.81730842590332,10.777243614196777,3.6445059776306152
03-08-1982,10.79727554321289,10.87740421295166,2809872,10.957531929016113,10.81730842590332,3.6580588817596436
04-08-1982,10.556891441345215,10.657051086425781,1757808,10.757211685180664,10.576923370361328,3.576765537261963
05-08-1982,10.436698913574219,10.496794700622559,1130064,10.556891441345215,10.516826629638672,3.5564465522766113
06-08-1982,10.29647445678711,10.436698913574219,2125968,10.576923370361328,10.316506385803223,3.488701820373535
09-08-1982,10.076122283935547,10.21634578704834,1787760,10.356571197509766,10.316506385803223,3.488701820373535
10-08-1982,10.256409645080566,10.356571197509766,4701840,10.456730842590332,10.27644157409668,3.4751524925231934
11-08-1982,10.116186141967773,10.21634578704834,1931280,10.29647445678711,10.116186141967773,3.420958995819092
12-08-1982,10.076122283935547,10.196313858032227,1418976,10.29647445678711,10.09615421295166,3.4141860008239746
13-08-1982,10.116186141967773,10.21634578704834,859248,10.316506385803223,10.256409645080566,3.468378782272339
16-08-1982,10.256409645080566,10.356571197509766,1857648,10.456730842590332,10.256409645080566,3.468378782272339
17-08-1982,10.336538314819336,10.657051086425781,3765216,10.957531929016113,10.957531929016113,3.7054758071899414
18-08-1982,10.81730842590332,10.957531929016113,4362384,11.097756385803223,10.897436141967773,3.685153007507324
19-08-1982,10.857372283935547,10.977563858032227,3858192,11.07772445678711,10.957531929016113,3.7054758071899414
20-08-1982,10.9375,11.097756385803223,2654496,11.237980842590332,11.217948913574219,3.793536901473999
23-08-1982,11.117788314819336,11.298076629638672,4049760,11.458333015441895,11.398237228393555,3.854508399963379
24-08-1982,11.157853126525879,11.318108558654785,4687488,11.458333015441895,11.318108558654785,3.8274106979370117
25-08-1982,11.338141441345215,11.458333015441895,3785184,11.57852554321289,11.418269157409668,3.861280918121338
26-08-1982,11.59855842590332,11.738781929016113,6772272,11.85897445678711,11.698718070983887,3.9561192989349365
27-08-1982,11.478364944458008,11.57852554321289,2049840,11.678686141967773,11.618590354919434,3.9290249347686768
30-08-1982,11.438301086425781,11.618590354919434,2653248,11.77884578704834,11.77884578704834,3.9832165241241455
31-08-1982,11.65865421295166,11.919071197509766,4216368,12.159455299377441,12.059294700622559,4.078054904937744
01-09-1982,11.83894157409668,11.979166984558105,4481568,12.099358558654785,11.879006385803223,4.017085552215576
02-09-1982,11.83894157409668,12.039262771606445,3430128,12.239583015441895,12.199519157409668,4.125474452972412
03-09-1982,12.299678802490234,12.520031929016113,3523728,12.720353126525879,12.520031929016113,4.233860492706299
07-09-1982,12.259614944458008,12.339743614196777,2811120,12.419872283935547,12.319711685180664,4.166121006011963
08-09-1982,12.099358558654785,12.279646873474121,2925312,12.43990421295166,12.139423370361328,4.1051530838012695
09-09-1982,11.959135055541992,12.059294700622559,2211456,12.139423370361328,11.979166984558105,4.050958156585693
10-09-1982,11.77884578704834,11.879006385803223,2212080,11.959135055541992,11.939103126525879,4.037411212921143
13-09-1982,11.85897445678711,12.059294700622559,1668576,12.259614944458008,12.219551086425781,4.132246971130371
14-09-1982,12.199519157409668,12.299678802490234,2148432,12.37980842590332,12.279646873474121,4.152569770812988
15-09-1982,12.199519157409668,12.279646873474121,1777776,12.339743614196777,12.259614944458008,4.1457977294921875
16-09-1982,12.179487228393555,12.279646873474121,2176512,12.37980842590332,12.199519157409668,4.125474452972412
17-09-1982,12.119391441345215,12.179487228393555,1005888,12.219551086425781,12.139423370361328,4.1051530838012695
20-09-1982,12.019230842590332,12.099358558654785,1905696,12.179487228393555,12.099358558654785,4.0916032791137695
21-09-1982,12.139423370361328,12.259614944458008,1552512,12.37980842590332,12.37980842590332,4.186444282531738
22-09-1982,12.37980842590332,12.520031929016113,4295616,12.660256385803223,12.37980842590332,4.186444282531738
23-09-1982,12.119391441345215,12.279646873474121,1876368,12.43990421295166,12.339743614196777,4.1728949546813965
24-09-1982,12.099358558654785,12.179487228393555,1564992,12.259614944458008,12.159455299377441,4.111926078796387
27-09-1982,12.139423370361328,12.259614944458008,1137552,12.37980842590332,12.35977554321289,4.179669380187988
28-09-1982,12.179487228393555,12.239583015441895,1529424,12.279646873474121,12.179487228393555,4.1645989418029785
29-09-1982,11.979166984558105,12.079326629638672,1986816,12.179487228393555,12.039262771606445,4.116652965545654
30-09-1982,11.919071197509766,11.999198913574219,2306928,12.059294700622559,11.979166984558105,4.096103191375732
01-10-1982,11.959135055541992,12.179487228393555,2244528,12.37980842590332,12.299678802490234,4.205695152282715
04-10-1982,12.059294700622559,12.139423370361328,1988688,12.199519157409668,12.179487228393555,4.1645989418029785
05-10-1982,12.219551086425781,12.279646873474121,2223936,12.319711685180664,12.239583015441895,4.185150146484375
06-10-1982,12.319711685180664,12.660256385803223,3905616,13.000801086425781,12.900641441345215,4.411187648773193
07-10-1982,12.900641441345215,12.980769157409668,4021056,13.060896873474121,13.020833015441895,4.452284812927246
08-10-1982,12.920673370361328,13.100961685180664,2907216,13.261218070983887,13.181090354919434,4.507081508636475
11-10-1982,13.060896873474121,13.301281929016113,3002064,13.541666984558105,13.301281929016113,4.548181533813477
12-10-1982,13.080928802490234,13.16105842590332,2908464,13.561698913574219,13.241186141967773,4.527629375457764
13-10-1982,13.080928802490234,13.28125,3016416,13.501603126525879,13.34134578704834,4.5618791580200195
14-10-1982,12.920673370361328,13.120993614196777,1748448,13.321313858032227,13.000801086425781,4.445433139801025
15-10-1982,12.740385055541992,12.900641441345215,1997424,13.060896873474121,12.780448913574219,4.370087146759033
18-10-1982,13.040864944458008,13.321313858032227,2021760,13.601762771606445,13.601762771606445,4.650926113128662
19-10-1982,13.361377716064453,13.481571197509766,1836432,13.581730842590332,13.441506385803223,4.596127986907959
20-10-1982,13.361377716064453,13.541666984558105,3765840,13.701923370361328,13.641826629638672,4.6646270751953125
21-10-1982,13.40144157409668,13.581730842590332,2892864,13.741987228393555,13.641826629638672,4.6646270751953125
22-10-1982,13.541666984558105,13.721955299377441,1929408,13.882211685180664,13.661858558654785,4.67147159576416
25-10-1982,13.34134578704834,13.461538314819336,1721616,13.581730842590332,13.361377716064453,4.568730354309082
26-10-1982,13.100961685180664,13.34134578704834,2105376,13.561698913574219,13.481571197509766,4.609827518463135
27-10-1982,13.461538314819336,13.601762771606445,2281344,13.721955299377441,13.581730842590332,4.644079685211182
28-10-1982,13.501603126525879,13.621794700622559,1392144,13.721955299377441,13.501603126525879,4.61667537689209
29-10-1982,13.441506385803223,13.681891441345215,2339376,13.902243614196777,13.762019157409668,4.705722808837891
01-11-1982,13.641826629638672,13.882211685180664,1889472,14.102563858032227,14.082531929016113,4.815317153930664
02-11-1982,14.0625,14.222756385803223,1438944,14.362980842590332,14.242788314819336,4.870114803314209
03-11-1982,14.282853126525879,14.623396873474121,2583360,14.96394157409668,14.96394157409668,5.116701126098633
04-11-1982,14.503205299377441,14.803686141967773,3685344,15.104166984558105,14.583333015441895,4.98655891418457
05-11-1982,14.483173370361328,14.643428802490234,1596192,14.803686141967773,14.72355842590332,5.034505367279053
08-11-1982,14.362980842590332,14.523237228393555,1782768,14.683493614196777,14.383012771606445,4.918059825897217
09-11-1982,14.423076629638672,14.563301086425781,1956864,14.683493614196777,14.643428802490234,5.007105827331543
10-11-1982,14.362980842590332,14.623396873474121,2032992,14.863781929016113,14.423076629638672,4.9317626953125
11-11-1982,14.222756385803223,14.403044700622559,3012672,14.583333015441895,14.583333015441895,4.98655891418457
12-11-1982,14.423076629638672,14.563301086425781,1623648,14.70352554321289,14.523237228393555,4.966010093688965
15-11-1982,14.162659645080566,14.282853126525879,2182128,14.383012771606445,14.162659645080566,4.842714309692383
16-11-1982,13.822114944458008,14.042468070983887,2408016,14.242788314819336,14.0625,4.808465957641602
17-11-1982,14.142627716064453,14.262821197509766,1823328,14.383012771606445,14.262821197509766,4.8769659996032715
18-11-1982,14.222756385803223,14.383012771606445,1728480,14.523237228393555,14.523237228393555,4.966010093688965
19-11-1982,14.423076629638672,14.563301086425781,2368704,14.683493614196777,14.503205299377441,4.959161281585693
22-11-1982,14.042468070983887,14.302885055541992,1814592,14.543269157409668,14.042468070983887,4.801620960235596
23-11-1982,13.982372283935547,14.082531929016113,1612416,14.162659645080566,14.082531929016113,4.815317153930664
24-11-1982,14.102563858032227,14.18269157409668,1716000,14.242788314819336,14.18269157409668,4.849564552307129
26-11-1982,14.18269157409668,14.222756385803223,874224,14.262821197509766,14.18269157409668,4.849564552307129
29-11-1982,14.162659645080566,14.242788314819336,1551888,14.302885055541992,14.242788314819336,4.870114803314209
30-11-1982,14.142627716064453,14.483173370361328,3503760,14.823718070983887,14.823718070983887,5.117700576782227
01-12-1982,14.623396873474121,14.78365421295166,3334032,14.943909645080566,14.70352554321289,5.076205730438232
02-12-1982,14.683493614196777,14.78365421295166,2428608,14.863781929016113,14.683493614196777,5.069289207458496
03-12-1982,14.663461685180664,14.763622283935547,1318512,14.84375,14.683493614196777,5.069289207458496
06-12-1982,14.683493614196777,15.084135055541992,2497872,15.48477554321289,15.304487228393555,5.283681392669678
07-12-1982,15.324519157409668,15.56490421295166,2498496,15.805288314819336,15.604968070983887,5.387418270111084
08-12-1982,15.464743614196777,15.705127716064453,2572752,15.945512771606445,15.544872283935547,5.366670608520508
09-12-1982,15.264423370361328,15.48477554321289,1891344,15.705127716064453,15.264423370361328,5.26984977722168
10-12-1982,14.98397445678711,15.224358558654785,1778400,15.464743614196777,15.024038314819336,5.18686056137085
13-12-1982,15.004006385803223,15.064103126525879,666432,15.124198913574219,15.064103126525879,5.200687885284424
14-12-1982,14.90384578704834,15.184294700622559,2613936,15.464743614196777,14.96394157409668,5.166109561920166
15-12-1982,14.623396873474121,14.763622283935547,2816112,14.90384578704834,14.643428802490234,5.05545711517334
16-12-1982,14.683493614196777,14.78365421295166,1184352,14.863781929016113,14.743590354919434,5.090036869049072
17-12-1982,14.603364944458008,14.743590354919434,1938144,14.883813858032227,14.84375,5.124613285064697
20-12-1982,14.863781929016113,14.943909645080566,1651728,15.024038314819336,14.883813858032227,5.138448715209961
21-12-1982,14.863781929016113,15.144230842590332,1323504,15.424678802490234,15.384614944458008,5.311342239379883
22-12-1982,15.344551086425781,15.56490421295166,1870752,15.76522445678711,15.625,5.394332408905029
23-12-1982,15.464743614196777,15.625,1196832,15.76522445678711,15.68509578704834,5.415083408355713
27-12-1982,15.604968070983887,15.825321197509766,1375296,16.0256404876709,15.905448913574219,5.491154193878174
28-12-1982,15.50480842590332,15.725159645080566,828048,15.925480842590332,15.544872283935547,5.366670608520508
29-12-1982,15.50480842590332,15.625,1068912,15.74519157409668,15.665063858032227,5.40816593170166
30-12-1982,15.104166984558105,15.404646873474121,1113840,15.68509578704834,15.324519157409668,5.290597438812256
31-12-1982,15.184294700622559,15.284455299377441,588432,15.384614944458008,15.204326629638672,5.249102592468262
03-01-1983,14.683493614196777,14.96394157409668,1581216,15.224358558654785,14.70352554321289,5.076205730438232
04-01-1983,14.603364944458008,14.84375,1784640,15.064103126525879,15.004006385803223,5.1799468994140625
05-01-1983,14.803686141967773,14.943909645080566,1623024,15.064103126525879,14.90384578704834,5.145362854003906
06-01-1983,14.863781929016113,15.144230842590332,2037360,15.424678802490234,15.284455299377441,5.276763916015625
07-01-1983,15.224358558654785,15.524840354919434,2650752,15.805288314819336,15.48477554321289,5.345925331115723
10-01-1983,15.404646873474121,15.665063858032227,2446704,15.905448913574219,15.885416984558105,5.484238624572754
11-01-1983,15.50480842590332,15.725159645080566,1874496,15.925480842590332,15.68509578704834,5.415083408355713
12-01-1983,15.625,15.825321197509766,2877264,16.0256404876709,15.625,5.394332408905029
13-01-1983,15.384614944458008,15.584936141967773,1940016,15.785256385803223,15.50480842590332,5.35283899307251
14-01-1983,15.304487228393555,15.48477554321289,1550640,15.645031929016113,15.424678802490234,5.325173377990723
17-01-1983,15.404646873474121,15.50480842590332,1859520,15.584936141967773,15.464743614196777,5.3390045166015625
18-01-1983,15.404646873474121,15.50480842590332,2498496,15.584936141967773,15.464743614196777,5.3390045166015625
19-01-1983,15.184294700622559,15.344551086425781,1077024,15.50480842590332,15.324519157409668,5.290597438812256
20-01-1983,15.184294700622559,15.324519157409668,879216,15.444711685180664,15.224358558654785,5.256013870239258
21-01-1983,15.024038314819336,15.144230842590332,1407120,15.264423370361328,15.044071197509766,5.193777084350586
24-01-1983,14.543269157409668,14.663461685180664,2502864,14.78365421295166,14.743590354919434,5.090036869049072
25-01-1983,14.803686141967773,14.90384578704834,1767792,15.004006385803223,14.98397445678711,5.173028945922852
26-01-1983,14.78365421295166,14.923877716064453,1426464,15.064103126525879,14.863781929016113,5.131534099578857
27-01-1983,14.70352554321289,14.98397445678711,3131232,15.264423370361328,15.264423370361328,5.26984977722168
28-01-1983,15.725159645080566,15.945512771606445,7727616,16.145832061767578,15.965544700622559,5.511903285980225
31-01-1983,16.0056095123291,16.306089401245117,3808896,16.586538314819336,16.586538314819336,5.726291179656982
01-02-1983,16.145832061767578,16.38621711730957,3401424,16.606571197509766,16.165864944458008,5.581059455871582
02-02-1983,15.905448913574219,16.10576820373535,2699424,16.28605842590332,16.065704345703125,5.546483039855957
03-02-1983,15.965544700622559,16.085737228393555,2112864,16.205928802490234,16.0256404876709,5.532649517059326
04-02-1983,15.965544700622559,16.045673370361328,2040480,16.10576820373535,16.10576820373535,5.560311794281006
07-02-1983,16.165864944458008,16.366186141967773,2188368,16.54647445678711,16.506410598754883,5.698628902435303
08-02-1983,16.165864944458008,16.38621711730957,2177760,16.586538314819336,16.306089401245117,5.6294732093811035
09-02-1983,16.185897827148438,16.306089401245117,2588352,16.42628288269043,16.42628288269043,5.670966625213623
10-02-1983,16.38621711730957,16.566505432128906,1667952,16.746795654296875,16.606571197509766,5.733206748962402
11-02-1983,16.366186141967773,16.566505432128906,1307904,16.746795654296875,16.466346740722656,5.684796333312988
14-02-1983,16.42628288269043,16.54647445678711,974064,16.666667938232422,16.626602172851562,5.740122318267822
15-02-1983,16.346153259277344,16.486377716064453,1940640,16.626602172851562,16.346153259277344,5.643301010131836
16-02-1983,16.306089401245117,16.446313858032227,1322880,16.566505432128906,16.306089401245117,5.6294732093811035
17-02-1983,16.085737228393555,16.245994567871094,1435824,16.38621711730957,16.306089401245117,5.6294732093811035
18-02-1983,16.165864944458008,16.486377716064453,1695408,16.8068904876709,16.626602172851562,5.740122318267822
22-02-1983,16.586538314819336,16.766826629638672,2008032,16.947114944458008,16.646635055541992,5.747043132781982
23-02-1983,16.68669891357422,16.927082061767578,2378064,17.147436141967773,17.147436141967773,5.919936180114746
24-02-1983,17.087339401245117,17.267627716064453,2844816,17.447917938232422,17.427885055541992,6.016756534576416
25-02-1983,17.30769157409668,17.387821197509766,2200848,17.46794891357422,17.407852172851562,6.009840965270996
28-02-1983,17.267627716064453,17.407852172851562,1910064,17.548076629638672,17.387821197509766,6.002922058105469
01-03-1983,17.427885055541992,17.628204345703125,4776720,17.82852554321289,17.788461685180664,6.141240119934082
02-03-1983,17.267627716064453,17.407852172851562,3239808,17.548076629638672,17.30769157409668,6.021366119384766
03-03-1983,17.147436141967773,17.287660598754883,2013024,17.427885055541992,17.147436141967773,5.965620517730713
04-03-1983,16.987178802490234,17.20753288269043,1910064,17.427885055541992,17.407852172851562,6.056216239929199
07-03-1983,17.107372283935547,17.267627716064453,1372176,17.427885055541992,17.30769157409668,6.021366119384766
08-03-1983,16.666667938232422,16.927082061767578,1656720,17.1875,16.70673179626465,5.8122968673706055
09-03-1983,16.606571197509766,16.7868595123291,1815216,16.967147827148438,16.927082061767578,5.88895845413208
10-03-1983,16.26602554321289,16.626602172851562,1560000,16.967147827148438,16.506410598754883,5.742603302001953
11-03-1983,16.26602554321289,16.40625,1244880,16.52644157409668,16.42628288269043,5.714725017547607
14-03-1983,16.366186141967773,16.506410598754883,1402752,16.626602172851562,16.54647445678711,5.756545543670654
15-03-1983,16.38621711730957,16.486377716064453,1507584,16.586538314819336,16.566505432128906,5.76351261138916
16-03-1983,16.366186141967773,16.54647445678711,1510080,16.726762771606445,16.366186141967773,5.693821430206299
17-03-1983,16.306089401245117,16.38621711730957,778752,16.446313858032227,16.40625,5.707757472991943
18-03-1983,16.26602554321289,16.38621711730957,1284816,16.506410598754883,16.326122283935547,5.679881572723389
21-03-1983,16.26602554321289,16.446313858032227,1783392,16.626602172851562,16.506410598754883,5.742603302001953
22-03-1983,16.506410598754883,16.54647445678711,2242032,16.666667938232422,16.506410598754883,5.742603302001953
23-03-1983,16.54647445678711,16.54647445678711,2753088,17.107372283935547,16.967147827148438,5.902895927429199
24-03-1983,16.826923370361328,16.987178802490234,1287936,17.04727554321289,16.90705108642578,5.881987571716309
25-03-1983,16.666667938232422,16.90705108642578,1482000,17.007211685180664,16.826923370361328,5.8541107177734375
28-03-1983,16.626602172851562,16.826923370361328,799968,16.88701820373535,16.68669891357422,5.805326461791992
29-03-1983,16.646635055541992,16.646635055541992,1100112,16.866987228393555,16.7868595123291,5.840171813964844
30-03-1983,16.7868595123291,16.7868595123291,1170624,17.127403259277344,17.06730842590332,5.937743186950684
31-03-1983,16.826923370361328,17.147436141967773,1324128,17.227563858032227,16.826923370361328,5.8541107177734375
04-04-1983,16.586538314819336,16.826923370361328,1440192,16.846954345703125,16.68669891357422,5.805326461791992
05-04-1983,16.606571197509766,16.70673179626465,1275456,16.7868595123291,16.70673179626465,5.8122968673706055
06-04-1983,16.466346740722656,16.666667938232422,1334112,16.70673179626465,16.54647445678711,5.756545543670654
07-04-1983,16.54647445678711,16.666667938232422,1445184,16.726762771606445,16.606571197509766,5.777449131011963
08-04-1983,16.52644157409668,16.606571197509766,997776,16.90705108642578,16.90705108642578,5.881987571716309
11-04-1983,16.947114944458008,16.987178802490234,1642992,17.347755432128906,17.347755432128906,6.035308361053467
12-04-1983,17.127403259277344,17.287660598754883,1530048,17.30769157409668,17.227563858032227,5.993493556976318
13-04-1983,17.20753288269043,17.30769157409668,1434576,17.447917938232422,17.30769157409668,6.021366119384766
14-04-1983,17.227563858032227,17.407852172851562,1636752,17.427885055541992,17.427885055541992,6.063186168670654
15-04-1983,17.347755432128906,17.447917938232422,1329120,17.46794891357422,17.427885055541992,6.063186168670654
18-04-1983,17.427885055541992,17.427885055541992,2359968,17.788461685180664,17.788461685180664,6.188631057739258
19-04-1983,17.548076629638672,17.788461685180664,1437696,17.868589401245117,17.788461685180664,6.188631057739258
20-04-1983,17.788461685180664,17.788461685180664,1316640,18.068910598754883,17.94871711730957,6.244382381439209
21-04-1983,17.708332061767578,17.94871711730957,1646736,18.028846740722656,17.768428802490234,6.181661128997803
22-04-1983,17.46794891357422,17.748397827148438,1005888,17.82852554321289,17.48798179626465,6.084094524383545
25-04-1983,17.30769157409668,17.447917938232422,1379664,17.5881404876709,17.30769157409668,6.021366119384766
26-04-1983,17.20753288269043,17.48798179626465,1671696,17.748397827148438,17.748397827148438,6.174690246582031
27-04-1983,17.447917938232422,17.66826820373535,2031744,17.888622283935547,17.48798179626465,6.084094524383545
28-04-1983,17.48798179626465,17.608173370361328,1515072,17.708332061767578,17.708332061767578,6.160756587982178
29-04-1983,17.68830108642578,17.82852554321289,1404624,17.96875,17.928686141967773,6.237418174743652
02-05-1983,17.46794891357422,17.728364944458008,1729104,17.96875,17.46794891357422,6.077125072479248
03-05-1983,17.367788314819336,17.46794891357422,1982448,17.628204345703125,17.628204345703125,6.132879734039307
04-05-1983,17.648237228393555,17.748397827148438,2778672,17.84855842590332,17.708332061767578,6.160756587982178
05-05-1983,17.648237228393555,17.708332061767578,1226784,17.768428802490234,17.728364944458008,6.167726039886475
06-05-1983,17.648237228393555,17.768428802490234,3061344,18.048877716064453,17.868589401245117,6.216507434844971
09-05-1983,17.728364944458008,17.768428802490234,1539408,17.908653259277344,17.748397827148438,6.174690246582031
10-05-1983,17.68830108642578,17.708332061767578,920400,17.868589401245117,17.788461685180664,6.188631057739258
11-05-1983,17.427885055541992,17.708332061767578,1487616,17.768428802490234,17.508012771606445,6.091057300567627
12-05-1983,17.30769157409668,17.508012771606445,1124448,17.5681095123291,17.427885055541992,6.063186168670654
13-05-1983,17.46794891357422,17.46794891357422,1274208,17.768428802490234,17.608173370361328,6.125908851623535
16-05-1983,17.407852172851562,17.427885055541992,1427088,17.548076629638672,17.548076629638672,6.1050028800964355
17-05-1983,17.247596740722656,17.387821197509766,2181504,17.508012771606445,17.30769157409668,6.021366119384766
18-05-1983,17.007211685180664,17.32772445678711,1873248,17.407852172851562,17.027244567871094,5.923803806304932
19-05-1983,16.7868595123291,16.987178802490234,2555280,16.987178802490234,16.88701820373535,5.875017166137695
20-05-1983,16.70673179626465,16.90705108642578,2140944,17.027244567871094,16.826923370361328,5.8541107177734375
23-05-1983,16.606571197509766,16.606571197509766,2515968,16.967147827148438,16.947114944458008,5.895923137664795
24-05-1983,16.866987228393555,17.107372283935547,2729376,17.147436141967773,16.987178802490234,5.909860610961914
25-05-1983,16.866987228393555,17.06730842590332,2097264,17.087339401245117,17.007211685180664,5.916831970214844
26-05-1983,16.866987228393555,17.007211685180664,1380288,17.027244567871094,16.947114944458008,5.895923137664795
27-05-1983,16.626602172851562,16.90705108642578,1809600,16.967147827148438,16.68669891357422,5.805326461791992
31-05-1983,16.54647445678711,16.606571197509766,1406496,16.826923370361328,16.566505432128906,5.76351261138916
01-06-1983,16.606571197509766,16.606571197509766,1426464,16.846954345703125,16.826923370361328,5.8541107177734375
02-06-1983,16.826923370361328,16.90705108642578,2827968,17.30769157409668,17.30769157409668,6.021366119384766
03-06-1983,17.267627716064453,17.30769157409668,1730976,17.868589401245117,17.548076629638672,6.1050028800964355
06-06-1983,17.46794891357422,17.628204345703125,1161888,17.748397827148438,17.628204345703125,6.132879734039307
07-06-1983,17.548076629638672,17.66826820373535,1542840,18.028846740722656,17.748397827148438,6.174690246582031
08-06-1983,17.5881404876709,17.748397827148438,2154984,17.98878288269043,17.82852554321289,6.2025651931762695
09-06-1983,17.46794891357422,17.748397827148438,2151240,17.788461685180664,17.548076629638672,6.157581806182861
10-06-1983,17.30769157409668,17.708332061767578,1348464,17.708332061767578,17.347755432128906,6.087291717529297
13-06-1983,17.387821197509766,17.427885055541992,1181544,17.5881404876709,17.427885055541992,6.1154069900512695
14-06-1983,17.548076629638672,17.5881404876709,1474824,17.788461685180664,17.66826820373535,6.199760913848877
15-06-1983,17.66826820373535,17.748397827148438,2021448,18.26923179626465,18.26923179626465,6.410632133483887
16-06-1983,18.309295654296875,18.429487228393555,3792048,18.509614944458008,18.429487228393555,6.466869354248047
17-06-1983,18.068910598754883,18.389423370361328,2517528,18.429487228393555,18.189102172851562,6.3825154304504395
20-06-1983,17.98878288269043,18.229167938232422,1359696,18.309295654296875,18.10897445678711,6.354403495788574
21-06-1983,18.10897445678711,18.229167938232422,1694784,18.46955108642578,18.429487228393555,6.466869354248047
22-06-1983,18.149038314819336,18.309295654296875,2088528,18.46955108642578,18.26923179626465,6.410632133483887
23-06-1983,17.98878288269043,18.229167938232422,1285440,18.229167938232422,18.068910598754883,6.340344429016113
24-06-1983,17.708332061767578,18.068910598754883,1067976,18.10897445678711,17.788461685180664,6.241934299468994
27-06-1983,17.1875,17.788461685180664,1521936,17.788461685180664,17.1875,6.031058311462402
28-06-1983,16.826923370361328,17.1875,2419248,17.30769157409668,16.826923370361328,5.904533386230469
29-06-1983,16.746795654296875,16.746795654296875,2516904,17.30769157409668,17.227563858032227,6.045114517211914
30-06-1983,17.347755432128906,17.708332061767578,1740024,17.748397827148438,17.628204345703125,6.185702323913574
01-07-1983,17.30769157409668,17.628204345703125,1277328,17.628204345703125,17.46794891357422,6.129469871520996
05-07-1983,17.107372283935547,17.387821197509766,843024,17.387821197509766,17.1875,6.031058311462402
06-07-1983,16.947114944458008,17.347755432128906,931320,17.387821197509766,17.147436141967773,6.016998767852783
07-07-1983,16.947114944458008,17.1875,1102296,17.30769157409668,16.987178802490234,5.960763454437256
08-07-1983,16.90705108642578,16.987178802490234,713544,17.06730842590332,17.06730842590332,5.988882064819336
11-07-1983,17.107372283935547,17.147436141967773,771264,17.427885055541992,17.1875,6.031058311462402
12-07-1983,16.666667938232422,17.147436141967773,1832688,17.147436141967773,16.826923370361328,5.904533386230469
13-07-1983,16.70673179626465,16.826923370361328,1270152,16.947114944458008,16.866987228393555,5.918591022491455
14-07-1983,16.38621711730957,16.866987228393555,1908504,17.107372283935547,16.626602172851562,5.834237575531006
15-07-1983,16.185897827148438,16.54647445678711,1653288,16.626602172851562,16.225961685180664,5.693657875061035
18-07-1983,15.865385055541992,16.225961685180664,2927184,16.225961685180664,16.065704345703125,5.637423515319824
19-07-1983,16.10576820373535,16.42628288269043,2045472,16.466346740722656,16.26602554321289,5.7077131271362305
20-07-1983,16.506410598754883,16.586538314819336,2318472,17.06730842590332,17.06730842590332,5.988882064819336
21-07-1983,16.947114944458008,17.06730842590332,1706328,17.387821197509766,17.227563858032227,6.045114517211914
22-07-1983,16.987178802490234,17.127403259277344,732576,17.267627716064453,17.147436141967773,6.016998767852783
25-07-1983,16.90705108642578,17.06730842590332,1435512,17.548076629638672,17.347755432128906,6.087291717529297
26-07-1983,17.227563858032227,17.347755432128906,1716312,17.427885055541992,17.267627716064453,6.059173583984375
27-07-1983,16.70673179626465,17.548076629638672,2566824,17.548076629638672,16.866987228393555,5.918591022491455
28-07-1983,16.306089401245117,16.826923370361328,1706640,16.866987228393555,16.346153259277344,5.735828399658203
29-07-1983,15.705127716064453,16.185897827148438,2623296,16.38621711730957,15.985576629638672,5.6093034744262695
01-08-1983,15.705127716064453,15.785256385803223,2212704,16.065704345703125,15.705127716064453,5.510895729064941
02-08-1983,15.705127716064453,15.74519157409668,1708824,15.905448913574219,15.705127716064453,5.510895729064941
03-08-1983,15.584936141967773,15.705127716064453,1931904,15.905448913574219,15.905448913574219,5.581187725067139
04-08-1983,14.743590354919434,15.945512771606445,5531448,15.945512771606445,15.464743614196777,5.426543712615967
05-08-1983,15.424678802490234,15.50480842590332,1350336,15.705127716064453,15.464743614196777,5.426543712615967
08-08-1983,15.144230842590332,15.304487228393555,1389336,15.344551086425781,15.184294700622559,5.328139305114746
09-08-1983,15.104166984558105,15.304487228393555,2882880,15.625,15.464743614196777,5.426543712615967
10-08-1983,15.464743614196777,15.584936141967773,1781520,15.945512771606445,15.865385055541992,5.567127704620361
11-08-1983,15.74519157409668,15.905448913574219,1517880,15.985576629638672,15.785256385803223,5.5390143394470215
12-08-1983,15.625,15.865385055541992,898872,15.905448913574219,15.74519157409668,5.5249552726745605
15-08-1983,15.865385055541992,15.945512771606445,3253224,16.10576820373535,15.945512771606445,5.595245361328125
16-08-1983,15.344551086425781,15.865385055541992,1657032,15.905448913574219,15.625,5.482781410217285
17-08-1983,15.304487228393555,15.584936141967773,2011464,15.625,15.344551086425781,5.384372234344482
18-08-1983,15.104166984558105,15.184294700622559,2754648,15.384614944458008,15.184294700622559,5.328139305114746
19-08-1983,15.104166984558105,15.184294700622559,1806168,15.344551086425781,15.264423370361328,5.3562517166137695
22-08-1983,15.224358558654785,15.464743614196777,1908816,15.50480842590332,15.304487228393555,5.370311737060547
23-08-1983,15.224358558654785,15.264423370361328,1662648,15.384614944458008,15.264423370361328,5.3562517166137695
24-08-1983,15.064103126525879,15.264423370361328,2501928,15.464743614196777,15.144230842590332,5.3140788078308105
25-08-1983,14.98397445678711,15.224358558654785,1645800,15.224358558654785,15.144230842590332,5.3140788078308105
26-08-1983,15.024038314819336,15.184294700622559,1495416,15.464743614196777,15.464743614196777,5.426543712615967
29-08-1983,15.304487228393555,15.304487228393555,1092312,15.74519157409668,15.665063858032227,5.49683952331543
30-08-1983,15.74519157409668,15.785256385803223,2093520,15.945512771606445,15.825321197509766,5.553070545196533
31-08-1983,15.785256385803223,15.825321197509766,2387736,16.42628288269043,16.38621711730957,5.749886512756348
01-09-1983,15.985576629638672,16.346153259277344,1564056,16.346153259277344,16.10576820373535,5.651480197906494
02-09-1983,16.0256404876709,16.065704345703125,675480,16.26602554321289,16.26602554321289,5.7077131271362305
06-09-1983,16.346153259277344,16.586538314819336,1632072,16.586538314819336,16.586538314819336,5.8201799392700195
07-09-1983,16.38621711730957,16.54647445678711,2151864,16.666667938232422,16.466346740722656,5.778004169464111
08-09-1983,16.38621711730957,16.42628288269043,1107600,16.54647445678711,16.466346740722656,5.778004169464111
09-09-1983,16.225961685180664,16.42628288269043,1100736,16.506410598754883,16.42628288269043,5.763948440551758
12-09-1983,15.905448913574219,16.666667938232422,2420184,16.70673179626465,15.985576629638672,5.6093034744262695
13-09-1983,15.865385055541992,16.0256404876709,1314456,16.145832061767578,15.865385055541992,5.567127704620361
14-09-1983,15.865385055541992,15.945512771606445,1054872,16.065704345703125,16.0256404876709,5.623364448547363
15-09-1983,15.865385055541992,16.0256404876709,1134744,16.0256404876709,15.905448913574219,5.581187725067139
16-09-1983,15.705127716064453,15.905448913574219,1829256,16.185897827148438,16.0256404876709,5.623364448547363
19-09-1983,16.065704345703125,16.10576820373535,1279824,16.346153259277344,16.10576820373535,5.651480197906494
20-09-1983,16.065704345703125,16.306089401245117,1730040,16.38621711730957,16.225961685180664,5.693657875061035
21-09-1983,15.985576629638672,16.26602554321289,1474200,16.346153259277344,16.065704345703125,5.637423515319824
22-09-1983,16.065704345703125,16.065704345703125,1578408,16.586538314819336,16.586538314819336,5.8201799392700195
23-09-1983,16.466346740722656,16.826923370361328,2867280,16.826923370361328,16.70673179626465,5.8623576164245605
26-09-1983,16.746795654296875,16.90705108642578,1807416,17.107372283935547,16.947114944458008,5.946705341339111
27-09-1983,16.586538314819336,16.746795654296875,1549392,16.7868595123291,16.7868595123291,5.943868160247803
28-09-1983,16.586538314819336,16.746795654296875,732576,16.7868595123291,16.746795654296875,5.929685115814209
29-09-1983,16.70673179626465,16.746795654296875,893568,16.866987228393555,16.7868595123291,5.943868160247803
30-09-1983,16.586538314819336,16.70673179626465,1015872,16.90705108642578,16.90705108642578,5.986429214477539
03-10-1983,16.746795654296875,16.826923370361328,1317576,17.267627716064453,17.267627716064453,6.114098072052002
04-10-1983,17.30769157409668,17.30769157409668,2259816,17.628204345703125,17.427885055541992,6.170841217041016
05-10-1983,17.427885055541992,17.427885055541992,2003664,17.748397827148438,17.748397827148438,6.28433084487915
06-10-1983,17.5881404876709,17.708332061767578,2785224,17.748397827148438,17.708332061767578,6.270143032073975
07-10-1983,17.748397827148438,17.868589401245117,2632344,17.98878288269043,17.94871711730957,6.355258464813232
10-10-1983,17.66826820373535,17.908653259277344,1179672,17.94871711730957,17.908653259277344,6.341074466705322
11-10-1983,17.147436141967773,17.708332061767578,1822704,17.82852554321289,17.30769157409668,6.128284454345703
12-10-1983,16.90705108642578,17.1875,1611168,17.347755432128906,17.06730842590332,6.0431718826293945
13-10-1983,16.746795654296875,17.147436141967773,1165320,17.1875,17.147436141967773,6.071542263031006
14-10-1983,16.826923370361328,17.06730842590332,1426776,17.147436141967773,17.027244567871094,6.028982639312744
17-10-1983,17.027244567871094,17.147436141967773,1547832,17.46794891357422,17.227563858032227,6.099913120269775
18-10-1983,16.90705108642578,17.147436141967773,1173744,17.347755432128906,16.987178802490234,6.014800548553467
19-10-1983,16.746795654296875,16.826923370361328,1232088,17.1875,17.107372283935547,6.057356357574463
20-10-1983,16.987178802490234,17.147436141967773,988728,17.1875,17.147436141967773,6.071542263031006
21-10-1983,16.746795654296875,17.1875,1393080,17.1875,16.866987228393555,5.972243785858154
24-10-1983,16.306089401245117,16.346153259277344,2104128,16.666667938232422,16.466346740722656,5.830384254455566
25-10-1983,16.586538314819336,16.666667938232422,2556840,16.7868595123291,16.666667938232422,5.901311874389648
26-10-1983,16.626602172851562,16.746795654296875,895752,16.7868595123291,16.666667938232422,5.901311874389648
27-10-1983,16.626602172851562,16.666667938232422,1062984,16.947114944458008,16.90705108642578,5.986429214477539
28-10-1983,16.586538314819336,16.90705108642578,902928,16.987178802490234,16.666667938232422,5.901311874389648
31-10-1983,16.54647445678711,16.746795654296875,1475760,16.7868595123291,16.586538314819336,5.872939586639404
01-11-1983,16.346153259277344,16.626602172851562,994344,16.626602172851562,16.506410598754883,5.844569206237793
02-11-1983,16.42628288269043,16.54647445678711,1275768,16.826923370361328,16.7868595123291,5.943868160247803
03-11-1983,16.54647445678711,16.70673179626465,1185288,16.746795654296875,16.626602172851562,5.887124061584473
04-11-1983,16.42628288269043,16.626602172851562,963144,16.666667938232422,16.626602172851562,5.887124061584473
07-11-1983,16.38621711730957,16.466346740722656,1485744,16.626602172851562,16.586538314819336,5.872939586639404
08-11-1983,16.506410598754883,16.626602172851562,1073592,16.987178802490234,16.947114944458008,6.000614166259766
09-11-1983,16.90705108642578,16.947114944458008,1323816,17.427885055541992,17.387821197509766,6.156657695770264
10-11-1983,17.387821197509766,17.46794891357422,1861080,17.66826820373535,17.548076629638672,6.213402271270752
11-11-1983,17.46794891357422,17.46794891357422,2141880,17.788461685180664,17.628204345703125,6.241776466369629
14-11-1983,17.708332061767578,17.708332061767578,3154944,18.10897445678711,17.94871711730957,6.355258464813232
15-11-1983,17.66826820373535,17.868589401245117,1966848,17.94871711730957,17.788461685180664,6.298516273498535
16-11-1983,17.427885055541992,17.748397827148438,1410240,17.94871711730957,17.66826820373535,6.255958557128906
17-11-1983,17.387821197509766,17.748397827148438,1121640,17.788461685180664,17.628204345703125,6.241776466369629
18-11-1983,17.508012771606445,17.628204345703125,1385904,17.788461685180664,17.788461685180664,6.298516273498535
21-11-1983,17.628204345703125,17.788461685180664,1828632,18.149038314819336,18.068910598754883,6.397817611694336
22-11-1983,17.908653259277344,18.10897445678711,1965912,18.10897445678711,17.94871711730957,6.355258464813232
23-11-1983,17.748397827148438,18.028846740722656,1615848,18.229167938232422,18.189102172851562,6.440371036529541
25-11-1983,17.98878288269043,18.189102172851562,861120,18.229167938232422,18.10897445678711,6.41200065612793
28-11-1983,17.94871711730957,18.10897445678711,748488,18.189102172851562,18.149038314819336,6.4261908531188965
29-11-1983,18.068910598754883,18.189102172851562,2911896,18.62980842590332,18.589744567871094,6.582234859466553
30-11-1983,18.26923179626465,18.509614944458008,2738736,18.549678802490234,18.309295654296875,6.539304256439209
01-12-1983,18.149038314819336,18.189102172851562,1457664,18.46955108642578,18.389423370361328,6.567920684814453
02-12-1983,18.189102172851562,18.26923179626465,1246128,18.389423370361328,18.26923179626465,6.52499532699585
05-12-1983,18.189102172851562,18.309295654296875,1090128,18.46955108642578,18.389423370361328,6.567920684814453
06-12-1983,18.429487228393555,18.46955108642578,2450448,18.709936141967773,18.509614944458008,6.610849857330322
07-12-1983,18.509614944458008,18.509614944458008,1541592,18.87019157409668,18.709936141967773,6.6823954582214355
08-12-1983,18.509614944458008,18.509614944458008,1618032,18.75,18.509614944458008,6.610849857330322
09-12-1983,18.429487228393555,18.46955108642578,1384656,18.549678802490234,18.429487228393555,6.58223295211792
12-12-1983,18.3493595123291,18.3493595123291,707616,18.549678802490234,18.549678802490234,6.625164031982422
13-12-1983,18.429487228393555,18.509614944458008,1353144,18.62980842590332,18.509614944458008,6.610849857330322
14-12-1983,18.068910598754883,18.429487228393555,1512888,18.429487228393555,18.10897445678711,6.467756748199463
15-12-1983,17.628204345703125,18.10897445678711,1935648,18.149038314819336,17.66826820373535,6.31035852432251
16-12-1983,17.66826820373535,17.82852554321289,2098200,17.868589401245117,17.66826820373535,6.31035852432251
19-12-1983,17.868589401245117,17.868589401245117,1534104,18.028846740722656,17.908653259277344,6.396213531494141
20-12-1983,17.908653259277344,17.94871711730957,1622088,18.149038314819336,18.068910598754883,6.453449249267578
21-12-1983,18.229167938232422,18.26923179626465,1485432,18.46955108642578,18.46955108642578,6.596542835235596
22-12-1983,18.549678802490234,18.589744567871094,1691040,18.790063858032227,18.75,6.696708679199219
23-12-1983,18.589744567871094,18.62980842590332,763776,18.709936141967773,18.669872283935547,6.668090343475342
27-12-1983,18.509614944458008,18.509614944458008,855192,18.87019157409668,18.709936141967773,6.6823954582214355
28-12-1983,18.589744567871094,18.75,817440,18.830127716064453,18.669872283935547,6.668090343475342
29-12-1983,18.669872283935547,18.830127716064453,886704,18.830127716064453,18.709936141967773,6.6823954582214355
30-12-1983,18.709936141967773,18.790063858032227,773136,18.830127716064453,18.790063858032227,6.711016654968262
03-01-1984,18.429487228393555,18.709936141967773,1168752,18.709936141967773,18.46955108642578,6.596542835235596
04-01-1984,18.389423370361328,18.429487228393555,1713504,18.75,18.589744567871094,6.639475345611572
05-01-1984,18.46955108642578,18.87019157409668,2234856,18.910255432128906,18.709936141967773,6.6823954582214355
06-01-1984,18.46955108642578,18.75,1501656,18.790063858032227,18.589744567871094,6.639475345611572
09-01-1984,18.429487228393555,18.509614944458008,1424904,18.62980842590332,18.549678802490234,6.625164031982422
10-01-1984,18.3493595123291,18.549678802490234,1597752,18.709936141967773,18.429487228393555,6.58223295211792
11-01-1984,18.309295654296875,18.3493595123291,1374048,18.62980842590332,18.549678802490234,6.625164031982422
12-01-1984,18.429487228393555,18.62980842590332,897000,18.669872283935547,18.46955108642578,6.596542835235596
13-01-1984,18.189102172851562,18.589744567871094,1690728,18.669872283935547,18.309295654296875,6.539304256439209
16-01-1984,18.189102172851562,18.389423370361328,1037400,18.429487228393555,18.309295654296875,6.539304256439209
17-01-1984,18.26923179626465,18.3493595123291,1004328,18.429487228393555,18.429487228393555,6.58223295211792
18-01-1984,18.189102172851562,18.429487228393555,1283256,18.429487228393555,18.189102172851562,6.496373653411865
19-01-1984,18.10897445678711,18.229167938232422,846456,18.26923179626465,18.229167938232422,6.510688304901123
20-01-1984,17.868589401245117,18.26923179626465,1354080,18.26923179626465,17.94871711730957,6.410517692565918
23-01-1984,17.748397827148438,17.82852554321289,1187160,17.98878288269043,17.94871711730957,6.410517692565918
24-01-1984,17.66826820373535,17.868589401245117,1443936,17.908653259277344,17.66826820373535,6.31035852432251
25-01-1984,17.30769157409668,17.748397827148438,2226744,17.868589401245117,17.30769157409668,6.181574821472168
26-01-1984,17.267627716064453,17.5881404876709,1911312,17.5881404876709,17.347755432128906,6.19588565826416
27-01-1984,17.107372283935547,17.387821197509766,1814904,17.427885055541992,17.227563858032227,6.152961730957031
30-01-1984,17.06730842590332,17.347755432128906,1611792,17.347755432128906,17.227563858032227,6.152961730957031
31-01-1984,17.1875,17.227563858032227,1725360,17.548076629638672,17.427885055541992,6.224503040313721
01-02-1984,17.347755432128906,17.427885055541992,1759680,17.66826820373535,17.628204345703125,6.2960524559021
02-02-1984,17.508012771606445,17.708332061767578,1840800,17.788461685180664,17.788461685180664,6.3532891273498535
03-02-1984,17.427885055541992,17.868589401245117,1843920,17.94871711730957,17.46794891357422,6.23881196975708
06-02-1984,16.866987228393555,17.06730842590332,2715336,17.1875,16.947114944458008,6.052791118621826
07-02-1984,16.866987228393555,17.107372283935547,2185248,17.347755432128906,17.267627716064453,6.167267322540283
08-02-1984,17.06730842590332,17.30769157409668,2318160,17.508012771606445,17.107372283935547,6.1100311279296875
09-02-1984,16.866987228393555,17.027244567871094,3434184,17.1875,16.987178802490234,6.0671000480651855
10-02-1984,17.027244567871094,17.06730842590332,1804296,17.267627716064453,17.147436141967773,6.1243391036987305
13-02-1984,16.54647445678711,17.227563858032227,1584960,17.227563858032227,16.7868595123291,5.9955525398254395
14-02-1984,16.826923370361328,16.987178802490234,2514720,17.147436141967773,17.06730842590332,6.0957207679748535
15-02-1984,17.027244567871094,17.147436141967773,2065752,17.30769157409668,17.107372283935547,6.1100311279296875
16-02-1984,17.027244567871094,17.107372283935547,1135680,17.267627716064453,17.06730842590332,6.0957207679748535
17-02-1984,16.90705108642578,16.987178802490234,1198392,17.1875,16.90705108642578,6.038482189178467
21-02-1984,16.626602172851562,16.7868595123291,1402440,16.947114944458008,16.626602172851562,5.938321113586426
22-02-1984,16.626602172851562,16.666667938232422,2838264,16.987178802490234,16.666667938232422,5.952626705169678
23-02-1984,16.346153259277344,16.54647445678711,2602704,16.746795654296875,16.666667938232422,5.952626705169678
24-02-1984,16.7868595123291,16.7868595123291,3193320,17.30769157409668,17.227563858032227,6.152961730957031
27-02-1984,16.987178802490234,17.1875,1997736,17.30769157409668,16.987178802490234,6.0671000480651855
28-02-1984,16.586538314819336,16.987178802490234,1808352,16.987178802490234,16.70673179626465,5.9669365882873535
29-02-1984,16.506410598754883,16.666667938232422,2136888,16.7868595123291,16.666667938232422,5.952626705169678
01-03-1984,16.346153259277344,16.466346740722656,1223352,16.626602172851562,16.626602172851562,5.995970726013184
02-03-1984,16.626602172851562,16.90705108642578,1584336,16.90705108642578,16.746795654296875,6.039315700531006
05-03-1984,16.54647445678711,16.70673179626465,702624,16.90705108642578,16.586538314819336,5.981522083282471
06-03-1984,16.506410598754883,16.54647445678711,1851720,16.746795654296875,16.506410598754883,5.952627182006836
07-03-1984,15.945512771606445,16.346153259277344,2523768,16.346153259277344,16.065704345703125,5.793699741363525
08-03-1984,15.825321197509766,16.0256404876709,1774968,16.10576820373535,15.865385055541992,5.721456050872803
09-03-1984,15.625,15.865385055541992,1386840,15.905448913574219,15.825321197509766,5.707006931304932
12-03-1984,15.785256385803223,15.785256385803223,3094728,16.26602554321289,16.225961685180664,5.851492881774902
13-03-1984,16.38621711730957,16.42628288269043,3949920,16.746795654296875,16.54647445678711,5.967078685760498
14-03-1984,16.42628288269043,16.506410598754883,2319096,16.70673179626465,16.70673179626465,6.024868965148926
15-03-1984,16.70673179626465,16.70673179626465,2058576,16.947114944458008,16.866987228393555,6.082662582397461
16-03-1984,17.06730842590332,17.347755432128906,3600480,17.347755432128906,17.107372283935547,6.169347286224365
19-03-1984,16.866987228393555,16.866987228393555,1196832,17.027244567871094,16.947114944458008,6.1115570068359375
20-03-1984,16.90705108642578,17.027244567871094,1301976,17.06730842590332,16.987178802490234,6.126003742218018
21-03-1984,16.866987228393555,16.987178802490234,890448,17.027244567871094,16.90705108642578,6.097110271453857
22-03-1984,16.506410598754883,16.90705108642578,1247064,16.90705108642578,16.586538314819336,5.981522083282471
23-03-1984,16.506410598754883,16.626602172851562,1329432,16.746795654296875,16.70673179626465,6.024868965148926
26-03-1984,16.626602172851562,16.666667938232422,946296,16.746795654296875,16.666667938232422,6.010419845581055
27-03-1984,16.666667938232422,16.666667938232422,1064232,16.947114944458008,16.826923370361328,6.068211555480957
28-03-1984,16.90705108642578,16.947114944458008,2092272,17.508012771606445,17.508012771606445,6.3138322830200195
29-03-1984,17.628204345703125,17.66826820373535,1909128,17.788461685180664,17.66826820373535,6.3716230392456055
30-03-1984,17.508012771606445,17.5881404876709,1151280,17.66826820373535,17.5881404876709,6.342729091644287
02-04-1984,17.1875,17.5881404876709,1230840,17.748397827148438,17.30769157409668,6.241588115692139
03-04-1984,17.147436141967773,17.267627716064453,1767168,17.427885055541992,17.1875,6.198245525360107
04-04-1984,17.107372283935547,17.227563858032227,1194024,17.347755432128906,17.227563858032227,6.212696075439453
05-04-1984,16.466346740722656,17.30769157409668,1496664,17.30769157409668,16.54647445678711,5.967078685760498
06-04-1984,16.42628288269043,16.54647445678711,2324088,16.666667938232422,16.54647445678711,5.967078685760498
09-04-1984,16.42628288269043,16.666667938232422,1464528,16.666667938232422,16.506410598754883,5.952627182006836
10-04-1984,16.586538314819336,16.666667938232422,2022696,16.90705108642578,16.586538314819336,5.981522083282471
11-04-1984,16.54647445678711,16.626602172851562,1191528,16.7868595123291,16.586538314819336,5.981522083282471
12-04-1984,16.466346740722656,16.7868595123291,2397408,17.147436141967773,17.147436141967773,6.183797359466553
13-04-1984,17.06730842590332,17.147436141967773,2346864,17.46794891357422,17.107372283935547,6.169347286224365
16-04-1984,17.027244567871094,17.107372283935547,2152176,17.628204345703125,17.628204345703125,6.357175350189209
17-04-1984,17.46794891357422,17.66826820373535,1667016,17.708332061767578,17.508012771606445,6.3138322830200195
18-04-1984,17.347755432128906,17.548076629638672,1114152,17.5881404876709,17.46794891357422,6.299383163452148
19-04-1984,17.30769157409668,17.427885055541992,1566864,17.508012771606445,17.46794891357422,6.299383163452148
23-04-1984,17.147436141967773,17.548076629638672,1025544,17.5881404876709,17.1875,6.198245525360107
24-04-1984,17.1875,17.1875,1924728,17.868589401245117,17.66826820373535,6.3716230392456055
25-04-1984,17.5881404876709,17.708332061767578,1393392,17.788461685180664,17.708332061767578,6.386072635650635
26-04-1984,17.788461685180664,17.82852554321289,2004288,18.028846740722656,17.98878288269043,6.487209796905518
27-04-1984,17.748397827148438,17.98878288269043,2150304,18.028846740722656,17.748397827148438,6.400519847869873
30-04-1984,17.107372283935547,17.748397827148438,996840,17.868589401245117,17.788461685180664,6.414967060089111
01-05-1984,17.82852554321289,17.868589401245117,1621776,18.068910598754883,17.94871711730957,6.472757339477539
02-05-1984,17.82852554321289,17.98878288269043,1401192,18.10897445678711,18.068910598754883,6.516104698181152
03-05-1984,17.748397827148438,18.068910598754883,1305096,18.068910598754883,17.788461685180664,6.414967060089111
04-05-1984,17.30769157409668,17.788461685180664,1440504,17.788461685180664,17.46794891357422,6.299383163452148
07-05-1984,17.387821197509766,17.46794891357422,1311648,17.548076629638672,17.508012771606445,6.3138322830200195
08-05-1984,17.46794891357422,17.548076629638672,1874184,17.748397827148438,17.708332061767578,6.386072635650635
09-05-1984,17.427885055541992,17.748397827148438,1702272,17.748397827148438,17.5881404876709,6.342729091644287
10-05-1984,17.427885055541992,17.5881404876709,784992,17.66826820373535,17.548076629638672,6.32827615737915
11-05-1984,17.1875,17.427885055541992,1618968,17.427885055541992,17.427885055541992,6.284938812255859
14-05-1984,17.227563858032227,17.387821197509766,917280,17.387821197509766,17.347755432128906,6.25603723526001
15-05-1984,17.227563858032227,17.347755432128906,1922232,17.46794891357422,17.427885055541992,6.284938812255859
16-05-1984,17.227563858032227,17.387821197509766,1247376,17.387821197509766,17.387821197509766,6.270486354827881
17-05-1984,17.107372283935547,17.387821197509766,1072968,17.387821197509766,17.267627716064453,6.227143287658691
18-05-1984,16.90705108642578,17.227563858032227,1114464,17.267627716064453,17.147436141967773,6.183797359466553
21-05-1984,16.987178802490234,17.30769157409668,1004016,17.30769157409668,17.06730842590332,6.154901504516602
22-05-1984,16.666667938232422,17.027244567871094,1579344,17.027244567871094,16.947114944458008,6.1115570068359375
23-05-1984,16.826923370361328,16.987178802490234,1588080,17.027244567871094,16.826923370361328,6.068211555480957
24-05-1984,16.466346740722656,16.826923370361328,2284152,16.826923370361328,16.586538314819336,5.981522083282471
25-05-1984,16.506410598754883,16.54647445678711,1439256,16.7868595123291,16.746795654296875,6.039315700531006
29-05-1984,16.26602554321289,16.70673179626465,2031120,16.7868595123291,16.346153259277344,5.894834041595459
30-05-1984,16.185897827148438,16.26602554321289,2397408,16.826923370361328,16.666667938232422,6.010419845581055
31-05-1984,16.666667938232422,16.746795654296875,2301000,17.06730842590332,17.027244567871094,6.140453338623047
01-06-1984,16.866987228393555,16.866987228393555,1740648,17.06730842590332,17.06730842590332,6.213380336761475
04-06-1984,16.7868595123291,17.147436141967773,1493544,17.267627716064453,17.147436141967773,6.242550373077393
05-06-1984,16.947114944458008,17.027244567871094,1101048,17.107372283935547,17.027244567871094,6.198795795440674
06-06-1984,16.866987228393555,16.987178802490234,1621464,17.147436141967773,17.06730842590332,6.213380336761475
07-06-1984,17.027244567871094,17.06730842590332,1150344,17.147436141967773,17.147436141967773,6.242550373077393
08-06-1984,17.027244567871094,17.147436141967773,1132248,17.147436141967773,17.107372283935547,6.227962970733643
11-06-1984,16.866987228393555,17.107372283935547,638352,17.107372283935547,16.866987228393555,6.140454292297363
12-06-1984,16.746795654296875,16.7868595123291,1037712,17.06730842590332,16.987178802490234,6.184206485748291
13-06-1984,16.947114944458008,16.947114944458008,722280,17.147436141967773,16.987178802490234,6.184206485748291
14-06-1984,16.7868595123291,17.06730842590332,1438632,17.107372283935547,16.90705108642578,6.155039310455322
15-06-1984,16.90705108642578,16.987178802490234,1831440,17.06730842590332,16.90705108642578,6.155039310455322
18-06-1984,16.746795654296875,16.866987228393555,3151200,17.1875,17.107372283935547,6.227962970733643
19-06-1984,17.107372283935547,17.107372283935547,1434576,17.347755432128906,17.1875,6.257136344909668
20-06-1984,16.90705108642578,16.947114944458008,2152488,17.427885055541992,17.347755432128906,6.315475940704346
21-06-1984,17.1875,17.30769157409668,2511288,17.46794891357422,17.1875,6.257136344909668
22-06-1984,17.1875,17.1875,1067976,17.347755432128906,17.30769157409668,6.3008928298950195
25-06-1984,17.147436141967773,17.267627716064453,1009632,17.347755432128906,17.1875,6.257136344909668
26-06-1984,16.987178802490234,17.027244567871094,1218048,17.227563858032227,17.107372283935547,6.227962970733643
27-06-1984,16.7868595123291,17.06730842590332,858936,17.147436141967773,16.826923370361328,6.125865936279297
28-06-1984,16.7868595123291,16.7868595123291,976248,17.027244567871094,16.90705108642578,6.155039310455322
29-06-1984,16.826923370361328,16.987178802490234,996216,17.06730842590332,16.866987228393555,6.140454292297363
02-07-1984,16.746795654296875,16.866987228393555,1014936,16.90705108642578,16.866987228393555,6.140454292297363
03-07-1984,16.826923370361328,16.90705108642578,1038024,16.987178802490234,16.947114944458008,6.169622421264648
05-07-1984,16.746795654296875,16.90705108642578,928824,16.987178802490234,16.7868595123291,6.111282825469971
06-07-1984,16.626602172851562,16.70673179626465,868296,16.746795654296875,16.666667938232422,6.067525863647461
09-07-1984,16.38621711730957,16.666667938232422,1925976,16.866987228393555,16.70673179626465,6.082115650177002
10-07-1984,16.42628288269043,16.666667938232422,1179984,16.70673179626465,16.586538314819336,6.038356781005859
11-07-1984,15.985576629638672,16.466346740722656,1786200,16.586538314819336,16.0256404876709,5.834163188934326
12-07-1984,15.785256385803223,15.905448913574219,4277520,16.065704345703125,15.825321197509766,5.761229038238525
13-07-1984,15.905448913574219,15.905448913574219,2403336,16.306089401245117,16.225961685180664,5.907089710235596
16-07-1984,15.985576629638672,16.26602554321289,1344720,16.346153259277344,16.26602554321289,5.921670913696289
17-07-1984,16.10576820373535,16.225961685180664,1332552,16.26602554321289,16.10576820373535,5.863330364227295
18-07-1984,15.905448913574219,16.10576820373535,1777464,16.145832061767578,15.945512771606445,5.80498743057251
19-07-1984,15.665063858032227,15.825321197509766,2242344,15.905448913574219,15.665063858032227,5.702889442443848
20-07-1984,15.50480842590332,15.74519157409668,1888536,15.74519157409668,15.665063858032227,5.702889442443848
23-07-1984,15.50480842590332,15.544872283935547,1963104,15.865385055541992,15.785256385803223,5.746650695800781
24-07-1984,15.464743614196777,15.705127716064453,2318160,15.785256385803223,15.544872283935547,5.659133434295654
25-07-1984,15.50480842590332,15.50480842590332,1930656,16.0256404876709,15.865385055541992,5.775819301605225
26-07-1984,15.865385055541992,15.905448913574219,1471080,16.185897827148438,16.145832061767578,5.8779168128967285
27-07-1984,16.185897827148438,16.225961685180664,1834248,16.506410598754883,16.466346740722656,5.994601249694824
30-07-1984,16.42628288269043,16.506410598754883,1465776,16.666667938232422,16.54647445678711,6.023770809173584
31-07-1984,16.626602172851562,16.626602172851562,1236456,16.90705108642578,16.826923370361328,6.125865936279297
01-08-1984,16.826923370361328,16.826923370361328,2578056,17.1875,17.107372283935547,6.227962970733643
02-08-1984,17.227563858032227,17.30769157409668,3544320,17.628204345703125,17.508012771606445,6.3738203048706055
03-08-1984,17.748397827148438,17.748397827148438,4954560,18.26923179626465,18.189102172851562,6.621769428253174
06-08-1984,17.868589401245117,18.149038314819336,4046640,18.589744567871094,18.10897445678711,6.592601299285889
07-08-1984,17.908653259277344,17.908653259277344,3344640,18.589744567871094,18.429487228393555,6.709283828735352
08-08-1984,18.189102172851562,18.389423370361328,2919072,18.46955108642578,18.189102172851562,6.621769428253174
09-08-1984,18.189102172851562,18.189102172851562,2966808,18.709936141967773,18.62980842590332,6.782212257385254
10-08-1984,18.46955108642578,18.990385055541992,546000,19.03044891357422,18.509614944458008,6.738452911376953
13-08-1984,18.3493595123291,18.429487228393555,1351272,18.62980842590332,18.549678802490234,6.7530412673950195
14-08-1984,18.509614944458008,18.589744567871094,1518504,18.669872283935547,18.589744567871094,6.767627239227295
15-08-1984,18.149038314819336,18.46955108642578,2124408,18.549678802490234,18.189102172851562,6.621769428253174
16-08-1984,18.189102172851562,18.189102172851562,2664792,18.709936141967773,18.509614944458008,6.738452911376953
17-08-1984,18.3493595123291,18.549678802490234,926640,18.549678802490234,18.389423370361328,6.694695949554443
20-08-1984,18.26923179626465,18.429487228393555,1339416,18.46955108642578,18.429487228393555,6.709283828735352
21-08-1984,18.46955108642578,18.509614944458008,3388320,18.87019157409668,18.75,6.82597017288208
22-08-1984,18.3493595123291,18.830127716064453,2031432,18.830127716064453,18.3493595123291,6.680110454559326
23-08-1984,18.26923179626465,18.389423370361328,2302872,18.709936141967773,18.62980842590332,6.782212257385254
24-08-1984,18.549678802490234,18.62980842590332,738816,18.709936141967773,18.62980842590332,6.782212257385254
27-08-1984,18.309295654296875,18.509614944458008,871104,18.509614944458008,18.3493595123291,6.680110454559326
28-08-1984,18.389423370361328,18.46955108642578,678288,18.549678802490234,18.429487228393555,6.709283828735352
29-08-1984,18.26923179626465,18.46955108642578,969072,18.589744567871094,18.26923179626465,6.650942325592041
30-08-1984,18.149038314819336,18.26923179626465,915096,18.389423370361328,18.149038314819336,6.607184886932373
31-08-1984,17.868589401245117,18.229167938232422,944736,18.229167938232422,18.149038314819336,6.607184886932373
04-09-1984,17.868589401245117,18.028846740722656,1407432,18.028846740722656,17.94871711730957,6.53425931930542
05-09-1984,17.82852554321289,17.82852554321289,1704768,18.028846740722656,18.028846740722656,6.5634307861328125
06-09-1984,18.028846740722656,18.189102172851562,1432080,18.189102172851562,18.149038314819336,6.607184886932373
07-09-1984,17.868589401245117,18.189102172851562,967200,18.229167938232422,17.908653259277344,6.519673824310303
10-09-1984,17.708332061767578,17.708332061767578,1586520,18.549678802490234,17.94871711730957,6.53425931930542
11-09-1984,18.149038314819336,18.149038314819336,2275416,18.3493595123291,18.26923179626465,6.650942325592041
12-09-1984,18.189102172851562,18.229167938232422,1745952,18.3493595123291,18.309295654296875,6.665528774261475
13-09-1984,18.309295654296875,18.429487228393555,2537184,18.87019157409668,18.87019157409668,6.869719982147217
14-09-1984,18.589744567871094,18.950321197509766,2843256,19.03044891357422,18.75,6.82597017288208
17-09-1984,18.589744567871094,18.589744567871094,1693224,18.950321197509766,18.87019157409668,6.869719982147217
18-09-1984,18.589744567871094,18.790063858032227,1834872,18.87019157409668,18.75,6.82597017288208
19-09-1984,18.068910598754883,18.75,3734640,18.75,18.068910598754883,6.578014850616455
20-09-1984,17.82852554321289,18.068910598754883,2571504,18.149038314819336,17.94871711730957,6.53425931930542
21-09-1984,17.628204345703125,17.82852554321289,2603016,18.149038314819336,17.708332061767578,6.446747303009033
24-09-1984,17.66826820373535,17.708332061767578,8199360,17.908653259277344,17.908653259277344,6.519673824310303
25-09-1984,17.628204345703125,17.708332061767578,1660464,17.868589401245117,17.868589401245117,6.56382417678833
26-09-1984,17.708332061767578,17.94871711730957,1283256,17.94871711730957,17.82852554321289,6.549107551574707
27-09-1984,17.868589401245117,17.908653259277344,1087632,18.028846740722656,18.028846740722656,6.622694969177246
28-09-1984,17.788461685180664,17.94871711730957,1322568,18.389423370361328,17.868589401245117,6.56382417678833
01-10-1984,17.628204345703125,17.708332061767578,1276392,17.788461685180664,17.708332061767578,6.504956245422363
02-10-1984,17.387821197509766,17.628204345703125,1653912,17.708332061767578,17.387821197509766,6.387218952178955
03-10-1984,17.147436141967773,17.347755432128906,1877304,17.508012771606445,17.267627716064453,6.343069076538086
04-10-1984,17.227563858032227,17.387821197509766,1306968,17.46794891357422,17.347755432128906,6.372500896453857
05-10-1984,17.1875,17.387821197509766,774696,17.427885055541992,17.267627716064453,6.343069076538086
08-10-1984,17.147436141967773,17.1875,655512,17.267627716064453,17.227563858032227,6.3283538818359375
09-10-1984,17.267627716064453,17.30769157409668,1156272,17.427885055541992,17.30769157409668,6.357784271240234
10-10-1984,17.06730842590332,17.30769157409668,1688856,17.548076629638672,17.548076629638672,6.446087837219238
11-10-1984,17.46794891357422,17.508012771606445,2541552,17.748397827148438,17.66826820373535,6.490235805511475
12-10-1984,17.708332061767578,17.748397827148438,1165632,17.94871711730957,17.94871711730957,6.593259811401367
15-10-1984,17.788461685180664,17.82852554321289,1878240,18.189102172851562,18.10897445678711,6.652127742767334
16-10-1984,17.868589401245117,18.10897445678711,1121016,18.189102172851562,17.94871711730957,6.593259811401367
17-10-1984,17.82852554321289,17.868589401245117,1483248,18.26923179626465,18.10897445678711,6.652127742767334
18-10-1984,17.94871711730957,18.028846740722656,2708784,18.589744567871094,18.549678802490234,6.81402063369751
19-10-1984,18.62980842590332,18.87019157409668,866424,18.87019157409668,18.75,6.887600421905518
22-10-1984,18.509614944458008,18.669872283935547,1528488,18.830127716064453,18.549678802490234,6.81402063369751
23-10-1984,18.3493595123291,18.549678802490234,1413984,18.62980842590332,18.3493595123291,6.740428447723389
24-10-1984,18.26923179626465,18.26923179626465,1288248,18.509614944458008,18.429487228393555,6.769862651824951
25-10-1984,18.309295654296875,18.46955108642578,1047384,18.549678802490234,18.389423370361328,6.75514554977417
26-10-1984,18.149038314819336,18.26923179626465,1404936,18.3493595123291,18.189102172851562,6.681559085845947
29-10-1984,18.10897445678711,18.10897445678711,1075152,18.309295654296875,18.229167938232422,6.6962785720825195
30-10-1984,18.229167938232422,18.229167938232422,1555008,18.830127716064453,18.669872283935547,6.8581647872924805
31-10-1984,18.429487228393555,18.669872283935547,1241136,18.790063858032227,18.429487228393555,6.769862651824951
01-11-1984,18.389423370361328,18.429487228393555,2169648,18.830127716064453,18.429487228393555,6.769862651824951
02-11-1984,18.309295654296875,18.429487228393555,1291368,18.549678802490234,18.3493595123291,6.740428447723389
05-11-1984,18.26923179626465,18.429487228393555,1520064,18.46955108642578,18.46955108642578,6.784579277038574
06-11-1984,18.429487228393555,18.509614944458008,1623960,18.87019157409668,18.75,6.887600421905518
07-11-1984,18.3493595123291,18.709936141967773,2880384,18.709936141967773,18.509614944458008,6.799296855926514
08-11-1984,18.429487228393555,18.549678802490234,1522872,18.669872283935547,18.509614944458008,6.799296855926514
09-11-1984,18.509614944458008,18.589744567871094,1495104,18.830127716064453,18.509614944458008,6.799296855926514
12-11-1984,18.429487228393555,18.509614944458008,926016,18.589744567871094,18.549678802490234,6.81402063369751
13-11-1984,18.189102172851562,18.549678802490234,1349712,18.589744567871094,18.229167938232422,6.6962785720825195
14-11-1984,18.229167938232422,18.229167938232422,1169064,18.429487228393555,18.309295654296875,6.725714206695557
15-11-1984,18.26923179626465,18.309295654296875,1234584,18.509614944458008,18.389423370361328,6.75514554977417
16-11-1984,17.94871711730957,18.389423370361328,1489176,18.549678802490234,18.068910598754883,6.637409687042236
19-11-1984,17.98878288269043,18.149038314819336,1274208,18.149038314819336,18.028846740722656,6.622694969177246
20-11-1984,18.068910598754883,18.10897445678711,1996488,18.229167938232422,18.229167938232422,6.6962785720825195
21-11-1984,18.028846740722656,18.229167938232422,2128464,18.509614944458008,18.509614944458008,6.799296855926514
23-11-1984,18.389423370361328,18.549678802490234,1420536,18.62980842590332,18.429487228393555,6.769862651824951
26-11-1984,18.149038314819336,18.429487228393555,1461408,18.46955108642578,18.189102172851562,6.681559085845947
27-11-1984,17.98878288269043,18.189102172851562,2262000,18.429487228393555,18.389423370361328,6.75514554977417
28-11-1984,18.068910598754883,18.189102172851562,2352792,18.309295654296875,18.068910598754883,6.637409687042236
29-11-1984,17.908653259277344,18.028846740722656,2769624,18.068910598754883,17.98878288269043,6.607975959777832
30-11-1984,17.628204345703125,17.748397827148438,2784912,17.868589401245117,17.748397827148438,6.5841965675354
03-12-1984,17.548076629638672,17.748397827148438,1292928,17.748397827148438,17.66826820373535,6.554470062255859
04-12-1984,17.66826820373535,17.66826820373535,1141920,17.868589401245117,17.66826820373535,6.554470062255859
05-12-1984,17.387821197509766,17.748397827148438,1922544,17.748397827148438,17.508012771606445,6.495018482208252
06-12-1984,17.267627716064453,17.46794891357422,2618304,17.46794891357422,17.267627716064453,6.405842304229736
07-12-1984,17.1875,17.267627716064453,1031472,17.387821197509766,17.227563858032227,6.390982151031494
10-12-1984,16.987178802490234,17.147436141967773,1378104,17.5881404876709,17.46794891357422,6.480154514312744
11-12-1984,17.427885055541992,17.548076629638672,875784,17.628204345703125,17.628204345703125,6.539607048034668
12-12-1984,17.508012771606445,17.628204345703125,855192,17.66826820373535,17.548076629638672,6.5098795890808105
13-12-1984,17.508012771606445,17.548076629638672,1250496,17.708332061767578,17.628204345703125,6.539607048034668
14-12-1984,17.548076629638672,17.628204345703125,1593072,17.908653259277344,17.548076629638672,6.5098795890808105
17-12-1984,17.387821197509766,17.5881404876709,1149096,17.708332061767578,17.628204345703125,6.539607048034668
18-12-1984,17.748397827148438,17.788461685180664,3335280,18.149038314819336,18.149038314819336,6.732822895050049
19-12-1984,18.068910598754883,18.149038314819336,2578056,18.389423370361328,18.189102172851562,6.74768590927124
20-12-1984,17.908653259277344,18.149038314819336,1534104,18.229167938232422,17.98878288269043,6.673372268676758
21-12-1984,17.788461685180664,18.068910598754883,2356224,18.068910598754883,18.068910598754883,6.703097820281982
24-12-1984,18.068910598754883,18.068910598754883,1190592,18.309295654296875,18.309295654296875,6.79227352142334
26-12-1984,18.10897445678711,18.3493595123291,524784,18.3493595123291,18.189102172851562,6.74768590927124
27-12-1984,18.068910598754883,18.189102172851562,619008,18.26923179626465,18.10897445678711,6.717958927154541
28-12-1984,18.068910598754883,18.149038314819336,771888,18.189102172851562,18.10897445678711,6.717958927154541
31-12-1984,18.10897445678711,18.189102172851562,690768,18.229167938232422,18.149038314819336,6.732822895050049
02-01-1985,17.908653259277344,18.068910598754883,770328,18.10897445678711,17.94871711730957,6.658509731292725
03-01-1985,17.82852554321289,17.908653259277344,1783080,18.229167938232422,18.028846740722656,6.688233852386475
04-01-1985,17.908653259277344,18.028846740722656,1211184,18.068910598754883,17.94871711730957,6.658509731292725
07-01-1985,17.98878288269043,18.028846740722656,973752,18.229167938232422,18.149038314819336,6.732822895050049
08-01-1985,18.10897445678711,18.10897445678711,1249248,18.26923179626465,18.189102172851562,6.74768590927124
09-01-1985,18.189102172851562,18.229167938232422,2479464,18.589744567871094,18.389423370361328,6.821996688842773
10-01-1985,18.26923179626465,18.3493595123291,2318160,18.830127716064453,18.830127716064453,6.9854912757873535
11-01-1985,18.509614944458008,18.790063858032227,1950624,18.790063858032227,18.589744567871094,6.896317005157471
14-01-1985,18.509614944458008,18.549678802490234,3029208,19.070512771606445,19.070512771606445,7.074666500091553
15-01-1985,18.830127716064453,19.070512771606445,2565888,19.23076820373535,18.990385055541992,7.044943332672119
16-01-1985,18.75,18.990385055541992,2208648,19.1506404876709,18.910255432128906,7.015214920043945
17-01-1985,18.910255432128906,18.950321197509766,3138720,19.310897827148438,19.110576629638672,7.089526653289795
18-01-1985,19.23076820373535,19.310897827148438,1839864,19.51121711730957,19.39102554321289,7.193567276000977
21-01-1985,19.55128288269043,19.55128288269043,4327440,20.352563858032227,20.3125,7.535410404205322
22-01-1985,19.991987228393555,20.3125,4215120,20.472755432128906,20.072114944458008,7.446235179901123
23-01-1985,20.112178802490234,20.112178802490234,3207360,20.59294891357422,20.59294891357422,7.639450550079346
24-01-1985,20.272436141967773,20.512821197509766,2579928,20.552885055541992,20.3125,7.535410404205322
25-01-1985,20.352563858032227,20.392627716064453,1487304,20.673076629638672,20.43269157409668,7.579996109008789
28-01-1985,20.352563858032227,20.43269157409668,2270424,20.633012771606445,20.352563858032227,7.55027437210083
29-01-1985,20.3125,20.43269157409668,1425528,20.79326820373535,20.79326820373535,7.713765621185303
30-01-1985,20.472755432128906,20.79326820373535,3213600,20.913461685180664,20.472755432128906,7.5948638916015625
31-01-1985,20.352563858032227,20.472755432128906,1587456,20.59294891357422,20.472755432128906,7.5948638916015625
01-02-1985,20.03205108642578,20.112178802490234,1847976,20.472755432128906,20.152244567871094,7.475958824157715
04-02-1985,19.951923370361328,19.991987228393555,2141256,20.59294891357422,20.512821197509766,7.609724998474121
05-02-1985,20.272436141967773,20.512821197509766,2136264,20.633012771606445,20.3125,7.535410404205322
06-02-1985,20.232372283935547,20.392627716064453,2063880,20.43269157409668,20.272436141967773,7.520549774169922
07-02-1985,20.352563858032227,20.352563858032227,2091024,20.753204345703125,20.633012771606445,7.654315948486328
08-02-1985,20.512821197509766,20.633012771606445,1782144,20.673076629638672,20.552885055541992,7.624587059020996
11-02-1985,20.19230842590332,20.43269157409668,1440504,20.472755432128906,20.232372283935547,7.505685329437256
12-02-1985,20.112178802490234,20.152244567871094,1426152,20.43269157409668,20.272436141967773,7.520549774169922
13-02-1985,20.272436141967773,20.352563858032227,1698528,20.913461685180664,20.753204345703125,7.698897361755371
14-02-1985,20.3125,20.833332061767578,1891032,20.873397827148438,20.352563858032227,7.55027437210083
15-02-1985,20.072114944458008,20.352563858032227,1341912,20.472755432128906,20.232372283935547,7.505685329437256
19-02-1985,20.232372283935547,20.3125,1955616,20.43269157409668,20.352563858032227,7.55027437210083
20-02-1985,20.272436141967773,20.352563858032227,2430792,20.633012771606445,20.352563858032227,7.55027437210083
21-02-1985,20.112178802490234,20.232372283935547,1014312,20.3125,20.112178802490234,7.461100101470947
22-02-1985,19.9118595123291,20.072114944458008,1101672,20.19230842590332,19.991987228393555,7.4165120124816895
25-02-1985,19.631410598754883,19.9118595123291,1482624,20.072114944458008,19.991987228393555,7.4165120124816895
26-02-1985,19.991987228393555,19.991987228393555,1813656,20.79326820373535,20.633012771606445,7.654315948486328
27-02-1985,20.392627716064453,20.552885055541992,1253928,20.753204345703125,20.472755432128906,7.5948638916015625
28-02-1985,20.152244567871094,20.19230842590332,2204592,20.633012771606445,20.392627716064453,7.630843162536621
01-03-1985,20.43269157409668,20.472755432128906,2620488,20.79326820373535,20.552885055541992,7.690809726715088
04-03-1985,20.272436141967773,20.7131404876709,1438008,20.753204345703125,20.392627716064453,7.630843162536621
05-03-1985,20.3125,20.472755432128906,2004912,20.59294891357422,20.512821197509766,7.6758198738098145
06-03-1985,20.3125,20.472755432128906,1768104,20.552885055541992,20.3125,7.600855827331543
07-03-1985,20.072114944458008,20.272436141967773,1742520,20.272436141967773,20.112178802490234,7.525900840759277
08-03-1985,20.03205108642578,20.232372283935547,2720952,20.272436141967773,20.03205108642578,7.495913505554199
11-03-1985,19.991987228393555,20.03205108642578,1433952,20.19230842590332,20.072114944458008,7.510908603668213
12-03-1985,19.991987228393555,20.03205108642578,1943760,20.43269157409668,20.072114944458008,7.510908603668213
13-03-1985,19.871795654296875,20.03205108642578,1483560,20.152244567871094,19.871795654296875,7.435949802398682
14-03-1985,19.83173179626465,19.871795654296875,1290120,19.991987228393555,19.83173179626465,7.420957565307617
15-03-1985,19.631410598754883,19.9118595123291,2232048,19.991987228393555,19.631410598754883,7.345997333526611
18-03-1985,19.471153259277344,19.711538314819336,1589016,19.83173179626465,19.51121711730957,7.301023483276367
19-03-1985,19.55128288269043,19.591346740722656,1885416,20.19230842590332,20.152244567871094,7.540891170501709
20-03-1985,19.871795654296875,20.03205108642578,1472328,20.152244567871094,19.991987228393555,7.480925559997559
21-03-1985,19.751602172851562,19.9118595123291,1618032,20.152244567871094,19.871795654296875,7.435949802398682
22-03-1985,19.51121711730957,19.951923370361328,1742520,19.951923370361328,19.83173179626465,7.420957565307617
25-03-1985,19.431089401245117,19.51121711730957,1946256,19.631410598754883,19.55128288269043,7.316014289855957
26-03-1985,19.110576629638672,19.23076820373535,5269680,19.350961685180664,19.1506404876709,7.166097164154053
27-03-1985,19.03044891357422,19.070512771606445,3151200,19.350961685180664,19.23076820373535,7.196077823638916
28-03-1985,18.910255432128906,19.350961685180664,4208880,19.431089401245117,18.950321197509766,7.091136932373047
29-03-1985,18.709936141967773,18.75,4455360,18.950321197509766,18.950321197509766,7.091136932373047
01-04-1985,18.830127716064453,18.910255432128906,1895712,19.190704345703125,19.190704345703125,7.181086540222168
02-04-1985,19.190704345703125,19.23076820373535,2333136,19.471153259277344,19.310897827148438,7.226060390472412
03-04-1985,19.23076820373535,19.270832061767578,1876992,19.350961685180664,19.350961685180664,7.241055011749268
04-04-1985,19.1506404876709,19.270832061767578,1355016,19.350961685180664,19.310897827148438,7.226060390472412
08-04-1985,18.950321197509766,19.270832061767578,1532544,19.310897827148438,19.070512771606445,7.136111259460449
09-04-1985,19.03044891357422,19.03044891357422,1515384,19.190704345703125,19.03044891357422,7.12111759185791
10-04-1985,18.950321197509766,19.070512771606445,1610544,19.190704345703125,18.950321197509766,7.091136932373047
11-04-1985,19.03044891357422,19.03044891357422,1867944,19.190704345703125,19.070512771606445,7.136111259460449
12-04-1985,18.950321197509766,19.110576629638672,954096,19.110576629638672,19.110576629638672,7.151102542877197
15-04-1985,18.950321197509766,19.070512771606445,1397760,19.110576629638672,19.03044891357422,7.12111759185791
16-04-1985,18.790063858032227,19.03044891357422,1832376,19.03044891357422,18.990385055541992,7.106128215789795
17-04-1985,18.910255432128906,19.070512771606445,1144728,19.110576629638672,18.990385055541992,7.106128215789795
18-04-1985,18.87019157409668,19.110576629638672,1271400,19.1506404876709,18.910255432128906,7.076143741607666
19-04-1985,18.790063858032227,18.910255432128906,1991808,18.990385055541992,18.87019157409668,7.061151027679443
22-04-1985,18.709936141967773,18.830127716064453,1528176,19.03044891357422,18.950321197509766,7.091136932373047
23-04-1985,19.03044891357422,19.070512771606445,1926288,19.55128288269043,19.55128288269043,7.316014289855957
24-04-1985,19.350961685180664,19.631410598754883,1115712,19.67147445678711,19.431089401245117,7.271036624908447
25-04-1985,19.310897827148438,19.310897827148438,1560936,19.51121711730957,19.39102554321289,7.256044864654541
26-04-1985,19.03044891357422,19.350961685180664,1224288,19.431089401245117,19.270832061767578,7.211074352264404
29-04-1985,18.910255432128906,19.190704345703125,1539720,19.23076820373535,18.950321197509766,7.091136932373047
30-04-1985,18.709936141967773,18.950321197509766,1985568,18.990385055541992,18.950321197509766,7.091136932373047
01-05-1985,18.62980842590332,18.669872283935547,1535040,18.950321197509766,18.669872283935547,6.986196041107178
02-05-1985,18.589744567871094,18.709936141967773,1635192,18.75,18.669872283935547,6.986196041107178
03-05-1985,18.62980842590332,18.709936141967773,1259544,18.830127716064453,18.790063858032227,7.031167507171631
06-05-1985,18.709936141967773,18.790063858032227,986232,18.950321197509766,18.790063858032227,7.031167507171631
07-05-1985,18.830127716064453,18.830127716064453,1586520,19.110576629638672,19.070512771606445,7.136111259460449
08-05-1985,18.87019157409668,18.990385055541992,2472288,19.110576629638672,18.950321197509766,7.091136932373047
09-05-1985,18.910255432128906,18.910255432128906,2065128,19.070512771606445,19.03044891357422,7.12111759185791
10-05-1985,19.1506404876709,19.190704345703125,2921256,19.471153259277344,19.39102554321289,7.256044864654541
13-05-1985,19.1506404876709,19.51121711730957,1409304,19.51121711730957,19.270832061767578,7.211074352264404
14-05-1985,18.790063858032227,19.23076820373535,3993600,19.270832061767578,18.87019157409668,7.061151027679443
15-05-1985,18.950321197509766,18.950321197509766,3563040,19.23076820373535,19.03044891357422,7.12111759185791
16-05-1985,18.830127716064453,18.990385055541992,2363712,19.03044891357422,18.910255432128906,7.076143741607666
17-05-1985,18.950321197509766,18.950321197509766,2494128,19.23076820373535,19.1506404876709,7.166097164154053
20-05-1985,19.310897827148438,19.350961685180664,4208880,19.751602172851562,19.711538314819336,7.37598180770874
21-05-1985,19.591346740722656,19.631410598754883,3432000,19.791667938232422,19.631410598754883,7.345997333526611
22-05-1985,19.431089401245117,19.55128288269043,1616160,19.67147445678711,19.67147445678711,7.360989093780518
23-05-1985,19.350961685180664,19.55128288269043,1116960,19.55128288269043,19.39102554321289,7.256044864654541
24-05-1985,19.270832061767578,19.431089401245117,1190280,19.51121711730957,19.39102554321289,7.256044864654541
28-05-1985,19.310897827148438,19.51121711730957,1032720,19.55128288269043,19.431089401245117,7.271036624908447
29-05-1985,19.270832061767578,19.350961685180664,1254240,19.431089401245117,19.39102554321289,7.256044864654541
30-05-1985,19.310897827148438,19.39102554321289,2136888,19.431089401245117,19.350961685180664,7.241055011749268
31-05-1985,19.1506404876709,19.431089401245117,1535352,19.431089401245117,19.431089401245117,7.337885856628418
03-06-1985,19.471153259277344,19.55128288269043,2086344,19.631410598754883,19.55128288269043,7.383273601531982
04-06-1985,19.51121711730957,19.591346740722656,2530944,20.03205108642578,19.9118595123291,7.519439220428467
05-06-1985,19.991987228393555,20.03205108642578,2833584,20.112178802490234,20.072114944458008,7.57996129989624
06-06-1985,19.951923370361328,20.03205108642578,1515696,20.112178802490234,19.991987228393555,7.549702167510986
07-06-1985,19.711538314819336,20.072114944458008,2068560,20.072114944458008,19.751602172851562,7.458926677703857
10-06-1985,19.471153259277344,19.711538314819336,1411176,19.9118595123291,19.591346740722656,7.398402214050293
11-06-1985,19.591346740722656,19.67147445678711,1134120,19.711538314819336,19.591346740722656,7.398402214050293
12-06-1985,19.431089401245117,19.591346740722656,1135680,19.591346740722656,19.431089401245117,7.337885856628418
13-06-1985,19.03044891357422,19.350961685180664,2869152,19.39102554321289,19.070512771606445,7.201717376708984
14-06-1985,18.950321197509766,19.1506404876709,2662608,19.190704345703125,19.110576629638672,7.216845989227295
17-06-1985,19.03044891357422,19.1506404876709,1064544,19.1506404876709,19.110576629638672,7.216845989227295
18-06-1985,19.110576629638672,19.110576629638672,1992120,19.350961685180664,19.270832061767578,7.277365684509277
19-06-1985,19.110576629638672,19.270832061767578,2202408,19.471153259277344,19.190704345703125,7.247101783752441
20-06-1985,19.1506404876709,19.190704345703125,1190904,19.270832061767578,19.23076820373535,7.262233257293701
21-06-1985,19.190704345703125,19.190704345703125,2023008,19.350961685180664,19.350961685180664,7.307625770568848
24-06-1985,19.23076820373535,19.23076820373535,1350648,19.350961685180664,19.310897827148438,7.292494297027588
25-06-1985,19.350961685180664,19.350961685180664,2428920,19.631410598754883,19.39102554321289,7.322752475738525
26-06-1985,19.431089401245117,19.471153259277344,1353768,19.67147445678711,19.55128288269043,7.383273601531982
27-06-1985,19.711538314819336,19.791667938232422,1354392,19.951923370361328,19.951923370361328,7.534570217132568
28-06-1985,19.791667938232422,19.951923370361328,1327872,19.991987228393555,19.83173179626465,7.4891791343688965
01-07-1985,19.711538314819336,19.791667938232422,1209000,19.9118595123291,19.9118595123291,7.519439220428467
02-07-1985,19.591346740722656,19.871795654296875,1499784,19.991987228393555,19.871795654296875,7.504312038421631
03-07-1985,19.791667938232422,19.871795654296875,853632,19.9118595123291,19.83173179626465,7.4891791343688965
05-07-1985,19.791667938232422,19.83173179626465,596232,20.152244567871094,19.791667938232422,7.474049091339111
08-07-1985,19.39102554321289,19.751602172851562,1104480,19.791667938232422,19.591346740722656,7.398402214050293
09-07-1985,19.431089401245117,19.51121711730957,878280,19.591346740722656,19.471153259277344,7.353014945983887
10-07-1985,19.431089401245117,19.51121711730957,1027416,19.631410598754883,19.591346740722656,7.398402214050293
11-07-1985,19.431089401245117,19.591346740722656,1015872,19.591346740722656,19.471153259277344,7.353014945983887
12-07-1985,19.350961685180664,19.51121711730957,2065128,19.55128288269043,19.471153259277344,7.353014945983887
15-07-1985,19.310897827148438,19.39102554321289,1640496,19.631410598754883,19.55128288269043,7.383273601531982
16-07-1985,19.55128288269043,19.591346740722656,2125968,20.152244567871094,20.152244567871094,7.610220432281494
17-07-1985,20.152244567871094,20.3125,2966184,20.392627716064453,20.272436141967773,7.655606746673584
18-07-1985,19.991987228393555,20.19230842590332,1360008,20.272436141967773,19.991987228393555,7.549702167510986
19-07-1985,19.9118595123291,19.951923370361328,1829568,20.112178802490234,20.112178802490234,7.595088958740234
22-07-1985,19.951923370361328,20.03205108642578,1292616,20.152244567871094,20.112178802490234,7.595088958740234
23-07-1985,20.152244567871094,20.19230842590332,3213600,20.512821197509766,20.352563858032227,7.685866355895996
24-07-1985,20.3125,20.352563858032227,1842984,20.472755432128906,20.392627716064453,7.700994491577148
25-07-1985,20.352563858032227,20.472755432128906,1758120,20.59294891357422,20.352563858032227,7.685866355895996
26-07-1985,20.352563858032227,20.352563858032227,1533792,20.472755432128906,20.472755432128906,7.731256484985352
29-07-1985,20.352563858032227,20.43269157409668,1510704,20.43269157409668,20.352563858032227,7.685866355895996
30-07-1985,20.3125,20.352563858032227,1372176,20.43269157409668,20.392627716064453,7.700994491577148
31-07-1985,20.392627716064453,20.392627716064453,1994616,20.59294891357422,20.552885055541992,7.761516571044922
01-08-1985,20.552885055541992,20.633012771606445,1522872,20.673076629638672,20.633012771606445,7.791772842407227
02-08-1985,20.512821197509766,20.59294891357422,636168,20.59294891357422,20.552885055541992,7.761516571044922
05-08-1985,20.43269157409668,20.512821197509766,909480,20.512821197509766,20.512821197509766,7.74638557434082
06-08-1985,20.19230842590332,20.59294891357422,1444248,20.59294891357422,20.19230842590332,7.625351905822754
07-08-1985,20.03205108642578,20.072114944458008,1250496,20.43269157409668,20.03205108642578,7.564828395843506
08-08-1985,19.871795654296875,20.03205108642578,765960,20.112178802490234,19.9118595123291,7.519439220428467
09-08-1985,19.751602172851562,19.951923370361328,869856,19.951923370361328,19.751602172851562,7.458926677703857
12-08-1985,19.631410598754883,19.751602172851562,1006200,19.791667938232422,19.631410598754883,7.4135308265686035
13-08-1985,19.350961685180664,19.591346740722656,1107600,19.711538314819336,19.591346740722656,7.398402214050293
14-08-1985,19.350961685180664,19.631410598754883,1433328,19.711538314819336,19.431089401245117,7.337885856628418
15-08-1985,19.310897827148438,19.471153259277344,1554384,19.51121711730957,19.350961685180664,7.307625770568848
16-08-1985,19.190704345703125,19.190704345703125,1689168,19.350961685180664,19.310897827148438,7.292494297027588
19-08-1985,19.270832061767578,19.310897827148438,702624,19.39102554321289,19.310897827148438,7.292494297027588
20-08-1985,19.350961685180664,19.431089401245117,1170624,19.67147445678711,19.591346740722656,7.398402214050293
21-08-1985,19.591346740722656,19.591346740722656,970320,19.751602172851562,19.751602172851562,7.458926677703857
22-08-1985,19.350961685180664,19.711538314819336,1076088,19.751602172851562,19.431089401245117,7.337885856628418
23-08-1985,19.23076820373535,19.39102554321289,956592,19.431089401245117,19.23076820373535,7.262233257293701
26-08-1985,19.1506404876709,19.270832061767578,989976,19.39102554321289,19.350961685180664,7.307625770568848
27-08-1985,19.39102554321289,19.431089401245117,887016,19.51121711730957,19.471153259277344,7.353014945983887
28-08-1985,19.471153259277344,19.51121711730957,1262352,19.751602172851562,19.711538314819336,7.4437947273254395
29-08-1985,19.631410598754883,19.711538314819336,1422408,19.83173179626465,19.83173179626465,7.4891791343688965
30-08-1985,19.51121711730957,19.83173179626465,1264848,19.83173179626465,19.55128288269043,7.383273601531982
03-09-1985,19.310897827148438,19.591346740722656,1093248,19.591346740722656,19.431089401245117,7.337885856628418
04-09-1985,19.190704345703125,19.350961685180664,2139072,19.39102554321289,19.310897827148438,7.292494297027588
05-09-1985,19.1506404876709,19.23076820373535,1337232,19.39102554321289,19.310897827148438,7.292494297027588
06-09-1985,19.350961685180664,19.350961685180664,1911312,19.67147445678711,19.591346740722656,7.398402214050293
09-09-1985,19.591346740722656,19.67147445678711,1431456,19.871795654296875,19.591346740722656,7.398402214050293
10-09-1985,19.270832061767578,19.591346740722656,1013064,19.591346740722656,19.350961685180664,7.307625770568848
11-09-1985,19.03044891357422,19.270832061767578,1413672,19.310897827148438,19.1506404876709,7.23197603225708
12-09-1985,19.110576629638672,19.1506404876709,1501344,19.350961685180664,19.110576629638672,7.216845989227295
13-09-1985,19.070512771606445,19.1506404876709,1975272,19.310897827148438,19.23076820373535,7.262233257293701
16-09-1985,19.110576629638672,19.190704345703125,1136304,19.23076820373535,19.1506404876709,7.23197603225708
17-09-1985,18.910255432128906,19.110576629638672,3279120,19.190704345703125,18.910255432128906,7.1411967277526855
18-09-1985,18.830127716064453,18.910255432128906,2002728,19.070512771606445,19.070512771606445,7.201717376708984
19-09-1985,18.910255432128906,18.990385055541992,2841384,19.03044891357422,18.950321197509766,7.156327724456787
20-09-1985,18.830127716064453,18.990385055541992,2287584,19.03044891357422,18.87019157409668,7.126067638397217
23-09-1985,18.950321197509766,19.03044891357422,2916888,19.190704345703125,18.990385055541992,7.171456336975098
24-09-1985,18.46955108642578,18.509614944458008,1821456,18.830127716064453,18.509614944458008,7.055394649505615
25-09-1985,18.309295654296875,18.549678802490234,1394952,18.549678802490234,18.3493595123291,6.994308948516846
26-09-1985,18.189102172851562,18.26923179626465,2074488,18.389423370361328,18.3493595123291,6.994308948516846
30-09-1985,18.309295654296875,18.3493595123291,1478568,18.429487228393555,18.429487228393555,7.024851322174072
01-10-1985,18.389423370361328,18.429487228393555,1485120,18.709936141967773,18.669872283935547,7.116483688354492
02-10-1985,18.549678802490234,18.75,1825200,18.830127716064453,18.589744567871094,7.085938930511475
03-10-1985,18.46955108642578,18.509614944458008,1265784,18.669872283935547,18.509614944458008,7.055394649505615
04-10-1985,18.028846740722656,18.46955108642578,2573376,18.509614944458008,18.229167938232422,6.948498725891113
07-10-1985,18.10897445678711,18.189102172851562,1704144,18.429487228393555,18.189102172851562,6.933219909667969
08-10-1985,18.229167938232422,18.229167938232422,1190592,18.46955108642578,18.429487228393555,7.024851322174072
09-10-1985,18.429487228393555,18.46955108642578,1023984,18.62980842590332,18.509614944458008,7.055394649505615
10-10-1985,18.429487228393555,18.509614944458008,802776,18.589744567871094,18.509614944458008,7.055394649505615
11-10-1985,18.549678802490234,18.549678802490234,1724736,18.910255432128906,18.75,7.147024631500244
14-10-1985,18.87019157409668,18.87019157409668,1269216,19.1506404876709,19.1506404876709,7.299741268157959
15-10-1985,18.87019157409668,19.190704345703125,2353728,19.190704345703125,18.990385055541992,7.238651752471924
16-10-1985,19.03044891357422,19.070512771606445,4711200,19.871795654296875,19.791667938232422,7.5440802574157715
17-10-1985,19.23076820373535,19.55128288269043,2910024,19.67147445678711,19.350961685180664,7.376095771789551
18-10-1985,18.990385055541992,19.23076820373535,2588664,19.431089401245117,19.190704345703125,7.315004348754883
21-10-1985,18.990385055541992,19.190704345703125,889824,19.190704345703125,19.110576629638672,7.284468650817871
22-10-1985,19.110576629638672,19.110576629638672,1275456,19.270832061767578,19.190704345703125,7.315004348754883
23-10-1985,19.03044891357422,19.190704345703125,1279824,19.190704345703125,19.070512771606445,7.269198894500732
24-10-1985,18.990385055541992,19.070512771606445,1139424,19.110576629638672,19.070512771606445,7.269198894500732
25-10-1985,18.790063858032227,19.070512771606445,1348464,19.070512771606445,18.87019157409668,7.192836761474609
28-10-1985,18.669872283935547,18.830127716064453,886392,18.830127716064453,18.790063858032227,7.162293434143066
29-10-1985,18.790063858032227,18.790063858032227,1809288,19.03044891357422,18.87019157409668,7.192836761474609
30-10-1985,18.669872283935547,18.950321197509766,2001792,18.990385055541992,18.669872283935547,7.116483688354492
31-10-1985,18.429487228393555,18.589744567871094,1937832,18.62980842590332,18.46955108642578,7.04012393951416
01-11-1985,18.46955108642578,18.46955108642578,2537184,19.23076820373535,19.23076820373535,7.330276012420654
04-11-1985,19.03044891357422,19.190704345703125,1391520,19.310897827148438,19.23076820373535,7.330276012420654
05-11-1985,19.190704345703125,19.190704345703125,1844544,19.631410598754883,19.55128288269043,7.452452182769775
06-11-1985,19.431089401245117,19.631410598754883,1523808,19.711538314819336,19.631410598754883,7.4829936027526855
07-11-1985,19.310897827148438,19.631410598754883,1588080,19.711538314819336,19.39102554321289,7.391364097595215
08-11-1985,19.39102554321289,19.51121711730957,1474824,19.67147445678711,19.631410598754883,7.4829936027526855
11-11-1985,19.631410598754883,19.711538314819336,2524392,20.112178802490234,20.112178802490234,7.666253566741943
12-11-1985,20.072114944458008,20.112178802490234,4265040,20.43269157409668,20.232372283935547,7.712064266204834
13-11-1985,20.152244567871094,20.3125,2270112,20.472755432128906,20.3125,7.742609024047852
14-11-1985,20.3125,20.352563858032227,1570296,20.59294891357422,20.512821197509766,7.818967342376709
15-11-1985,20.472755432128906,20.512821197509766,2925000,20.7131404876709,20.512821197509766,7.818967342376709
18-11-1985,20.512821197509766,20.552885055541992,2581176,20.993589401245117,20.993589401245117,8.002220153808594
19-11-1985,20.833332061767578,21.033653259277344,3244800,21.11378288269043,20.913461685180664,7.971677780151367
20-11-1985,20.79326820373535,20.873397827148438,1457664,20.993589401245117,20.873397827148438,7.9564127922058105
21-11-1985,20.993589401245117,21.07371711730957,2739672,21.314102172851562,21.314102172851562,8.124399185180664
22-11-1985,21.07371711730957,21.314102172851562,1823016,21.39423179626465,21.11378288269043,8.0480375289917
25-11-1985,20.633012771606445,21.07371711730957,1306032,21.07371711730957,20.833332061767578,7.941133499145508
26-11-1985,20.753204345703125,20.913461685180664,1109160,21.11378288269043,20.833332061767578,7.941133499145508
27-11-1985,20.753204345703125,20.833332061767578,1747824,21.274038314819336,21.153846740722656,8.063311576843262
29-11-1985,20.95352554321289,21.274038314819336,2794584,21.314102172851562,21.033653259277344,8.017496109008789
02-12-1985,20.633012771606445,20.673076629638672,2214576,20.79326820373535,20.673076629638672,7.950318813323975
03-12-1985,20.633012771606445,20.673076629638672,947544,20.79326820373535,20.673076629638672,7.950318813323975
04-12-1985,20.673076629638672,20.7131404876709,1828320,21.153846740722656,21.11378288269043,8.119799613952637
05-12-1985,21.07371711730957,21.274038314819336,2554968,21.434295654296875,21.07371711730957,8.104397773742676
06-12-1985,20.913461685180664,21.11378288269043,2098824,21.23397445678711,20.95352554321289,8.0581693649292
09-12-1985,20.993589401245117,20.993589401245117,2132832,21.434295654296875,21.354167938232422,8.212244987487793
10-12-1985,21.39423179626465,21.434295654296875,2092896,21.75480842590332,21.674678802490234,8.335514068603516
11-12-1985,21.674678802490234,21.834936141967773,3900000,22.115385055541992,21.75480842590332,8.366321563720703
12-12-1985,21.4743595123291,21.634614944458008,9781200,22.075321197509766,21.834936141967773,8.397139549255371
13-12-1985,21.915063858032227,21.915063858032227,4742400,22.95673179626465,22.756410598754883,8.751508712768555
16-12-1985,22.836538314819336,22.876602172851562,3463200,23.517627716064453,23.517627716064453,9.044254302978516
17-12-1985,22.996795654296875,23.4375,3650400,23.677885055541992,23.0368595123291,8.85936450958252
18-12-1985,22.315704345703125,22.95673179626465,3634800,23.076923370361328,22.756410598754883,8.751508712768555
19-12-1985,22.756410598754883,22.79647445678711,2426424,22.95673179626465,22.79647445678711,8.76692008972168
20-12-1985,22.756410598754883,22.996795654296875,3338400,23.15705108642578,22.836538314819336,8.782331466674805
23-12-1985,22.235576629638672,22.596153259277344,2267928,22.836538314819336,22.35576820373535,8.59743595123291
24-12-1985,22.115385055541992,22.315704345703125,1292616,22.556089401245117,22.556089401245117,8.67447280883789
26-12-1985,22.435897827148438,22.556089401245117,759408,22.716346740722656,22.716346740722656,8.736104011535645
27-12-1985,22.716346740722656,22.836538314819336,644592,23.076923370361328,22.996795654296875,8.84395694732666
30-12-1985,23.076923370361328,23.116987228393555,1518192,23.237178802490234,23.15705108642578,8.90559196472168
31-12-1985,23.116987228393555,23.237178802490234,1110720,23.357372283935547,23.31730842590332,8.967218399047852
02-01-1986,22.836538314819336,23.076923370361328,1898520,23.31730842590332,23.0368595123291,8.85936450958252
03-01-1986,22.95673179626465,23.116987228393555,1434576,23.277244567871094,22.996795654296875,8.84395694732666
06-01-1986,22.836538314819336,22.996795654296875,1212432,23.076923370361328,22.95673179626465,8.8285551071167
07-01-1986,22.916667938232422,22.996795654296875,1624272,23.517627716064453,23.477563858032227,9.028849601745605
08-01-1986,22.67628288269043,23.677885055541992,2822352,23.758012771606445,22.67628288269043,8.720695495605469
09-01-1986,22.15544891357422,22.67628288269043,4087200,22.876602172851562,22.395832061767578,8.61284351348877
10-01-1986,22.115385055541992,22.475961685180664,1604304,22.556089401245117,22.35576820373535,8.59743595123291
13-01-1986,22.035255432128906,22.2756404876709,1776840,22.475961685180664,22.475961685180664,8.643660545349121
14-01-1986,22.115385055541992,22.556089401245117,1737216,22.63621711730957,22.235576629638672,8.551210403442383
15-01-1986,21.674678802490234,22.195512771606445,2209896,22.315704345703125,21.875,8.412545204162598
16-01-1986,21.875,21.955127716064453,2112240,22.435897827148438,22.435897827148438,8.628253936767578
17-01-1986,21.99519157409668,22.435897827148438,2045784,22.51602554321289,22.315704345703125,8.582027435302734
20-01-1986,21.955127716064453,22.315704345703125,1055496,22.315704345703125,22.075321197509766,8.489580154418945
21-01-1986,21.634614944458008,22.075321197509766,1375920,22.115385055541992,21.794872283935547,8.381733894348145
22-01-1986,21.4743595123291,21.834936141967773,920400,21.955127716064453,21.4743595123291,8.258474349975586
23-01-1986,21.314102172851562,21.4743595123291,1439880,21.834936141967773,21.674678802490234,8.335514068603516
24-01-1986,21.674678802490234,21.794872283935547,1246440,22.035255432128906,22.035255432128906,8.474169731140137
27-01-1986,21.674678802490234,22.15544891357422,1480440,22.35576820373535,22.2756404876709,8.566621780395508
28-01-1986,22.2756404876709,22.315704345703125,1345344,22.51602554321289,22.475961685180664,8.643660545349121
29-01-1986,22.35576820373535,22.556089401245117,2597712,22.876602172851562,22.395832061767578,8.61284351348877
30-01-1986,22.035255432128906,22.315704345703125,1295112,22.51602554321289,22.035255432128906,8.474169731140137
31-01-1986,21.99519157409668,21.99519157409668,2533128,22.756410598754883,22.716346740722656,8.736104011535645
03-02-1986,22.756410598754883,22.79647445678711,3014856,23.357372283935547,23.31730842590332,8.967218399047852
04-02-1986,22.996795654296875,23.237178802490234,3213600,23.517627716064453,23.4375,9.013443946838379
05-02-1986,23.0368595123291,23.357372283935547,1332552,23.4375,23.397436141967773,8.99803352355957
06-02-1986,23.197114944458008,23.397436141967773,1471080,23.677885055541992,23.397436141967773,8.99803352355957
07-02-1986,23.116987228393555,23.237178802490234,1744392,24.038461685180664,23.878204345703125,9.1829252243042
10-02-1986,23.597755432128906,23.8381404876709,1452672,23.998397827148438,23.878204345703125,9.1829252243042
11-02-1986,23.55769157409668,23.878204345703125,1726296,23.958332061767578,23.637821197509766,9.090483665466309
12-02-1986,23.076923370361328,23.677885055541992,1201824,23.677885055541992,23.357372283935547,8.98262882232666
13-02-1986,23.0368595123291,23.4375,1619904,23.517627716064453,23.517627716064453,9.044254302978516
14-02-1986,23.55769157409668,23.637821197509766,2061384,24.038461685180664,23.998397827148438,9.229145050048828
18-02-1986,23.8381404876709,24.038461685180664,2485704,24.318910598754883,24.318910598754883,9.352412223815918
19-02-1986,23.91826820373535,24.19871711730957,1686048,24.479167938232422,24.038461685180664,9.244555473327637
20-02-1986,23.91826820373535,23.958332061767578,1648920,24.5993595123291,24.559295654296875,9.444851875305176
21-02-1986,24.559295654296875,24.639423370361328,2482896,25.0,25.0,9.614337921142578
24-02-1986,24.439102172851562,24.679487228393555,2072304,24.799678802490234,24.759614944458008,9.521889686584473
25-02-1986,24.038461685180664,24.679487228393555,2087904,24.679487228393555,24.19871711730957,9.306185722351074
26-02-1986,23.958332061767578,24.07852554321289,1940328,24.479167938232422,24.19871711730957,9.306185722351074
27-02-1986,24.19871711730957,24.35897445678711,2753088,25.080127716064453,24.959936141967773,9.598931312561035
28-02-1986,24.439102172851562,24.839744567871094,2998632,25.28044891357422,24.839744567871094,9.624387741088867
03-03-1986,24.278846740722656,24.839744567871094,2506920,24.839744567871094,24.559295654296875,9.515724182128906
04-03-1986,23.958332061767578,24.5993595123291,2270736,24.71955108642578,24.118589401245117,9.344970703125
05-03-1986,23.597755432128906,23.958332061767578,2154048,24.118589401245117,24.07852554321289,9.329442977905273
06-03-1986,23.878204345703125,24.278846740722656,2038920,24.278846740722656,24.07852554321289,9.329442977905273
07-03-1986,23.637821197509766,24.038461685180664,2045160,24.23878288269043,23.798076629638672,9.220786094665527
10-03-1986,23.677885055541992,23.798076629638672,1324440,24.07852554321289,23.958332061767578,9.28287410736084
11-03-1986,23.878204345703125,24.07852554321289,2665728,24.87980842590332,24.759614944458008,9.593341827392578
12-03-1986,24.679487228393555,24.799678802490234,2926872,25.080127716064453,24.679487228393555,9.56229305267334
13-03-1986,24.439102172851562,24.439102172851562,1938768,24.959936141967773,24.559295654296875,9.515724182128906
14-03-1986,24.23878288269043,24.639423370361328,3061344,25.080127716064453,25.040063858032227,9.70200252532959
17-03-1986,24.559295654296875,24.839744567871094,1889160,24.87980842590332,24.839744567871094,9.624387741088867
18-03-1986,24.5993595123291,24.759614944458008,2783040,25.320512771606445,25.080127716064453,9.71752643585205
19-03-1986,24.759614944458008,25.160255432128906,2451696,25.28044891357422,24.919872283935547,9.655434608459473
20-03-1986,24.87980842590332,25.040063858032227,2232048,25.160255432128906,25.12019157409668,9.73305606842041
21-03-1986,24.278846740722656,25.200321197509766,3993600,25.240385055541992,24.35897445678711,9.438108444213867
24-03-1986,24.158653259277344,24.399038314819336,2698488,24.759614944458008,24.71955108642578,9.57781982421875
25-03-1986,24.278846740722656,24.639423370361328,1636440,24.639423370361328,24.51923179626465,9.500208854675293
26-03-1986,24.51923179626465,24.71955108642578,2582424,25.160255432128906,25.12019157409668,9.73305606842041
27-03-1986,24.839744567871094,25.28044891357422,2580552,25.440704345703125,25.0,9.686483383178711
31-03-1986,25.040063858032227,25.080127716064453,2180880,25.440704345703125,25.160255432128906,9.748570442199707
01-04-1986,24.439102172851562,25.320512771606445,2417688,25.360576629638672,24.71955108642578,9.57781982421875
02-04-1986,24.318910598754883,24.559295654296875,2606136,24.799678802490234,24.759614944458008,9.593341827392578
03-04-1986,23.798076629638672,24.71955108642578,2364336,24.799678802490234,24.19871711730957,9.376016616821289
04-04-1986,23.31730842590332,24.158653259277344,3036072,24.23878288269043,23.637821197509766,9.15868854522705
07-04-1986,22.916667938232422,23.517627716064453,2582424,23.55769157409668,23.31730842590332,9.034506797790527
08-04-1986,23.55769157409668,23.677885055541992,3120000,24.35897445678711,24.158653259277344,9.360489845275879
09-04-1986,24.038461685180664,24.439102172851562,2528448,24.51923179626465,24.399038314819336,9.453636169433594
10-04-1986,24.158653259277344,24.51923179626465,1984944,24.5993595123291,24.439102172851562,9.469154357910156
11-04-1986,23.91826820373535,24.51923179626465,1999920,24.51923179626465,24.07852554321289,9.329442977905273
14-04-1986,23.958332061767578,24.07852554321289,1468272,24.639423370361328,24.5993595123291,9.53125
15-04-1986,24.51923179626465,24.5993595123291,2121912,24.87980842590332,24.799678802490234,9.608865737915039
16-04-1986,24.959936141967773,25.040063858032227,2108808,25.320512771606445,25.0,9.686483383178711
17-04-1986,24.959936141967773,25.080127716064453,2104752,25.4006404876709,25.160255432128906,9.748570442199707
18-04-1986,24.759614944458008,25.200321197509766,2331888,25.28044891357422,24.759614944458008,9.593341827392578
21-04-1986,24.759614944458008,24.87980842590332,1749384,25.520832061767578,25.520832061767578,9.888280868530273
22-04-1986,25.080127716064453,25.600961685180664,2994576,26.362178802490234,25.240385055541992,9.779620170593262
23-04-1986,24.87980842590332,25.080127716064453,1672944,25.28044891357422,25.28044891357422,9.79514217376709
24-04-1986,25.0,25.320512771606445,1451736,25.4006404876709,25.080127716064453,9.71752643585205
25-04-1986,25.12019157409668,25.160255432128906,1929096,25.64102554321289,25.560897827148438,9.903807640075684
28-04-1986,25.560897827148438,25.600961685180664,2586480,26.44230842590332,26.44230842590332,10.245322227478027
29-04-1986,25.440704345703125,26.402244567871094,2959320,26.402244567871094,25.76121711730957,9.981428146362305
30-04-1986,25.040063858032227,25.92147445678711,2881320,25.92147445678711,25.040063858032227,9.70200252532959
01-05-1986,24.51923179626465,24.959936141967773,2463240,25.12019157409668,24.679487228393555,9.56229305267334
02-05-1986,24.439102172851562,24.759614944458008,1598376,24.919872283935547,24.639423370361328,9.546773910522461
05-05-1986,24.759614944458008,24.759614944458008,1669824,25.200321197509766,25.080127716064453,9.71752643585205
06-05-1986,24.679487228393555,25.160255432128906,2588976,25.160255432128906,24.799678802490234,9.608865737915039
07-05-1986,24.23878288269043,24.71955108642578,2651688,24.87980842590332,24.759614944458008,9.593341827392578
08-05-1986,24.71955108642578,24.87980842590332,2062008,25.28044891357422,25.080127716064453,9.71752643585205
09-05-1986,24.559295654296875,24.919872283935547,2387736,24.919872283935547,24.639423370361328,9.546773910522461
12-05-1986,24.318910598754883,24.51923179626465,1573104,24.639423370361328,24.399038314819336,9.453636169433594
13-05-1986,24.118589401245117,24.399038314819336,2047032,24.439102172851562,24.35897445678711,9.438108444213867
14-05-1986,24.318910598754883,24.51923179626465,2789592,24.839744567871094,24.839744567871094,9.624387741088867
15-05-1986,24.318910598754883,24.799678802490234,2055768,24.799678802490234,24.318910598754883,9.422588348388672
16-05-1986,24.07852554321289,24.399038314819336,2309736,24.439102172851562,24.23878288269043,9.391542434692383
19-05-1986,24.23878288269043,24.278846740722656,1172184,24.639423370361328,24.51923179626465,9.500208854675293
20-05-1986,24.318910598754883,24.479167938232422,1355952,24.799678802490234,24.71955108642578,9.57781982421875
21-05-1986,24.51923179626465,24.71955108642578,2227056,24.71955108642578,24.51923179626465,9.500208854675293
22-05-1986,24.51923179626465,24.51923179626465,2742168,25.040063858032227,25.0,9.686483383178711
23-05-1986,25.0,25.0,2866656,25.681089401245117,25.600961685180664,9.919330596923828
27-05-1986,25.48076820373535,25.64102554321289,2037984,25.881410598754883,25.881410598754883,10.027993202209473
28-05-1986,25.76121711730957,26.001602172851562,3076632,26.1618595123291,25.961538314819336,10.05903434753418
29-05-1986,25.520832061767578,25.881410598754883,1890096,26.08173179626465,25.92147445678711,10.0435152053833
30-05-1986,25.560897827148438,25.64102554321289,2338128,25.961538314819336,25.560897827148438,9.903807640075684
02-06-1986,25.4006404876709,25.64102554321289,2317848,25.80128288269043,25.64102554321289,10.007635116577148
03-06-1986,25.4006404876709,25.600961685180664,2710968,26.201923370361328,26.201923370361328,10.226551055908203
04-06-1986,25.64102554321289,26.28205108642578,2206152,26.322114944458008,26.041667938232422,10.164011001586914
05-06-1986,25.881410598754883,26.08173179626465,1879176,26.201923370361328,26.1618595123291,10.210915565490723
06-06-1986,25.80128288269043,26.241987228393555,2032680,26.241987228393555,26.201923370361328,10.226551055908203
09-06-1986,25.360576629638672,26.121795654296875,1803048,26.121795654296875,25.360576629638672,9.898171424865723
10-06-1986,25.360576629638672,25.360576629638672,2228928,25.80128288269043,25.64102554321289,10.007635116577148
11-06-1986,25.320512771606445,25.681089401245117,1921296,25.681089401245117,25.520832061767578,9.960721969604492
12-06-1986,25.440704345703125,25.48076820373535,1509768,25.560897827148438,25.560897827148438,9.976362228393555
13-06-1986,25.560897827148438,25.64102554321289,3213600,26.322114944458008,26.201923370361328,10.226551055908203
16-06-1986,26.201923370361328,26.362178802490234,2495376,26.482372283935547,26.322114944458008,10.273465156555176
17-06-1986,26.121795654296875,26.402244567871094,2600832,26.482372283935547,26.201923370361328,10.226551055908203
18-06-1986,25.721153259277344,26.1618595123291,2377440,26.1618595123291,26.041667938232422,10.164011001586914
19-06-1986,25.721153259277344,25.92147445678711,1632696,26.121795654296875,25.721153259277344,10.03890609741211
20-06-1986,25.64102554321289,25.80128288269043,3369600,25.961538314819336,25.961538314819336,10.132723808288574
23-06-1986,25.64102554321289,25.92147445678711,1838616,25.961538314819336,25.721153259277344,10.03890609741211
24-06-1986,25.64102554321289,25.80128288269043,2513472,26.241987228393555,26.001602172851562,10.14836311340332
25-06-1986,26.001602172851562,26.041667938232422,2626728,26.28205108642578,26.201923370361328,10.226551055908203
26-06-1986,25.841346740722656,26.241987228393555,2201472,26.241987228393555,26.001602172851562,10.14836311340332
27-06-1986,25.681089401245117,26.041667938232422,1837680,26.1618595123291,25.841346740722656,10.0858154296875
30-06-1986,25.721153259277344,25.841346740722656,1862328,26.041667938232422,25.961538314819336,10.132723808288574
01-07-1986,25.841346740722656,25.841346740722656,2754960,26.44230842590332,26.322114944458008,10.273465156555176
02-07-1986,25.881410598754883,26.241987228393555,1538160,26.362178802490234,26.041667938232422,10.164011001586914
03-07-1986,25.681089401245117,26.041667938232422,1461096,26.08173179626465,25.721153259277344,10.03890609741211
07-07-1986,24.5993595123291,25.681089401245117,2969616,25.681089401245117,24.5993595123291,9.601076126098633
08-07-1986,23.878204345703125,24.35897445678711,3837600,24.51923179626465,24.479167938232422,9.554167747497559
09-07-1986,24.479167938232422,24.51923179626465,2222376,24.759614944458008,24.559295654296875,9.585437774658203
10-07-1986,24.23878288269043,24.639423370361328,3432000,24.679487228393555,24.51923179626465,9.569809913635254
11-07-1986,24.318910598754883,24.51923179626465,2440464,24.5993595123291,24.439102172851562,9.538529396057129
14-07-1986,24.19871711730957,24.439102172851562,2859792,24.439102172851562,24.35897445678711,9.507253646850586
15-07-1986,24.038461685180664,24.23878288269043,3775200,24.439102172851562,24.07852554321289,9.397795677185059
16-07-1986,24.07852554321289,24.23878288269043,2330016,24.35897445678711,24.19871711730957,9.444705963134766
17-07-1986,24.19871711730957,24.278846740722656,1767480,24.51923179626465,24.278846740722656,9.47597599029541
18-07-1986,24.038461685180664,24.19871711730957,3097224,24.71955108642578,24.23878288269043,9.460347175598145
21-07-1986,24.07852554321289,24.19871711730957,1126320,24.318910598754883,24.118589401245117,9.413432121276855
22-07-1986,23.878204345703125,23.878204345703125,3107520,24.118589401245117,23.998397827148438,9.366520881652832
23-07-1986,23.91826820373535,23.958332061767578,1748760,24.07852554321289,24.038461685180664,9.382157325744629
24-07-1986,23.397436141967773,24.07852554321289,1783392,24.07852554321289,23.637821197509766,9.225790023803711
25-07-1986,23.637821197509766,23.637821197509766,1448928,23.998397827148438,23.8381404876709,9.303974151611328
28-07-1986,22.836538314819336,23.798076629638672,2402088,23.798076629638672,23.357372283935547,9.116332054138184
29-07-1986,23.15705108642578,23.31730842590332,1826760,23.517627716064453,23.397436141967773,9.131967544555664
30-07-1986,23.237178802490234,23.477563858032227,2236416,23.8381404876709,23.758012771606445,9.272701263427734
31-07-1986,23.397436141967773,23.71794891357422,1406496,23.758012771606445,23.397436141967773,9.131967544555664
01-08-1986,23.076923370361328,23.4375,1500720,23.4375,23.076923370361328,9.006871223449707
04-08-1986,22.876602172851562,22.95673179626465,1599312,23.55769157409668,23.477563858032227,9.163239479064941
05-08-1986,23.237178802490234,23.637821197509766,2269488,23.798076629638672,23.55769157409668,9.194511413574219
06-08-1986,23.397436141967773,23.397436141967773,1584336,23.71794891357422,23.55769157409668,9.194511413574219
07-08-1986,23.4375,23.4375,1597440,23.71794891357422,23.517627716064453,9.178873062133789
08-08-1986,23.4375,23.517627716064453,1176552,23.637821197509766,23.477563858032227,9.163239479064941
11-08-1986,23.477563858032227,23.477563858032227,2469792,24.35897445678711,24.23878288269043,9.460347175598145
12-08-1986,23.958332061767578,24.318910598754883,2605200,24.439102172851562,24.399038314819336,9.522889137268066
13-08-1986,24.318910598754883,24.439102172851562,2531568,24.839744567871094,24.639423370361328,9.616714477539062
14-08-1986,24.479167938232422,24.5993595123291,1447368,24.759614944458008,24.679487228393555,9.63235092163086
15-08-1986,24.35897445678711,24.639423370361328,2086032,24.71955108642578,24.639423370361328,9.616714477539062
18-08-1986,24.439102172851562,24.679487228393555,1276080,24.679487228393555,24.559295654296875,9.585437774658203
19-08-1986,24.23878288269043,24.559295654296875,1408992,24.559295654296875,24.23878288269043,9.460347175598145
20-08-1986,24.23878288269043,24.278846740722656,1790568,24.51923179626465,24.399038314819336,9.522889137268066
21-08-1986,24.07852554321289,24.35897445678711,1696344,24.35897445678711,24.118589401245117,9.413432121276855
22-08-1986,23.958332061767578,24.07852554321289,1235208,24.19871711730957,24.038461685180664,9.382157325744629
25-08-1986,23.798076629638672,23.998397827148438,2099760,24.23878288269043,24.07852554321289,9.397795677185059
26-08-1986,24.07852554321289,24.19871711730957,2771496,24.759614944458008,24.679487228393555,9.63235092163086
27-08-1986,24.759614944458008,24.759614944458008,2642952,25.080127716064453,24.959936141967773,9.741801261901855
28-08-1986,24.839744567871094,24.959936141967773,1654224,25.28044891357422,25.200321197509766,9.835628509521484
29-08-1986,25.0,25.160255432128906,1312896,25.440704345703125,25.200321197509766,9.835628509521484
02-09-1986,24.118589401245117,25.320512771606445,3151200,25.360576629638672,24.278846740722656,9.47597599029541
03-09-1986,24.23878288269043,24.278846740722656,2861040,24.479167938232422,24.439102172851562,9.538529396057129
04-09-1986,24.399038314819336,24.439102172851562,2863224,25.440704345703125,25.200321197509766,9.835628509521484
05-09-1986,24.799678802490234,25.200321197509766,2837952,25.320512771606445,24.839744567871094,9.694893836975098
08-09-1986,24.759614944458008,24.799678802490234,1809600,25.200321197509766,25.200321197509766,9.835628509521484
09-09-1986,25.080127716064453,25.28044891357422,1947504,25.560897827148438,25.160255432128906,9.81999397277832
10-09-1986,24.479167938232422,25.240385055541992,1940016,25.240385055541992,24.919872283935547,9.726165771484375
11-09-1986,23.55769157409668,24.439102172851562,4711200,24.639423370361328,23.71794891357422,9.257061004638672
12-09-1986,22.916667938232422,23.71794891357422,6801600,23.758012771606445,22.996795654296875,8.975593566894531
15-09-1986,22.876602172851562,23.15705108642578,2595528,23.357372283935547,23.277244567871094,9.085057258605957
16-09-1986,22.916667938232422,23.197114944458008,2191176,23.397436141967773,23.397436141967773,9.131967544555664
17-09-1986,23.197114944458008,23.397436141967773,2034552,23.55769157409668,23.197114944458008,9.053780555725098
18-09-1986,22.836538314819336,22.95673179626465,2582424,23.357372283935547,23.197114944458008,9.053780555725098
19-09-1986,22.756410598754883,22.95673179626465,3083496,23.15705108642578,22.79647445678711,8.897408485412598
22-09-1986,22.916667938232422,22.95673179626465,3244800,23.477563858032227,23.477563858032227,9.163239479064941
23-09-1986,23.076923370361328,23.076923370361328,2046720,23.357372283935547,23.076923370361328,9.078758239746094
24-09-1986,23.076923370361328,23.15705108642578,3775200,23.597755432128906,23.55769157409668,9.267895698547363
25-09-1986,22.996795654296875,23.517627716064453,2525016,23.517627716064453,23.076923370361328,9.078758239746094
26-09-1986,22.916667938232422,22.95673179626465,1352208,23.397436141967773,23.237178802490234,9.141807556152344
29-09-1986,22.756410598754883,23.277244567871094,1906008,23.597755432128906,22.916667938232422,9.015705108642578
30-09-1986,22.95673179626465,22.95673179626465,2188680,23.237178802490234,23.0368595123291,9.062992095947266
01-10-1986,23.0368595123291,23.15705108642578,2108184,23.677885055541992,23.31730842590332,9.173331260681152
02-10-1986,22.876602172851562,23.237178802490234,1789008,23.397436141967773,22.996795654296875,9.047228813171387
03-10-1986,22.63621711730957,23.15705108642578,2250456,23.237178802490234,22.79647445678711,8.968419075012207
06-10-1986,22.716346740722656,22.79647445678711,1115712,23.116987228393555,22.95673179626465,9.031473159790039
07-10-1986,22.67628288269043,22.996795654296875,1944696,22.996795654296875,22.95673179626465,9.031473159790039
08-10-1986,22.95673179626465,22.996795654296875,4118400,23.677885055541992,23.55769157409668,9.267895698547363
09-10-1986,23.4375,23.517627716064453,3151200,23.878204345703125,23.637821197509766,9.299423217773438
10-10-1986,23.597755432128906,23.677885055541992,1277016,23.958332061767578,23.677885055541992,9.315178871154785
13-10-1986,23.637821197509766,23.677885055541992,676416,23.998397827148438,23.998397827148438,9.441278457641602
14-10-1986,23.998397827148438,23.998397827148438,2801760,24.318910598754883,24.23878288269043,9.535852432250977
15-10-1986,24.23878288269043,24.23878288269043,2876016,24.679487228393555,24.639423370361328,9.693467140197754
16-10-1986,24.51923179626465,24.679487228393555,2918760,24.799678802490234,24.71955108642578,9.724991798400879
17-10-1986,24.399038314819336,24.5993595123291,2014896,24.639423370361328,24.5993595123291,9.677704811096191
20-10-1986,24.07852554321289,24.399038314819336,1957800,24.439102172851562,24.439102172851562,9.614657402038574
21-10-1986,24.118589401245117,24.35897445678711,1864824,24.439102172851562,24.278846740722656,9.551607131958008
22-10-1986,24.23878288269043,24.23878288269043,1660776,24.479167938232422,24.439102172851562,9.614657402038574
23-10-1986,24.439102172851562,24.479167938232422,2505360,24.839744567871094,24.51923179626465,9.646190643310547
24-10-1986,24.479167938232422,24.5993595123291,1638936,24.679487228393555,24.479167938232422,9.630420684814453
27-10-1986,24.19871711730957,24.479167938232422,1714128,24.479167938232422,24.23878288269043,9.535852432250977
28-10-1986,24.19871711730957,24.278846740722656,2119416,24.399038314819336,24.35897445678711,9.583131790161133
29-10-1986,24.278846740722656,24.318910598754883,1340040,24.51923179626465,24.399038314819336,9.598895072937012
30-10-1986,24.399038314819336,24.839744567871094,1948752,24.839744567871094,24.5993595123291,9.677704811096191
31-10-1986,24.318910598754883,24.479167938232422,1951872,24.71955108642578,24.439102172851562,9.614657402038574
03-11-1986,24.5993595123291,24.639423370361328,1983072,24.839744567871094,24.799678802490234,9.756512641906738
04-11-1986,24.639423370361328,24.679487228393555,2688816,25.200321197509766,25.160255432128906,9.898369789123535
05-11-1986,25.0,25.040063858032227,2685384,25.360576629638672,25.320512771606445,9.96141529083252
06-11-1986,24.5993595123291,25.080127716064453,2733432,25.240385055541992,25.0,9.835317611694336
07-11-1986,24.759614944458008,24.87980842590332,1418040,25.080127716064453,25.0,9.835317611694336
10-11-1986,24.759614944458008,24.919872283935547,1570920,25.160255432128906,25.080127716064453,9.866841316223145
11-11-1986,25.040063858032227,25.080127716064453,1912248,25.320512771606445,25.28044891357422,9.945656776428223
12-11-1986,25.0,25.360576629638672,2081664,25.440704345703125,25.080127716064453,9.866841316223145
13-11-1986,24.439102172851562,25.160255432128906,2060448,25.160255432128906,24.479167938232422,9.630420684814453
14-11-1986,24.318910598754883,24.479167938232422,1836432,24.959936141967773,24.639423370361328,9.693467140197754
17-11-1986,24.51923179626465,24.51923179626465,1775904,24.759614944458008,24.559295654296875,9.661940574645996
18-11-1986,23.91826820373535,24.559295654296875,2534376,24.71955108642578,23.958332061767578,9.425514221191406
19-11-1986,23.958332061767578,23.958332061767578,2694744,24.439102172851562,24.278846740722656,9.551607131958008
20-11-1986,24.318910598754883,24.439102172851562,2824224,24.959936141967773,24.839744567871094,9.772274017333984
21-11-1986,24.799678802490234,24.919872283935547,5023200,25.48076820373535,25.320512771606445,9.96141529083252
24-11-1986,25.360576629638672,25.360576629638672,5304000,25.961538314819336,25.841346740722656,10.166313171386719
25-11-1986,26.121795654296875,26.241987228393555,6333600,26.84294891357422,26.84294891357422,10.560356140136719
26-11-1986,26.5625,26.802885055541992,2395536,26.883012771606445,26.762821197509766,10.52883243560791
28-11-1986,26.482372283935547,26.722755432128906,1058616,26.84294891357422,26.602563858032227,10.465788841247559
01-12-1986,26.121795654296875,26.28205108642578,4056000,26.802885055541992,26.762821197509766,10.52883243560791
02-12-1986,26.762821197509766,27.20352554321289,6427200,27.403846740722656,27.20352554321289,10.783575057983398
03-12-1986,27.48397445678711,27.524038314819336,8143200,28.445512771606445,28.365385055541992,11.244135856628418
04-12-1986,27.964744567871094,28.285255432128906,4524000,28.285255432128906,28.084936141967773,11.132972717285156
05-12-1986,27.564102172851562,28.044872283935547,3619200,28.205127716064453,27.7243595123291,10.990033149719238
08-12-1986,27.564102172851562,27.7243595123291,2787096,28.285255432128906,28.125,11.14885425567627
09-12-1986,27.684295654296875,28.084936141967773,1835496,28.125,27.7243595123291,10.990033149719238
10-12-1986,27.564102172851562,27.564102172851562,2592408,27.964744567871094,27.764423370361328,11.00592041015625
11-12-1986,27.243589401245117,27.684295654296875,2319096,27.7243595123291,27.403846740722656,10.862985610961914
12-12-1986,27.003204345703125,27.20352554321289,1743456,27.36378288269043,27.04326820373535,10.72005558013916
15-12-1986,26.883012771606445,26.923076629638672,2983656,27.48397445678711,27.36378288269043,10.84710693359375
16-12-1986,27.443910598754883,27.564102172851562,4555200,28.084936141967773,28.044872283935547,11.117093086242676
17-12-1986,27.7243595123291,28.044872283935547,3556800,28.205127716064453,27.7243595123291,10.990033149719238
18-12-1986,27.48397445678711,27.764423370361328,2537808,27.884614944458008,27.804487228393555,11.021808624267578
19-12-1986,27.684295654296875,27.884614944458008,6333600,28.285255432128906,28.125,11.14885425567627
22-12-1986,27.764423370361328,28.165063858032227,2970552,28.24519157409668,27.884614944458008,11.053558349609375
23-12-1986,27.64423179626465,27.804487228393555,3182400,28.084936141967773,27.964744567871094,11.085328102111816
24-12-1986,27.924678802490234,28.00480842590332,2005536,28.365385055541992,28.125,11.14885425567627
26-12-1986,27.964744567871094,28.165063858032227,510120,28.165063858032227,28.044872283935547,11.117093086242676
29-12-1986,27.564102172851562,27.924678802490234,1841424,27.964744567871094,27.804487228393555,11.021808624267578
30-12-1986,27.524038314819336,27.684295654296875,2401776,28.044872283935547,27.884614944458008,11.053558349609375
31-12-1986,27.48397445678711,27.764423370361328,1876992,28.00480842590332,27.564102172851562,10.92651081085205
02-01-1987,27.684295654296875,27.684295654296875,1353768,28.24519157409668,28.00480842590332,11.101211547851562
05-01-1987,28.205127716064453,28.24519157409668,4368000,29.006410598754883,28.88621711730957,11.450608253479004
06-01-1987,28.685897827148438,28.92628288269043,3400800,29.006410598754883,28.685897827148438,11.371198654174805
07-01-1987,28.685897827148438,28.685897827148438,3962400,29.20673179626465,29.166667938232422,11.561773300170898
08-01-1987,28.725961685180664,29.2868595123291,3712800,29.2868595123291,28.846153259277344,11.434715270996094
09-01-1987,28.725961685180664,28.806089401245117,3005496,29.246795654296875,28.88621711730957,11.450608253479004
12-01-1987,28.60576820373535,28.725961685180664,3074448,29.126602172851562,28.966346740722656,11.482367515563965
13-01-1987,28.725961685180664,28.88621711730957,2261688,29.126602172851562,29.006410598754883,11.498248100280762
14-01-1987,28.846153259277344,28.966346740722656,4180800,29.2868595123291,29.166667938232422,11.561773300170898
15-01-1987,29.366987228393555,29.366987228393555,5397600,30.368589401245117,29.727563858032227,11.784111976623535
16-01-1987,29.767627716064453,30.048076629638672,6240000,30.44871711730957,30.128204345703125,11.942938804626465
19-01-1987,29.927885055541992,30.128204345703125,5023200,30.649038314819336,30.408653259277344,12.05410099029541
20-01-1987,30.368589401245117,30.649038314819336,6021600,30.96955108642578,30.96955108642578,12.276447296142578
21-01-1987,30.649038314819336,30.809295654296875,4960800,31.73076820373535,31.12980842590332,12.339970588684082
22-01-1987,30.96955108642578,31.009614944458008,4056000,32.53205108642578,32.53205108642578,12.895825386047363
23-01-1987,31.450321197509766,32.53205108642578,9734400,33.33333206176758,31.53044891357422,12.498784065246582
26-01-1987,31.169872283935547,31.37019157409668,3744000,31.690704345703125,31.690704345703125,12.5623140335083
27-01-1987,31.931089401245117,32.17147445678711,4804800,32.8125,32.331729888916016,12.816414833068848
28-01-1987,32.0512809753418,32.53205108642578,3744000,32.69230651855469,32.53205108642578,12.895825386047363
29-01-1987,32.0112190246582,32.8125,3556800,32.8125,32.0512809753418,12.705242156982422
30-01-1987,31.570512771606445,32.13140869140625,2493816,32.2115364074707,32.13140869140625,12.737006187438965
02-02-1987,31.971153259277344,32.17147445678711,2457000,32.612178802490234,32.49198532104492,12.87994384765625
03-02-1987,32.0112190246582,32.53205108642578,2756520,32.612178802490234,32.0112190246582,12.689367294311523
04-02-1987,31.931089401245117,32.091346740722656,2397720,32.2115364074707,32.0112190246582,12.689367294311523
05-02-1987,32.0112190246582,32.41185760498047,3276000,32.652244567871094,32.45192337036133,12.864063262939453
06-02-1987,31.931089401245117,32.2115364074707,2639208,32.371795654296875,31.971153259277344,12.673494338989258
09-02-1987,31.770832061767578,31.89102554321289,2237352,32.13140869140625,32.091346740722656,12.72113037109375
10-02-1987,31.169872283935547,32.0512809753418,3151200,32.0512809753418,31.490385055541992,12.482905387878418
11-02-1987,31.53044891357422,31.570512771606445,3120000,31.931089401245117,31.850961685180664,12.625837326049805
12-02-1987,30.929487228393555,31.850961685180664,3775200,32.091346740722656,31.450321197509766,12.467024803161621
13-02-1987,31.169872283935547,31.490385055541992,5366400,33.17307662963867,33.17307662963867,13.14993667602539
17-02-1987,32.2115364074707,32.85256576538086,5460000,33.4134635925293,33.09294891357422,13.118168830871582
18-02-1987,32.13140869140625,33.21314239501953,5491200,33.253204345703125,32.8125,13.006996154785156
19-02-1987,32.13140869140625,32.612178802490234,5272800,32.652244567871094,32.2115364074707,12.768768310546875
20-02-1987,32.17147445678711,32.17147445678711,3775200,32.41185760498047,32.371795654296875,12.832291603088379
23-02-1987,31.971153259277344,32.25160217285156,3931200,32.57211685180664,32.17147445678711,12.752891540527344
24-02-1987,32.17147445678711,32.331729888916016,2575872,32.69230651855469,32.69230651855469,12.959352493286133
25-02-1987,32.331729888916016,32.652244567871094,3962400,33.253204345703125,32.93269348144531,13.054643630981445
26-02-1987,32.371795654296875,32.89262771606445,2705352,33.17307662963867,32.77243423461914,12.991111755371094
27-02-1987,32.85256576538086,32.85256576538086,2379624,33.21314239501953,33.13301467895508,13.134051322937012
02-03-1987,32.972755432128906,33.21314239501953,3151200,33.45352554321289,33.253204345703125,13.262521743774414
03-03-1987,33.05288314819336,33.293270111083984,2551224,33.293270111083984,33.21314239501953,13.246543884277344
04-03-1987,33.13301467895508,33.33333206176758,3307200,33.97435760498047,33.894229888916016,13.518183708190918
05-03-1987,34.09455108642578,34.174678802490234,4648800,34.65544891357422,34.65544891357422,13.82177448272705
06-03-1987,34.25480651855469,34.61538314819336,3102840,34.65544891357422,34.49519348144531,13.757865905761719
09-03-1987,33.894229888916016,34.01442337036133,2692560,34.49519348144531,34.49519348144531,13.757865905761719
10-03-1987,34.09455108642578,34.25480651855469,2056080,34.49519348144531,34.33493423461914,13.693946838378906
11-03-1987,34.09455108642578,34.61538314819336,3400800,34.61538314819336,34.29487228393555,13.677970886230469
12-03-1987,34.01442337036133,34.25480651855469,1652040,34.29487228393555,34.13461685180664,13.614055633544922
13-03-1987,33.5737190246582,34.05448532104492,3059472,34.13461685180664,33.69390869140625,13.438282012939453
16-03-1987,33.33333206176758,33.653846740722656,1875432,33.69390869140625,33.49359130859375,13.358394622802734
17-03-1987,33.293270111083984,33.45352554321289,2143752,34.13461685180664,34.13461685180664,13.614055633544922
18-03-1987,33.33333206176758,34.25480651855469,2723760,34.29487228393555,33.7740364074707,13.470244407653809
19-03-1987,33.6137809753418,33.7740364074707,2019264,33.97435760498047,33.73397445678711,13.454261779785156
20-03-1987,33.81410217285156,33.85416793823242,4212000,34.61538314819336,34.375,13.709931373596191
23-03-1987,34.61538314819336,34.65544891357422,4243200,35.57692337036133,35.3365364074707,14.093424797058105
24-03-1987,35.096153259277344,35.29647445678711,2858544,35.57692337036133,35.57692337036133,14.189299583435059
25-03-1987,35.1362190246582,35.53685760498047,2713776,35.53685760498047,35.29647445678711,14.077447891235352
26-03-1987,35.29647445678711,35.37660217285156,2208648,35.777244567871094,35.37660217285156,14.10940170288086
27-03-1987,34.49519348144531,35.41666793823242,2442648,35.456729888916016,34.61538314819336,13.805797576904297
30-03-1987,32.69230651855469,32.85256576538086,5497440,34.01442337036133,33.81410217285156,13.486227035522461
31-03-1987,33.533653259277344,34.05448532104492,3084744,34.05448532104492,33.6137809753418,13.406330108642578
01-04-1987,33.21314239501953,33.21314239501953,3868800,33.81410217285156,33.653846740722656,13.422313690185547
02-04-1987,33.533653259277344,33.934295654296875,2346552,34.174678802490234,33.934295654296875,13.53415584564209
03-04-1987,33.653846740722656,33.85416793823242,2800200,35.41666793823242,35.1762809753418,14.029512405395508
06-04-1987,35.25640869140625,35.53685760498047,2888808,35.81730651855469,35.81730651855469,14.285165786743164
07-04-1987,34.61538314819336,35.737178802490234,3962400,36.17788314819336,34.65544891357422,13.82177448272705
08-04-1987,34.61538314819336,34.815704345703125,4087200,35.3365364074707,34.93589782714844,13.933632850646973
09-04-1987,33.97435760498047,34.93589782714844,3712800,34.9759635925293,34.29487228393555,13.677970886230469
10-04-1987,34.09455108642578,34.13461685180664,3494400,34.73557662963867,34.29487228393555,13.677970886230469
13-04-1987,32.612178802490234,34.25480651855469,3525600,34.49519348144531,32.73237228393555,13.054787635803223
14-04-1987,31.810897827148438,32.69230651855469,7768800,32.93269348144531,32.2115364074707,12.847064971923828
15-04-1987,32.89262771606445,33.5737190246582,4617600,33.85416793823242,33.81410217285156,13.486227035522461
16-04-1987,33.012821197509766,33.97435760498047,4118400,34.09455108642578,33.09294891357422,13.198590278625488
20-04-1987,32.73237228393555,33.45352554321289,2726880,33.49359130859375,32.85256576538086,13.102725982666016
21-04-1987,32.41185760498047,32.41185760498047,4243200,34.09455108642578,34.01442337036133,13.566121101379395
22-04-1987,33.293270111083984,33.97435760498047,4617600,34.41506576538086,33.293270111083984,13.278497695922852
23-04-1987,32.85256576538086,33.653846740722656,3307200,33.7740364074707,33.21314239501953,13.246543884277344
24-04-1987,32.77243423461914,32.93269348144531,3244800,33.293270111083984,33.012821197509766,13.166642189025879
27-04-1987,32.371795654296875,32.612178802490234,5179200,33.49359130859375,32.8125,13.08675479888916
28-04-1987,32.69230651855469,32.972755432128906,3868800,33.5737190246582,32.89262771606445,13.118708610534668
29-04-1987,32.69230651855469,33.09294891357422,2699112,33.293270111083984,32.85256576538086,13.102725982666016
30-04-1987,32.89262771606445,32.972755432128906,3494400,33.97435760498047,33.17307662963867,13.230566024780273
01-05-1987,32.73237228393555,33.05288314819336,2655120,33.73397445678711,32.85256576538086,13.102725982666016
04-05-1987,32.652244567871094,32.8125,2361528,33.6137809753418,33.17307662963867,13.230566024780273
05-05-1987,33.49359130859375,33.7740364074707,2885064,34.13461685180664,34.01442337036133,13.566121101379395
06-05-1987,33.69390869140625,34.01442337036133,3078192,34.214744567871094,34.09455108642578,13.598078727722168
07-05-1987,33.73397445678711,34.45512771606445,2650440,34.45512771606445,33.73397445678711,13.454261779785156
08-05-1987,33.13301467895508,33.97435760498047,2328456,34.01442337036133,33.21314239501953,13.246543884277344
11-05-1987,32.8125,33.533653259277344,3619200,34.29487228393555,32.8125,13.08675479888916
12-05-1987,32.77243423461914,32.77243423461914,2801760,33.253204345703125,33.17307662963867,13.230566024780273
13-05-1987,32.73237228393555,33.09294891357422,2362776,33.5737190246582,33.33333206176758,13.294479370117188
14-05-1987,33.293270111083984,33.533653259277344,2662296,33.894229888916016,33.7740364074707,13.470244407653809
15-05-1987,32.73237228393555,33.17307662963867,3744000,33.7740364074707,32.85256576538086,13.102725982666016
18-05-1987,32.13140869140625,32.652244567871094,4992000,33.6137809753418,32.331729888916016,12.894999504089355
19-05-1987,31.770832061767578,32.331729888916016,4648800,32.49198532104492,31.89102554321289,12.719223976135254
20-05-1987,31.490385055541992,31.850961685180664,4867200,32.331729888916016,32.0512809753418,12.783149719238281
21-05-1987,32.0512809753418,32.612178802490234,2471352,32.69230651855469,32.29166793823242,12.8790283203125
22-05-1987,32.2115364074707,32.371795654296875,4024800,32.73237228393555,32.2115364074707,12.847064971923828
26-05-1987,32.53205108642578,33.97435760498047,2652000,33.97435760498047,33.97435760498047,13.550132751464844
27-05-1987,32.77243423461914,33.97435760498047,2371200,34.45512771606445,32.85256576538086,13.102725982666016
28-05-1987,32.77243423461914,33.4134635925293,1903200,33.97435760498047,33.97435760498047,13.550132751464844
29-05-1987,33.09294891357422,34.29487228393555,2137200,34.375,33.33333206176758,13.294479370117188
01-06-1987,32.85256576538086,33.81410217285156,2043600,33.894229888916016,32.93269348144531,13.134689331054688
02-06-1987,32.85256576538086,33.253204345703125,3057600,34.05448532104492,33.894229888916016,13.518183708190918
03-06-1987,33.894229888916016,34.13461685180664,2605200,34.535255432128906,34.375,13.709931373596191
04-06-1987,34.214744567871094,34.535255432128906,2116140,34.535255432128906,34.29487228393555,13.677970886230469
05-06-1987,33.653846740722656,34.214744567871094,1427400,34.29487228393555,33.97435760498047,13.550132751464844
08-06-1987,33.33333206176758,34.61538314819336,2340000,34.69551467895508,34.61538314819336,13.89229679107666
09-06-1987,34.05448532104492,34.77564239501953,2386800,34.77564239501953,34.375,13.795830726623535
10-06-1987,33.653846740722656,34.61538314819336,3276000,34.93589782714844,34.13461685180664,13.699357986450195
11-06-1987,33.81410217285156,34.45512771606445,1809600,34.61538314819336,34.13461685180664,13.699357986450195
12-06-1987,34.45512771606445,34.535255432128906,2620800,34.93589782714844,34.535255432128906,13.860136032104492
15-06-1987,34.69551467895508,34.855770111083984,2074800,35.01602554321289,35.01602554321289,14.053098678588867
16-06-1987,34.214744567871094,34.77564239501953,2964000,34.93589782714844,34.535255432128906,13.860136032104492
17-06-1987,33.81410217285156,34.61538314819336,2854800,34.61538314819336,34.13461685180664,13.699357986450195
18-06-1987,33.894229888916016,34.05448532104492,2694900,34.45512771606445,34.29487228393555,13.763668060302734
19-06-1987,34.214744567871094,34.29487228393555,4430400,34.535255432128906,34.214744567871094,13.731512069702148
22-06-1987,34.535255432128906,34.69551467895508,3229200,35.81730651855469,35.57692337036133,14.278199195861816
23-06-1987,35.01602554321289,35.737178802490234,2667600,35.89743423461914,35.25640869140625,14.149571418762207
24-06-1987,34.77564239501953,34.855770111083984,1887600,35.41666793823242,35.1762809753418,14.11740779876709
25-06-1987,35.25640869140625,35.25640869140625,1560000,35.89743423461914,35.81730651855469,14.374669075012207
26-06-1987,35.25640869140625,35.25640869140625,1513668,35.737178802490234,35.737178802490234,14.34251594543457
29-06-1987,35.3365364074707,35.3365364074707,1479504,35.97756576538086,35.89743423461914,14.406839370727539
30-06-1987,34.69551467895508,35.97756576538086,2246400,35.97756576538086,34.855770111083984,13.988779067993164
01-07-1987,34.375,34.855770111083984,2340000,35.25640869140625,34.61538314819336,13.89229679107666
02-07-1987,34.45512771606445,35.01602554321289,1575600,35.41666793823242,35.25640869140625,14.149571418762207
06-07-1987,35.01602554321289,35.65705108642578,2074800,35.737178802490234,35.25640869140625,14.149571418762207
07-07-1987,35.1762809753418,35.3365364074707,2355600,36.05769348144531,35.81730651855469,14.374669075012207
08-07-1987,35.65705108642578,35.89743423461914,2839200,36.29807662963867,36.29807662963867,14.567623138427734
09-07-1987,35.65705108642578,36.29807662963867,2667600,36.378204345703125,35.737178802490234,14.34251594543457
10-07-1987,35.41666793823242,35.737178802490234,1934400,35.81730651855469,35.496795654296875,14.246040344238281
13-07-1987,35.01602554321289,35.65705108642578,2012400,35.65705108642578,35.1762809753418,14.11740779876709
14-07-1987,35.3365364074707,35.496795654296875,1887600,35.89743423461914,35.89743423461914,14.406839370727539
15-07-1987,35.1762809753418,35.89743423461914,2262000,35.89743423461914,35.3365364074707,14.181727409362793
16-07-1987,35.01602554321289,35.25640869140625,1918800,35.81730651855469,35.81730651855469,14.374669075012207
17-07-1987,35.57692337036133,35.97756576538086,2464800,36.21794891357422,35.737178802490234,14.34251594543457
20-07-1987,35.3365364074707,35.3365364074707,1232400,35.89743423461914,35.41666793823242,14.213887214660645
21-07-1987,34.45512771606445,35.25640869140625,2090400,35.97756576538086,35.737178802490234,14.34251594543457
22-07-1987,34.93589782714844,35.096153259277344,1934400,35.97756576538086,35.97756576538086,14.438989639282227
23-07-1987,36.05769348144531,36.45833206176758,2792400,36.6987190246582,36.378204345703125,14.599776268005371
24-07-1987,36.137821197509766,36.21794891357422,1480752,36.5384635925293,36.378204345703125,14.599776268005371
27-07-1987,36.21794891357422,36.45833206176758,1363596,36.6987190246582,36.61859130859375,14.696259498596191
28-07-1987,36.61859130859375,36.85897445678711,2230800,37.09935760498047,37.019229888916016,14.857050895690918
29-07-1987,37.019229888916016,37.25961685180664,2496000,37.74038314819336,37.58012771606445,15.08213996887207
30-07-1987,37.339744567871094,37.74038314819336,2464800,38.14102554321289,37.82051467895508,15.178627967834473
31-07-1987,37.74038314819336,37.90064239501953,2059200,38.06089782714844,37.980770111083984,15.24294376373291
03-08-1987,37.17948532104492,37.339744567871094,2745600,37.980770111083984,37.58012771606445,15.08213996887207
04-08-1987,36.85897445678711,37.5,1825200,37.74038314819336,37.09935760498047,14.88921070098877
05-08-1987,37.17948532104492,37.25961685180664,2090400,37.90064239501953,37.82051467895508,15.178627967834473
06-08-1987,37.58012771606445,37.90064239501953,3026400,38.94230651855469,38.94230651855469,15.628836631774902
07-08-1987,38.3012809753418,38.78205108642578,2386800,38.78205108642578,38.70192337036133,15.532357215881348
10-08-1987,38.4615364074707,38.54166793823242,2402400,39.6634635925293,39.6634635925293,15.918268203735352
11-08-1987,39.74359130859375,39.74359130859375,4711200,41.50640869140625,41.26602554321289,16.561426162719727
12-08-1987,40.30448532104492,41.18589782714844,4477200,41.18589782714844,40.70512771606445,16.336313247680664
13-08-1987,40.70512771606445,40.70512771606445,3182400,41.26602554321289,41.18589782714844,16.529266357421875
14-08-1987,40.625,40.785255432128906,3088800,41.5865364074707,41.02564239501953,16.46495246887207
17-08-1987,41.105770111083984,41.105770111083984,2121600,41.746795654296875,41.746795654296875,16.754375457763672
18-08-1987,39.262821197509766,41.4262809753418,4258800,41.5865364074707,40.70512771606445,16.336313247680664
19-08-1987,39.98397445678711,40.464744567871094,2542800,41.66666793823242,40.94551467895508,16.432798385620117
20-08-1987,41.18589782714844,41.4262809753418,2574000,42.22756576538086,42.22756576538086,16.94732666015625
21-08-1987,41.746795654296875,42.14743423461914,3946800,42.54807662963867,42.06730651855469,16.882993698120117
24-08-1987,41.346153259277344,42.06730651855469,2010840,42.22756576538086,41.346153259277344,16.593576431274414
25-08-1987,41.5865364074707,41.66666793823242,2199600,42.30769348144531,42.06730651855469,16.882993698120117
26-08-1987,41.02564239501953,42.06730651855469,2215200,42.14743423461914,41.105770111083984,16.49711036682129
27-08-1987,40.30448532104492,41.02564239501953,2319720,41.26602554321289,40.30448532104492,16.175521850585938
28-08-1987,39.74359130859375,40.144229888916016,2232360,40.38461685180664,40.06410217285156,16.079051971435547
31-08-1987,39.8237190246582,39.903846740722656,2939040,40.86538314819336,40.06410217285156,16.079051971435547
01-09-1987,38.14102554321289,40.30448532104492,2822040,40.625,38.78205108642578,15.564520835876465
02-09-1987,38.4615364074707,38.70192337036133,5502120,39.262821197509766,38.78205108642578,15.564520835876465
03-09-1987,38.38140869140625,39.10256576538086,3288480,39.18269348144531,39.10256576538086,15.693158149719238
04-09-1987,38.14102554321289,39.10256576538086,2613000,39.34294891357422,38.221153259277344,15.339414596557617
08-09-1987,36.6987190246582,37.90064239501953,4804800,38.14102554321289,38.14102554321289,15.307256698608398
09-09-1987,37.74038314819336,38.221153259277344,3322800,38.54166793823242,38.4615364074707,15.435885429382324
10-09-1987,38.70192337036133,38.78205108642578,3104400,39.18269348144531,38.94230651855469,15.628836631774902
11-09-1987,39.10256576538086,39.18269348144531,3276000,39.6634635925293,39.262821197509766,15.757481575012207
14-09-1987,38.862178802490234,39.6634635925293,1950000,39.74359130859375,39.42307662963867,15.82179069519043
15-09-1987,38.14102554321289,39.34294891357422,2012400,39.34294891357422,38.3012809753418,15.371564865112305
16-09-1987,37.5,37.82051467895508,3276000,38.94230651855469,37.82051467895508,15.178627967834473
17-09-1987,37.90064239501953,38.38140869140625,2605200,38.621795654296875,38.3012809753418,15.371564865112305
18-09-1987,38.3012809753418,38.70192337036133,3182400,38.70192337036133,38.38140869140625,15.403730392456055
21-09-1987,37.980770111083984,38.621795654296875,2605200,39.34294891357422,38.221153259277344,15.339414596557617
22-09-1987,37.74038314819336,38.38140869140625,3104400,40.06410217285156,40.06410217285156,16.079051971435547
23-09-1987,39.34294891357422,40.06410217285156,3650400,40.22435760498047,39.74359130859375,16.03509521484375
24-09-1987,38.862178802490234,39.42307662963867,1918800,39.8237190246582,39.10256576538086,15.776461601257324
25-09-1987,39.10256576538086,39.262821197509766,2074800,39.503204345703125,39.262821197509766,15.841113090515137
28-09-1987,39.42307662963867,39.74359130859375,3338400,40.30448532104492,39.903846740722656,16.099740982055664
29-09-1987,38.94230651855469,40.06410217285156,2262000,40.22435760498047,39.262821197509766,15.841113090515137
30-09-1987,38.862178802490234,38.94230651855469,3073200,39.98397445678711,39.42307662963867,15.905778884887695
01-10-1987,39.42307662963867,39.42307662963867,2197260,40.06410217285156,39.903846740722656,16.099740982055664
02-10-1987,39.8237190246582,39.903846740722656,2090244,40.22435760498047,39.98397445678711,16.1320743560791
05-10-1987,39.58333206176758,40.06410217285156,1915212,40.144229888916016,40.144229888916016,16.196733474731445
06-10-1987,38.14102554321289,39.98397445678711,2986620,40.06410217285156,38.3012809753418,15.453164100646973
07-10-1987,38.3012809753418,38.4615364074707,3188640,39.42307662963867,39.34294891357422,15.873446464538574
08-10-1987,37.82051467895508,39.34294891357422,3359772,39.42307662963867,38.621795654296875,15.582489967346191
09-10-1987,37.339744567871094,38.38140869140625,2878512,38.621795654296875,37.339744567871094,15.065217018127441
12-10-1987,36.61859130859375,37.17948532104492,2215980,37.980770111083984,37.5,15.129886627197266
13-10-1987,37.41987228393555,38.06089782714844,2872896,38.14102554321289,38.06089782714844,15.356179237365723
14-10-1987,35.89743423461914,37.41987228393555,3679104,37.58012771606445,36.5384635925293,14.741936683654785
15-10-1987,34.375,35.496795654296875,5598060,36.378204345703125,34.45512771606445,13.901386260986328
16-10-1987,31.89102554321289,35.01602554321289,7172880,35.096153259277344,32.53205108642578,13.125500679016113
19-10-1987,24.839744567871094,26.923076629638672,11319360,32.0512809753418,26.84294891357422,10.830145835876465
20-10-1987,25.64102554321289,29.80769157409668,11216400,30.128204345703125,29.086538314819336,11.7353515625
21-10-1987,31.25,31.73076820373535,9203844,32.69230651855469,32.371795654296875,13.060830116271973
22-10-1987,27.564102172851562,27.564102172851562,8304036,31.971153259277344,30.208332061767578,12.187959671020508
23-10-1987,29.326923370361328,29.487178802490234,3692052,30.929487228393555,29.887821197509766,12.05864429473877
26-10-1987,27.32371711730957,28.5256404876709,4448964,28.76602554321289,27.32371711730957,11.024125099182129
27-10-1987,27.564102172851562,29.487178802490234,4383444,29.80769157409668,28.044872283935547,11.315082550048828
28-10-1987,26.923076629638672,27.003204345703125,5481840,29.487178802490234,28.125,11.347411155700684
29-10-1987,28.044872283935547,28.205127716064453,3880032,29.887821197509766,29.246795654296875,11.800012588500977
30-10-1987,30.128204345703125,31.089744567871094,4341324,31.25,30.368589401245117,12.252620697021484
02-11-1987,29.166667938232422,29.166667938232422,2173860,30.44871711730957,30.208332061767578,12.187959671020508
03-11-1987,28.205127716064453,29.647436141967773,3284112,29.647436141967773,29.166667938232422,11.767684936523438
04-11-1987,28.205127716064453,28.5256404876709,3605316,29.166667938232422,28.205127716064453,11.37973403930664
05-11-1987,28.044872283935547,28.125,3943992,30.368589401245117,30.048076629638672,12.123298645019531
06-11-1987,29.487178802490234,30.128204345703125,3605004,30.60897445678711,29.56730842590332,11.929327964782715
09-11-1987,28.285255432128906,28.76602554321289,3507660,29.086538314819336,28.365385055541992,11.444393157958984
10-11-1987,27.564102172851562,27.64423179626465,3897816,28.5256404876709,27.804487228393555,11.218096733093262
11-11-1987,27.884614944458008,28.205127716064453,2194452,28.846153259277344,28.125,11.347411155700684
12-11-1987,28.846153259277344,29.326923370361328,4287816,29.727563858032227,29.647436141967773,11.961658477783203
13-11-1987,29.40705108642578,29.647436141967773,2266212,29.96794891357422,29.487178802490234,11.897002220153809
16-11-1987,29.006410598754883,30.048076629638672,2509884,30.128204345703125,29.086538314819336,11.7353515625
17-11-1987,28.205127716064453,28.60576820373535,2937480,28.846153259277344,28.846153259277344,11.638362884521484
18-11-1987,28.285255432128906,29.006410598754883,2543580,29.166667938232422,29.166667938232422,11.767684936523438
19-11-1987,28.285255432128906,28.60576820373535,2296632,29.006410598754883,28.445512771606445,11.476723670959473
20-11-1987,28.044872283935547,28.125,3361020,29.166667938232422,29.006410598754883,11.70302677154541
23-11-1987,28.76602554321289,28.846153259277344,1809444,29.086538314819336,29.006410598754883,11.70302677154541
24-11-1987,28.044872283935547,29.40705108642578,2371044,29.647436141967773,29.246795654296875,11.800012588500977
25-11-1987,29.006410598754883,29.166667938232422,1676844,29.56730842590332,29.006410598754883,11.70302677154541
27-11-1987,27.964744567871094,28.60576820373535,1629888,28.846153259277344,28.125,11.347411155700684
30-11-1987,26.362178802490234,27.243589401245117,4991064,27.403846740722656,27.163461685180664,10.95945930480957
01-12-1987,26.923076629638672,26.923076629638672,2349204,27.7243595123291,26.923076629638672,10.952947616577148
02-12-1987,26.522436141967773,26.762821197509766,2656836,27.083332061767578,26.68269157409668,10.855158805847168
03-12-1987,25.560897827148438,26.68269157409668,3756792,26.762821197509766,25.560897827148438,10.398775100708008
04-12-1987,25.0,25.48076820373535,4619316,25.961538314819336,25.64102554321289,10.431377410888672
07-12-1987,25.80128288269043,25.881410598754883,2468856,26.602563858032227,26.602563858032227,10.822550773620605
08-12-1987,26.362178802490234,26.44230842590332,2853240,27.163461685180664,27.083332061767578,11.018141746520996
09-12-1987,26.84294891357422,26.84294891357422,4199832,28.205127716064453,28.125,11.441920280456543
10-12-1987,27.083332061767578,27.083332061767578,3936036,28.445512771606445,27.403846740722656,11.148537635803223
11-12-1987,27.32371711730957,27.48397445678711,2192580,27.964744567871094,27.964744567871094,11.376724243164062
14-12-1987,27.964744567871094,27.964744567871094,3006588,29.006410598754883,29.006410598754883,11.800498008728027
15-12-1987,28.846153259277344,29.006410598754883,3685656,29.487178802490234,29.166667938232422,11.865691184997559
16-12-1987,29.086538314819336,29.246795654296875,3079440,29.887821197509766,29.887821197509766,12.159073829650879
17-12-1987,28.846153259277344,29.80769157409668,2817048,29.887821197509766,28.846153259277344,11.735297203063965
18-12-1987,29.006410598754883,29.246795654296875,4777188,29.647436141967773,29.40705108642578,11.96349048614502
21-12-1987,29.487178802490234,29.647436141967773,4627428,30.048076629638672,29.487178802490234,11.996085166931152
22-12-1987,29.246795654296875,29.40705108642578,3726528,30.368589401245117,30.288461685180664,12.322059631347656
23-12-1987,29.56730842590332,30.208332061767578,2380560,30.368589401245117,29.96794891357422,12.19167423248291
24-12-1987,29.40705108642578,29.56730842590332,992472,29.727563858032227,29.487178802490234,11.996085166931152
28-12-1987,28.5256404876709,28.846153259277344,2085096,29.006410598754883,28.76602554321289,11.702696800231934
29-12-1987,28.365385055541992,28.685897827148438,1731600,28.76602554321289,28.365385055541992,11.539705276489258
30-12-1987,28.60576820373535,28.60576820373535,1993680,29.086538314819336,28.92628288269043,11.767891883850098
31-12-1987,28.125,28.205127716064453,2152488,28.76602554321289,28.285255432128906,11.507113456726074
04-01-1988,28.60576820373535,28.60576820373535,2837952,30.048076629638672,29.80769157409668,12.126476287841797
05-01-1988,29.887821197509766,30.44871711730957,2430636,30.689102172851562,29.96794891357422,12.19167423248291
06-01-1988,29.727563858032227,30.048076629638672,2100540,30.44871711730957,30.128204345703125,12.256863594055176
07-01-1988,29.56730842590332,29.647436141967773,2290704,30.44871711730957,30.288461685180664,12.322059631347656
08-01-1988,27.564102172851562,30.048076629638672,3055884,30.208332061767578,27.804487228393555,11.31152057647705
11-01-1988,27.564102172851562,28.125,3646968,28.76602554321289,28.365385055541992,11.539705276489258
12-01-1988,27.403846740722656,28.285255432128906,3309228,28.365385055541992,28.205127716064453,11.474510192871094
13-01-1988,27.7243595123291,27.964744567871094,2842008,29.166667938232422,28.365385055541992,11.539705276489258
14-01-1988,28.285255432128906,28.285255432128906,1856868,28.76602554321289,28.5256404876709,11.604907035827637
15-01-1988,29.487178802490234,29.56730842590332,4195152,29.887821197509766,29.647436141967773,12.061281204223633
18-01-1988,29.166667938232422,29.80769157409668,1328028,29.96794891357422,29.647436141967773,12.061281204223633
19-01-1988,29.166667938232422,29.246795654296875,2011308,29.80769157409668,29.166667938232422,11.865691184997559
20-01-1988,27.7243595123291,28.846153259277344,2592408,29.006410598754883,27.884614944458008,11.344118118286133
21-01-1988,27.083332061767578,28.044872283935547,2705352,28.125,27.7243595123291,11.278928756713867
22-01-1988,27.964744567871094,28.044872283935547,1851408,28.365385055541992,28.365385055541992,11.539705276489258
25-01-1988,28.205127716064453,28.365385055541992,2043600,28.76602554321289,28.365385055541992,11.539705276489258
26-01-1988,27.7243595123291,28.205127716064453,1377168,28.445512771606445,27.804487228393555,11.31152057647705
27-01-1988,27.243589401245117,27.964744567871094,2168400,28.205127716064453,27.32371711730957,11.115936279296875
28-01-1988,27.564102172851562,27.564102172851562,1872000,28.285255432128906,28.285255432128906,11.507113456726074
29-01-1988,27.964744567871094,28.205127716064453,2526420,29.006410598754883,28.92628288269043,11.767891883850098
01-02-1988,28.125,29.086538314819336,1840800,29.166667938232422,28.205127716064453,11.474510192871094
02-02-1988,27.884614944458008,27.964744567871094,2114892,28.445512771606445,28.285255432128906,11.507113456726074
03-02-1988,27.32371711730957,28.285255432128906,2418936,28.60576820373535,27.564102172851562,11.213726043701172
04-02-1988,27.243589401245117,27.564102172851562,2287272,27.964744567871094,27.884614944458008,11.344118118286133
05-02-1988,27.083332061767578,27.804487228393555,1560000,28.125,27.243589401245117,11.083337783813477
08-02-1988,26.84294891357422,27.003204345703125,1822860,27.403846740722656,27.083332061767578,11.018141746520996
09-02-1988,26.602563858032227,27.003204345703125,2158104,27.32371711730957,27.32371711730957,11.115936279296875
10-02-1988,26.762821197509766,27.243589401245117,2603952,27.7243595123291,27.7243595123291,11.278928756713867
11-02-1988,27.32371711730957,27.48397445678711,2761824,28.365385055541992,27.64423179626465,11.24632453918457
12-02-1988,27.403846740722656,27.564102172851562,2372760,28.044872283935547,27.7243595123291,11.278928756713867
16-02-1988,27.163461685180664,27.32371711730957,2824536,28.125,28.125,11.441920280456543
17-02-1988,27.7243595123291,28.125,3012516,28.685897827148438,28.125,11.441920280456543
18-02-1988,27.403846740722656,27.884614944458008,2304588,28.044872283935547,27.7243595123291,11.278928756713867
19-02-1988,27.163461685180664,27.564102172851562,3199092,27.804487228393555,27.7243595123291,11.278928756713867
22-02-1988,27.7243595123291,27.7243595123291,3327636,29.326923370361328,28.846153259277344,11.735297203063965
23-02-1988,28.285255432128906,28.685897827148438,2622360,28.846153259277344,28.445512771606445,11.572308540344238
24-02-1988,27.964744567871094,28.285255432128906,2074800,28.685897827148438,28.125,11.441920280456543
25-02-1988,27.564102172851562,27.964744567871094,3147144,28.92628288269043,27.564102172851562,11.213726043701172
26-02-1988,27.564102172851562,27.7243595123291,1558752,27.964744567871094,27.964744567871094,11.376724243164062
29-02-1988,28.205127716064453,28.285255432128906,3658824,29.166667938232422,29.166667938232422,11.865691184997559
01-03-1988,28.5256404876709,29.086538314819336,2937792,29.246795654296875,28.846153259277344,11.735297203063965
02-03-1988,28.60576820373535,28.60576820373535,2539836,29.086538314819336,28.92628288269043,11.860139846801758
03-03-1988,28.445512771606445,29.006410598754883,2121600,29.086538314819336,28.685897827148438,11.761582374572754
04-03-1988,27.884614944458008,28.445512771606445,2441088,28.846153259277344,28.285255432128906,11.597312927246094
07-03-1988,27.804487228393555,27.804487228393555,1278888,28.125,27.804487228393555,11.400192260742188
08-03-1988,28.044872283935547,28.205127716064453,2282436,28.76602554321289,28.76602554321289,11.79443359375
09-03-1988,28.205127716064453,28.685897827148438,1575600,28.76602554321289,28.365385055541992,11.63016128540039
10-03-1988,27.564102172851562,28.205127716064453,1747200,28.445512771606445,27.564102172851562,11.301630973815918
11-03-1988,27.083332061767578,27.804487228393555,3121404,28.044872283935547,27.964744567871094,11.465896606445312
14-03-1988,27.64423179626465,27.884614944458008,1367340,28.044872283935547,27.964744567871094,11.465896606445312
15-03-1988,27.7243595123291,27.964744567871094,1936584,28.125,27.964744567871094,11.465896606445312
16-03-1988,27.564102172851562,27.964744567871094,1863576,28.445512771606445,28.445512771606445,11.663025856018066
17-03-1988,28.125,28.445512771606445,2385240,28.60576820373535,28.60576820373535,11.728729248046875
18-03-1988,28.125,28.685897827148438,4419324,28.685897827148438,28.205127716064453,11.564459800720215
21-03-1988,27.64423179626465,27.804487228393555,1888848,28.125,27.884614944458008,11.433037757873535
22-03-1988,27.403846740722656,27.64423179626465,1689168,27.7243595123291,27.7243595123291,11.367340087890625
23-03-1988,27.243589401245117,27.7243595123291,2217696,27.804487228393555,27.32371711730957,11.203073501586914
24-03-1988,26.28205108642578,26.84294891357422,4592016,26.923076629638672,26.84294891357422,11.005943298339844
25-03-1988,25.721153259277344,26.602563858032227,2957448,26.923076629638672,25.961538314819336,10.644559860229492
28-03-1988,25.721153259277344,25.721153259277344,2715804,26.28205108642578,26.28205108642578,10.775968551635742
29-03-1988,26.201923370361328,26.522436141967773,2664168,26.602563858032227,26.362178802490234,10.808823585510254
30-03-1988,25.721153259277344,26.28205108642578,3553056,26.44230842590332,25.80128288269043,10.57884693145752
31-03-1988,25.64102554321289,25.721153259277344,2257164,26.041667938232422,25.881410598754883,10.611701965332031
04-04-1988,25.64102554321289,25.881410598754883,1731600,26.201923370361328,25.721153259277344,10.54599666595459
05-04-1988,25.560897827148438,25.881410598754883,1996800,26.041667938232422,26.041667938232422,10.677411079406738
06-04-1988,25.721153259277344,26.121795654296875,3368196,26.84294891357422,26.762821197509766,10.9730863571167
07-04-1988,26.362178802490234,26.68269157409668,2912208,27.083332061767578,26.44230842590332,10.841684341430664
08-04-1988,26.602563858032227,26.602563858032227,2652000,27.48397445678711,27.243589401245117,11.17021656036377
11-04-1988,26.923076629638672,27.48397445678711,2276040,27.48397445678711,27.083332061767578,11.104504585266113
12-04-1988,26.923076629638672,27.083332061767578,2391636,27.48397445678711,27.243589401245117,11.17021656036377
13-04-1988,27.003204345703125,27.32371711730957,2532348,27.48397445678711,27.48397445678711,11.268771171569824
14-04-1988,25.881410598754883,26.923076629638672,3712332,26.923076629638672,26.041667938232422,10.677411079406738
15-04-1988,25.320512771606445,25.721153259277344,5490264,25.80128288269043,25.64102554321289,10.513140678405762
18-04-1988,25.320512771606445,25.64102554321289,2597088,25.721153259277344,25.320512771606445,10.381736755371094
19-04-1988,25.320512771606445,25.64102554321289,2631564,25.881410598754883,25.320512771606445,10.381736755371094
20-04-1988,25.0,25.240385055541992,3294720,25.48076820373535,25.160255432128906,10.316021919250488
21-04-1988,25.080127716064453,25.240385055541992,3615924,25.881410598754883,25.4006404876709,10.414581298828125
22-04-1988,25.4006404876709,25.560897827148438,2563392,25.881410598754883,25.721153259277344,10.54599666595459
25-04-1988,25.80128288269043,25.881410598754883,1633788,26.44230842590332,26.28205108642578,10.775968551635742
26-04-1988,25.80128288269043,26.28205108642578,2277444,26.522436141967773,26.121795654296875,10.710268020629883
27-04-1988,26.041667938232422,26.201923370361328,2232516,26.28205108642578,26.121795654296875,10.710268020629883
28-04-1988,25.721153259277344,25.80128288269043,1524276,26.041667938232422,25.80128288269043,10.57884693145752
29-04-1988,25.48076820373535,25.80128288269043,2185872,26.041667938232422,25.881410598754883,10.611701965332031
02-05-1988,25.80128288269043,25.80128288269043,1720836,26.28205108642578,26.28205108642578,10.775968551635742
03-05-1988,26.041667938232422,26.28205108642578,1555476,26.44230842590332,26.201923370361328,10.743123054504395
04-05-1988,25.560897827148438,26.201923370361328,1996332,26.28205108642578,25.560897827148438,10.480290412902832
05-05-1988,25.560897827148438,25.560897827148438,2302716,25.961538314819336,25.64102554321289,10.513140678405762
06-05-1988,25.240385055541992,25.560897827148438,1884480,25.721153259277344,25.320512771606445,10.381736755371094
09-05-1988,25.320512771606445,25.320512771606445,1723020,25.64102554321289,25.560897827148438,10.480290412902832
10-05-1988,25.160255432128906,25.48076820373535,2637492,25.721153259277344,25.320512771606445,10.381736755371094
11-05-1988,24.5993595123291,25.080127716064453,3450720,25.160255432128906,24.839744567871094,10.18460464477539
12-05-1988,24.839744567871094,25.0,2234856,25.160255432128906,25.0,10.250316619873047
13-05-1988,25.080127716064453,25.080127716064453,2018172,25.4006404876709,25.240385055541992,10.348876953125
16-05-1988,25.4006404876709,25.4006404876709,2446392,25.961538314819336,25.961538314819336,10.644559860229492
17-05-1988,25.240385055541992,25.961538314819336,2812992,26.201923370361328,25.560897827148438,10.480290412902832
18-05-1988,25.080127716064453,25.64102554321289,1920516,25.80128288269043,25.240385055541992,10.348876953125
19-05-1988,24.919872283935547,25.080127716064453,3004872,25.961538314819336,25.881410598754883,10.611701965332031
20-05-1988,25.64102554321289,25.961538314819336,1656876,26.041667938232422,25.80128288269043,10.57884693145752
23-05-1988,25.4006404876709,25.721153259277344,1151592,25.80128288269043,25.4006404876709,10.414581298828125
24-05-1988,25.320512771606445,25.48076820373535,1459692,25.721153259277344,25.721153259277344,10.54599666595459
25-05-1988,25.560897827148438,25.881410598754883,1353456,25.881410598754883,25.560897827148438,10.480290412902832
26-05-1988,25.48076820373535,25.48076820373535,967668,25.721153259277344,25.64102554321289,10.513140678405762
27-05-1988,25.560897827148438,25.560897827148438,878280,25.721153259277344,25.64102554321289,10.513140678405762
31-05-1988,25.721153259277344,25.80128288269043,2657460,27.083332061767578,26.923076629638672,11.038799285888672
01-06-1988,26.762821197509766,26.923076629638672,3961620,27.48397445678711,27.243589401245117,11.17021656036377
02-06-1988,27.003204345703125,27.003204345703125,3492840,27.64423179626465,27.083332061767578,11.104504585266113
03-06-1988,26.923076629638672,27.243589401245117,1934400,27.403846740722656,27.32371711730957,11.203073501586914
06-06-1988,27.003204345703125,27.403846740722656,1555164,27.403846740722656,27.403846740722656,11.235925674438477
07-06-1988,26.84294891357422,27.163461685180664,2293668,27.32371711730957,27.083332061767578,11.196175575256348
08-06-1988,27.083332061767578,27.243589401245117,3708744,28.044872283935547,27.964744567871094,11.560550689697266
09-06-1988,27.564102172851562,27.884614944458008,2698800,28.125,27.64423179626465,11.428043365478516
10-06-1988,27.32371711730957,27.7243595123291,2022384,27.964744567871094,27.564102172851562,11.394923210144043
13-06-1988,27.564102172851562,27.7243595123291,1156896,27.804487228393555,27.804487228393555,11.49429702758789
14-06-1988,27.964744567871094,28.205127716064453,3942744,28.5256404876709,28.044872283935547,11.593671798706055
15-06-1988,27.64423179626465,28.044872283935547,1473888,28.044872283935547,27.884614944458008,11.527426719665527
16-06-1988,27.163461685180664,27.64423179626465,2754492,27.884614944458008,27.7243595123291,11.461165428161621
17-06-1988,27.243589401245117,27.804487228393555,3945240,27.804487228393555,27.7243595123291,11.461165428161621
20-06-1988,27.32371711730957,27.564102172851562,1371396,27.7243595123291,27.64423179626465,11.428043365478516
21-06-1988,27.083332061767578,27.7243595123291,2145156,27.884614944458008,27.884614944458008,11.527426719665527
22-06-1988,28.044872283935547,28.205127716064453,3042468,28.365385055541992,28.044872283935547,11.593671798706055
23-06-1988,27.7243595123291,28.044872283935547,1458132,28.125,27.964744567871094,11.560550689697266
24-06-1988,27.964744567871094,28.125,1261104,28.285255432128906,28.044872283935547,11.593671798706055
27-06-1988,27.243589401245117,27.964744567871094,1597752,28.044872283935547,27.32371711730957,11.295546531677246
28-06-1988,27.32371711730957,27.403846740722656,1473888,27.964744567871094,27.804487228393555,11.49429702758789
29-06-1988,26.84294891357422,27.804487228393555,1443156,27.884614944458008,27.564102172851562,11.394923210144043
30-06-1988,27.64423179626465,27.804487228393555,1579344,28.125,28.125,11.626800537109375
01-07-1988,27.7243595123291,28.285255432128906,1337076,28.365385055541992,28.125,11.626800537109375
05-07-1988,27.884614944458008,27.964744567871094,2159508,28.5256404876709,28.5256404876709,11.7924165725708
06-07-1988,27.083332061767578,28.60576820373535,2686944,28.685897827148438,27.7243595123291,11.461165428161621
07-07-1988,27.403846740722656,27.64423179626465,2025348,28.285255432128906,28.285255432128906,11.693046569824219
08-07-1988,27.64423179626465,28.205127716064453,2393664,28.5256404876709,27.7243595123291,11.461165428161621
11-07-1988,27.804487228393555,27.884614944458008,1256268,28.205127716064453,28.044872283935547,11.593671798706055
12-07-1988,27.163461685180664,28.044872283935547,2327676,28.044872283935547,27.32371711730957,11.295546531677246
13-07-1988,27.003204345703125,27.32371711730957,2661360,27.7243595123291,27.7243595123291,11.461165428161621
14-07-1988,27.403846740722656,27.564102172851562,1248156,27.964744567871094,27.7243595123291,11.461165428161621
15-07-1988,27.64423179626465,27.884614944458008,2108496,28.125,28.044872283935547,11.593671798706055
18-07-1988,27.48397445678711,27.964744567871094,1457352,27.964744567871094,27.564102172851562,11.394923210144043
19-07-1988,27.083332061767578,27.64423179626465,1684020,27.804487228393555,27.243589401245117,11.262421607971191
20-07-1988,27.32371711730957,27.564102172851562,1213836,27.564102172851562,27.564102172851562,11.394923210144043
21-07-1988,26.923076629638672,27.403846740722656,1591200,27.48397445678711,26.923076629638672,11.129922866821289
22-07-1988,26.121795654296875,26.923076629638672,2560896,27.083332061767578,26.44230842590332,10.931173324584961
25-07-1988,26.28205108642578,26.44230842590332,1466088,26.923076629638672,26.762821197509766,11.063669204711914
26-07-1988,26.602563858032227,26.68269157409668,1754220,26.762821197509766,26.602563858032227,10.997425079345703
27-07-1988,25.961538314819336,26.68269157409668,1776840,26.762821197509766,26.041667938232422,10.76555061340332
28-07-1988,26.041667938232422,26.121795654296875,2031744,27.083332061767578,26.84294891357422,11.096796989440918
29-07-1988,26.68269157409668,26.923076629638672,2397252,27.48397445678711,27.403846740722656,11.328672409057617
01-08-1988,27.163461685180664,27.243589401245117,1111500,27.48397445678711,27.32371711730957,11.295546531677246
02-08-1988,26.923076629638672,27.403846740722656,1682460,27.64423179626465,27.163461685180664,11.229294776916504
03-08-1988,26.923076629638672,27.083332061767578,1517568,27.243589401245117,27.083332061767578,11.196175575256348
04-08-1988,26.923076629638672,27.32371711730957,1202292,27.32371711730957,26.923076629638672,11.129922866821289
05-08-1988,26.602563858032227,26.68269157409668,1061736,26.84294891357422,26.762821197509766,11.063669204711914
08-08-1988,26.602563858032227,26.68269157409668,1163604,27.163461685180664,26.602563858032227,10.997425079345703
09-08-1988,26.041667938232422,26.84294891357422,3184116,26.84294891357422,26.201923370361328,10.831803321838379
10-08-1988,25.560897827148438,25.961538314819336,3671772,26.121795654296875,25.721153259277344,10.633056640625
11-08-1988,25.560897827148438,25.80128288269043,3412500,25.961538314819336,25.64102554321289,10.59992790222168
12-08-1988,25.560897827148438,25.64102554321289,1886508,26.041667938232422,25.80128288269043,10.666173934936523
15-08-1988,25.320512771606445,25.80128288269043,2288520,25.80128288269043,25.320512771606445,10.467429161071777
16-08-1988,25.160255432128906,25.160255432128906,3065088,25.961538314819336,25.48076820373535,10.533677101135254
17-08-1988,25.48076820373535,25.560897827148438,1580436,25.881410598754883,25.80128288269043,10.666173934936523
18-08-1988,25.64102554321289,25.721153259277344,1254864,25.961538314819336,25.64102554321289,10.59992790222168
19-08-1988,25.320512771606445,25.80128288269043,1952340,25.80128288269043,25.48076820373535,10.533677101135254
22-08-1988,25.080127716064453,25.48076820373535,1689792,25.560897827148438,25.080127716064453,10.368051528930664
23-08-1988,25.0,25.240385055541992,1964196,25.320512771606445,25.080127716064453,10.368051528930664
24-08-1988,25.080127716064453,25.160255432128906,1660932,25.64102554321289,25.64102554321289,10.59992790222168
25-08-1988,25.240385055541992,25.4006404876709,1778400,25.80128288269043,25.721153259277344,10.633056640625
26-08-1988,25.320512771606445,25.560897827148438,1150812,25.64102554321289,25.48076820373535,10.533677101135254
29-08-1988,25.48076820373535,25.48076820373535,1090908,25.80128288269043,25.80128288269043,10.666173934936523
30-08-1988,25.560897827148438,25.721153259277344,896532,25.961538314819336,25.961538314819336,10.732427597045898
31-08-1988,25.80128288269043,25.961538314819336,1460004,26.041667938232422,25.881410598754883,10.699300765991211
01-09-1988,25.240385055541992,25.721153259277344,1718652,25.80128288269043,25.560897827148438,10.566810607910156
02-09-1988,25.80128288269043,25.881410598754883,2583360,26.362178802490234,26.201923370361328,10.831803321838379
06-09-1988,26.201923370361328,26.201923370361328,1784172,26.522436141967773,26.44230842590332,10.931173324584961
07-09-1988,26.362178802490234,26.68269157409668,1879956,26.762821197509766,26.602563858032227,10.997425079345703
08-09-1988,26.362178802490234,26.44230842590332,1554696,26.762821197509766,26.522436141967773,10.964301109313965
09-09-1988,26.28205108642578,26.522436141967773,2121756,27.083332061767578,26.923076629638672,11.129922866821289
12-09-1988,27.083332061767578,27.083332061767578,2276040,27.48397445678711,27.243589401245117,11.262421607971191
13-09-1988,26.84294891357422,27.003204345703125,2204748,27.243589401245117,27.163461685180664,11.229294776916504
14-09-1988,27.003204345703125,27.32371711730957,1919424,27.403846740722656,27.163461685180664,11.229294776916504
15-09-1988,27.083332061767578,27.243589401245117,2629224,27.48397445678711,27.083332061767578,11.196175575256348
16-09-1988,27.083332061767578,27.083332061767578,4898244,27.884614944458008,27.7243595123291,11.461165428161621
19-09-1988,27.403846740722656,27.564102172851562,2316444,27.7243595123291,27.64423179626465,11.428043365478516
20-09-1988,27.48397445678711,27.564102172851562,2679924,27.7243595123291,27.64423179626465,11.428043365478516
21-09-1988,27.403846740722656,27.403846740722656,1635816,27.64423179626465,27.564102172851562,11.48816204071045
22-09-1988,27.403846740722656,27.64423179626465,1669980,27.7243595123291,27.48397445678711,11.454761505126953
23-09-1988,27.403846740722656,27.48397445678711,1427712,27.7243595123291,27.64423179626465,11.521547317504883
26-09-1988,27.32371711730957,27.564102172851562,1097460,27.64423179626465,27.32371711730957,11.387972831726074
27-09-1988,27.403846740722656,27.48397445678711,1383720,27.64423179626465,27.48397445678711,11.454761505126953
28-09-1988,27.48397445678711,27.564102172851562,1314768,27.804487228393555,27.7243595123291,11.554947853088379
29-09-1988,27.64423179626465,27.804487228393555,1896960,28.044872283935547,28.044872283935547,11.68853759765625
30-09-1988,27.7243595123291,28.044872283935547,2054832,28.205127716064453,27.804487228393555,11.588345527648926
03-10-1988,27.48397445678711,27.804487228393555,1444404,27.884614944458008,27.7243595123291,11.554947853088379
04-10-1988,27.32371711730957,27.64423179626465,1239888,27.804487228393555,27.48397445678711,11.454761505126953
05-10-1988,27.32371711730957,27.48397445678711,1591200,27.64423179626465,27.564102172851562,11.48816204071045
06-10-1988,27.32371711730957,27.403846740722656,1228968,27.48397445678711,27.48397445678711,11.454761505126953
07-10-1988,27.48397445678711,27.64423179626465,3278028,28.205127716064453,28.205127716064453,11.75532341003418
10-10-1988,27.7243595123291,28.044872283935547,1722396,28.365385055541992,28.285255432128906,11.788724899291992
11-10-1988,27.964744567871094,28.125,1557192,28.205127716064453,28.125,11.721931457519531
12-10-1988,27.48397445678711,27.804487228393555,1853592,27.884614944458008,27.564102172851562,11.48816204071045
13-10-1988,27.48397445678711,27.48397445678711,1338012,27.964744567871094,27.7243595123291,11.554947853088379
14-10-1988,27.564102172851562,27.884614944458008,1769352,28.044872283935547,27.884614944458008,11.621747016906738
17-10-1988,27.804487228393555,27.884614944458008,1602900,28.205127716064453,28.125,11.721931457519531
18-10-1988,28.044872283935547,28.205127716064453,2541708,28.76602554321289,28.60576820373535,11.922306060791016
19-10-1988,27.7243595123291,28.685897827148438,3184584,28.846153259277344,28.285255432128906,11.788724899291992
20-10-1988,28.044872283935547,28.125,2181816,28.846153259277344,28.846153259277344,12.022493362426758
21-10-1988,28.365385055541992,28.60576820373535,3393624,28.846153259277344,28.76602554321289,11.989097595214844
24-10-1988,28.5256404876709,28.76602554321289,1784016,29.006410598754883,28.5256404876709,11.888908386230469
25-10-1988,28.365385055541992,28.60576820373535,1672788,28.76602554321289,28.60576820373535,11.922306060791016
26-10-1988,28.365385055541992,28.685897827148438,1405872,28.685897827148438,28.60576820373535,11.922306060791016
27-10-1988,27.884614944458008,28.365385055541992,2014896,28.445512771606445,27.884614944458008,11.621747016906738
28-10-1988,27.884614944458008,28.044872283935547,1446432,28.205127716064453,27.884614944458008,11.621747016906738
31-10-1988,27.7243595123291,27.884614944458008,1329120,28.125,27.964744567871094,11.655145645141602
01-11-1988,27.884614944458008,27.964744567871094,1734096,28.285255432128906,28.044872283935547,11.68853759765625
02-11-1988,28.205127716064453,28.285255432128906,3239028,28.685897827148438,28.60576820373535,11.922306060791016
03-11-1988,28.285255432128906,28.685897827148438,2103816,28.76602554321289,28.365385055541992,11.822113990783691
04-11-1988,27.804487228393555,28.044872283935547,1608204,28.445512771606445,27.804487228393555,11.588345527648926
07-11-1988,27.64423179626465,27.7243595123291,1422408,27.964744567871094,27.964744567871094,11.655145645141602
08-11-1988,28.125,28.125,2769468,28.92628288269043,28.685897827148438,11.955697059631348
09-11-1988,28.285255432128906,28.5256404876709,2395848,28.685897827148438,28.60576820373535,11.922306060791016
10-11-1988,28.445512771606445,28.445512771606445,2917824,29.326923370361328,29.326923370361328,12.222869873046875
11-11-1988,28.5256404876709,29.006410598754883,2622360,29.086538314819336,28.5256404876709,11.888908386230469
14-11-1988,28.285255432128906,28.685897827148438,2702232,28.846153259277344,28.365385055541992,11.822113990783691
15-11-1988,28.205127716064453,28.445512771606445,2179476,28.5256404876709,28.205127716064453,11.75532341003418
16-11-1988,27.003204345703125,28.285255432128906,3376464,28.365385055541992,27.243589401245117,11.354576110839844
17-11-1988,27.32371711730957,27.564102172851562,2143596,27.804487228393555,27.804487228393555,11.588345527648926
18-11-1988,27.7243595123291,27.884614944458008,2095548,28.205127716064453,28.125,11.721931457519531
21-11-1988,27.564102172851562,27.964744567871094,1593696,28.044872283935547,28.044872283935547,11.68853759765625
22-11-1988,27.804487228393555,27.884614944458008,1723644,28.205127716064453,28.205127716064453,11.75532341003418
23-11-1988,28.044872283935547,28.205127716064453,1607424,28.685897827148438,28.445512771606445,11.855512619018555
25-11-1988,27.964744567871094,28.125,1121484,28.205127716064453,28.044872283935547,11.68853759765625
28-11-1988,27.884614944458008,28.044872283935547,1546896,28.445512771606445,28.285255432128906,11.788724899291992
29-11-1988,28.125,28.205127716064453,2177292,28.76602554321289,28.685897827148438,11.955697059631348
30-11-1988,28.205127716064453,28.60576820373535,2349204,29.086538314819336,28.846153259277344,12.022493362426758
01-12-1988,28.5256404876709,28.846153259277344,2053428,28.846153259277344,28.5256404876709,11.888908386230469
02-12-1988,27.884614944458008,27.964744567871094,2090088,28.365385055541992,28.125,11.814858436584473
05-12-1988,28.285255432128906,28.285255432128906,2304900,28.92628288269043,28.685897827148438,12.05047607421875
06-12-1988,28.685897827148438,28.846153259277344,2348736,29.246795654296875,29.246795654296875,12.286107063293457
07-12-1988,29.086538314819336,29.246795654296875,2485704,29.326923370361328,29.326923370361328,12.319767951965332
08-12-1988,29.006410598754883,29.166667938232422,3499704,29.727563858032227,29.647436141967773,12.454411506652832
09-12-1988,29.166667938232422,29.56730842590332,2360436,29.647436141967773,29.40705108642578,12.353431701660156
12-12-1988,29.246795654296875,29.487178802490234,2269332,29.727563858032227,29.487178802490234,12.387084007263184
13-12-1988,28.92628288269043,29.246795654296875,2370108,29.40705108642578,29.40705108642578,12.353431701660156
14-12-1988,28.76602554321289,29.166667938232422,2107404,29.326923370361328,28.846153259277344,12.117798805236816
15-12-1988,28.5256404876709,28.846153259277344,1966380,29.006410598754883,28.685897827148438,12.05047607421875
16-12-1988,28.60576820373535,28.76602554321289,3403452,28.846153259277344,28.846153259277344,12.117798805236816
19-12-1988,28.76602554321289,28.76602554321289,3189732,29.487178802490234,29.487178802490234,12.387084007263184
20-12-1988,29.326923370361328,29.56730842590332,2950428,29.887821197509766,29.326923370361328,12.319767951965332
21-12-1988,28.846153259277344,29.40705108642578,2315976,29.56730842590332,29.086538314819336,12.218779563903809
22-12-1988,28.92628288269043,29.246795654296875,1903668,29.326923370361328,28.92628288269043,12.15146255493164
23-12-1988,28.92628288269043,29.006410598754883,627120,29.246795654296875,29.006410598754883,12.185121536254883
27-12-1988,28.685897827148438,28.92628288269043,826800,29.006410598754883,28.685897827148438,12.05047607421875
28-12-1988,28.5256404876709,28.846153259277344,837876,28.846153259277344,28.685897827148438,12.05047607421875
29-12-1988,28.685897827148438,28.685897827148438,1023360,28.92628288269043,28.92628288269043,12.15146255493164
30-12-1988,28.365385055541992,28.846153259277344,890292,28.92628288269043,28.685897827148438,12.05047607421875
03-01-1989,27.884614944458008,28.60576820373535,2734212,28.60576820373535,28.205127716064453,11.848514556884766
04-01-1989,28.285255432128906,28.445512771606445,1685892,28.685897827148438,28.685897827148438,12.05047607421875
05-01-1989,28.60576820373535,28.685897827148438,2591628,29.006410598754883,28.60576820373535,12.01681900024414
06-01-1989,28.60576820373535,28.846153259277344,2581800,29.006410598754883,28.60576820373535,12.01681900024414
09-01-1989,28.285255432128906,28.365385055541992,2684760,28.60576820373535,28.60576820373535,12.01681900024414
10-01-1989,28.285255432128906,28.60576820373535,1942668,28.60576820373535,28.445512771606445,11.94950008392334
11-01-1989,28.205127716064453,28.365385055541992,1433172,28.5256404876709,28.445512771606445,11.94950008392334
12-01-1989,28.365385055541992,28.365385055541992,3310164,29.086538314819336,28.846153259277344,12.117798805236816
13-01-1989,28.685897827148438,28.846153259277344,1279512,28.92628288269043,28.846153259277344,12.117798805236816
16-01-1989,28.76602554321289,28.76602554321289,1111032,28.92628288269043,28.76602554321289,12.084142684936523
17-01-1989,28.685897827148438,28.76602554321289,1616784,29.086538314819336,29.006410598754883,12.185121536254883
18-01-1989,28.92628288269043,29.086538314819336,3245736,29.40705108642578,29.40705108642578,12.353431701660156
19-01-1989,29.246795654296875,29.487178802490234,3194568,29.56730842590332,29.326923370361328,12.319767951965332
20-01-1989,29.006410598754883,29.326923370361328,1722396,29.326923370361328,29.166667938232422,12.252446174621582
23-01-1989,28.92628288269043,29.166667938232422,1710072,29.40705108642578,29.006410598754883,12.185121536254883
24-01-1989,28.92628288269043,29.006410598754883,2108808,29.40705108642578,29.40705108642578,12.353431701660156
25-01-1989,29.246795654296875,29.487178802490234,2119884,29.56730842590332,29.40705108642578,12.353431701660156
26-01-1989,29.326923370361328,29.40705108642578,3630120,30.208332061767578,30.048076629638672,12.62270450592041
27-01-1989,30.368589401245117,30.368589401245117,6326892,30.8493595123291,30.368589401245117,12.757349967956543
30-01-1989,30.288461685180664,30.44871711730957,3445884,30.8493595123291,30.76923179626465,12.925662994384766
31-01-1989,30.528846740722656,30.76923179626465,2816268,31.089744567871094,31.009614944458008,13.026633262634277
01-02-1989,30.8493595123291,31.009614944458008,3242616,31.410255432128906,30.929487228393555,12.992973327636719
02-02-1989,30.60897445678711,31.009614944458008,1739400,31.009614944458008,30.8493595123291,12.959309577941895
03-02-1989,30.60897445678711,30.76923179626465,1582464,31.009614944458008,30.689102172851562,12.891996383666992
06-02-1989,30.368589401245117,30.689102172851562,1764984,30.76923179626465,30.76923179626465,12.925662994384766
07-02-1989,30.689102172851562,30.689102172851562,2956356,31.25,31.009614944458008,13.026633262634277
08-02-1989,30.368589401245117,30.689102172851562,2080104,31.169872283935547,30.44871711730957,12.791011810302734
09-02-1989,30.048076629638672,30.288461685180664,1991808,30.60897445678711,30.128204345703125,12.656367301940918
10-02-1989,29.647436141967773,29.887821197509766,2121912,30.128204345703125,29.647436141967773,12.454411506652832
13-02-1989,29.487178802490234,29.487178802490234,1962792,29.887821197509766,29.56730842590332,12.420742988586426
14-02-1989,29.166667938232422,29.80769157409668,1846728,29.80769157409668,29.246795654296875,12.286107063293457
15-02-1989,29.166667938232422,29.166667938232422,1974336,29.727563858032227,29.647436141967773,12.454411506652832
16-02-1989,29.487178802490234,29.727563858032227,1477944,29.80769157409668,29.487178802490234,12.387084007263184
17-02-1989,29.56730842590332,29.56730842590332,2210208,30.368589401245117,30.048076629638672,12.62270450592041
21-02-1989,29.80769157409668,30.128204345703125,1362192,30.208332061767578,30.128204345703125,12.656367301940918
22-02-1989,29.166667938232422,30.128204345703125,2887560,30.208332061767578,29.246795654296875,12.286107063293457
23-02-1989,29.166667938232422,29.246795654296875,1741584,29.647436141967773,29.56730842590332,12.420742988586426
24-02-1989,29.006410598754883,29.56730842590332,2118168,29.647436141967773,29.006410598754883,12.185121536254883
27-02-1989,28.92628288269043,29.006410598754883,1800708,29.647436141967773,29.487178802490234,12.387084007263184
28-02-1989,29.006410598754883,29.56730842590332,1831596,29.647436141967773,29.326923370361328,12.319767951965332
01-03-1989,28.685897827148438,29.246795654296875,2336256,29.40705108642578,28.846153259277344,12.227378845214844
02-03-1989,28.60576820373535,28.76602554321289,2544516,29.006410598754883,28.846153259277344,12.227378845214844
03-03-1989,28.685897827148438,28.846153259277344,1230996,28.92628288269043,28.685897827148438,12.15944766998291
06-03-1989,28.5256404876709,28.92628288269043,2011932,28.92628288269043,28.76602554321289,12.193416595458984
07-03-1989,28.76602554321289,28.76602554321289,2179944,29.166667938232422,28.92628288269043,12.261346817016602
08-03-1989,28.76602554321289,28.92628288269043,2000856,29.326923370361328,29.086538314819336,12.329266548156738
09-03-1989,29.166667938232422,29.166667938232422,2062008,29.40705108642578,29.166667938232422,12.363239288330078
10-03-1989,28.60576820373535,29.086538314819336,2429544,29.086538314819336,28.846153259277344,12.227378845214844
13-03-1989,28.76602554321289,28.76602554321289,2055924,29.326923370361328,29.246795654296875,12.397210121154785
14-03-1989,29.166667938232422,29.326923370361328,1644708,29.487178802490234,29.326923370361328,12.431171417236328
15-03-1989,29.246795654296875,29.40705108642578,2079168,29.56730842590332,29.40705108642578,12.465139389038086
16-03-1989,29.40705108642578,29.487178802490234,2828124,29.887821197509766,29.80769157409668,12.634956359863281
17-03-1989,28.76602554321289,28.846153259277344,4969536,29.086538314819336,28.76602554321289,12.193416595458984
20-03-1989,28.445512771606445,28.76602554321289,2065908,29.246795654296875,28.685897827148438,12.15944766998291
21-03-1989,28.76602554321289,28.846153259277344,1058304,28.92628288269043,28.846153259277344,12.227378845214844
22-03-1989,28.044872283935547,28.846153259277344,1551108,28.92628288269043,28.846153259277344,12.227378845214844
23-03-1989,28.125,28.76602554321289,2824692,28.846153259277344,28.205127716064453,11.95566177368164
27-03-1989,28.044872283935547,28.125,1909596,28.365385055541992,28.205127716064453,11.95566177368164
28-03-1989,28.285255432128906,28.365385055541992,1996488,28.60576820373535,28.365385055541992,12.023584365844727
29-03-1989,28.285255432128906,28.365385055541992,1843452,28.846153259277344,28.76602554321289,12.193416595458984
30-03-1989,28.445512771606445,28.846153259277344,1584336,28.846153259277344,28.5256404876709,12.091517448425293
31-03-1989,28.044872283935547,28.60576820373535,1326312,28.685897827148438,28.5256404876709,12.091517448425293
03-04-1989,28.60576820373535,28.60576820373535,1724892,29.166667938232422,28.92628288269043,12.261346817016602
04-04-1989,28.60576820373535,28.846153259277344,1371396,29.006410598754883,28.846153259277344,12.227378845214844
05-04-1989,28.685897827148438,28.846153259277344,1151280,28.92628288269043,28.846153259277344,12.227378845214844
06-04-1989,28.5256404876709,28.60576820373535,1088568,29.246795654296875,28.685897827148438,12.15944766998291
07-04-1989,28.5256404876709,28.5256404876709,1572792,29.086538314819336,28.92628288269043,12.261346817016602
10-04-1989,28.76602554321289,28.92628288269043,809328,29.086538314819336,28.92628288269043,12.261346817016602
11-04-1989,28.846153259277344,28.846153259277344,1358604,29.086538314819336,29.006410598754883,12.295308113098145
12-04-1989,28.685897827148438,28.92628288269043,1535664,29.166667938232422,28.846153259277344,12.227378845214844
13-04-1989,28.60576820373535,28.76602554321289,1819740,29.006410598754883,29.006410598754883,12.295308113098145
14-04-1989,29.326923370361328,29.487178802490234,4011696,30.128204345703125,30.128204345703125,12.770814895629883
17-04-1989,29.96794891357422,29.96794891357422,2103660,30.44871711730957,30.208332061767578,12.804787635803223
18-04-1989,30.60897445678711,30.60897445678711,3337776,31.009614944458008,31.009614944458008,13.144432067871094
19-04-1989,30.689102172851562,30.689102172851562,2962752,31.169872283935547,30.689102172851562,13.008577346801758
20-04-1989,30.288461685180664,30.76923179626465,1974960,30.8493595123291,30.689102172851562,13.008577346801758
21-04-1989,30.528846740722656,30.60897445678711,2689440,31.169872283935547,31.009614944458008,13.144432067871094
24-04-1989,30.60897445678711,30.8493595123291,1613040,31.009614944458008,30.76923179626465,13.042545318603516
25-04-1989,30.689102172851562,31.009614944458008,1896024,31.089744567871094,30.689102172851562,13.008577346801758
26-04-1989,30.689102172851562,30.8493595123291,1477632,30.929487228393555,30.76923179626465,13.042545318603516
27-04-1989,30.689102172851562,30.76923179626465,3381144,31.490385055541992,31.169872283935547,13.212367057800293
28-04-1989,31.25,31.330127716064453,2433288,31.570512771606445,31.330127716064453,13.280292510986328
01-05-1989,31.009614944458008,31.089744567871094,1289652,31.25,31.25,13.246323585510254
02-05-1989,31.25,31.25,2156388,31.570512771606445,31.330127716064453,13.280292510986328
03-05-1989,31.089744567871094,31.25,1263912,31.410255432128906,31.169872283935547,13.212367057800293
04-05-1989,30.8493595123291,31.169872283935547,920088,31.25,31.089744567871094,13.178406715393066
05-05-1989,30.528846740722656,31.25,1753440,31.410255432128906,30.60897445678711,12.974614143371582
08-05-1989,30.128204345703125,30.689102172851562,1810224,30.689102172851562,30.528846740722656,12.94064712524414
09-05-1989,30.208332061767578,30.60897445678711,1757496,30.689102172851562,30.368589401245117,12.872710227966309
10-05-1989,30.208332061767578,30.44871711730957,1687920,30.689102172851562,30.689102172851562,13.008577346801758
11-05-1989,31.009614944458008,31.089744567871094,3303924,31.73076820373535,31.410255432128906,13.314250946044922
12-05-1989,32.371795654296875,32.45192337036133,6224088,32.77243423461914,32.69230651855469,13.857699394226074
15-05-1989,32.85256576538086,32.93269348144531,4332120,33.49359130859375,33.49359130859375,14.197344779968262
16-05-1989,33.012821197509766,33.17307662963867,3578328,33.49359130859375,33.17307662963867,14.061485290527344
17-05-1989,33.17307662963867,33.33333206176758,4003740,34.13461685180664,33.894229888916016,14.367168426513672
18-05-1989,33.81410217285156,33.894229888916016,4179552,34.29487228393555,34.13461685180664,14.469066619873047
19-05-1989,34.214744567871094,34.214744567871094,7679724,34.69551467895508,34.535255432128906,14.638893127441406
22-05-1989,33.97435760498047,34.77564239501953,4103424,34.855770111083984,34.375,14.570964813232422
23-05-1989,33.73397445678711,34.214744567871094,3858348,34.214744567871094,33.894229888916016,14.367168426513672
24-05-1989,33.81410217285156,33.81410217285156,2732028,34.45512771606445,34.375,14.570964813232422
25-05-1989,33.81410217285156,34.29487228393555,2213328,34.77564239501953,33.81410217285156,14.333206176757812
26-05-1989,33.894229888916016,33.97435760498047,2410980,34.855770111083984,34.77564239501953,14.74078369140625
30-05-1989,34.45512771606445,34.93589782714844,2567604,35.25640869140625,34.61538314819336,14.672849655151367
31-05-1989,34.69551467895508,34.77564239501953,2501616,35.1762809753418,35.01602554321289,14.842683792114258
01-06-1989,34.93589782714844,35.01602554321289,1934712,35.41666793823242,35.3365364074707,14.978535652160645
02-06-1989,35.57692337036133,35.737178802490234,2442180,36.05769348144531,35.737178802490234,15.148367881774902
05-06-1989,35.3365364074707,35.737178802490234,2526108,35.737178802490234,35.3365364074707,14.978535652160645
06-06-1989,34.77564239501953,35.25640869140625,2444832,35.3365364074707,35.25640869140625,15.056564331054688
07-06-1989,35.3365364074707,35.41666793823242,1509924,35.81730651855469,35.57692337036133,15.193438529968262
08-06-1989,34.855770111083984,35.65705108642578,2283216,35.65705108642578,34.93589782714844,14.919676780700684
09-06-1989,34.69551467895508,35.096153259277344,1986036,35.25640869140625,35.01602554321289,14.953903198242188
12-06-1989,34.45512771606445,34.93589782714844,1546116,35.01602554321289,34.77564239501953,14.85124397277832
13-06-1989,33.5737190246582,34.45512771606445,5350800,34.45512771606445,33.97435760498047,14.509047508239746
14-06-1989,33.5737190246582,33.97435760498047,2394444,34.214744567871094,34.13461685180664,14.577485084533691
15-06-1989,33.49359130859375,34.13461685180664,1948128,34.29487228393555,33.653846740722656,14.372172355651855
16-06-1989,33.4134635925293,33.4134635925293,4591080,34.214744567871094,34.214744567871094,14.611716270446777
19-06-1989,33.97435760498047,34.05448532104492,1171716,34.45512771606445,34.45512771606445,14.714366912841797
20-06-1989,34.13461685180664,34.45512771606445,1393548,34.61538314819336,34.214744567871094,14.611716270446777
21-06-1989,33.81410217285156,34.375,1542528,34.45512771606445,34.13461685180664,14.577485084533691
22-06-1989,33.81410217285156,33.894229888916016,2012556,34.535255432128906,34.375,14.680147171020508
23-06-1989,34.45512771606445,34.77564239501953,2694588,35.1762809753418,35.096153259277344,14.988122940063477
26-06-1989,34.61538314819336,35.096153259277344,1416012,35.1762809753418,34.69551467895508,14.817026138305664
27-06-1989,34.45512771606445,34.77564239501953,1400880,35.096153259277344,34.45512771606445,14.714366912841797
28-06-1989,33.894229888916016,34.45512771606445,1839708,34.61538314819336,34.214744567871094,14.611716270446777
29-06-1989,33.5737190246582,33.97435760498047,1849848,33.97435760498047,33.5737190246582,14.33795166015625
30-06-1989,32.93269348144531,33.5737190246582,2866032,33.653846740722656,33.09294891357422,14.132633209228516
03-07-1989,33.09294891357422,33.253204345703125,686868,33.49359130859375,33.4134635925293,14.269512176513672
05-07-1989,32.93269348144531,33.253204345703125,1545024,33.81410217285156,33.49359130859375,14.303729057312012
06-07-1989,33.09294891357422,33.653846740722656,1186692,33.73397445678711,33.4134635925293,14.269512176513672
07-07-1989,33.33333206176758,33.5737190246582,1719276,34.29487228393555,34.05448532104492,14.54326343536377
10-07-1989,33.97435760498047,34.05448532104492,1533480,34.45512771606445,34.45512771606445,14.714366912841797
11-07-1989,34.45512771606445,34.61538314819336,1906632,34.69551467895508,34.535255432128906,14.74858570098877
12-07-1989,34.375,34.61538314819336,1926132,35.096153259277344,34.855770111083984,14.88546085357666
13-07-1989,34.69551467895508,34.77564239501953,1426932,34.93589782714844,34.855770111083984,14.88546085357666
14-07-1989,34.13461685180664,35.01602554321289,2736708,35.1762809753418,35.01602554321289,14.953903198242188
17-07-1989,34.69551467895508,34.93589782714844,1781208,35.096153259277344,35.01602554321289,14.953903198242188
18-07-1989,34.69551467895508,35.096153259277344,1268280,35.1762809753418,34.77564239501953,14.85124397277832
19-07-1989,35.01602554321289,35.01602554321289,3693300,36.05769348144531,36.05769348144531,15.398750305175781
20-07-1989,35.57692337036133,35.97756576538086,3090204,36.45833206176758,35.737178802490234,15.261882781982422
21-07-1989,35.41666793823242,35.496795654296875,3406416,36.45833206176758,36.45833206176758,15.569855690002441
24-07-1989,35.89743423461914,36.21794891357422,1800552,36.45833206176758,36.137821197509766,15.432974815368652
25-07-1989,35.57692337036133,36.21794891357422,2483988,36.6987190246582,36.137821197509766,15.432974815368652
26-07-1989,35.81730651855469,35.97756576538086,1667952,36.5384635925293,36.45833206176758,15.569855690002441
27-07-1989,36.5384635925293,36.5384635925293,2100696,36.85897445678711,36.85897445678711,15.740949630737305
28-07-1989,36.61859130859375,36.6987190246582,1940484,37.17948532104492,36.85897445678711,15.740949630737305
31-07-1989,36.778846740722656,36.93910217285156,1961388,37.5,37.5,16.01470375061035
01-08-1989,36.378204345703125,37.5,3272100,37.660255432128906,36.45833206176758,15.569855690002441
02-08-1989,36.137821197509766,36.45833206176758,1535508,36.5384635925293,36.5384635925293,15.604072570800781
03-08-1989,36.29807662963867,36.378204345703125,1463124,36.778846740722656,36.6987190246582,15.672510147094727
04-08-1989,36.378204345703125,36.378204345703125,1583712,36.778846740722656,36.45833206176758,15.569855690002441
07-08-1989,36.378204345703125,36.378204345703125,3731988,37.82051467895508,37.82051467895508,16.151586532592773
08-08-1989,37.5,37.660255432128906,2752152,37.90064239501953,37.5,16.01470375061035
09-08-1989,37.25961685180664,37.58012771606445,2970240,37.90064239501953,37.41987228393555,15.980484962463379
10-08-1989,37.019229888916016,37.5,1898676,37.58012771606445,37.41987228393555,15.980484962463379
11-08-1989,36.378204345703125,37.74038314819336,3283332,37.82051467895508,36.93910217285156,15.775169372558594
14-08-1989,35.97756576538086,36.5384635925293,1945320,37.019229888916016,36.29807662963867,15.501410484313965
15-08-1989,36.378204345703125,36.45833206176758,1419288,36.85897445678711,36.61859130859375,15.638288497924805
16-08-1989,36.778846740722656,36.85897445678711,1161576,37.019229888916016,36.85897445678711,15.740949630737305
17-08-1989,36.378204345703125,36.778846740722656,1720680,37.019229888916016,37.019229888916016,15.809389114379883
18-08-1989,36.778846740722656,36.85897445678711,2431104,37.25961685180664,37.17948532104492,15.877826690673828
21-08-1989,36.21794891357422,36.93910217285156,1897272,37.09935760498047,36.21794891357422,15.467204093933105
22-08-1989,35.65705108642578,36.05769348144531,1799148,36.21794891357422,36.137821197509766,15.432974815368652
23-08-1989,35.97756576538086,36.29807662963867,1288404,36.61859130859375,36.5384635925293,15.604072570800781
24-08-1989,36.45833206176758,36.5384635925293,2896140,37.339744567871094,37.25961685180664,15.912053108215332
25-08-1989,37.17948532104492,37.25961685180664,2353572,37.82051467895508,37.58012771606445,16.048912048339844
28-08-1989,37.17948532104492,37.339744567871094,1193556,37.660255432128906,37.660255432128906,16.083139419555664
29-08-1989,37.019229888916016,37.660255432128906,1522404,37.74038314819336,37.339744567871094,15.94626522064209
30-08-1989,36.6987190246582,37.25961685180664,2035332,37.58012771606445,37.25961685180664,15.912053108215332
31-08-1989,36.6987190246582,36.93910217285156,1145976,37.019229888916016,36.93910217285156,15.775169372558594
01-09-1989,36.778846740722656,36.778846740722656,1514604,37.41987228393555,37.339744567871094,15.94626522064209
05-09-1989,37.09935760498047,37.25961685180664,1866072,37.5,37.339744567871094,15.94626522064209
06-09-1989,36.6987190246582,37.339744567871094,1478568,37.339744567871094,36.6987190246582,15.672510147094727
07-09-1989,36.137821197509766,36.85897445678711,1464996,36.85897445678711,36.29807662963867,15.501410484313965
08-09-1989,35.737178802490234,36.29807662963867,2274324,36.45833206176758,36.21794891357422,15.467204093933105
11-09-1989,35.65705108642578,36.21794891357422,2248116,36.378204345703125,36.29807662963867,15.501410484313965
12-09-1989,36.137821197509766,36.137821197509766,1351428,36.6987190246582,36.45833206176758,15.569855690002441
13-09-1989,35.41666793823242,36.21794891357422,2854644,36.61859130859375,35.57692337036133,15.193438529968262
14-09-1989,35.496795654296875,35.81730651855469,2341560,36.05769348144531,35.81730651855469,15.296101570129395
15-09-1989,35.737178802490234,36.05769348144531,4269564,36.6987190246582,36.6987190246582,15.672510147094727
18-09-1989,36.6987190246582,36.778846740722656,1492296,37.019229888916016,36.93910217285156,15.775169372558594
19-09-1989,36.45833206176758,37.019229888916016,1196520,37.17948532104492,36.5384635925293,15.604072570800781
20-09-1989,35.97756576538086,36.378204345703125,1497600,36.5384635925293,36.137821197509766,15.432974815368652
21-09-1989,35.096153259277344,36.05769348144531,1647828,36.21794891357422,35.57692337036133,15.304749488830566
22-09-1989,35.41666793823242,35.57692337036133,1371708,36.05769348144531,35.81730651855469,15.408157348632812
25-09-1989,35.3365364074707,35.89743423461914,1249248,35.89743423461914,35.496795654296875,15.270279884338379
26-09-1989,35.41666793823242,35.65705108642578,1566708,36.137821197509766,35.57692337036133,15.304749488830566
27-09-1989,35.25640869140625,35.496795654296875,1560468,35.97756576538086,35.89743423461914,15.442623138427734
28-09-1989,35.737178802490234,35.89743423461914,1737216,36.5384635925293,36.5384635925293,15.718387603759766
29-09-1989,36.21794891357422,36.45833206176758,2237196,37.019229888916016,36.21794891357422,15.580510139465332
02-10-1989,36.21794891357422,36.45833206176758,1731132,37.019229888916016,37.019229888916016,15.92520809173584
03-10-1989,36.93910217285156,37.09935760498047,3693612,37.5,37.5,16.13202667236328
04-10-1989,37.41987228393555,37.74038314819336,3677388,37.980770111083984,37.74038314819336,16.235431671142578
05-10-1989,37.09935760498047,37.660255432128906,1902264,37.74038314819336,37.41987228393555,16.097558975219727
06-10-1989,37.25961685180664,37.5,2653404,37.74038314819336,37.74038314819336,16.235431671142578
09-10-1989,37.339744567871094,37.74038314819336,818844,37.74038314819336,37.5,16.13202667236328
10-10-1989,37.339744567871094,37.58012771606445,1583868,37.82051467895508,37.41987228393555,16.097558975219727
11-10-1989,37.019229888916016,37.41987228393555,1101828,37.41987228393555,37.25961685180664,16.028623580932617
12-10-1989,36.93910217285156,37.09935760498047,1450956,37.25961685180664,37.09935760498047,15.959681510925293
13-10-1989,34.13461685180664,36.93910217285156,4421820,37.41987228393555,34.855770111083984,14.994511604309082
16-10-1989,34.214744567871094,34.855770111083984,7053696,36.45833206176758,36.21794891357422,15.580510139465332
17-10-1989,35.65705108642578,36.137821197509766,3195348,36.29807662963867,36.21794891357422,15.580510139465332
18-10-1989,35.496795654296875,36.05769348144531,1847664,36.45833206176758,36.137821197509766,15.546036720275879
19-10-1989,36.137821197509766,36.29807662963867,2300064,36.61859130859375,36.29807662963867,15.614974975585938
20-10-1989,35.89743423461914,36.21794891357422,2684916,36.378204345703125,36.29807662963867,15.614974975585938
23-10-1989,35.81730651855469,36.29807662963867,1605240,36.5384635925293,35.89743423461914,15.442623138427734
24-10-1989,35.01602554321289,35.65705108642578,3219528,35.81730651855469,35.737178802490234,15.373684883117676
25-10-1989,35.3365364074707,35.496795654296875,1617252,35.737178802490234,35.41666793823242,15.23580551147461
26-10-1989,34.69551467895508,35.25640869140625,1833312,35.3365364074707,34.855770111083984,14.994511604309082
27-10-1989,33.81410217285156,34.61538314819336,2876172,34.69551467895508,34.375,14.787687301635742
30-10-1989,34.29487228393555,34.29487228393555,1272648,34.93589782714844,34.61538314819336,14.891093254089355
31-10-1989,34.77564239501953,34.77564239501953,1681056,35.65705108642578,35.496795654296875,15.270279884338379
01-11-1989,35.3365364074707,35.496795654296875,1437696,35.65705108642578,35.496795654296875,15.270279884338379
02-11-1989,34.61538314819336,35.496795654296875,2512380,35.496795654296875,34.77564239501953,14.960041046142578
03-11-1989,34.375,34.69551467895508,1909284,34.855770111083984,34.535255432128906,14.856633186340332
06-11-1989,33.97435760498047,34.375,1953120,34.45512771606445,33.97435760498047,14.61534309387207
07-11-1989,33.81410217285156,33.97435760498047,2124876,34.61538314819336,34.29487228393555,14.753220558166504
08-11-1989,34.375,34.375,2175264,35.096153259277344,34.93589782714844,15.028983116149902
09-11-1989,34.61538314819336,34.77564239501953,1052688,35.096153259277344,34.77564239501953,14.960041046142578
10-11-1989,34.855770111083984,35.01602554321289,740064,35.096153259277344,35.01602554321289,15.063458442687988
13-11-1989,35.096153259277344,35.25640869140625,1767324,35.89743423461914,35.737178802490234,15.373684883117676
14-11-1989,35.25640869140625,35.737178802490234,1157208,35.81730651855469,35.57692337036133,15.304749488830566
15-11-1989,35.737178802490234,35.81730651855469,2096016,36.45833206176758,36.378204345703125,15.649442672729492
16-11-1989,36.378204345703125,36.45833206176758,2261532,36.85897445678711,36.85897445678711,15.856267929077148
17-11-1989,36.778846740722656,36.85897445678711,4862208,38.4615364074707,38.14102554321289,16.407791137695312
20-11-1989,37.58012771606445,37.90064239501953,3005496,38.06089782714844,37.90064239501953,16.304370880126953
21-11-1989,37.82051467895508,37.980770111083984,1911624,38.221153259277344,38.221153259277344,16.442262649536133
22-11-1989,37.980770111083984,38.14102554321289,2364804,38.54166793823242,38.54166793823242,16.580129623413086
24-11-1989,38.4615364074707,38.4615364074707,1383720,38.862178802490234,38.54166793823242,16.580129623413086
27-11-1989,38.4615364074707,38.54166793823242,3662724,39.34294891357422,39.34294891357422,16.924840927124023
28-11-1989,38.70192337036133,39.262821197509766,3228576,39.903846740722656,39.58333206176758,17.02825927734375
29-11-1989,39.42307662963867,39.503204345703125,1596816,39.74359130859375,39.42307662963867,16.959314346313477
30-11-1989,39.42307662963867,39.58333206176758,2389764,39.8237190246582,39.74359130859375,17.097190856933594
01-12-1989,39.903846740722656,39.903846740722656,3538392,40.70512771606445,40.54487228393555,17.441896438598633
04-12-1989,40.22435760498047,40.30448532104492,2294292,40.625,40.464744567871094,17.537748336791992
05-12-1989,40.464744567871094,40.464744567871094,2384304,41.02564239501953,40.625,17.607206344604492
06-12-1989,40.54487228393555,40.785255432128906,1974648,40.94551467895508,40.625,17.607206344604492
07-12-1989,40.30448532104492,40.54487228393555,1516788,40.785255432128906,40.625,17.607206344604492
08-12-1989,40.30448532104492,40.785255432128906,1371708,40.86538314819336,40.54487228393555,17.572473526000977
11-12-1989,40.144229888916016,40.464744567871094,1474980,40.54487228393555,40.464744567871094,17.537748336791992
12-12-1989,40.625,40.70512771606445,1620684,41.346153259277344,41.18589782714844,17.850290298461914
13-12-1989,41.105770111083984,41.26602554321289,2186652,41.4262809753418,41.18589782714844,17.850290298461914
14-12-1989,41.105770111083984,41.18589782714844,2257944,41.4262809753418,41.26602554321289,17.885032653808594
15-12-1989,40.54487228393555,41.346153259277344,4918056,41.346153259277344,41.18589782714844,17.850290298461914
18-12-1989,39.74359130859375,41.02564239501953,2251860,41.50640869140625,40.144229888916016,17.39883041381836
19-12-1989,39.503204345703125,40.22435760498047,3083964,40.70512771606445,40.22435760498047,17.433565139770508
20-12-1989,39.903846740722656,40.22435760498047,2262468,40.464744567871094,39.98397445678711,17.329368591308594
21-12-1989,40.06410217285156,40.144229888916016,1354704,40.38461685180664,40.30448532104492,17.46828842163086
22-12-1989,40.144229888916016,40.144229888916016,1235988,40.86538314819336,40.86538314819336,17.71139144897461
26-12-1989,40.54487228393555,40.785255432128906,578136,40.86538314819336,40.625,17.607206344604492
27-12-1989,40.70512771606445,40.785255432128906,1085448,41.02564239501953,40.86538314819336,17.71139144897461
28-12-1989,40.22435760498047,40.785255432128906,863460,41.02564239501953,41.02564239501953,17.780834197998047
29-12-1989,41.02564239501953,41.18589782714844,1184352,41.346153259277344,41.346153259277344,17.919754028320312
02-01-1990,41.105770111083984,41.4262809753418,2873832,42.9487190246582,42.7884635925293,18.544862747192383
03-01-1990,42.46794891357422,42.7884635925293,2582268,42.86859130859375,42.70833206176758,18.510141372680664
04-01-1990,41.987178802490234,42.46794891357422,2330016,42.70833206176758,42.46794891357422,18.40595054626465
05-01-1990,41.987178802490234,42.14743423461914,2417532,42.7884635925293,42.06730651855469,18.2323055267334
08-01-1990,41.50640869140625,41.66666793823242,1950624,42.387821197509766,42.30769348144531,18.336502075195312
09-01-1990,41.4262809753418,42.14743423461914,1782924,42.46794891357422,41.4262809753418,17.954486846923828
10-01-1990,40.785255432128906,41.50640869140625,2671188,41.5865364074707,41.50640869140625,17.989206314086914
11-01-1990,41.4262809753418,41.746795654296875,2015988,41.82692337036133,41.50640869140625,17.989206314086914
12-01-1990,40.30448532104492,40.70512771606445,3081000,41.02564239501953,40.464744567871094,17.537748336791992
15-01-1990,39.903846740722656,40.22435760498047,2679924,40.30448532104492,40.144229888916016,17.39883041381836
16-01-1990,39.42307662963867,39.74359130859375,2957916,40.625,40.54487228393555,17.572473526000977
17-01-1990,40.22435760498047,40.54487228393555,2563236,40.785255432128906,40.38461685180664,17.50301742553711
18-01-1990,39.98397445678711,39.98397445678711,2561208,41.105770111083984,40.785255432128906,17.676652908325195
19-01-1990,40.94551467895508,41.02564239501953,3002532,41.66666793823242,41.5865364074707,18.023941040039062
22-01-1990,40.22435760498047,41.50640869140625,2786940,41.5865364074707,40.30448532104492,17.46828842163086
23-01-1990,40.144229888916016,40.70512771606445,4598724,40.94551467895508,40.22435760498047,17.433565139770508
24-01-1990,39.262821197509766,40.22435760498047,4246632,40.86538314819336,40.54487228393555,17.572473526000977
25-01-1990,39.6634635925293,40.625,2384928,40.625,39.74359130859375,17.22519302368164
26-01-1990,38.94230651855469,40.22435760498047,3462888,40.464744567871094,40.06410217285156,17.364105224609375
29-01-1990,39.42307662963867,40.22435760498047,2898948,40.464744567871094,39.58333206176758,17.15573501586914
30-01-1990,38.94230651855469,39.8237190246582,3016260,39.903846740722656,39.58333206176758,17.15573501586914
31-01-1990,39.58333206176758,39.903846740722656,2467608,40.06410217285156,39.903846740722656,17.294645309448242
01-02-1990,39.503204345703125,39.903846740722656,1879488,39.98397445678711,39.58333206176758,17.15573501586914
02-02-1990,39.58333206176758,39.58333206176758,1989312,40.30448532104492,39.58333206176758,17.15573501586914
05-02-1990,39.42307662963867,39.503204345703125,1187472,39.74359130859375,39.58333206176758,17.15573501586914
06-02-1990,39.503204345703125,39.6634635925293,1870596,40.06410217285156,39.74359130859375,17.22519302368164
07-02-1990,39.503204345703125,39.58333206176758,2431572,40.38461685180664,40.144229888916016,17.39883041381836
08-02-1990,40.144229888916016,40.38461685180664,2146716,40.464744567871094,40.38461685180664,17.50301742553711
09-02-1990,40.22435760498047,40.38461685180664,1792128,40.86538314819336,40.54487228393555,17.572473526000977
12-02-1990,39.8237190246582,40.38461685180664,2013492,40.464744567871094,39.903846740722656,17.294645309448242
13-02-1990,39.262821197509766,39.903846740722656,2670252,39.98397445678711,39.8237190246582,17.25991439819336
14-02-1990,39.74359130859375,39.8237190246582,1335048,40.06410217285156,39.903846740722656,17.294645309448242
15-02-1990,39.8237190246582,39.8237190246582,1630980,40.38461685180664,40.144229888916016,17.39883041381836
16-02-1990,39.74359130859375,40.22435760498047,2800356,40.54487228393555,39.74359130859375,17.22519302368164
20-02-1990,39.02243423461914,39.18269348144531,2868840,39.42307662963867,39.02243423461914,16.912635803222656
21-02-1990,38.54166793823242,38.70192337036133,2698332,39.02243423461914,38.78205108642578,16.80845832824707
22-02-1990,38.862178802490234,38.94230651855469,2297880,39.42307662963867,38.94230651855469,16.877906799316406
23-02-1990,38.54166793823242,38.54166793823242,1922076,39.10256576538086,38.78205108642578,16.80845832824707
26-02-1990,38.862178802490234,38.94230651855469,2195232,39.262821197509766,39.262821197509766,17.01681900024414
27-02-1990,39.262821197509766,39.262821197509766,2666040,39.8237190246582,39.74359130859375,17.22519302368164
28-02-1990,39.34294891357422,39.42307662963867,2778984,39.98397445678711,39.58333206176758,17.286781311035156
01-03-1990,39.18269348144531,39.503204345703125,3547908,39.6634635925293,39.503204345703125,17.25177764892578
02-03-1990,39.503204345703125,39.6634635925293,2627976,39.98397445678711,39.98397445678711,17.46173667907715
05-03-1990,39.58333206176758,39.98397445678711,2429076,40.30448532104492,39.58333206176758,17.286781311035156
06-03-1990,39.34294891357422,39.6634635925293,2363556,39.98397445678711,39.98397445678711,17.46173667907715
07-03-1990,39.98397445678711,40.144229888916016,1607424,40.30448532104492,40.144229888916016,17.531740188598633
08-03-1990,39.8237190246582,40.06410217285156,2166372,40.38461685180664,40.38461685180664,17.6367130279541
09-03-1990,40.06410217285156,40.144229888916016,1723332,40.38461685180664,40.144229888916016,17.531740188598633
12-03-1990,39.8237190246582,39.903846740722656,1593228,40.144229888916016,39.98397445678711,17.46173667907715
13-03-1990,39.58333206176758,39.903846740722656,1876368,40.144229888916016,39.74359130859375,17.356765747070312
14-03-1990,39.8237190246582,39.8237190246582,2044692,40.464744567871094,40.38461685180664,17.6367130279541
15-03-1990,40.38461685180664,40.38461685180664,2604576,40.785255432128906,40.54487228393555,17.706697463989258
16-03-1990,40.70512771606445,40.785255432128906,4553484,41.105770111083984,41.02564239501953,17.916654586791992
19-03-1990,40.70512771606445,40.785255432128906,1809912,41.746795654296875,41.5865364074707,18.161623001098633
20-03-1990,41.18589782714844,41.66666793823242,2393196,41.66666793823242,41.26602554321289,18.021644592285156
21-03-1990,41.105770111083984,41.4262809753418,1945788,41.82692337036133,41.105770111083984,17.95164680480957
22-03-1990,40.30448532104492,40.94551467895508,2344992,41.105770111083984,40.625,17.74169158935547
23-03-1990,40.625,40.70512771606445,1475136,40.94551467895508,40.86538314819336,17.8466796875
26-03-1990,40.94551467895508,40.94551467895508,1287780,41.26602554321289,41.02564239501953,17.916654586791992
27-03-1990,40.86538314819336,40.94551467895508,1559688,41.5865364074707,41.5865364074707,18.161623001098633
28-03-1990,41.4262809753418,41.4262809753418,1451268,41.66666793823242,41.5865364074707,18.161623001098633
29-03-1990,41.105770111083984,41.4262809753418,2186340,41.50640869140625,41.346153259277344,18.056636810302734
30-03-1990,41.105770111083984,41.26602554321289,2213952,41.5865364074707,41.18589782714844,17.98664093017578
02-04-1990,40.785255432128906,40.94551467895508,1526304,41.105770111083984,41.02564239501953,17.916654586791992
03-04-1990,41.02564239501953,41.02564239501953,1817400,41.66666793823242,41.66666793823242,18.19661521911621
04-04-1990,41.18589782714844,41.66666793823242,2036268,41.82692337036133,41.18589782714844,17.98664093017578
05-04-1990,41.18589782714844,41.4262809753418,1353924,41.5865364074707,41.26602554321289,18.021644592285156
06-04-1990,41.02564239501953,41.4262809753418,1497132,41.50640869140625,41.26602554321289,18.021644592285156
09-04-1990,41.18589782714844,41.18589782714844,937248,41.5865364074707,41.346153259277344,18.056636810302734
10-04-1990,41.18589782714844,41.346153259277344,1062828,41.4262809753418,41.26602554321289,18.021644592285156
11-04-1990,41.346153259277344,41.346153259277344,1753908,41.82692337036133,41.5865364074707,18.161623001098633
12-04-1990,41.746795654296875,41.82692337036133,2122224,42.46794891357422,42.30769348144531,18.476560592651367
16-04-1990,42.46794891357422,42.7884635925293,2156544,42.9487190246582,42.7884635925293,18.686513900756836
17-04-1990,42.46794891357422,42.628204345703125,2363556,42.9487190246582,42.86859130859375,18.721511840820312
18-04-1990,42.30769348144531,43.028846740722656,2120352,43.10897445678711,42.628204345703125,18.61652946472168
19-04-1990,42.06730651855469,42.30769348144531,2120508,42.7884635925293,42.14743423461914,18.406570434570312
20-04-1990,41.5865364074707,42.06730651855469,3049956,42.30769348144531,41.987178802490234,18.33658218383789
23-04-1990,41.18589782714844,41.82692337036133,2290080,41.90705108642578,41.346153259277344,18.056636810302734
24-04-1990,41.105770111083984,41.50640869140625,1800240,41.66666793823242,41.26602554321289,18.021644592285156
25-04-1990,41.18589782714844,41.346153259277344,1783860,41.50640869140625,41.26602554321289,18.021644592285156
26-04-1990,41.02564239501953,41.26602554321289,1690416,41.5865364074707,41.4262809753418,18.09162712097168
27-04-1990,40.94551467895508,41.50640869140625,2323152,41.82692337036133,40.94551467895508,17.88165855407715
30-04-1990,40.86538314819336,40.94551467895508,1623336,41.26602554321289,41.02564239501953,17.916654586791992
01-05-1990,41.18589782714844,41.18589782714844,1302288,41.50640869140625,41.26602554321289,18.021644592285156
02-05-1990,41.18589782714844,41.346153259277344,1199796,41.50640869140625,41.50640869140625,18.12661361694336
03-05-1990,41.4262809753418,41.66666793823242,2329704,41.90705108642578,41.50640869140625,18.12661361694336
04-05-1990,41.346153259277344,41.66666793823242,1528332,41.90705108642578,41.90705108642578,18.30158805847168
07-05-1990,41.746795654296875,41.746795654296875,1665456,42.387821197509766,42.14743423461914,18.406570434570312
08-05-1990,42.14743423461914,42.22756576538086,1853124,42.54807662963867,42.54807662963867,18.58153533935547
09-05-1990,42.14743423461914,42.14743423461914,3396432,43.10897445678711,42.7884635925293,18.686513900756836
10-05-1990,42.70833206176758,42.86859130859375,4078620,43.34935760498047,43.10897445678711,18.826496124267578
11-05-1990,43.10897445678711,43.269229888916016,398736,43.75,43.66987228393555,19.07145118713379
14-05-1990,43.589744567871094,43.75,3569124,44.39102554321289,43.910255432128906,19.176427841186523
15-05-1990,43.589744567871094,43.66987228393555,1958112,43.910255432128906,43.75,19.106433868408203
16-05-1990,43.589744567871094,43.75,2293512,43.83012771606445,43.66987228393555,19.07145118713379
17-05-1990,43.34935760498047,43.83012771606445,2874924,44.07051467895508,43.589744567871094,19.03645133972168
18-05-1990,43.18910217285156,43.589744567871094,3355404,43.75,43.66987228393555,19.07145118713379
21-05-1990,43.589744567871094,43.589744567871094,2270268,44.07051467895508,43.83012771606445,19.141433715820312
22-05-1990,43.75,44.07051467895508,2432664,44.15064239501953,43.910255432128906,19.176427841186523
23-05-1990,43.50961685180664,43.75,1891188,43.910255432128906,43.83012771606445,19.141433715820312
24-05-1990,43.83012771606445,43.910255432128906,2173392,44.5512809753418,44.471153259277344,19.421382904052734
25-05-1990,43.75,44.31089782714844,2279628,44.5512809753418,43.83012771606445,19.141433715820312
29-05-1990,43.75,43.75,1720368,44.871795654296875,44.7115364074707,19.526350021362305
30-05-1990,44.31089782714844,44.871795654296875,3497208,44.95192337036133,44.471153259277344,19.421382904052734
31-05-1990,43.99038314819336,43.99038314819336,1506804,44.63140869140625,44.15064239501953,19.412931442260742
01-06-1990,44.230770111083984,44.63140869140625,1541280,44.79166793823242,44.5512809753418,19.589086532592773
04-06-1990,44.31089782714844,44.5512809753418,1666392,45.112178802490234,45.112178802490234,19.835708618164062
05-06-1990,44.7115364074707,45.03205108642578,2180568,45.112178802490234,44.79166793823242,19.69477653503418
06-06-1990,44.471153259277344,44.7115364074707,1661712,44.95192337036133,44.471153259277344,19.553855895996094
07-06-1990,44.230770111083984,44.63140869140625,133068,44.7115364074707,44.39102554321289,19.518617630004883
08-06-1990,43.83012771606445,44.39102554321289,1892280,44.5512809753418,43.910255432128906,19.307226181030273
11-06-1990,43.75,43.75,1153152,44.230770111083984,44.15064239501953,19.412931442260742
12-06-1990,44.07051467895508,44.230770111083984,2121132,45.35256576538086,45.03205108642578,19.800485610961914
13-06-1990,44.871795654296875,45.112178802490234,1976208,45.35256576538086,45.03205108642578,19.800485610961914
14-06-1990,44.471153259277344,44.871795654296875,1610388,45.03205108642578,44.63140869140625,19.62431526184082
15-06-1990,44.31089782714844,44.39102554321289,4213872,45.112178802490234,44.95192337036133,19.765254974365234
18-06-1990,44.31089782714844,44.79166793823242,1877148,44.871795654296875,44.31089782714844,19.48339080810547
19-06-1990,44.230770111083984,44.230770111083984,1576848,44.79166793823242,44.79166793823242,19.69477653503418
20-06-1990,44.63140869140625,44.7115364074707,1326780,45.03205108642578,44.95192337036133,19.765254974365234
21-06-1990,44.5512809753418,45.03205108642578,1871532,45.19230651855469,44.95192337036133,19.765254974365234
22-06-1990,44.31089782714844,45.03205108642578,2415036,45.59294891357422,44.471153259277344,19.553855895996094
25-06-1990,44.31089782714844,44.63140869140625,1604616,44.79166793823242,44.471153259277344,19.553855895996094
26-06-1990,44.230770111083984,44.7115364074707,1637532,44.871795654296875,44.230770111083984,19.448156356811523
27-06-1990,44.07051467895508,44.07051467895508,1873560,44.5512809753418,44.31089782714844,19.48339080810547
28-06-1990,44.31089782714844,44.39102554321289,1221012,44.7115364074707,44.39102554321289,19.518617630004883
29-06-1990,44.39102554321289,44.5512809753418,1614444,44.63140869140625,44.39102554321289,19.518617630004883
02-07-1990,44.471153259277344,44.471153259277344,1508208,45.19230651855469,45.19230651855469,19.87095069885254
03-07-1990,45.35256576538086,45.35256576538086,1569984,45.753204345703125,45.59294891357422,20.047100067138672
05-07-1990,44.79166793823242,45.43269348144531,1704924,45.512821197509766,45.03205108642578,19.800485610961914
06-07-1990,44.79166793823242,44.871795654296875,1123200,45.59294891357422,45.27243423461914,19.906177520751953
09-07-1990,45.35256576538086,45.43269348144531,1704300,45.83333206176758,45.753204345703125,20.117565155029297
10-07-1990,45.27243423461914,45.753204345703125,1820052,45.753204345703125,45.35256576538086,19.941410064697266
11-07-1990,45.35256576538086,45.43269348144531,2266992,46.23397445678711,46.23397445678711,20.32896614074707
12-07-1990,46.0737190246582,46.153846740722656,2834364,47.11538314819336,47.035255432128906,20.681276321411133
13-07-1990,47.19551467895508,47.27564239501953,4163172,48.39743423461914,47.996795654296875,21.104076385498047
16-07-1990,47.6762809753418,47.91666793823242,2151552,48.237178802490234,47.91666793823242,21.068836212158203
17-07-1990,47.43589782714844,47.996795654296875,2206152,47.996795654296875,47.6762809753418,20.963134765625
18-07-1990,47.27564239501953,47.596153259277344,1456728,47.6762809753418,47.6762809753418,20.963134765625
19-07-1990,47.355770111083984,47.51602554321289,2085720,48.07692337036133,48.07692337036133,21.13930892944336
20-07-1990,47.43589782714844,47.996795654296875,2865408,48.31730651855469,47.43589782714844,20.857446670532227
23-07-1990,44.63140869140625,47.19551467895508,5139576,47.355770111083984,46.47435760498047,20.434656143188477
24-07-1990,45.753204345703125,46.23397445678711,2960412,46.875,46.714744567871094,20.54035758972168
25-07-1990,46.47435760498047,46.63461685180664,2559804,47.035255432128906,46.95512771606445,20.646053314208984
26-07-1990,46.47435760498047,47.035255432128906,1766388,47.035255432128906,46.79487228393555,20.575584411621094
27-07-1990,45.99359130859375,46.79487228393555,2000544,46.95512771606445,46.153846740722656,20.293731689453125
30-07-1990,45.59294891357422,45.99359130859375,2103660,46.47435760498047,46.47435760498047,20.434656143188477
31-07-1990,45.59294891357422,46.47435760498047,2229396,46.47435760498047,45.9134635925293,20.188039779663086
01-08-1990,45.512821197509766,45.83333206176758,1545024,46.23397445678711,46.153846740722656,20.293731689453125
02-08-1990,45.03205108642578,45.19230651855469,3395964,45.59294891357422,45.27243423461914,19.906177520751953
03-08-1990,42.7884635925293,44.95192337036133,5284032,44.95192337036133,44.7115364074707,19.659536361694336
06-08-1990,42.06730651855469,42.14743423461914,4469244,42.628204345703125,42.30769348144531,18.60259246826172
07-08-1990,42.628204345703125,43.269229888916016,4670640,43.269229888916016,43.10897445678711,18.954914093017578
08-08-1990,42.9487190246582,43.028846740722656,2475564,43.83012771606445,43.50961685180664,19.131072998046875
09-08-1990,43.10897445678711,43.50961685180664,2121444,43.66987228393555,43.589744567871094,19.166296005249023
10-08-1990,42.54807662963867,43.50961685180664,1852500,43.50961685180664,42.70833206176758,18.778751373291016
13-08-1990,42.06730651855469,42.54807662963867,2099916,43.269229888916016,43.269229888916016,19.025365829467773
14-08-1990,42.46794891357422,43.028846740722656,2320500,43.75,42.9487190246582,18.884449005126953
15-08-1990,42.387821197509766,43.269229888916016,2299596,43.50961685180664,42.46794891357422,18.673051834106445
16-08-1990,41.50640869140625,42.14743423461914,2765100,42.22756576538086,41.5865364074707,18.285497665405273
17-08-1990,40.38461685180664,41.02564239501953,5052372,41.346153259277344,41.02564239501953,18.03887176513672
20-08-1990,40.38461685180664,40.86538314819336,2065908,41.4262809753418,41.02564239501953,18.03887176513672
21-08-1990,39.42307662963867,39.903846740722656,4429620,40.144229888916016,39.6634635925293,17.439931869506836
22-08-1990,38.38140869140625,39.903846740722656,3567096,39.98397445678711,38.621795654296875,16.98189353942871
23-08-1990,37.019229888916016,37.339744567871094,5405556,38.06089782714844,37.5,16.488658905029297
24-08-1990,37.82051467895508,38.3012809753418,4023084,39.42307662963867,39.34294891357422,17.298988342285156
27-08-1990,40.54487228393555,40.625,4133844,41.26602554321289,40.70512771606445,17.897945404052734
28-08-1990,40.30448532104492,40.464744567871094,2109588,40.70512771606445,40.30448532104492,17.721786499023438
29-08-1990,39.98397445678711,40.144229888916016,1945320,40.625,40.144229888916016,17.65131378173828
30-08-1990,39.262821197509766,40.30448532104492,2144688,40.30448532104492,39.6634635925293,17.439931869506836
31-08-1990,39.02243423461914,39.503204345703125,1360164,39.8237190246582,39.74359130859375,17.475162506103516
04-09-1990,38.70192337036133,39.34294891357422,2361060,39.34294891357422,39.262821197509766,17.26377296447754
05-09-1990,38.3012809753418,39.18269348144531,2718612,39.262821197509766,38.621795654296875,16.98189353942871
06-09-1990,38.221153259277344,38.4615364074707,2740452,38.78205108642578,38.4615364074707,16.911434173583984
07-09-1990,38.38140869140625,38.38140869140625,1876836,38.94230651855469,38.862178802490234,17.08760643005371
10-09-1990,38.94230651855469,39.503204345703125,2200068,39.74359130859375,39.18269348144531,17.228530883789062
11-09-1990,38.94230651855469,39.262821197509766,1489956,39.903846740722656,39.903846740722656,17.545616149902344
12-09-1990,39.503204345703125,39.98397445678711,1488708,39.98397445678711,39.74359130859375,17.475162506103516
13-09-1990,38.621795654296875,39.58333206176758,1429896,39.6634635925293,38.70192337036133,17.01713752746582
14-09-1990,37.90064239501953,38.38140869140625,2652624,38.621795654296875,38.14102554321289,16.7705135345459
17-09-1990,37.74038314819336,37.82051467895508,1966068,38.3012809753418,37.82051467895508,16.62958526611328
18-09-1990,37.09935760498047,37.74038314819336,3481452,37.82051467895508,37.58012771606445,16.52388572692871
19-09-1990,35.97756576538086,37.58012771606445,4745676,37.660255432128906,35.97756576538086,15.819245338439941
20-09-1990,34.45512771606445,35.65705108642578,5148468,35.81730651855469,35.3365364074707,15.668599128723145
21-09-1990,35.01602554321289,35.096153259277344,5002140,36.137821197509766,35.81730651855469,15.881776809692383
24-09-1990,34.77564239501953,35.3365364074707,3099408,35.41666793823242,34.93589782714844,15.490947723388672
25-09-1990,34.855770111083984,35.096153259277344,2523924,35.65705108642578,35.65705108642578,15.81070613861084
26-09-1990,35.1762809753418,35.65705108642578,2700672,35.89743423461914,35.25640869140625,15.633070945739746
27-09-1990,32.612178802490234,34.93589782714844,5082948,35.01602554321289,33.09294891357422,14.673761367797852
28-09-1990,32.2115364074707,32.2115364074707,4386564,35.096153259277344,34.93589782714844,15.490947723388672
01-10-1990,34.93589782714844,34.93589782714844,1299480,36.21794891357422,36.05769348144531,15.98836612701416
02-10-1990,35.65705108642578,36.378204345703125,3867864,36.778846740722656,35.737178802490234,15.846243858337402
03-10-1990,34.77564239501953,35.496795654296875,2090244,36.137821197509766,34.93589782714844,15.490947723388672
04-10-1990,34.214744567871094,34.45512771606445,2546856,35.25640869140625,34.855770111083984,15.455422401428223
05-10-1990,33.73397445678711,34.13461685180664,3057444,35.65705108642578,34.77564239501953,15.419890403747559
08-10-1990,34.61538314819336,35.3365364074707,1310400,35.3365364074707,34.93589782714844,15.490947723388672
09-10-1990,33.653846740722656,34.375,2218008,34.69551467895508,33.894229888916016,15.02906322479248
10-10-1990,33.09294891357422,33.73397445678711,3345420,33.81410217285156,33.33333206176758,14.780364990234375
11-10-1990,32.77243423461914,33.33333206176758,3212976,33.4134635925293,32.85256576538086,14.567177772521973
12-10-1990,32.77243423461914,33.17307662963867,2882256,34.375,33.97435760498047,15.06460189819336
15-10-1990,33.012821197509766,34.13461685180664,2616276,35.01602554321289,34.855770111083984,15.455422401428223
16-10-1990,32.69230651855469,34.855770111083984,2839824,34.855770111083984,33.012821197509766,14.638237953186035
17-10-1990,33.012821197509766,33.012821197509766,2865252,34.05448532104492,33.73397445678711,14.958001136779785
18-10-1990,33.5737190246582,33.894229888916016,3302208,35.01602554321289,34.93589782714844,15.490947723388672
19-10-1990,34.93589782714844,35.65705108642578,4365504,35.737178802490234,35.57692337036133,15.775188446044922
22-10-1990,34.214744567871094,34.61538314819336,4104204,34.855770111083984,34.45512771606445,15.277774810791016
23-10-1990,34.375,34.375,2551692,35.01602554321289,34.535255432128906,15.313301086425781
24-10-1990,33.253204345703125,34.214744567871094,3828552,34.29487228393555,33.253204345703125,14.74482536315918
25-10-1990,32.53205108642578,33.49359130859375,3640416,33.653846740722656,32.85256576538086,14.567177772521973
26-10-1990,32.13140869140625,32.45192337036133,3099564,32.612178802490234,32.371795654296875,14.353998184204102
29-10-1990,32.2115364074707,32.53205108642578,3105336,33.012821197509766,32.612178802490234,14.46058464050293
30-10-1990,32.0512809753418,32.371795654296875,3527940,33.894229888916016,33.81410217285156,14.993529319763184
31-10-1990,32.77243423461914,33.81410217285156,2040012,33.894229888916016,33.33333206176758,14.780364990234375
01-11-1990,32.93269348144531,33.09294891357422,2341872,33.81410217285156,33.5737190246582,14.886942863464355
02-11-1990,33.49359130859375,33.81410217285156,2623452,34.05448532104492,33.97435760498047,15.06460189819336
05-11-1990,33.97435760498047,33.97435760498047,2163408,34.77564239501953,34.535255432128906,15.313301086425781
06-11-1990,33.97435760498047,34.29487228393555,1538940,34.535255432128906,34.214744567871094,15.171194076538086
07-11-1990,33.253204345703125,34.05448532104492,1950156,34.29487228393555,33.33333206176758,14.780364990234375
08-11-1990,32.85256576538086,33.09294891357422,2398344,34.05448532104492,33.17307662963867,14.709299087524414
09-11-1990,33.33333206176758,33.33333206176758,2450136,34.45512771606445,34.45512771606445,15.277774810791016
12-11-1990,34.77564239501953,34.93589782714844,2772900,35.57692337036133,35.496795654296875,15.739656448364258
13-11-1990,35.25640869140625,35.41666793823242,2979288,36.05769348144531,35.57692337036133,15.775188446044922
14-11-1990,35.1762809753418,35.41666793823242,2141100,35.737178802490234,35.41666793823242,15.704127311706543
15-11-1990,35.096153259277344,35.41666793823242,1773876,35.57692337036133,35.25640869140625,15.633070945739746
16-11-1990,35.1762809753418,35.41666793823242,3272412,35.496795654296875,35.496795654296875,15.739656448364258
19-11-1990,34.93589782714844,35.41666793823242,2455284,35.496795654296875,35.496795654296875,15.739656448364258
20-11-1990,33.97435760498047,35.41666793823242,2942472,35.496795654296875,34.13461685180664,15.135652542114258
21-11-1990,33.5737190246582,33.97435760498047,1997736,34.61538314819336,34.45512771606445,15.277774810791016
23-11-1990,34.29487228393555,34.29487228393555,580164,34.77564239501953,34.375,15.242244720458984
26-11-1990,33.4134635925293,33.97435760498047,1785732,34.29487228393555,34.214744567871094,15.171194076538086
27-11-1990,33.894229888916016,34.13461685180664,2086500,34.77564239501953,34.29487228393555,15.206713676452637
28-11-1990,33.653846740722656,34.13461685180664,1717092,34.375,33.73397445678711,14.958001136779785
29-11-1990,33.653846740722656,33.653846740722656,2206308,34.45512771606445,34.05448532104492,15.100116729736328
30-11-1990,33.894229888916016,33.97435760498047,4338360,35.3365364074707,35.096153259277344,15.562006950378418
03-12-1990,34.855770111083984,35.096153259277344,2718768,35.57692337036133,34.855770111083984,15.600741386413574
04-12-1990,34.855770111083984,35.096153259277344,2405832,35.65705108642578,35.57692337036133,15.923521041870117
05-12-1990,35.25640869140625,35.3365364074707,3246360,36.5384635925293,36.5384635925293,16.353893280029297
06-12-1990,36.6987190246582,37.339744567871094,4454892,37.5,36.85897445678711,16.497337341308594
07-12-1990,36.45833206176758,36.778846740722656,2518464,37.5,36.85897445678711,16.497337341308594
10-12-1990,36.5384635925293,36.61859130859375,1796652,36.85897445678711,36.5384635925293,16.353893280029297
11-12-1990,36.05769348144531,36.61859130859375,1677624,36.61859130859375,36.378204345703125,16.28215217590332
12-12-1990,35.89743423461914,36.21794891357422,2736240,36.6987190246582,36.5384635925293,16.353893280029297
13-12-1990,35.97756576538086,36.29807662963867,1605396,36.45833206176758,36.137821197509766,16.174570083618164
14-12-1990,35.096153259277344,35.89743423461914,2031744,35.89743423461914,35.65705108642578,15.959368705749512
17-12-1990,35.096153259277344,35.41666793823242,1673256,35.496795654296875,35.496795654296875,15.88765811920166
18-12-1990,35.41666793823242,35.496795654296875,2322216,36.45833206176758,36.45833206176758,16.318023681640625
19-12-1990,36.137821197509766,36.21794891357422,2057952,36.61859130859375,36.29807662963867,16.246294021606445
20-12-1990,35.89743423461914,35.89743423461914,2663076,37.09935760498047,36.85897445678711,16.497337341308594
21-12-1990,37.019229888916016,37.339744567871094,4457076,37.41987228393555,37.17948532104492,16.64079475402832
24-12-1990,36.93910217285156,37.019229888916016,603096,37.09935760498047,36.93910217285156,16.533203125
26-12-1990,36.61859130859375,37.019229888916016,775944,37.17948532104492,36.778846740722656,16.461483001708984
27-12-1990,36.61859130859375,36.6987190246582,1222884,37.09935760498047,36.6987190246582,16.425615310668945
28-12-1990,36.5384635925293,36.5384635925293,107952,36.85897445678711,36.778846740722656,16.461483001708984
31-12-1990,36.6987190246582,36.85897445678711,819000,36.93910217285156,36.778846740722656,16.461483001708984
02-01-1991,36.137821197509766,36.61859130859375,1843140,36.93910217285156,36.21794891357422,16.21042823791504
03-01-1991,35.41666793823242,36.21794891357422,2270112,36.378204345703125,35.41666793823242,15.851786613464355
04-01-1991,34.93589782714844,35.57692337036133,2637336,35.81730651855469,35.01602554321289,15.672471046447754
07-01-1991,34.375,34.77564239501953,2223780,35.096153259277344,34.45512771606445,15.421414375305176
08-01-1991,34.29487228393555,34.535255432128906,2384772,35.01602554321289,34.77564239501953,15.564881324768066
09-01-1991,34.375,35.1762809753418,3521232,35.97756576538086,34.69551467895508,15.529011726379395
10-01-1991,34.29487228393555,34.93589782714844,2074020,35.01602554321289,34.69551467895508,15.529011726379395
11-01-1991,34.45512771606445,34.77564239501953,1364220,35.1762809753418,34.61538314819336,15.493146896362305
14-01-1991,33.97435760498047,34.13461685180664,2151864,35.3365364074707,34.69551467895508,15.529011726379395
15-01-1991,34.375,34.61538314819336,1761552,34.93589782714844,34.855770111083984,15.600741386413574
16-01-1991,34.535255432128906,34.69551467895508,1371084,35.1762809753418,35.01602554321289,15.672471046447754
17-01-1991,36.61859130859375,36.93910217285156,6070896,37.17948532104492,37.17948532104492,16.64079475402832
18-01-1991,36.85897445678711,37.09935760498047,6485232,37.41987228393555,37.09935760498047,16.604934692382812
21-01-1991,36.45833206176758,36.61859130859375,2168556,36.85897445678711,36.778846740722656,16.461483001708984
22-01-1991,36.137821197509766,36.6987190246582,1857336,36.778846740722656,36.29807662963867,16.246294021606445
23-01-1991,36.378204345703125,36.45833206176758,2429544,36.778846740722656,36.6987190246582,16.425615310668945
24-01-1991,36.778846740722656,36.778846740722656,4155372,37.82051467895508,37.5,16.784252166748047
25-01-1991,37.74038314819336,37.90064239501953,3680664,38.54166793823242,38.38140869140625,17.17874526977539
28-01-1991,38.38140869140625,38.4615364074707,3182244,39.34294891357422,38.862178802490234,17.393932342529297
29-01-1991,38.70192337036133,39.02243423461914,2447172,39.34294891357422,38.862178802490234,17.393932342529297
30-01-1991,39.10256576538086,39.18269348144531,2569320,39.8237190246582,39.74359130859375,17.788433074951172
31-01-1991,39.6634635925293,39.8237190246582,3402360,41.105770111083984,41.02564239501953,18.362255096435547
01-02-1991,40.54487228393555,40.86538314819336,3484416,41.4262809753418,41.02564239501953,18.362255096435547
04-02-1991,40.785255432128906,41.02564239501953,2719236,41.82692337036133,41.746795654296875,18.68502426147461
05-02-1991,41.746795654296875,41.82692337036133,3458364,42.628204345703125,42.54807662963867,19.043670654296875
06-02-1991,42.14743423461914,42.30769348144531,3203928,42.86859130859375,42.70833206176758,19.115394592285156
07-02-1991,41.4262809753418,42.70833206176758,4075188,42.86859130859375,41.5865364074707,18.613306045532227
08-02-1991,41.105770111083984,41.346153259277344,2080416,41.987178802490234,41.82692337036133,18.720895767211914
11-02-1991,41.4262809753418,41.66666793823242,3354156,42.9487190246582,42.7884635925293,19.1512508392334
12-02-1991,42.387821197509766,42.46794891357422,3767244,43.42948532104492,42.7884635925293,19.1512508392334
13-02-1991,42.387821197509766,42.86859130859375,2850276,43.50961685180664,43.50961685180664,19.47403335571289
14-02-1991,42.70833206176758,43.589744567871094,4381260,44.39102554321289,43.18910217285156,19.330564498901367
15-02-1991,43.589744567871094,43.589744567871094,4978428,44.871795654296875,44.63140869140625,19.97612190246582
19-02-1991,44.39102554321289,44.7115364074707,3226548,44.95192337036133,44.63140869140625,19.97612190246582
20-02-1991,43.589744567871094,44.31089782714844,2470884,44.31089782714844,43.83012771606445,19.61747932434082
21-02-1991,43.66987228393555,43.66987228393555,1901172,44.15064239501953,43.66987228393555,19.545761108398438
22-02-1991,43.66987228393555,43.75,4250688,45.512821197509766,44.39102554321289,19.868518829345703
25-02-1991,44.471153259277344,44.95192337036133,3593928,45.19230651855469,44.871795654296875,20.083717346191406
26-02-1991,43.75,44.31089782714844,2084160,44.5512809753418,43.910255432128906,19.65335464477539
27-02-1991,43.18910217285156,43.75,3889860,44.471153259277344,44.471153259277344,19.90439796447754
28-02-1991,43.589744567871094,44.471153259277344,2176512,44.5512809753418,43.589744567871094,19.654375076293945
01-03-1991,43.10897445678711,43.18910217285156,2396160,44.15064239501953,44.15064239501953,19.907283782958984
04-03-1991,43.589744567871094,44.07051467895508,2009124,44.230770111083984,43.75,19.72663688659668
05-03-1991,43.66987228393555,43.75,3164460,44.95192337036133,44.230770111083984,19.94341278076172
06-03-1991,43.75,44.5512809753418,2775396,44.7115364074707,43.910255432128906,19.798904418945312
07-03-1991,43.66987228393555,43.910255432128906,1246908,44.230770111083984,43.66987228393555,19.690509796142578
08-03-1991,42.628204345703125,43.75,2373696,44.07051467895508,42.7884635925293,19.293087005615234
11-03-1991,42.7884635925293,42.86859130859375,2086344,43.83012771606445,43.83012771606445,19.762773513793945
12-03-1991,43.18910217285156,43.589744567871094,2273388,44.07051467895508,43.50961685180664,19.618253707885742
13-03-1991,43.18910217285156,43.34935760498047,1927068,44.471153259277344,44.471153259277344,20.051795959472656
14-03-1991,43.42948532104492,44.5512809753418,2966964,44.95192337036133,43.910255432128906,19.798904418945312
15-03-1991,43.66987228393555,44.07051467895508,4459416,44.31089782714844,43.99038314819336,19.835025787353516
18-03-1991,43.66987228393555,43.83012771606445,1568892,44.471153259277344,44.07051467895508,19.871166229248047
19-03-1991,43.18910217285156,43.589744567871094,1663116,43.589744567871094,43.269229888916016,19.509859085083008
20-03-1991,42.46794891357422,43.10897445678711,2424864,43.589744567871094,42.7884635925293,19.293087005615234
21-03-1991,42.387821197509766,42.9487190246582,1790412,43.18910217285156,42.46794891357422,19.148569107055664
22-03-1991,41.987178802490234,42.30769348144531,2070900,43.18910217285156,42.46794891357422,19.148569107055664
25-03-1991,42.70833206176758,42.70833206176758,1393236,43.34935760498047,42.86859130859375,19.32921028137207
26-03-1991,42.9487190246582,42.9487190246582,2457000,44.95192337036133,44.95192337036133,20.268587112426758
27-03-1991,44.15064239501953,44.871795654296875,2162940,45.19230651855469,44.5512809753418,20.087932586669922
28-03-1991,44.39102554321289,44.5512809753418,1394484,44.7115364074707,44.63140869140625,20.124059677124023
01-04-1991,44.5512809753418,44.63140869140625,2549196,45.43269348144531,44.7115364074707,20.16018295288086
02-04-1991,44.95192337036133,45.112178802490234,3064776,46.31410217285156,46.23397445678711,20.846643447875977
03-04-1991,45.59294891357422,46.47435760498047,2548884,46.714744567871094,45.753204345703125,20.629873275756836
04-04-1991,45.59294891357422,45.83333206176758,2110056,46.47435760498047,46.0737190246582,20.774377822875977
05-04-1991,45.03205108642578,46.23397445678711,2250144,46.47435760498047,45.43269348144531,20.48535919189453
08-04-1991,45.59294891357422,45.753204345703125,1325220,46.0737190246582,45.9134635925293,20.702131271362305
09-04-1991,45.512821197509766,45.753204345703125,1875276,46.31410217285156,45.67307662963867,20.593753814697266
10-04-1991,45.59294891357422,45.67307662963867,1768260,46.47435760498047,46.394229888916016,20.918909072875977
11-04-1991,46.394229888916016,46.63461685180664,2107872,47.11538314819336,46.63461685180664,21.027297973632812
12-04-1991,46.31410217285156,46.875,1730664,47.035255432128906,46.79487228393555,21.099552154541016
15-04-1991,46.63461685180664,47.035255432128906,2199912,47.51602554321289,47.27564239501953,21.31632423400879
16-04-1991,46.875,47.43589782714844,2893332,48.07692337036133,47.996795654296875,21.641496658325195
17-04-1991,47.75640869140625,47.8365364074707,2682108,48.31730651855469,48.237178802490234,21.7498779296875
18-04-1991,47.8365364074707,47.8365364074707,1979952,48.31730651855469,48.07692337036133,21.677637100219727
19-04-1991,47.27564239501953,47.8365364074707,2632188,48.55769348144531,47.6762809753418,21.496976852416992
22-04-1991,46.95512771606445,47.43589782714844,1725984,47.596153259277344,47.035255432128906,21.20794105529785
23-04-1991,46.23397445678711,47.27564239501953,1503060,47.355770111083984,46.714744567871094,21.06342124938965
24-04-1991,46.23397445678711,46.55448532104492,1296984,46.63461685180664,46.47435760498047,20.95503807067871
25-04-1991,45.83333206176758,46.394229888916016,1323660,46.394229888916016,45.83333206176758,20.66598892211914
26-04-1991,45.19230651855469,45.67307662963867,1231932,46.153846740722656,45.99359130859375,20.738265991210938
29-04-1991,44.79166793823242,45.99359130859375,1649700,46.63461685180664,44.871795654296875,20.232444763183594
30-04-1991,45.19230651855469,45.19230651855469,2440620,46.0737190246582,45.35256576538086,20.449241638183594
01-05-1991,45.27243423461914,45.512821197509766,1591980,46.55448532104492,46.47435760498047,20.95503807067871
02-05-1991,46.0737190246582,46.47435760498047,2096484,46.95512771606445,46.47435760498047,20.95503807067871
03-05-1991,46.23397445678711,46.394229888916016,876564,46.714744567871094,46.55448532104492,20.991167068481445
06-05-1991,46.153846740722656,46.47435760498047,929760,46.875,46.714744567871094,21.06342124938965
07-05-1991,46.63461685180664,46.714744567871094,1583088,47.19551467895508,46.875,21.13568115234375
08-05-1991,45.9134635925293,46.63461685180664,1719120,46.95512771606445,46.714744567871094,21.06342124938965
09-05-1991,46.63461685180664,47.035255432128906,1661556,47.51602554321289,47.19551467895508,21.28021240234375
10-05-1991,45.59294891357422,47.27564239501953,1784640,47.355770111083984,45.67307662963867,20.593753814697266
13-05-1991,45.59294891357422,45.99359130859375,1690572,46.23397445678711,45.83333206176758,20.66598892211914
14-05-1991,45.19230651855469,45.67307662963867,1618032,45.753204345703125,45.43269348144531,20.48535919189453
15-05-1991,44.63140869140625,45.27243423461914,1790256,45.9134635925293,45.43269348144531,20.48535919189453
16-05-1991,45.43269348144531,45.67307662963867,1235052,45.9134635925293,45.59294891357422,20.557619094848633
17-05-1991,45.03205108642578,45.43269348144531,3177564,45.9134635925293,45.83333206176758,20.66598892211914
20-05-1991,45.9134635925293,46.0737190246582,919464,46.55448532104492,46.31410217285156,20.882768630981445
21-05-1991,46.394229888916016,46.394229888916016,1530204,47.035255432128906,46.55448532104492,20.991167068481445
22-05-1991,45.67307662963867,46.55448532104492,1818960,46.55448532104492,45.753204345703125,20.629873275756836
23-05-1991,45.9134635925293,45.9134635925293,1521468,46.31410217285156,46.31410217285156,20.882768630981445
24-05-1991,46.394229888916016,46.394229888916016,776724,46.95512771606445,46.79487228393555,21.099552154541016
28-05-1991,46.79487228393555,46.95512771606445,1691820,47.51602554321289,47.51602554321289,21.42471694946289
29-05-1991,47.11538314819336,47.355770111083984,1820832,48.07692337036133,47.8365364074707,21.569242477416992
30-05-1991,47.596153259277344,47.6762809753418,3848988,49.1987190246582,49.0384635925293,22.111183166503906
31-05-1991,48.71794891357422,48.71794891357422,2971488,49.59935760498047,49.519229888916016,22.477807998657227
03-06-1991,49.0384635925293,49.35897445678711,2265588,49.75961685180664,49.67948532104492,22.550546646118164
04-06-1991,48.71794891357422,49.1987190246582,2362308,49.43910217285156,49.278846740722656,22.368690490722656
05-06-1991,48.47756576538086,49.278846740722656,1356576,49.35897445678711,48.47756576538086,22.004962921142578
06-06-1991,47.996795654296875,48.39743423461914,1726764,48.55769348144531,48.237178802490234,21.895854949951172
07-06-1991,47.19551467895508,48.07692337036133,1775592,48.15705108642578,47.51602554321289,21.56850814819336
10-06-1991,47.355770111083984,47.596153259277344,1322256,47.8365364074707,47.75640869140625,21.677629470825195
11-06-1991,47.8365364074707,47.91666793823242,1498224,48.237178802490234,48.237178802490234,21.895854949951172
12-06-1991,47.19551467895508,47.996795654296875,1624896,47.996795654296875,47.596153259277344,21.60488510131836
13-06-1991,47.596153259277344,47.75640869140625,1388244,47.996795654296875,47.996795654296875,21.7867374420166
14-06-1991,47.8365364074707,48.07692337036133,1808196,48.55769348144531,48.47756576538086,22.004962921142578
17-06-1991,47.8365364074707,48.47756576538086,1287000,48.47756576538086,47.8365364074707,21.713998794555664
18-06-1991,47.6762809753418,47.8365364074707,1265160,48.237178802490234,47.8365364074707,21.713998794555664
19-06-1991,47.27564239501953,47.596153259277344,1525836,47.75640869140625,47.51602554321289,21.56850814819336
20-06-1991,47.27564239501953,47.43589782714844,1617408,47.8365364074707,47.51602554321289,21.56850814819336
21-06-1991,47.43589782714844,47.43589782714844,3215628,48.07692337036133,48.07692337036133,21.823110580444336
24-06-1991,47.035255432128906,47.91666793823242,1311180,47.91666793823242,47.27564239501953,21.459392547607422
25-06-1991,46.95512771606445,47.43589782714844,1662336,47.51602554321289,47.19551467895508,21.42302703857422
26-06-1991,46.79487228393555,47.27564239501953,1607736,47.6762809753418,47.11538314819336,21.386642456054688
27-06-1991,47.19551467895508,47.27564239501953,1309620,47.91666793823242,47.8365364074707,21.713998794555664
28-06-1991,46.714744567871094,47.6762809753418,2133144,47.91666793823242,47.43589782714844,21.532127380371094
01-07-1991,47.6762809753418,47.75640869140625,1821924,48.31730651855469,47.996795654296875,21.7867374420166
02-07-1991,47.8365364074707,47.8365364074707,1452360,48.31730651855469,48.07692337036133,21.823110580444336
03-07-1991,47.355770111083984,47.6762809753418,1620060,47.8365364074707,47.43589782714844,21.532127380371094
05-07-1991,47.11538314819336,47.19551467895508,867204,47.51602554321289,47.27564239501953,21.459392547607422
08-07-1991,46.79487228393555,47.035255432128906,1719900,47.996795654296875,47.996795654296875,21.7867374420166
09-07-1991,47.6762809753418,47.996795654296875,1455948,48.31730651855469,47.91666793823242,21.750364303588867
10-07-1991,47.43589782714844,48.07692337036133,1687920,48.47756576538086,47.596153259277344,21.60488510131836
11-07-1991,47.596153259277344,47.8365364074707,1475136,48.237178802490234,48.07692337036133,21.823110580444336
12-07-1991,47.8365364074707,48.39743423461914,1575444,48.55769348144531,48.237178802490234,21.895854949951172
15-07-1991,47.996795654296875,48.07692337036133,1601184,48.47756576538086,48.31730651855469,21.93223762512207
16-07-1991,47.355770111083984,48.31730651855469,1851096,48.47756576538086,47.355770111083984,21.495758056640625
17-07-1991,45.9134635925293,46.95512771606445,4546776,47.11538314819336,45.99359130859375,20.87744140625
18-07-1991,46.0737190246582,46.0737190246582,2407392,46.875,46.875,21.277536392211914
19-07-1991,46.31410217285156,46.875,2708472,47.19551467895508,47.19551467895508,21.42302703857422
22-07-1991,46.79487228393555,47.035255432128906,1512888,47.19551467895508,46.95512771606445,21.313919067382812
23-07-1991,46.31410217285156,47.11538314819336,1994928,47.27564239501953,46.31410217285156,21.022926330566406
24-07-1991,45.753204345703125,46.394229888916016,3115944,46.47435760498047,45.753204345703125,20.768327713012695
25-07-1991,45.83333206176758,45.9134635925293,2118168,46.875,46.47435760498047,21.095674514770508
26-07-1991,46.153846740722656,46.47435760498047,976716,46.79487228393555,46.63461685180664,21.168432235717773
29-07-1991,46.31410217285156,46.47435760498047,1412736,46.714744567871094,46.63461685180664,21.168432235717773
30-07-1991,46.55448532104492,46.714744567871094,1551576,47.11538314819336,46.875,21.277536392211914
31-07-1991,46.714744567871094,46.79487228393555,1561404,47.035255432128906,46.95512771606445,21.313919067382812
01-08-1991,46.47435760498047,47.035255432128906,1597596,47.035255432128906,46.79487228393555,21.24115753173828
02-08-1991,46.55448532104492,47.035255432128906,1524120,47.035255432128906,46.63461685180664,21.168432235717773
05-08-1991,46.153846740722656,46.55448532104492,1250184,46.79487228393555,46.153846740722656,20.9501895904541
06-08-1991,45.83333206176758,46.0737190246582,2296008,46.79487228393555,46.63461685180664,21.168432235717773
07-08-1991,46.47435760498047,46.47435760498047,2389608,47.355770111083984,47.27564239501953,21.459392547607422
08-08-1991,47.11538314819336,47.19551467895508,1818024,47.75640869140625,47.355770111083984,21.495758056640625
09-08-1991,46.714744567871094,47.51602554321289,1327248,47.6762809753418,47.19551467895508,21.42302703857422
12-08-1991,46.875,47.11538314819336,1363596,47.27564239501953,47.035255432128906,21.350276947021484
13-08-1991,46.95512771606445,47.11538314819336,2091804,47.75640869140625,46.95512771606445,21.313919067382812
14-08-1991,46.47435760498047,47.19551467895508,2032992,47.19551467895508,46.79487228393555,21.24115753173828
15-08-1991,46.47435760498047,46.714744567871094,1731912,47.035255432128906,46.55448532104492,21.132055282592773
16-08-1991,45.9134635925293,46.55448532104492,2983656,46.95512771606445,46.153846740722656,20.9501895904541
19-08-1991,44.15064239501953,44.230770111083984,4294680,45.43269348144531,45.112178802490234,20.477344512939453
20-08-1991,44.871795654296875,45.512821197509766,2636556,45.59294891357422,45.19230651855469,20.51372718811035
21-08-1991,45.9134635925293,45.9134635925293,3285048,47.27564239501953,46.714744567871094,21.204784393310547
22-08-1991,46.63461685180664,46.714744567871094,2300064,47.27564239501953,46.79487228393555,21.24115753173828
23-08-1991,46.714744567871094,46.875,2637180,47.996795654296875,47.91666793823242,21.750364303588867
26-08-1991,47.51602554321289,47.91666793823242,1095120,48.07692337036133,47.8365364074707,21.713998794555664
27-08-1991,47.51602554321289,48.237178802490234,1516476,48.47756576538086,47.51602554321289,21.56850814819336
28-08-1991,47.51602554321289,47.51602554321289,1541280,48.15705108642578,47.996795654296875,21.7867374420166
29-08-1991,47.91666793823242,48.15705108642578,1092468,48.237178802490234,47.91666793823242,21.750364303588867
30-08-1991,47.6762809753418,47.8365364074707,818844,48.15705108642578,47.996795654296875,21.7867374420166
03-09-1991,47.51602554321289,47.996795654296875,1650948,48.31730651855469,47.51602554321289,21.56850814819336
04-09-1991,47.035255432128906,47.51602554321289,1503060,47.596153259277344,47.19551467895508,21.42302703857422
05-09-1991,45.9134635925293,46.95512771606445,3174444,46.95512771606445,46.31410217285156,21.022926330566406
06-09-1991,45.35256576538086,45.83333206176758,2812680,45.99359130859375,45.43269348144531,20.622852325439453
09-09-1991,44.95192337036133,45.35256576538086,1676376,45.512821197509766,45.19230651855469,20.51372718811035
10-09-1991,44.79166793823242,45.27243423461914,1870440,45.35256576538086,45.03205108642578,20.440977096557617
11-09-1991,44.871795654296875,45.03205108642578,2250924,45.27243423461914,45.112178802490234,20.477344512939453
12-09-1991,44.471153259277344,45.27243423461914,2981784,45.27243423461914,44.63140869140625,20.25912094116211
13-09-1991,43.18910217285156,44.7115364074707,4291872,44.7115364074707,43.50961685180664,19.749914169311523
16-09-1991,43.50961685180664,43.50961685180664,2828592,44.7115364074707,44.7115364074707,20.29548454284668
17-09-1991,44.230770111083984,44.7115364074707,2235168,44.95192337036133,44.31089782714844,20.113645553588867
18-09-1991,44.07051467895508,44.230770111083984,1242852,44.5512809753418,44.39102554321289,20.15000343322754
19-09-1991,44.31089782714844,44.39102554321289,2181036,44.95192337036133,44.5512809753418,20.222753524780273
20-09-1991,44.07051467895508,44.39102554321289,3020160,44.79166793823242,44.5512809753418,20.372251510620117
23-09-1991,44.230770111083984,44.5512809753418,1268280,44.7115364074707,44.230770111083984,20.225677490234375
24-09-1991,44.230770111083984,44.31089782714844,1952964,45.03205108642578,44.79166793823242,20.482166290283203
25-09-1991,44.15064239501953,44.79166793823242,1436604,44.871795654296875,44.15064239501953,20.189035415649414
26-09-1991,43.99038314819336,43.99038314819336,1518660,44.63140869140625,44.230770111083984,20.225677490234375
27-09-1991,43.99038314819336,44.31089782714844,1196520,44.7115364074707,44.15064239501953,20.189035415649414
30-09-1991,44.07051467895508,44.230770111083984,1428492,44.7115364074707,44.471153259277344,20.33560562133789
01-10-1991,44.63140869140625,44.7115364074707,1474824,44.95192337036133,44.79166793823242,20.482166290283203
02-10-1991,44.871795654296875,44.871795654296875,1832220,45.35256576538086,45.19230651855469,20.665374755859375
03-10-1991,44.31089782714844,45.03205108642578,1619436,45.19230651855469,44.31089782714844,20.26233673095703
04-10-1991,43.83012771606445,44.31089782714844,1794780,44.79166793823242,43.83012771606445,20.042484283447266
07-10-1991,42.7884635925293,43.83012771606445,2476500,43.83012771606445,43.10897445678711,19.71270751953125
08-10-1991,42.7884635925293,43.028846740722656,2417688,43.50961685180664,42.9487190246582,19.639436721801758
09-10-1991,41.82692337036133,42.9487190246582,3293004,42.9487190246582,41.90705108642578,19.163095474243164
10-10-1991,41.82692337036133,41.987178802490234,2828280,43.18910217285156,43.10897445678711,19.71270751953125
11-10-1991,42.06730651855469,43.10897445678711,1497912,43.18910217285156,42.628204345703125,19.49285888671875
14-10-1991,42.628204345703125,42.628204345703125,1507896,43.34935760498047,43.34935760498047,19.8226318359375
15-10-1991,43.34935760498047,43.42948532104492,3047148,45.03205108642578,44.871795654296875,20.5188045501709
16-10-1991,44.95192337036133,45.512821197509766,2907996,45.99359130859375,45.67307662963867,20.885223388671875
17-10-1991,45.512821197509766,45.512821197509766,2869152,46.47435760498047,45.83333206176758,20.95848846435547
18-10-1991,45.27243423461914,45.83333206176758,2569164,45.99359130859375,45.753204345703125,20.921855926513672
21-10-1991,45.43269348144531,45.67307662963867,1234428,46.0737190246582,45.512821197509766,20.81194305419922
22-10-1991,45.43269348144531,45.512821197509766,1379352,45.83333206176758,45.59294891357422,20.84857940673828
23-10-1991,45.43269348144531,45.59294891357422,1375764,46.153846740722656,46.153846740722656,21.10506248474121
24-10-1991,45.35256576538086,45.9134635925293,2007408,46.0737190246582,45.59294891357422,20.84857940673828
25-10-1991,43.99038314819336,45.27243423461914,2278536,45.35256576538086,44.31089782714844,20.26233673095703
28-10-1991,44.471153259277344,44.5512809753418,1721616,45.03205108642578,45.03205108642578,20.592084884643555
29-10-1991,44.63140869140625,44.95192337036133,2149212,45.512821197509766,45.43269348144531,20.775306701660156
30-10-1991,44.79166793823242,45.43269348144531,1857336,45.512821197509766,44.95192337036133,20.55545997619629
31-10-1991,44.15064239501953,45.03205108642578,2003820,45.112178802490234,44.230770111083984,20.225677490234375
01-11-1991,43.42948532104492,44.5512809753418,2159664,44.5512809753418,43.83012771606445,20.042484283447266
04-11-1991,43.42948532104492,43.75,1468896,44.07051467895508,43.910255432128906,20.079124450683594
05-11-1991,43.42948532104492,44.07051467895508,1661712,44.230770111083984,43.589744567871094,19.932552337646484
06-11-1991,43.589744567871094,43.75,1802268,43.99038314819336,43.910255432128906,20.079124450683594
07-11-1991,43.589744567871094,43.910255432128906,1715064,43.99038314819336,43.910255432128906,20.079124450683594
08-11-1991,43.910255432128906,44.230770111083984,1476228,44.471153259277344,44.07051467895508,20.152406692504883
11-11-1991,43.910255432128906,43.99038314819336,1027104,44.31089782714844,43.910255432128906,20.079124450683594
12-11-1991,43.75,44.07051467895508,2086344,44.63140869140625,44.31089782714844,20.26233673095703
13-11-1991,43.66987228393555,44.07051467895508,1872780,44.63140869140625,44.63140869140625,20.408885955810547
14-11-1991,44.63140869140625,44.79166793823242,2185560,45.19230651855469,45.112178802490234,20.628725051879883
15-11-1991,43.10897445678711,45.112178802490234,3888924,45.112178802490234,43.18910217285156,19.749343872070312
18-11-1991,43.10897445678711,43.42948532104492,3129516,43.99038314819336,43.99038314819336,20.115764617919922
19-11-1991,42.54807662963867,43.75,2915172,43.83012771606445,43.66987228393555,19.969205856323242
20-11-1991,42.86859130859375,43.83012771606445,2053740,43.910255432128906,42.9487190246582,19.639436721801758
21-11-1991,42.54807662963867,42.86859130859375,2219256,43.028846740722656,42.7884635925293,19.566144943237305
22-11-1991,41.90705108642578,42.7884635925293,2338908,43.10897445678711,42.54807662963867,19.456228256225586
25-11-1991,41.987178802490234,42.46794891357422,2184468,43.42948532104492,42.14743423461914,19.273021697998047
26-11-1991,41.26602554321289,42.30769348144531,3405480,42.54807662963867,42.14743423461914,19.273021697998047
27-11-1991,41.746795654296875,41.987178802490234,1619124,42.30769348144531,41.987178802490234,19.199735641479492
29-11-1991,41.50640869140625,41.82692337036133,664092,41.90705108642578,41.50640869140625,18.979888916015625
02-12-1991,40.70512771606445,41.02564239501953,2988024,42.14743423461914,42.14743423461914,19.273021697998047
03-12-1991,41.346153259277344,41.5865364074707,1952652,41.90705108642578,41.4262809753418,19.103050231933594
04-12-1991,40.38461685180664,41.50640869140625,3197844,41.50640869140625,40.70512771606445,18.770509719848633
05-12-1991,39.98397445678711,40.54487228393555,2874924,40.625,39.98397445678711,18.437957763671875
06-12-1991,39.74359130859375,39.74359130859375,4056468,41.50640869140625,40.94551467895508,18.881351470947266
09-12-1991,41.02564239501953,41.26602554321289,2707848,42.06730651855469,41.5865364074707,19.17694854736328
10-12-1991,41.4262809753418,41.4262809753418,1963728,42.14743423461914,41.66666793823242,19.213897705078125
11-12-1991,41.26602554321289,41.746795654296875,2271204,42.14743423461914,42.14743423461914,19.43560028076172
12-12-1991,42.22756576538086,42.46794891357422,1926444,42.9487190246582,42.70833206176758,19.694252014160156
13-12-1991,43.028846740722656,43.18910217285156,2948556,43.66987228393555,43.50961685180664,20.063745498657227
16-12-1991,43.34935760498047,43.66987228393555,1852968,43.99038314819336,43.42948532104492,20.02680206298828
17-12-1991,43.50961685180664,43.589744567871094,1681212,43.99038314819336,43.83012771606445,20.211549758911133
18-12-1991,43.269229888916016,43.75,1928628,43.83012771606445,43.75,20.174591064453125
19-12-1991,43.34935760498047,43.42948532104492,2132364,43.75,43.66987228393555,20.137653350830078
20-12-1991,43.99038314819336,44.15064239501953,5868408,44.95192337036133,44.7115364074707,20.617990493774414
23-12-1991,44.63140869140625,44.63140869140625,3003780,46.153846740722656,46.153846740722656,21.283092498779297
24-12-1991,46.31410217285156,46.394229888916016,2738580,47.51602554321289,47.355770111083984,21.83733367919922
26-12-1991,47.27564239501953,47.43589782714844,2398968,48.237178802490234,48.15705108642578,22.206838607788086
27-12-1991,47.27564239501953,47.75640869140625,2252484,47.996795654296875,47.43589782714844,21.874284744262695
30-12-1991,47.43589782714844,47.43589782714844,4278144,49.35897445678711,49.278846740722656,22.724132537841797
31-12-1991,48.39743423461914,49.1987190246582,4076904,50.08012771606445,49.0384635925293,22.61328887939453
02-01-1992,48.47756576538086,48.47756576538086,3190044,49.1987190246582,49.11859130859375,22.650239944458008
03-01-1992,48.79807662963867,49.11859130859375,2897700,49.35897445678711,48.878204345703125,22.539392471313477
06-01-1992,48.237178802490234,48.637821197509766,2871024,48.878204345703125,48.637821197509766,22.42854881286621
07-01-1992,47.91666793823242,48.07692337036133,2740296,48.39743423461914,48.39743423461914,22.317689895629883
08-01-1992,47.51602554321289,48.07692337036133,2474316,48.55769348144531,48.31730651855469,22.280738830566406
09-01-1992,47.19551467895508,48.07692337036133,2237352,48.237178802490234,47.6762809753418,21.985136032104492
10-01-1992,47.355770111083984,47.51602554321289,1831440,47.996795654296875,47.75640869140625,22.02208137512207
13-01-1992,47.43589782714844,47.596153259277344,1883232,48.71794891357422,48.237178802490234,22.243783950805664
14-01-1992,47.91666793823242,48.237178802490234,2086188,48.95833206176758,48.878204345703125,22.539392471313477
15-01-1992,48.79807662963867,49.0384635925293,2762136,49.59935760498047,49.43910217285156,22.79804229736328
16-01-1992,49.43910217285156,49.519229888916016,3565536,50.24038314819336,50.0,23.056673049926758
17-01-1992,49.67948532104492,49.67948532104492,4850508,51.04166793823242,50.9615364074707,23.500070571899414
20-01-1992,50.8012809753418,50.88140869140625,2784600,51.68269348144531,51.60256576538086,23.795679092407227
21-01-1992,49.839744567871094,51.52243423461914,3056040,51.52243423461914,50.0,23.056673049926758
22-01-1992,50.24038314819336,50.32051467895508,2307084,50.9615364074707,50.9615364074707,23.500070571899414
23-01-1992,50.40064239501953,50.9615364074707,2286960,51.762821197509766,50.64102554321289,23.352279663085938
24-01-1992,50.24038314819336,50.40064239501953,1699152,50.88140869140625,50.24038314819336,23.167524337768555
27-01-1992,50.0,50.32051467895508,1475292,50.40064239501953,50.160255432128906,23.130584716796875
28-01-1992,49.91987228393555,50.0,1532076,50.40064239501953,50.08012771606445,23.0936336517334
29-01-1992,49.278846740722656,50.0,2313636,50.64102554321289,49.59935760498047,22.871931076049805
30-01-1992,48.878204345703125,49.67948532104492,2051712,49.75961685180664,49.0384635925293,22.61328887939453
31-01-1992,48.07692337036133,48.95833206176758,2008344,49.11859130859375,48.237178802490234,22.243783950805664
03-02-1992,47.996795654296875,48.07692337036133,2533284,48.71794891357422,48.71794891357422,22.46548080444336
04-02-1992,48.47756576538086,48.637821197509766,1772940,49.43910217285156,49.278846740722656,22.724132537841797
05-02-1992,49.278846740722656,49.35897445678711,2137044,50.24038314819336,49.67948532104492,22.908876419067383
06-02-1992,49.278846740722656,49.91987228393555,1452672,50.160255432128906,49.67948532104492,22.908876419067383
07-02-1992,49.11859130859375,49.67948532104492,1863732,49.839744567871094,49.519229888916016,22.834983825683594
10-02-1992,49.1987190246582,49.519229888916016,1365624,49.839744567871094,49.59935760498047,22.871931076049805
11-02-1992,49.11859130859375,49.519229888916016,1227096,49.75961685180664,49.35897445678711,22.76108741760254
12-02-1992,49.278846740722656,49.43910217285156,1317732,50.08012771606445,49.91987228393555,23.019729614257812
13-02-1992,49.35897445678711,50.24038314819336,1774656,50.56089782714844,49.59935760498047,22.871931076049805
14-02-1992,49.43910217285156,49.519229888916016,1594476,49.91987228393555,49.43910217285156,22.79804229736328
18-02-1992,49.43910217285156,49.75961685180664,2032056,50.160255432128906,49.43910217285156,22.79804229736328
19-02-1992,49.43910217285156,49.43910217285156,1863732,50.24038314819336,50.24038314819336,23.167524337768555
20-02-1992,50.40064239501953,50.40064239501953,4332276,51.60256576538086,51.52243423461914,23.758729934692383
21-02-1992,51.04166793823242,51.28205108642578,3289728,51.52243423461914,51.52243423461914,23.758729934692383
24-02-1992,51.28205108642578,51.52243423461914,1714284,51.762821197509766,51.44230651855469,23.72178840637207
25-02-1992,50.721153259277344,51.28205108642578,1881048,51.362178802490234,50.88140869140625,23.463130950927734
26-02-1992,50.8012809753418,50.8012809753418,1698684,51.362178802490234,50.88140869140625,23.463130950927734
27-02-1992,50.40064239501953,50.9615364074707,1363596,51.04166793823242,50.56089782714844,23.315322875976562
28-02-1992,50.32051467895508,50.721153259277344,1467180,50.9615364074707,50.40064239501953,23.241436004638672
02-03-1992,50.24038314819336,50.40064239501953,2007564,51.20192337036133,50.9615364074707,23.500070571899414
03-03-1992,50.160255432128906,50.721153259277344,1727232,50.88140869140625,50.32051467895508,23.36613655090332
04-03-1992,49.75961685180664,50.480770111083984,1929720,50.64102554321289,49.75961685180664,23.10568618774414
05-03-1992,49.519229888916016,49.59935760498047,2050464,50.160255432128906,49.839744567871094,23.142885208129883
06-03-1992,49.43910217285156,50.0,1653600,50.160255432128906,49.67948532104492,23.068464279174805
09-03-1992,49.35897445678711,49.519229888916016,1570452,49.75961685180664,49.67948532104492,23.068464279174805
10-03-1992,49.67948532104492,49.75961685180664,1409148,50.24038314819336,49.839744567871094,23.142885208129883
11-03-1992,49.0384635925293,49.839744567871094,1680588,50.0,49.43910217285156,22.956857681274414
12-03-1992,49.278846740722656,49.35897445678711,1633944,49.75961685180664,49.43910217285156,22.956857681274414
13-03-1992,49.67948532104492,49.839744567871094,1408368,50.08012771606445,50.0,23.21729850769043
16-03-1992,49.43910217285156,49.75961685180664,887016,50.0,50.0,23.21729850769043
17-03-1992,49.839744567871094,49.839744567871094,1608828,50.56089782714844,50.40064239501953,23.403339385986328
18-03-1992,50.0,50.24038314819336,1492452,50.56089782714844,50.32051467895508,23.36613655090332
19-03-1992,50.08012771606445,50.40064239501953,1226004,50.480770111083984,50.08012771606445,23.25450897216797
20-03-1992,49.91987228393555,50.0,3144960,50.56089782714844,50.40064239501953,23.403339385986328
23-03-1992,49.75961685180664,50.32051467895508,1561248,50.32051467895508,50.08012771606445,23.25450897216797
24-03-1992,49.75961685180664,50.160255432128906,1355328,50.32051467895508,49.839744567871094,23.142885208129883
25-03-1992,49.67948532104492,49.75961685180664,1178892,50.08012771606445,49.91987228393555,23.180095672607422
26-03-1992,49.1987190246582,50.0,1109628,50.0,49.278846740722656,22.88243865966797
27-03-1992,48.79807662963867,49.11859130859375,989664,49.278846740722656,48.79807662963867,22.659198760986328
30-03-1992,48.637821197509766,48.878204345703125,937716,49.1987190246582,48.71794891357422,22.621984481811523
31-03-1992,48.47756576538086,48.71794891357422,1441596,49.278846740722656,48.55769348144531,22.547576904296875
01-04-1992,48.237178802490234,48.39743423461914,1571700,48.95833206176758,48.95833206176758,22.73360252380371
02-04-1992,48.07692337036133,49.0384635925293,1686984,49.11859130859375,48.237178802490234,22.398744583129883
03-04-1992,47.91666793823242,48.15705108642578,1527552,48.39743423461914,47.996795654296875,22.28712272644043
06-04-1992,47.996795654296875,48.15705108642578,1159548,48.55769348144531,48.47756576538086,22.51036834716797
07-04-1992,47.43589782714844,48.47756576538086,2048124,48.55769348144531,47.51602554321289,22.06389045715332
08-04-1992,46.63461685180664,47.11538314819336,3356808,47.75640869140625,46.714744567871094,21.69180679321289
09-04-1992,46.79487228393555,47.11538314819336,2604576,47.996795654296875,47.91666793823242,22.249929428100586
10-04-1992,48.237178802490234,48.237178802490234,1772628,48.878204345703125,48.71794891357422,22.621984481811523
13-04-1992,48.237178802490234,48.79807662963867,1071876,48.95833206176758,48.237178802490234,22.398744583129883
14-04-1992,48.637821197509766,48.637821197509766,2425488,49.59935760498047,49.1987190246582,22.845233917236328
15-04-1992,49.43910217285156,49.519229888916016,2239848,50.0,50.0,23.21729850769043
16-04-1992,49.839744567871094,50.0,3348228,50.64102554321289,50.64102554321289,23.514963150024414
20-04-1992,50.160255432128906,50.32051467895508,2454192,50.8012809753418,50.480770111083984,23.440549850463867
21-04-1992,49.43910217285156,50.0,2736240,50.08012771606445,49.839744567871094,23.142885208129883
22-04-1992,48.95833206176758,49.519229888916016,2466828,49.67948532104492,49.519229888916016,22.994062423706055
23-04-1992,48.55769348144531,49.519229888916016,2801604,49.67948532104492,49.11859130859375,22.808019638061523
24-04-1992,48.39743423461914,49.11859130859375,1436760,49.35897445678711,48.637821197509766,22.584793090820312
27-04-1992,48.31730651855469,48.39743423461914,1165944,48.878204345703125,48.637821197509766,22.584793090820312
28-04-1992,48.31730651855469,48.55769348144531,1484808,49.0384635925293,48.71794891357422,22.621984481811523
29-04-1992,48.39743423461914,48.878204345703125,1431924,48.95833206176758,48.55769348144531,22.547576904296875
30-04-1992,48.31730651855469,48.47756576538086,2236884,49.11859130859375,49.11859130859375,22.808019638061523
01-05-1992,48.39743423461914,48.95833206176758,1788072,49.11859130859375,48.55769348144531,22.547576904296875
04-05-1992,48.637821197509766,48.637821197509766,1634256,49.519229888916016,49.519229888916016,22.994062423706055
05-05-1992,49.1987190246582,49.59935760498047,1251432,49.67948532104492,49.35897445678711,22.919635772705078
06-05-1992,48.878204345703125,49.43910217285156,1916304,49.519229888916016,49.35897445678711,22.919635772705078
07-05-1992,49.278846740722656,49.35897445678711,1604304,49.75961685180664,49.278846740722656,22.88243865966797
08-05-1992,49.1987190246582,49.43910217285156,1469676,49.75961685180664,49.67948532104492,23.068464279174805
11-05-1992,49.75961685180664,49.75961685180664,3159780,50.9615364074707,50.721153259277344,23.552173614501953
12-05-1992,50.40064239501953,50.721153259277344,2195544,51.04166793823242,50.64102554321289,23.514963150024414
13-05-1992,50.160255432128906,50.8012809753418,1722864,50.88140869140625,50.24038314819336,23.32893180847168
14-05-1992,49.59935760498047,50.24038314819336,1456728,50.24038314819336,49.91987228393555,23.180095672607422
15-05-1992,49.43910217285156,49.59935760498047,2880228,49.75961685180664,49.519229888916016,22.994062423706055
18-05-1992,49.0384635925293,49.839744567871094,1072656,49.91987228393555,49.278846740722656,22.88243865966797
19-05-1992,49.0384635925293,49.278846740722656,1320540,50.160255432128906,50.08012771606445,23.25450897216797
20-05-1992,49.67948532104492,50.0,980304,50.08012771606445,49.75961685180664,23.10568618774414
21-05-1992,48.95833206176758,49.59935760498047,1066260,49.59935760498047,49.1987190246582,22.845233917236328
22-05-1992,48.95833206176758,49.1987190246582,746304,49.35897445678711,49.11859130859375,22.808019638061523
26-05-1992,48.15705108642578,49.11859130859375,1352676,49.11859130859375,48.15705108642578,22.361543655395508
27-05-1992,48.237178802490234,48.39743423461914,967668,48.79807662963867,48.637821197509766,22.584793090820312
28-05-1992,48.47756576538086,48.79807662963867,928356,49.43910217285156,49.43910217285156,22.956857681274414
29-05-1992,48.95833206176758,49.59935760498047,1457820,49.839744567871094,48.95833206176758,22.73360252380371
01-06-1992,48.39743423461914,49.0384635925293,1406340,49.0384635925293,48.95833206176758,22.73360252380371
02-06-1992,47.91666793823242,48.39743423461914,1303380,48.55769348144531,48.39743423461914,22.636171340942383
03-06-1992,48.15705108642578,48.71794891357422,1457664,48.878204345703125,48.71794891357422,22.78607749938965
04-06-1992,48.39743423461914,48.71794891357422,1439724,49.0384635925293,48.878204345703125,22.861034393310547
05-06-1992,48.878204345703125,49.0384635925293,1286376,49.839744567871094,49.67948532104492,23.235795974731445
08-06-1992,48.878204345703125,49.59935760498047,1014312,49.67948532104492,48.878204345703125,22.861034393310547
09-06-1992,48.71794891357422,49.0384635925293,924612,49.11859130859375,48.79807662963867,22.82355499267578
10-06-1992,48.55769348144531,48.71794891357422,920868,49.0384635925293,48.637821197509766,22.74860191345215
11-06-1992,48.15705108642578,48.637821197509766,1118052,49.278846740722656,49.1987190246582,23.01093292236328
12-06-1992,48.79807662963867,49.519229888916016,902460,49.519229888916016,48.878204345703125,22.861034393310547
15-06-1992,48.55769348144531,48.637821197509766,1289652,49.35897445678711,49.0384635925293,22.935998916625977
16-06-1992,49.35897445678711,49.519229888916016,1163136,49.91987228393555,49.59935760498047,23.19832992553711
17-06-1992,48.71794891357422,49.519229888916016,1670292,49.519229888916016,48.71794891357422,22.78607749938965
18-06-1992,48.55769348144531,48.95833206176758,1821144,49.1987190246582,48.71794891357422,22.78607749938965
19-06-1992,48.71794891357422,48.79807662963867,3702036,49.35897445678711,48.71794891357422,22.78607749938965
22-06-1992,48.237178802490234,48.55769348144531,1136304,48.95833206176758,48.878204345703125,22.861034393310547
23-06-1992,48.71794891357422,48.95833206176758,1241292,49.1987190246582,48.95833206176758,22.898509979248047
24-06-1992,48.71794891357422,48.95833206176758,896844,49.1987190246582,48.95833206176758,22.898509979248047
25-06-1992,49.0384635925293,49.1987190246582,1130844,49.67948532104492,49.519229888916016,23.160852432250977
26-06-1992,49.1987190246582,49.278846740722656,1357668,50.0,50.0,23.38571548461914
29-06-1992,49.67948532104492,50.0,1254084,50.64102554321289,50.64102554321289,23.68551254272461
30-06-1992,49.67948532104492,50.64102554321289,1628484,50.88140869140625,49.839744567871094,23.310760498046875
01-07-1992,50.0,50.08012771606445,1474512,50.480770111083984,50.32051467895508,23.53562355041504
02-07-1992,49.43910217285156,50.32051467895508,1632072,50.40064239501953,49.519229888916016,23.160852432250977
06-07-1992,49.1987190246582,49.43910217285156,1693692,49.67948532104492,49.59935760498047,23.19832992553711
07-07-1992,48.79807662963867,49.839744567871094,1614600,50.0,48.79807662963867,22.82355499267578
08-07-1992,48.47756576538086,48.71794891357422,1200576,49.35897445678711,49.35897445678711,23.085901260375977
09-07-1992,49.1987190246582,49.35897445678711,1167348,49.839744567871094,49.839744567871094,23.310760498046875
10-07-1992,48.95833206176758,49.75961685180664,957996,49.91987228393555,48.95833206176758,22.898509979248047
13-07-1992,48.878204345703125,49.11859130859375,704964,49.519229888916016,49.1987190246582,23.01093292236328
14-07-1992,49.11859130859375,49.1987190246582,970788,49.91987228393555,49.91987228393555,23.348237991333008
15-07-1992,49.75961685180664,49.91987228393555,1108692,50.32051467895508,50.08012771606445,23.423173904418945
16-07-1992,49.11859130859375,49.43910217285156,1958268,49.59935760498047,49.59935760498047,23.19832992553711
17-07-1992,49.35897445678711,49.43910217285156,2470572,50.08012771606445,49.67948532104492,23.235795974731445
20-07-1992,49.11859130859375,49.11859130859375,1067820,49.59935760498047,49.519229888916016,23.160852432250977
21-07-1992,49.43910217285156,49.67948532104492,1537848,49.839744567871094,49.43910217285156,23.123376846313477
22-07-1992,49.0384635925293,49.278846740722656,852384,49.43910217285156,49.0384635925293,22.935998916625977
23-07-1992,48.79807662963867,49.0384635925293,1755000,49.278846740722656,49.278846740722656,23.048423767089844
24-07-1992,47.91666793823242,48.95833206176758,1883544,49.0384635925293,47.91666793823242,22.41131591796875
27-07-1992,47.996795654296875,47.996795654296875,1197924,48.47756576538086,48.07692337036133,22.48626708984375
28-07-1992,48.07692337036133,48.07692337036133,1957800,48.637821197509766,48.55769348144531,22.711116790771484
29-07-1992,48.79807662963867,48.878204345703125,2260440,49.43910217285156,49.43910217285156,23.123376846313477
30-07-1992,48.79807662963867,49.519229888916016,2068248,49.75961685180664,48.878204345703125,22.861034393310547
31-07-1992,48.637821197509766,48.79807662963867,1098396,49.43910217285156,49.0384635925293,22.935998916625977
03-08-1992,48.15705108642578,48.95833206176758,1577940,49.11859130859375,48.237178802490234,22.56122589111328
04-08-1992,48.31730651855469,48.71794891357422,1421628,48.71794891357422,48.39743423461914,22.636171340942383
05-08-1992,47.91666793823242,48.39743423461914,1243788,48.39743423461914,47.996795654296875,22.448795318603516
06-08-1992,47.91666793823242,47.91666793823242,2067468,48.55769348144531,48.47756576538086,22.673646926879883
07-08-1992,48.31730651855469,48.39743423461914,1701804,48.95833206176758,48.39743423461914,22.636171340942383
10-08-1992,48.237178802490234,48.237178802490234,895128,48.55769348144531,48.47756576538086,22.673646926879883
11-08-1992,48.07692337036133,48.637821197509766,1337544,48.637821197509766,48.55769348144531,22.711116790771484
12-08-1992,48.07692337036133,48.39743423461914,1326468,48.637821197509766,48.15705108642578,22.523738861083984
13-08-1992,48.07692337036133,48.47756576538086,1318044,48.637821197509766,48.237178802490234,22.56122589111328
14-08-1992,48.237178802490234,48.39743423461914,1041924,48.71794891357422,48.39743423461914,22.636171340942383
17-08-1992,48.237178802490234,48.237178802490234,827424,48.95833206176758,48.71794891357422,22.78607749938965
18-08-1992,48.637821197509766,48.71794891357422,982176,49.278846740722656,49.11859130859375,22.973474502563477
19-08-1992,48.71794891357422,49.11859130859375,1022736,49.1987190246582,48.79807662963867,22.82355499267578
20-08-1992,48.55769348144531,48.878204345703125,1222572,48.878204345703125,48.79807662963867,22.82355499267578
21-08-1992,48.07692337036133,49.0384635925293,1990716,49.1987190246582,48.15705108642578,22.523738861083984
24-08-1992,47.43589782714844,47.996795654296875,1743300,48.07692337036133,47.51602554321289,22.22393035888672
25-08-1992,47.27564239501953,47.596153259277344,1422564,47.75640869140625,47.43589782714844,22.18643569946289
26-08-1992,47.11538314819336,47.43589782714844,1300572,47.596153259277344,47.27564239501953,22.11149787902832
27-08-1992,47.51602554321289,47.75640869140625,1521624,47.996795654296875,47.596153259277344,22.261404037475586
28-08-1992,46.79487228393555,47.51602554321289,1931436,47.596153259277344,47.035255432128906,21.999059677124023
31-08-1992,47.035255432128906,47.11538314819336,1511016,47.75640869140625,47.43589782714844,22.18643569946289
01-09-1992,47.11538314819336,47.355770111083984,1385280,47.596153259277344,47.596153259277344,22.261404037475586
02-09-1992,47.27564239501953,47.43589782714844,1484652,48.07692337036133,47.75640869140625,22.33635711669922
03-09-1992,47.75640869140625,47.8365364074707,1930968,48.15705108642578,47.91666793823242,22.41131591796875
04-09-1992,47.8365364074707,47.8365364074707,897624,48.15705108642578,47.8365364074707,22.37383270263672
08-09-1992,47.51602554321289,47.91666793823242,1301664,48.07692337036133,47.51602554321289,22.22393035888672
09-09-1992,47.596153259277344,47.6762809753418,1107600,47.91666793823242,47.75640869140625,22.33635711669922
10-09-1992,47.8365364074707,47.91666793823242,1137708,48.237178802490234,48.237178802490234,22.56122589111328
11-09-1992,47.91666793823242,48.07692337036133,1537848,48.31730651855469,48.15705108642578,22.523738861083984
14-09-1992,48.55769348144531,48.71794891357422,2886624,49.839744567871094,49.67948532104492,23.235795974731445
15-09-1992,49.519229888916016,49.519229888916016,2416596,50.160255432128906,49.519229888916016,23.160852432250977
16-09-1992,49.35897445678711,49.43910217285156,1904916,50.40064239501953,50.0,23.38571548461914
17-09-1992,50.160255432128906,50.24038314819336,1603212,50.721153259277344,50.64102554321289,23.68551254272461
18-09-1992,50.40064239501953,50.64102554321289,3245892,51.121795654296875,51.04166793823242,23.872913360595703
21-09-1992,50.32051467895508,50.64102554321289,1116648,50.8012809753418,50.32051467895508,23.71131134033203
22-09-1992,49.519229888916016,50.08012771606445,1245036,50.24038314819336,49.519229888916016,23.3337459564209
23-09-1992,49.1987190246582,49.43910217285156,2668068,49.91987228393555,49.75961685180664,23.4470272064209
24-09-1992,49.75961685180664,50.08012771606445,1154088,50.32051467895508,49.91987228393555,23.52253532409668
25-09-1992,49.67948532104492,49.91987228393555,835536,50.0,49.91987228393555,23.52253532409668
28-09-1992,49.67948532104492,49.75961685180664,1316640,50.8012809753418,50.8012809753418,23.93785285949707
29-09-1992,50.0,50.64102554321289,1087008,50.721153259277344,50.08012771606445,23.598039627075195
30-09-1992,50.08012771606445,50.160255432128906,1242540,50.480770111083984,50.160255432128906,23.635799407958984
01-10-1992,49.67948532104492,50.32051467895508,1617564,50.32051467895508,49.91987228393555,23.52253532409668
02-10-1992,48.55769348144531,50.0,1486836,50.160255432128906,48.55769348144531,22.880661010742188
05-10-1992,46.875,48.39743423461914,2937168,48.47756576538086,48.31730651855469,22.76740074157715
06-10-1992,47.75640869140625,48.31730651855469,1225224,48.55769348144531,47.75640869140625,22.50309944152832
07-10-1992,47.27564239501953,47.996795654296875,1460784,48.07692337036133,47.27564239501953,22.27656364440918
08-10-1992,47.43589782714844,47.51602554321289,1752348,48.47756576538086,48.39743423461914,22.805156707763672
09-10-1992,47.91666793823242,48.47756576538086,1018212,48.47756576538086,48.07692337036133,22.65412712097168
12-10-1992,48.07692337036133,48.07692337036133,832884,48.47756576538086,48.31730651855469,22.76740074157715
13-10-1992,47.91666793823242,48.31730651855469,1543464,48.878204345703125,47.996795654296875,22.616378784179688
14-10-1992,47.8365364074707,48.07692337036133,1425216,48.637821197509766,48.07692337036133,22.65412712097168
15-10-1992,48.07692337036133,48.07692337036133,1386528,48.55769348144531,48.15705108642578,22.691877365112305
16-10-1992,48.15705108642578,48.39743423461914,2378376,49.0384635925293,48.878204345703125,23.031696319580078
19-10-1992,48.55769348144531,48.71794891357422,1865448,49.43910217285156,48.95833206176758,23.06945037841797
20-10-1992,48.71794891357422,49.0384635925293,1497600,49.278846740722656,49.0384635925293,23.107219696044922
21-10-1992,48.71794891357422,49.11859130859375,898092,49.11859130859375,48.71794891357422,22.9561767578125
22-10-1992,48.39743423461914,48.71794891357422,1068444,48.95833206176758,48.95833206176758,23.06945037841797
23-10-1992,48.55769348144531,48.95833206176758,1131624,49.1987190246582,48.637821197509766,22.918418884277344
26-10-1992,48.637821197509766,48.71794891357422,1040052,49.278846740722656,49.278846740722656,23.22047996520996
27-10-1992,48.878204345703125,49.43910217285156,1740960,49.839744567871094,49.11859130859375,23.144962310791016
28-10-1992,48.95833206176758,49.0384635925293,1271244,49.839744567871094,49.839744567871094,23.484779357910156
29-10-1992,49.43910217285156,49.839744567871094,743184,49.839744567871094,49.67948532104492,23.409252166748047
30-10-1992,48.95833206176758,49.75961685180664,855660,49.75961685180664,49.1987190246582,23.18271255493164
02-11-1992,49.278846740722656,49.278846740722656,1509768,50.32051467895508,50.32051467895508,23.71131134033203
03-11-1992,49.839744567871094,50.32051467895508,1495572,50.32051467895508,50.08012771606445,23.598039627075195
04-11-1992,50.08012771606445,50.56089782714844,2002416,50.9615364074707,50.24038314819336,23.673561096191406
05-11-1992,49.75961685180664,50.40064239501953,1145508,50.56089782714844,50.160255432128906,23.635799407958984
06-11-1992,49.67948532104492,50.24038314819336,901992,50.24038314819336,49.67948532104492,23.409252166748047
09-11-1992,49.43910217285156,49.67948532104492,1289808,50.480770111083984,50.0,23.5602970123291
10-11-1992,49.35897445678711,50.0,1446588,50.160255432128906,49.519229888916016,23.3337459564209
11-11-1992,49.59935760498047,49.59935760498047,1169376,50.24038314819336,50.24038314819336,23.673561096191406
12-11-1992,49.839744567871094,50.24038314819336,1094652,50.480770111083984,50.480770111083984,23.786832809448242
13-11-1992,50.08012771606445,50.24038314819336,950976,50.56089782714844,50.56089782714844,23.8245792388916
16-11-1992,50.0,50.480770111083984,986856,50.56089782714844,50.0,23.5602970123291
17-11-1992,49.839744567871094,50.08012771606445,888264,50.24038314819336,50.0,23.5602970123291
18-11-1992,49.75961685180664,49.91987228393555,1554852,50.56089782714844,50.480770111083984,23.786832809448242
19-11-1992,50.0,50.480770111083984,1058616,50.480770111083984,50.08012771606445,23.598039627075195
20-11-1992,50.32051467895508,50.56089782714844,3805932,51.362178802490234,51.28205108642578,24.164392471313477
23-11-1992,51.44230651855469,51.84294891357422,3361488,52.72435760498047,52.644229888916016,24.806262969970703
24-11-1992,52.24359130859375,52.48397445678711,3821688,53.52564239501953,52.964744567871094,24.957298278808594
25-11-1992,52.88461685180664,52.88461685180664,2159196,53.605770111083984,53.125,25.03280258178711
27-11-1992,52.88461685180664,53.04487228393555,1043640,53.285255432128906,53.125,25.03280258178711
30-11-1992,52.88461685180664,53.125,1789320,53.68589782714844,53.36538314819336,25.146076202392578
01-12-1992,52.403846740722656,52.88461685180664,1755000,53.125,52.644229888916016,24.99541473388672
02-12-1992,52.56410217285156,52.88461685180664,1147068,53.125,53.04487228393555,25.185649871826172
03-12-1992,52.3237190246582,53.125,1276080,53.20512771606445,52.3237190246582,24.843252182006836
04-12-1992,52.1634635925293,52.644229888916016,1494636,53.44551467895508,52.964744567871094,25.147602081298828
07-12-1992,52.644229888916016,52.964744567871094,1094028,53.125,53.125,25.22368621826172
08-12-1992,52.964744567871094,53.125,1391832,53.52564239501953,53.52564239501953,25.413928985595703
09-12-1992,53.36538314819336,53.52564239501953,1572168,53.846153259277344,53.846153259277344,25.566097259521484
10-12-1992,53.20512771606445,53.846153259277344,1218048,53.846153259277344,53.44551467895508,25.37586212158203
11-12-1992,53.36538314819336,53.36538314819336,712920,53.76602554321289,53.68589782714844,25.490005493164062
14-12-1992,53.285255432128906,53.52564239501953,1679652,53.9262809753418,53.36538314819336,25.337825775146484
15-12-1992,53.20512771606445,53.20512771606445,1532856,54.246795654296875,53.9262809753418,25.6041316986084
16-12-1992,53.44551467895508,53.846153259277344,1595880,54.16666793823242,53.52564239501953,25.413928985595703
17-12-1992,53.36538314819336,53.44551467895508,2222220,54.80769348144531,54.64743423461914,25.946542739868164
18-12-1992,54.72756576538086,55.04807662963867,5018676,55.68910217285156,55.60897445678711,26.403072357177734
21-12-1992,55.20833206176758,55.20833206176758,1886040,56.089744567871094,56.089744567871094,26.631349563598633
22-12-1992,55.36859130859375,55.769229888916016,1831128,55.92948532104492,55.769229888916016,26.47917366027832
23-12-1992,55.36859130859375,55.68910217285156,1281228,55.92948532104492,55.36859130859375,26.2889461517334
24-12-1992,55.36859130859375,55.36859130859375,410904,55.769229888916016,55.4487190246582,26.32697868347168
28-12-1992,55.04807662963867,55.2884635925293,846768,55.92948532104492,55.68910217285156,26.441137313842773
29-12-1992,55.20833206176758,55.60897445678711,1426932,56.089744567871094,55.2884635925293,26.250919342041016
30-12-1992,55.20833206176758,55.2884635925293,1073592,55.60897445678711,55.528846740722656,26.365036010742188
31-12-1992,54.487178802490234,55.4487190246582,1052532,55.68910217285156,54.80769348144531,26.022626876831055
04-01-1993,54.64743423461914,54.887821197509766,1176240,55.20833206176758,54.80769348144531,26.022626876831055
05-01-1993,54.64743423461914,54.72756576538086,1774344,55.68910217285156,55.4487190246582,26.32697868347168
06-01-1993,54.96794891357422,55.128204345703125,1602588,55.528846740722656,55.20833206176758,26.212854385375977
07-01-1993,54.80769348144531,55.36859130859375,2051088,55.92948532104492,55.04807662963867,26.136770248413086
08-01-1993,54.40705108642578,55.04807662963867,1908348,55.2884635925293,54.96794891357422,26.098737716674805
11-01-1993,54.32692337036133,54.80769348144531,1206192,55.04807662963867,54.487178802490234,25.87044906616211
12-01-1993,54.0865364074707,54.64743423461914,1133964,54.64743423461914,54.56730651855469,25.908477783203125
13-01-1993,54.0865364074707,54.40705108642578,1496508,54.56730651855469,54.32692337036133,25.79436683654785
14-01-1993,53.846153259277344,54.487178802490234,1901484,54.487178802490234,54.40705108642578,25.832406997680664
15-01-1993,54.00640869140625,54.32692337036133,2894736,54.887821197509766,54.246795654296875,25.756315231323242
18-01-1993,53.9262809753418,54.246795654296875,866892,54.32692337036133,54.246795654296875,25.756315231323242
19-01-1993,53.9262809753418,54.487178802490234,1334112,54.887821197509766,53.9262809753418,25.6041316986084
20-01-1993,52.964744567871094,53.846153259277344,2351388,54.487178802490234,52.964744567871094,25.147602081298828
21-01-1993,52.88461685180664,53.125,1699932,53.605770111083984,53.52564239501953,25.413928985595703
22-01-1993,53.605770111083984,53.68589782714844,2047188,54.64743423461914,54.0865364074707,25.680227279663086
25-01-1993,53.68589782714844,54.0865364074707,1414452,54.487178802490234,54.487178802490234,25.87044906616211
26-01-1993,54.487178802490234,54.56730651855469,1850160,55.128204345703125,54.56730651855469,25.908477783203125
27-01-1993,54.00640869140625,54.487178802490234,1292460,54.72756576538086,54.246795654296875,25.756315231323242
28-01-1993,54.16666793823242,54.32692337036133,1547208,55.128204345703125,54.80769348144531,26.022626876831055
29-01-1993,54.72756576538086,54.887821197509766,1558596,55.36859130859375,55.20833206176758,26.212854385375977
01-02-1993,54.80769348144531,55.128204345703125,1061112,55.4487190246582,55.2884635925293,26.250919342041016
02-02-1993,54.00640869140625,54.887821197509766,1844544,54.96794891357422,54.487178802490234,25.87044906616211
03-02-1993,54.246795654296875,54.32692337036133,1377168,55.20833206176758,55.20833206176758,26.212854385375977
04-02-1993,54.96794891357422,55.2884635925293,1218672,55.60897445678711,55.528846740722656,26.365036010742188
05-02-1993,55.20833206176758,55.2884635925293,2134548,56.00961685180664,55.68910217285156,26.441137313842773
08-02-1993,55.2884635925293,55.528846740722656,2040480,56.25,55.60897445678711,26.403072357177734
09-02-1993,55.128204345703125,55.528846740722656,1453452,55.68910217285156,55.528846740722656,26.365036010742188
10-02-1993,55.128204345703125,55.4487190246582,1622244,55.84935760498047,55.60897445678711,26.403072357177734
11-02-1993,55.2884635925293,55.60897445678711,1313832,55.68910217285156,55.36859130859375,26.2889461517334
12-02-1993,54.40705108642578,55.20833206176758,1148628,55.2884635925293,54.487178802490234,25.87044906616211
16-02-1993,53.20512771606445,54.32692337036133,3034668,54.487178802490234,53.20512771606445,25.26173973083496
17-02-1993,52.72435760498047,53.04487228393555,2435004,53.125,52.88461685180664,25.10956573486328
18-02-1993,51.84294891357422,53.04487228393555,3814824,53.20512771606445,52.48397445678711,24.919328689575195
19-02-1993,52.3237190246582,52.644229888916016,2794584,52.72435760498047,52.72435760498047,25.033470153808594
22-02-1993,52.80448532104492,52.88461685180664,2076828,53.285255432128906,53.285255432128906,25.299774169921875
23-02-1993,53.44551467895508,53.605770111083984,2307240,54.246795654296875,53.52564239501953,25.413928985595703
24-02-1993,53.52564239501953,53.68589782714844,1582932,54.00640869140625,53.9262809753418,25.6041316986084
25-02-1993,53.52564239501953,54.0865364074707,1313988,54.32692337036133,54.16666793823242,25.7182674407959
26-02-1993,53.52564239501953,54.16666793823242,1832844,54.32692337036133,53.9262809753418,25.6041316986084
01-03-1993,53.36538314819336,54.16666793823242,1574352,54.40705108642578,53.44551467895508,25.37586212158203
02-03-1993,53.36538314819336,53.605770111083984,2248272,54.80769348144531,54.80769348144531,26.022626876831055
03-03-1993,54.32692337036133,54.487178802490234,1769820,55.128204345703125,54.887821197509766,26.2541446685791
04-03-1993,54.487178802490234,54.96794891357422,1023828,54.96794891357422,54.487178802490234,26.0625
05-03-1993,54.0865364074707,54.487178802490234,2015676,55.20833206176758,54.96794891357422,26.29245948791504
08-03-1993,55.04807662963867,55.20833206176758,2369640,56.089744567871094,56.089744567871094,26.829038619995117
09-03-1993,55.84935760498047,56.00961685180664,1878708,56.57051467895508,55.92948532104492,26.752384185791016
10-03-1993,55.528846740722656,56.00961685180664,1264848,56.410255432128906,56.25,26.905685424804688
11-03-1993,55.92948532104492,56.16987228393555,1396044,56.49038314819336,56.089744567871094,26.829038619995117
12-03-1993,54.887821197509766,55.68910217285156,1982136,55.769229888916016,55.4487190246582,26.52242088317871
15-03-1993,55.20833206176758,55.4487190246582,857064,55.60897445678711,55.36859130859375,26.484094619750977
16-03-1993,55.4487190246582,55.528846740722656,831012,55.92948532104492,55.68910217285156,26.63739013671875
17-03-1993,55.60897445678711,55.769229888916016,1278732,56.16987228393555,55.84935760498047,26.714059829711914
18-03-1993,55.84935760498047,55.84935760498047,2284152,56.89102554321289,56.65064239501953,27.097326278686523
19-03-1993,56.410255432128906,56.89102554321289,3431220,57.13140869140625,56.81089782714844,27.173980712890625
22-03-1993,56.00961685180664,56.33012771606445,1886508,57.0512809753418,56.971153259277344,27.25064468383789
23-03-1993,56.16987228393555,57.13140869140625,1382940,57.371795654296875,56.49038314819336,27.020671844482422
24-03-1993,56.410255432128906,56.49038314819336,2564016,57.77243423461914,57.612178802490234,27.55726432800293
25-03-1993,57.29166793823242,57.45192337036133,1997736,58.012821197509766,57.77243423461914,27.633899688720703
26-03-1993,57.53205108642578,57.85256576538086,1266876,57.93269348144531,57.53205108642578,27.518917083740234
29-03-1993,57.612178802490234,57.77243423461914,1400724,58.33333206176758,57.85256576538086,27.67223358154297
30-03-1993,57.53205108642578,57.69230651855469,1208064,58.33333206176758,58.253204345703125,27.86386489868164
31-03-1993,57.13140869140625,58.253204345703125,1387620,58.253204345703125,57.13140869140625,27.327285766601562
01-04-1993,57.29166793823242,57.371795654296875,1102764,57.612178802490234,57.45192337036133,27.4805965423584
02-04-1993,56.57051467895508,56.971153259277344,2804568,58.09294891357422,57.0512809753418,27.28894805908203
05-04-1993,56.81089782714844,56.971153259277344,1207440,57.69230651855469,57.371795654296875,27.442276000976562
06-04-1993,57.53205108642578,57.612178802490234,2135016,58.5737190246582,58.5737190246582,28.017181396484375
07-04-1993,58.253204345703125,58.33333206176758,1709916,58.97435760498047,58.81410217285156,28.132160186767578
08-04-1993,58.49359130859375,58.73397445678711,1422564,59.13461685180664,58.97435760498047,28.208820343017578
12-04-1993,58.894229888916016,58.894229888916016,1899768,59.855770111083984,59.77564239501953,28.592086791992188
13-04-1993,58.73397445678711,59.855770111083984,2740608,59.855770111083984,59.69551467895508,28.553762435913086
14-04-1993,59.69551467895508,59.855770111083984,1928628,60.65705108642578,60.496795654296875,28.937030792236328
15-04-1993,60.096153259277344,60.1762809753418,1788852,61.5384635925293,61.29807662963867,29.32029914855957
16-04-1993,60.737178802490234,61.378204345703125,3087552,61.5384635925293,61.05769348144531,29.205320358276367
19-04-1993,60.81730651855469,60.97756576538086,1302600,61.137821197509766,60.89743423461914,29.1286563873291
20-04-1993,60.3365364074707,60.65705108642578,1442844,60.81730651855469,60.496795654296875,28.937030792236328
21-04-1993,59.45512771606445,60.41666793823242,1601808,60.496795654296875,59.535255432128906,28.477081298828125
22-04-1993,58.97435760498047,59.214744567871094,1868568,60.1762809753418,59.13461685180664,28.28546714782715
23-04-1993,59.05448532104492,59.05448532104492,1908660,60.096153259277344,59.69551467895508,28.553762435913086
26-04-1993,58.81410217285156,59.45512771606445,1342692,59.855770111083984,58.97435760498047,28.208820343017578
27-04-1993,58.5737190246582,58.653846740722656,1701648,59.855770111083984,59.29487228393555,28.36213493347168
28-04-1993,57.53205108642578,59.29487228393555,1747356,59.29487228393555,57.93269348144531,27.7105655670166
29-04-1993,57.85256576538086,57.85256576538086,1829100,58.73397445678711,58.73397445678711,28.093820571899414
30-04-1993,57.93269348144531,58.97435760498047,1386372,59.29487228393555,58.09294891357422,27.787229537963867
03-05-1993,57.53205108642578,58.09294891357422,1256580,58.33333206176758,58.253204345703125,27.86386489868164
04-05-1993,57.53205108642578,58.253204345703125,1543152,58.4134635925293,57.53205108642578,27.518917083740234
05-05-1993,56.89102554321289,56.89102554321289,3222180,59.29487228393555,59.13461685180664,28.28546714782715
06-05-1993,59.05448532104492,59.13461685180664,2471976,60.096153259277344,59.93589782714844,28.668743133544922
07-05-1993,59.93589782714844,59.93589782714844,1375140,60.65705108642578,60.41666793823242,28.898700714111328
10-05-1993,60.096153259277344,60.096153259277344,2100072,60.97756576538086,60.3365364074707,28.860370635986328
11-05-1993,59.61538314819336,60.096153259277344,1342224,60.3365364074707,59.61538314819336,28.515432357788086
12-05-1993,59.375,59.45512771606445,2153736,60.1762809753418,59.855770111083984,28.630407333374023
13-05-1993,58.97435760498047,59.45512771606445,1864044,59.535255432128906,59.13461685180664,28.28546714782715
14-05-1993,59.05448532104492,59.214744567871094,1393704,59.77564239501953,59.77564239501953,28.592086791992188
17-05-1993,59.535255432128906,59.69551467895508,995436,60.01602554321289,60.01602554321289,28.70705795288086
18-05-1993,58.81410217285156,59.77564239501953,1365936,59.855770111083984,59.13461685180664,28.28546714782715
19-05-1993,58.17307662963867,59.13461685180664,2233764,59.77564239501953,59.77564239501953,28.592086791992188
20-05-1993,59.375,59.77564239501953,1638156,59.855770111083984,59.61538314819336,28.515432357788086
21-05-1993,59.05448532104492,59.45512771606445,1901172,59.61538314819336,59.05448532104492,28.247142791748047
24-05-1993,58.81410217285156,58.97435760498047,1225536,59.69551467895508,59.45512771606445,28.438779830932617
25-05-1993,58.97435760498047,59.45512771606445,1052532,59.61538314819336,59.13461685180664,28.28546714782715
26-05-1993,58.81410217285156,59.13461685180664,1624584,59.69551467895508,59.61538314819336,28.515432357788086
27-05-1993,59.855770111083984,59.93589782714844,2223624,60.57692337036133,60.1762809753418,28.78373146057129
28-05-1993,59.29487228393555,60.096153259277344,1146288,60.3365364074707,59.45512771606445,28.438779830932617
01-06-1993,59.61538314819336,59.61538314819336,1414296,60.65705108642578,60.25640869140625,28.822050094604492
02-06-1993,59.77564239501953,60.01602554321289,1518192,60.496795654296875,60.25640869140625,29.016521453857422
03-06-1993,59.855770111083984,60.01602554321289,1016028,60.496795654296875,60.3365364074707,29.055089950561523
04-06-1993,59.855770111083984,60.1762809753418,842556,60.25640869140625,60.1762809753418,28.977947235107422
07-06-1993,59.93589782714844,60.096153259277344,1301664,60.57692337036133,60.01602554321289,28.900754928588867
08-06-1993,59.61538314819336,59.77564239501953,1812720,60.1762809753418,59.855770111083984,28.823591232299805
09-06-1993,59.69551467895508,59.855770111083984,1237080,60.3365364074707,59.855770111083984,28.823591232299805
10-06-1993,59.69551467895508,59.77564239501953,1250184,60.1762809753418,59.855770111083984,28.823591232299805
11-06-1993,60.096153259277344,60.096153259277344,1681056,60.65705108642578,60.41666793823242,29.093690872192383
14-06-1993,59.45512771606445,60.496795654296875,1222260,60.65705108642578,59.535255432128906,28.66922950744629
15-06-1993,59.77564239501953,59.77564239501953,1672164,60.81730651855469,60.3365364074707,29.055089950561523
16-06-1993,60.3365364074707,60.3365364074707,1822080,61.21794891357422,61.137821197509766,29.44097137451172
17-06-1993,60.81730651855469,60.97756576538086,1591668,61.137821197509766,61.05769348144531,29.40237045288086
18-06-1993,60.57692337036133,60.737178802490234,3496116,61.05769348144531,60.81730651855469,29.28662109375
21-06-1993,60.65705108642578,61.05769348144531,1557348,61.29807662963867,61.05769348144531,29.40237045288086
22-06-1993,60.81730651855469,61.21794891357422,1921920,61.61859130859375,60.89743423461914,29.32520866394043
23-06-1993,60.89743423461914,60.97756576538086,2287740,61.778846740722656,61.5384635925293,29.633893966674805
24-06-1993,60.97756576538086,61.29807662963867,1450800,61.45833206176758,61.21794891357422,29.479557037353516
25-06-1993,60.65705108642578,61.21794891357422,1109316,61.29807662963867,60.737178802490234,29.248043060302734
28-06-1993,60.81730651855469,60.81730651855469,1298388,61.21794891357422,61.137821197509766,29.44097137451172
29-06-1993,60.97756576538086,61.05769348144531,1434264,61.61859130859375,61.29807662963867,29.518136978149414
30-06-1993,61.05769348144531,61.29807662963867,1650012,61.45833206176758,61.378204345703125,29.556726455688477
01-07-1993,60.81730651855469,61.378204345703125,1430052,61.45833206176758,60.97756576538086,29.36379051208496
02-07-1993,61.137821197509766,61.137821197509766,2174796,61.6987190246582,61.29807662963867,29.518136978149414
06-07-1993,60.57692337036133,61.378204345703125,1401504,61.61859130859375,60.65705108642578,29.20944595336914
07-07-1993,60.65705108642578,60.81730651855469,1210872,60.97756576538086,60.65705108642578,29.20944595336914
08-07-1993,60.57692337036133,60.89743423461914,2199132,62.5,62.17948532104492,29.942583084106445
09-07-1993,61.93910217285156,62.019229888916016,1294020,62.58012771606445,62.17948532104492,29.942583084106445
12-07-1993,62.019229888916016,62.25961685180664,731640,62.5,62.41987228393555,30.058347702026367
13-07-1993,62.25961685180664,62.41987228393555,2005224,62.980770111083984,62.82051467895508,30.251285552978516
14-07-1993,62.82051467895508,62.82051467895508,2144688,63.54166793823242,63.221153259277344,30.444202423095703
15-07-1993,62.82051467895508,63.221153259277344,1611012,63.54166793823242,63.38140869140625,30.521366119384766
16-07-1993,63.14102554321289,63.38140869140625,3958500,64.66345977783203,64.0224380493164,30.830049514770508
19-07-1993,63.70192337036133,64.0224380493164,1535976,64.2628173828125,63.78205108642578,30.71429443359375
20-07-1993,63.14102554321289,63.70192337036133,1931124,64.0224380493164,63.54166793823242,30.598548889160156
21-07-1993,63.14102554321289,63.3012809753418,1183572,63.621795654296875,63.4615364074707,30.559947967529297
22-07-1993,62.74038314819336,63.3012809753418,1232712,63.4615364074707,62.82051467895508,30.251285552978516
23-07-1993,62.41987228393555,62.660255432128906,1820520,63.14102554321289,62.660255432128906,30.174104690551758
26-07-1993,62.90064239501953,62.90064239501953,1254396,63.38140869140625,63.3012809753418,30.482776641845703
27-07-1993,62.58012771606445,63.38140869140625,1031160,63.4615364074707,62.980770111083984,30.328432083129883
28-07-1993,62.5,62.82051467895508,1127100,63.14102554321289,62.660255432128906,30.174104690551758
29-07-1993,62.660255432128906,62.82051467895508,1851720,63.38140869140625,63.3012809753418,30.482776641845703
30-07-1993,62.82051467895508,63.4615364074707,1486212,63.94230651855469,63.14102554321289,30.405614852905273
02-08-1993,63.14102554321289,63.14102554321289,1024452,63.78205108642578,63.4615364074707,30.559947967529297
03-08-1993,63.06089782714844,63.78205108642578,1308216,63.94230651855469,63.221153259277344,30.444202423095703
04-08-1993,62.660255432128906,63.3012809753418,1310712,63.3012809753418,62.980770111083984,30.328432083129883
05-08-1993,63.14102554321289,63.3012809753418,1067664,63.94230651855469,63.78205108642578,30.71429443359375
06-08-1993,63.54166793823242,63.94230651855469,1024764,64.0224380493164,63.70192337036133,30.675710678100586
09-08-1993,63.54166793823242,63.862178802490234,1466400,64.2628173828125,63.70192337036133,30.675710678100586
10-08-1993,63.3012809753418,63.78205108642578,782340,63.78205108642578,63.4615364074707,30.559947967529297
11-08-1993,62.980770111083984,63.3012809753418,845052,63.621795654296875,63.3012809753418,30.482776641845703
12-08-1993,62.58012771606445,63.4615364074707,1256736,63.862178802490234,62.90064239501953,30.289854049682617
13-08-1993,62.25961685180664,62.90064239501953,1404156,62.980770111083984,62.41987228393555,30.058347702026367
16-08-1993,62.339744567871094,62.660255432128906,1045356,62.82051467895508,62.660255432128906,30.174104690551758
17-08-1993,61.6987190246582,62.660255432128906,1386996,62.74038314819336,62.17948532104492,29.942583084106445
18-08-1993,62.09935760498047,62.660255432128906,1322724,62.74038314819336,62.25961685180664,29.981178283691406
19-08-1993,61.5384635925293,62.019229888916016,1953588,62.41987228393555,61.93910217285156,29.826828002929688
20-08-1993,62.019229888916016,62.17948532104492,2634840,63.221153259277344,63.221153259277344,30.444202423095703
23-08-1993,62.58012771606445,63.14102554321289,1232868,63.14102554321289,62.660255432128906,30.174104690551758
24-08-1993,62.41987228393555,62.58012771606445,1068132,63.221153259277344,63.221153259277344,30.444202423095703
25-08-1993,62.980770111083984,63.221153259277344,1355016,63.4615364074707,63.3012809753418,30.482776641845703
26-08-1993,63.06089782714844,63.4615364074707,1292928,63.862178802490234,63.3012809753418,30.482776641845703
27-08-1993,62.74038314819336,62.980770111083984,793884,63.38140869140625,62.82051467895508,30.251285552978516
30-08-1993,62.58012771606445,62.82051467895508,888576,63.3012809753418,63.14102554321289,30.405614852905273
31-08-1993,62.74038314819336,63.3012809753418,1061112,63.3012809753418,62.980770111083984,30.328432083129883
01-09-1993,62.82051467895508,62.980770111083984,1396668,63.221153259277344,62.90064239501953,30.289854049682617
02-09-1993,62.41987228393555,62.980770111083984,972816,63.06089782714844,62.5,30.096921920776367
03-09-1993,62.17948532104492,62.339744567871094,1361412,62.74038314819336,62.339744567871094,30.019758224487305
07-09-1993,62.019229888916016,62.660255432128906,1184196,62.74038314819336,62.17948532104492,29.942583084106445
08-09-1993,61.29807662963867,62.09935760498047,1815684,62.58012771606445,61.6987190246582,29.71107292175293
09-09-1993,61.378204345703125,61.61859130859375,1195896,61.93910217285156,61.45833206176758,29.595298767089844
10-09-1993,61.21794891357422,61.5384635925293,1355796,62.019229888916016,61.93910217285156,29.826828002929688
13-09-1993,61.6987190246582,62.019229888916016,1527708,62.09935760498047,62.019229888916016,29.86541175842285
14-09-1993,61.778846740722656,62.019229888916016,1754532,62.82051467895508,62.82051467895508,30.251285552978516
15-09-1993,61.93910217285156,62.25961685180664,2011620,63.14102554321289,62.90064239501953,30.289854049682617
16-09-1993,62.660255432128906,62.82051467895508,1225068,63.14102554321289,62.980770111083984,30.328432083129883
17-09-1993,62.25961685180664,62.25961685180664,4455048,63.3012809753418,63.3012809753418,30.482776641845703
20-09-1993,62.339744567871094,62.90064239501953,899496,63.3012809753418,62.339744567871094,30.212507247924805
21-09-1993,61.05769348144531,62.339744567871094,1395576,62.58012771606445,61.778846740722656,29.940677642822266
22-09-1993,61.778846740722656,62.17948532104492,1502280,62.41987228393555,61.85897445678711,29.9794864654541
23-09-1993,61.61859130859375,62.09935760498047,1081860,62.09935760498047,61.6987190246582,29.901840209960938
24-09-1993,60.57692337036133,61.21794891357422,1724424,61.45833206176758,60.81730651855469,29.474660873413086
27-09-1993,61.05769348144531,61.137821197509766,1317888,61.85897445678711,61.85897445678711,29.9794864654541
28-09-1993,61.378204345703125,61.85897445678711,1001832,62.019229888916016,61.45833206176758,29.785320281982422
29-09-1993,61.137821197509766,61.6987190246582,960492,61.778846740722656,61.137821197509766,29.630002975463867
30-09-1993,60.57692337036133,60.89743423461914,1025232,61.45833206176758,61.45833206176758,29.785320281982422
01-10-1993,61.21794891357422,61.378204345703125,854880,61.778846740722656,61.45833206176758,29.785320281982422
04-10-1993,61.21794891357422,61.378204345703125,1054248,61.6987190246582,61.6987190246582,29.901840209960938
05-10-1993,61.21794891357422,61.778846740722656,933348,62.019229888916016,61.29807662963867,29.70766258239746
06-10-1993,61.137821197509766,61.21794891357422,1190280,61.778846740722656,61.21794891357422,29.66883659362793
07-10-1993,61.137821197509766,61.29807662963867,1048788,61.6987190246582,61.29807662963867,29.70766258239746
08-10-1993,60.737178802490234,61.5384635925293,951444,61.6987190246582,61.5384635925293,29.82416343688965
11-10-1993,61.61859130859375,61.6987190246582,738972,62.09935760498047,61.85897445678711,29.9794864654541
12-10-1993,61.21794891357422,62.019229888916016,1725828,62.41987228393555,61.21794891357422,29.66883659362793
13-10-1993,61.29807662963867,61.29807662963867,978120,62.019229888916016,61.61859130859375,29.86299705505371
14-10-1993,61.378204345703125,61.778846740722656,1419444,61.85897445678711,61.85897445678711,29.9794864654541
15-10-1993,61.93910217285156,62.17948532104492,2878824,63.38140869140625,63.14102554321289,30.600839614868164
18-10-1993,62.660255432128906,63.14102554321289,1113216,63.14102554321289,62.82051467895508,30.445518493652344
19-10-1993,62.660255432128906,62.82051467895508,1211652,63.06089782714844,62.90064239501953,30.48433494567871
20-10-1993,62.660255432128906,62.82051467895508,717444,62.980770111083984,62.980770111083984,30.523162841796875
21-10-1993,62.41987228393555,63.06089782714844,945048,63.221153259277344,62.41987228393555,30.251344680786133
22-10-1993,61.5384635925293,62.58012771606445,1802268,62.660255432128906,61.5384635925293,29.82416343688965
25-10-1993,61.05769348144531,61.778846740722656,1299636,61.778846740722656,61.378204345703125,29.746501922607422
26-10-1993,61.21794891357422,61.378204345703125,1130220,61.85897445678711,61.778846740722656,29.940677642822266
27-10-1993,61.45833206176758,61.778846740722656,865488,62.41987228393555,62.41987228393555,30.251344680786133
28-10-1993,61.85897445678711,62.41987228393555,1304940,62.58012771606445,62.09935760498047,30.095989227294922
29-10-1993,62.17948532104492,62.17948532104492,1104168,62.82051467895508,62.17948532104492,30.13483428955078
01-11-1993,62.019229888916016,62.09935760498047,1033968,62.58012771606445,62.5,30.290163040161133
02-11-1993,61.93910217285156,62.339744567871094,1486056,63.221153259277344,62.25961685180664,30.173677444458008
03-11-1993,61.5384635925293,62.58012771606445,1584336,62.74038314819336,61.778846740722656,29.940677642822266
04-11-1993,60.01602554321289,61.21794891357422,2046876,61.45833206176758,60.096153259277344,29.125165939331055
05-11-1993,59.77564239501953,59.77564239501953,2152800,60.81730651855469,60.3365364074707,29.24164390563965
08-11-1993,59.93589782714844,60.3365364074707,1294644,60.57692337036133,60.096153259277344,29.125165939331055
09-11-1993,60.3365364074707,60.65705108642578,180180,60.89743423461914,60.57692337036133,29.358169555664062
10-11-1993,60.41666793823242,60.496795654296875,1277640,60.737178802490234,60.65705108642578,29.396989822387695
11-11-1993,60.096153259277344,60.65705108642578,1350336,60.65705108642578,60.1762809753418,29.164005279541016
12-11-1993,59.45512771606445,60.01602554321289,2270580,60.25640869140625,60.1762809753418,29.164005279541016
15-11-1993,60.25640869140625,60.65705108642578,1603680,60.97756576538086,60.41666793823242,29.280492782592773
16-11-1993,60.737178802490234,60.737178802490234,1714752,61.85897445678711,61.85897445678711,29.9794864654541
17-11-1993,61.5384635925293,62.019229888916016,1634724,62.25961685180664,61.93910217285156,30.018335342407227
18-11-1993,61.6987190246582,61.93910217285156,1693536,62.5,62.5,30.290163040161133
19-11-1993,62.09935760498047,62.41987228393555,2417220,62.980770111083984,62.980770111083984,30.523162841796875
22-11-1993,62.41987228393555,62.660255432128906,3004716,63.06089782714844,62.980770111083984,30.523162841796875
23-11-1993,63.06089782714844,63.14102554321289,2203812,63.94230651855469,63.14102554321289,30.600839614868164
24-11-1993,62.41987228393555,63.06089782714844,1071564,63.06089782714844,62.660255432128906,30.367843627929688
26-11-1993,62.82051467895508,62.90064239501953,460824,63.221153259277344,63.14102554321289,30.600839614868164
29-11-1993,62.74038314819336,63.3012809753418,1311024,63.621795654296875,62.74038314819336,30.406658172607422
30-11-1993,62.339744567871094,62.5,962676,63.14102554321289,63.06089782714844,30.56199073791504
01-12-1993,62.660255432128906,63.3012809753418,1317576,63.38140869140625,63.221153259277344,30.639673233032227
02-12-1993,63.221153259277344,63.38140869140625,1691352,64.2628173828125,64.1025619506836,31.066837310791016
03-12-1993,63.862178802490234,64.1025619506836,2140320,64.74359130859375,64.18269348144531,31.105670928955078
06-12-1993,64.1025619506836,64.34294891357422,1197924,64.90384674072266,64.34294891357422,31.183338165283203
07-12-1993,63.621795654296875,64.42308044433594,1315548,64.42308044433594,63.94230651855469,30.989179611206055
08-12-1993,63.621795654296875,63.70192337036133,1227408,64.42308044433594,64.34294891357422,31.183338165283203
09-12-1993,64.0224380493164,64.34294891357422,2434692,65.14423370361328,64.74359130859375,31.377513885498047
10-12-1993,64.66345977783203,65.22435760498047,1630512,65.30448913574219,65.14423370361328,31.571680068969727
13-12-1993,64.58333587646484,64.98397064208984,1360788,65.22435760498047,64.74359130859375,31.377513885498047
14-12-1993,65.06410217285156,65.14423370361328,2093052,65.70513153076172,65.625,31.804676055908203
15-12-1993,65.4647445678711,65.4647445678711,3128112,66.74679565429688,66.26602935791016,32.1153450012207
16-12-1993,65.7852554321289,66.34615325927734,2190240,66.42628479003906,66.34615325927734,32.15419006347656
17-12-1993,66.02564239501953,66.34615325927734,4238520,67.46794891357422,67.3878173828125,32.65900802612305
20-12-1993,66.66666412353516,67.1474380493164,1533324,67.1474380493164,66.82691955566406,32.38718795776367
21-12-1993,66.82691955566406,67.06730651855469,1950156,67.62820434570312,67.54808044433594,32.736690521240234
22-12-1993,67.06730651855469,67.62820434570312,1391676,67.62820434570312,67.54808044433594,32.736690521240234
23-12-1993,67.62820434570312,67.62820434570312,2088996,68.42948913574219,68.02884674072266,32.969688415527344
27-12-1993,67.3878173828125,67.54808044433594,937872,68.42948913574219,68.42948913574219,33.390377044677734
28-12-1993,68.02884674072266,68.18910217285156,1554228,68.34935760498047,68.26923370361328,33.31218719482422
29-12-1993,68.10897064208984,68.26923370361328,1302912,68.5897445678711,68.26923370361328,33.31218719482422
30-12-1993,67.70833587646484,68.18910217285156,1333800,68.34935760498047,67.86859130859375,33.11667251586914
31-12-1993,67.2275619506836,67.70833587646484,1062828,68.02884674072266,67.2275619506836,32.803897857666016
03-01-1994,66.50640869140625,67.06730651855469,2006004,67.1474380493164,66.66666412353516,32.53021240234375
04-01-1994,66.02564239501953,66.66666412353516,2614716,66.74679565429688,66.42628479003906,32.41292190551758
05-01-1994,66.02564239501953,66.58654022216797,2042820,66.58654022216797,66.02564239501953,32.217411041259766
06-01-1994,65.7852554321289,66.50640869140625,3399396,66.90705108642578,66.58654022216797,32.49112319946289
07-01-1994,66.18589782714844,66.50640869140625,1348152,67.06730651855469,66.90705108642578,32.647525787353516
10-01-1994,66.9871826171875,67.1474380493164,1721304,67.3878173828125,67.2275619506836,32.803897857666016
11-01-1994,67.30769348144531,67.30769348144531,2321592,67.86859130859375,67.70833587646484,33.038490295410156
12-01-1994,67.3878173828125,67.70833587646484,1384968,67.94871520996094,67.94871520996094,33.15579605102539
13-01-1994,67.3878173828125,67.78845977783203,1737684,67.78845977783203,67.46794891357422,32.921199798583984
14-01-1994,67.30769348144531,67.30769348144531,2627820,68.75,68.42948913574219,33.390377044677734
17-01-1994,68.18910217285156,68.50961303710938,1274208,68.83013153076172,68.66986846923828,33.5076904296875
18-01-1994,68.75,68.83013153076172,2160444,69.87179565429688,69.47115325927734,33.898658752441406
19-01-1994,69.07051086425781,69.23076629638672,1356108,69.71154022216797,69.71154022216797,34.015968322753906
20-01-1994,69.31089782714844,69.55128479003906,1713036,69.87179565429688,69.55128479003906,33.93775939941406
21-01-1994,68.9102554321289,69.23076629638672,2751840,69.39102935791016,69.23076629638672,33.7813606262207
24-01-1994,68.9102554321289,69.23076629638672,1337388,69.39102935791016,69.07051086425781,33.70317840576172
25-01-1994,68.50961303710938,68.99038696289062,1653132,69.23076629638672,68.5897445678711,33.46857452392578
26-01-1994,68.18910217285156,68.50961303710938,1359384,68.5897445678711,68.26923370361328,33.31218719482422
27-01-1994,67.94871520996094,68.26923370361328,1514292,69.47115325927734,69.39102935791016,33.85957717895508
28-01-1994,68.99038696289062,70.19230651855469,1989624,70.19230651855469,69.15064239501953,33.742279052734375
31-01-1994,68.75,69.07051086425781,2009904,69.47115325927734,69.07051086425781,33.70317840576172
01-02-1994,68.42948913574219,68.9102554321289,1413516,69.07051086425781,68.50961303710938,33.42948913574219
02-02-1994,68.42948913574219,68.75,1885104,69.95191955566406,69.95191955566406,34.13326644897461
03-02-1994,69.55128479003906,69.71154022216797,2123004,70.3525619506836,70.3525619506836,34.32876968383789
04-02-1994,68.26923370361328,70.1121826171875,2111148,70.19230651855469,68.26923370361328,33.31218719482422
07-02-1994,67.62820434570312,67.62820434570312,2097108,69.39102935791016,69.39102935791016,33.85957717895508
08-02-1994,68.42948913574219,69.23076629638672,1192620,69.31089782714844,68.75,33.546783447265625
09-02-1994,68.66986846923828,68.75,1326468,69.71154022216797,69.39102935791016,33.85957717895508
10-02-1994,68.26923370361328,69.15064239501953,1159080,69.31089782714844,68.26923370361328,33.31218719482422
11-02-1994,68.10897064208984,68.26923370361328,941616,68.75,68.75,33.546783447265625
14-02-1994,68.50961303710938,68.50961303710938,1249248,69.71154022216797,69.31089782714844,33.820465087890625
15-02-1994,69.39102935791016,69.39102935791016,1818960,70.2724380493164,69.87179565429688,34.09417724609375
16-02-1994,69.31089782714844,69.71154022216797,1314300,70.03205108642578,69.71154022216797,34.015968322753906
17-02-1994,69.63140869140625,69.87179565429688,1911780,70.3525619506836,69.95191955566406,34.13326644897461
18-02-1994,69.23076629638672,69.95191955566406,2359656,70.19230651855469,69.23076629638672,33.7813606262207
22-02-1994,68.99038696289062,69.15064239501953,1249248,69.47115325927734,69.23076629638672,33.7813606262207
23-02-1994,68.75,69.23076629638672,1122108,69.39102935791016,68.83013153076172,33.58589172363281
24-02-1994,67.46794891357422,68.5897445678711,1891812,68.83013153076172,67.54808044433594,32.9603157043457
25-02-1994,67.06730651855469,67.62820434570312,1555008,67.70833587646484,67.3878173828125,32.88209915161133
28-02-1994,67.54808044433594,67.54808044433594,1181544,68.02884674072266,67.54808044433594,32.9603157043457
01-03-1994,67.54808044433594,67.62820434570312,1932372,68.26923370361328,67.70833587646484,33.038490295410156
02-03-1994,66.42628479003906,66.74679565429688,2106624,68.10897064208984,67.78845977783203,33.304622650146484
03-03-1994,66.90705108642578,67.86859130859375,1407900,67.86859130859375,67.30769348144531,33.06841278076172
04-03-1994,67.2275619506836,67.62820434570312,1677312,68.10897064208984,67.2275619506836,33.029048919677734
07-03-1994,67.30769348144531,67.54808044433594,1172964,67.94871520996094,67.78845977783203,33.304622650146484
08-03-1994,67.1474380493164,67.70833587646484,1295424,67.86859130859375,67.30769348144531,33.06841278076172
09-03-1994,66.74679565429688,67.3878173828125,1299792,67.62820434570312,67.54808044433594,33.1865234375
10-03-1994,66.66666412353516,67.78845977783203,1352364,67.78845977783203,66.9871826171875,32.910953521728516
11-03-1994,66.58654022216797,66.74679565429688,1226316,67.46794891357422,67.46794891357422,33.14714431762695
14-03-1994,67.06730651855469,67.1474380493164,1199640,67.54808044433594,67.46794891357422,33.14714431762695
15-03-1994,66.74679565429688,67.30769348144531,1358136,67.30769348144531,67.2275619506836,33.029048919677734
16-03-1994,66.50640869140625,66.90705108642578,1656876,67.06730651855469,66.50640869140625,32.67475509643555
17-03-1994,65.625,66.66666412353516,1977924,66.74679565429688,66.02564239501953,32.43853759765625
18-03-1994,65.7852554321289,66.10576629638672,5284032,67.2275619506836,66.9871826171875,32.910953521728516
21-03-1994,66.50640869140625,67.06730651855469,1318044,67.1474380493164,66.66666412353516,32.75348663330078
22-03-1994,66.18589782714844,66.66666412353516,1354860,66.90705108642578,66.18589782714844,32.51728057861328
23-03-1994,66.18589782714844,66.34615325927734,1178268,66.74679565429688,66.58654022216797,32.71411895751953
24-03-1994,66.10576629638672,66.34615325927734,1495260,66.66666412353516,66.42628479003906,32.635379791259766
25-03-1994,65.4647445678711,66.58654022216797,1369212,66.90705108642578,65.4647445678711,32.162986755371094
28-03-1994,65.4647445678711,65.625,1381536,66.34615325927734,66.34615325927734,32.596012115478516
29-03-1994,65.54486846923828,66.26602935791016,1349868,66.42628479003906,65.54486846923828,32.20233154296875
30-03-1994,62.82051467895508,65.06410217285156,4128852,65.06410217285156,63.3012809753418,31.10004997253418
31-03-1994,61.93910217285156,63.862178802490234,3583788,64.18269348144531,64.1025619506836,31.493722915649414
04-04-1994,61.61859130859375,62.17948532104492,4226352,63.06089782714844,62.82051467895508,30.863849639892578
05-04-1994,62.58012771606445,63.3012809753418,2835612,63.621795654296875,63.38140869140625,31.13943099975586
06-04-1994,61.93910217285156,63.14102554321289,3701100,63.621795654296875,62.58012771606445,30.745746612548828
07-04-1994,62.41987228393555,62.980770111083984,1960608,63.14102554321289,62.980770111083984,30.942594528198242
08-04-1994,62.339744567871094,62.660255432128906,1797432,62.90064239501953,62.339744567871094,30.627666473388672
11-04-1994,62.25961685180664,62.5,1663428,63.38140869140625,63.06089782714844,30.981943130493164
12-04-1994,62.980770111083984,63.221153259277344,1314924,63.862178802490234,63.621795654296875,31.25752067565918
13-04-1994,62.58012771606445,63.4615364074707,1735656,63.4615364074707,63.38140869140625,31.13943099975586
14-04-1994,62.41987228393555,62.980770111083984,1290744,62.980770111083984,62.5,30.70639991760254
15-04-1994,61.85897445678711,62.339744567871094,2420652,62.660255432128906,62.019229888916016,30.470186233520508
18-04-1994,60.25640869140625,62.09935760498047,2772276,62.339744567871094,60.81730651855469,29.879667282104492
19-04-1994,60.41666793823242,60.65705108642578,2516748,61.93910217285156,61.21794891357422,30.07651138305664
20-04-1994,60.65705108642578,61.45833206176758,2197416,61.93910217285156,61.21794891357422,30.07651138305664
21-04-1994,60.81730651855469,61.29807662963867,1735500,61.85897445678711,61.6987190246582,30.312705993652344
22-04-1994,61.5384635925293,62.019229888916016,1270620,62.17948532104492,61.5384635925293,30.233976364135742
25-04-1994,61.29807662963867,61.45833206176758,1923792,62.09935760498047,62.019229888916016,30.470186233520508
26-04-1994,61.378204345703125,62.019229888916016,1701648,62.019229888916016,61.5384635925293,30.233976364135742
28-04-1994,61.61859130859375,62.82051467895508,1847664,62.82051467895508,61.93910217285156,30.430814743041992
29-04-1994,60.97756576538086,62.09935760498047,1190748,62.25961685180664,61.05769348144531,29.99776840209961
02-05-1994,60.97756576538086,61.05769348144531,1357980,61.45833206176758,61.45833206176758,30.194599151611328
03-05-1994,60.97756576538086,61.29807662963867,1719588,61.778846740722656,61.6987190246582,30.312705993652344
04-05-1994,61.21794891357422,61.778846740722656,2376816,62.980770111083984,62.74038314819336,30.824493408203125
05-05-1994,62.58012771606445,63.221153259277344,2137668,63.70192337036133,62.660255432128906,30.785120010375977
06-05-1994,61.378204345703125,62.25961685180664,1823016,62.41987228393555,61.93910217285156,30.430814743041992
09-05-1994,60.737178802490234,61.5384635925293,2082132,61.61859130859375,60.81730651855469,29.879667282104492
10-05-1994,60.737178802490234,61.6987190246582,2001792,61.778846740722656,60.89743423461914,29.919048309326172
11-05-1994,59.375,60.737178802490234,2536872,60.81730651855469,59.77564239501953,29.367891311645508
12-05-1994,59.77564239501953,59.93589782714844,1678872,60.1762809753418,60.096153259277344,29.525371551513672
13-05-1994,59.855770111083984,60.3365364074707,2610816,61.21794891357422,61.137821197509766,30.037147521972656
16-05-1994,60.25640869140625,60.89743423461914,1136304,61.21794891357422,60.737178802490234,29.84031105041504
17-05-1994,60.25640869140625,60.89743423461914,1757574,62.339744567871094,61.05769348144531,29.99776840209961
18-05-1994,60.41666793823242,61.21794891357422,1678872,61.6987190246582,61.378204345703125,30.15525245666504
19-05-1994,60.737178802490234,61.378204345703125,1727154,62.339744567871094,61.85897445678711,30.391450881958008
20-05-1994,60.57692337036133,61.85897445678711,2658942,62.019229888916016,61.05769348144531,29.99776840209961
23-05-1994,59.77564239501953,60.41666793823242,1886196,60.57692337036133,60.25640869140625,29.604093551635742
24-05-1994,60.41666793823242,60.57692337036133,1746030,61.6987190246582,60.89743423461914,29.919048309326172
25-05-1994,60.096153259277344,60.737178802490234,1479270,60.89743423461914,60.89743423461914,29.919048309326172
26-05-1994,61.21794891357422,61.21794891357422,1264302,62.339744567871094,62.17948532104492,30.54891586303711
27-05-1994,61.85897445678711,62.17948532104492,1350024,63.14102554321289,62.82051467895508,30.863849639892578
31-05-1994,62.339744567871094,62.5,1569672,63.94230651855469,63.78205108642578,31.336259841918945
01-06-1994,63.14102554321289,63.621795654296875,1527084,64.42308044433594,64.2628173828125,31.572460174560547
02-06-1994,63.94230651855469,64.58333587646484,1017276,64.58333587646484,64.1025619506836,31.493722915649414
03-06-1994,63.3012809753418,63.621795654296875,1223898,64.1025619506836,63.3012809753418,31.10004997253418
06-06-1994,62.339744567871094,63.4615364074707,1387308,63.621795654296875,62.5,30.70639991760254
07-06-1994,62.019229888916016,62.17948532104492,1096134,62.660255432128906,62.5,30.70639991760254
08-06-1994,61.5384635925293,62.82051467895508,1282710,62.980770111083984,61.6987190246582,30.312705993652344
09-06-1994,61.5384635925293,61.6987190246582,1289028,62.019229888916016,62.019229888916016,30.470186233520508
10-06-1994,61.05769348144531,61.6987190246582,1392924,61.85897445678711,61.21794891357422,30.07651138305664
13-06-1994,60.89743423461914,61.21794891357422,1015170,61.85897445678711,61.85897445678711,30.391450881958008
14-06-1994,61.378204345703125,62.019229888916016,1542996,62.17948532104492,61.5384635925293,30.233976364135742
15-06-1994,60.89743423461914,61.5384635925293,2201628,61.6987190246582,60.89743423461914,29.919048309326172
16-06-1994,60.737178802490234,60.89743423461914,1539018,61.5384635925293,61.5384635925293,30.233976364135742
17-06-1994,61.05769348144531,61.6987190246582,4462536,62.17948532104492,61.21794891357422,30.07651138305664
20-06-1994,60.25640869140625,60.89743423461914,1670604,61.378204345703125,60.737178802490234,29.84031105041504
21-06-1994,58.81410217285156,60.57692337036133,3173430,60.737178802490234,59.13461685180664,29.05297088623047
22-06-1994,57.69230651855469,59.29487228393555,3766464,59.45512771606445,58.653846740722656,28.81675910949707
23-06-1994,58.97435760498047,58.97435760498047,4047186,60.89743423461914,59.29487228393555,29.13170623779297
24-06-1994,58.653846740722656,59.13461685180664,2343042,60.41666793823242,59.29487228393555,29.13170623779297
27-06-1994,58.653846740722656,58.97435760498047,2415816,60.737178802490234,60.737178802490234,29.84031105041504
28-06-1994,59.77564239501953,60.25640869140625,1676142,60.57692337036133,60.57692337036133,29.989473342895508
29-06-1994,60.25640869140625,60.41666793823242,1771770,61.378204345703125,61.05769348144531,30.227474212646484
30-06-1994,59.77564239501953,61.21794891357422,1662414,61.21794891357422,59.77564239501953,29.5927677154541
01-07-1994,59.29487228393555,60.57692337036133,1493466,60.57692337036133,59.45512771606445,29.434104919433594
05-07-1994,59.45512771606445,59.77564239501953,1597362,60.57692337036133,60.25640869140625,29.830772399902344
06-07-1994,59.61538314819336,59.93589782714844,1335438,60.737178802490234,60.57692337036133,29.989473342895508
07-07-1994,60.41666793823242,60.89743423461914,1157286,61.05769348144531,60.737178802490234,30.068803787231445
08-07-1994,60.25640869140625,60.41666793823242,1105728,60.89743423461914,60.737178802490234,30.068803787231445
11-07-1994,59.77564239501953,60.737178802490234,1189110,60.89743423461914,60.57692337036133,29.989473342895508
12-07-1994,59.77564239501953,60.25640869140625,1387464,60.57692337036133,60.096153259277344,29.751453399658203
13-07-1994,59.93589782714844,60.25640869140625,1227642,60.737178802490234,60.096153259277344,29.751453399658203
14-07-1994,59.93589782714844,60.096153259277344,1938924,61.05769348144531,61.05769348144531,30.227474212646484
15-07-1994,60.89743423461914,61.05769348144531,2240238,61.85897445678711,61.378204345703125,30.38614845275879
18-07-1994,60.57692337036133,61.378204345703125,1265628,61.6987190246582,61.378204345703125,30.38614845275879
19-07-1994,61.21794891357422,61.378204345703125,1792596,62.82051467895508,62.660255432128906,31.020849227905273
20-07-1994,62.339744567871094,62.980770111083984,1364922,63.14102554321289,62.5,30.941503524780273
21-07-1994,62.17948532104492,62.660255432128906,1204242,62.82051467895508,62.17948532104492,30.782838821411133
22-07-1994,62.17948532104492,62.5,1342614,63.78205108642578,63.621795654296875,31.496843338012695
25-07-1994,63.4615364074707,63.621795654296875,1584804,64.2628173828125,63.94230651855469,31.65555191040039
26-07-1994,62.660255432128906,63.78205108642578,891462,63.78205108642578,62.980770111083984,31.179521560668945
27-07-1994,62.17948532104492,63.14102554321289,1297608,63.14102554321289,62.5,30.941503524780273
28-07-1994,62.5,62.660255432128906,794274,63.4615364074707,63.4615364074707,31.417531967163086
29-07-1994,63.14102554321289,63.4615364074707,1869114,64.90384674072266,64.58333587646484,31.972888946533203
01-08-1994,64.1025619506836,64.42308044433594,1355874,65.06410217285156,64.42308044433594,31.893556594848633
02-08-1994,64.1025619506836,64.74359130859375,1693770,65.22435760498047,64.1025619506836,31.734872817993164
03-08-1994,63.3012809753418,63.94230651855469,1219998,64.2628173828125,63.621795654296875,31.496843338012695
04-08-1994,62.019229888916016,63.3012809753418,2544126,63.621795654296875,62.17948532104492,30.782838821411133
05-08-1994,62.019229888916016,62.17948532104492,825864,63.14102554321289,62.82051467895508,31.100191116333008
08-08-1994,62.82051467895508,63.3012809753418,955188,63.621795654296875,63.4615364074707,31.417531967163086
09-08-1994,62.5,63.3012809753418,1339338,63.3012809753418,62.660255432128906,31.020849227905273
10-08-1994,61.05769348144531,62.980770111083984,2389998,63.14102554321289,61.85897445678711,30.624155044555664
11-08-1994,60.57692337036133,61.6987190246582,1914198,61.85897445678711,61.05769348144531,30.227474212646484
12-08-1994,61.05769348144531,61.378204345703125,2166762,61.85897445678711,61.6987190246582,30.544811248779297
15-08-1994,60.89743423461914,61.5384635925293,2482662,62.5,62.5,30.941503524780273
16-08-1994,61.6987190246582,62.019229888916016,2298738,62.339744567871094,62.17948532104492,30.782838821411133
17-08-1994,60.89743423461914,62.17948532104492,1663350,62.17948532104492,61.378204345703125,30.38614845275879
18-08-1994,59.93589782714844,60.57692337036133,3209310,60.89743423461914,60.41666793823242,29.910120010375977
19-08-1994,59.61538314819336,60.41666793823242,3088878,61.378204345703125,61.378204345703125,30.38614845275879
22-08-1994,60.89743423461914,61.05769348144531,1021878,61.6987190246582,61.21794891357422,30.306812286376953
23-08-1994,61.5384635925293,61.5384635925293,1887210,62.82051467895508,62.5,30.941503524780273
24-08-1994,62.17948532104492,62.660255432128906,1556178,63.14102554321289,63.14102554321289,31.258861541748047
25-08-1994,63.3012809753418,63.4615364074707,2323620,63.78205108642578,63.621795654296875,31.496843338012695
26-08-1994,63.94230651855469,64.1025619506836,2498496,65.54486846923828,65.06410217285156,32.21090316772461
29-08-1994,64.1025619506836,65.38461303710938,1568892,65.70513153076172,64.42308044433594,31.893556594848633
30-08-1994,63.4615364074707,64.58333587646484,1534104,64.74359130859375,64.1025619506836,31.734872817993164
31-08-1994,63.78205108642578,63.78205108642578,1510704,64.58333587646484,63.78205108642578,31.57620620727539
01-09-1994,63.94230651855469,64.1025619506836,1055028,64.58333587646484,64.42308044433594,31.893556594848633
02-09-1994,63.94230651855469,64.42308044433594,933582,64.58333587646484,64.1025619506836,31.734872817993164
06-09-1994,63.14102554321289,64.42308044433594,886548,64.42308044433594,63.3012809753418,31.33819580078125
07-09-1994,62.5,63.4615364074707,1258686,63.621795654296875,62.82051467895508,31.100191116333008
08-09-1994,62.82051467895508,62.82051467895508,1041456,63.4615364074707,62.980770111083984,31.179521560668945
09-09-1994,62.5,63.14102554321289,1417572,63.4615364074707,62.980770111083984,31.179521560668945
12-09-1994,62.82051467895508,63.3012809753418,1190982,63.4615364074707,62.980770111083984,31.179521560668945
13-09-1994,63.3012809753418,63.3012809753418,955422,63.78205108642578,63.4615364074707,31.417531967163086
14-09-1994,63.78205108642578,63.94230651855469,1520376,64.90384674072266,64.42308044433594,31.893556594848633
15-09-1994,64.42308044433594,64.58333587646484,1567956,65.86538696289062,65.86538696289062,32.60760498046875
16-09-1994,64.90384674072266,65.38461303710938,3487224,65.70513153076172,65.38461303710938,32.36956024169922
19-09-1994,64.42308044433594,65.38461303710938,1640106,65.54486846923828,64.74359130859375,32.052242279052734
20-09-1994,63.3012809753418,64.42308044433594,1801098,64.58333587646484,63.4615364074707,31.417531967163086
21-09-1994,62.5,63.78205108642578,1816308,63.94230651855469,63.4615364074707,31.417531967163086
22-09-1994,62.5,64.1025619506836,1801722,64.1025619506836,62.980770111083984,31.179521560668945
23-09-1994,62.17948532104492,62.660255432128906,1260870,62.980770111083984,62.5,30.941503524780273
26-09-1994,62.339744567871094,62.339744567871094,1117662,63.4615364074707,63.14102554321289,31.491403579711914
27-09-1994,62.339744567871094,63.621795654296875,1243320,63.78205108642578,62.5,31.17170524597168
28-09-1994,62.339744567871094,62.5,1455012,62.82051467895508,62.5,31.17170524597168
29-09-1994,62.339744567871094,62.660255432128906,1462110,62.660255432128906,62.5,31.17170524597168
30-09-1994,61.6987190246582,62.660255432128906,1190514,62.660255432128906,61.6987190246582,30.772062301635742
03-10-1994,60.737178802490234,62.019229888916016,2415660,62.17948532104492,61.05769348144531,30.452348709106445
04-10-1994,60.096153259277344,60.89743423461914,2144220,61.378204345703125,60.25640869140625,30.052711486816406
05-10-1994,59.93589782714844,60.25640869140625,2261766,61.21794891357422,60.737178802490234,30.292484283447266
06-10-1994,59.93589782714844,60.89743423461914,1293162,61.21794891357422,60.25640869140625,30.052711486816406
07-10-1994,59.77564239501953,60.096153259277344,1629888,60.57692337036133,59.93589782714844,29.89286994934082
10-10-1994,59.93589782714844,60.25640869140625,1264770,60.57692337036133,60.096153259277344,29.97279167175293
11-10-1994,60.41666793823242,60.57692337036133,1980030,62.019229888916016,62.019229888916016,30.931915283203125
12-10-1994,62.019229888916016,62.17948532104492,2261610,64.42308044433594,64.2628173828125,32.050899505615234
13-10-1994,63.621795654296875,64.90384674072266,2287662,65.38461303710938,64.1025619506836,31.970975875854492
14-10-1994,63.621795654296875,64.58333587646484,1192464,64.58333587646484,64.58333587646484,32.210750579833984
17-10-1994,64.1025619506836,64.42308044433594,1578096,65.22435760498047,64.58333587646484,32.210750579833984
18-10-1994,63.621795654296875,64.58333587646484,1411566,64.58333587646484,63.94230651855469,31.89104652404785
19-10-1994,63.4615364074707,63.94230651855469,1532700,64.90384674072266,64.42308044433594,32.13082504272461
20-10-1994,62.17948532104492,64.1025619506836,2320110,64.1025619506836,62.82051467895508,31.331554412841797
21-10-1994,60.737178802490234,62.82051467895508,3972852,62.82051467895508,60.737178802490234,30.292484283447266
24-10-1994,60.737178802490234,60.89743423461914,2653092,61.6987190246582,61.378204345703125,30.612201690673828
25-10-1994,61.05769348144531,61.05769348144531,2035800,62.339744567871094,61.21794891357422,30.532272338867188
26-10-1994,61.21794891357422,61.85897445678711,1761396,61.85897445678711,61.378204345703125,30.612201690673828
27-10-1994,61.05769348144531,61.378204345703125,1598766,61.85897445678711,61.6987190246582,30.772062301635742
28-10-1994,61.85897445678711,62.019229888916016,1913262,63.4615364074707,63.3012809753418,31.571325302124023
31-10-1994,62.5,63.14102554321289,1425996,63.3012809753418,62.660255432128906,31.251646041870117
01-11-1994,62.019229888916016,62.5,1146912,62.980770111083984,62.17948532104492,31.011821746826172
02-11-1994,61.21794891357422,61.85897445678711,1507584,62.660255432128906,61.85897445678711,30.85199546813965
03-11-1994,61.5384635925293,62.17948532104492,996528,62.17948532104492,62.17948532104492,31.011821746826172
04-11-1994,61.378204345703125,62.82051467895508,1210014,62.82051467895508,61.5384635925293,30.692127227783203
07-11-1994,61.21794891357422,61.378204345703125,991302,62.5,61.85897445678711,30.85199546813965
08-11-1994,62.019229888916016,62.17948532104492,1342302,63.621795654296875,62.980770111083984,31.41149139404297
09-11-1994,62.339744567871094,63.78205108642578,1447056,63.94230651855469,62.5,31.17170524597168
10-11-1994,62.5,62.980770111083984,1081236,63.4615364074707,62.5,31.17170524597168
11-11-1994,62.019229888916016,62.019229888916016,843180,62.980770111083984,62.5,31.17170524597168
14-11-1994,62.339744567871094,62.660255432128906,1057290,62.980770111083984,62.5,31.17170524597168
15-11-1994,61.5384635925293,62.339744567871094,1311336,63.14102554321289,62.5,31.17170524597168
16-11-1994,62.5,62.980770111083984,1150032,63.3012809753418,63.14102554321289,31.491403579711914
17-11-1994,61.6987190246582,63.3012809753418,1661322,63.4615364074707,62.5,31.17170524597168
18-11-1994,61.6987190246582,62.339744567871094,2956902,62.82051467895508,62.5,31.17170524597168
21-11-1994,60.737178802490234,62.339744567871094,1585272,62.339744567871094,60.737178802490234,30.292484283447266
22-11-1994,59.61538314819336,60.41666793823242,2389608,60.89743423461914,59.61538314819336,29.73299789428711
23-11-1994,58.17307662963867,58.97435760498047,3855306,59.61538314819336,59.29487228393555,29.57314109802246
25-11-1994,58.81410217285156,58.97435760498047,682890,59.45512771606445,59.29487228393555,29.57314109802246
28-11-1994,59.29487228393555,59.29487228393555,1590186,60.57692337036133,60.57692337036133,30.212568283081055
29-11-1994,59.45512771606445,60.25640869140625,1673100,60.41666793823242,59.77564239501953,29.81293487548828
30-11-1994,58.97435760498047,60.25640869140625,1712178,60.57692337036133,58.97435760498047,29.413291931152344
01-12-1994,58.17307662963867,59.13461685180664,1555944,59.29487228393555,58.49359130859375,29.17350196838379
02-12-1994,58.17307662963867,58.49359130859375,1743300,60.57692337036133,60.41666793823242,30.132640838623047
05-12-1994,59.61538314819336,60.737178802490234,1351584,61.21794891357422,60.096153259277344,29.97279167175293
06-12-1994,58.97435760498047,59.77564239501953,1591200,60.25640869140625,59.61538314819336,29.73299789428711
07-12-1994,59.13461685180664,59.13461685180664,1291446,60.737178802490234,60.737178802490234,30.292484283447266
08-12-1994,59.13461685180664,60.737178802490234,1708512,61.05769348144531,59.13461685180664,29.493207931518555
09-12-1994,58.653846740722656,59.61538314819336,2102100,60.25640869140625,60.096153259277344,29.97279167175293
12-12-1994,59.61538314819336,60.096153259277344,1761708,60.737178802490234,60.737178802490234,30.292484283447266
13-12-1994,60.89743423461914,61.05769348144531,2041572,61.85897445678711,61.378204345703125,30.612201690673828
14-12-1994,61.6987190246582,61.6987190246582,2156622,62.82051467895508,62.5,31.17170524597168
15-12-1994,62.17948532104492,62.339744567871094,1872858,62.980770111083984,62.82051467895508,31.331554412841797
16-12-1994,62.980770111083984,63.3012809753418,6123780,64.58333587646484,64.42308044433594,32.13082504272461
19-12-1994,63.94230651855469,64.2628173828125,1893918,64.42308044433594,64.1025619506836,31.970975875854492
20-12-1994,63.4615364074707,64.42308044433594,1739712,64.42308044433594,63.78205108642578,31.811126708984375
21-12-1994,63.4615364074707,63.4615364074707,2228226,64.58333587646484,63.94230651855469,31.89104652404785
22-12-1994,63.78205108642578,63.78205108642578,1667952,65.38461303710938,64.74359130859375,32.29067611694336
23-12-1994,63.78205108642578,64.1025619506836,848094,64.42308044433594,63.78205108642578,32.071502685546875
27-12-1994,63.78205108642578,64.2628173828125,1367964,65.70513153076172,65.70513153076172,33.03847885131836
28-12-1994,65.06410217285156,65.70513153076172,1154322,66.02564239501953,65.54486846923828,32.9578857421875
29-12-1994,65.22435760498047,65.38461303710938,1567020,66.50640869140625,66.18589782714844,33.28023910522461
30-12-1994,65.38461303710938,66.18589782714844,1038414,66.34615325927734,65.38461303710938,32.877315521240234
03-01-1995,64.2628173828125,65.06410217285156,1546584,65.38461303710938,65.38461303710938,32.877315521240234
04-01-1995,65.06410217285156,65.38461303710938,1318746,66.02564239501953,65.38461303710938,32.877315521240234
05-01-1995,65.06410217285156,65.06410217285156,1427088,66.18589782714844,65.54486846923828,32.9578857421875
06-01-1995,65.06410217285156,65.38461303710938,1271010,66.18589782714844,65.22435760498047,32.79673385620117
09-01-1995,64.58333587646484,64.90384674072266,1102140,65.22435760498047,64.58333587646484,32.47439956665039
10-01-1995,64.58333587646484,64.58333587646484,1559610,66.02564239501953,65.06410217285156,32.716163635253906
11-01-1995,65.06410217285156,65.22435760498047,1374594,66.02564239501953,66.02564239501953,33.199642181396484
12-01-1995,65.54486846923828,65.86538696289062,1056354,66.02564239501953,65.86538696289062,33.11906433105469
13-01-1995,66.02564239501953,66.02564239501953,1309776,66.66666412353516,66.66666412353516,33.5219612121582
16-01-1995,66.50640869140625,66.66666412353516,1749540,67.94871520996094,67.46794891357422,33.92487716674805
17-01-1995,66.34615325927734,66.9871826171875,1858740,66.9871826171875,66.66666412353516,33.5219612121582
18-01-1995,66.50640869140625,66.50640869140625,1527318,67.1474380493164,66.9871826171875,33.68314743041992
19-01-1995,65.22435760498047,66.50640869140625,1903980,66.66666412353516,65.38461303710938,32.877315521240234
20-01-1995,64.58333587646484,65.06410217285156,2897310,65.54486846923828,65.38461303710938,32.877315521240234
23-01-1995,63.94230651855469,64.58333587646484,2023866,64.90384674072266,64.42308044433594,32.393821716308594
24-01-1995,64.42308044433594,64.90384674072266,1354392,65.38461303710938,64.58333587646484,32.47439956665039
25-01-1995,64.2628173828125,64.58333587646484,1345578,65.38461303710938,65.06410217285156,32.716163635253906
26-01-1995,65.06410217285156,65.22435760498047,1403454,65.54486846923828,65.38461303710938,32.877315521240234
27-01-1995,64.58333587646484,65.70513153076172,1068990,66.02564239501953,64.74359130859375,32.55498123168945
30-01-1995,64.42308044433594,64.74359130859375,846456,65.54486846923828,65.54486846923828,32.9578857421875
31-01-1995,65.54486846923828,65.70513153076172,1128504,66.34615325927734,66.02564239501953,33.199642181396484
01-02-1995,65.06410217285156,66.18589782714844,1301040,66.18589782714844,65.54486846923828,32.9578857421875
02-02-1995,65.06410217285156,65.22435760498047,1032798,65.70513153076172,65.70513153076172,33.03847885131836
03-02-1995,66.02564239501953,66.02564239501953,1979328,67.46794891357422,66.82691955566406,33.60254669189453
06-02-1995,66.50640869140625,67.1474380493164,1501812,67.1474380493164,66.66666412353516,33.5219612121582
07-02-1995,66.34615325927734,66.66666412353516,1181388,66.82691955566406,66.66666412353516,33.5219612121582
08-02-1995,66.34615325927734,66.50640869140625,1039896,66.9871826171875,66.66666412353516,33.5219612121582
09-02-1995,66.34615325927734,66.66666412353516,1074294,66.9871826171875,66.9871826171875,33.68314743041992
10-02-1995,66.50640869140625,67.1474380493164,1189344,67.62820434570312,66.82691955566406,33.60254669189453
13-02-1995,66.50640869140625,66.82691955566406,977262,67.78845977783203,67.46794891357422,33.92487716674805
14-02-1995,66.9871826171875,67.30769348144531,1256190,67.46794891357422,67.46794891357422,33.92487716674805
15-02-1995,67.46794891357422,67.78845977783203,2025114,69.07051086425781,68.75,34.56953811645508
16-02-1995,68.75,69.23076629638672,2598336,69.39102935791016,69.39102935791016,34.89186477661133
17-02-1995,68.5897445678711,69.39102935791016,3287310,69.55128479003906,68.75,34.56953811645508
21-02-1995,68.42948913574219,69.07051086425781,1365156,69.23076629638672,69.07051086425781,34.730709075927734
22-02-1995,69.07051086425781,69.23076629638672,2122770,70.99359130859375,70.67308044433594,35.53652572631836
23-02-1995,70.67308044433594,70.99359130859375,2910648,71.79486846923828,70.99359130859375,35.69767379760742
24-02-1995,69.87179565429688,70.67308044433594,1832454,71.15384674072266,70.19230651855469,35.294761657714844
27-02-1995,68.5897445678711,70.03205108642578,1734564,70.03205108642578,68.75,34.56953811645508
28-02-1995,68.42948913574219,68.5897445678711,1350492,70.3525619506836,70.19230651855469,35.294761657714844
01-03-1995,68.9102554321289,69.39102935791016,1496196,69.87179565429688,69.39102935791016,35.15512466430664
02-03-1995,67.78845977783203,69.23076629638672,1558362,69.39102935791016,68.10897064208984,34.505611419677734
03-03-1995,67.46794891357422,67.78845977783203,958308,68.10897064208984,67.94871520996094,34.424407958984375
06-03-1995,67.1474380493164,67.30769348144531,1687530,67.78845977783203,67.62820434570312,34.26203155517578
07-03-1995,66.66666412353516,67.62820434570312,1571700,67.94871520996094,67.46794891357422,34.18083190917969
08-03-1995,67.46794891357422,67.46794891357422,2011230,68.5897445678711,68.26923370361328,34.5867919921875
09-03-1995,66.9871826171875,68.10897064208984,1120704,68.42948913574219,68.26923370361328,34.5867919921875
10-03-1995,68.42948913574219,68.5897445678711,2052102,70.3525619506836,70.19230651855469,35.56106185913086
13-03-1995,69.87179565429688,70.19230651855469,1261650,70.83333587646484,70.03205108642578,35.4798698425293
14-03-1995,70.19230651855469,70.5128173828125,1281384,70.99359130859375,70.5128173828125,35.72344207763672
15-03-1995,68.75,70.5128173828125,1538862,70.67308044433594,68.9102554321289,34.91156005859375
16-03-1995,68.5897445678711,68.5897445678711,1547988,70.5128173828125,70.3525619506836,35.642276763916016
17-03-1995,69.39102935791016,70.3525619506836,3503058,70.3525619506836,69.55128479003906,35.23630142211914
20-03-1995,68.9102554321289,69.55128479003906,1258920,69.71154022216797,69.39102935791016,35.15512466430664
21-03-1995,69.07051086425781,69.23076629638672,1836744,70.3525619506836,69.71154022216797,35.31748580932617
22-03-1995,68.75,69.71154022216797,1099956,70.03205108642578,70.03205108642578,35.4798698425293
23-03-1995,69.55128479003906,69.71154022216797,1551654,70.19230651855469,69.87179565429688,35.3986930847168
24-03-1995,69.87179565429688,70.19230651855469,1566942,70.67308044433594,70.5128173828125,35.72344207763672
27-03-1995,69.71154022216797,70.67308044433594,1152684,70.83333587646484,70.03205108642578,35.4798698425293
28-03-1995,70.03205108642578,70.03205108642578,969228,70.67308044433594,70.3525619506836,35.642276763916016
29-03-1995,69.87179565429688,70.5128173828125,1737294,70.99359130859375,70.5128173828125,35.72344207763672
30-03-1995,69.3309326171875,70.67308044433594,1178034,70.67308044433594,70.19230651855469,35.56106185913086
31-03-1995,69.07051086425781,69.87179565429688,1501344,69.87179565429688,69.23076629638672,35.07392883300781
03-04-1995,69.39102935791016,69.71154022216797,1381770,70.03205108642578,70.03205108642578,35.4798698425293
04-04-1995,69.55128479003906,69.55128479003906,1649934,70.3525619506836,70.3525619506836,35.642276763916016
05-04-1995,69.87179565429688,70.19230651855469,917280,70.3525619506836,70.3525619506836,35.642276763916016
06-04-1995,70.3525619506836,70.5128173828125,1143090,71.15384674072266,70.83333587646484,35.88582992553711
07-04-1995,70.19230651855469,70.83333587646484,1337232,71.15384674072266,70.3525619506836,35.642276763916016
10-04-1995,70.03205108642578,70.03205108642578,784134,70.83333587646484,70.5128173828125,35.72344207763672
11-04-1995,69.87179565429688,70.67308044433594,1142544,70.99359130859375,70.19230651855469,35.56106185913086
12-04-1995,69.39102935791016,70.19230651855469,871884,70.19230651855469,70.19230651855469,35.56106185913086
13-04-1995,69.87179565429688,70.3525619506836,1128894,70.5128173828125,70.5128173828125,35.72344207763672
17-04-1995,69.07051086425781,70.99359130859375,1713426,71.31410217285156,69.07051086425781,34.99274444580078
18-04-1995,68.75,69.71154022216797,1673568,69.87179565429688,69.23076629638672,35.07392883300781
19-04-1995,68.42948913574219,69.55128479003906,1472016,70.3525619506836,70.19230651855469,35.56106185913086
20-04-1995,69.07051086425781,70.3525619506836,1499316,70.5128173828125,69.23076629638672,35.07392883300781
21-04-1995,69.55128479003906,69.87179565429688,2731092,70.5128173828125,70.5128173828125,35.72344207763672
24-04-1995,69.87179565429688,70.3525619506836,1589016,71.47435760498047,71.15384674072266,36.04820251464844
25-04-1995,70.5128173828125,71.15384674072266,1483170,71.47435760498047,71.47435760498047,36.21059036254883
26-04-1995,71.31410217285156,71.79486846923828,1490970,72.91666412353516,71.63461303710938,36.291778564453125
27-04-1995,71.31410217285156,71.31410217285156,1804920,72.43589782714844,72.27564239501953,36.616539001464844
28-04-1995,71.79486846923828,72.27564239501953,1984554,72.75640869140625,71.79486846923828,36.37296676635742
01-05-1995,71.79486846923828,71.79486846923828,1347840,72.43589782714844,72.27564239501953,36.616539001464844
02-05-1995,71.79486846923828,71.95513153076172,1305096,72.43589782714844,72.11538696289062,36.53535461425781
03-05-1995,72.27564239501953,72.27564239501953,1691274,73.2371826171875,72.59615325927734,36.77890396118164
04-05-1995,72.43589782714844,72.75640869140625,2134236,74.19871520996094,73.2371826171875,37.103668212890625
05-05-1995,73.2371826171875,74.03845977783203,1563198,74.19871520996094,73.55769348144531,37.26605987548828
08-05-1995,72.59615325927734,73.2371826171875,1532778,75.0,75.0,37.99675369262695
09-05-1995,74.35897064208984,75.0,1642368,75.32051086425781,75.1602554321289,38.07794189453125
10-05-1995,74.51923370361328,75.1602554321289,3006978,75.96154022216797,75.80128479003906,38.4027214050293
11-05-1995,74.67948913574219,75.96154022216797,1619748,75.96154022216797,74.8397445678711,37.915565490722656
12-05-1995,74.19871520996094,74.35897064208984,2106234,75.64102935791016,75.64102935791016,38.321502685546875
15-05-1995,73.55769348144531,75.0,2570724,75.0,73.87820434570312,37.42844772338867
16-05-1995,72.75640869140625,74.03845977783203,2168010,74.51923370361328,72.91666412353516,36.94129943847656
17-05-1995,73.2371826171875,73.3974380493164,1531998,73.87820434570312,73.71794891357422,37.34724426269531
18-05-1995,72.27564239501953,73.55769348144531,1916304,74.35897064208984,72.43589782714844,36.69772720336914
19-05-1995,71.79486846923828,72.27564239501953,3435900,72.59615325927734,72.43589782714844,36.69772720336914
22-05-1995,72.59615325927734,72.75640869140625,1489722,73.3974380493164,73.2371826171875,37.103668212890625
23-05-1995,72.75640869140625,73.3974380493164,1411800,73.87820434570312,73.87820434570312,37.42844772338867
24-05-1995,72.43589782714844,73.71794891357422,1796106,74.19871520996094,73.2371826171875,37.103668212890625
25-05-1995,71.47435760498047,73.07691955566406,1785810,73.07691955566406,72.43589782714844,36.69772720336914
26-05-1995,71.47435760498047,72.11538696289062,1567332,72.59615325927734,72.27564239501953,36.616539001464844
30-05-1995,71.79486846923828,72.27564239501953,1282554,72.75640869140625,72.59615325927734,36.77890396118164
31-05-1995,72.59615325927734,72.91666412353516,1477086,74.35897064208984,74.35897064208984,37.67201232910156
01-06-1995,73.3974380493164,74.19871520996094,1748448,74.67948913574219,74.35897064208984,37.67201232910156
02-06-1995,72.43589782714844,74.03845977783203,1611714,74.8397445678711,72.75640869140625,36.8600959777832
05-06-1995,72.43589782714844,72.59615325927734,1765218,74.19871520996094,74.19871520996094,37.590797424316406
06-06-1995,73.71794891357422,74.19871520996094,2079012,74.51923370361328,73.87820434570312,37.42844772338867
07-06-1995,73.07691955566406,73.3974380493164,1190748,73.71794891357422,73.55769348144531,37.26605987548828
08-06-1995,72.91666412353516,73.55769348144531,927186,73.71794891357422,72.91666412353516,36.94129943847656
09-06-1995,71.15384674072266,72.75640869140625,2475486,73.07691955566406,71.31410217285156,36.12939453125
12-06-1995,71.47435760498047,71.47435760498047,1427868,72.75640869140625,72.75640869140625,36.8600959777832
13-06-1995,72.91666412353516,73.2371826171875,1141140,73.71794891357422,73.71794891357422,37.34724426269531
14-06-1995,73.07691955566406,73.3974380493164,1042470,74.19871520996094,74.03845977783203,37.50960922241211
15-06-1995,73.71794891357422,74.03845977783203,1174368,74.67948913574219,74.03845977783203,37.50960922241211
16-06-1995,73.3974380493164,74.19871520996094,3862482,74.51923370361328,73.55769348144531,37.26605987548828
19-06-1995,73.3974380493164,73.3974380493164,1289028,74.19871520996094,74.19871520996094,37.590797424316406
20-06-1995,73.07691955566406,74.03845977783203,2000622,74.19871520996094,73.3974380493164,37.18486022949219
21-06-1995,73.07691955566406,73.2371826171875,1477398,74.19871520996094,73.2371826171875,37.103668212890625
22-06-1995,73.2371826171875,73.71794891357422,2292420,73.87820434570312,73.3974380493164,37.18486022949219
23-06-1995,72.75640869140625,73.07691955566406,1569906,73.55769348144531,73.2371826171875,37.103668212890625
26-06-1995,72.59615325927734,73.2371826171875,1349400,73.55769348144531,72.91666412353516,36.94129943847656
27-06-1995,72.59615325927734,73.07691955566406,1741272,73.55769348144531,72.75640869140625,36.8600959777832
28-06-1995,72.11538696289062,73.07691955566406,1954524,73.3974380493164,72.75640869140625,36.8600959777832
29-06-1995,71.31410217285156,72.59615325927734,2053428,73.07691955566406,71.79486846923828,36.37296676635742
30-06-1995,71.47435760498047,71.47435760498047,1454388,72.43589782714844,72.27564239501953,36.88660430908203
03-07-1995,72.27564239501953,72.43589782714844,774930,73.2371826171875,73.15705108642578,37.33644485473633
05-07-1995,73.2371826171875,73.2371826171875,1797900,74.35897064208984,74.03845977783203,37.78623962402344
06-07-1995,73.71794891357422,74.19871520996094,1688466,75.64102935791016,75.64102935791016,38.60414505004883
07-07-1995,75.32051086425781,75.48076629638672,2354274,76.92308044433594,76.92308044433594,39.25844955444336
10-07-1995,76.28205108642578,76.92308044433594,1250886,76.92308044433594,76.6025619506836,39.094886779785156
11-07-1995,75.48076629638672,76.12179565429688,1202682,76.7628173828125,75.64102935791016,38.60414505004883
12-07-1995,74.8397445678711,75.1602554321289,1435122,76.12179565429688,75.80128479003906,38.68595504760742
13-07-1995,74.67948913574219,75.32051086425781,1402362,75.48076629638672,75.0,38.27701950073242
14-07-1995,74.35897064208984,74.67948913574219,1235364,75.48076629638672,74.51923370361328,38.03163146972656
17-07-1995,74.03845977783203,74.51923370361328,1400100,76.44230651855469,76.28205108642578,38.93130874633789
18-07-1995,75.48076629638672,76.12179565429688,1557192,77.08333587646484,75.64102935791016,38.60414505004883
19-07-1995,73.2371826171875,75.48076629638672,3135132,76.7628173828125,74.51923370361328,38.03163146972656
20-07-1995,74.35897064208984,74.35897064208984,1635972,76.12179565429688,76.12179565429688,38.84952163696289
21-07-1995,75.32051086425781,76.12179565429688,3815136,76.92308044433594,76.7628173828125,39.17667007446289
24-07-1995,76.28205108642578,76.7628173828125,1609998,77.56410217285156,76.44230651855469,39.013084411621094
25-07-1995,75.80128479003906,76.44230651855469,1579422,77.08333587646484,76.44230651855469,39.013084411621094
26-07-1995,75.80128479003906,76.7628173828125,1750554,76.7628173828125,75.96154022216797,38.767730712890625
27-07-1995,75.96154022216797,76.44230651855469,1690260,76.92308044433594,75.96154022216797,38.767730712890625
28-07-1995,75.0,76.12179565429688,1159704,76.12179565429688,75.32051086425781,38.44056701660156
31-07-1995,75.32051086425781,75.96154022216797,1384578,76.6025619506836,75.64102935791016,38.60414505004883
01-08-1995,74.67948913574219,75.64102935791016,1367574,75.80128479003906,75.1602554321289,38.358787536621094
02-08-1995,73.3974380493164,75.96154022216797,2282046,76.28205108642578,73.55769348144531,37.54090881347656
03-08-1995,72.91666412353516,73.2371826171875,1783860,73.87820434570312,73.55769348144531,37.54090881347656
04-08-1995,73.55769348144531,74.03845977783203,1403142,74.67948913574219,73.87820434570312,37.70449447631836
07-08-1995,74.03845977783203,74.35897064208984,785304,75.32051086425781,75.32051086425781,38.44056701660156
08-08-1995,75.0,75.32051086425781,1021410,75.64102935791016,75.64102935791016,38.60414505004883
09-08-1995,74.8397445678711,75.64102935791016,991926,75.64102935791016,75.1602554321289,38.358787536621094
10-08-1995,74.03845977783203,75.1602554321289,1252290,75.32051086425781,74.35897064208984,37.949859619140625
11-08-1995,73.2371826171875,74.19871520996094,954174,74.35897064208984,74.03845977783203,37.78623962402344
14-08-1995,73.87820434570312,74.03845977783203,1021332,75.32051086425781,75.1602554321289,38.358787536621094
15-08-1995,74.19871520996094,75.0,1162824,75.48076629638672,75.1602554321289,38.358787536621094
16-08-1995,74.19871520996094,74.8397445678711,1120860,75.48076629638672,74.67948913574219,38.11341857910156
17-08-1995,73.71794891357422,74.67948913574219,1420068,74.8397445678711,73.87820434570312,37.70449447631836
18-08-1995,73.2371826171875,74.03845977783203,2203734,74.35897064208984,73.3974380493164,37.45911407470703
21-08-1995,73.71794891357422,73.71794891357422,1327326,74.67948913574219,73.71794891357422,37.62269973754883
22-08-1995,73.2371826171875,73.87820434570312,1248234,73.87820434570312,73.71794891357422,37.62269973754883
23-08-1995,73.07691955566406,73.55769348144531,1316016,73.87820434570312,73.3974380493164,37.45911407470703
24-08-1995,73.3974380493164,73.55769348144531,1016262,74.19871520996094,74.03845977783203,37.78623962402344
25-08-1995,74.03845977783203,74.03845977783203,1073826,75.1602554321289,74.8397445678711,38.1952018737793
28-08-1995,74.8397445678711,75.0,927966,75.32051086425781,75.32051086425781,38.44056701660156
29-08-1995,75.1602554321289,75.1602554321289,1019928,75.64102935791016,75.48076629638672,38.52235412597656
30-08-1995,75.1602554321289,75.48076629638672,874302,75.80128479003906,75.64102935791016,38.60414505004883
31-08-1995,75.0,75.64102935791016,1004328,75.64102935791016,75.48076629638672,38.52235412597656
01-09-1995,75.0,75.32051086425781,1349088,75.64102935791016,75.32051086425781,38.44056701660156
05-09-1995,74.8397445678711,75.64102935791016,1250808,75.64102935791016,75.32051086425781,38.44056701660156
06-09-1995,75.32051086425781,75.48076629638672,1208220,76.12179565429688,76.12179565429688,38.84952163696289
07-09-1995,75.32051086425781,76.12179565429688,1096914,76.12179565429688,75.80128479003906,38.68595504760742
08-09-1995,75.1602554321289,75.80128479003906,994734,75.96154022216797,75.32051086425781,38.44056701660156
11-09-1995,75.32051086425781,75.32051086425781,753402,75.80128479003906,75.48076629638672,38.52235412597656
12-09-1995,75.80128479003906,76.28205108642578,2929524,76.92308044433594,76.92308044433594,39.25844955444336
13-09-1995,76.28205108642578,76.44230651855469,2169414,77.88461303710938,77.72435760498047,39.66740036010742
14-09-1995,77.88461303710938,77.88461303710938,2409966,80.44871520996094,79.96794891357422,40.812442779541016
15-09-1995,80.12820434570312,80.60897064208984,4081818,81.89102935791016,81.89102935791016,41.793914794921875
18-09-1995,79.6474380493164,81.25,1882764,81.4102554321289,79.96794891357422,40.812442779541016
19-09-1995,78.52564239501953,79.96794891357422,1824888,79.96794891357422,79.4871826171875,40.56706237792969
20-09-1995,79.00640869140625,79.80769348144531,1231464,79.96794891357422,79.4871826171875,40.56706237792969
21-09-1995,78.84615325927734,79.4871826171875,1460784,79.96794891357422,79.6474380493164,40.64886474609375
22-09-1995,79.00640869140625,79.16666412353516,1980888,81.4102554321289,80.76923370361328,41.221370697021484
25-09-1995,81.0897445678711,81.25,1524276,82.8525619506836,82.53205108642578,42.12105941772461
26-09-1995,81.73076629638672,82.05128479003906,2141256,82.53205108642578,82.37179565429688,42.03926467895508
27-09-1995,80.12820434570312,81.0897445678711,1963806,82.05128479003906,81.4102554321289,41.81538009643555
28-09-1995,80.28845977783203,81.0897445678711,1260558,81.57051086425781,81.0897445678711,41.65076446533203
29-09-1995,81.0897445678711,81.25,1392846,82.21154022216797,81.73076629638672,41.979984283447266
02-10-1995,81.25,81.4102554321289,1332240,82.37179565429688,81.4102554321289,41.81538009643555
03-10-1995,80.44871520996094,81.4102554321289,1852656,82.21154022216797,80.92948913574219,41.56843566894531
04-10-1995,80.60897064208984,80.76923370361328,1679808,82.05128479003906,81.57051086425781,41.897705078125
05-10-1995,80.44871520996094,81.57051086425781,1277796,81.57051086425781,80.76923370361328,41.486106872558594
06-10-1995,79.96794891357422,80.44871520996094,1901562,80.76923370361328,80.60897064208984,41.40380096435547
09-10-1995,80.28845977783203,80.44871520996094,976560,80.92948913574219,80.60897064208984,41.40380096435547
10-10-1995,79.6474380493164,79.80769348144531,1797042,80.60897064208984,80.28845977783203,41.23917770385742
11-10-1995,79.32691955566406,79.96794891357422,1532154,80.28845977783203,79.6474380493164,40.90991973876953
12-10-1995,79.6474380493164,79.80769348144531,1261104,81.0897445678711,80.60897064208984,41.40380096435547
13-10-1995,80.76923370361328,81.0897445678711,1368744,81.73076629638672,80.76923370361328,41.486106872558594
16-10-1995,80.28845977783203,81.0897445678711,801528,81.25,80.60897064208984,41.40380096435547
17-10-1995,80.12820434570312,80.76923370361328,1148238,82.05128479003906,82.05128479003906,42.144630432128906
18-10-1995,81.73076629638672,82.05128479003906,1634412,82.69230651855469,82.37179565429688,42.309268951416016
19-10-1995,82.53205108642578,82.53205108642578,1508910,83.65384674072266,83.65384674072266,42.967769622802734
20-10-1995,82.69230651855469,83.49359130859375,2331732,83.65384674072266,82.8525619506836,42.55620193481445
23-10-1995,81.4102554321289,82.21154022216797,1278654,82.53205108642578,81.4102554321289,41.81538009643555
24-10-1995,80.60897064208984,81.57051086425781,1546818,81.89102935791016,80.76923370361328,41.486106872558594
25-10-1995,79.80769348144531,81.25,1642914,81.57051086425781,80.76923370361328,41.486106872558594
26-10-1995,79.16666412353516,81.0897445678711,1420926,81.0897445678711,80.12820434570312,41.156856536865234
27-10-1995,78.04486846923828,79.32691955566406,1400256,80.12820434570312,79.80769348144531,40.99222946166992
30-10-1995,79.80769348144531,80.12820434570312,1016730,81.25,80.92948913574219,41.56843566894531
31-10-1995,81.0897445678711,81.0897445678711,1228110,82.05128479003906,81.0897445678711,41.65076446533203
01-11-1995,79.16666412353516,80.76923370361328,1304004,80.92948913574219,79.80769348144531,40.99222946166992
02-11-1995,80.60897064208984,80.60897064208984,1188252,81.89102935791016,81.4102554321289,41.81538009643555
03-11-1995,80.12820434570312,81.25,1098006,81.57051086425781,80.44871520996094,41.321468353271484
06-11-1995,79.6474380493164,80.44871520996094,1020162,80.92948913574219,80.60897064208984,41.40380096435547
07-11-1995,80.44871520996094,80.76923370361328,1085370,81.73076629638672,81.4102554321289,41.81538009643555
08-11-1995,81.25,82.05128479003906,1607190,83.65384674072266,83.17308044433594,42.72083282470703
09-11-1995,82.53205108642578,83.17308044433594,1756248,83.65384674072266,83.33333587646484,42.80313491821289
10-11-1995,82.8525619506836,83.17308044433594,1059396,84.13461303710938,84.13461303710938,43.21470642089844
13-11-1995,83.49359130859375,83.81410217285156,1285518,84.13461303710938,84.13461303710938,43.21470642089844
14-11-1995,83.65384674072266,84.13461303710938,1495572,84.61538696289062,83.97435760498047,43.13240051269531
15-11-1995,83.49359130859375,83.65384674072266,1660152,84.77564239501953,84.61538696289062,43.4616584777832
16-11-1995,84.45513153076172,84.61538696289062,1805622,87.01923370361328,86.69871520996094,44.53172302246094
17-11-1995,84.93589782714844,86.53845977783203,3373890,86.85897064208984,85.8974380493164,44.120147705078125
20-11-1995,84.29486846923828,85.8974380493164,1562808,85.8974380493164,85.25640869140625,43.79090118408203
21-11-1995,84.61538696289062,84.77564239501953,1436448,86.53845977783203,86.37820434570312,44.367088317871094
22-11-1995,84.61538696289062,86.21794891357422,1326000,86.37820434570312,84.93589782714844,43.62627410888672
24-11-1995,84.45513153076172,85.25640869140625,622830,85.41666412353516,84.61538696289062,43.4616584777832
27-11-1995,83.65384674072266,84.61538696289062,1451424,85.09615325927734,83.81410217285156,43.05009460449219
28-11-1995,83.33333587646484,83.65384674072266,1909050,86.21794891357422,85.8974380493164,44.120147705078125
29-11-1995,85.7371826171875,86.05769348144531,1478646,86.85897064208984,86.69871520996094,44.53172302246094
30-11-1995,86.05769348144531,86.53845977783203,1359072,87.3397445678711,86.05769348144531,44.202491760253906
01-12-1995,86.53845977783203,86.53845977783203,1550484,88.30128479003906,87.98076629638672,45.19024658203125
04-12-1995,87.5,87.6602554321289,1920438,89.42308044433594,89.1025619506836,45.766414642333984
05-12-1995,88.78205108642578,88.94230651855469,1624584,89.90384674072266,89.58333587646484,46.01335906982422
06-12-1995,89.90384674072266,89.90384674072266,2329626,91.50640869140625,91.50640869140625,47.00114440917969
07-12-1995,90.54486846923828,91.18589782714844,1463748,91.34615325927734,90.86538696289062,46.67189025878906
08-12-1995,89.90384674072266,91.02564239501953,1367964,91.18589782714844,90.22435760498047,46.34264373779297
11-12-1995,90.22435760498047,90.38461303710938,1506960,91.66666412353516,90.70513153076172,46.58959197998047
12-12-1995,90.06410217285156,90.06410217285156,1449474,92.30769348144531,92.30769348144531,47.41271209716797
13-12-1995,91.50640869140625,92.30769348144531,1832688,92.94871520996094,92.30769348144531,47.41271209716797
14-12-1995,91.18589782714844,92.30769348144531,1641198,92.78845977783203,91.50640869140625,47.00114440917969
15-12-1995,90.22435760498047,91.18589782714844,5965674,92.94871520996094,92.78845977783203,47.6596565246582
18-12-1995,91.50640869140625,92.30769348144531,2765802,93.75,93.10897064208984,47.824256896972656
19-12-1995,91.02564239501953,92.62820434570312,2608476,93.26923370361328,92.30769348144531,47.41271209716797
20-12-1995,89.74359130859375,92.62820434570312,1823328,92.78845977783203,89.74359130859375,46.09569549560547
21-12-1995,89.74359130859375,90.06410217285156,1903746,90.70513153076172,90.38461303710938,46.424949645996094
22-12-1995,90.54486846923828,90.70513153076172,1130376,92.1474380493164,91.82691955566406,47.165775299072266
26-12-1995,91.9871826171875,92.1474380493164,811980,92.62820434570312,92.46794891357422,47.495018005371094
27-12-1995,91.50640869140625,92.30769348144531,1313598,92.62820434570312,91.9871826171875,47.55134201049805
28-12-1995,91.02564239501953,92.1474380493164,1128504,92.46794891357422,91.18589782714844,47.13712692260742
29-12-1995,91.02564239501953,91.34615325927734,1265082,92.46794891357422,92.30769348144531,47.71705627441406
02-01-1996,91.34615325927734,91.50640869140625,2001714,94.39102935791016,94.23076629638672,48.71113204956055
03-01-1996,93.9102554321289,94.55128479003906,2400996,95.3525619506836,94.39102935791016,48.793975830078125
04-01-1996,91.34615325927734,94.55128479003906,2425722,95.19230651855469,93.26923370361328,48.214111328125
05-01-1996,91.66666412353516,92.94871520996094,1511250,93.42948913574219,93.42948913574219,48.29692077636719
08-01-1996,92.78845977783203,93.9102554321289,564642,94.39102935791016,94.07051086425781,48.62833023071289
09-01-1996,91.9871826171875,94.23076629638672,1837212,94.23076629638672,93.1690673828125,48.162330627441406
10-01-1996,89.58333587646484,91.66666412353516,2165670,91.9871826171875,90.22435760498047,46.640106201171875
11-01-1996,89.58333587646484,90.70513153076172,1673100,90.86538696289062,90.38461303710938,46.722930908203125
12-01-1996,89.58333587646484,91.02564239501953,1778400,91.18589782714844,90.06410217285156,46.557254791259766
15-01-1996,89.74359130859375,89.90384674072266,988104,90.70513153076172,90.06410217285156,46.557254791259766
16-01-1996,89.1025619506836,90.22435760498047,1601028,91.02564239501953,90.86538696289062,46.971466064453125
17-01-1996,90.54486846923828,90.86538696289062,2118948,92.46794891357422,91.50640869140625,47.302818298339844
18-01-1996,91.02564239501953,92.1474380493164,2114112,93.10897064208984,92.94871520996094,48.04841613769531
19-01-1996,92.94871520996094,92.94871520996094,3280836,95.67308044433594,95.19230651855469,49.208213806152344
22-01-1996,93.9102554321289,95.19230651855469,1865916,96.31410217285156,94.87179565429688,49.042518615722656
23-01-1996,93.10897064208984,94.23076629638672,1606644,94.39102935791016,93.5897445678711,48.37977981567383
24-01-1996,93.42948913574219,93.9102554321289,1760304,95.03205108642578,94.55128479003906,48.87682342529297
25-01-1996,94.07051086425781,94.55128479003906,1697436,96.47435760498047,95.83333587646484,49.53956985473633
26-01-1996,95.3525619506836,95.83333587646484,1518894,96.79486846923828,96.79486846923828,50.03664016723633
29-01-1996,95.5128173828125,96.63461303710938,928200,96.95513153076172,95.99359130859375,49.622413635253906
30-01-1996,95.5128173828125,96.15384674072266,2420184,97.11538696289062,96.79486846923828,50.03664016723633
31-01-1996,96.31410217285156,96.79486846923828,1963260,98.3974380493164,98.3974380493164,50.86503219604492
01-02-1996,97.59615325927734,97.91666412353516,1548144,98.87820434570312,98.71794891357422,51.030731201171875
02-02-1996,98.07691955566406,98.71794891357422,1560156,99.67948913574219,98.87820434570312,51.11357879638672
05-02-1996,98.2371826171875,98.55769348144531,1306578,100.32051086425781,100.1602554321289,51.77629470825195
06-02-1996,99.8397445678711,100.32051086425781,1778244,101.6025619506836,101.44230651855469,52.43903350830078
07-02-1996,100.48076629638672,101.28205108642578,2158962,101.92308044433594,100.48076629638672,51.94196319580078
08-02-1996,99.51923370361328,100.64102935791016,2286726,102.08333587646484,101.92308044433594,52.687557220458984
09-02-1996,101.12179565429688,101.7628173828125,2204436,102.56410217285156,101.7628173828125,52.6047477722168
12-02-1996,101.6025619506836,101.6025619506836,1651182,102.40384674072266,102.08333587646484,52.77040481567383
13-02-1996,101.6025619506836,101.92308044433594,2043132,102.56410217285156,102.24359130859375,52.853233337402344
14-02-1996,100.64102935791016,101.92308044433594,1813344,102.56410217285156,100.96154022216797,52.190513610839844
15-02-1996,99.8397445678711,100.64102935791016,1819272,101.6025619506836,100.0,51.693443298339844
16-02-1996,99.35897064208984,100.0,2743572,100.48076629638672,99.35897064208984,51.362098693847656
20-02-1996,97.91666412353516,98.3974380493164,1645098,99.67948913574219,98.71794891357422,51.030731201171875
21-02-1996,98.71794891357422,98.87820434570312,1878786,99.8397445678711,99.8397445678711,51.61061477661133
22-02-1996,100.48076629638672,100.64102935791016,2073240,102.72435760498047,102.08333587646484,52.77040481567383
23-02-1996,100.32051086425781,102.08333587646484,1750632,103.20513153076172,102.24359130859375,52.853233337402344
26-02-1996,100.48076629638672,101.6025619506836,1395654,102.08333587646484,100.64102935791016,52.024845123291016
27-02-1996,97.27564239501953,100.32051086425781,2177058,100.48076629638672,99.67948913574219,51.527774810791016
28-02-1996,97.43589782714844,100.48076629638672,2306148,101.44230651855469,97.59615325927734,50.450809478759766
29-02-1996,96.63461303710938,96.95513153076172,2157636,98.3974380493164,96.79486846923828,50.03664016723633
01-03-1996,96.47435760498047,97.59615325927734,1802502,98.55769348144531,98.55769348144531,50.947872161865234
04-03-1996,98.2371826171875,98.3974380493164,1379274,100.80128479003906,99.8397445678711,51.921287536621094
05-03-1996,99.35897064208984,99.51923370361328,1156272,100.48076629638672,100.32051086425781,52.17131805419922
06-03-1996,99.51923370361328,100.64102935791016,1441908,100.96154022216797,99.8397445678711,51.921287536621094
07-03-1996,98.87820434570312,99.67948913574219,1297920,100.1602554321289,99.8397445678711,51.921287536621094
08-03-1996,94.39102935791016,98.55769348144531,3064932,98.87820434570312,95.83333587646484,49.837806701660156
11-03-1996,94.71154022216797,95.3525619506836,3059238,98.2371826171875,98.07691955566406,51.004554748535156
12-03-1996,95.5128173828125,97.11538696289062,3145038,97.75640869140625,96.15384674072266,50.00448989868164
13-03-1996,95.3525619506836,96.47435760498047,1728012,96.63461303710938,95.67308044433594,49.754432678222656
14-03-1996,95.99359130859375,96.15384674072266,1886196,97.43589782714844,96.31410217285156,50.087806701660156
15-03-1996,95.3525619506836,95.3525619506836,3707496,97.59615325927734,97.11538696289062,50.5045280456543
18-03-1996,97.11538696289062,97.43589782714844,1975194,100.0,99.8397445678711,51.921287536621094
19-03-1996,98.71794891357422,100.32051086425781,1513278,101.12179565429688,98.87820434570312,51.421260833740234
20-03-1996,98.07691955566406,99.03845977783203,1348308,99.8397445678711,99.03845977783203,51.50458526611328
21-03-1996,98.55769348144531,99.35897064208984,1021878,99.67948913574219,99.19871520996094,51.58794403076172
22-03-1996,99.67948913574219,99.8397445678711,1037322,100.64102935791016,100.48076629638672,52.254642486572266
25-03-1996,100.64102935791016,100.96154022216797,1506570,101.7628173828125,101.28205108642578,52.671390533447266
26-03-1996,100.64102935791016,100.96154022216797,1184898,101.92308044433594,101.28205108642578,52.671390533447266
27-03-1996,100.80128479003906,100.96154022216797,1197768,101.92308044433594,101.12179565429688,52.5880241394043
28-03-1996,99.35897064208984,100.80128479003906,1479972,101.28205108642578,100.32051086425781,52.17131805419922
29-03-1996,98.71794891357422,100.48076629638672,1586754,100.48076629638672,99.8397445678711,51.921287536621094
01-04-1996,100.0,100.64102935791016,1530750,101.92308044433594,101.7628173828125,52.92140197753906
02-04-1996,101.7628173828125,101.92308044433594,2290470,102.88461303710938,101.92308044433594,53.00472640991211
03-04-1996,101.44230651855469,101.6025619506836,1324752,102.88461303710938,102.88461303710938,53.50476837158203
04-04-1996,102.40384674072266,102.88461303710938,1479270,103.36538696289062,103.04486846923828,53.588111877441406
08-04-1996,100.96154022216797,100.96154022216797,2141958,102.24359130859375,102.08333587646484,53.08806228637695
09-04-1996,100.0,102.08333587646484,1871064,102.08333587646484,100.48076629638672,52.254642486572266
10-04-1996,96.63461303710938,99.8397445678711,2239614,100.32051086425781,98.2371826171875,51.087894439697266
11-04-1996,95.03205108642578,98.2371826171875,3280368,98.2371826171875,96.95513153076172,50.42117691040039
12-04-1996,96.95513153076172,96.95513153076172,1894776,98.71794891357422,98.55769348144531,51.25456237792969
15-04-1996,99.03845977783203,99.35897064208984,1546038,100.48076629638672,100.32051086425781,52.17131805419922
16-04-1996,98.87820434570312,100.32051086425781,1675674,100.32051086425781,99.67948913574219,51.83795928955078
17-04-1996,99.03845977783203,99.67948913574219,2148276,100.64102935791016,100.32051086425781,52.17131805419922
18-04-1996,99.51923370361328,100.32051086425781,1715142,101.92308044433594,101.6025619506836,52.838069915771484
19-04-1996,100.96154022216797,101.6025619506836,2591472,102.56410217285156,101.44230651855469,52.75469970703125
22-04-1996,101.44230651855469,101.92308044433594,1318746,102.56410217285156,101.92308044433594,53.00472640991211
23-04-1996,100.96154022216797,101.28205108642578,1406574,101.92308044433594,101.7628173828125,52.92140197753906
24-04-1996,100.64102935791016,102.08333587646484,1231308,102.08333587646484,101.28205108642578,52.671390533447266
25-04-1996,99.35897064208984,100.64102935791016,1788540,101.12179565429688,100.0,52.00463104248047
26-04-1996,99.67948913574219,100.0,1392924,100.80128479003906,99.8397445678711,51.921287536621094
29-04-1996,99.35897064208984,99.51923370361328,1025466,100.80128479003906,99.51923370361328,51.75459671020508
30-04-1996,98.2371826171875,99.19871520996094,1843374,99.35897064208984,99.03845977783203,51.50458526611328
01-05-1996,98.55769348144531,98.87820434570312,1670526,100.1602554321289,99.8397445678711,51.921287536621094
02-05-1996,98.71794891357422,99.03845977783203,1564524,99.8397445678711,99.35897064208984,51.67129898071289
03-05-1996,98.55769348144531,99.35897064208984,1748526,100.1602554321289,98.71794891357422,51.33792495727539
06-05-1996,96.63461303710938,99.19871520996094,2017938,99.51923370361328,97.75640869140625,50.837886810302734
07-05-1996,96.15384674072266,97.43589782714844,2080182,97.75640869140625,96.63461303710938,50.25450134277344
08-05-1996,94.55128479003906,96.15384674072266,2077218,97.59615325927734,97.43589782714844,50.67119216918945
09-05-1996,97.43589782714844,97.59615325927734,1592370,98.87820434570312,98.71794891357422,51.33792495727539
10-05-1996,98.87820434570312,99.67948913574219,1335438,100.1602554321289,99.67948913574219,51.83795928955078
13-05-1996,99.19871520996094,99.35897064208984,1678404,100.64102935791016,100.64102935791016,52.33802795410156
14-05-1996,100.1602554321289,100.32051086425781,1627548,101.6025619506836,101.12179565429688,52.5880241394043
15-05-1996,100.64102935791016,100.96154022216797,1093170,101.7628173828125,100.96154022216797,52.50469970703125
16-05-1996,100.48076629638672,100.48076629638672,1931826,102.72435760498047,102.40384674072266,53.254756927490234
17-05-1996,103.20513153076172,103.52564239501953,2846142,105.12820434570312,104.16666412353516,54.171504974365234
20-05-1996,104.6474380493164,104.80769348144531,2802618,108.33333587646484,108.17308044433594,56.25502014160156
21-05-1996,106.4102554321289,108.33333587646484,2509572,108.49359130859375,106.73076629638672,55.50495910644531
22-05-1996,106.0897445678711,106.4102554321289,2495220,108.81410217285156,108.81410217285156,56.58839416503906
23-05-1996,107.05128479003906,108.81410217285156,2879916,109.77564239501953,108.49359130859375,56.42171859741211
24-05-1996,108.17308044433594,108.17308044433594,1416792,109.29486846923828,108.97435760498047,56.671730041503906
28-05-1996,105.76923370361328,108.97435760498047,1948206,109.29486846923828,106.0897445678711,55.17158889770508
29-05-1996,105.12820434570312,106.4102554321289,1460472,106.97115325927734,105.44871520996094,54.83823013305664
30-05-1996,104.96794891357422,105.44871520996094,1684410,107.53205108642578,106.73076629638672,55.50495910644531
31-05-1996,104.80769348144531,106.4102554321289,1708434,106.57051086425781,106.0897445678711,55.17158889770508
03-06-1996,104.96794891357422,105.76923370361328,1208532,106.25,106.25,55.254940032958984
04-06-1996,106.57051086425781,106.73076629638672,1559766,107.8525619506836,107.53205108642578,55.92167282104492
05-06-1996,106.89102935791016,107.37179565429688,1315080,108.49359130859375,108.17308044433594,56.25502014160156
06-06-1996,109.45513153076172,110.25640869140625,3235206,111.21794891357422,110.57691955566406,57.5051383972168
07-06-1996,108.81410217285156,109.29486846923828,2600598,110.41666412353516,110.09615325927734,57.255123138427734
10-06-1996,109.77564239501953,110.41666412353516,998712,110.41666412353516,110.25640869140625,57.33846664428711
11-06-1996,108.17308044433594,110.57691955566406,1698450,111.05769348144531,108.49359130859375,56.42171859741211
12-06-1996,108.97435760498047,109.13461303710938,1582620,109.93589782714844,109.29486846923828,56.83837890625
13-06-1996,108.81410217285156,109.61538696289062,1820910,110.41666412353516,109.93589782714844,57.171783447265625
14-06-1996,108.97435760498047,109.77564239501953,1957254,110.41666412353516,109.93589782714844,57.171783447265625
17-06-1996,109.93589782714844,110.7371826171875,1423578,111.05769348144531,110.57691955566406,57.5051383972168
18-06-1996,109.61538696289062,110.09615325927734,1761552,110.8974380493164,109.77564239501953,57.088436126708984
19-06-1996,109.45513153076172,109.77564239501953,1222728,110.09615325927734,109.77564239501953,57.088436126708984
20-06-1996,108.49359130859375,110.09615325927734,2165982,110.41666412353516,109.77564239501953,57.088436126708984
21-06-1996,109.93589782714844,110.25640869140625,4471506,111.53845977783203,111.53845977783203,58.00517272949219
24-06-1996,111.37820434570312,111.53845977783203,1881984,112.82051086425781,112.01923370361328,58.25521469116211
25-06-1996,111.85897064208984,112.01923370361328,2099214,112.98076629638672,112.5,58.5052375793457
26-06-1996,111.21794891357422,112.17948913574219,1639404,112.6602554321289,111.37820434570312,57.92182159423828
27-06-1996,110.8974380493164,111.37820434570312,2240238,112.17948913574219,112.17948913574219,58.33856201171875
28-06-1996,109.93589782714844,112.6602554321289,2172066,112.82051086425781,111.21794891357422,57.838470458984375
01-07-1996,110.7371826171875,111.37820434570312,1507584,112.17948913574219,111.85897064208984,58.48194885253906
02-07-1996,111.85897064208984,112.17948913574219,1443546,112.6602554321289,112.17948913574219,58.64956283569336
03-07-1996,110.09615325927734,111.85897064208984,1457820,112.17948913574219,111.85897064208984,58.48194885253906
05-07-1996,109.45513153076172,110.25640869140625,1057056,110.41666412353516,109.77564239501953,57.39276885986328
08-07-1996,107.37179565429688,109.45513153076172,1596894,109.93589782714844,107.53205108642578,56.21979522705078
09-07-1996,106.89102935791016,107.8525619506836,1831050,109.29486846923828,108.49359130859375,56.72248840332031
10-07-1996,106.89102935791016,108.65384674072266,1502358,109.77564239501953,109.45513153076172,57.22521209716797
11-07-1996,105.44871520996094,109.45513153076172,1893294,109.45513153076172,107.53205108642578,56.21979522705078
12-07-1996,105.44871520996094,107.53205108642578,1566630,108.65384674072266,107.69230651855469,56.30354309082031
15-07-1996,104.32691955566406,107.05128479003906,1607502,107.69230651855469,104.32691955566406,54.54408645629883
16-07-1996,100.0,103.36538696289062,3820752,105.44871520996094,103.68589782714844,54.208919525146484
17-07-1996,104.80769348144531,106.73076629638672,2733900,107.53205108642578,106.0897445678711,55.46571350097656
18-07-1996,105.60897064208984,106.73076629638672,1703130,107.69230651855469,107.53205108642578,56.21979522705078
19-07-1996,104.6474380493164,107.37179565429688,2164344,107.53205108642578,105.28845977783203,55.04678726196289
22-07-1996,103.20513153076172,104.6474380493164,1581684,104.6474380493164,103.68589782714844,54.208919525146484
23-07-1996,101.44230651855469,103.84615325927734,2083146,104.4871826171875,101.7628173828125,53.20352554321289
24-07-1996,99.8397445678711,100.0,2792790,103.52564239501953,102.40384674072266,53.53865051269531
25-07-1996,103.04486846923828,103.36538696289062,1875510,104.16666412353516,103.36538696289062,54.04134750366211
26-07-1996,103.84615325927734,104.00640869140625,1228500,104.80769348144531,104.32691955566406,54.54408645629883
29-07-1996,102.40384674072266,104.00640869140625,915798,104.16666412353516,102.56410217285156,53.6224365234375
30-07-1996,101.92308044433594,103.36538696289062,1200264,103.52564239501953,102.72435760498047,53.706199645996094
31-07-1996,101.92308044433594,102.24359130859375,1619904,105.76923370361328,105.44871520996094,55.13056564331055
01-08-1996,105.28845977783203,105.28845977783203,1927770,108.0128173828125,106.89102935791016,55.88463592529297
02-08-1996,107.37179565429688,107.53205108642578,2191020,110.7371826171875,110.41666412353516,57.72792434692383
05-08-1996,109.93589782714844,109.93589782714844,976326,111.21794891357422,110.09615325927734,57.56034851074219
06-08-1996,109.29486846923828,109.93589782714844,1344798,111.05769348144531,110.8974380493164,57.97926330566406
07-08-1996,108.97435760498047,111.21794891357422,1557426,111.53845977783203,109.93589782714844,57.47655487060547
08-08-1996,108.81410217285156,109.45513153076172,1097304,110.09615325927734,108.81410217285156,56.89006042480469
09-08-1996,107.21154022216797,109.13461303710938,1038960,110.09615325927734,107.37179565429688,56.135990142822266
12-08-1996,107.21154022216797,107.37179565429688,1557894,109.61538696289062,108.97435760498047,56.97383499145508
13-08-1996,108.33333587646484,108.65384674072266,1335750,109.45513153076172,108.97435760498047,56.97383499145508
14-08-1996,108.17308044433594,109.29486846923828,931632,109.77564239501953,109.45513153076172,57.22521209716797
15-08-1996,108.65384674072266,109.13461303710938,705354,109.29486846923828,108.65384674072266,56.80629348754883
16-08-1996,108.49359130859375,108.97435760498047,1492686,109.13461303710938,108.81410217285156,56.89006042480469
19-08-1996,108.81410217285156,109.13461303710938,782262,109.61538696289062,108.97435760498047,56.97383499145508
20-08-1996,108.65384674072266,108.97435760498047,1073514,109.45513153076172,108.97435760498047,56.97383499145508
21-08-1996,107.53205108642578,108.65384674072266,1305096,108.81410217285156,107.69230651855469,56.30354309082031
22-08-1996,107.69230651855469,107.69230651855469,2019030,108.81410217285156,108.49359130859375,56.72248840332031
23-08-1996,108.17308044433594,108.17308044433594,1507428,110.41666412353516,109.93589782714844,57.47655487060547
26-08-1996,109.29486846923828,110.09615325927734,1138410,110.41666412353516,109.77564239501953,57.39276885986328
27-08-1996,109.61538696289062,110.09615325927734,1322802,111.05769348144531,110.8974380493164,57.97926330566406
28-08-1996,110.57691955566406,110.8974380493164,1154088,111.21794891357422,110.7371826171875,57.895477294921875
29-08-1996,108.0128173828125,110.41666412353516,1548690,110.41666412353516,108.65384674072266,56.80629348754883
30-08-1996,106.57051086425781,108.33333587646484,1407978,108.33333587646484,106.57051086425781,55.717041015625
03-09-1996,104.80769348144531,105.44871520996094,1850628,108.0128173828125,107.8525619506836,56.387359619140625
04-09-1996,107.21154022216797,107.37179565429688,1410708,108.49359130859375,108.0128173828125,56.471126556396484
05-09-1996,106.57051086425781,107.69230651855469,1344330,108.17308044433594,106.73076629638672,55.80085754394531
06-09-1996,106.89102935791016,106.89102935791016,1400334,109.13461303710938,108.65384674072266,56.80629348754883
09-09-1996,108.49359130859375,108.81410217285156,1503918,109.93589782714844,109.77564239501953,57.39276885986328
10-09-1996,109.45513153076172,110.09615325927734,1727310,110.7371826171875,110.25640869140625,57.64413070678711
11-09-1996,109.29486846923828,109.77564239501953,1477554,110.57691955566406,110.25640869140625,57.64413070678711
12-09-1996,111.05769348144531,111.21794891357422,2129790,112.5,111.53845977783203,58.31439208984375
13-09-1996,112.5,112.5,1994304,114.1025619506836,113.30128479003906,59.23603439331055
16-09-1996,112.6602554321289,112.82051086425781,1672476,115.22435760498047,113.30128479003906,59.23603439331055
17-09-1996,111.53845977783203,112.82051086425781,1655550,112.98076629638672,111.53845977783203,58.31439208984375
18-09-1996,110.8974380493164,111.85897064208984,1368900,112.3397445678711,111.85897064208984,58.48194885253906
19-09-1996,111.05769348144531,111.37820434570312,1359306,112.82051086425781,112.6602554321289,58.9008903503418
20-09-1996,112.6602554321289,112.82051086425781,3291600,114.42308044433594,114.2628173828125,59.738731384277344
23-09-1996,112.6602554321289,113.94230651855469,1189344,114.1025619506836,113.46154022216797,59.3198127746582
24-09-1996,113.14102935791016,113.78205108642578,2068482,116.02564239501953,115.22435760498047,60.24147033691406
25-09-1996,115.06410217285156,115.86538696289062,2291718,117.46794891357422,117.30769348144531,61.33066177368164
26-09-1996,115.70513153076172,116.82691955566406,1740960,117.62820434570312,115.86538696289062,60.882686614990234
27-09-1996,116.9871826171875,117.30769348144531,2146248,117.94871520996094,117.30769348144531,61.64056396484375
30-09-1996,116.02564239501953,116.9871826171875,1406262,117.78845977783203,116.66666412353516,61.3037109375
01-10-1996,116.02564239501953,116.66666412353516,1247298,117.30769348144531,116.18589782714844,61.05110168457031
02-10-1996,116.50640869140625,116.50640869140625,1417338,118.26923370361328,117.78845977783203,61.89316177368164
03-10-1996,117.30769348144531,117.62820434570312,1237626,118.75,117.78845977783203,61.89316177368164
04-10-1996,118.42948913574219,118.42948913574219,1413828,120.19230651855469,119.87179565429688,62.9879035949707
07-10-1996,119.55128479003906,119.55128479003906,1230138,120.83333587646484,120.67308044433594,63.40892791748047
08-10-1996,119.71154022216797,120.3525619506836,1146600,120.83333587646484,119.71154022216797,62.90365982055664
09-10-1996,118.10897064208984,120.03205108642578,1256658,120.03205108642578,119.07051086425781,62.56681823730469
10-10-1996,117.78845977783203,118.26923370361328,1083264,118.5897445678711,117.94871520996094,61.977386474609375
11-10-1996,118.42948913574219,118.42948913574219,1169454,121.15384674072266,120.99359130859375,63.57734298706055
14-10-1996,120.83333587646484,120.99359130859375,1257438,122.59615325927734,121.79486846923828,63.998374938964844
15-10-1996,121.15384674072266,122.91666412353516,1733628,123.07691955566406,122.11538696289062,64.16679382324219
16-10-1996,120.5128173828125,122.27564239501953,1267422,122.27564239501953,121.79486846923828,63.998374938964844
17-10-1996,121.79486846923828,122.11538696289062,1584102,123.2371826171875,121.95513153076172,64.08258056640625
18-10-1996,121.31410217285156,121.95513153076172,1860690,122.11538696289062,121.95513153076172,64.08258056640625
21-10-1996,121.63461303710938,121.95513153076172,1207050,123.2371826171875,122.75640869140625,64.50362396240234
22-10-1996,122.27564239501953,122.91666412353516,1049412,123.07691955566406,122.59615325927734,64.41946411132812
23-10-1996,121.79486846923828,122.11538696289062,1913262,124.51923370361328,123.71794891357422,65.00885009765625
24-10-1996,123.2371826171875,123.71794891357422,1461876,125.0,123.2371826171875,64.75625610351562
25-10-1996,122.75640869140625,122.75640869140625,1046058,124.03845977783203,122.91666412353516,64.58782958984375
28-10-1996,121.63461303710938,123.71794891357422,1411488,124.51923370361328,121.79486846923828,63.998374938964844
29-10-1996,121.47435760498047,122.43589782714844,1881126,123.55769348144531,123.07691955566406,64.67203521728516
30-10-1996,123.07691955566406,123.71794891357422,1120626,123.71794891357422,123.07691955566406,64.67203521728516
31-10-1996,121.95513153076172,122.91666412353516,1592682,124.35897064208984,124.03845977783203,65.17729949951172
01-11-1996,123.3974380493164,124.35897064208984,1130298,124.67948913574219,123.87820434570312,65.09309387207031
04-11-1996,123.87820434570312,124.03845977783203,1337076,125.64102935791016,124.8397445678711,65.59835052490234
05-11-1996,125.1602554321289,125.1602554321289,2162628,127.40384674072266,126.6025619506836,66.524658203125
06-11-1996,126.44230651855469,126.6025619506836,2165826,130.28846740722656,130.28846740722656,68.46143341064453
07-11-1996,129.32691955566406,129.4871826171875,2283528,132.21153259277344,131.73077392578125,69.21929931640625
08-11-1996,128.2051239013672,131.08973693847656,1578564,131.5705108642578,130.9294891357422,68.79827117919922
11-11-1996,129.96795654296875,130.76922607421875,1105962,130.9294891357422,130.76922607421875,68.71405792236328
12-11-1996,129.8076934814453,131.41026306152344,1498302,131.41026306152344,130.60897827148438,68.62985229492188
13-11-1996,130.28846740722656,130.28846740722656,1491906,132.85256958007812,132.85256958007812,69.80874633789062
14-11-1996,132.05128479003906,132.37179565429688,1962324,134.61538696289062,134.61538696289062,70.73505401611328
15-11-1996,133.49359130859375,135.25640869140625,2922270,136.0576934814453,133.65383911132812,70.22981262207031
18-11-1996,131.89102172851562,133.81410217285156,1620372,133.81410217285156,132.53204345703125,69.64032745361328
19-11-1996,131.08973693847656,132.85256958007812,1720602,133.65383911132812,132.05128479003906,69.3877182006836
20-11-1996,130.9294891357422,131.89102172851562,1886118,133.0128173828125,131.73077392578125,69.21929931640625
21-11-1996,129.4871826171875,131.73077392578125,1866150,131.73077392578125,130.28846740722656,68.46143341064453
22-11-1996,129.4871826171875,130.44871520996094,1622088,131.08973693847656,129.4871826171875,68.04039001464844
25-11-1996,129.32691955566406,129.32691955566406,2376270,133.0128173828125,133.0128173828125,69.89297485351562
26-11-1996,130.76922607421875,133.0128173828125,2204358,133.81410217285156,130.76922607421875,68.71405792236328
27-11-1996,129.96795654296875,131.08973693847656,1670682,131.5705108642578,131.41026306152344,69.0508804321289
29-11-1996,131.5705108642578,131.5705108642578,755820,133.65383911132812,133.3333282470703,70.06138610839844
02-12-1996,130.9294891357422,132.53204345703125,1479348,133.17308044433594,132.37179565429688,69.55616760253906
03-12-1996,127.08333587646484,131.41026306152344,2316366,133.0128173828125,127.24359130859375,66.86148071289062
04-12-1996,125.32051086425781,127.40384674072266,4707456,128.2051239013672,126.80288696289062,66.62989807128906
05-12-1996,124.8397445678711,126.6025619506836,2704728,128.2051239013672,125.1602554321289,65.76675415039062
06-12-1996,121.79486846923828,122.43589782714844,3546348,127.08333587646484,125.48076629638672,65.9351806640625
09-12-1996,125.80128479003906,126.6025619506836,1821612,127.40384674072266,126.28205108642578,66.35620880126953
10-12-1996,125.48076629638672,126.7628173828125,2265900,127.40384674072266,125.80128479003906,66.1036148071289
11-12-1996,122.59615325927734,123.87820434570312,3611868,124.67948913574219,124.35897064208984,65.34571838378906
12-12-1996,124.03845977783203,125.64102935791016,3148392,127.56410217285156,124.03845977783203,65.17729949951172
13-12-1996,122.75640869140625,123.71794891357422,2915796,126.12179565429688,124.03845977783203,65.17729949951172
16-12-1996,121.47435760498047,124.67948913574219,2266914,125.32051086425781,121.95513153076172,64.08258056640625
17-12-1996,121.63461303710938,121.79486846923828,3582462,126.28205108642578,125.1602554321289,65.76675415039062
18-12-1996,125.80128479003906,125.96154022216797,2208492,127.88461303710938,127.24359130859375,66.86148071289062
19-12-1996,129.1666717529297,129.4871826171875,3290820,131.73077392578125,131.73077392578125,69.21929931640625
20-12-1996,130.9294891357422,134.2948760986328,5257902,134.4551239013672,131.08973693847656,68.88247680664062
23-12-1996,129.32691955566406,131.25,1634490,131.73077392578125,129.4871826171875,68.04039001464844
24-12-1996,128.36538696289062,129.64743041992188,701844,130.76922607421875,130.76922607421875,68.71405792236328
26-12-1996,130.76922607421875,130.76922607421875,1103310,132.53204345703125,132.37179565429688,69.55616760253906
27-12-1996,130.76922607421875,133.17308044433594,1167972,133.49359130859375,131.41026306152344,69.4004135131836
30-12-1996,130.12820434570312,131.73077392578125,1203462,132.21153259277344,130.28846740722656,68.80797576904297
31-12-1996,126.7628173828125,130.28846740722656,2225808,130.28846740722656,126.7628173828125,66.94599151611328
02-01-1997,122.91666412353516,126.6025619506836,3551106,126.92308044433594,125.1602554321289,66.09962463378906
03-01-1997,125.48076629638672,125.48076629638672,2336568,128.2051239013672,127.08333587646484,67.11528015136719
06-01-1997,126.7628173828125,128.0448760986328,2407782,128.84616088867188,126.92308044433594,67.0306396484375
07-01-1997,125.80128479003906,126.28205108642578,1917708,129.64743041992188,129.4871826171875,68.38481140136719
08-01-1997,127.72435760498047,130.60897827148438,1849302,130.60897827148438,127.72435760498047,67.45381927490234
09-01-1997,127.88461303710938,127.88461303710938,2220504,130.60897827148438,129.64743041992188,68.46939086914062
10-01-1997,127.72435760498047,127.72435760498047,2418780,130.60897827148438,129.96795654296875,68.63873291015625
13-01-1997,130.12820434570312,130.12820434570312,2166840,132.53204345703125,132.37179565429688,69.90823364257812
14-01-1997,132.85256958007812,133.49359130859375,2677584,134.61538696289062,134.13461303710938,70.8392333984375
15-01-1997,131.41026306152344,133.17308044433594,2101476,133.65383911132812,131.89102172851562,69.65432739257812
16-01-1997,129.32691955566406,132.53204345703125,2392416,132.6923065185547,130.12820434570312,68.72335052490234
17-01-1997,130.44871520996094,130.44871520996094,2560194,133.3333282470703,132.85256958007812,70.16210174560547
20-01-1997,133.17308044433594,133.3333282470703,1948752,135.57691955566406,134.61538696289062,71.0931167602539
21-01-1997,132.85256958007812,133.0128173828125,2924610,136.53846740722656,135.25640869140625,71.4316177368164
22-01-1997,135.09616088867188,135.25640869140625,2242734,137.8205108642578,137.66026306152344,72.70116424560547
23-01-1997,133.49359130859375,137.8205108642578,2201472,138.30128479003906,133.49359130859375,70.50067138671875
24-01-1997,129.96795654296875,134.13461303710938,3327324,134.2948760986328,130.60897827148438,68.97724914550781
27-01-1997,127.88461303710938,130.60897827148438,3230136,130.76922607421875,128.68589782714844,67.96163177490234
28-01-1997,128.36538696289062,133.3333282470703,2970318,133.49359130859375,129.00640869140625,68.13088989257812
29-01-1997,130.12820434570312,130.60897827148438,2089854,132.85256958007812,132.85256958007812,70.16210174560547
30-01-1997,133.0128173828125,133.65383911132812,2241720,135.57691955566406,135.4166717529297,71.51624298095703
31-01-1997,132.05128479003906,136.37820434570312,2718924,137.01922607421875,132.6923065185547,70.07743835449219
03-02-1997,132.21153259277344,133.17308044433594,2127138,135.25640869140625,134.93589782714844,71.26239776611328
04-02-1997,132.37179565429688,134.61538696289062,1932606,134.775634765625,133.17308044433594,70.33140563964844
05-02-1997,130.76922607421875,134.4551239013672,2734836,134.93589782714844,132.05128479003906,69.73894500732422
06-02-1997,131.25,132.05128479003906,1985568,133.49359130859375,133.3333282470703,70.416015625
07-02-1997,132.05128479003906,134.4551239013672,1710696,135.09616088867188,134.61538696289062,71.0931167602539
10-02-1997,133.17308044433594,134.93589782714844,1701804,135.57691955566406,133.17308044433594,70.33140563964844
11-02-1997,132.21153259277344,134.13461303710938,1774188,134.61538696289062,134.13461303710938,70.8392333984375
12-02-1997,133.65383911132812,133.65383911132812,2194920,136.0576934814453,135.7371826171875,71.6855239868164
13-02-1997,135.89743041992188,136.21795654296875,2193048,138.30128479003906,137.5,72.61650848388672
14-02-1997,136.21795654296875,137.66026306152344,1985724,137.8205108642578,136.37820434570312,72.02406311035156
18-02-1997,135.7371826171875,136.69871520996094,1851486,137.8205108642578,137.8205108642578,72.78579711914062
19-02-1997,137.1794891357422,137.33973693847656,2045082,138.9423065185547,137.8205108642578,72.78579711914062
20-02-1997,134.4551239013672,137.1794891357422,2096016,137.66026306152344,135.57691955566406,71.60092163085938
21-02-1997,134.775634765625,135.89743041992188,2114970,136.37820434570312,134.775634765625,71.1777572631836
24-02-1997,133.974365234375,133.974365234375,1415076,137.01922607421875,136.69871520996094,72.1933364868164
25-02-1997,134.775634765625,137.1794891357422,1653600,137.33973693847656,135.89743041992188,71.77019500732422
26-02-1997,133.81410217285156,136.69871520996094,2322450,136.85897827148438,136.21795654296875,71.939453125
27-02-1997,134.61538696289062,135.89743041992188,1586754,136.69871520996094,134.775634765625,71.1777572631836
28-02-1997,131.73077392578125,134.13461303710938,2273466,135.01602172851562,131.89102172851562,69.65432739257812
03-03-1997,130.76922607421875,130.76922607421875,1838460,133.3333282470703,132.53204345703125,69.99284362792969
04-03-1997,129.8076934814453,131.41026306152344,1832142,132.53204345703125,129.96795654296875,68.98573303222656
05-03-1997,129.96795654296875,129.96795654296875,2093208,132.85256958007812,132.85256958007812,70.51681518554688
06-03-1997,132.85256958007812,133.17308044433594,2460744,134.4551239013672,134.13461303710938,71.19733428955078
07-03-1997,134.13461303710938,134.4551239013672,1538940,135.7371826171875,135.09616088867188,71.70767974853516
10-03-1997,134.2948760986328,135.09616088867188,1788072,136.37820434570312,135.7371826171875,72.04796600341797
11-03-1997,134.61538696289062,135.89743041992188,1544010,137.5,134.775634765625,71.53761291503906
12-03-1997,133.49359130859375,134.61538696289062,1548222,135.57691955566406,134.2948760986328,71.28240966796875
13-03-1997,132.6923065185547,133.3333282470703,1910298,133.81410217285156,132.85256958007812,70.51681518554688
14-03-1997,131.73077392578125,133.17308044433594,1912950,133.49359130859375,132.05128479003906,70.0915298461914
17-03-1997,130.9294891357422,131.41026306152344,2010294,133.81410217285156,133.81410217285156,71.0272445678711
18-03-1997,130.76922607421875,133.17308044433594,1643070,133.81410217285156,132.05128479003906,70.0915298461914
19-03-1997,130.76922607421875,131.73077392578125,1698060,133.49359130859375,132.6923065185547,70.43180084228516
20-03-1997,131.08973693847656,132.37179565429688,1516710,132.6923065185547,131.5705108642578,69.83634185791016
21-03-1997,130.9294891357422,132.85256958007812,2534064,132.85256958007812,131.73077392578125,69.92140197753906
24-03-1997,131.73077392578125,131.73077392578125,1983072,135.7371826171875,135.7371826171875,72.04796600341797
25-03-1997,134.4551239013672,135.57691955566406,2144454,137.01922607421875,134.61538696289062,71.45252227783203
26-03-1997,132.85256958007812,134.61538696289062,1537302,135.7371826171875,133.17308044433594,70.68692779541016
27-03-1997,127.40384674072266,133.49359130859375,2715492,133.49359130859375,129.8076934814453,68.90061950683594
31-03-1997,125.96154022216797,128.68589782714844,4241874,128.68589782714844,127.24359130859375,67.5396499633789
01-04-1997,125.32051086425781,126.6025619506836,3354000,128.2051239013672,126.44230651855469,67.11436462402344
02-04-1997,125.32051086425781,125.96154022216797,2661750,127.24359130859375,125.32051086425781,66.5189208984375
03-04-1997,124.51923370361328,124.8397445678711,2850276,127.56410217285156,126.12179565429688,66.9442367553711
04-04-1997,125.1602554321289,125.32051086425781,2868684,129.64743041992188,129.32691955566406,68.64546966552734
07-04-1997,128.68589782714844,130.60897827148438,1710228,130.76922607421875,128.84616088867188,68.39026641845703
08-04-1997,127.72435760498047,128.2051239013672,1520142,130.44871520996094,129.8076934814453,68.90061950683594
09-04-1997,129.8076934814453,130.28846740722656,1726374,131.5705108642578,130.60897827148438,69.32598114013672
10-04-1997,129.64743041992188,130.76922607421875,1512888,130.9294891357422,130.12820434570312,69.07078552246094
11-04-1997,125.0,129.1666717529297,2264262,129.64743041992188,125.48076629638672,66.60396575927734
14-04-1997,124.51923370361328,125.48076629638672,1725126,128.525634765625,128.2051239013672,68.0500259399414
15-04-1997,129.32691955566406,130.12820434570312,2409264,131.89102172851562,131.89102172851562,70.0064697265625
16-04-1997,130.9294891357422,131.41026306152344,2372682,135.4166717529297,135.09616088867188,71.70767974853516
17-04-1997,132.85256958007812,134.61538696289062,2207244,135.7371826171875,133.17308044433594,70.68692779541016
18-04-1997,133.0128173828125,133.0128173828125,2206152,135.09616088867188,134.2948760986328,71.28240966796875
21-04-1997,132.85256958007812,134.775634765625,1594944,134.93589782714844,133.81410217285156,71.0272445678711
22-04-1997,133.65383911132812,133.81410217285156,3109080,139.10256958007812,139.10256958007812,73.83428192138672
23-04-1997,136.0576934814453,137.1794891357422,2337894,138.14102172851562,137.33973693847656,72.89860534667969
24-04-1997,135.7371826171875,137.8205108642578,1836900,138.30128479003906,136.69871520996094,72.55834197998047
25-04-1997,134.93589782714844,135.89743041992188,1213212,137.5,136.53846740722656,72.47329711914062
28-04-1997,136.0576934814453,136.53846740722656,1533636,138.46153259277344,137.5,72.98362731933594
29-04-1997,138.62179565429688,139.10256958007812,2314962,141.9871826171875,141.82691955566406,75.28036499023438
30-04-1997,140.7051239013672,140.86538696289062,2611362,143.91026306152344,142.3076934814453,75.53550720214844
01-05-1997,139.90383911132812,141.82691955566406,1520532,142.78846740722656,140.7051239013672,74.68489074707031
02-05-1997,141.025634765625,141.18589782714844,2085096,145.5128173828125,145.03204345703125,76.98158264160156
05-05-1997,145.03204345703125,145.67308044433594,2530788,149.83973693847656,149.35897827148438,79.27827453613281
06-05-1997,148.71795654296875,149.03846740722656,2783352,150.48077392578125,149.6794891357422,79.44841766357422
07-05-1997,148.2371826171875,149.6794891357422,2345928,151.28204345703125,148.39743041992188,78.76789855957031
08-05-1997,147.59616088867188,148.2371826171875,2810886,150.16026306152344,148.87820434570312,79.02312469482422
09-05-1997,147.43589782714844,149.35897827148438,2643186,149.51922607421875,149.35897827148438,79.27827453613281
12-05-1997,149.03846740722656,149.6794891357422,2969850,156.41026306152344,153.525634765625,81.48990631103516
13-05-1997,153.84616088867188,154.1666717529297,2854917,157.6923065185547,155.76922607421875,82.6807861328125
14-05-1997,155.44871520996094,159.2948760986328,2852148,159.93589782714844,156.08973693847656,82.85090637207031
15-05-1997,155.76922607421875,156.08973693847656,1788657,158.974365234375,158.974365234375,84.38203430175781
16-05-1997,154.4871826171875,158.0128173828125,3313947,159.2948760986328,155.12820434570312,82.34050750732422
19-05-1997,154.1666717529297,154.8076934814453,1464372,156.73077392578125,156.41026306152344,83.02104187011719
20-05-1997,153.84616088867188,155.44871520996094,2427672,160.57691955566406,160.25640869140625,85.06256866455078
21-05-1997,157.37179565429688,161.21795654296875,2287350,162.1794891357422,158.3333282470703,84.04178619384766
22-05-1997,155.44871520996094,158.65383911132812,2038101,159.61538696289062,156.41026306152344,83.02104187011719
23-05-1997,154.1666717529297,155.76922607421875,2117388,158.974365234375,157.37179565429688,83.53136444091797
27-05-1997,155.12820434570312,156.08973693847656,2371941,157.37179565429688,156.08973693847656,82.85090637207031
28-05-1997,155.12820434570312,156.08973693847656,1546740,157.05128479003906,156.41026306152344,83.02104187011719
29-05-1997,155.12820434570312,156.41026306152344,943878,157.6923065185547,156.73077392578125,83.19112396240234
30-05-1997,154.1666717529297,154.8076934814453,1903317,158.65383911132812,154.8076934814453,82.17039489746094
02-06-1997,155.12820434570312,156.41026306152344,1315470,158.0128173828125,155.44871520996094,82.51065063476562
03-06-1997,154.8076934814453,155.12820434570312,1496235,158.3333282470703,155.44871520996094,82.51065063476562
04-06-1997,153.525634765625,155.12820434570312,1846728,157.05128479003906,156.08973693847656,82.85090637207031
05-06-1997,154.4871826171875,156.41026306152344,1322880,157.37179565429688,154.4871826171875,82.000244140625
06-06-1997,155.12820434570312,155.12820434570312,1549392,159.61538696289062,159.61538696289062,84.72227478027344
09-06-1997,160.25640869140625,161.21795654296875,1403298,162.1794891357422,161.21795654296875,85.5728988647461
10-06-1997,161.21795654296875,162.5,1525524,164.42308044433594,162.1794891357422,86.08329772949219
11-06-1997,160.89743041992188,163.46153259277344,1377870,164.42308044433594,163.14102172851562,86.5936279296875
12-06-1997,163.78204345703125,165.06410217285156,1839513,168.58973693847656,166.9871826171875,88.63513946533203
13-06-1997,166.6666717529297,166.6666717529297,2075814,170.8333282470703,169.55128479003906,89.99613952636719
16-06-1997,168.26922607421875,169.55128479003906,1198080,170.5128173828125,170.5128173828125,90.50653839111328
17-06-1997,168.26922607421875,169.55128479003906,1470378,171.7948760986328,170.5128173828125,90.50653839111328
18-06-1997,168.91026306152344,170.1923065185547,1363518,170.8333282470703,169.87179565429688,90.16629028320312
19-06-1997,170.1923065185547,171.15383911132812,1251510,173.07691955566406,172.11538696289062,91.357177734375
20-06-1997,172.11538696289062,172.43589782714844,3011190,175.0,173.39743041992188,92.03766632080078
23-06-1997,167.62820434570312,173.07691955566406,1538160,174.03846740722656,167.94871520996094,89.14555358886719
24-06-1997,167.46795654296875,170.8333282470703,2311179,171.474365234375,170.03204345703125,90.25135803222656
25-06-1997,167.3076934814453,170.5128173828125,1663779,171.9551239013672,167.62820434570312,88.97541046142578
26-06-1997,164.10256958007812,167.3076934814453,1490307,169.0705108642578,166.9871826171875,88.63513946533203
27-06-1997,167.46795654296875,168.26922607421875,1676805,170.99359130859375,167.46795654296875,88.89037322998047
30-06-1997,166.18589782714844,168.91026306152344,1629342,169.55128479003906,166.6666717529297,88.46497344970703
01-07-1997,167.94871520996094,169.0705108642578,1635660,170.5128173828125,170.5128173828125,90.50653839111328
02-07-1997,169.87179565429688,170.1923065185547,1648998,173.2371826171875,173.2371826171875,92.31348419189453
03-07-1997,175.96153259277344,176.92308044433594,1206738,177.88461303710938,177.88461303710938,94.7900390625
07-07-1997,178.525634765625,179.1666717529297,2265744,181.73077392578125,179.1666717529297,95.47317504882812
08-07-1997,176.28204345703125,179.32691955566406,1853085,180.76922607421875,178.2051239013672,94.96080017089844
09-07-1997,173.71795654296875,178.84616088867188,2398578,179.32691955566406,175.48077392578125,93.50910949707031
10-07-1997,176.60256958007812,176.7628173828125,2111499,179.32691955566406,178.2051239013672,94.96080017089844
11-07-1997,179.1666717529297,179.4871826171875,1579695,181.5705108642578,181.08973693847656,96.49790954589844
14-07-1997,180.76922607421875,182.05128479003906,1410396,183.65383911132812,182.05128479003906,97.01033782958984
15-07-1997,180.12820434570312,182.85256958007812,1636635,185.09616088867188,185.09616088867188,98.63286590576172
16-07-1997,185.09616088867188,185.25640869140625,1996059,191.34616088867188,189.74359130859375,101.109375
17-07-1997,186.21795654296875,190.38461303710938,1762254,190.38461303710938,187.66026306152344,99.9991683959961
18-07-1997,180.44871520996094,187.5,2384265,187.8205108642578,182.37179565429688,97.18115997314453
21-07-1997,178.0448760986328,181.08973693847656,1709799,182.05128479003906,181.08973693847656,96.49790954589844
22-07-1997,179.96795654296875,181.08973693847656,1812174,184.61538696289062,184.2948760986328,98.20588684082031
23-07-1997,184.2948760986328,186.53846740722656,1830231,187.1794891357422,185.09616088867188,98.63286590576172
24-07-1997,179.96795654296875,184.61538696289062,1685775,185.09616088867188,184.2948760986328,98.20588684082031
25-07-1997,183.81410217285156,186.85897827148438,1391208,187.01922607421875,185.4166717529297,98.80362701416016
28-07-1997,182.6923065185547,186.53846740722656,1216839,187.01922607421875,183.49359130859375,97.77891540527344
29-07-1997,181.25,182.37179565429688,1486134,184.61538696289062,181.89102172851562,96.92491149902344
30-07-1997,180.76922607421875,182.05128479003906,1643538,182.6923065185547,181.41026306152344,96.6687240600586
31-07-1997,179.4871826171875,181.41026306152344,1712724,182.53204345703125,179.8076934814453,95.81478118896484
01-08-1997,174.6794891357422,179.4871826171875,2340975,179.96795654296875,177.24359130859375,94.4484634399414
04-08-1997,173.39743041992188,176.92308044433594,2082678,177.24359130859375,174.35897827148438,92.91128540039062
05-08-1997,173.39743041992188,173.5576934814453,1767246,175.0,173.71795654296875,92.56973266601562
06-08-1997,172.75640869140625,173.2371826171875,2230332,178.2051239013672,177.724365234375,94.70462036132812
07-08-1997,174.83973693847656,178.84616088867188,2197650,180.9294891357422,175.0,93.25284576416016
08-08-1997,170.5128173828125,174.03846740722656,2242656,175.64102172851562,171.9551239013672,91.63035583496094
11-08-1997,168.10897827148438,171.9551239013672,2029833,173.39743041992188,173.39743041992188,92.39894104003906
12-08-1997,169.23077392578125,173.2371826171875,1713660,174.35897827148438,169.71153259277344,90.43476867675781
13-08-1997,170.03204345703125,174.6794891357422,2912130,176.28204345703125,171.15383911132812,91.20335388183594
14-08-1997,169.23077392578125,172.11538696289062,1831908,172.9166717529297,171.15383911132812,91.20335388183594
15-08-1997,160.89743041992188,170.03204345703125,3206346,170.35256958007812,162.5,86.59194946289062
18-08-1997,160.89743041992188,162.33973693847656,3030651,169.23077392578125,168.91026306152344,90.00785827636719
19-08-1997,167.62820434570312,169.87179565429688,2429076,170.67308044433594,170.1923065185547,90.69096374511719
20-08-1997,171.31410217285156,171.31410217285156,2120079,174.35897827148438,174.03846740722656,92.74049377441406
21-08-1997,168.4294891357422,173.87820434570312,2060370,174.19871520996094,169.0705108642578,90.09317016601562
22-08-1997,164.10256958007812,165.5448760986328,2732496,167.94871520996094,166.34616088867188,88.64148712158203
25-08-1997,163.9423065185547,166.50640869140625,1748994,168.4294891357422,164.42308044433594,87.61672973632812
26-08-1997,162.1794891357422,164.2628173828125,1937520,167.78846740722656,162.1794891357422,86.42117309570312
27-08-1997,157.21153259277344,161.53846740722656,2716389,162.66026306152344,160.89743041992188,85.73797607421875
28-08-1997,158.974365234375,160.25640869140625,2181738,163.9423065185547,160.25640869140625,85.39642333984375
29-08-1997,160.09616088867188,160.25640869140625,1892826,164.42308044433594,160.4166717529297,85.48182678222656
02-09-1997,162.8205108642578,164.10256958007812,2541084,170.5128173828125,169.71153259277344,90.43476867675781
03-09-1997,169.87179565429688,170.1923065185547,2410395,172.9166717529297,171.7948760986328,91.54496765136719
04-09-1997,169.55128479003906,171.63461303710938,1679964,173.5576934814453,170.67308044433594,90.94718933105469
05-09-1997,167.94871520996094,172.43589782714844,1642407,173.2371826171875,169.87179565429688,90.52021789550781
08-09-1997,170.5128173828125,171.7948760986328,1230255,173.07691955566406,171.63461303710938,91.45954895019531
09-09-1997,171.15383911132812,171.7948760986328,1617213,173.87820434570312,171.15383911132812,91.20335388183594
10-09-1997,168.4294891357422,170.5128173828125,1659411,171.31410217285156,169.0705108642578,90.09317016601562
11-09-1997,162.8205108642578,167.78846740722656,2309814,168.26922607421875,166.6666717529297,88.812255859375
12-09-1997,166.025634765625,168.26922607421875,2107599,171.31410217285156,169.87179565429688,90.52021789550781
15-09-1997,169.87179565429688,170.35256958007812,1323504,172.43589782714844,170.1923065185547,90.69096374511719
16-09-1997,171.9551239013672,172.11538696289062,2328027,176.92308044433594,175.80128479003906,93.67990112304688
17-09-1997,175.80128479003906,176.28204345703125,2483949,179.64743041992188,178.68589782714844,95.21702575683594
18-09-1997,179.1666717529297,179.1666717529297,2679729,184.2948760986328,179.8076934814453,95.81478118896484
19-09-1997,178.525634765625,180.12820434570312,2484573,181.41026306152344,179.96795654296875,95.90020751953125
22-09-1997,179.96795654296875,180.44871520996094,1292850,181.89102172851562,180.28846740722656,96.07093048095703
23-09-1997,176.60256958007812,179.64743041992188,1394367,180.28846740722656,177.24359130859375,94.4484634399414
24-09-1997,175.48077392578125,177.724365234375,1701453,181.89102172851562,175.96153259277344,93.76527404785156
25-09-1997,171.15383911132812,175.3205108642578,1694550,176.92308044433594,171.474365234375,91.3741683959961
26-09-1997,171.7948760986328,171.7948760986328,1455480,175.64102172851562,175.16026306152344,93.70258331298828
29-09-1997,173.71795654296875,174.51922607421875,1298583,179.1666717529297,177.0833282470703,94.73131561279297
30-09-1997,174.51922607421875,175.64102172851562,1559610,178.36538696289062,174.51922607421875,93.35968780517578
01-10-1997,173.5576934814453,175.64102172851562,1412502,176.7628173828125,175.80128479003906,94.04553985595703
02-10-1997,175.16026306152344,175.3205108642578,929994,178.36538696289062,178.2051239013672,95.33143615722656
03-10-1997,175.16026306152344,179.64743041992188,2028546,181.73077392578125,177.0833282470703,94.73131561279297
06-10-1997,178.0448760986328,178.525634765625,1351038,180.12820434570312,179.1666717529297,95.84583282470703
07-10-1997,179.64743041992188,179.8076934814453,1950195,184.61538696289062,184.61538696289062,98.76061248779297
08-10-1997,179.96795654296875,184.61538696289062,1680120,184.61538696289062,180.76922607421875,96.70310974121094
09-10-1997,179.4871826171875,180.76922607421875,1812876,184.61538696289062,181.08973693847656,96.87454986572266
10-10-1997,178.68589782714844,180.9294891357422,1374438,181.41026306152344,179.1666717529297,95.84583282470703
13-10-1997,177.24359130859375,181.5705108642578,967512,181.89102172851562,177.88461303710938,95.15999603271484
14-10-1997,176.60256958007812,181.89102172851562,1515267,181.89102172851562,177.88461303710938,95.15999603271484
15-10-1997,175.96153259277344,177.0833282470703,1089270,177.88461303710938,176.28204345703125,94.30267333984375
16-10-1997,177.24359130859375,178.2051239013672,1547793,180.76922607421875,177.724365234375,95.07427215576172
17-10-1997,171.7948760986328,176.12179565429688,2327715,178.0448760986328,177.88461303710938,95.15999603271484
20-10-1997,175.0,176.4423065185547,1548924,180.60897827148438,179.8076934814453,96.18872833251953
21-10-1997,178.84616088867188,179.8076934814453,1516515,181.5705108642578,181.08973693847656,96.87454986572266
22-10-1997,177.88461303710938,180.76922607421875,1137084,180.9294891357422,178.0448760986328,95.24571228027344
23-10-1997,170.35256958007812,174.35897827148438,3005184,175.64102172851562,172.75640869140625,92.41661834716797
24-10-1997,166.025634765625,179.1666717529297,3443739,179.1666717529297,169.0705108642578,90.44483184814453
27-10-1997,158.49359130859375,166.6666717529297,3085095,168.26922607421875,158.81410217285156,84.9581527709961
28-10-1997,151.28204345703125,152.56410217285156,5682924,171.15383911132812,170.5128173828125,91.2164077758789
29-10-1997,163.9423065185547,171.63461303710938,3030651,173.07691955566406,166.34616088867188,88.98747253417969
30-10-1997,161.85897827148438,164.42308044433594,2344212,168.26922607421875,162.1794891357422,86.75848388671875
31-10-1997,162.8205108642578,166.34616088867188,2172027,167.94871520996094,165.7051239013672,88.64456176757812
03-11-1997,169.23077392578125,169.55128479003906,2112201,172.75640869140625,172.11538696289062,92.0737533569336
04-11-1997,171.7948760986328,172.75640869140625,2123550,176.12179565429688,175.48077392578125,93.87406158447266
05-11-1997,177.0833282470703,178.2051239013672,2057445,179.4871826171875,177.24359130859375,94.81708526611328
06-11-1997,173.39743041992188,176.28204345703125,1620255,176.92308044433594,176.28204345703125,94.30267333984375
07-11-1997,171.474365234375,172.11538696289062,2197650,175.64102172851562,173.71795654296875,92.93104553222656
10-11-1997,171.63461303710938,175.96153259277344,1395537,176.7628173828125,171.7948760986328,91.90229034423828
11-11-1997,172.75640869140625,173.2371826171875,1207908,174.6794891357422,172.75640869140625,92.41661834716797
12-11-1997,168.4294891357422,171.63461303710938,1548495,173.39743041992188,168.58973693847656,90.18761444091797
13-11-1997,168.4294891357422,169.0705108642578,2131623,175.64102172851562,175.3205108642578,93.78826904296875
14-11-1997,175.0,176.92308044433594,2456220,179.64743041992188,177.724365234375,95.07427215576172
17-11-1997,179.96795654296875,180.12820434570312,2261259,184.13461303710938,182.53204345703125,97.64611053466797
18-11-1997,178.0448760986328,180.76922607421875,1284894,181.89102172851562,178.36538696289062,95.4171142578125
19-11-1997,177.88461303710938,178.2051239013672,1540773,182.21153259277344,181.25,96.96028900146484
20-11-1997,182.85256958007812,183.3333282470703,2129556,185.7371826171875,184.4551239013672,98.67489624023438
21-11-1997,180.9294891357422,184.61538696289062,2574936,188.46153259277344,186.53846740722656,99.78939819335938
24-11-1997,183.0128173828125,184.775634765625,1670331,186.85897827148438,183.65383911132812,98.24627685546875
25-11-1997,184.93589782714844,185.89743041992188,1487616,187.1794891357422,186.53846740722656,99.78939819335938
26-11-1997,186.85897827148438,187.01922607421875,1280019,189.42308044433594,188.30128479003906,100.73238372802734
28-11-1997,188.62179565429688,188.62179565429688,703911,191.6666717529297,189.42308044433594,101.33251953125
01-12-1997,188.14102172851562,190.86538696289062,2175420,192.62820434570312,189.74359130859375,101.50399780273438
02-12-1997,187.8205108642578,188.62179565429688,1386177,189.5833282470703,188.78204345703125,100.9896240234375
03-12-1997,184.93589782714844,188.9423065185547,1777269,189.74359130859375,187.1794891357422,100.13229370117188
04-12-1997,185.4166717529297,188.9423065185547,1552785,189.5833282470703,185.89743041992188,99.44645690917969
05-12-1997,184.61538696289062,185.25640869140625,1515423,190.06410217285156,188.30128479003906,100.73238372802734
08-12-1997,187.5,188.46153259277344,1015248,189.10256958007812,188.62179565429688,100.90387725830078
09-12-1997,186.69871520996094,188.62179565429688,1698840,191.6666717529297,191.34616088867188,102.36129760742188
10-12-1997,186.0576934814453,190.38461303710938,1873131,191.025634765625,189.10256958007812,101.16108703613281
11-12-1997,184.61538696289062,187.33973693847656,1679925,187.5,185.89743041992188,99.44645690917969
12-12-1997,183.974365234375,187.1794891357422,1406691,188.14102172851562,185.25640869140625,99.10354614257812
15-12-1997,186.85897827148438,187.01922607421875,1603641,191.34616088867188,191.34616088867188,102.36129760742188
16-12-1997,192.46795654296875,194.87179565429688,2012010,196.31410217285156,193.26922607421875,103.3900146484375
17-12-1997,191.50640869140625,194.55128479003906,1300767,194.71153259277344,192.3076934814453,102.87570190429688
18-12-1997,189.2628173828125,192.3076934814453,1388010,192.46795654296875,189.74359130859375,101.50399780273438
19-12-1997,180.28846740722656,187.33973693847656,3304899,189.74359130859375,187.1794891357422,100.13229370117188
22-12-1997,186.0576934814453,188.62179565429688,1376856,190.5448760986328,189.42308044433594,101.33251953125
23-12-1997,182.21153259277344,188.78204345703125,1358214,189.2628173828125,182.21153259277344,97.47468566894531
24-12-1997,182.21153259277344,184.61538696289062,905346,185.25640869140625,182.21153259277344,97.47468566894531
26-12-1997,181.5705108642578,182.21153259277344,817791,183.49359130859375,181.5705108642578,97.1317367553711
29-12-1997,183.81410217285156,184.2948760986328,1201590,185.89743041992188,185.7371826171875,99.78347778320312
30-12-1997,187.8205108642578,189.42308044433594,1291134,190.7051239013672,190.7051239013672,102.45244598388672
31-12-1997,187.1794891357422,190.5448760986328,1049802,190.7051239013672,188.14102172851562,101.07489013671875
02-01-1998,184.61538696289062,187.98077392578125,1220349,189.90383911132812,189.74359130859375,101.93583679199219
05-01-1998,190.38461303710938,190.86538696289062,2200848,193.26922607421875,193.10897827148438,103.74384307861328
06-01-1998,189.74359130859375,191.18589782714844,1607112,192.78846740722656,190.5448760986328,102.36631774902344
07-01-1998,188.30128479003906,188.62179565429688,1302015,192.14743041992188,192.14743041992188,103.2272720336914
08-01-1998,189.90383911132812,191.18589782714844,1494168,193.10897827148438,190.38461303710938,102.28021240234375
09-01-1998,182.05128479003906,189.5833282470703,2027571,189.90383911132812,185.7371826171875,99.78347778320312
12-01-1998,180.12820434570312,180.76922607421875,2829450,191.34616088867188,190.86538696289062,102.53843688964844
13-01-1998,188.9423065185547,190.86538696289062,1829997,191.9871826171875,191.50640869140625,102.88290405273438
14-01-1998,189.5833282470703,191.6666717529297,1500603,191.9871826171875,190.7051239013672,102.45244598388672
15-01-1998,186.37820434570312,189.74359130859375,1322841,190.38461303710938,186.37820434570312,100.12786102294922
16-01-1998,187.33973693847656,188.9423065185547,2255136,191.82691955566406,188.14102172851562,101.07489013671875
20-01-1998,187.98077392578125,188.14102172851562,1818141,194.71153259277344,193.75,104.08810424804688
21-01-1998,192.3076934814453,192.78846740722656,2012868,194.87179565429688,193.75,104.08810424804688
22-01-1998,190.06410217285156,192.14743041992188,1965249,192.94871520996094,192.78846740722656,103.57160186767578
23-01-1998,188.78204345703125,193.75,1987830,194.55128479003906,189.90383911132812,102.02190399169922
26-01-1998,189.74359130859375,192.14743041992188,1575132,193.10897827148438,191.50640869140625,102.88290405273438
27-01-1998,191.82691955566406,192.14743041992188,2342184,197.75640869140625,195.5128173828125,105.03524780273438
28-01-1998,194.0705108642578,196.31410217285156,1660503,197.11538696289062,195.5128173828125,105.03524780273438
29-01-1998,195.1923065185547,195.5128173828125,2349555,199.6794891357422,197.75640869140625,106.24052429199219
30-01-1998,195.99359130859375,197.59616088867188,1472679,198.87820434570312,198.71795654296875,106.75711822509766
02-02-1998,197.59616088867188,200.64102172851562,2669082,201.60256958007812,201.4423065185547,108.2207260131836
03-02-1998,197.43589782714844,197.43589782714844,2001441,199.6794891357422,198.87820434570312,106.84319305419922
04-02-1998,197.11538696289062,197.43589782714844,1874964,199.51922607421875,197.11538696289062,105.89619445800781
05-02-1998,195.67308044433594,197.75640869140625,1636713,198.5576934814453,196.63461303710938,105.63787841796875
06-02-1998,197.11538696289062,197.43589782714844,1378377,200.3205108642578,199.19871520996094,107.01541137695312
09-02-1998,195.99359130859375,199.51922607421875,1133457,199.6794891357422,197.59616088867188,106.15444946289062
10-02-1998,196.9551239013672,197.59616088867188,1667055,201.7628173828125,198.71795654296875,106.75711822509766
11-02-1998,198.87820434570312,199.19871520996094,1034826,201.4423065185547,201.12179565429688,108.04855346679688
12-02-1998,196.63461303710938,199.35897827148438,2134119,202.40383911132812,201.28204345703125,108.13468170166016
13-02-1998,198.87820434570312,200.16026306152344,1144299,200.64102172851562,199.51922607421875,107.1875991821289
17-02-1998,200.0,201.12179565429688,1340157,202.24359130859375,200.16026306152344,107.53196716308594
18-02-1998,200.0,200.16026306152344,1262313,202.40383911132812,201.12179565429688,108.04855346679688
19-02-1998,199.03846740722656,200.16026306152344,1155297,200.64102172851562,199.51922607421875,107.1875991821289
20-02-1998,197.75640869140625,199.51922607421875,1595724,200.96153259277344,200.48077392578125,107.70413208007812
23-02-1998,198.2371826171875,200.3205108642578,1263561,200.64102172851562,199.19871520996094,107.01541137695312
24-02-1998,196.31410217285156,198.39743041992188,1426425,198.71795654296875,196.7948760986328,105.72396850585938
25-02-1998,196.7948760986328,198.07691955566406,1393509,198.87820434570312,197.75640869140625,106.24052429199219
26-02-1998,195.03204345703125,195.8333282470703,1396707,198.07691955566406,197.43589782714844,106.06837463378906
27-02-1998,196.15383911132812,196.15383911132812,1520883,199.51922607421875,199.35897827148438,107.10150146484375
02-03-1998,194.55128479003906,199.35897827148438,2138019,199.35897827148438,196.31410217285156,105.4656753540039
03-03-1998,195.8333282470703,195.99359130859375,1733940,198.5576934814453,198.07691955566406,106.4127197265625
04-03-1998,194.71153259277344,197.11538696289062,1276860,197.275634765625,195.67308044433594,105.12132263183594
05-03-1998,192.94871520996094,193.10897827148438,1534221,196.9551239013672,195.8333282470703,105.62268829345703
06-03-1998,196.15383911132812,196.15383911132812,1927497,201.12179565429688,200.64102172851562,108.2156982421875
09-03-1998,199.6794891357422,200.0,1680276,202.724365234375,201.28204345703125,108.56149291992188
10-03-1998,200.80128479003906,203.0448760986328,1238016,203.525634765625,201.92308044433594,108.90719604492188
11-03-1998,201.12179565429688,202.24359130859375,1150890,203.2051239013672,202.56410217285156,109.25289154052734
12-03-1998,201.7628173828125,202.24359130859375,1520142,203.2051239013672,203.0448760986328,109.51216888427734
13-03-1998,198.71795654296875,201.92308044433594,1438398,202.40383911132812,200.80128479003906,108.30207061767578
16-03-1998,201.7628173828125,202.24359130859375,1272687,204.00640869140625,203.525634765625,109.77149963378906
17-03-1998,203.0448760986328,204.1666717529297,1350609,205.12820434570312,205.12820434570312,110.63581085205078
18-03-1998,203.36538696289062,204.8076934814453,1097265,205.12820434570312,204.32691955566406,110.20368957519531
19-03-1998,204.32691955566406,204.4871826171875,1346982,205.44871520996094,205.28846740722656,110.72230529785156
20-03-1998,204.8076934814453,206.41026306152344,2650791,209.4551239013672,209.2948760986328,112.8831558227539
23-03-1998,205.76922607421875,207.6923065185547,1298778,208.81410217285156,206.25,111.24087524414062
24-03-1998,207.53204345703125,208.0128173828125,1663077,212.33973693847656,211.85897827148438,114.26610565185547
25-03-1998,207.85256958007812,213.30128479003906,1630083,213.9423065185547,210.25640869140625,113.40174102783203
26-03-1998,209.13461303710938,209.13461303710938,1358526,212.98077392578125,211.37820434570312,114.00677490234375
27-03-1998,212.8205108642578,214.10256958007812,1945242,216.50640869140625,214.10256958007812,115.47615051269531
30-03-1998,214.5833282470703,214.5833282470703,1634178,219.39102172851562,218.75,117.98274993896484
31-03-1998,219.39102172851562,219.39102172851562,1946373,224.6794891357422,220.99359130859375,119.19287872314453
01-04-1998,218.75,219.87179565429688,1749540,222.9166717529297,221.63461303710938,119.53858947753906
02-04-1998,223.07691955566406,223.5576934814453,2032836,226.28204345703125,225.0,121.35367584228516
03-04-1998,223.2371826171875,228.2051239013672,2262897,229.32691955566406,224.03846740722656,120.83506774902344
06-04-1998,222.59616088867188,226.28204345703125,1699308,227.24359130859375,222.59616088867188,120.05716705322266
07-04-1998,221.7948760986328,221.9551239013672,1614483,223.71795654296875,223.39743041992188,120.4893569946289
08-04-1998,220.8333282470703,223.71795654296875,1458678,225.3205108642578,220.8333282470703,119.10639953613281
09-04-1998,220.67308044433594,222.9166717529297,1192581,224.51922607421875,221.7948760986328,119.62501525878906
13-04-1998,217.46795654296875,219.55128479003906,1495143,223.2371826171875,222.59616088867188,120.05716705322266
14-04-1998,221.63461303710938,223.39743041992188,1352754,224.9198760986328,222.11538696289062,119.79790496826172
15-04-1998,218.75,221.63461303710938,1208103,224.19871520996094,221.9551239013672,119.71142578125
16-04-1998,218.91026306152344,222.59616088867188,1286454,222.59616088867188,219.55128479003906,118.4149169921875
17-04-1998,217.94871520996094,220.67308044433594,1713621,223.87820434570312,223.71795654296875,120.66219329833984
20-04-1998,219.87179565429688,223.39743041992188,1567137,223.5576934814453,220.8333282470703,119.10639953613281
21-04-1998,217.14743041992188,218.26922607421875,1618110,221.9551239013672,220.67308044433594,119.01995849609375
22-04-1998,217.94871520996094,221.31410217285156,1249560,221.63461303710938,218.4294891357422,117.80990600585938
23-04-1998,215.86538696289062,216.9871826171875,1267851,219.23077392578125,216.50640869140625,116.77262878417969
24-04-1998,212.8205108642578,216.6666717529297,1684722,219.0705108642578,215.06410217285156,115.99474334716797
27-04-1998,209.2948760986328,212.8205108642578,1891149,214.10256958007812,211.37820434570312,114.00677490234375
28-04-1998,206.89102172851562,213.14102172851562,1696929,213.9423065185547,208.0128173828125,112.19165802001953
29-04-1998,208.974365234375,211.53846740722656,1379430,213.9423065185547,211.0576934814453,113.83391571044922
30-04-1998,213.46153259277344,213.9423065185547,1837563,220.1923065185547,218.4294891357422,117.80990600585938
01-05-1998,216.82691955566406,219.0705108642578,1010295,219.71153259277344,217.94871520996094,117.55056762695312
04-05-1998,216.18589782714844,219.0705108642578,1104363,220.5128173828125,216.34616088867188,116.686279296875
05-05-1998,213.14102172851562,216.9871826171875,1187394,217.62820434570312,213.62179565429688,115.21683502197266
06-05-1998,212.66026306152344,214.74359130859375,1362543,215.86538696289062,212.98077392578125,114.87107849121094
07-05-1998,209.61538696289062,213.30128479003906,1281969,213.46153259277344,209.93589782714844,113.22884368896484
08-05-1998,211.37820434570312,211.53846740722656,1511601,216.6666717529297,213.30128479003906,115.04402160644531
11-05-1998,211.0576934814453,214.90383911132812,1266291,215.86538696289062,213.30128479003906,115.04402160644531
12-05-1998,210.09616088867188,213.30128479003906,1277055,214.2628173828125,213.9423065185547,115.38973999023438
13-05-1998,213.9423065185547,215.06410217285156,1311999,218.10897827148438,216.9871826171875,117.0319595336914
14-05-1998,215.38461303710938,216.82691955566406,1518504,218.75,215.7051239013672,116.34049224853516
15-05-1998,211.37820434570312,214.5833282470703,2024568,216.82691955566406,211.85897827148438,114.26610565185547
18-05-1998,207.6923065185547,211.85897827148438,1499862,213.46153259277344,211.53846740722656,114.0932388305664
19-05-1998,211.85897827148438,212.5,1351428,215.224365234375,212.5,114.61182403564453
20-05-1998,214.2628173828125,214.2628173828125,2167308,220.03204345703125,219.71153259277344,118.5013427734375
21-05-1998,219.23077392578125,219.71153259277344,2364609,221.15383911132812,220.35256958007812,118.84709167480469
22-05-1998,217.3076934814453,220.5128173828125,1031745,221.15383911132812,217.94871520996094,117.55056762695312
26-05-1998,211.85897827148438,219.39102172851562,1376973,220.1923065185547,212.33973693847656,114.5254135131836
27-05-1998,209.4551239013672,211.37820434570312,1966536,215.5448760986328,214.74359130859375,115.82190704345703
28-05-1998,212.33973693847656,214.42308044433594,1436994,217.46795654296875,216.34616088867188,116.686279296875
29-05-1998,211.69871520996094,217.3076934814453,1532037,217.78846740722656,213.78204345703125,115.30330657958984
01-06-1998,210.4166717529297,213.78204345703125,1391793,215.224365234375,212.5,114.61182403564453
02-06-1998,211.0576934814453,213.78204345703125,1350453,214.5833282470703,212.1794891357422,114.43894958496094
03-06-1998,208.3333282470703,211.85897827148438,1372371,212.5,208.49359130859375,112.45093536376953
04-06-1998,207.37179565429688,208.49359130859375,1603875,213.9423065185547,213.9423065185547,115.38973999023438
05-06-1998,212.5,214.42308044433594,1558557,217.46795654296875,217.3076934814453,117.20486450195312
08-06-1998,216.025634765625,217.3076934814453,1183065,218.10897827148438,216.50640869140625,116.77262878417969
09-06-1998,215.06410217285156,215.5448760986328,1156506,218.4294891357422,217.46795654296875,117.29126739501953
10-06-1998,215.86538696289062,216.025634765625,2155101,222.59616088867188,218.58973693847656,117.8963394165039
11-06-1998,214.42308044433594,217.94871520996094,1679106,218.91026306152344,215.86538696289062,116.4269027709961
12-06-1998,214.5833282470703,215.38461303710938,1982487,219.55128479003906,218.58973693847656,117.8963394165039
15-06-1998,214.74359130859375,217.3076934814453,1879098,220.8333282470703,215.06410217285156,115.99474334716797
16-06-1998,215.5448760986328,216.50640869140625,1886625,218.91026306152344,218.58973693847656,117.8963394165039
17-06-1998,220.5128173828125,220.99359130859375,2422095,225.64102172851562,224.51922607421875,121.09443664550781
18-06-1998,223.5576934814453,224.19871520996094,1651689,226.60256958007812,225.48077392578125,121.61302185058594
19-06-1998,222.275634765625,225.48077392578125,2661087,227.40383911132812,223.07691955566406,120.31646728515625
22-06-1998,220.67308044433594,222.75640869140625,1401699,224.51922607421875,220.8333282470703,119.10639953613281
23-06-1998,222.11538696289062,223.07691955566406,1359774,226.4423065185547,225.96153259277344,121.87223815917969
24-06-1998,224.6794891357422,225.64102172851562,1801878,231.41026306152344,230.28846740722656,124.20603942871094
25-06-1998,228.68589782714844,230.12820434570312,1424904,231.08973693847656,230.12820434570312,124.11964416503906
26-06-1998,229.8076934814453,230.60897827148438,1079130,231.89102172851562,230.9294891357422,124.55168151855469
29-06-1998,232.05128479003906,232.21153259277344,1210521,235.25640869140625,233.0128173828125,125.67543029785156
30-06-1998,231.73077392578125,233.17308044433594,1840332,235.89743041992188,233.0128173828125,125.67543029785156
01-07-1998,230.9294891357422,235.09616088867188,1720602,235.57691955566406,233.81410217285156,126.10755920410156
02-07-1998,231.89102172851562,233.81410217285156,833664,233.974365234375,233.17308044433594,125.76185607910156
06-07-1998,231.89102172851562,232.37179565429688,1129635,236.21795654296875,235.57691955566406,127.47888946533203
07-07-1998,235.89743041992188,236.37820434570312,1610193,239.74359130859375,237.5,128.5196075439453
08-07-1998,236.69871520996094,238.46153259277344,1614834,239.42308044433594,239.2628173828125,129.47341918945312
09-07-1998,238.78204345703125,238.9423065185547,2091024,246.63461303710938,241.34616088867188,130.60079956054688
10-07-1998,238.46153259277344,241.82691955566406,2036463,241.82691955566406,240.5448760986328,130.16722106933594
13-07-1998,239.90383911132812,243.58973693847656,1946178,243.58973693847656,239.90383911132812,129.82032775878906
14-07-1998,240.224365234375,240.38461303710938,1775085,244.55128479003906,243.75,131.901611328125
15-07-1998,239.90383911132812,243.26922607421875,1829919,243.75,241.18589782714844,130.51409912109375
16-07-1998,241.6666717529297,242.3076934814453,1776372,246.7948760986328,245.5128173828125,132.8555908203125
17-07-1998,245.67308044433594,246.15383911132812,1879020,248.39743041992188,247.9166717529297,134.15635681152344
20-07-1998,242.62820434570312,247.59616088867188,1665768,247.75640869140625,244.87179565429688,132.50868225097656
21-07-1998,236.37820434570312,245.1923065185547,2042859,246.15383911132812,238.30128479003906,128.95314025878906
22-07-1998,232.05128479003906,236.21795654296875,3572829,236.85897827148438,234.2948760986328,126.78515625
23-07-1998,230.28846740722656,233.49359130859375,1856205,234.775634765625,230.76922607421875,124.8772964477539
24-07-1998,230.44871520996094,232.85256958007812,2157168,236.53846740722656,235.09616088867188,127.21875762939453
27-07-1998,231.73077392578125,233.3333282470703,1695057,237.8205108642578,235.89743041992188,127.65228271484375
28-07-1998,229.8076934814453,235.09616088867188,1971957,236.53846740722656,232.85256958007812,126.00464630126953
29-07-1998,228.84616088867188,234.61538696289062,1591122,235.25640869140625,229.4871826171875,124.1834945678711
30-07-1998,230.9294891357422,231.41026306152344,1640340,235.7371826171875,234.13461303710938,126.69839477539062
31-07-1998,225.80128479003906,234.13461303710938,2288598,237.66026306152344,229.32691955566406,124.09676361083984
03-08-1998,227.24359130859375,227.40383911132812,1719783,233.49359130859375,229.4871826171875,124.1834945678711
04-08-1998,219.0705108642578,232.53204345703125,2984787,232.53204345703125,219.0705108642578,118.54669952392578
05-08-1998,219.23077392578125,220.35256958007812,3128229,226.7628173828125,222.43589782714844,120.36783599853516
06-08-1998,222.275634765625,222.43589782714844,2129088,228.68589782714844,227.724365234375,123.22954559326172
07-08-1998,225.0,230.60897827148438,2013921,231.5705108642578,225.96153259277344,122.2756576538086
10-08-1998,224.35897827148438,225.80128479003906,1374594,228.68589782714844,225.16026306152344,121.84208679199219
11-08-1998,219.71153259277344,221.15383911132812,2190006,224.35897827148438,223.87820434570312,121.14834594726562
12-08-1998,225.16026306152344,226.92308044433594,1692444,229.8076934814453,229.1666717529297,124.01004028320312
13-08-1998,225.3205108642578,228.0448760986328,1669863,230.44871520996094,225.3205108642578,121.9288101196289
14-08-1998,222.11538696289062,225.48077392578125,1834599,229.32691955566406,224.19871520996094,121.3217544555664
17-08-1998,221.7948760986328,223.2371826171875,1854918,229.32691955566406,229.00640869140625,123.92324829101562
18-08-1998,229.1666717529297,229.1666717529297,1674075,234.13461303710938,232.6923065185547,125.91795349121094
19-08-1998,232.21153259277344,233.81410217285156,1393431,235.7371826171875,233.974365234375,126.61177825927734
20-08-1998,231.25,231.5705108642578,1421940,234.775634765625,231.89102172851562,125.48432922363281
21-08-1998,223.2371826171875,230.12820434570312,2298153,230.28846740722656,229.8076934814453,124.35694122314453
24-08-1998,228.36538696289062,229.4871826171875,1449162,231.25,230.12820434570312,124.53044128417969
25-08-1998,229.00640869140625,231.25,1549041,235.09616088867188,231.5705108642578,125.3109130859375
26-08-1998,227.24359130859375,229.64743041992188,1716390,233.0128173828125,231.89102172851562,125.48432922363281
27-08-1998,218.75,228.525634765625,3264768,229.32691955566406,221.9551239013672,120.10768127441406
28-08-1998,217.3076934814453,222.59616088867188,3452709,225.48077392578125,220.1923065185547,119.1537094116211
31-08-1998,205.12820434570312,220.35256958007812,3803943,221.63461303710938,205.12820434570312,111.00200653076172
01-09-1998,200.0,207.6923065185547,4279002,216.6666717529297,212.01922607421875,114.73102569580078
02-09-1998,205.28846740722656,213.9423065185547,2724657,216.025634765625,206.08973693847656,111.52232360839844
03-09-1998,197.43589782714844,203.36538696289062,3944733,204.8076934814453,199.35897827148438,107.88003540039062
04-09-1998,186.21795654296875,202.56410217285156,4171557,203.68589782714844,194.55128479003906,105.27847290039062
08-09-1998,200.96153259277344,210.25640869140625,3766932,210.89743041992188,209.93589782714844,113.60360717773438
09-09-1998,203.84616088867188,210.25640869140625,2818725,213.46153259277344,205.60897827148438,111.2622299194336
10-09-1998,192.62820434570312,199.35897827148438,4306458,201.12179565429688,197.59616088867188,106.92615509033203
11-09-1998,192.94871520996094,195.99359130859375,3406728,204.64743041992188,203.2051239013672,109.96138000488281
14-09-1998,201.92308044433594,204.96795654296875,2941146,207.37179565429688,202.88461303710938,109.78795623779297
15-09-1998,196.15383911132812,200.96153259277344,3007368,201.12179565429688,200.16026306152344,108.3136978149414
16-09-1998,200.96153259277344,208.0128173828125,4581603,208.974365234375,204.8076934814453,110.82857513427734
17-09-1998,198.39743041992188,199.03846740722656,2496780,202.56410217285156,200.64102172851562,108.5738754272461
18-09-1998,197.43589782714844,200.3205108642578,3112863,200.96153259277344,199.6794891357422,108.05354309082031
21-09-1998,192.62820434570312,192.94871520996094,2661048,203.525634765625,203.2051239013672,109.96138000488281
22-09-1998,203.2051239013672,206.41026306152344,2002572,206.73077392578125,204.8076934814453,110.82857513427734
23-09-1998,206.25,207.6923065185547,2870088,216.025634765625,215.5448760986328,116.63886260986328
24-09-1998,205.60897827148438,211.53846740722656,2824497,215.224365234375,209.61538696289062,113.43018341064453
25-09-1998,205.12820434570312,205.76922607421875,2533479,215.224365234375,212.98077392578125,115.2513198852539
28-09-1998,212.1794891357422,214.2628173828125,2067663,217.78846740722656,214.2628173828125,116.3653335571289
29-09-1998,208.49359130859375,216.18589782714844,2035995,216.18589782714844,212.5,115.40803527832031
30-09-1998,201.28204345703125,210.25640869140625,2625129,210.4166717529297,204.00640869140625,110.79517364501953
01-10-1998,191.34616088867188,200.16026306152344,3874221,201.12179565429688,193.75,105.22492980957031
02-10-1998,181.08973693847656,191.9871826171875,5529147,193.4294891357422,193.26922607421875,104.96381378173828
05-10-1998,180.44871520996094,191.50640869140625,4017390,191.6666717529297,187.1794891357422,101.65654754638672
06-10-1998,185.25640869140625,193.58973693847656,2881047,194.71153259277344,189.10256958007812,102.70094299316406
07-10-1998,182.6923065185547,191.34616088867188,3247413,194.39102172851562,192.3076934814453,104.4416732788086
08-10-1998,176.92308044433594,187.33973693847656,6070233,189.5833282470703,183.49359130859375,99.65469360351562
09-10-1998,177.56410217285156,184.61538696289062,4537572,185.89743041992188,185.89743041992188,100.9602279663086
12-10-1998,188.46153259277344,191.025634765625,2878746,193.26922607421875,189.90383911132812,103.13611602783203
13-10-1998,189.10256958007812,190.5448760986328,2488746,195.8333282470703,195.1923065185547,106.00823974609375
14-10-1998,194.0705108642578,195.35256958007812,2650089,201.92308044433594,199.03846740722656,108.09707641601562
15-10-1998,196.63461303710938,198.2371826171875,3292809,212.66026306152344,210.25640869140625,114.18950653076172
16-10-1998,211.21795654296875,213.46153259277344,4109898,216.025634765625,214.90383911132812,116.71355438232422
19-10-1998,212.01922607421875,212.5,1911039,215.7051239013672,213.78204345703125,116.10430908203125
20-10-1998,209.93589782714844,215.224365234375,2879565,219.55128479003906,210.89743041992188,114.53765869140625
21-10-1998,211.53846740722656,212.8205108642578,2021916,217.3076934814453,215.06410217285156,116.80052185058594
22-10-1998,211.85897827148438,215.5448760986328,2367690,222.43589782714844,221.7948760986328,120.45600128173828
23-10-1998,219.0705108642578,220.03204345703125,1676337,222.59616088867188,221.9551239013672,120.54305267333984
26-10-1998,219.55128479003906,220.1923065185547,1856712,225.0,220.1923065185547,119.58564758300781
27-10-1998,218.26922607421875,225.16026306152344,2117622,225.16026306152344,219.23077392578125,119.06348419189453
28-10-1998,216.18589782714844,219.0705108642578,1708356,220.03204345703125,217.78846740722656,118.28011322021484
29-10-1998,215.5448760986328,217.78846740722656,1560039,222.9166717529297,222.59616088867188,120.89118957519531
30-10-1998,223.2371826171875,225.0,2165631,228.0448760986328,224.35897827148438,121.8486328125
02-11-1998,223.71795654296875,224.6794891357422,1591005,228.2051239013672,224.03846740722656,121.67449951171875
03-11-1998,224.19871520996094,224.35897827148438,1634334,229.32691955566406,226.92308044433594,123.24109649658203
04-11-1998,226.20191955566406,228.36538696289062,2009865,230.76922607421875,227.56410217285156,123.58928680419922
05-11-1998,225.64102172851562,226.4423065185547,1879176,232.85256958007812,232.85256958007812,126.46143341064453
06-11-1998,230.9294891357422,232.21153259277344,1622946,233.81410217285156,231.73077392578125,125.85214233398438
09-11-1998,226.28204345703125,231.89102172851562,1574508,231.89102172851562,227.56410217285156,123.58928680419922
10-11-1998,227.24359130859375,227.56410217285156,1567566,232.05128479003906,228.36538696289062,124.02439880371094
11-11-1998,222.75640869140625,228.84616088867188,1683708,230.9294891357422,223.5576934814453,121.41336822509766
12-11-1998,220.8333282470703,223.39743041992188,1379937,225.80128479003906,222.11538696289062,120.63006591796875
13-11-1998,223.5576934814453,224.03846740722656,1294293,227.88461303710938,226.12179565429688,122.80597686767578
16-11-1998,227.724365234375,227.724365234375,1586325,232.21153259277344,231.89102172851562,125.93917083740234
17-11-1998,229.64743041992188,230.76922607421875,2013180,235.89743041992188,230.76922607421875,125.3299560546875
18-11-1998,228.84616088867188,230.44871520996094,1701570,235.89743041992188,235.25640869140625,127.76688385009766
19-11-1998,234.13461303710938,235.7371826171875,1805622,238.14102172851562,237.33973693847656,128.89837646484375
20-11-1998,235.25640869140625,237.5,1988025,237.8205108642578,237.66026306152344,129.0724334716797
23-11-1998,237.66026306152344,237.66026306152344,1827072,242.62820434570312,242.62820434570312,131.77047729492188
24-11-1998,239.90383911132812,240.38461303710938,1478880,242.46795654296875,241.6666717529297,131.2483367919922
25-11-1998,237.8205108642578,240.5448760986328,1199445,242.14743041992188,238.9423065185547,129.76866149902344
27-11-1998,236.53846740722656,238.30128479003906,669162,238.62179565429688,236.69871520996094,128.5502471923828
30-11-1998,231.73077392578125,234.775634765625,1599546,236.21795654296875,231.73077392578125,125.85214233398438
01-12-1998,228.525634765625,229.64743041992188,1859871,234.775634765625,233.65383911132812,126.89659118652344
02-12-1998,229.64743041992188,231.08973693847656,1584141,233.81410217285156,233.17308044433594,126.63552856445312
03-12-1998,225.64102172851562,229.4871826171875,1712763,232.05128479003906,225.80128479003906,122.63188171386719
04-12-1998,228.2051239013672,228.36538696289062,1695096,231.73077392578125,231.08973693847656,125.5040283203125
07-12-1998,231.08973693847656,231.5705108642578,1322997,234.775634765625,232.85256958007812,126.46143341064453
08-12-1998,228.36538696289062,230.44871520996094,1903239,232.85256958007812,231.89102172851562,125.93917083740234
09-12-1998,229.1666717529297,231.41026306152344,1578681,233.3333282470703,230.76922607421875,125.3299560546875
10-12-1998,226.4423065185547,231.08973693847656,1532544,231.08973693847656,226.7628173828125,123.15410614013672
11-12-1998,222.275634765625,226.60256958007812,2064933,228.84616088867188,228.36538696289062,124.02439880371094
14-12-1998,220.99359130859375,226.28204345703125,1875432,227.56410217285156,222.59616088867188,120.89118957519531
15-12-1998,225.80128479003906,225.80128479003906,3391635,239.74359130859375,238.78204345703125,129.6816864013672
16-12-1998,234.775634765625,238.9423065185547,2092896,238.9423065185547,235.89743041992188,128.1150360107422
17-12-1998,235.09616088867188,235.09616088867188,2011152,241.82691955566406,241.82691955566406,131.3353271484375
18-12-1998,241.34616088867188,241.6666717529297,3420573,248.71795654296875,248.39743041992188,134.90374755859375
21-12-1998,248.39743041992188,248.39743041992188,2034825,255.12820434570312,252.24359130859375,136.99253845214844
22-12-1998,250.48077392578125,251.60256958007812,1263795,254.4871826171875,254.00640869140625,137.94998168945312
23-12-1998,254.00640869140625,254.00640869140625,1553799,260.7371826171875,259.9358825683594,141.1702880859375
24-12-1998,258.6538391113281,259.9358825683594,537342,261.5384521484375,258.8141174316406,140.56103515625
28-12-1998,258.49359130859375,260.25640869140625,907062,262.1794738769531,260.7371826171875,141.60548400878906
29-12-1998,260.0961608886719,261.05767822265625,1050855,266.50640869140625,264.74359130859375,144.27789306640625
30-12-1998,261.21795654296875,265.3846130371094,1052142,266.50640869140625,262.3397521972656,142.96788024902344
31-12-1998,257.8525695800781,261.69873046875,1564134,263.30126953125,261.5384521484375,142.53115844726562
04-01-1999,255.12820434570312,259.9358825683594,2221674,265.3846130371094,257.8525695800781,140.52244567871094
05-01-1999,256.73077392578125,257.8525695800781,1641003,263.94232177734375,263.30126953125,143.49185180664062
06-01-1999,263.30126953125,264.4230651855469,2010216,268.9102478027344,268.4294738769531,146.28662109375
07-01-1999,261.3782043457031,264.4230651855469,1596699,266.50640869140625,263.94232177734375,143.8411865234375
08-01-1999,257.3717956542969,263.78204345703125,1996839,265.54486083984375,262.5,143.05519104003906
11-01-1999,253.36538696289062,258.974365234375,2329041,262.5,255.60897827148438,139.29969787597656
12-01-1999,249.03846740722656,255.12820434570312,2095041,257.05126953125,250.64102172851562,136.59239196777344
13-01-1999,241.18589782714844,243.58973693847656,2745795,252.56410217285156,247.59616088867188,134.9330291748047
14-01-1999,246.9551239013672,248.71795654296875,1973751,251.92308044433594,248.87820434570312,135.63169860839844
15-01-1999,252.24359130859375,253.525634765625,2336217,258.8141174316406,258.3333435058594,140.7844696044922
19-01-1999,255.28846740722656,258.974365234375,1942317,260.8974304199219,260.0961608886719,141.7451934814453
20-01-1999,254.8076934814453,261.05767822265625,2348034,262.01922607421875,257.3717956542969,140.26046752929688
21-01-1999,253.84616088867188,257.3717956542969,1903980,259.6153869628906,254.64743041992188,138.77577209472656
22-01-1999,249.6794891357422,253.36538696289062,1888770,255.9294891357422,250.96153259277344,136.76702880859375
25-01-1999,251.28204345703125,251.28204345703125,1798251,259.9358825683594,257.69232177734375,140.4351806640625
26-01-1999,256.25,257.69232177734375,1886313,261.8589782714844,261.5384521484375,142.53115844726562
27-01-1999,260.25640869140625,263.78204345703125,1737762,264.1025695800781,260.25640869140625,141.83251953125
28-01-1999,260.8974304199219,260.8974304199219,1720641,267.1474304199219,265.224365234375,144.5398712158203
29-01-1999,262.1794738769531,265.3846130371094,2168127,269.23077392578125,268.9102478027344,146.54861450195312
01-02-1999,261.8589782714844,269.0705261230469,1797861,269.0705261230469,262.01922607421875,142.79322814941406
02-02-1999,255.60897827148438,261.5384521484375,1834794,262.3397521972656,261.5384521484375,142.53115844726562
03-02-1999,259.9358825683594,260.5769348144531,1839396,268.4294738769531,263.78204345703125,143.75381469726562
04-02-1999,255.76922607421875,263.94232177734375,1841502,265.3846130371094,256.73077392578125,139.91104125976562
05-02-1999,247.43589782714844,255.60897827148438,2640690,256.73077392578125,251.28204345703125,136.9417266845703
08-02-1999,248.07691955566406,251.7628173828125,1753128,253.525634765625,250.16026306152344,136.3303985595703
09-02-1999,245.67308044433594,248.71795654296875,1648647,250.96153259277344,246.15383911132812,134.14698791503906
10-02-1999,245.5128173828125,245.5128173828125,1684644,252.88461303710938,251.12179565429688,136.85440063476562
11-02-1999,249.51922607421875,251.12179565429688,1521117,256.73077392578125,256.4102478027344,139.73643493652344
12-02-1999,246.9551239013672,255.9294891357422,1886118,255.9294891357422,250.3205108642578,136.41770935058594
16-02-1999,249.51922607421875,252.724365234375,1669590,256.25,253.84616088867188,138.33909606933594
17-02-1999,251.28204345703125,251.92308044433594,1827228,259.9358825683594,254.64743041992188,138.77577209472656
18-02-1999,252.40383911132812,256.4102478027344,1656525,259.9358825683594,258.0128173828125,140.60983276367188
19-02-1999,256.0897521972656,257.53204345703125,1700556,260.0961608886719,257.3717956542969,140.26046752929688
22-02-1999,256.8910217285156,257.3717956542969,2293512,266.6666564941406,266.6666564941406,145.32594299316406
23-02-1999,261.8589782714844,265.3846130371094,1882413,267.94873046875,264.1025695800781,143.92852783203125
24-02-1999,258.1730651855469,264.1025695800781,1793376,267.7884521484375,258.974365234375,141.1338348388672
25-02-1999,251.4423065185547,258.0128173828125,2391519,260.5769348144531,257.3717956542969,140.26046752929688
26-02-1999,253.36538696289062,258.974365234375,2029560,260.0961608886719,257.2115478515625,140.1731719970703
01-03-1999,252.56410217285156,256.73077392578125,1705314,260.4166564941406,258.8141174316406,141.04644775390625
02-03-1999,252.724365234375,260.0961608886719,1626963,260.8974304199219,254.64743041992188,138.77577209472656
03-03-1999,250.16026306152344,253.84616088867188,1974336,256.73077392578125,253.2051239013672,137.98974609375
04-03-1999,253.2051239013672,253.68589782714844,1755663,258.0128173828125,257.69232177734375,140.93467712402344
05-03-1999,261.21795654296875,261.5384521484375,2197455,266.3461608886719,265.8653869628906,145.404541015625
08-03-1999,265.70513916015625,266.50640869140625,2709681,270.19232177734375,268.75,146.98219299316406
09-03-1999,266.9871826171875,267.46795654296875,2505399,274.8397521972656,271.79486083984375,148.64749145507812
10-03-1999,268.9102478027344,272.275634765625,3009825,272.9166564941406,271.1538391113281,148.2969970703125
11-03-1999,271.474365234375,273.2371826171875,2107404,276.28204345703125,274.51922607421875,150.13758850097656
12-03-1999,274.51922607421875,275.9615478515625,2434224,278.6858825683594,275.3205261230469,150.57577514648438
15-03-1999,276.9230651855469,276.9230651855469,2398968,282.69232177734375,282.3717956542969,154.43214416503906
16-03-1999,279.96795654296875,282.3717956542969,1812759,282.8525695800781,282.05126953125,154.25685119628906
17-03-1999,276.44232177734375,282.05126953125,1834365,282.05126953125,278.04486083984375,152.06570434570312
18-03-1999,276.6025695800781,276.9230651855469,1734564,282.8525695800781,282.05126953125,154.25685119628906
19-03-1999,285.25640869140625,285.7371826171875,3631251,289.5833435058594,287.1794738769531,157.0615234375
22-03-1999,283.0128173828125,285.25640869140625,1461642,286.69873046875,283.0128173828125,154.78277587890625
23-03-1999,271.95513916015625,283.49359130859375,2069067,283.49359130859375,273.2371826171875,149.43634033203125
24-03-1999,271.1538391113281,273.2371826171875,1610310,274.8397521972656,273.71795654296875,149.6992950439453
25-03-1999,275.80126953125,276.1217956542969,1723215,280.44873046875,278.20513916015625,152.15341186523438
26-03-1999,275.0,278.6858825683594,1190319,279.1666564941406,276.44232177734375,151.1892852783203
29-03-1999,276.9230651855469,276.9230651855469,1988649,288.1410217285156,287.1794738769531,157.0615234375
30-03-1999,283.6538391113281,286.5384521484375,1984164,291.8269348144531,290.54486083984375,158.9020538330078
31-03-1999,283.0128173828125,292.30767822265625,2116491,292.7884521484375,283.6538391113281,155.13331604003906
01-04-1999,283.49359130859375,284.6153869628906,1563822,288.30126953125,286.21795654296875,156.53564453125
05-04-1999,288.30126953125,288.4615478515625,1531842,294.3910217285156,293.9102478027344,160.7425994873047
06-04-1999,287.8205261230469,291.9871826171875,1813812,292.94873046875,290.54486083984375,158.9020538330078
07-04-1999,286.21795654296875,292.6282043457031,1730079,293.5897521972656,293.5897521972656,160.5673828125
08-04-1999,288.30126953125,291.3461608886719,1901679,293.5897521972656,291.9871826171875,159.69093322753906
09-04-1999,286.69873046875,291.9871826171875,1707849,293.4294738769531,287.6602478027344,157.32443237304688
12-04-1999,283.6538391113281,283.6538391113281,2260089,298.71795654296875,298.71795654296875,163.37200927734375
13-04-1999,292.30767822265625,292.30767822265625,2530437,301.1217956542969,299.8397521972656,163.98553466796875
14-04-1999,292.30767822265625,299.6794738769531,1930149,300.1602478027344,292.46795654296875,159.9537811279297
15-04-1999,282.53204345703125,291.025634765625,2566629,291.8269348144531,288.4615478515625,157.76272583007812
16-04-1999,281.8910217285156,286.5384521484375,1990716,287.6602478027344,285.25640869140625,156.0098114013672
19-04-1999,257.69232177734375,285.25640869140625,3933852,287.5,268.5897521972656,146.89459228515625
20-04-1999,266.3461608886719,267.94873046875,2952183,280.9294738769531,280.2884521484375,153.29269409179688
21-04-1999,278.20513916015625,279.96795654296875,2331537,291.1858825683594,291.1858825683594,159.2527313232422
22-04-1999,286.05767822265625,294.55126953125,1936623,294.55126953125,290.3846130371094,158.81448364257812
23-04-1999,287.8205261230469,288.1410217285156,1426503,293.26922607421875,289.4230651855469,158.28860473632812
26-04-1999,285.25640869140625,290.0641174316406,1473927,291.025634765625,291.025634765625,159.16505432128906
27-04-1999,285.4166564941406,292.46795654296875,1806129,294.7115478515625,288.4615478515625,157.76272583007812
28-04-1999,283.6538391113281,284.9358825683594,1584726,289.4230651855469,285.8974304199219,156.36041259765625
29-04-1999,272.1153869628906,284.6153869628906,2132403,285.7371826171875,275.9615478515625,150.92633056640625
30-04-1999,265.8653869628906,280.76922607421875,3775278,282.69232177734375,270.19232177734375,147.77108764648438
03-05-1999,264.74359130859375,270.3525695800781,2154087,272.1153869628906,270.8333435058594,148.1216278076172
04-05-1999,265.0641174316406,269.23077392578125,2614482,270.6730651855469,269.0705261230469,147.15750122070312
05-05-1999,269.0705261230469,269.0705261230469,2426970,281.0897521972656,279.4871826171875,152.85459899902344
06-05-1999,272.1153869628906,281.8910217285156,2688855,284.29486083984375,277.5641174316406,151.80276489257812
07-05-1999,277.8846130371094,277.8846130371094,2261649,283.3333435058594,281.8910217285156,154.16917419433594
10-05-1999,277.0833435058594,281.25,1504581,284.29486083984375,278.8461608886719,152.5039825439453
11-05-1999,278.8461608886719,281.73077392578125,1875783,286.5384521484375,284.45513916015625,155.57151794433594
12-05-1999,277.5641174316406,283.8141174316406,1991652,283.8141174316406,282.53204345703125,154.51976013183594
13-05-1999,279.4871826171875,284.45513916015625,1216020,285.4166564941406,280.2884521484375,153.29269409179688
14-05-1999,268.9102478027344,275.6410217285156,2540421,276.6025695800781,271.6346130371094,148.55984497070312
17-05-1999,268.1089782714844,270.3525695800781,1550211,273.55767822265625,272.4358825683594,148.9981231689453
18-05-1999,262.98077392578125,272.275634765625,2104362,272.75640869140625,267.30767822265625,146.1934051513672
19-05-1999,269.8717956542969,270.19232177734375,1736592,277.5641174316406,276.9230651855469,151.45217895507812
20-05-1999,272.275634765625,277.5641174316406,1618539,280.2884521484375,272.9166564941406,149.26101684570312
21-05-1999,266.6666564941406,273.3974304199219,2317965,275.0,266.9871826171875,146.01815795898438
24-05-1999,262.98077392578125,269.55126953125,1964235,270.3525695800781,265.3846130371094,145.14169311523438
25-05-1999,261.69873046875,266.8269348144531,2060604,269.23077392578125,262.5,143.5640411376953
26-05-1999,260.25640869140625,265.3846130371094,2505282,265.54486083984375,264.4230651855469,144.61578369140625
27-05-1999,257.05126953125,264.1025695800781,1984944,264.1025695800781,258.1730651855469,141.19757080078125
28-05-1999,257.3717956542969,257.69232177734375,1994304,267.1474304199219,260.7371826171875,142.5999298095703
01-06-1999,258.3333435058594,261.8589782714844,1805739,265.54486083984375,262.98077392578125,143.8269805908203
02-06-1999,257.05126953125,263.30126953125,1989117,263.94232177734375,261.69873046875,143.1258087158203
03-06-1999,261.69873046875,264.2628173828125,1581996,265.3846130371094,263.78204345703125,144.26519775390625
04-06-1999,263.4615478515625,264.74359130859375,1517412,269.23077392578125,268.9102478027344,147.06988525390625
07-06-1999,265.224365234375,266.6666564941406,1167933,269.8717956542969,267.7884521484375,146.4563751220703
08-06-1999,260.8974304199219,266.1858825683594,1406535,266.50640869140625,262.5,143.5640411376953
09-06-1999,261.5384521484375,262.3397521972656,1237431,263.94232177734375,263.30126953125,144.00225830078125
10-06-1999,255.9294891357422,261.5384521484375,1991067,261.69873046875,258.974365234375,141.63583374023438
11-06-1999,256.8910217285156,258.974365234375,2064192,263.1410217285156,259.85577392578125,142.11785888671875
14-06-1999,258.974365234375,259.1346130371094,1832298,266.6666564941406,266.025634765625,145.49227905273438
15-06-1999,264.1025695800781,264.5833435058594,1705119,270.6730651855469,267.1474304199219,146.10577392578125
16-06-1999,269.3910217285156,269.3910217285156,2203617,276.28204345703125,273.8782043457031,149.786865234375
17-06-1999,272.275634765625,272.4358825683594,1421121,278.6858825683594,278.04486083984375,152.06570434570312
18-06-1999,275.0,277.0833435058594,2119650,278.04486083984375,275.80126953125,150.83868408203125
21-06-1999,269.23077392578125,276.1217956542969,1563393,276.1217956542969,270.6730651855469,148.03396606445312
22-06-1999,269.23077392578125,270.5128173828125,1128309,274.0384521484375,271.474365234375,148.47218322753906
23-06-1999,266.1858825683594,270.19232177734375,1438593,272.4358825683594,271.3141174316406,148.38449096679688
24-06-1999,264.5833435058594,267.7884521484375,2399007,275.0,273.71795654296875,149.6992950439453
25-06-1999,266.1858825683594,275.1602478027344,1499823,275.48077392578125,267.7884521484375,146.4563751220703
28-06-1999,269.7115478515625,269.7115478515625,1505127,273.3974304199219,272.275634765625,148.910400390625
29-06-1999,272.1153869628906,273.8782043457031,1839357,281.25,281.25,153.81863403320312
30-06-1999,275.0,279.4871826171875,2842437,289.74359130859375,289.74359130859375,158.46385192871094
01-07-1999,284.1346130371094,287.3397521972656,1779219,287.98077392578125,285.8974304199219,156.36041259765625
02-07-1999,285.0961608886719,286.5384521484375,1254318,289.5833435058594,288.94232177734375,158.02561950683594
06-07-1999,286.8589782714844,286.8589782714844,1799343,294.8717956542969,292.1474304199219,160.2762908935547
07-07-1999,292.6282043457031,293.4294738769531,3099759,304.4871826171875,302.4038391113281,165.90313720703125
08-07-1999,295.8333435058594,299.3589782714844,3008421,302.724365234375,300.0,164.5843963623047
09-07-1999,297.275634765625,300.0,2252796,302.24359130859375,300.3205261230469,164.7601776123047
12-07-1999,294.0705261230469,300.6410217285156,2105259,300.80126953125,295.8333435058594,162.29849243164062
13-07-1999,292.7884521484375,292.94873046875,1230879,296.95513916015625,296.3141174316406,162.56224060058594
14-07-1999,293.9102478027344,296.95513916015625,1356186,298.3974304199219,296.95513916015625,162.91390991210938
15-07-1999,298.0769348144531,298.71795654296875,1735968,301.44232177734375,301.44232177734375,165.3756103515625
16-07-1999,300.48077392578125,301.1217956542969,1803711,305.1282043457031,304.80767822265625,167.22189331054688
19-07-1999,302.5641174316406,305.1282043457031,2002533,307.69232177734375,307.69232177734375,168.80462646484375
20-07-1999,300.80126953125,306.25,1598922,306.5705261230469,301.44232177734375,165.3756103515625
21-07-1999,297.75640869140625,300.1602478027344,1286298,302.24359130859375,299.8397521972656,164.49644470214844
22-07-1999,293.4294738769531,299.0384521484375,1743261,302.0833435058594,294.8717956542969,161.7709197998047
23-07-1999,292.1474304199219,294.8717956542969,1223586,297.5961608886719,295.3525695800781,162.03477478027344
26-07-1999,291.8269348144531,293.75,1308606,296.95513916015625,292.30767822265625,160.36424255371094
27-07-1999,291.8269348144531,294.8717956542969,1401972,299.6794738769531,298.0769348144531,163.52935791015625
28-07-1999,291.6666564941406,297.4358825683594,1238289,297.4358825683594,292.30767822265625,160.36424255371094
29-07-1999,282.2115478515625,289.74359130859375,1764438,289.74359130859375,287.1794738769531,157.5508575439453
30-07-1999,278.6858825683594,286.69873046875,1653951,287.98077392578125,279.4871826171875,153.330810546875
02-08-1999,275.9615478515625,277.0833435058594,1615926,281.8910217285156,276.6025695800781,151.74818420410156
03-08-1999,273.3974304199219,277.5641174316406,1623492,279.3269348144531,276.6025695800781,151.74818420410156
04-08-1999,273.3974304199219,275.9615478515625,1408368,281.8910217285156,273.71795654296875,150.16567993164062
05-08-1999,269.23077392578125,274.3589782714844,1941030,281.25,280.9294738769531,154.12203979492188
06-08-1999,272.1153869628906,277.24359130859375,1779687,279.3269348144531,274.3589782714844,150.51736450195312
09-08-1999,268.9102478027344,272.9166564941406,1499160,274.0384521484375,269.3910217285156,147.7918243408203
10-08-1999,262.98077392578125,268.26922607421875,1991106,271.79486083984375,268.9102478027344,147.52810668945312
11-08-1999,269.3910217285156,270.03204345703125,1666509,274.3589782714844,271.95513916015625,149.19854736328125
12-08-1999,269.3910217285156,272.9166564941406,1314456,273.3974304199219,269.3910217285156,147.7918243408203
13-08-1999,271.79486083984375,272.1153869628906,1408953,278.04486083984375,276.28204345703125,151.57235717773438
16-08-1999,277.4038391113281,277.8846130371094,1135134,281.5705261230469,281.5705261230469,154.4737548828125
17-08-1999,281.8910217285156,284.29486083984375,1452126,286.3782043457031,285.7371826171875,156.7595977783203
18-08-1999,284.45513916015625,286.8589782714844,1661868,288.6217956542969,286.3782043457031,157.11123657226562
19-08-1999,281.25,283.974365234375,1565031,284.9358825683594,284.6153869628906,156.14418029785156
20-08-1999,283.974365234375,285.25640869140625,1365156,289.5833435058594,289.2628173828125,158.69386291503906
23-08-1999,289.74359130859375,289.74359130859375,1795911,298.8782043457031,298.8782043457031,163.9689178466797
24-08-1999,296.3141174316406,296.474365234375,1867983,302.24359130859375,299.0384521484375,164.05691528320312
25-08-1999,299.6794738769531,300.1602478027344,1846494,306.8910217285156,305.9294738769531,167.83738708496094
26-08-1999,303.6858825683594,304.1666564941406,1944930,306.4102478027344,304.96795654296875,167.30987548828125
27-08-1999,298.3974304199219,304.80767822265625,1576770,304.96795654296875,298.8782043457031,163.9689178466797
30-08-1999,292.30767822265625,297.5961608886719,1388556,298.71795654296875,292.94873046875,160.71592712402344
31-08-1999,287.1794738769531,293.5897521972656,1753206,295.5128173828125,287.98077392578125,157.99046325683594
01-09-1999,287.01922607421875,289.1025695800781,1444287,291.6666564941406,291.50640869140625,159.92462158203125
02-09-1999,285.5769348144531,288.78204345703125,1493232,290.8653869628906,289.5833435058594,158.86964416503906
03-09-1999,290.70513916015625,296.1538391113281,1665807,299.6794738769531,298.4775695800781,163.7492218017578
07-09-1999,301.44232177734375,301.44232177734375,2232165,307.2115478515625,307.2115478515625,168.540771484375
08-09-1999,304.4871826171875,305.1282043457031,2535936,310.25640869140625,309.9358825683594,170.03529357910156
09-09-1999,302.5641174316406,309.9358825683594,1597401,310.0961608886719,307.05126953125,168.45278930664062
10-09-1999,304.3269348144531,307.69232177734375,1569009,309.9358825683594,305.6089782714844,167.66156005859375
13-09-1999,301.6025695800781,303.8461608886719,1086384,304.6474304199219,304.00640869140625,166.78240966796875
14-09-1999,296.95513916015625,302.4038391113281,1293903,302.4038391113281,299.3589782714844,164.23275756835938
15-09-1999,297.275634765625,302.4038391113281,1441596,304.3269348144531,297.4358825683594,163.1776580810547
16-09-1999,295.19232177734375,298.71795654296875,1463826,302.0833435058594,300.6410217285156,164.93601989746094
17-09-1999,302.8846130371094,303.8461608886719,2323191,307.69232177734375,307.69232177734375,168.80462646484375
20-09-1999,308.49359130859375,310.5769348144531,2034162,314.1025695800781,312.8205261230469,171.61798095703125
21-09-1999,302.724365234375,310.4166564941406,1935609,310.5769348144531,305.76922607421875,167.74945068359375
22-09-1999,300.9615478515625,305.76922607421875,1784172,307.3717956542969,305.1282043457031,167.39779663085938
23-09-1999,298.8782043457031,306.4102478027344,1911780,307.53204345703125,299.3589782714844,164.23275756835938
24-09-1999,296.474365234375,296.79486083984375,2170194,304.4871826171875,302.5641174316406,165.99105834960938
27-09-1999,304.3269348144531,305.1282043457031,1912326,310.4166564941406,307.69232177734375,168.80462646484375
28-09-1999,295.5128173828125,306.4102478027344,2080728,307.05126953125,303.525634765625,167.0056610107422
29-09-1999,298.3974304199219,301.7628173828125,1967238,304.96795654296875,298.55767822265625,164.27220153808594
30-09-1999,295.8333435058594,300.3205261230469,2654223,307.53204345703125,304.00640869140625,167.27027893066406
01-10-1999,298.3974304199219,302.24359130859375,2096055,302.8846130371094,300.9615478515625,165.59486389160156
04-10-1999,303.04486083984375,303.04486083984375,1895517,307.8525695800781,307.8525695800781,169.38641357421875
05-10-1999,305.9294738769531,306.8910217285156,2699892,314.74359130859375,310.0961608886719,170.62094116210938
06-10-1999,310.5769348144531,310.5769348144531,2493231,317.94873046875,317.1474304199219,174.5006561279297
07-10-1999,311.69873046875,316.3461608886719,2003586,318.4294738769531,312.5,171.9435577392578
08-10-1999,311.8589782714844,315.0641174316406,2872350,320.99359130859375,319.8717956542969,175.9996795654297
11-10-1999,315.70513916015625,317.1474304199219,1274676,319.0705261230469,315.70513916015625,173.7070770263672
12-10-1999,309.9358825683594,314.4230651855469,2175927,314.9038391113281,311.21795654296875,171.23818969726562
13-10-1999,305.44873046875,309.775634765625,1905657,311.5384521484375,306.5705261230469,168.68101501464844
14-10-1999,300.3205261230469,306.0897521972656,2658903,308.3333435058594,308.0128173828125,169.47462463378906
15-10-1999,296.1538391113281,302.5641174316406,3355911,302.5641174316406,296.79486083984375,163.3023223876953
18-10-1999,293.9102478027344,296.1538391113281,2496117,301.6025695800781,301.6025695800781,165.94757080078125
19-10-1999,302.4038391113281,306.4102478027344,2211846,308.6538391113281,302.724365234375,166.5648193359375
20-10-1999,304.00640869140625,304.4871826171875,1845558,312.6602478027344,311.8589782714844,171.59088134765625
21-10-1999,305.1282043457031,309.45513916015625,2005380,316.9871826171875,316.025634765625,173.88343811035156
22-10-1999,316.50640869140625,316.6666564941406,2225106,323.55767822265625,322.1153869628906,177.23410034179688
25-10-1999,316.9871826171875,319.55126953125,1780467,322.9166564941406,321.1538391113281,176.70501708984375
26-10-1999,320.3525695800781,322.9166564941406,2428296,326.28204345703125,322.1153869628906,177.23410034179688
27-10-1999,321.3141174316406,322.1153869628906,1683084,329.3269348144531,329.3269348144531,181.20201110839844
28-10-1999,332.05126953125,333.0128173828125,3515655,343.1089782714844,341.025634765625,187.63897705078125
29-10-1999,342.46795654296875,344.8717956542969,2642406,349.51922607421875,347.4358825683594,191.16595458984375
01-11-1999,331.4102478027344,342.6282043457031,2650245,344.55126953125,331.73077392578125,182.52471923828125
02-11-1999,328.6858825683594,332.53204345703125,2472834,341.3461608886719,330.76922607421875,181.99562072753906
03-11-1999,333.3333435058594,340.70513916015625,1789710,340.8653869628906,336.8589782714844,185.3463134765625
04-11-1999,334.6153869628906,339.74359130859375,1697904,342.46795654296875,338.1410217285156,186.05169677734375
05-11-1999,341.50640869140625,341.50640869140625,1828671,345.6730651855469,342.94873046875,188.69711303710938
08-11-1999,340.54486083984375,343.1089782714844,1371201,345.3525695800781,343.5897521972656,189.04974365234375
09-11-1999,339.74359130859375,345.03204345703125,1302717,345.03204345703125,341.9871826171875,188.16799926757812
10-11-1999,337.98077392578125,340.0641174316406,1440504,344.3910217285156,343.5897521972656,189.04974365234375
11-11-1999,341.6666564941406,343.5897521972656,850629,345.03204345703125,343.5897521972656,189.04974365234375
12-11-1999,341.6666564941406,347.275634765625,1440855,348.2371826171875,347.1153869628906,190.98960876464844
15-11-1999,344.0705261230469,346.79486083984375,1712061,349.6794738769531,347.4358825683594,191.16595458984375
16-11-1999,346.1538391113281,348.3974304199219,2140398,358.1730651855469,358.0128173828125,196.98561096191406
17-11-1999,354.00640869140625,355.6089782714844,2239692,362.3397521972656,362.01922607421875,199.18994140625
18-11-1999,353.04486083984375,358.974365234375,2109861,361.3782043457031,357.3717956542969,196.63299560546875
19-11-1999,352.24359130859375,357.69232177734375,1869543,359.6153869628906,353.04486083984375,194.25213623046875
22-11-1999,348.0769348144531,353.3653869628906,1965249,359.9358825683594,359.45513916015625,197.77911376953125
23-11-1999,351.44232177734375,358.0128173828125,1604850,358.0128173828125,352.8846130371094,194.1640625
24-11-1999,350.0,352.8846130371094,1260792,354.80767822265625,350.9615478515625,193.10586547851562
26-11-1999,347.75640869140625,350.3205261230469,694083,352.8846130371094,347.75640869140625,191.3423309326172
29-11-1999,339.9038391113281,346.1538391113281,1728870,346.1538391113281,341.3461608886719,187.8153076171875
30-11-1999,333.0128173828125,337.8205261230469,2001090,341.025634765625,333.6538391113281,183.58282470703125
01-12-1999,333.49359130859375,333.974365234375,2139774,345.99359130859375,344.8717956542969,189.75514221191406
02-12-1999,341.8269348144531,349.0384521484375,1447446,349.0384521484375,345.3525695800781,190.0196075439453
03-12-1999,347.5961608886719,347.9166564941406,2191293,356.0897521972656,349.3589782714844,192.22412109375
06-12-1999,348.71795654296875,349.51922607421875,1307514,355.2884521484375,351.8830261230469,193.61289978027344
07-12-1999,350.0,355.1282043457031,2207712,358.974365234375,358.974365234375,197.51461791992188
08-12-1999,355.1282043457031,355.1282043457031,2542020,366.6666564941406,362.21954345703125,199.30018615722656
09-12-1999,361.8589782714844,369.8717956542969,2512887,371.6346130371094,368.1089782714844,202.54074096679688
10-12-1999,367.94873046875,368.1089782714844,2233998,379.1666564941406,378.04486083984375,208.0076141357422
13-12-1999,373.55767822265625,377.24359130859375,2381145,382.69232177734375,381.5705261230469,209.94749450683594
14-12-1999,379.1666564941406,382.05126953125,3016143,385.8974304199219,384.29486083984375,211.44647216796875
15-12-1999,369.3910217285156,384.29486083984375,2555046,385.5769348144531,370.03204345703125,203.59877014160156
16-12-1999,368.5897521972656,374.6794738769531,2306733,378.525634765625,378.525634765625,208.27206420898438
17-12-1999,378.525634765625,378.8461608886719,8262072,396.79486083984375,389.4230651855469,214.2681121826172
20-12-1999,389.2628173828125,392.94873046875,3008382,395.5128173828125,392.98876953125,216.22991943359375
21-12-1999,392.94873046875,394.0705261230469,2500134,405.76922607421875,404.6474304199219,222.6448974609375
22-12-1999,397.75640869140625,406.0897521972656,2412306,408.0128173828125,404.80767822265625,223.31321716308594
23-12-1999,400.0,407.3717956542969,1567254,408.3333435058594,403.8461608886719,222.78277587890625
27-12-1999,399.8397521972656,404.4871826171875,1598961,408.974365234375,408.974365234375,225.61190795898438
28-12-1999,400.1602478027344,406.25,1512654,406.4102478027344,403.20513916015625,222.42916870117188
29-12-1999,400.6410217285156,405.1282043457031,1159704,405.1282043457031,401.44232177734375,221.45672607421875
30-12-1999,395.99359130859375,403.20513916015625,1088334,403.20513916015625,397.4358825683594,219.24667358398438
31-12-1999,394.3910217285156,396.79486083984375,764907,399.0384521484375,396.79486083984375,218.89292907714844
03-01-2000,382.53204345703125,392.30767822265625,2869074,394.0705261230469,384.6153869628906,212.17408752441406
04-01-2000,369.23077392578125,377.5641174316406,2875782,379.4871826171875,369.23077392578125,203.6871795654297
05-01-2000,365.54486083984375,368.5897521972656,3548064,376.9230651855469,368.5897521972656,203.33349609375
06-01-2000,365.70513916015625,366.9871826171875,2583516,376.7628173828125,373.51763916015625,206.0519256591797
07-01-2000,376.9230651855469,379.4871826171875,2618382,389.4230651855469,387.98077392578125,214.03053283691406
10-01-2000,387.5,391.50640869140625,1979445,395.03204345703125,387.8205261230469,213.94216918945312
11-01-2000,386.21795654296875,387.1794738769531,1965990,391.50640869140625,388.4615478515625,214.2958526611328
12-01-2000,386.05767822265625,387.3397521972656,2384499,392.94873046875,389.74359130859375,215.00294494628906
13-01-2000,392.30767822265625,392.6282043457031,1943955,397.275634765625,394.23077392578125,217.47842407226562
14-01-2000,383.49359130859375,393.26922607421875,2402439,396.474365234375,387.1794738769531,213.5885009765625
18-01-2000,376.28204345703125,383.6538391113281,2378571,383.6538391113281,379.4871826171875,209.34512329101562
19-01-2000,375.0,375.6410217285156,1930461,387.01922607421875,381.33013916015625,210.36172485351562
20-01-2000,365.70513916015625,382.2115478515625,3998670,383.974365234375,374.19873046875,206.42771911621094
21-01-2000,369.0705261230469,379.3269348144531,3120702,380.1282043457031,369.55126953125,203.86390686035156
24-01-2000,349.8397521972656,372.5961608886719,3525093,374.19873046875,354.1666564941406,195.37701416015625
25-01-2000,351.28204345703125,354.00640869140625,3300375,359.9358825683594,355.1282043457031,195.90745544433594
26-01-2000,356.0897521972656,360.25640869140625,2061384,364.5833435058594,362.6602478027344,200.06251525878906
27-01-2000,351.44232177734375,362.98077392578125,2501655,363.4615478515625,363.4615478515625,200.5045166015625
28-01-2000,342.6282043457031,359.775634765625,3880071,360.25640869140625,343.5897521972656,189.5421905517578
31-01-2000,341.1858825683594,343.5897521972656,2831751,348.55767822265625,343.5897521972656,189.5421905517578
01-02-2000,343.5897521972656,344.23077392578125,3554070,351.28204345703125,348.71795654296875,192.3712158203125
02-02-2000,343.75,351.6025695800781,2836626,352.8846130371094,343.75,189.63064575195312
03-02-2000,346.79486083984375,348.55767822265625,2630160,358.49359130859375,357.05126953125,196.9683074951172
04-02-2000,360.25640869140625,361.5384521484375,2361723,366.9871826171875,362.98077392578125,200.23924255371094
07-02-2000,348.3974304199219,363.30126953125,2377050,363.4615478515625,350.0,193.07843017578125
08-02-2000,350.0,350.1602478027344,2430363,354.96795654296875,351.44232177734375,193.87403869628906
09-02-2000,343.75,351.28204345703125,2083107,353.04486083984375,343.75,189.63064575195312
10-02-2000,341.3461608886719,345.03204345703125,2491788,351.1217956542969,347.275634765625,191.5754852294922
11-02-2000,342.46795654296875,346.3141174316406,2671812,352.0833435058594,342.94873046875,189.18861389160156
14-02-2000,342.46795654296875,342.94873046875,1890447,348.55767822265625,344.55126953125,190.07257080078125
15-02-2000,343.4294738769531,343.5897521972656,2447055,356.4102478027344,352.5641174316406,194.49288940429688
16-02-2000,344.55126953125,350.3205261230469,1889004,351.1217956542969,347.8365478515625,191.88494873046875
17-02-2000,333.3333435058594,345.8333435058594,3759483,347.75640869140625,335.8974304199219,185.2987060546875
18-02-2000,320.3525695800781,335.8974304199219,4592562,338.30126953125,320.8333435058594,176.98849487304688
22-02-2000,320.6730651855469,323.71795654296875,3540030,333.3333435058594,332.3717956542969,183.3538055419922
23-02-2000,329.1666564941406,333.3333435058594,2854293,340.8653869628906,334.6153869628906,184.59149169921875
24-02-2000,323.2371826171875,334.1346130371094,3590418,340.8653869628906,335.8974304199219,185.2987060546875
25-02-2000,322.275634765625,332.05126953125,3467022,335.7371826171875,323.3974304199219,178.4031524658203
28-02-2000,323.0769348144531,323.0769348144531,3515577,339.1025695800781,331.8910217285156,183.088623046875
29-02-2000,333.6538391113281,334.9358825683594,2934750,343.5897521972656,339.4230651855469,187.24363708496094
01-03-2000,335.25640869140625,342.30767822265625,3469557,343.26922607421875,336.8589782714844,185.82908630371094
02-03-2000,335.5769348144531,336.8589782714844,2585037,349.0384521484375,346.79486083984375,191.310302734375
03-03-2000,351.44232177734375,351.9230651855469,3089307,360.25640869140625,357.3717956542969,197.1451873779297
06-03-2000,345.19232177734375,357.69232177734375,2404818,357.69232177734375,352.4038391113281,194.97805786132812
07-03-2000,332.3717956542969,352.24359130859375,3851835,352.24359130859375,333.1730651855469,184.33802795410156
08-03-2000,330.9294738769531,333.974365234375,3108963,339.5833435058594,334.1346130371094,184.87017822265625
09-03-2000,326.1217956542969,334.1346130371094,2457663,338.4615478515625,330.76922607421875,183.00799560546875
10-03-2000,333.3333435058594,335.5769348144531,2690961,343.75,337.6602478027344,186.82070922851562
13-03-2000,327.24359130859375,330.76922607421875,2503917,334.6153869628906,331.8910217285156,183.62869262695312
14-03-2000,325.1602478027344,332.3717956542969,2479152,332.69232177734375,325.6410217285156,180.17080688476562
15-03-2000,323.71795654296875,325.3205261230469,3368430,345.3525695800781,342.46795654296875,189.4807586669922
16-03-2000,342.30767822265625,342.7884521484375,3900624,357.53204345703125,356.4102478027344,197.19473266601562
17-03-2000,351.7628173828125,354.1666564941406,4142190,362.6602478027344,358.6538391113281,198.43605041503906
20-03-2000,352.8846130371094,358.6538391113281,2027532,363.4615478515625,361.3782043457031,199.94346618652344
21-03-2000,354.00640869140625,355.76922607421875,4828746,388.30126953125,385.8974304199219,213.5094451904297
22-03-2000,381.0897521972656,385.8974304199219,2822508,389.5833435058594,386.8589782714844,214.04139709472656
23-03-2000,387.01922607421875,388.4615478515625,4071756,410.25640869140625,410.25640869140625,226.98672485351562
24-03-2000,399.8397521972656,404.1666564941406,2999997,409.6153869628906,407.8525695800781,225.65675354003906
27-03-2000,400.6410217285156,404.4871826171875,2132988,407.05126953125,404.96795654296875,224.06077575683594
28-03-2000,400.0,401.9230651855469,2835573,406.73077392578125,400.0,221.31210327148438
29-03-2000,403.525634765625,403.525634765625,5087043,422.75640869140625,417.94873046875,231.2427520751953
30-03-2000,404.00640869140625,415.3846130371094,3245697,416.6666564941406,407.05126953125,225.2135009765625
31-03-2000,396.79486083984375,408.3333435058594,3046056,409.9358825683594,399.0384521484375,220.78001403808594
03-04-2000,397.4358825683594,398.0769348144531,2493699,412.8205261230469,412.8205261230469,228.4053955078125
04-04-2000,377.24359130859375,406.5705261230469,4293900,407.3717956542969,394.8717956542969,218.47476196289062
05-04-2000,386.3782043457031,390.0641174316406,2784444,397.4358825683594,393.1089782714844,217.49942016601562
06-04-2000,395.03204345703125,395.3525695800781,1792869,404.3269348144531,402.24359130859375,222.5534210205078
07-04-2000,400.48077392578125,404.1666564941406,1732458,409.775634765625,407.2115478515625,225.30213928222656
10-04-2000,404.80767822265625,408.6538391113281,1850472,412.8205261230469,408.8141174316406,226.18869018554688
11-04-2000,404.1666564941406,405.9294738769531,2730312,420.19232177734375,414.4230651855469,229.2920379638672
12-04-2000,400.0,416.9871826171875,2527590,418.5897521972656,401.9230651855469,222.37603759765625
13-04-2000,384.6153869628906,403.525634765625,3314610,403.6858825683594,385.8974304199219,213.5094451904297
14-04-2000,366.8269348144531,379.4871826171875,4113915,384.9358825683594,373.71795654296875,206.77069091796875
17-04-2000,368.9102478027344,370.19232177734375,4153695,392.94873046875,389.74359130859375,215.637451171875
18-04-2000,389.5833435058594,391.8269348144531,3306927,404.96795654296875,401.28204345703125,222.0214080810547
19-04-2000,395.19232177734375,400.1602478027344,1839552,402.0833435058594,398.71795654296875,220.6027069091797
20-04-2000,398.71795654296875,400.1602478027344,2217384,406.4102478027344,406.4102478027344,224.85877990722656
24-04-2000,400.80126953125,402.5641174316406,3121911,420.3525695800781,415.54486083984375,229.9127197265625
25-04-2000,412.5,416.025634765625,2971098,426.44232177734375,425.6410217285156,235.49876403808594
26-04-2000,413.6217956542969,425.9615478515625,2773329,430.6089782714844,418.5897521972656,231.59742736816406
27-04-2000,405.6089782714844,411.5384521484375,2629536,415.224365234375,414.1025695800781,229.11474609375
28-04-2000,401.44232177734375,413.78204345703125,1837407,415.3846130371094,403.20513916015625,223.08541870117188
01-05-2000,404.4871826171875,407.69232177734375,1623258,415.3846130371094,408.6538391113281,226.1001739501953
02-05-2000,405.6089782714844,407.69232177734375,1654263,414.9038391113281,412.98077392578125,228.49403381347656
03-05-2000,396.3141174316406,408.974365234375,2157324,410.25640869140625,400.1602478027344,221.40077209472656
04-05-2000,391.6666564941406,403.6858825683594,2003430,403.8461608886719,394.8717956542969,218.47476196289062
05-05-2000,393.5897521972656,394.8717956542969,2689167,410.25640869140625,405.1282043457031,224.1494903564453
08-05-2000,397.1153869628906,400.9615478515625,1517945,406.73077392578125,403.3653869628906,223.17404174804688
09-05-2000,391.3461608886719,402.8846130371094,1747122,405.2884521484375,400.9615478515625,221.84408569335938
10-05-2000,385.0961608886719,396.1538391113281,1957722,400.48077392578125,389.4230651855469,215.46018981933594
11-05-2000,390.3846130371094,396.1538391113281,1746849,402.8846130371094,391.8269348144531,216.79010009765625
12-05-2000,389.9038391113281,390.8653869628906,1392794,404.80767822265625,401.9230651855469,222.37603759765625
15-05-2000,401.9230651855469,402.4038391113281,1762319,418.75,415.3846130371094,229.82415771484375
16-05-2000,415.3846130371094,421.6346130371094,2201147,424.51922607421875,417.30767822265625,230.88816833496094
17-05-2000,408.6538391113281,413.4615478515625,1468337,418.26922607421875,412.5,228.22796630859375
18-05-2000,406.73077392578125,411.5384521484375,1672697,418.26922607421875,408.6538391113281,226.1001739501953
19-05-2000,392.30767822265625,400.9615478515625,1676090,405.2884521484375,399.0384521484375,220.78001403808594
22-05-2000,375.0,399.0384521484375,2178098,399.0384521484375,384.6153869628906,212.8000946044922
23-05-2000,376.44232177734375,378.3653869628906,1571960,384.6153869628906,384.6153869628906,212.8000946044922
24-05-2000,376.9230651855469,376.9230651855469,1942538,394.23077392578125,390.3846130371094,215.99208068847656
25-05-2000,382.69232177734375,390.3846130371094,1487005,398.55767822265625,390.3846130371094,215.99208068847656
26-05-2000,379.3269348144531,387.98077392578125,1152619,391.8269348144531,381.25,210.9380645751953
30-05-2000,379.80767822265625,383.1730651855469,1682915,396.1538391113281,394.23077392578125,218.12008666992188
31-05-2000,396.1538391113281,398.0769348144531,1880398,410.0961608886719,404.80767822265625,223.9720916748047
01-06-2000,390.3846130371094,400.48077392578125,1666288,410.5769348144531,402.8846130371094,222.9081573486328
02-06-2000,398.0769348144531,410.0961608886719,1561911,415.3846130371094,405.76922607421875,224.5041046142578
05-06-2000,392.7884521484375,400.0,1246999,401.9230651855469,396.6346130371094,219.4500274658203
06-06-2000,388.94232177734375,396.1538391113281,1035424,398.55767822265625,393.75,217.8540802001953
07-06-2000,392.30767822265625,393.26922607421875,1296958,403.3653869628906,395.19232177734375,218.6519775390625
08-06-2000,388.4615478515625,396.1538391113281,1129934,397.1153869628906,391.3461608886719,216.52401733398438
09-06-2000,378.8461608886719,392.7884521484375,1425164,394.23077392578125,383.6538391113281,212.26812744140625
12-06-2000,372.5961608886719,384.6153869628906,1592006,385.5769348144531,383.6538391113281,212.26812744140625
13-06-2000,382.69232177734375,384.6153869628906,1742832,396.6346130371094,393.75,217.8540802001953
14-06-2000,387.01922607421875,394.23077392578125,1339013,398.55767822265625,392.30767822265625,217.05601501464844
15-06-2000,384.6153869628906,388.4615478515625,1557959,400.0,399.0384521484375,220.78001403808594
16-06-2000,392.66827392578125,400.0,2469363,401.44232177734375,393.26922607421875,217.58802795410156
19-06-2000,384.6153869628906,390.8653869628906,1274962,398.0769348144531,386.5384521484375,213.864013671875
20-06-2000,385.5769348144531,399.51922607421875,1451008,399.51922607421875,392.30767822265625,217.05601501464844
21-06-2000,378.3653869628906,385.0961608886719,1799876,387.5,380.2884521484375,210.40609741210938
22-06-2000,368.75,378.3653869628906,2040246,384.6153869628906,375.0,207.48011779785156
23-06-2000,373.55767822265625,374.51922607421875,1325441,383.6538391113281,383.6538391113281,212.26812744140625
26-06-2000,377.4038391113281,379.80767822265625,1183429,385.0961608886719,384.1346130371094,212.53411865234375
27-06-2000,377.4038391113281,384.6153869628906,1275703,387.01922607421875,378.8461608886719,209.60801696777344
28-06-2000,381.25,382.69232177734375,1722084,390.8653869628906,388.8221130371094,215.12753295898438
29-06-2000,379.3269348144531,388.4615478515625,1676090,388.4615478515625,382.69232177734375,211.73606872558594
30-06-2000,377.4038391113281,378.8461608886719,2479919,408.5336608886719,407.69232177734375,225.56813049316406
03-07-2000,395.19232177734375,403.8461608886719,858598,403.8461608886719,400.0,221.31210327148438
05-07-2000,380.76922607421875,401.9230651855469,1762540,401.9230651855469,384.1346130371094,213.09547424316406
06-07-2000,383.1730651855469,385.0961608886719,1250145,392.30767822265625,386.05767822265625,214.16233825683594
07-07-2000,387.01922607421875,390.3846130371094,1291914,396.1538391113281,394.7115478515625,218.9630126953125
10-07-2000,393.26922607421875,394.7115478515625,1592071,404.80767822265625,403.3653869628906,223.76356506347656
11-07-2000,400.48077392578125,402.4038391113281,1678638,410.5769348144531,401.9230651855469,222.96351623535156
12-07-2000,401.9230651855469,414.4230651855469,1401803,414.4230651855469,413.4615478515625,229.36436462402344
13-07-2000,399.51922607421875,409.6153869628906,2093065,415.3846130371094,403.8461608886719,224.03033447265625
14-07-2000,396.1538391113281,402.4038391113281,1446107,403.8461608886719,396.1538391113281,219.7631378173828
17-07-2000,396.6346130371094,396.6346130371094,2388048,418.75,412.98077392578125,229.09762573242188
18-07-2000,401.9230651855469,412.5,1558375,413.4615478515625,401.9230651855469,222.96351623535156
19-07-2000,404.3269348144531,407.2115478515625,1239069,410.0961608886719,405.76922607421875,225.0971221923828
20-07-2000,406.25,409.1346130371094,1458665,421.1538391113281,417.7884521484375,231.7646026611328
21-07-2000,412.5,420.19232177734375,1692561,421.1538391113281,416.3461608886719,230.96456909179688
24-07-2000,412.5,416.8269348144531,1227200,420.19232177734375,415.3846130371094,230.43125915527344
25-07-2000,411.5384521484375,415.3846130371094,1100814,416.8269348144531,412.01922607421875,228.56443786621094
26-07-2000,400.9615478515625,414.9038391113281,2179489,414.9038391113281,400.9615478515625,222.43002319335938
27-07-2000,401.9230651855469,404.80767822265625,1792258,408.1730651855469,403.8461608886719,224.03033447265625
28-07-2000,387.5,403.8461608886719,1742871,404.80767822265625,391.8269348144531,217.36273193359375
31-07-2000,395.6730651855469,397.1153869628906,2235246,406.73077392578125,397.5961608886719,220.56326293945312
01-08-2000,398.55767822265625,399.51922607421875,1690377,406.73077392578125,405.76922607421875,225.0971221923828
02-08-2000,396.1538391113281,403.3653869628906,2007941,406.25,400.0,221.89674377441406
03-08-2000,399.0384521484375,414.4230651855469,1681602,414.4230651855469,406.73077392578125,225.63063049316406
04-08-2000,393.75,399.0384521484375,1181505,411.5384521484375,410.5769348144531,227.7642059326172
07-08-2000,400.9615478515625,400.9615478515625,1004861,412.5,404.80767822265625,224.56373596191406
08-08-2000,400.0,408.1730651855469,1145066,413.94232177734375,413.4615478515625,229.36436462402344
09-08-2000,412.5,414.4230651855469,2786901,432.2115478515625,430.2884521484375,238.6989288330078
10-08-2000,426.9230651855469,429.80767822265625,2371421,439.9038391113281,438.4615478515625,243.23292541503906
11-08-2000,428.8461608886719,431.73077392578125,1574443,441.3461608886719,435.0961608886719,241.36610412597656
14-08-2000,429.3269348144531,433.6538391113281,1013350,439.9038391113281,438.4615478515625,243.23292541503906
15-08-2000,432.2115478515625,436.5384521484375,1402986,441.3461608886719,440.3846130371094,244.2997589111328
16-08-2000,432.2115478515625,440.3846130371094,968721,440.3846130371094,437.01922607421875,242.43276977539062
17-08-2000,430.76922607421875,433.1730651855469,1342900,440.3846130371094,436.05767822265625,241.89950561523438
18-08-2000,428.8461608886719,432.2115478515625,1081574,434.6153869628906,432.2115478515625,239.76576232910156
21-08-2000,431.73077392578125,436.05767822265625,1015846,438.94232177734375,435.0961608886719,241.36610412597656
22-08-2000,431.25,435.5769348144531,1051375,437.98077392578125,432.69232177734375,240.03240966796875
23-08-2000,431.73077392578125,432.69232177734375,1470664,446.6346130371094,445.6730651855469,247.2333221435547
24-08-2000,444.23077392578125,446.6346130371094,1557569,458.1730651855469,453.3653869628906,251.50088500976562
25-08-2000,452.8846130371094,454.3269348144531,1052792,458.1730651855469,455.76922607421875,252.83424377441406
28-08-2000,457.2115478515625,457.69232177734375,1632280,465.3846130371094,461.5384521484375,256.0346984863281
29-08-2000,455.2884521484375,458.1730651855469,1069991,461.05767822265625,460.5769348144531,255.50135803222656
30-08-2000,439.4230651855469,454.80767822265625,1362712,456.25,442.30767822265625,245.36660766601562
31-08-2000,439.9038391113281,440.3846130371094,1547078,456.25,450.9615478515625,250.16732788085938
01-09-2000,444.7115478515625,455.76922607421875,1006330,459.1346130371094,450.0,249.6338653564453
05-09-2000,444.7115478515625,449.51922607421875,1210066,453.3653869628906,444.7115478515625,246.69998168945312
06-09-2000,450.0,453.3653869628906,1899235,455.76922607421875,453.8461608886719,251.76730346679688
07-09-2000,447.5961608886719,452.8846130371094,1044095,455.2884521484375,453.8461608886719,251.76730346679688
08-09-2000,448.0769348144531,452.4038391113281,1414322,461.5384521484375,460.5769348144531,255.50135803222656
11-09-2000,451.44232177734375,457.69232177734375,1531075,462.01922607421875,459.1346130371094,254.7010955810547
12-09-2000,453.3653869628906,457.69232177734375,1323400,459.6153869628906,454.3269348144531,252.0339813232422
13-09-2000,450.48077392578125,452.4038391113281,988624,458.6538391113281,454.3269348144531,252.0339813232422
14-09-2000,448.55767822265625,455.2884521484375,1030224,456.73077392578125,453.8461608886719,251.76730346679688
15-09-2000,433.6538391113281,450.0,2631746,450.9615478515625,436.5384521484375,242.1662139892578
18-09-2000,435.5769348144531,436.05767822265625,1666769,449.0384521484375,442.30767822265625,245.36660766601562
19-09-2000,435.5769348144531,442.7884521484375,1545492,445.6730651855469,438.4615478515625,243.23292541503906
20-09-2000,423.0769348144531,435.5769348144531,1847547,438.94232177734375,435.5769348144531,241.6327667236328
21-09-2000,427.4038391113281,427.8846130371094,1393821,445.19232177734375,432.69232177734375,240.03240966796875
22-09-2000,424.0384521484375,445.19232177734375,1852487,446.1538391113281,440.8653869628906,244.56640625
25-09-2000,437.5,438.4615478515625,1430416,448.55767822265625,446.6346130371094,247.76683044433594
26-09-2000,438.94232177734375,438.94232177734375,1825824,452.4038391113281,446.1538391113281,247.50022888183594
27-09-2000,444.7115478515625,447.5961608886719,1908686,457.69232177734375,457.2115478515625,253.63442993164062
28-09-2000,450.9615478515625,455.2884521484375,1451411,459.6153869628906,453.8461608886719,251.76730346679688
29-09-2000,443.75,449.0384521484375,1392235,452.8846130371094,444.7115478515625,247.27418518066406
02-10-2000,444.23077392578125,446.1538391113281,1546363,452.8846130371094,450.0,250.21478271484375
03-10-2000,450.0,450.9615478515625,1589835,460.5769348144531,454.3269348144531,252.62060546875
04-10-2000,450.9615478515625,452.8846130371094,1484496,459.6153869628906,452.8846130371094,251.81875610351562
05-10-2000,451.9230651855469,454.80767822265625,1531218,461.05767822265625,459.6153869628906,255.5612030029297
06-10-2000,444.7115478515625,457.69232177734375,1820715,461.05767822265625,457.2115478515625,254.22467041015625
09-10-2000,449.51922607421875,454.80767822265625,1259388,460.0961608886719,450.0,250.21478271484375
10-10-2000,442.7884521484375,451.9230651855469,1431014,455.2884521484375,446.6346130371094,248.3435516357422
11-10-2000,425.48077392578125,436.5384521484375,2406456,443.75,435.5769348144531,242.19517517089844
12-10-2000,415.3846130371094,435.0961608886719,2263170,439.4230651855469,419.23077392578125,233.1060791015625
13-10-2000,419.23077392578125,420.19232177734375,2021877,443.26922607421875,438.4615478515625,243.79908752441406
16-10-2000,435.5769348144531,438.4615478515625,1689246,445.19232177734375,444.23077392578125,247.00698852539062
17-10-2000,422.5961608886719,443.75,2191280,443.75,427.8846130371094,237.91795349121094
18-10-2000,406.73077392578125,413.4615478515625,2393963,429.3269348144531,426.9230651855469,237.38339233398438
19-10-2000,421.1538391113281,426.9230651855469,1714570,430.2884521484375,427.8846130371094,237.91795349121094
20-10-2000,397.1153869628906,421.1538391113281,2340013,425.0,400.9615478515625,222.94778442382812
23-10-2000,376.9230651855469,397.1153869628906,9268909,400.0,382.69232177734375,212.78953552246094
24-10-2000,385.0961608886719,388.4615478515625,5979389,410.5769348144531,410.5769348144531,228.2942657470703
25-10-2000,400.9615478515625,410.5769348144531,3802812,414.4230651855469,407.2115478515625,226.42303466796875
26-10-2000,395.19232177734375,407.69232177734375,2427152,410.5769348144531,400.9615478515625,222.94778442382812
27-10-2000,398.55767822265625,405.2884521484375,2010320,409.1346130371094,401.9230651855469,223.4824676513672
30-10-2000,401.9230651855469,403.3653869628906,2370524,415.3846130371094,415.3846130371094,230.96746826171875
31-10-2000,413.94232177734375,416.3461608886719,2232373,422.5961608886719,421.6346130371094,234.44276428222656
01-11-2000,414.4230651855469,421.1538391113281,2067026,422.5961608886719,418.75,232.83872985839844
02-11-2000,411.5384521484375,417.30767822265625,1863966,423.0769348144531,412.98077392578125,229.63084411621094
03-11-2000,407.2115478515625,413.94232177734375,1568125,414.4230651855469,410.0961608886719,228.02691650390625
06-11-2000,410.0961608886719,412.01922607421875,1552811,419.7115478515625,419.23077392578125,233.1060791015625
07-11-2000,417.30767822265625,419.23077392578125,1258426,423.55767822265625,422.5961608886719,234.97740173339844
08-11-2000,416.3461608886719,422.1153869628906,1232738,425.0,419.7115478515625,233.37347412109375
09-11-2000,408.6538391113281,415.8653869628906,1598363,422.1153869628906,419.7115478515625,233.37347412109375
10-11-2000,409.6153869628906,413.4615478515625,1592851,422.5961608886719,414.4230651855469,230.43284606933594
13-11-2000,388.4615478515625,400.0,2399605,409.6153869628906,395.6730651855469,220.0072021484375
14-11-2000,394.23077392578125,395.6730651855469,1911975,408.6538391113281,405.76922607421875,225.6210174560547
15-11-2000,396.6346130371094,402.8846130371094,1577719,408.1730651855469,403.8461608886719,224.5516815185547
16-11-2000,400.48077392578125,401.9230651855469,1340716,412.01922607421875,404.80767822265625,225.08636474609375
17-11-2000,393.75,405.2884521484375,1558401,411.05767822265625,399.0384521484375,221.87847900390625
20-11-2000,383.6538391113281,394.23077392578125,1923337,399.51922607421875,385.0961608886719,214.1260986328125
21-11-2000,385.0961608886719,385.0961608886719,1585220,396.6346130371094,390.3846130371094,217.06671142578125
22-11-2000,372.1153869628906,384.6153869628906,2889055,385.0961608886719,373.55767822265625,207.7102813720703
24-11-2000,377.4038391113281,380.76922607421875,819390,383.1730651855469,379.80767822265625,211.1855926513672
27-11-2000,377.8846130371094,385.5769348144531,2091180,390.8653869628906,377.8846130371094,210.11622619628906
28-11-2000,375.0,377.8846130371094,1925599,388.2211608886719,383.1730651855469,213.05682373046875
29-11-2000,376.9230651855469,378.8461608886719,1656200,391.8269348144531,382.2115478515625,212.52224731445312
30-11-2000,368.75,378.8461608886719,2619383,385.0961608886719,381.25,211.9875030517578
01-12-2000,387.01922607421875,391.3461608886719,2366377,395.6730651855469,392.30767822265625,218.13595581054688
04-12-2000,390.8653869628906,392.30767822265625,1559155,399.0384521484375,397.1153869628906,220.8091583251953
05-12-2000,397.1153869628906,398.0769348144531,2598830,419.23077392578125,416.3461608886719,231.502197265625
06-12-2000,406.73077392578125,412.01922607421875,2064231,416.3461608886719,414.9038391113281,230.70022583007812
07-12-2000,408.6538391113281,408.6538391113281,1346696,416.3461608886719,411.5384521484375,228.82888793945312
08-12-2000,417.7884521484375,419.23077392578125,2191605,427.4038391113281,424.51922607421875,236.0467529296875
11-12-2000,418.26922607421875,424.51922607421875,2137850,432.2115478515625,425.48077392578125,236.58131408691406
12-12-2000,402.4038391113281,414.4230651855469,3291587,423.55767822265625,406.25,225.8883514404297
13-12-2000,405.76922607421875,406.25,2283242,412.5,407.69232177734375,226.69029235839844
14-12-2000,395.6730651855469,405.76922607421875,2047526,406.25,395.6730651855469,220.0072021484375
15-12-2000,378.8461608886719,387.5,4666948,394.23077392578125,383.1730651855469,213.05682373046875
18-12-2000,388.4615478515625,388.94232177734375,1812369,395.6730651855469,392.30767822265625,218.13595581054688
19-12-2000,385.5769348144531,392.30767822265625,1999114,395.6730651855469,385.5769348144531,214.3935089111328
20-12-2000,364.9038391113281,373.55767822265625,2634372,380.2884521484375,364.9038391113281,202.89859008789062
21-12-2000,362.98077392578125,365.8653869628906,2557841,373.0769348144531,368.26922607421875,204.76979064941406
22-12-2000,368.26922607421875,370.19232177734375,1520987,379.80767822265625,375.9615478515625,209.0469970703125
26-12-2000,369.7115478515625,374.0384521484375,1184794,380.2884521484375,379.3269348144531,210.91827392578125
27-12-2000,370.6730651855469,378.3653869628906,1590121,382.69232177734375,370.6730651855469,206.77735900878906
28-12-2000,366.3461608886719,376.44232177734375,1633060,378.3653869628906,372.5961608886719,207.8501739501953
29-12-2000,366.3461608886719,373.0769348144531,1427829,375.48077392578125,368.75,205.70460510253906
02-01-2001,327.8846130371094,359.6153869628906,4788901,360.5769348144531,336.5384521484375,187.73561096191406
03-01-2001,337.01922607421875,340.3846130371094,5096754,368.75,367.7884521484375,205.1681365966797
04-01-2001,362.5,363.94232177734375,3500432,375.0,369.7115478515625,206.24082946777344
05-01-2001,354.80767822265625,367.30767822265625,2962752,367.7884521484375,363.94232177734375,203.02256774902344
08-01-2001,343.26922607421875,363.4615478515625,3017417,363.4615478515625,350.48077392578125,195.51318359375
09-01-2001,336.5384521484375,353.3653869628906,2608580,355.76922607421875,343.26922607421875,191.4903106689453
10-01-2001,332.2115478515625,339.4230651855469,3224689,347.1153869628906,343.75,191.75851440429688
11-01-2001,348.0769348144531,350.9615478515625,3067883,361.5384521484375,358.1730651855469,199.80426025390625
12-01-2001,346.1538391113281,360.0961608886719,2184377,361.05767822265625,351.44232177734375,196.0496368408203
16-01-2001,350.9615478515625,351.44232177734375,2568605,365.8653869628906,364.4230651855469,203.29086303710938
17-01-2001,357.2115478515625,369.23077392578125,3173560,373.0769348144531,359.1346130371094,200.3406524658203
18-01-2001,358.6538391113281,364.4230651855469,2507739,369.7115478515625,366.3461608886719,204.36366271972656
19-01-2001,358.6538391113281,367.7884521484375,2516813,370.19232177734375,361.5384521484375,201.681640625
22-01-2001,349.51922607421875,360.5769348144531,2689947,364.4230651855469,351.9230651855469,196.31771850585938
23-01-2001,354.80767822265625,357.69232177734375,2745808,362.5,359.1346130371094,200.3406524658203
24-01-2001,352.4038391113281,357.69232177734375,2488863,362.98077392578125,356.25,198.7314910888672
25-01-2001,352.4038391113281,356.73077392578125,2705573,362.98077392578125,353.3653869628906,197.12234497070312
26-01-2001,342.7884521484375,357.2115478515625,3491605,360.0961608886719,343.26922607421875,191.4903106689453
29-01-2001,338.4615478515625,345.1538391113281,2993536,355.76922607421875,341.3846130371094,190.43898010253906
30-01-2001,341.69232177734375,344.30767822265625,2579603,355.9230651855469,355.76922607421875,198.46334838867188
31-01-2001,350.4615478515625,359.6153869628906,2774993,361.1538391113281,353.69232177734375,197.30477905273438
01-02-2001,353.0769348144531,357.69232177734375,2286297,359.4615478515625,355.6153869628906,198.37742614746094
02-02-2001,352.69232177734375,355.76922607421875,2085265,360.76922607421875,356.0,198.59205627441406
05-02-2001,354.23077392578125,356.76922607421875,2840110,370.0,368.0769348144531,205.32907104492188
06-02-2001,363.0769348144531,368.0769348144531,2075138,369.9230651855469,366.1538391113281,204.2562713623047
07-02-2001,358.6153869628906,366.69232177734375,1694043,367.69232177734375,361.1538391113281,201.46705627441406
08-02-2001,361.76922607421875,367.30767822265625,2302105,370.3846130371094,362.6153869628906,202.2825164794922
09-02-2001,349.1538391113281,362.6153869628906,2402231,362.69232177734375,351.23077392578125,195.93161010742188
12-02-2001,351.23077392578125,351.23077392578125,2333916,367.8461608886719,365.4615478515625,203.87005615234375
13-02-2001,362.5384521484375,366.6153869628906,1861873,369.1538391113281,362.76922607421875,202.36822509765625
14-02-2001,354.76922607421875,362.76922607421875,1721161,363.0,355.8461608886719,198.50628662109375
15-02-2001,355.0,356.1538391113281,3121508,370.0,369.0769348144531,205.88697814941406
16-02-2001,355.8461608886719,357.69232177734375,2199210,364.0769348144531,361.5384521484375,201.681640625
20-02-2001,362.8461608886719,363.0769348144531,2604199,371.6153869628906,366.8461608886719,204.6424560546875
21-02-2001,363.23077392578125,366.9230651855469,2404675,372.69232177734375,363.8461608886719,202.9690704345703
22-02-2001,354.30767822265625,364.23077392578125,2977169,365.3846130371094,362.30767822265625,202.11070251464844
23-02-2001,346.30767822265625,358.0769348144531,3037905,361.5384521484375,355.23077392578125,198.1629180908203
26-02-2001,355.3846130371094,361.5384521484375,2739568,369.30767822265625,369.0769348144531,205.88697814941406
27-02-2001,361.5384521484375,365.23077392578125,2935257,369.23077392578125,369.23077392578125,205.97286987304688
28-02-2001,350.76922607421875,369.23077392578125,3451942,371.0769348144531,357.69232177734375,199.53607177734375
01-03-2001,345.4615478515625,350.0,3114514,354.3846130371094,353.1538391113281,197.00439453125
02-03-2001,342.4615478515625,348.8461608886719,2857543,351.23077392578125,342.8461608886719,191.2542266845703
05-03-2001,343.0769348144531,344.23077392578125,2167347,348.9230651855469,346.76922607421875,194.13973999023438
06-03-2001,348.6153869628906,355.76922607421875,2039908,358.4615478515625,349.3846130371094,195.60398864746094
07-03-2001,349.76922607421875,349.76922607421875,1805635,355.8461608886719,353.69232177734375,198.01560974121094
08-03-2001,346.1538391113281,355.0,2154373,356.6153869628906,352.8461608886719,197.54183959960938
09-03-2001,334.23077392578125,348.0769348144531,2585869,349.0,337.0,188.6702880859375
12-03-2001,296.9230651855469,330.76922607421875,5942079,333.0769348144531,304.6153869628906,170.539794921875
13-03-2001,313.4615478515625,319.23077392578125,5582161,326.9230651855469,325.6153869628906,182.296630859375
14-03-2001,308.4615478515625,313.4615478515625,4606823,325.0,315.6153869628906,176.6981201171875
15-03-2001,313.0769348144531,319.23077392578125,3230201,321.9230651855469,316.0,176.91339111328125
16-03-2001,308.4615478515625,310.76922607421875,5830630,321.1538391113281,312.30767822265625,174.84625244140625
19-03-2001,308.8461608886719,313.0769348144531,2708134,320.1538391113281,316.1538391113281,176.99957275390625
20-03-2001,307.69232177734375,319.23077392578125,2902172,323.8461608886719,308.0769348144531,172.4777374267578
21-03-2001,299.0,308.0769348144531,3489304,312.30767822265625,300.0,167.95582580566406
22-03-2001,280.1538391113281,298.0769348144531,7272382,298.5384521484375,290.0,162.35728454589844
23-03-2001,293.4615478515625,298.0769348144531,5945758,307.6153869628906,307.6153869628906,172.2192840576172
26-03-2001,308.0769348144531,311.5384521484375,4048707,315.3846130371094,309.4615478515625,173.25283813476562
27-03-2001,311.9230651855469,313.4615478515625,4751799,324.9230651855469,322.3846130371094,180.4878692626953
28-03-2001,313.8461608886719,317.30767822265625,3492307,320.0,319.6153869628906,178.93751525878906
29-03-2001,313.0769348144531,317.69232177734375,3505411,319.0769348144531,318.4615478515625,178.29159545898438
30-03-2001,317.0769348144531,321.1538391113281,3825653,322.4615478515625,322.0,180.2725830078125
02-04-2001,314.4615478515625,319.3846130371094,3152292,328.0769348144531,321.5384521484375,180.01417541503906
03-04-2001,302.0,319.6153869628906,3067909,319.9230651855469,305.23077392578125,170.8842315673828
04-04-2001,300.30767822265625,304.23077392578125,3488069,314.6153869628906,304.6153869628906,170.539794921875
05-04-2001,312.30767822265625,315.3846130371094,3093311,325.0,323.8461608886719,181.30618286132812
06-04-2001,310.3846130371094,319.6153869628906,3204916,320.76922607421875,316.69232177734375,177.30104064941406
09-04-2001,317.0769348144531,318.76922607421875,2311569,326.1538391113281,323.0769348144531,180.87542724609375
10-04-2001,327.69232177734375,328.8461608886719,3394443,350.23077392578125,337.1538391113281,188.7565460205078
11-04-2001,328.8461608886719,341.5384521484375,2619227,342.30767822265625,332.8461608886719,186.3448028564453
12-04-2001,332.4615478515625,335.0,2244489,343.8461608886719,343.8461608886719,192.50326538085938
16-04-2001,337.76922607421875,342.5384521484375,1836926,344.23077392578125,343.4615478515625,192.28793334960938
17-04-2001,338.3846130371094,339.23077392578125,2665962,349.9230651855469,349.69232177734375,195.77627563476562
18-04-2001,350.1538391113281,352.9230651855469,4737135,368.9230651855469,368.3846130371094,206.24107360839844
19-04-2001,364.0769348144531,365.3846130371094,2868060,373.4615478515625,373.1538391113281,208.9112091064453
20-04-2001,365.3846130371094,373.1538391113281,3025230,373.1538391113281,370.0,207.1455078125
23-04-2001,360.6153869628906,367.30767822265625,2107547,367.3846130371094,363.0769348144531,203.26959228515625
24-04-2001,353.0,361.5384521484375,2419885,367.69232177734375,353.76922607421875,198.05862426757812
25-04-2001,356.9230651855469,359.23077392578125,2321514,372.9230651855469,367.76922607421875,205.89654541015625
26-04-2001,373.0,376.5384521484375,2735759,379.9230651855469,379.23077392578125,212.31344604492188
27-04-2001,371.4615478515625,379.23077392578125,2038569,384.23077392578125,384.23077392578125,215.1126251220703
30-04-2001,369.30767822265625,384.5384521484375,2372370,384.69232177734375,373.30767822265625,208.99732971191406
01-05-2001,367.69232177734375,369.6153869628906,1698762,376.5384521484375,376.23077392578125,210.6337890625
02-05-2001,370.1538391113281,377.1538391113281,2355548,380.30767822265625,377.69232177734375,211.4519805908203
03-05-2001,369.30767822265625,377.69232177734375,2400775,377.76922607421875,373.0769348144531,208.8681182861328
04-05-2001,365.4615478515625,366.1538391113281,2380651,384.4615478515625,384.0769348144531,215.02651977539062
07-05-2001,380.6153869628906,384.0769348144531,1914887,384.6153869628906,384.30767822265625,215.15576171875
08-05-2001,374.69232177734375,384.30767822265625,1967641,384.6153869628906,380.6153869628906,213.08853149414062
09-05-2001,375.0769348144531,376.9230651855469,3002896,387.69232177734375,380.23077392578125,212.87327575683594
10-05-2001,380.0769348144531,385.76922607421875,1763827,386.1538391113281,383.30767822265625,214.59580993652344
11-05-2001,373.1538391113281,383.3846130371094,1543542,384.6153869628906,377.0,211.0644989013672
14-05-2001,375.30767822265625,377.0,1426386,384.5384521484375,382.5384521484375,214.16519165039062
15-05-2001,379.23077392578125,382.5384521484375,2318472,387.3846130371094,385.76922607421875,215.97396850585938
16-05-2001,381.9230651855469,384.5384521484375,3182478,401.9230651855469,401.6153869628906,224.845458984375
17-05-2001,397.69232177734375,400.0,2529072,404.8461608886719,400.8461608886719,224.414794921875
18-05-2001,399.5384521484375,400.8461608886719,2249260,407.6153869628906,407.6153869628906,228.20455932617188
21-05-2001,405.3846130371094,407.6153869628906,2371798,411.9230651855469,410.76922607421875,229.97023010253906
22-05-2001,397.69232177734375,408.8461608886719,2259257,409.9230651855469,405.23077392578125,226.8694305419922
23-05-2001,393.76922607421875,403.4615478515625,2079870,406.3846130371094,395.0,221.14181518554688
24-05-2001,390.3846130371094,394.23077392578125,1699698,399.4615478515625,395.3846130371094,221.35719299316406
25-05-2001,381.1538391113281,393.8461608886719,2032758,393.8461608886719,384.23077392578125,215.1126251220703
29-05-2001,381.9230651855469,387.6153869628906,1692288,388.8461608886719,382.0769348144531,213.90673828125
30-05-2001,376.9230651855469,382.0769348144531,2027922,385.0,377.0769348144531,211.10752868652344
31-05-2001,375.0,378.0769348144531,1740388,381.9230651855469,376.9230651855469,211.0214080810547
01-06-2001,369.23077392578125,376.8461608886719,1749722,380.0769348144531,376.9230651855469,211.0214080810547
04-06-2001,376.23077392578125,377.69232177734375,1794091,381.69232177734375,380.3846130371094,212.95933532714844
05-06-2001,374.0,378.4615478515625,1980264,379.6153869628906,378.30767822265625,211.796630859375
06-06-2001,372.3846130371094,376.9230651855469,1822301,379.1538391113281,375.0,209.94479370117188
07-06-2001,370.5384521484375,375.0,1449318,376.76922607421875,376.23077392578125,210.6337890625
08-06-2001,367.6153869628906,375.69232177734375,2184754,375.69232177734375,370.30767822265625,207.31781005859375
11-06-2001,363.23077392578125,368.0769348144531,2324335,376.5384521484375,364.6153869628906,204.13079833984375
12-06-2001,355.8461608886719,364.6153869628906,4884464,379.0,375.1538391113281,210.03086853027344
13-06-2001,366.9230651855469,370.0,4303676,379.1538391113281,368.0769348144531,206.0688934326172
14-06-2001,368.0769348144531,375.1538391113281,7816653,386.23077392578125,375.8461608886719,210.41851806640625
15-06-2001,369.23077392578125,371.5384521484375,5688397,379.6153869628906,375.4615478515625,210.20314025878906
18-06-2001,373.3846130371094,376.9230651855469,2613390,382.4615478515625,376.9230651855469,211.0214080810547
19-06-2001,375.0,383.0769348144531,2936466,384.4615478515625,375.9230651855469,210.46156311035156
20-06-2001,373.6153869628906,374.6153869628906,3900338,391.1538391113281,390.5384521484375,218.64395141601562
21-06-2001,387.5384521484375,387.69232177734375,4156009,403.23077392578125,394.23077392578125,220.71116638183594
22-06-2001,393.0,393.0769348144531,3199872,403.30767822265625,398.9230651855469,223.3382568359375
25-06-2001,385.76922607421875,397.69232177734375,3522181,404.69232177734375,386.5384521484375,216.40452575683594
26-06-2001,375.23077392578125,376.9230651855469,4004572,384.3846130371094,375.30767822265625,210.11703491210938
27-06-2001,367.23077392578125,374.6153869628906,3511430,377.69232177734375,371.23077392578125,207.8345489501953
28-06-2001,364.5384521484375,367.30767822265625,3064750,380.3846130371094,375.9230651855469,210.46156311035156
29-06-2001,372.9230651855469,376.9230651855469,6849739,393.0,376.9230651855469,211.0214080810547
02-07-2001,376.0,376.30767822265625,3013777,386.1538391113281,386.1538391113281,216.18923950195312
03-07-2001,378.9230651855469,380.76922607421875,2284126,383.8461608886719,380.8461608886719,213.21774291992188
05-07-2001,372.30767822265625,375.3846130371094,2530151,380.0,372.8461608886719,209.415771484375
06-07-2001,358.4615478515625,370.76922607421875,3047395,371.0,360.69232177734375,202.58929443359375
09-07-2001,356.1538391113281,360.76922607421875,2099994,362.5384521484375,360.3846130371094,202.41644287109375
10-07-2001,351.4615478515625,359.6153869628906,2472990,363.3846130371094,352.0,197.70704650878906
11-07-2001,340.76922607421875,352.30767822265625,3527888,353.3846130371094,343.1538391113281,192.73841857910156
12-07-2001,345.3846130371094,353.0769348144531,2785575,363.0769348144531,361.5384521484375,203.064453125
13-07-2001,354.9230651855469,358.4615478515625,2290574,367.30767822265625,365.0,205.00875854492188
16-07-2001,352.1538391113281,362.69232177734375,1787734,365.3846130371094,355.5384521484375,199.69451904296875
17-07-2001,349.23077392578125,351.9230651855469,2373293,357.8461608886719,354.69232177734375,199.21922302246094
18-07-2001,349.23077392578125,350.76922607421875,2203838,355.76922607421875,355.0,199.39205932617188
19-07-2001,354.0769348144531,356.1538391113281,1674530,365.0,357.5384521484375,200.8178253173828
20-07-2001,355.23077392578125,359.23077392578125,1559870,361.1538391113281,358.69232177734375,201.46592712402344
23-07-2001,347.69232177734375,357.69232177734375,1976416,358.6153869628906,348.4615478515625,195.71971130371094
24-07-2001,332.69232177734375,349.23077392578125,3420469,350.3846130371094,338.4615478515625,190.1029052734375
25-07-2001,331.9230651855469,341.5384521484375,3259815,345.4615478515625,336.9230651855469,189.2388153076172
26-07-2001,332.69232177734375,338.0769348144531,3069768,339.23077392578125,336.5384521484375,189.02279663085938
27-07-2001,337.30767822265625,339.6153869628906,2140736,345.0,343.4615478515625,192.91136169433594
30-07-2001,333.8461608886719,342.69232177734375,2170012,345.3846130371094,335.3846130371094,188.37469482421875
31-07-2001,330.69232177734375,333.4615478515625,3218943,340.3846130371094,334.6153869628906,187.94265747070312
01-08-2001,326.1538391113281,330.76922607421875,3032211,334.8461608886719,329.23077392578125,184.91835021972656
02-08-2001,323.8461608886719,331.5384521484375,3181737,332.1538391113281,324.6153869628906,182.3259735107422
03-08-2001,322.30767822265625,325.3846130371094,1985724,329.23077392578125,328.8461608886719,184.70230102539062
06-08-2001,317.5384521484375,326.1538391113281,2767219,327.0,318.3846130371094,178.8263397216797
07-08-2001,317.3846130371094,318.8461608886719,3032783,329.6153869628906,329.0,184.78866577148438
08-08-2001,319.23077392578125,325.76922607421875,1897038,326.9230651855469,320.3846130371094,179.94972229003906
09-08-2001,317.69232177734375,320.3846130371094,1931150,325.0,322.30767822265625,181.0299072265625
10-08-2001,318.3846130371094,323.0769348144531,1735968,329.30767822265625,327.4615478515625,183.9246368408203
13-08-2001,323.23077392578125,326.9230651855469,1845441,331.6153869628906,324.8461608886719,182.4556121826172
14-08-2001,320.76922607421875,327.69232177734375,1632774,328.8461608886719,321.9230651855469,180.8137969970703
15-08-2001,320.8461608886719,323.0769348144531,1942980,325.4615478515625,321.3846130371094,180.5113983154297
16-08-2001,315.3846130371094,319.4615478515625,2220725,322.30767822265625,320.0,179.73365783691406
17-08-2001,310.3846130371094,317.69232177734375,2037828,318.4615478515625,313.8461608886719,176.27725219726562
20-08-2001,310.8461608886719,315.3846130371094,1661127,322.30767822265625,319.4615478515625,179.43125915527344
21-08-2001,310.76922607421875,319.3846130371094,1809431,321.76922607421875,311.30767822265625,174.85150146484375
22-08-2001,309.9230651855469,311.9230651855469,2058693,317.69232177734375,314.23077392578125,176.49325561523438
23-08-2001,312.3846130371094,314.6153869628906,1365936,317.76922607421875,315.69232177734375,177.314208984375
24-08-2001,315.4615478515625,316.1538391113281,1767558,325.0769348144531,323.0,181.4187469482422
27-08-2001,320.3846130371094,323.0769348144531,1861639,327.3846130371094,324.3846130371094,182.19635009765625
28-08-2001,316.5384521484375,325.0,1655407,325.3846130371094,317.1538391113281,178.1351318359375
29-08-2001,312.3846130371094,320.3846130371094,1546948,320.3846130371094,312.3846130371094,175.45645141601562
30-08-2001,306.4615478515625,313.0769348144531,2868021,319.23077392578125,309.23077392578125,173.68496704101562
31-08-2001,308.23077392578125,308.8461608886719,2243761,316.9230651855469,314.6153869628906,176.7093963623047
04-09-2001,310.3846130371094,314.6153869628906,2403206,324.3846130371094,314.0769348144531,176.40692138671875
05-09-2001,311.5384521484375,315.23077392578125,2621385,323.0,320.76922607421875,180.16571044921875
06-09-2001,310.8461608886719,317.69232177734375,2394613,319.3846130371094,311.5384521484375,174.98106384277344
07-09-2001,302.6153869628906,307.69232177734375,3143790,310.0,305.0769348144531,171.35189819335938
10-09-2001,299.6153869628906,300.0769348144531,3132350,308.9230651855469,302.69232177734375,170.01251220703125
17-09-2001,265.3846130371094,273.0769348144531,9287772,286.1538391113281,270.3846130371094,151.86631774902344
18-09-2001,258.1538391113281,270.76922607421875,5994391,278.4615478515625,260.3846130371094,146.2496337890625
19-09-2001,238.46153259277344,264.6153869628906,7365904,266.5384521484375,250.0,140.41697692871094
20-09-2001,233.61538696289062,240.76922607421875,6067932,242.53846740722656,233.61538696289062,131.2142791748047
21-09-2001,219.23077392578125,223.07691955566406,11165557,250.07691955566406,240.76922607421875,135.23236083984375
24-09-2001,251.92308044433594,259.6153869628906,9226672,272.8461608886719,270.76922607421875,152.08236694335938
25-09-2001,266.69232177734375,270.8461608886719,5726175,277.9230651855469,273.0769348144531,153.3784637451172
26-09-2001,269.23077392578125,276.9230651855469,3443492,276.9230651855469,272.9230651855469,153.98609924316406
27-09-2001,269.3846130371094,273.8461608886719,2729987,276.9230651855469,276.5384521484375,156.0259552001953
28-09-2001,277.0769348144531,279.23077392578125,4221230,286.9230651855469,286.1538391113281,161.45106506347656
01-10-2001,285.0,286.9230651855469,3214172,290.4615478515625,289.5384521484375,163.36070251464844
02-10-2001,282.23077392578125,288.8461608886719,2907359,293.1538391113281,292.69232177734375,165.14015197753906
03-10-2001,287.69232177734375,289.6153869628906,3334266,295.9230651855469,293.4615478515625,165.57415771484375
04-10-2001,285.3846130371094,295.76922607421875,3461939,297.69232177734375,287.6153869628906,162.27569580078125
05-10-2001,278.5384521484375,287.6153869628906,2970799,289.9230651855469,288.0769348144531,162.53610229492188
08-10-2001,278.8461608886719,282.69232177734375,2046161,286.5384521484375,283.0769348144531,159.71505737304688
09-10-2001,280.0769348144531,283.0769348144531,1842659,285.9230651855469,283.23077392578125,159.80181884765625
10-10-2001,280.8461608886719,283.1538391113281,2339233,293.3846130371094,291.6153869628906,164.53256225585938
11-10-2001,294.6153869628906,295.3846130371094,3211247,303.76922607421875,299.6153869628906,169.04620361328125
12-10-2001,288.5384521484375,299.5384521484375,2875132,301.0769348144531,300.0,169.2632598876953
15-10-2001,292.76922607421875,296.5384521484375,1673555,300.6153869628906,298.9230651855469,168.6555938720703
16-10-2001,293.0769348144531,298.9230651855469,2157636,301.9230651855469,295.9230651855469,166.9629669189453
17-10-2001,284.76922607421875,298.0769348144531,2819635,298.1538391113281,285.76922607421875,161.23406982421875
18-10-2001,283.4615478515625,285.3846130371094,1969734,288.4615478515625,286.5384521484375,161.66812133789062
19-10-2001,281.0769348144531,284.6153869628906,2128451,287.69232177734375,286.5384521484375,161.66812133789062
22-10-2001,284.69232177734375,285.76922607421875,2115360,290.76922607421875,289.30767822265625,163.2305450439453
23-10-2001,284.0,292.30767822265625,1977274,292.69232177734375,286.69232177734375,161.75494384765625
24-10-2001,283.8461608886719,286.76922607421875,2081196,291.5384521484375,285.23077392578125,160.93031311035156
25-10-2001,277.23077392578125,283.4615478515625,2926313,292.0,291.30767822265625,164.35890197753906
26-10-2001,289.23077392578125,294.1538391113281,2420483,299.8461608886719,299.0769348144531,168.74240112304688
29-10-2001,287.30767822265625,297.30767822265625,1838616,298.0769348144531,287.9230651855469,162.44923400878906
30-10-2001,279.3846130371094,282.69232177734375,1985906,284.4615478515625,279.5384521484375,157.71859741210938
31-10-2001,278.8461608886719,281.5384521484375,2070952,285.76922607421875,280.0769348144531,158.0223846435547
01-11-2001,277.30767822265625,278.8461608886719,2417116,294.0769348144531,291.6153869628906,164.53256225585938
02-11-2001,285.23077392578125,289.23077392578125,1816022,295.3846130371094,292.0,164.7495574951172
05-11-2001,295.69232177734375,296.9230651855469,1970904,300.76922607421875,298.23077392578125,168.2650146484375
06-11-2001,295.76922607421875,298.23077392578125,2184052,307.5384521484375,306.1538391113281,172.7352294921875
07-11-2001,300.69232177734375,305.0,1986894,307.3846130371094,302.69232177734375,170.7822265625
08-11-2001,303.4615478515625,304.23077392578125,2606175,311.30767822265625,310.3846130371094,175.122314453125
09-11-2001,306.4615478515625,309.9230651855469,1533935,311.3846130371094,310.8461608886719,175.38270568847656
12-11-2001,297.0,306.9230651855469,2585856,308.8461608886719,303.30767822265625,171.12945556640625
13-11-2001,306.1538391113281,307.69232177734375,2293473,312.23077392578125,312.0,176.03372192382812
14-11-2001,311.6153869628906,315.0,1851642,318.4615478515625,314.4615478515625,177.4225616455078
15-11-2001,313.8461608886719,314.4615478515625,2202603,320.0,319.6153869628906,180.3303985595703
16-11-2001,309.69232177734375,319.6153869628906,2248259,319.6153869628906,314.23077392578125,177.29238891601562
19-11-2001,313.0769348144531,316.5384521484375,1844674,319.8461608886719,317.30767822265625,179.0284423828125
20-11-2001,313.8461608886719,316.9230651855469,1864057,321.30767822265625,316.1538391113281,178.37741088867188
21-11-2001,308.9230651855469,315.3846130371094,1562847,316.9230651855469,311.1538391113281,175.556396484375
23-11-2001,311.9230651855469,312.69232177734375,681980,316.5384521484375,315.5384521484375,178.03024291992188
26-11-2001,315.3846130371094,318.8461608886719,1638949,320.9230651855469,317.8461608886719,179.3321990966797
27-11-2001,312.5384521484375,316.9230651855469,1824511,321.3846130371094,315.9230651855469,178.2471466064453
28-11-2001,301.0769348144531,309.6153869628906,3090698,315.3846130371094,302.69232177734375,170.7822265625
29-11-2001,301.0769348144531,302.69232177734375,2000778,306.0769348144531,305.6153869628906,172.4315185546875
30-11-2001,295.76922607421875,305.6153869628906,3067350,306.76922607421875,296.1538391113281,167.0932159423828
03-12-2001,281.6153869628906,295.3846130371094,4382781,295.3846130371094,284.0,160.23582458496094
04-12-2001,284.6153869628906,290.3846130371094,3792997,293.9230651855469,287.30767822265625,162.10206604003906
05-12-2001,285.4615478515625,289.23077392578125,4575155,294.30767822265625,288.8461608886719,162.9700927734375
06-12-2001,288.8461608886719,291.5384521484375,2517788,295.30767822265625,290.3846130371094,163.8381805419922
07-12-2001,285.0,290.4615478515625,2128620,290.4615478515625,285.76922607421875,161.23406982421875
10-12-2001,281.9230651855469,286.1538391113281,2697110,293.4615478515625,283.0769348144531,159.71505737304688
11-12-2001,280.30767822265625,287.30767822265625,2693431,288.4615478515625,283.0,159.671630859375
12-12-2001,278.5384521484375,288.0769348144531,2941809,288.1538391113281,285.0,160.80010986328125
13-12-2001,281.1538391113281,283.4615478515625,3393403,291.5384521484375,285.0,160.80010986328125
14-12-2001,280.3846130371094,285.0,3395496,292.23077392578125,289.6153869628906,163.4040985107422
17-12-2001,290.0,290.76922607421875,3473067,298.8461608886719,294.6153869628906,166.2251434326172
18-12-2001,302.69232177734375,305.76922607421875,4292119,308.4615478515625,305.5384521484375,172.38803100585938
19-12-2001,303.8461608886719,305.3846130371094,3549702,315.23077392578125,313.69232177734375,176.9886016845703
20-12-2001,312.5384521484375,313.8461608886719,2425319,316.6153869628906,314.1538391113281,177.2489471435547
21-12-2001,315.0,316.1538391113281,3987815,318.3846130371094,318.0769348144531,179.46237182617188
24-12-2001,315.3846130371094,318.0769348144531,724074,318.3846130371094,316.8461608886719,178.76800537109375
26-12-2001,311.9230651855469,314.6153869628906,1944176,317.5384521484375,311.9230651855469,175.99034118652344
27-12-2001,310.1538391113281,311.5384521484375,1674621,315.0,315.0,178.5187530517578
28-12-2001,310.9230651855469,313.6153869628906,1770834,316.30767822265625,313.30767822265625,177.5597686767578
31-12-2001,307.9230651855469,311.9230651855469,1824004,313.8461608886719,308.30767822265625,174.72610473632812
02-01-2002,308.0769348144531,310.0,2300129,315.0,315.0,178.5187530517578
03-01-2002,308.8461608886719,311.1538391113281,2274675,314.76922607421875,312.3846130371094,177.0365753173828
04-01-2002,309.8461608886719,313.8461608886719,2580903,318.0,315.0,178.5187530517578
07-01-2002,300.76922607421875,312.69232177734375,3578497,314.23077392578125,302.76922607421875,171.5872802734375
08-01-2002,296.9230651855469,305.0,3136653,307.76922607421875,299.6153869628906,169.79994201660156
09-01-2002,293.76922607421875,297.69232177734375,2624999,304.6153869628906,296.5384521484375,168.05613708496094
10-01-2002,295.3846130371094,296.5384521484375,1915940,299.23077392578125,297.0,168.31776428222656
11-01-2002,293.5384521484375,300.76922607421875,2184286,301.1538391113281,294.0769348144531,166.66111755371094
14-01-2002,290.6153869628906,293.8461608886719,2708225,295.76922607421875,291.5384521484375,165.22259521484375
15-01-2002,289.0,290.76922607421875,3386149,299.9230651855469,297.76922607421875,168.75372314453125
16-01-2002,290.0769348144531,295.3846130371094,2976337,296.0769348144531,290.1538391113281,164.43789672851562
17-01-2002,294.6153869628906,299.23077392578125,2932852,299.30767822265625,298.0769348144531,168.92803955078125
18-01-2002,294.23077392578125,295.69232177734375,2344836,299.23077392578125,297.5384521484375,168.62289428710938
22-01-2002,294.0769348144531,303.4615478515625,2232308,303.4615478515625,294.6153869628906,166.96640014648438
23-01-2002,288.3846130371094,294.6153869628906,2925234,294.69232177734375,289.6153869628906,164.1326904296875
24-01-2002,287.23077392578125,293.0769348144531,2520011,296.8461608886719,288.8461608886719,163.6967010498047
25-01-2002,289.30767822265625,292.30767822265625,2048358,295.23077392578125,294.30767822265625,166.79193115234375
28-01-2002,290.4615478515625,296.9230651855469,1815151,297.0769348144531,293.4615478515625,166.31240844726562
29-01-2002,278.6153869628906,292.30767822265625,4722809,294.0,280.4615478515625,158.94497680664062
30-01-2002,265.30767822265625,280.0,8104941,286.9230651855469,283.69232177734375,160.77590942382812
31-01-2002,273.0769348144531,284.6153869628906,4031690,286.3846130371094,285.76922607421875,161.95289611816406
01-02-2002,279.9230651855469,283.8461608886719,2670824,284.6153869628906,283.4615478515625,160.6450958251953
04-02-2002,267.0769348144531,276.1538391113281,5166304,276.1538391113281,269.23077392578125,152.58016967773438
05-02-2002,269.9230651855469,270.0,5768880,281.30767822265625,278.5384521484375,157.85508728027344
06-02-2002,276.4615478515625,279.6153869628906,4317183,285.30767822265625,284.30767822265625,161.12466430664062
07-02-2002,281.1538391113281,284.69232177734375,3114033,291.0769348144531,286.1538391113281,162.17091369628906
08-02-2002,278.69232177734375,287.69232177734375,2952807,290.3846130371094,286.5384521484375,162.3888702392578
11-02-2002,285.0,286.5384521484375,2049931,291.5384521484375,290.76922607421875,164.78663635253906
12-02-2002,284.23077392578125,288.4615478515625,2122835,289.23077392578125,288.4615478515625,163.4788360595703
13-02-2002,288.4615478515625,290.0,2438709,295.1538391113281,293.0769348144531,166.0944061279297
14-02-2002,288.76922607421875,293.0769348144531,2648763,298.8461608886719,292.30767822265625,165.65847778320312
15-02-2002,284.76922607421875,292.30767822265625,2874222,292.30767822265625,285.4615478515625,161.77857971191406
19-02-2002,279.3846130371094,283.8461608886719,2203279,284.6153869628906,280.0,158.68341064453125
20-02-2002,278.0769348144531,281.0,2861053,290.3846130371094,289.0,163.7838592529297
21-02-2002,287.5384521484375,292.1538391113281,3592810,295.8461608886719,288.6153869628906,163.56591796875
22-02-2002,285.23077392578125,288.6153869628906,2542670,295.23077392578125,293.0,166.0508575439453
25-02-2002,292.30767822265625,292.69232177734375,3175991,302.1538391113281,301.5384521484375,170.88978576660156
26-02-2002,296.1538391113281,301.5384521484375,2441920,301.9230651855469,298.0769348144531,168.92803955078125
27-02-2002,296.1538391113281,301.9230651855469,3002103,303.69232177734375,298.0769348144531,169.71644592285156
28-02-2002,295.8461608886719,301.9230651855469,3041675,305.0,296.1538391113281,168.62149047851562
01-03-2002,297.69232177734375,300.76922607421875,2615327,303.4615478515625,303.4615478515625,172.78225708007812
04-03-2002,303.6153869628906,306.1538391113281,4196608,309.6153869628906,309.23077392578125,176.0671844482422
05-03-2002,306.1538391113281,307.30767822265625,3093155,313.8461608886719,311.5384521484375,177.3810577392578
06-03-2002,310.76922607421875,311.5384521484375,3202719,320.5384521484375,319.6153869628906,181.9797821044922
07-03-2002,310.76922607421875,321.1538391113281,3176446,321.5384521484375,315.0,179.35186767578125
08-03-2002,309.5384521484375,319.23077392578125,3653195,321.8461608886719,312.30767822265625,177.8190155029297
11-03-2002,314.30767822265625,315.3846130371094,3047447,318.23077392578125,316.5384521484375,180.22787475585938
12-03-2002,310.23077392578125,311.5384521484375,2569788,319.4615478515625,316.1538391113281,180.00892639160156
13-03-2002,307.0769348144531,313.4615478515625,3064724,313.5384521484375,307.69232177734375,175.19114685058594
14-03-2002,307.69232177734375,309.6153869628906,1919281,311.9230651855469,310.8461608886719,176.98683166503906
15-03-2002,307.0,311.9230651855469,4302766,314.6153869628906,309.1538391113281,176.0232696533203
18-03-2002,305.6153869628906,309.6153869628906,2599792,311.9230651855469,306.9230651855469,174.75314331054688
19-03-2002,304.5384521484375,307.69232177734375,2323152,308.4615478515625,306.9230651855469,174.75314331054688
20-03-2002,296.1538391113281,305.69232177734375,3574545,308.76922607421875,298.4615478515625,169.93540954589844
21-03-2002,283.30767822265625,294.6153869628906,6539429,296.9230651855469,288.0769348144531,164.0226593017578
22-03-2002,284.8461608886719,288.6153869628906,3978221,292.23077392578125,291.30767822265625,165.86219787597656
25-03-2002,284.6153869628906,293.23077392578125,3197909,294.0769348144531,284.9230651855469,162.22706604003906
26-03-2002,284.6153869628906,285.3846130371094,2601365,290.9230651855469,287.0,163.40957641601562
27-03-2002,285.0,286.69232177734375,2551484,292.8461608886719,288.0769348144531,164.0226593017578
28-03-2002,286.4615478515625,290.0,2432222,291.8461608886719,287.69232177734375,163.80369567871094
01-04-2002,281.5384521484375,285.0,2799641,288.0769348144531,286.9230651855469,163.36575317382812
02-04-2002,282.30767822265625,286.1538391113281,2263391,286.1538391113281,285.3846130371094,162.48989868164062
03-04-2002,276.9230651855469,285.3846130371094,2485275,286.30767822265625,282.69232177734375,160.95689392089844
04-04-2002,281.8461608886719,282.69232177734375,2668848,287.30767822265625,286.9230651855469,163.36575317382812
05-04-2002,282.8461608886719,289.23077392578125,1927146,290.76922607421875,285.3846130371094,162.48989868164062
08-04-2002,279.8461608886719,280.76922607421875,2231242,283.76922607421875,283.5384521484375,161.4386444091797
09-04-2002,278.9230651855469,283.0769348144531,2230943,284.23077392578125,280.3846130371094,159.64297485351562
10-04-2002,280.0,281.0,2948387,287.3846130371094,286.1538391113281,162.92776489257812
11-04-2002,257.69232177734375,282.30767822265625,10383607,282.8461608886719,259.6153869628906,147.81752014160156
12-04-2002,253.84616088867188,265.0,6464146,265.0,258.0769348144531,146.9415283203125
15-04-2002,243.38461303710938,254.61538696289062,8911695,255.76922607421875,245.0,139.4958953857422
16-04-2002,247.61538696289062,250.0,5802511,256.6153869628906,254.61538696289062,144.9706573486328
17-04-2002,255.46153259277344,257.69232177734375,3854357,261.3846130371094,258.8461608886719,147.37960815429688
18-04-2002,253.84616088867188,258.9230651855469,3541291,261.69232177734375,260.0,148.0364990234375
19-04-2002,257.8461608886719,262.69232177734375,2558556,262.69232177734375,259.23077392578125,147.59854125976562
22-04-2002,252.3076934814453,258.0769348144531,2574793,258.0769348144531,252.76922607421875,143.9194793701172
23-04-2002,251.15383911132812,257.69232177734375,2533076,261.3846130371094,252.3076934814453,143.6567840576172
24-04-2002,249.07691955566406,252.6923065185547,2826681,255.07691955566406,250.0,142.3427276611328
25-04-2002,244.76922607421875,248.07691955566406,3597386,255.3076934814453,246.53846740722656,140.37185668945312
26-04-2002,242.15383911132812,252.3076934814453,3013842,252.3076934814453,242.3076934814453,137.96304321289062
29-04-2002,236.0,244.23077392578125,2941081,245.23077392578125,237.3076934814453,135.11627197265625
30-04-2002,231.92308044433594,236.92308044433594,5238974,245.38461303710938,242.6923065185547,138.18203735351562
01-05-2002,236.53846740722656,244.23077392578125,3353415,245.07691955566406,243.84616088867188,138.83905029296875
02-05-2002,238.92308044433594,243.46153259277344,2546297,245.0,243.07691955566406,138.40101623535156
03-05-2002,236.46153259277344,240.76922607421875,2574949,243.84616088867188,243.84616088867188,138.83905029296875
06-05-2002,237.61538696289062,242.6923065185547,3031548,246.53846740722656,238.23077392578125,135.6417236328125
07-05-2002,234.6923065185547,238.46153259277344,2681510,241.23077392578125,235.76922607421875,134.2401885986328
08-05-2002,240.76922607421875,241.15383911132812,4403919,254.0,252.6923065185547,143.87574768066406
09-05-2002,241.07691955566406,250.0,4279483,250.15383911132812,242.23077392578125,137.9192657470703
10-05-2002,235.46153259277344,244.23077392578125,3413449,244.23077392578125,235.76922607421875,134.2401885986328
13-05-2002,233.84616088867188,235.0,2929355,238.84616088867188,237.3076934814453,135.11627197265625
14-05-2002,237.6923065185547,242.6923065185547,3857373,243.53846740722656,242.92308044433594,138.31344604492188
15-05-2002,237.76922607421875,241.92308044433594,3851991,243.84616088867188,237.92308044433594,135.466552734375
16-05-2002,239.53846740722656,241.15383911132812,3054610,246.15383911132812,246.15383911132812,140.15284729003906
17-05-2002,248.07691955566406,249.23077392578125,4247633,257.30767822265625,257.30767822265625,146.5036163330078
20-05-2002,249.84616088867188,253.84616088867188,2640092,253.92308044433594,250.76922607421875,142.78074645996094
21-05-2002,246.15383911132812,253.07691955566406,2582346,255.38461303710938,247.3076934814453,140.80987548828125
22-05-2002,242.3076934814453,246.15383911132812,2458833,247.61538696289062,245.53846740722656,139.80255126953125
23-05-2002,244.76922607421875,246.92308044433594,2347605,253.46153259277344,253.46153259277344,144.31373596191406
24-05-2002,249.84616088867188,253.46153259277344,1843868,253.84616088867188,250.76922607421875,142.78074645996094
28-05-2002,245.07691955566406,251.92308044433594,1855906,252.61538696289062,246.53846740722656,140.37185668945312
29-05-2002,240.84616088867188,245.0,2178449,248.38461303710938,241.53846740722656,137.5250701904297
30-05-2002,236.53846740722656,237.6923065185547,2707679,241.53846740722656,240.0,136.6491241455078
31-05-2002,238.46153259277344,240.0,2589782,243.6923065185547,239.53846740722656,136.38632202148438
03-06-2002,230.38461303710938,239.53846740722656,3759652,239.61538696289062,231.61538696289062,131.8751220703125
04-06-2002,229.15383911132812,230.76922607421875,4330976,233.92308044433594,231.15383911132812,131.61233520507812
05-06-2002,229.3076934814453,232.6923065185547,3103490,234.3076934814453,231.92308044433594,132.05032348632812
06-06-2002,223.92308044433594,233.07691955566406,2779296,233.07691955566406,225.38461303710938,128.32749938964844
07-06-2002,218.46153259277344,218.46153259277344,4105270,232.6923065185547,232.3076934814453,132.26931762695312
10-06-2002,228.84616088867188,231.92308044433594,2709395,233.84616088867188,230.38461303710938,131.17442321777344
11-06-2002,225.76922607421875,231.53846740722656,2899520,234.23077392578125,226.15383911132812,128.76548767089844
12-06-2002,225.76922607421875,226.15383911132812,3657225,233.92308044433594,233.46153259277344,132.92628479003906
13-06-2002,228.76922607421875,230.76922607421875,2708095,234.23077392578125,229.61538696289062,130.73641967773438
14-06-2002,222.15383911132812,226.92308044433594,4439279,229.23077392578125,228.46153259277344,130.0794677734375
17-06-2002,229.84616088867188,230.76922607421875,2767934,235.76922607421875,234.6923065185547,133.62704467773438
18-06-2002,232.61538696289062,233.84616088867188,2833740,241.53846740722656,239.61538696289062,136.43011474609375
19-06-2002,233.07691955566406,236.15383911132812,2719743,241.23077392578125,233.46153259277344,132.92628479003906
20-06-2002,227.6923065185547,232.6923065185547,2699047,234.92308044433594,228.46153259277344,130.0794677734375
21-06-2002,221.15383911132812,224.23077392578125,5097534,228.46153259277344,222.6923065185547,126.79462432861328
24-06-2002,216.15383911132812,219.61538696289062,4834115,230.76922607421875,227.6923065185547,129.64146423339844
25-06-2002,220.76922607421875,230.38461303710938,3870022,232.23077392578125,222.3076934814453,126.57553100585938
26-06-2002,210.92308044433594,211.53846740722656,5850052,230.07691955566406,226.92308044433594,130.0132598876953
27-06-2002,221.07691955566406,228.46153259277344,4321005,230.76922607421875,230.0,131.77613830566406
28-06-2002,223.23077392578125,230.0,4220502,232.6923065185547,223.46153259277344,128.0299530029297
01-07-2002,217.3076934814453,223.53846740722656,3505632,227.23077392578125,218.84616088867188,125.38565063476562
02-07-2002,210.84616088867188,216.53846740722656,4101227,219.3076934814453,216.15383911132812,123.84312438964844
03-07-2002,206.92308044433594,209.61538696289062,3961711,215.0,214.61538696289062,122.9616928100586
05-07-2002,219.23077392578125,221.15383911132812,2503540,228.84616088867188,228.38461303710938,130.85060119628906
08-07-2002,223.6923065185547,228.46153259277344,2648906,230.15383911132812,226.38461303710938,129.7047119140625
09-07-2002,217.23077392578125,226.15383911132812,3208894,228.6923065185547,217.6923065185547,124.72453308105469
10-07-2002,208.07691955566406,218.46153259277344,4354220,221.15383911132812,208.07691955566406,119.21552276611328
11-07-2002,203.07691955566406,206.15383911132812,6694896,214.23077392578125,210.38461303710938,120.53763580322266
12-07-2002,208.84616088867188,216.15383911132812,6255652,230.23077392578125,220.0,126.04670715332031
15-07-2002,194.23077392578125,219.07691955566406,4875897,219.38461303710938,217.3076934814453,124.50416564941406
16-07-2002,210.15383911132812,210.15383911132812,4658537,216.53846740722656,211.92308044433594,121.4191665649414
17-07-2002,211.15383911132812,218.46153259277344,4977271,219.15383911132812,217.3076934814453,124.50416564941406
18-07-2002,211.61538696289062,215.76922607421875,3636399,220.3076934814453,213.07691955566406,122.08026123046875
19-07-2002,201.92308044433594,208.46153259277344,4694196,213.07691955566406,204.0,116.87971496582031
22-07-2002,194.92308044433594,203.84616088867188,5779969,206.84616088867188,197.38461303710938,113.08943176269531
23-07-2002,188.23077392578125,199.84616088867188,6318013,201.15383911132812,190.76922607421875,109.29926300048828
24-07-2002,177.07691955566406,186.07691955566406,8111285,205.76922607421875,204.07691955566406,116.92376708984375
25-07-2002,198.84616088867188,204.61538696289062,5181748,209.23077392578125,205.0,117.45262908935547
26-07-2002,203.76922607421875,208.07691955566406,4652570,214.46153259277344,213.84616088867188,122.52096557617188
29-07-2002,221.84616088867188,222.23077392578125,5872334,234.23077392578125,234.23077392578125,134.20013427734375
30-07-2002,228.0,230.76922607421875,5655286,244.3076934814453,243.07691955566406,139.26841735839844
31-07-2002,232.61538696289062,243.07691955566406,5873907,247.6923065185547,247.6923065185547,141.91273498535156
01-08-2002,240.38461303710938,246.92308044433594,4284527,248.38461303710938,241.53846740722656,138.38697814941406
02-08-2002,223.76922607421875,237.3076934814453,5002491,240.3076934814453,226.92308044433594,130.0132598876953
05-08-2002,217.46153259277344,225.76922607421875,3564652,228.38461303710938,217.6923065185547,124.72453308105469
06-08-2002,224.61538696289062,225.0,4702256,235.38461303710938,228.07691955566406,130.67430114746094
07-08-2002,227.3076934814453,234.38461303710938,3700918,237.38461303710938,236.53846740722656,135.52223205566406
08-08-2002,235.46153259277344,236.92308044433594,4313699,247.6923065185547,245.76922607421875,140.81101989746094
09-08-2002,240.3076934814453,242.3076934814453,3529175,250.38461303710938,249.23077392578125,142.794189453125
12-08-2002,241.92308044433594,244.3076934814453,2705898,249.23077392578125,248.07691955566406,142.13314819335938
13-08-2002,236.92308044433594,244.61538696289062,3415971,247.92308044433594,238.07691955566406,136.40374755859375
14-08-2002,229.23077392578125,236.53846740722656,4849403,247.3076934814453,245.38461303710938,140.59063720703125
15-08-2002,239.84616088867188,245.38461303710938,3755570,249.3076934814453,248.38461303710938,142.3094024658203
16-08-2002,240.0,246.15383911132812,2839044,248.46153259277344,242.6923065185547,139.04803466796875
19-08-2002,242.3076934814453,242.6923065185547,3128749,253.0,253.0,144.95376586914062
20-08-2002,245.38461303710938,251.15383911132812,2647541,251.84616088867188,248.07691955566406,142.13314819335938
21-08-2002,245.07691955566406,251.15383911132812,2780427,253.0,248.46153259277344,142.35345458984375
22-08-2002,247.15383911132812,249.23077392578125,2674789,253.6923065185547,251.53846740722656,144.1164093017578
23-08-2002,246.07691955566406,248.07691955566406,2151123,249.3076934814453,248.07691955566406,142.13314819335938
26-08-2002,240.6923065185547,248.84616088867188,2392637,249.23077392578125,246.6923065185547,141.33982849121094
27-08-2002,243.6923065185547,250.0,2637466,251.92308044433594,245.76922607421875,140.81101989746094
28-08-2002,238.53846740722656,243.07691955566406,2262078,244.61538696289062,240.76922607421875,137.94631958007812
29-08-2002,231.15383911132812,234.61538696289062,3325699,235.92308044433594,233.46153259277344,133.75938415527344
30-08-2002,230.61538696289062,232.3076934814453,2618798,236.0,231.92308044433594,132.8779296875
03-09-2002,218.76922607421875,226.92308044433594,3920748,227.07691955566406,218.92308044433594,125.42967224121094
04-09-2002,217.53846740722656,220.0,3454633,223.0,220.76922607421875,126.48747253417969
05-09-2002,214.92308044433594,217.6923065185547,3252951,221.84616088867188,215.38461303710938,123.40239715576172
06-09-2002,217.3076934814453,221.92308044433594,2353286,222.3076934814453,217.6923065185547,124.72453308105469
09-09-2002,214.92308044433594,216.53846740722656,2257398,224.07691955566406,221.38461303710938,126.84002685546875
10-09-2002,220.23077392578125,224.61538696289062,2646930,227.6923065185547,223.6923065185547,128.1621551513672
11-09-2002,222.3076934814453,225.84616088867188,1939808,228.46153259277344,223.07691955566406,127.80960845947266
12-09-2002,214.23077392578125,221.15383911132812,2632604,221.6923065185547,215.38461303710938,123.40239715576172
13-09-2002,207.3076934814453,212.6923065185547,4718181,213.46153259277344,208.07691955566406,119.21552276611328
16-09-2002,208.07691955566406,208.46153259277344,2438956,215.23077392578125,214.61538696289062,122.9616928100586
17-09-2002,211.61538696289062,222.61538696289062,3256552,222.61538696289062,213.07691955566406,122.08026123046875
18-09-2002,206.92308044433594,209.23077392578125,3368625,214.61538696289062,210.38461303710938,120.53763580322266
19-09-2002,204.23077392578125,205.76922607421875,2910349,209.61538696289062,204.23077392578125,117.01197052001953
20-09-2002,200.15383911132812,204.3076934814453,5322447,206.92308044433594,205.76922607421875,117.89335632324219
23-09-2002,199.46153259277344,202.6923065185547,2783729,205.53846740722656,203.07691955566406,116.35084533691406
24-09-2002,196.53846740722656,197.3076934814453,3808714,203.07691955566406,199.23077392578125,114.1472396850586
25-09-2002,201.0,207.6923065185547,4237766,209.07691955566406,207.6923065185547,119.8279800415039
26-09-2002,198.38461303710938,211.53846740722656,7356466,215.46153259277344,203.0,117.12077331542969
27-09-2002,187.23077392578125,194.23077392578125,7154732,194.61538696289062,188.23077392578125,108.59962463378906
30-09-2002,180.84616088867188,184.61538696289062,6478732,191.15383911132812,189.61538696289062,109.39846801757812
01-10-2002,189.23077392578125,190.38461303710938,5215431,201.53846740722656,201.53846740722656,116.27749633789062
02-10-2002,186.07691955566406,198.07691955566406,3904693,199.76922607421875,190.76922607421875,110.06420135498047
03-10-2002,188.92308044433594,191.15383911132812,3863093,199.07691955566406,189.38461303710938,109.26532745361328
04-10-2002,184.61538696289062,194.23077392578125,4004234,194.61538696289062,184.6923065185547,106.5581283569336
07-10-2002,175.6923065185547,184.76922607421875,5014503,188.15383911132812,176.53846740722656,101.85375213623047
08-10-2002,173.0,178.84616088867188,5497115,183.84616088867188,179.61538696289062,103.62901306152344
09-10-2002,168.46153259277344,173.46153259277344,6272240,173.53846740722656,169.23077392578125,97.63756561279297
10-10-2002,164.61538696289062,166.53846740722656,7876011,173.84616088867188,173.84616088867188,100.30046081542969
11-10-2002,180.3076934814453,184.46153259277344,7796074,191.61538696289062,186.23077392578125,107.44571685791016
14-10-2002,183.76922607421875,186.15383911132812,3239886,190.38461303710938,187.3076934814453,108.06705474853516
15-10-2002,194.61538696289062,196.15383911132812,5726799,202.07691955566406,201.53846740722656,116.27749633789062
16-10-2002,193.76922607421875,198.84616088867188,3577041,200.46153259277344,196.92308044433594,113.6146240234375
17-10-2002,203.07691955566406,206.92308044433594,3357874,207.3076934814453,206.84616088867188,119.3397445678711
18-10-2002,200.6923065185547,204.61538696289062,2789254,206.84616088867188,205.0,118.27461242675781
21-10-2002,201.53846740722656,201.53846740722656,2993380,209.3076934814453,208.84616088867188,120.49364471435547
22-10-2002,203.84616088867188,207.76922607421875,2783521,208.23077392578125,208.23077392578125,120.13858032226562
23-10-2002,200.76922607421875,207.3076934814453,3461939,207.6923065185547,206.92308044433594,119.3841323852539
24-10-2002,197.3076934814453,208.46153259277344,4224116,209.23077392578125,200.0,115.38985443115234
25-10-2002,198.23077392578125,198.46153259277344,3077906,203.46153259277344,201.84616088867188,116.45504760742188
28-10-2002,200.3076934814453,206.53846740722656,2991274,206.92308044433594,201.92308044433594,116.49938201904297
29-10-2002,193.84616088867188,201.53846740722656,2942043,202.0,198.84616088867188,114.72420501708984
30-10-2002,191.53846740722656,197.3076934814453,4353986,198.46153259277344,193.46153259277344,111.61752319335938
31-10-2002,192.61538696289062,193.84616088867188,3485846,197.3076934814453,194.23077392578125,112.061279296875
01-11-2002,192.0,194.46153259277344,2956096,200.0,200.0,115.38985443115234
04-11-2002,201.61538696289062,203.84616088867188,3265353,207.61538696289062,203.84616088867188,117.6089096069336
05-11-2002,200.38461303710938,203.07691955566406,2406391,204.61538696289062,203.84616088867188,117.6089096069336
06-11-2002,199.61538696289062,206.92308044433594,3523403,207.53846740722656,204.61538696289062,118.052734375
07-11-2002,198.07691955566406,204.6923065185547,2980783,204.6923065185547,200.84616088867188,115.87810516357422
08-11-2002,189.46153259277344,198.84616088867188,4005183,200.0,193.07691955566406,111.39563751220703
11-11-2002,184.92308044433594,190.38461303710938,3282526,191.92308044433594,186.23077392578125,107.44571685791016
12-11-2002,182.6923065185547,186.92308044433594,4199845,188.84616088867188,183.46153259277344,105.8480453491211
13-11-2002,180.46153259277344,183.84616088867188,3619265,186.92308044433594,185.3076934814453,106.91316223144531
14-11-2002,187.38461303710938,189.23077392578125,3425773,191.46153259277344,188.46153259277344,108.73274230957031
15-11-2002,180.6923065185547,180.76922607421875,4665674,184.76922607421875,183.53846740722656,105.89241027832031
18-11-2002,181.53846740722656,184.76922607421875,3654001,189.38461303710938,181.53846740722656,104.7385482788086
19-11-2002,178.46153259277344,179.23077392578125,3978442,184.61538696289062,183.84616088867188,106.06990814208984
20-11-2002,182.76922607421875,183.07691955566406,4328779,190.76922607421875,190.76922607421875,110.06420135498047
21-11-2002,190.76922607421875,190.76922607421875,8346715,206.84616088867188,206.53846740722656,119.16221618652344
22-11-2002,202.61538696289062,204.61538696289062,3571425,205.76922607421875,203.46153259277344,117.38703155517578
25-11-2002,201.23077392578125,201.53846740722656,3310138,207.23077392578125,206.15383911132812,118.94036865234375
26-11-2002,202.07691955566406,203.84616088867188,3254498,206.07691955566406,202.6923065185547,116.94319915771484
27-11-2002,204.61538696289062,205.0,3020628,210.76922607421875,208.84616088867188,120.49364471435547
29-11-2002,207.76922607421875,210.0,1595542,210.6923065185547,208.61538696289062,120.36048889160156
02-12-2002,207.07691955566406,215.23077392578125,2875067,215.23077392578125,209.23077392578125,120.71554565429688
03-12-2002,204.15383911132812,209.15383911132812,2552017,209.15383911132812,205.76922607421875,118.71844482421875
04-12-2002,203.3076934814453,203.84616088867188,3205943,209.23077392578125,204.0,117.69766998291016
05-12-2002,198.07691955566406,205.76922607421875,2367651,207.0,198.46153259277344,114.50222778320312
06-12-2002,193.92308044433594,194.23077392578125,2290054,200.76922607421875,200.38461303710938,115.61176300048828
09-12-2002,195.84616088867188,197.3076934814453,2314845,201.38461303710938,196.15383911132812,113.17083740234375
10-12-2002,196.23077392578125,197.84616088867188,2223507,200.0,199.46153259277344,115.0792236328125
11-12-2002,196.53846740722656,198.07691955566406,2628314,205.53846740722656,201.07691955566406,116.01124572753906
12-12-2002,197.53846740722656,200.76922607421875,2013739,202.15383911132812,199.23077392578125,114.94612121582031
13-12-2002,194.23077392578125,199.3076934814453,2646566,199.3076934814453,196.15383911132812,113.17083740234375
16-12-2002,197.15383911132812,197.3076934814453,2738866,203.3076934814453,203.3076934814453,117.29830169677734
17-12-2002,198.46153259277344,203.3076934814453,2497430,203.3076934814453,200.0,115.38985443115234
18-12-2002,195.92308044433594,199.23077392578125,2415751,204.92308044433594,197.38461303710938,113.88096618652344
19-12-2002,193.07691955566406,195.76922607421875,2724787,198.84616088867188,195.38461303710938,112.72703552246094
20-12-2002,196.53846740722656,198.84616088867188,4150393,200.0,199.61538696289062,115.16795349121094
23-12-2002,195.92308044433594,197.3076934814453,2649634,200.0,197.92308044433594,114.19159698486328
24-12-2002,194.61538696289062,195.38461303710938,975416,197.15383911132812,194.84616088867188,112.41638946533203
26-12-2002,193.84616088867188,196.6923065185547,1960140,199.84616088867188,194.61538696289062,112.283203125
27-12-2002,188.76922607421875,193.84616088867188,2418026,194.61538696289062,190.0,110.44986724853516
30-12-2002,186.15383911132812,188.6923065185547,2867098,190.38461303710938,188.46153259277344,109.55552673339844
31-12-2002,185.38461303710938,187.3076934814453,2753777,189.15383911132812,187.3076934814453,108.88472747802734
02-01-2003,188.84616088867188,189.61538696289062,2835768,196.92308044433594,196.0,113.93781280517578
03-01-2003,192.38461303710938,195.0,1953341,196.0,195.38461303710938,113.58003234863281
06-01-2003,195.0,195.38461303710938,2449850,201.53846740722656,200.38461303710938,116.48653411865234
07-01-2003,198.07691955566406,199.92308044433594,2834741,202.0,199.23077392578125,115.81583404541016
08-01-2003,195.07691955566406,198.84616088867188,2805894,199.61538696289062,196.15383911132812,114.0272216796875
09-01-2003,197.15383911132812,198.07691955566406,2518282,199.61538696289062,199.23077392578125,115.81583404541016
10-01-2003,196.15383911132812,196.53846740722656,2416778,199.84616088867188,197.3076934814453,114.69792938232422
13-01-2003,196.23077392578125,198.07691955566406,2541708,199.84616088867188,197.23077392578125,114.6532211303711
14-01-2003,195.53846740722656,197.6923065185547,2385916,198.76922607421875,197.76922607421875,114.96622467041016
15-01-2003,193.6923065185547,199.46153259277344,2673320,199.53846740722656,193.76922607421875,112.64093780517578
16-01-2003,190.38461303710938,196.15383911132812,3181477,199.23077392578125,192.53846740722656,111.92554473876953
17-01-2003,186.92308044433594,190.76922607421875,3288077,196.61538696289062,191.38461303710938,111.25474548339844
21-01-2003,184.53846740722656,191.46153259277344,2795013,192.53846740722656,185.07691955566406,107.5880126953125
22-01-2003,180.84616088867188,185.0,3230396,185.15383911132812,181.15383911132812,105.30745697021484
23-01-2003,181.6923065185547,181.92308044433594,2857361,186.38461303710938,184.23077392578125,107.09610748291016
24-01-2003,177.0,183.07691955566406,3096106,184.23077392578125,177.38461303710938,103.11632537841797
27-01-2003,174.84616088867188,177.3076934814453,3699787,182.76922607421875,177.3076934814453,103.07160949707031
28-01-2003,177.15383911132812,181.53846740722656,2934230,181.53846740722656,178.07691955566406,103.51874542236328
29-01-2003,173.15383911132812,175.38461303710938,3311529,178.6923065185547,177.15383911132812,102.98218536376953
30-01-2003,173.23077392578125,177.23077392578125,2814422,178.07691955566406,173.46153259277344,100.83578491210938
31-01-2003,172.6923065185547,173.07691955566406,3411096,178.84616088867188,178.0,103.47405242919922
03-02-2003,178.84616088867188,179.61538696289062,2772588,182.6923065185547,181.92308044433594,105.75457763671875
04-02-2003,175.92308044433594,178.07691955566406,3181529,178.6923065185547,177.3076934814453,103.07160949707031
05-02-2003,175.76922607421875,178.46153259277344,2599857,181.6923065185547,176.92308044433594,102.84806060791016
06-02-2003,173.84616088867188,176.15383911132812,2547220,177.46153259277344,176.07691955566406,102.35617065429688
07-02-2003,172.76922607421875,176.92308044433594,2966873,177.6923065185547,174.61538696289062,101.50654602050781
10-02-2003,171.0,173.92308044433594,3062865,174.61538696289062,174.07691955566406,101.19351196289062
11-02-2003,172.3076934814453,174.23077392578125,2846779,175.53846740722656,173.07691955566406,100.6122055053711
12-02-2003,171.07691955566406,173.07691955566406,2368483,174.46153259277344,171.15383911132812,99.49425506591797
13-02-2003,163.84616088867188,171.38461303710938,2945839,171.53846740722656,170.53846740722656,99.13655090332031
14-02-2003,167.84616088867188,169.84616088867188,3428295,172.92308044433594,172.92308044433594,100.52281188964844
18-02-2003,173.38461303710938,173.38461303710938,2735512,177.38461303710938,176.23077392578125,102.44561767578125
19-02-2003,174.6923065185547,176.3076934814453,2474940,179.61538696289062,179.61538696289062,104.41316223144531
20-02-2003,178.0,179.23077392578125,3087825,180.6923065185547,179.61538696289062,104.41316223144531
21-02-2003,177.92308044433594,180.38461303710938,3253770,184.6923065185547,183.07691955566406,106.42532348632812
24-02-2003,180.15383911132812,184.23077392578125,3066089,186.15383911132812,180.15383911132812,104.72613525390625
25-02-2003,176.15383911132812,178.07691955566406,3231449,185.0,184.46153259277344,107.23026275634766
26-02-2003,179.53846740722656,183.46153259277344,2450916,184.38461303710938,179.76922607421875,105.337158203125
27-02-2003,179.46153259277344,180.53846740722656,3225443,185.0,183.84616088867188,107.7260513305664
28-02-2003,182.61538696289062,183.84616088867188,2906540,186.07691955566406,185.0,108.40217590332031
03-03-2003,183.07691955566406,186.15383911132812,2733029,188.46153259277344,183.84616088867188,107.7260513305664
04-03-2003,179.07691955566406,182.53846740722656,2168413,183.07691955566406,180.0,105.47240447998047
05-03-2003,178.76922607421875,178.84616088867188,2751879,183.84616088867188,183.07691955566406,107.27527618408203
06-03-2003,180.76922607421875,181.53846740722656,2679781,185.07691955566406,184.23077392578125,107.951416015625
07-03-2003,180.0,180.76922607421875,3720743,187.6923065185547,186.92308044433594,109.52902221679688
10-03-2003,181.53846740722656,183.84616088867188,2618473,185.23077392578125,181.53846740722656,106.37389373779297
11-03-2003,179.53846740722656,182.07691955566406,2795780,184.38461303710938,179.61538696289062,105.24705505371094
12-03-2003,178.15383911132812,178.61538696289062,2982213,183.07691955566406,183.07691955566406,107.27527618408203
13-03-2003,186.15383911132812,186.15383911132812,5010265,194.07691955566406,193.92308044433594,113.6307373046875
14-03-2003,191.92308044433594,194.23077392578125,3890237,197.46153259277344,197.3076934814453,115.61397552490234
17-03-2003,190.38461303710938,192.3076934814453,4492475,203.07691955566406,202.07691955566406,118.408447265625
18-03-2003,199.61538696289062,202.3076934814453,3267680,203.46153259277344,203.07691955566406,118.99446105957031
19-03-2003,200.92308044433594,203.0,3238677,207.84616088867188,207.53846740722656,121.60874938964844
20-03-2003,203.3076934814453,206.61538696289062,3235726,207.3076934814453,206.53846740722656,121.02284240722656
21-03-2003,208.46153259277344,209.53846740722656,5187715,215.38461303710938,215.38461303710938,126.2063217163086
24-03-2003,203.92308044433594,206.53846740722656,3616886,215.0,205.61538696289062,120.4819107055664
25-03-2003,203.07691955566406,205.61538696289062,2876393,209.07691955566406,207.53846740722656,121.60874938964844
26-03-2003,204.0,207.53846740722656,2808364,208.3076934814453,204.61538696289062,119.89595031738281
27-03-2003,199.53846740722656,200.38461303710938,2721901,204.07691955566406,203.38461303710938,119.17479705810547
28-03-2003,200.15383911132812,201.92308044433594,2113358,203.3076934814453,200.23077392578125,117.32672882080078
31-03-2003,194.76922607421875,195.76922607421875,3181282,203.84616088867188,196.15383911132812,114.93789672851562
01-04-2003,196.15383911132812,196.53846740722656,2780908,202.46153259277344,201.0,117.77752685546875
02-04-2003,205.53846740722656,207.3076934814453,3571854,209.76922607421875,208.07691955566406,121.92425537109375
03-04-2003,204.61538696289062,209.84616088867188,3676127,214.61538696289062,211.92308044433594,124.17796325683594
04-04-2003,210.23077392578125,212.07691955566406,2247544,213.76922607421875,212.53846740722656,124.5385513305664
07-04-2003,213.3076934814453,218.0,3559712,220.6923065185547,213.53846740722656,125.12452697753906
08-04-2003,213.84616088867188,215.0,2334215,217.3076934814453,215.84616088867188,126.47673797607422
09-04-2003,208.84616088867188,214.46153259277344,3319407,215.76922607421875,210.0,123.05110168457031
10-04-2003,206.92308044433594,209.92308044433594,2168244,210.6923065185547,210.61538696289062,123.4117202758789
11-04-2003,210.38461303710938,212.92308044433594,2334748,214.84616088867188,212.6923065185547,124.62870025634766
14-04-2003,209.76922607421875,210.6923065185547,2089347,213.76922607421875,213.53846740722656,125.12452697753906
15-04-2003,213.38461303710938,214.61538696289062,2651675,217.84616088867188,217.6923065185547,127.55844116210938
16-04-2003,213.76922607421875,217.6923065185547,2152371,219.46153259277344,214.07691955566406,125.43998718261719
17-04-2003,213.6923065185547,214.15383911132812,2092909,219.23077392578125,219.15383911132812,128.41488647460938
21-04-2003,211.3076934814453,219.0,1664143,219.46153259277344,216.61538696289062,126.92748260498047
22-04-2003,215.76922607421875,216.15383911132812,2685566,223.0,223.0,130.66854858398438
23-04-2003,221.76922607421875,223.0,2674490,226.92308044433594,226.07691955566406,132.47146606445312
24-04-2003,221.23077392578125,223.07691955566406,2312388,225.3076934814453,223.84616088867188,131.1643524169922
25-04-2003,221.46153259277344,223.61538696289062,2504073,224.61538696289062,223.92308044433594,131.20948791503906
28-04-2003,221.15383911132812,221.15383911132812,2608112,229.07691955566406,227.07691955566406,133.05746459960938
29-04-2003,224.23077392578125,228.3076934814453,2711514,228.61538696289062,226.15383911132812,132.51654052734375
30-04-2003,224.23077392578125,225.23077392578125,2878980,227.6923065185547,226.53846740722656,132.7419891357422
01-05-2003,218.23077392578125,226.53846740722656,2649478,226.53846740722656,223.84616088867188,131.1643524169922
02-05-2003,221.3076934814453,221.53846740722656,2652572,225.07691955566406,223.6923065185547,131.07415771484375
05-05-2003,220.92308044433594,223.38461303710938,2249039,224.61538696289062,221.76922607421875,129.94740295410156
06-05-2003,221.46153259277344,221.46153259277344,2398240,225.6923065185547,224.0,131.25450134277344
07-05-2003,221.0,224.76922607421875,2435368,224.76922607421875,221.92308044433594,130.0375213623047
08-05-2003,218.3076934814453,220.76922607421875,1964222,222.76922607421875,219.0,128.32472229003906
09-05-2003,216.0,220.0,1946334,223.76922607421875,223.07691955566406,130.71360778808594
12-05-2003,221.15383911132812,222.15383911132812,2084862,223.61538696289062,222.84616088867188,130.5784149169922
13-05-2003,217.84616088867188,221.15383911132812,2468427,223.23077392578125,219.61538696289062,128.68536376953125
14-05-2003,218.46153259277344,222.15383911132812,2071914,222.15383911132812,220.07691955566406,128.9557342529297
15-05-2003,218.07691955566406,220.76922607421875,2089763,222.53846740722656,219.07691955566406,128.3698272705078
16-05-2003,214.23077392578125,218.46153259277344,3423589,219.38461303710938,214.23077392578125,125.53018188476562
19-05-2003,211.23077392578125,212.6923065185547,2442349,213.61538696289062,211.92308044433594,124.17796325683594
20-05-2003,210.38461303710938,213.38461303710938,2217306,215.3076934814453,213.3076934814453,124.9892578125
21-05-2003,210.76922607421875,211.0,2155907,213.46153259277344,212.3076934814453,124.40335845947266
22-05-2003,212.23077392578125,213.07691955566406,2282085,214.53846740722656,213.3076934814453,124.9892578125
23-05-2003,212.3076934814453,213.3076934814453,1621165,214.6923065185547,212.61538696289062,124.5836181640625
27-05-2003,210.92308044433594,211.53846740722656,2924545,219.38461303710938,217.76922607421875,127.60353088378906
28-05-2003,216.38461303710938,219.61538696289062,2396303,219.76922607421875,217.46153259277344,127.42324829101562
29-05-2003,214.07691955566406,217.46153259277344,2510482,222.6923065185547,217.3076934814453,127.33313751220703
30-05-2003,217.38461303710938,218.46153259277344,3071796,221.38461303710938,220.76922607421875,129.36143493652344
02-06-2003,221.6923065185547,226.3076934814453,2729688,226.3076934814453,223.07691955566406,130.71360778808594
03-06-2003,221.15383911132812,223.07691955566406,1923467,224.07691955566406,223.46153259277344,130.93896484375
04-06-2003,222.84616088867188,223.6923065185547,2245685,226.6923065185547,225.84616088867188,132.3362579345703
05-06-2003,223.07691955566406,225.61538696289062,2552875,229.61538696289062,229.07691955566406,134.2294158935547
06-06-2003,229.6923065185547,232.38461303710938,3712592,234.76922607421875,233.07691955566406,136.5731964111328
09-06-2003,231.07691955566406,231.15383911132812,2139241,233.38461303710938,231.84616088867188,135.85203552246094
10-06-2003,232.23077392578125,233.07691955566406,2009527,235.3076934814453,235.3076934814453,137.88037109375
11-06-2003,234.23077392578125,235.3076934814453,2198105,239.38461303710938,238.3076934814453,139.63818359375
12-06-2003,235.84616088867188,239.15383911132812,2202642,240.0,239.0,140.0438232421875
13-06-2003,232.07691955566406,238.46153259277344,2160626,239.07691955566406,235.76922607421875,138.1507568359375
16-06-2003,236.61538696289062,237.3076934814453,2436629,241.15383911132812,241.07691955566406,141.2609405517578
17-06-2003,239.76922607421875,241.6923065185547,2502591,243.53846740722656,240.0,140.62985229492188
18-06-2003,236.15383911132812,239.3076934814453,2504788,240.92308044433594,236.38461303710938,138.51138305664062
19-06-2003,227.76922607421875,232.76922607421875,4538131,233.61538696289062,229.6923065185547,134.58993530273438
20-06-2003,229.3076934814453,232.3076934814453,4910776,233.15383911132812,230.84616088867188,135.26608276367188
23-06-2003,228.84616088867188,230.46153259277344,2198534,232.76922607421875,229.76922607421875,134.6350555419922
24-06-2003,229.38461303710938,229.76922607421875,2071927,231.38461303710938,230.23077392578125,134.90553283691406
25-06-2003,224.92308044433594,229.53846740722656,2502396,231.3076934814453,225.07691955566406,131.8855438232422
26-06-2003,222.76922607421875,223.46153259277344,2205398,227.15383911132812,224.23077392578125,132.24847412109375
27-06-2003,219.46153259277344,224.61538696289062,2313233,230.46153259277344,220.15383911132812,129.843994140625
30-06-2003,219.61538696289062,220.92308044433594,2022553,223.0,220.61538696289062,130.11619567871094
01-07-2003,216.0,219.07691955566406,2708576,221.53846740722656,220.23077392578125,129.88938903808594
02-07-2003,218.61538696289062,221.6923065185547,2836535,222.15383911132812,220.07691955566406,129.798583984375
03-07-2003,218.53846740722656,220.15383911132812,1598311,221.53846740722656,219.61538696289062,129.5263671875
07-07-2003,222.07691955566406,222.53846740722656,2548741,226.92308044433594,225.15383911132812,132.7929229736328
08-07-2003,220.38461303710938,225.15383911132812,2971813,225.15383911132812,221.61538696289062,130.70599365234375
09-07-2003,217.76922607421875,221.92308044433594,3665402,222.61538696289062,218.3076934814453,128.755126953125
10-07-2003,215.38461303710938,218.3076934814453,2750241,220.38461303710938,216.84616088867188,127.8931884765625
11-07-2003,215.3076934814453,218.07691955566406,3741439,221.92308044433594,216.3076934814453,127.57557678222656
14-07-2003,215.46153259277344,219.23077392578125,2960347,221.07691955566406,215.6923065185547,127.21267700195312
15-07-2003,211.6923065185547,217.23077392578125,3214926,217.92308044433594,212.84616088867188,125.53406524658203
16-07-2003,208.6923065185547,213.23077392578125,2865564,213.76922607421875,210.61538696289062,124.21833801269531
17-07-2003,206.92308044433594,208.84616088867188,3052114,212.07691955566406,208.46153259277344,122.94802856445312
18-07-2003,209.23077392578125,212.15383911132812,2619877,214.3076934814453,213.6923065185547,126.0330810546875
21-07-2003,207.84616088867188,213.61538696289062,2211313,214.23077392578125,208.92308044433594,123.2201919555664
22-07-2003,207.6923065185547,209.23077392578125,2261935,211.23077392578125,210.84616088867188,124.35443878173828
23-07-2003,207.6923065185547,210.76922607421875,2458105,211.07691955566406,210.92308044433594,124.3997802734375
24-07-2003,210.53846740722656,212.6923065185547,2502604,215.23077392578125,211.07691955566406,124.490478515625
25-07-2003,212.15383911132812,212.92308044433594,3064698,219.15383911132812,218.6923065185547,128.98193359375
28-07-2003,217.0,219.61538696289062,2413671,221.53846740722656,218.23077392578125,128.70977783203125
29-07-2003,213.84616088867188,218.3076934814453,2388828,218.46153259277344,214.61538696289062,126.57752990722656
30-07-2003,213.07691955566406,216.53846740722656,1778205,216.84616088867188,215.15383911132812,126.89505004882812
31-07-2003,215.6923065185547,218.07691955566406,3566563,222.92308044433594,218.76922607421875,129.02732849121094
01-08-2003,216.92308044433594,216.92308044433594,2189304,220.61538696289062,218.92308044433594,129.11813354492188
04-08-2003,213.84616088867188,218.92308044433594,1956071,220.0,219.07691955566406,129.20883178710938
05-08-2003,213.53846740722656,217.38461303710938,2111135,219.07691955566406,213.84616088867188,126.1238021850586
06-08-2003,211.76922607421875,213.84616088867188,2236975,216.15383911132812,212.92308044433594,125.57933807373047
07-08-2003,209.07691955566406,212.92308044433594,1708460,216.3076934814453,216.0,127.39411163330078
08-08-2003,214.92308044433594,214.92308044433594,1377129,217.23077392578125,216.0,127.39411163330078
11-08-2003,215.38461303710938,215.76922607421875,1515514,218.92308044433594,217.53846740722656,128.30142211914062
12-08-2003,215.23077392578125,217.84616088867188,1831349,218.46153259277344,217.92308044433594,128.52822875976562
13-08-2003,214.23077392578125,218.76922607421875,1993901,219.07691955566406,215.53846740722656,127.12187957763672
14-08-2003,215.61538696289062,216.92308044433594,2539147,221.07691955566406,219.61538696289062,129.5263671875
15-08-2003,220.07691955566406,220.76922607421875,1853475,222.92308044433594,221.38461303710938,130.56983947753906
18-08-2003,222.84616088867188,223.07691955566406,3373916,229.61538696289062,229.23077392578125,135.1974334716797
19-08-2003,225.61538696289062,230.0,2753348,230.76922607421875,229.61538696289062,135.42433166503906
20-08-2003,225.0,229.53846740722656,2132234,229.53846740722656,226.53846740722656,133.6095428466797
21-08-2003,227.84616088867188,228.46153259277344,3184558,232.92308044433594,232.0,136.83071899414062
22-08-2003,228.84616088867188,233.07691955566406,2590016,233.76922607421875,229.84616088867188,135.56040954589844
25-08-2003,227.3076934814453,229.07691955566406,1496157,229.61538696289062,229.61538696289062,135.42433166503906
26-08-2003,226.15383911132812,228.07691955566406,1827839,230.38461303710938,229.84616088867188,135.56040954589844
27-08-2003,227.6923065185547,227.92308044433594,1584089,229.3076934814453,228.84616088867188,134.97059631347656
28-08-2003,226.15383911132812,229.23077392578125,1781949,230.0,228.3076934814453,134.65304565429688
29-08-2003,225.38461303710938,227.53846740722656,1706848,228.46153259277344,227.46153259277344,134.15399169921875
02-09-2003,227.53846740722656,228.84616088867188,3181061,234.53846740722656,234.15383911132812,138.10096740722656
03-09-2003,234.6923065185547,235.0,4446923,240.46153259277344,239.38461303710938,141.18606567382812
04-09-2003,238.53846740722656,239.3076934814453,2455973,241.15383911132812,240.92308044433594,142.09339904785156
05-09-2003,237.07691955566406,238.0,2410707,240.07691955566406,238.76922607421875,140.8231201171875
08-09-2003,235.38461303710938,238.6923065185547,1977586,242.46153259277344,241.38461303710938,142.36563110351562
09-09-2003,237.6923065185547,238.92308044433594,2101931,240.53846740722656,239.6923065185547,141.36753845214844
10-09-2003,237.6923065185547,238.84616088867188,2359110,240.3076934814453,238.6923065185547,140.7777557373047
11-09-2003,238.84616088867188,238.84616088867188,2607904,243.46153259277344,242.15383911132812,142.81927490234375
12-09-2003,239.46153259277344,241.76922607421875,2162433,243.07691955566406,242.53846740722656,143.04612731933594
15-09-2003,240.38461303710938,242.3076934814453,1856348,244.23077392578125,241.53846740722656,142.45635986328125
16-09-2003,240.23077392578125,240.23077392578125,2608658,246.38461303710938,245.61538696289062,144.86085510253906
17-09-2003,242.15383911132812,244.46153259277344,2494115,245.6923065185547,244.0,143.90814208984375
18-09-2003,243.92308044433594,244.38461303710938,2894502,247.53846740722656,247.0,145.677490234375
19-09-2003,242.46153259277344,249.38461303710938,3018561,249.38461303710938,245.61538696289062,144.86085510253906
22-09-2003,240.0,243.07691955566406,2413619,245.38461303710938,241.53846740722656,142.45635986328125
23-09-2003,239.84616088867188,240.76922607421875,1704170,243.07691955566406,242.76922607421875,143.1822509765625
24-09-2003,237.0,243.07691955566406,2486848,243.76922607421875,237.0,139.77963256835938
25-09-2003,233.38461303710938,237.15383911132812,2471053,243.07691955566406,233.6923065185547,138.68406677246094
26-09-2003,225.46153259277344,231.6923065185547,2916030,233.15383911132812,229.76922607421875,136.35594177246094
29-09-2003,230.61538696289062,230.76922607421875,2722031,235.84616088867188,233.61538696289062,138.638427734375
30-09-2003,227.84616088867188,232.6923065185547,3748888,233.0,229.3076934814453,136.08200073242188
01-10-2003,229.23077392578125,229.3076934814453,3099525,235.92308044433594,235.61538696289062,139.82522583007812
02-10-2003,234.07691955566406,234.92308044433594,2296827,237.6923065185547,236.53846740722656,140.373046875
03-10-2003,236.53846740722656,239.61538696289062,2718443,240.76922607421875,237.07691955566406,140.69264221191406
06-10-2003,236.38461303710938,238.46153259277344,1751334,238.84616088867188,236.84616088867188,140.55569458007812
07-10-2003,234.6923065185547,235.23077392578125,2475408,237.0,235.76922607421875,139.91659545898438
08-10-2003,231.92308044433594,235.0,2817126,235.76922607421875,232.3076934814453,137.8623504638672
09-10-2003,230.76922607421875,234.84616088867188,3477851,235.0,231.76922607421875,137.5427703857422
10-10-2003,224.61538696289062,228.07691955566406,5089838,228.07691955566406,225.53846740722656,133.8451690673828
13-10-2003,220.38461303710938,227.07691955566406,3839888,227.3076934814453,222.53846740722656,132.06488037109375
14-10-2003,220.46153259277344,222.3076934814453,2782884,225.3076934814453,225.3076934814453,133.7082061767578
15-10-2003,221.07691955566406,226.23077392578125,3046784,226.53846740722656,221.92308044433594,131.69969177246094
16-10-2003,221.38461303710938,221.76922607421875,2163837,224.15383911132812,223.23077392578125,132.47564697265625
17-10-2003,218.61538696289062,223.23077392578125,2767284,223.53846740722656,219.61538696289062,130.3301239013672
20-10-2003,219.3076934814453,221.15383911132812,2089178,221.38461303710938,221.38461303710938,131.38003540039062
21-10-2003,221.38461303710938,223.07691955566406,2104245,223.07691955566406,222.15383911132812,131.83651733398438
22-10-2003,217.6923065185547,221.38461303710938,2608320,221.38461303710938,218.07691955566406,129.41714477539062
23-10-2003,217.23077392578125,218.07691955566406,2377700,221.0,218.38461303710938,129.59971618652344
24-10-2003,215.38461303710938,218.38461303710938,2310321,218.46153259277344,217.6923065185547,129.18887329101562
27-10-2003,216.38461303710938,219.23077392578125,2159170,219.61538696289062,217.07691955566406,128.82369995117188
28-10-2003,217.15383911132812,219.07691955566406,2506816,219.53846740722656,219.38461303710938,130.19313049316406
29-10-2003,218.61538696289062,219.38461303710938,2675062,224.23077392578125,221.76922607421875,131.60830688476562
30-10-2003,221.46153259277344,224.23077392578125,2722291,225.0,222.15383911132812,131.83651733398438
31-10-2003,222.6923065185547,222.6923065185547,2192281,225.0,223.15383911132812,132.42996215820312
03-11-2003,221.53846740722656,223.46153259277344,2356419,225.07691955566406,221.53846740722656,131.47137451171875
04-11-2003,218.46153259277344,221.61538696289062,2471001,221.61538696289062,220.46153259277344,130.83229064941406
05-11-2003,217.3076934814453,218.53846740722656,2228278,219.84616088867188,218.6923065185547,129.7822723388672
06-11-2003,215.76922607421875,217.6923065185547,2049138,218.76922607421875,218.76922607421875,129.82797241210938
07-11-2003,215.84616088867188,219.53846740722656,2339779,220.0,216.3076934814453,128.3672332763672
10-11-2003,216.07691955566406,217.15383911132812,1824927,217.23077392578125,216.6923065185547,128.59539794921875
11-11-2003,215.15383911132812,216.53846740722656,2050178,216.84616088867188,216.23077392578125,128.321533203125
12-11-2003,216.15383911132812,216.3076934814453,3073252,221.53846740722656,220.76922607421875,131.01486206054688
13-11-2003,216.53846740722656,220.0,3241862,221.0,218.0,129.3715057373047
14-11-2003,214.23077392578125,217.3076934814453,3579316,217.53846740722656,214.46153259277344,127.2715835571289
17-11-2003,210.53846740722656,212.84616088867188,3055117,221.92308044433594,213.92308044433594,126.9520263671875
18-11-2003,218.46153259277344,218.61538696289062,5342181,222.46153259277344,218.76922607421875,129.82797241210938
19-11-2003,222.6923065185547,223.07691955566406,5837052,227.15383911132812,226.6923065185547,134.5299530029297
20-11-2003,221.46153259277344,224.0,3172975,226.61538696289062,222.6923065185547,132.15611267089844
21-11-2003,219.46153259277344,223.6923065185547,3243773,230.38461303710938,219.6923065185547,130.375732421875
24-11-2003,220.15383911132812,221.61538696289062,2375477,222.61538696289062,221.15383911132812,131.2430877685547
25-11-2003,220.15383911132812,221.3076934814453,2121210,223.84616088867188,222.38461303710938,131.97352600097656
26-11-2003,219.46153259277344,223.92308044433594,1967875,224.07691955566406,221.3076934814453,131.3343963623047
28-11-2003,220.38461303710938,221.92308044433594,1088386,222.3076934814453,220.53846740722656,130.87794494628906
01-12-2003,221.38461303710938,224.61538696289062,2577861,224.6923065185547,223.3076934814453,132.52127075195312
02-12-2003,222.6923065185547,223.3076934814453,3146702,226.76922607421875,226.76922607421875,134.5755157470703
03-12-2003,225.53846740722656,227.61538696289062,3258658,228.46153259277344,227.07691955566406,134.7581329345703
04-12-2003,223.84616088867188,226.15383911132812,2550756,227.3076934814453,224.23077392578125,133.0691375732422
05-12-2003,223.15383911132812,224.3076934814453,1783080,226.15383911132812,223.84616088867188,132.8408966064453
08-12-2003,224.23077392578125,224.23077392578125,1960010,226.23077392578125,225.92308044433594,134.07342529296875
09-12-2003,226.46153259277344,226.92308044433594,3208725,229.3076934814453,227.38461303710938,134.94081115722656
10-12-2003,227.23077392578125,228.07691955566406,2976844,228.61538696289062,228.61538696289062,135.67117309570312
11-12-2003,228.76922607421875,228.76922607421875,3727048,234.38461303710938,233.84616088867188,138.7753448486328
12-12-2003,230.38461303710938,232.92308044433594,2677870,234.23077392578125,231.61538696289062,137.45147705078125
15-12-2003,231.61538696289062,235.3076934814453,3508622,235.38461303710938,233.3076934814453,138.45578002929688
16-12-2003,232.38461303710938,234.0,3342235,236.92308044433594,235.76922607421875,139.91659545898438
17-12-2003,234.15383911132812,235.76922607421875,2816242,236.38461303710938,236.38461303710938,140.2817840576172
18-12-2003,236.38461303710938,237.46153259277344,3169829,237.76922607421875,237.3076934814453,140.82958984375
19-12-2003,234.6923065185547,237.61538696289062,3288454,238.46153259277344,237.61538696289062,141.01219177246094
22-12-2003,236.38461303710938,236.92308044433594,2115295,238.46153259277344,238.46153259277344,141.5143280029297
23-12-2003,237.76922607421875,238.07691955566406,2008383,240.6923065185547,239.23077392578125,141.97079467773438
24-12-2003,236.84616088867188,238.84616088867188,754715,238.92308044433594,237.6923065185547,141.05784606933594
26-12-2003,236.15383911132812,237.61538696289062,661570,238.23077392578125,236.3076934814453,140.23617553710938
29-12-2003,234.76922607421875,236.15383911132812,2162485,237.15383911132812,237.15383911132812,141.66058349609375
30-12-2003,235.23077392578125,237.15383911132812,1826019,237.38461303710938,236.3076934814453,141.15512084960938
31-12-2003,235.23077392578125,235.61538696289062,2188147,238.3076934814453,238.3076934814453,142.3497772216797
02-01-2004,237.84616088867188,238.46153259277344,2384005,242.92308044433594,239.38461303710938,142.9931182861328
05-01-2004,239.3076934814453,240.3076934814453,2547857,242.92308044433594,242.92308044433594,145.10670471191406
06-01-2004,240.0,241.6923065185547,2140320,242.53846740722656,241.3076934814453,144.14181518554688
07-01-2004,239.6923065185547,241.15383911132812,2414568,243.6923065185547,243.6923065185547,145.56619262695312
08-01-2004,243.61538696289062,245.07691955566406,3511404,248.07691955566406,248.07691955566406,148.18527221679688
09-01-2004,243.46153259277344,243.46153259277344,3120026,247.61538696289062,244.61538696289062,146.1175994873047
12-01-2004,245.53846740722656,245.76922607421875,2421419,246.92308044433594,246.84616088867188,147.45008850097656
13-01-2004,241.23077392578125,246.23077392578125,3474419,247.15383911132812,243.15383911132812,145.24456787109375
14-01-2004,242.53846740722656,244.53846740722656,2138279,246.46153259277344,246.15383911132812,147.03652954101562
15-01-2004,243.46153259277344,246.6923065185547,2576600,247.3076934814453,246.15383911132812,147.03652954101562
16-01-2004,247.92308044433594,249.23077392578125,6546397,257.4615478515625,256.5384521484375,153.2396697998047
20-01-2004,255.15383911132812,259.6153869628906,3435497,259.6153869628906,256.6153869628906,153.28564453125
21-01-2004,254.07691955566406,257.4615478515625,2780284,261.8461608886719,260.3846130371094,155.537109375
22-01-2004,257.0769348144531,261.3846130371094,2325869,261.9230651855469,257.8461608886719,154.02084350585938
23-01-2004,254.46153259277344,258.8461608886719,2121600,260.69232177734375,255.46153259277344,152.5963897705078
26-01-2004,257.0769348144531,257.5384521484375,2773173,263.0769348144531,262.6153869628906,156.86965942382812
27-01-2004,261.76922607421875,263.4615478515625,2636491,265.0769348144531,263.0,157.09938049316406
28-01-2004,257.76922607421875,263.8461608886719,3524885,265.9230651855469,259.69232177734375,155.1236114501953
29-01-2004,258.9230651855469,261.5384521484375,2702219,262.69232177734375,261.76922607421875,156.3642120361328
30-01-2004,257.5384521484375,260.4615478515625,2234297,261.30767822265625,258.69232177734375,154.5262451171875
02-02-2004,256.30767822265625,259.1538391113281,2427360,261.23077392578125,258.69232177734375,154.5262451171875
03-02-2004,254.84616088867188,258.9230651855469,2137824,258.9230651855469,255.46153259277344,152.5963897705078
04-02-2004,253.07691955566406,254.3076934814453,2613793,261.4615478515625,255.23077392578125,152.45855712890625
05-02-2004,254.23077392578125,256.23077392578125,1750164,259.23077392578125,257.8461608886719,154.02084350585938
06-02-2004,253.6923065185547,255.92308044433594,2382471,257.30767822265625,255.23077392578125,152.45855712890625
09-02-2004,252.3076934814453,256.5384521484375,2005900,256.5384521484375,253.0,151.12599182128906
10-02-2004,249.23077392578125,255.15383911132812,2883998,255.15383911132812,250.0,149.33399963378906
11-02-2004,248.84616088867188,250.0,3095066,256.3846130371094,254.46153259277344,151.99905395507812
12-02-2004,251.15383911132812,255.0,2012855,255.76922607421875,252.76922607421875,150.98812866210938
13-02-2004,251.6923065185547,253.84616088867188,2101242,255.15383911132812,251.6923065185547,150.34486389160156
17-02-2004,253.3076934814453,254.46153259277344,1946191,255.3076934814453,254.23077392578125,151.8612060546875
18-02-2004,251.92308044433594,254.23077392578125,1985893,255.6923065185547,251.92308044433594,150.48277282714844
19-02-2004,250.61538696289062,253.84616088867188,2388620,254.61538696289062,250.76922607421875,149.79351806640625
20-02-2004,250.0,252.23077392578125,2279043,253.0,251.53846740722656,150.2529754638672
23-02-2004,251.61538696289062,251.92308044433594,2707991,257.5384521484375,257.0769348144531,153.56129455566406
24-02-2004,254.23077392578125,257.0,2751229,258.9230651855469,256.0,152.9180450439453
25-02-2004,253.23077392578125,256.1538391113281,2186028,256.23077392578125,253.61538696289062,151.4935760498047
26-02-2004,250.84616088867188,251.6923065185547,2173236,253.0,251.3076934814453,151.03131103515625
27-02-2004,250.15383911132812,251.92308044433594,2211560,253.46153259277344,250.15383911132812,150.33792114257812
01-03-2004,250.07691955566406,251.46153259277344,2039804,253.3076934814453,252.23077392578125,151.5860595703125
02-03-2004,249.38461303710938,253.3076934814453,2461992,253.46153259277344,249.92308044433594,150.19912719726562
03-03-2004,249.3076934814453,249.6923065185547,1923701,252.84616088867188,252.6923065185547,151.86343383789062
04-03-2004,251.53846740722656,251.53846740722656,1987375,253.46153259277344,253.07691955566406,152.0946502685547
05-03-2004,250.76922607421875,251.15383911132812,2414490,257.5384521484375,252.07691955566406,151.49359130859375
08-03-2004,244.3076934814453,250.0,3567629,250.0,244.84616088867188,147.14810180664062
09-03-2004,240.84616088867188,243.0,7558512,243.84616088867188,242.76922607421875,145.89988708496094
10-03-2004,237.6923065185547,243.38461303710938,5264675,243.53846740722656,239.23077392578125,143.77328491210938
11-03-2004,232.76922607421875,237.84616088867188,5497856,239.61538696289062,234.0,140.6296844482422
12-03-2004,234.3076934814453,235.61538696289062,3653858,236.6923065185547,235.38461303710938,141.4618682861328
15-03-2004,231.76922607421875,237.3076934814453,4496765,238.0,233.07691955566406,140.07496643066406
16-03-2004,231.53846740722656,235.76922607421875,3284775,236.07691955566406,234.61538696289062,140.99957275390625
17-03-2004,234.6923065185547,235.38461303710938,3157635,237.3076934814453,236.61538696289062,142.2015380859375
18-03-2004,233.07691955566406,235.61538696289062,3470376,236.76922607421875,236.3076934814453,142.01663208007812
19-03-2004,231.61538696289062,235.53846740722656,5248074,236.23077392578125,231.84616088867188,139.33534240722656
22-03-2004,223.23077392578125,230.3076934814453,5922696,230.76922607421875,226.23077392578125,135.9606170654297
23-03-2004,224.53846740722656,229.15383911132812,7676994,229.6923065185547,224.61538696289062,134.98973083496094
24-03-2004,222.15383911132812,223.46153259277344,7626684,224.61538696289062,224.46153259277344,134.8972625732422
25-03-2004,223.84616088867188,224.6923065185547,7217444,228.84616088867188,228.46153259277344,137.30116271972656
26-03-2004,230.92308044433594,230.92308044433594,8988538,237.6923065185547,231.53846740722656,139.15036010742188
29-03-2004,234.23077392578125,235.23077392578125,7686822,237.23077392578125,234.46153259277344,140.90713500976562
30-03-2004,233.15383911132812,234.23077392578125,6268704,236.15383911132812,236.07691955566406,141.87783813476562
31-03-2004,233.92308044433594,236.0,6482866,236.0,234.76922607421875,141.09197998046875
01-04-2004,233.3076934814453,234.0,6184178,238.23077392578125,235.53846740722656,141.55433654785156
02-04-2004,237.3076934814453,237.76922607421875,7048249,239.61538696289062,238.92308044433594,143.58834838867188
05-04-2004,238.23077392578125,238.3076934814453,7055282,242.92308044433594,242.92308044433594,145.99234008789062
06-04-2004,241.3076934814453,242.15383911132812,6169280,244.84616088867188,242.46153259277344,145.7149658203125
07-04-2004,240.6923065185547,243.53846740722656,4000451,243.84616088867188,241.53846740722656,145.1602325439453
08-04-2004,239.61538696289062,244.46153259277344,5055921,245.0,241.61538696289062,145.20643615722656
12-04-2004,241.92308044433594,242.6923065185547,2232659,244.15383911132812,243.23077392578125,146.17723083496094
13-04-2004,237.38461303710938,243.76922607421875,4224064,244.15383911132812,238.46153259277344,143.31105041503906
14-04-2004,231.92308044433594,235.76922607421875,4680455,236.15383911132812,234.46153259277344,140.90713500976562
15-04-2004,233.07691955566406,236.15383911132812,3240198,236.76922607421875,236.61538696289062,142.2015380859375
16-04-2004,236.76922607421875,237.53846740722656,3354130,241.07691955566406,240.23077392578125,144.37435913085938
19-04-2004,233.84616088867188,239.84616088867188,2340026,239.92308044433594,239.23077392578125,143.77328491210938
20-04-2004,233.76922607421875,239.61538696289062,2671656,240.0,234.38461303710938,140.86090087890625
21-04-2004,231.07691955566406,235.0,3907774,236.53846740722656,236.15383911132812,141.92416381835938
22-04-2004,232.38461303710938,234.61538696289062,4582864,238.0,237.3076934814453,142.61758422851562
23-04-2004,235.0,238.46153259277344,2503709,238.46153259277344,236.07691955566406,141.87783813476562
26-04-2004,235.76922607421875,237.3076934814453,2161835,237.84616088867188,236.53846740722656,142.15530395507812
27-04-2004,234.61538696289062,237.84616088867188,3488966,238.76922607421875,235.0,141.23068237304688
28-04-2004,230.76922607421875,233.46153259277344,3557580,233.84616088867188,230.92308044433594,138.78054809570312
29-04-2004,230.61538696289062,231.92308044433594,3062176,233.53846740722656,231.15383911132812,138.91925048828125
30-04-2004,229.23077392578125,231.6923065185547,3012464,232.92308044433594,230.38461303710938,138.45692443847656
03-05-2004,230.92308044433594,231.6923065185547,2210286,233.61538696289062,233.07691955566406,140.07496643066406
04-05-2004,232.76922607421875,234.0,2265328,236.23077392578125,234.15383911132812,140.72219848632812
05-05-2004,227.84616088867188,227.84616088867188,2337803,235.0,234.53846740722656,140.95333862304688
06-05-2004,231.53846740722656,233.46153259277344,2108977,235.0,234.38461303710938,140.86090087890625
07-05-2004,230.61538696289062,233.23077392578125,2596763,235.76922607421875,230.76922607421875,138.68812561035156
10-05-2004,227.3076934814453,228.84616088867188,3687749,236.53846740722656,231.0,138.8267822265625
11-05-2004,230.46153259277344,231.6923065185547,2559921,233.15383911132812,232.6923065185547,139.84384155273438
12-05-2004,228.46153259277344,230.76922607421875,3338998,233.84616088867188,233.84616088867188,140.53726196289062
13-05-2004,231.6923065185547,231.92308044433594,2348086,234.46153259277344,233.46153259277344,140.3061065673828
14-05-2004,230.46153259277344,233.07691955566406,2403349,234.23077392578125,232.0,139.42776489257812
17-05-2004,228.3076934814453,228.46153259277344,2588027,231.23077392578125,230.53846740722656,138.54937744140625
18-05-2004,230.6923065185547,231.15383911132812,2841332,234.38461303710938,234.07691955566406,140.6759796142578
19-05-2004,232.0,236.76922607421875,3198624,237.6923065185547,232.6923065185547,139.84384155273438
20-05-2004,232.07691955566406,232.76922607421875,1862822,234.23077392578125,232.53846740722656,139.75132751464844
21-05-2004,233.15383911132812,233.15383911132812,2849249,236.07691955566406,235.76922607421875,141.6929931640625
24-05-2004,235.07691955566406,238.0,2536404,238.07691955566406,236.76922607421875,142.29400634765625
25-05-2004,235.92308044433594,236.15383911132812,3008109,240.46153259277344,240.07691955566406,144.28187561035156
26-05-2004,239.61538696289062,239.84616088867188,2416830,241.84616088867188,240.6923065185547,144.65164184570312
27-05-2004,238.84616088867188,240.76922607421875,2111265,242.07691955566406,240.46153259277344,144.5129852294922
28-05-2004,238.23077392578125,240.53846740722656,2278614,240.53846740722656,239.38461303710938,143.86578369140625
01-06-2004,237.07691955566406,238.46153259277344,2510807,239.84616088867188,238.76922607421875,143.4959259033203
02-06-2004,238.15383911132812,239.84616088867188,2310906,240.15383911132812,239.23077392578125,143.77328491210938
03-06-2004,238.0,239.23077392578125,2021838,240.92308044433594,238.46153259277344,143.31105041503906
04-06-2004,238.92308044433594,240.0,2307370,241.23077392578125,240.23077392578125,144.37435913085938
07-06-2004,241.61538696289062,242.15383911132812,2734810,243.76922607421875,243.6923065185547,146.45460510253906
08-06-2004,240.46153259277344,242.6923065185547,2555930,243.84616088867188,242.07691955566406,145.4838104248047
09-06-2004,239.61538696289062,241.53846740722656,2404597,242.92308044433594,239.84616088867188,144.1431427001953
10-06-2004,239.61538696289062,239.61538696289062,2079181,242.3076934814453,242.23077392578125,145.57630920410156
14-06-2004,240.76922607421875,241.15383911132812,2061202,242.92308044433594,242.84616088867188,145.94606018066406
15-06-2004,242.84616088867188,243.76922607421875,3038932,245.6923065185547,244.6923065185547,147.05560302734375
16-06-2004,244.07691955566406,244.46153259277344,2916147,247.07691955566406,247.0,148.4424591064453
17-06-2004,246.07691955566406,246.46153259277344,4030741,249.53846740722656,248.92308044433594,149.59820556640625
18-06-2004,247.92308044433594,248.76922607421875,7840469,251.46153259277344,250.61538696289062,150.615234375
21-06-2004,249.76922607421875,250.61538696289062,2921880,252.23077392578125,250.76922607421875,150.7077178955078
22-06-2004,250.0,250.0,3151889,253.61538696289062,252.6923065185547,151.86343383789062
23-06-2004,251.76922607421875,252.76922607421875,4463394,257.6153869628906,257.0769348144531,154.4984893798828
24-06-2004,254.15383911132812,255.53846740722656,4451174,256.0,255.92308044433594,154.7310791015625
25-06-2004,247.53846740722656,255.38461303710938,10436010,256.0,247.53846740722656,149.66172790527344
28-06-2004,247.0,252.3076934814453,4687449,252.53846740722656,248.53846740722656,150.26626586914062
29-06-2004,248.61538696289062,248.76922607421875,2639936,249.76922607421875,248.6923065185547,150.3593292236328
30-06-2004,246.76922607421875,249.23077392578125,3536910,249.92308044433594,249.23077392578125,150.68487548828125
01-07-2004,245.15383911132812,249.23077392578125,4084925,249.61538696289062,246.23077392578125,148.87107849121094
02-07-2004,243.38461303710938,245.76922607421875,2628223,245.84616088867188,243.61538696289062,147.28977966308594
06-07-2004,242.3076934814453,243.07691955566406,2265406,245.3076934814453,244.84616088867188,148.0340118408203
07-07-2004,244.07691955566406,244.07691955566406,2869425,247.6923065185547,246.3076934814453,148.91761779785156
08-07-2004,243.6923065185547,245.15383911132812,2791100,246.15383911132812,243.84616088867188,147.42935180664062
09-07-2004,245.53846740722656,246.53846740722656,3279159,248.07691955566406,247.46153259277344,149.61520385742188
12-07-2004,246.23077392578125,247.84616088867188,2493868,251.15383911132812,250.76922607421875,151.6150360107422
13-07-2004,251.15383911132812,251.76922607421875,2983175,253.0,252.61538696289062,152.7312774658203
14-07-2004,251.76922607421875,252.3076934814453,4289337,255.6923065185547,254.84616088867188,154.07998657226562
15-07-2004,253.84616088867188,254.6923065185547,4079413,257.9230651855469,256.69232177734375,155.1960906982422
16-07-2004,254.23077392578125,258.6153869628906,3288181,258.6153869628906,254.53846740722656,153.89395141601562
19-07-2004,253.23077392578125,256.1538391113281,2636634,256.6153869628906,255.61538696289062,154.54502868652344
20-07-2004,253.61538696289062,254.84616088867188,2356406,255.76922607421875,255.46153259277344,154.45201110839844
21-07-2004,250.76922607421875,256.3846130371094,2759926,257.30767822265625,250.76922607421875,151.6150360107422
22-07-2004,249.23077392578125,250.38461303710938,2393963,254.23077392578125,252.92308044433594,152.917236328125
23-07-2004,247.07691955566406,252.53846740722656,1897129,252.53846740722656,250.15383911132812,151.24302673339844
26-07-2004,246.3076934814453,251.3076934814453,2621567,251.92308044433594,248.53846740722656,150.26626586914062
27-07-2004,249.61538696289062,250.0,2249845,253.07691955566406,252.3076934814453,152.54525756835938
28-07-2004,248.84616088867188,256.1538391113281,2913209,257.3846130371094,256.0769348144531,154.82411193847656
29-07-2004,253.61538696289062,256.5384521484375,2145169,257.30767822265625,255.46153259277344,154.45201110839844
30-07-2004,252.92308044433594,254.38461303710938,1831323,255.76922607421875,255.76922607421875,154.63804626464844
02-08-2004,251.15383911132812,251.15383911132812,1728012,256.5384521484375,255.84616088867188,154.6845245361328
03-08-2004,252.3076934814453,255.38461303710938,2052765,255.38461303710938,252.84616088867188,152.8707275390625
04-08-2004,250.92308044433594,251.15383911132812,1731613,253.46153259277344,252.92308044433594,152.917236328125
05-08-2004,247.61538696289062,252.6923065185547,2592486,253.38461303710938,247.84616088867188,149.84776306152344
06-08-2004,241.6923065185547,244.61538696289062,3204162,245.84616088867188,242.46153259277344,146.5922088623047
09-08-2004,242.23077392578125,242.53846740722656,2081456,246.53846740722656,245.0,148.12692260742188
10-08-2004,244.23077392578125,245.38461303710938,1785264,246.92308044433594,246.84616088867188,149.2431640625
11-08-2004,244.23077392578125,245.38461303710938,1781832,248.0,247.6923065185547,149.75473022460938
12-08-2004,243.07691955566406,246.0,1912027,246.38461303710938,243.15383911132812,147.01080322265625
13-08-2004,242.3076934814453,243.84616088867188,2116621,245.6923065185547,245.3076934814453,148.31309509277344
16-08-2004,244.76922607421875,245.15383911132812,1839058,248.46153259277344,248.46153259277344,150.21983337402344
17-08-2004,246.53846740722656,248.53846740722656,1825434,249.61538696289062,247.23077392578125,149.47567749023438
18-08-2004,246.23077392578125,246.92308044433594,2314065,252.15383911132812,252.15383911132812,152.45217895507812
19-08-2004,248.6923065185547,251.0,1819805,251.84616088867188,251.61538696289062,152.1266326904297
20-08-2004,249.92308044433594,251.23077392578125,2114996,252.3076934814453,251.15383911132812,151.84759521484375
23-08-2004,249.6923065185547,251.38461303710938,1742286,251.84616088867188,250.07691955566406,151.19650268554688
24-08-2004,249.3076934814453,251.53846740722656,2062099,251.92308044433594,251.0,151.75454711914062
25-08-2004,249.38461303710938,250.15383911132812,2046239,253.76922607421875,252.23077392578125,152.4987335205078
26-08-2004,251.07691955566406,251.92308044433594,1185730,253.07691955566406,252.23077392578125,152.4987335205078
27-08-2004,251.15383911132812,251.92308044433594,1023906,252.76922607421875,252.07691955566406,152.40567016601562
30-08-2004,250.38461303710938,251.0,1218893,251.92308044433594,250.53846740722656,151.47552490234375
31-08-2004,248.53846740722656,249.92308044433594,2160392,252.38461303710938,252.23077392578125,152.4987335205078
01-09-2004,250.92308044433594,252.23077392578125,1495325,253.61538696289062,252.92308044433594,152.917236328125
02-09-2004,252.15383911132812,253.07691955566406,1798420,255.07691955566406,254.84616088867188,154.07998657226562
03-09-2004,252.15383911132812,253.84616088867188,1516437,254.76922607421875,252.61538696289062,152.7312774658203
07-09-2004,254.07691955566406,254.23077392578125,2468804,257.6153869628906,256.4615478515625,155.0565948486328
08-09-2004,256.3846130371094,256.4615478515625,3509012,259.3846130371094,258.9230651855469,156.54481506347656
09-09-2004,258.3846130371094,258.4615478515625,3402178,261.76922607421875,260.4615478515625,157.47503662109375
10-09-2004,257.8461608886719,260.0,2111382,261.6153869628906,260.6153869628906,157.56805419921875
13-09-2004,259.30767822265625,260.6153869628906,2225990,261.9230651855469,259.6153869628906,156.96340942382812
14-09-2004,257.8461608886719,258.4615478515625,1797809,260.1538391113281,260.1538391113281,157.28900146484375
15-09-2004,257.6153869628906,260.1538391113281,1632969,260.1538391113281,257.9230651855469,155.9402618408203
16-09-2004,257.69232177734375,258.30767822265625,1230424,259.69232177734375,257.9230651855469,155.9402618408203
17-09-2004,259.23077392578125,259.23077392578125,3820245,263.3846130371094,263.23077392578125,159.14930725097656
20-09-2004,261.69232177734375,261.9230651855469,2571244,265.1538391113281,263.1538391113281,159.10279846191406
21-09-2004,261.76922607421875,263.23077392578125,1982825,265.6153869628906,265.0769348144531,160.2655029296875
22-09-2004,259.30767822265625,263.0769348144531,2649374,263.4615478515625,261.0,157.8005828857422
23-09-2004,256.9230651855469,259.76922607421875,1980745,259.76922607421875,257.0769348144531,156.35025024414062
24-09-2004,255.46153259277344,257.69232177734375,1732120,257.8461608886719,257.0,156.303466796875
27-09-2004,253.92308044433594,254.76922607421875,2197741,256.23077392578125,254.76922607421875,154.94679260253906
28-09-2004,254.15383911132812,255.38461303710938,2004574,257.4615478515625,256.23077392578125,155.8356475830078
29-09-2004,256.0,257.30767822265625,1879345,258.30767822265625,257.30767822265625,156.4906005859375
30-09-2004,256.1538391113281,256.9230651855469,2733861,258.5384521484375,258.30767822265625,157.0988311767578
01-10-2004,258.8461608886719,259.23077392578125,2040064,261.4615478515625,261.30767822265625,158.92340087890625
04-10-2004,260.69232177734375,261.5384521484375,2019316,263.5384521484375,262.4615478515625,159.62513732910156
05-10-2004,260.1538391113281,262.23077392578125,1624233,262.4615478515625,261.9230651855469,159.2976837158203
06-10-2004,261.0,262.23077392578125,1864122,264.6153869628906,264.4615478515625,160.8415069580078
07-10-2004,261.1538391113281,262.6153869628906,1813383,264.4615478515625,261.1538391113281,158.82980346679688
08-10-2004,257.69232177734375,261.3846130371094,2385214,263.8461608886719,259.5384521484375,157.84738159179688
11-10-2004,259.8461608886719,260.0,1141049,262.30767822265625,261.5384521484375,159.063720703125
12-10-2004,259.23077392578125,260.0,1573182,263.0769348144531,261.69232177734375,159.15728759765625
13-10-2004,258.0769348144531,263.4615478515625,1992549,263.69232177734375,259.30767822265625,157.7069854736328
14-10-2004,256.9230651855469,259.23077392578125,1645852,260.0,257.3846130371094,156.5374298095703
15-10-2004,256.9230651855469,257.8461608886719,1966185,259.8461608886719,258.0769348144531,156.9584503173828
18-10-2004,255.53846740722656,256.9230651855469,1968018,261.76922607421875,260.69232177734375,158.54908752441406
19-10-2004,257.0769348144531,260.6153869628906,2129244,262.30767822265625,257.1538391113281,156.39707946777344
20-10-2004,254.3076934814453,257.5384521484375,2134249,258.0,255.53846740722656,155.4146270751953
21-10-2004,253.84616088867188,255.0,2166281,257.69232177734375,256.69232177734375,156.1163330078125
22-10-2004,251.84616088867188,256.69232177734375,2144233,257.30767822265625,253.46153259277344,154.15142822265625
25-10-2004,251.15383911132812,254.61538696289062,1906177,254.61538696289062,253.07691955566406,153.91754150390625
26-10-2004,253.07691955566406,254.61538696289062,2608671,258.8461608886719,258.69232177734375,157.33277893066406
27-10-2004,256.5384521484375,258.23077392578125,2169557,261.1538391113281,261.1538391113281,158.82980346679688
28-10-2004,259.30767822265625,260.0,1869387,262.69232177734375,261.76922607421875,159.20408630371094
29-10-2004,260.0,260.76922607421875,2383030,262.69232177734375,262.4615478515625,159.62513732910156
01-11-2004,260.0769348144531,262.30767822265625,1679496,262.6153869628906,261.9230651855469,159.2976837158203
02-11-2004,260.76922607421875,261.1538391113281,2199990,264.4615478515625,261.9230651855469,159.2976837158203
03-11-2004,261.76922607421875,264.6153869628906,2457858,265.0,264.0769348144531,160.60755920410156
04-11-2004,264.0769348144531,264.30767822265625,3280420,269.9230651855469,269.9230651855469,164.16310119628906
05-11-2004,267.5384521484375,270.76922607421875,2715245,272.30767822265625,270.69232177734375,164.6309356689453
08-11-2004,268.6153869628906,269.9230651855469,1744509,270.9230651855469,270.1538391113281,164.30349731445312
09-11-2004,269.3846130371094,269.3846130371094,2055911,272.6153869628906,272.4615478515625,165.7069549560547
10-11-2004,271.5384521484375,272.9230651855469,2215980,273.8461608886719,271.69232177734375,165.2391357421875
11-11-2004,272.30767822265625,272.4615478515625,1868789,276.0,275.3846130371094,167.48472595214844
12-11-2004,275.6153869628906,276.69232177734375,2448212,278.8461608886719,278.8461608886719,169.58999633789062
15-11-2004,276.5384521484375,278.8461608886719,1863472,279.0,277.69232177734375,168.88819885253906
16-11-2004,275.76922607421875,277.30767822265625,1708460,278.76922607421875,277.69232177734375,168.88819885253906
17-11-2004,277.69232177734375,279.0769348144531,2424266,283.0769348144531,279.6153869628906,170.05783081054688
18-11-2004,279.8461608886719,280.0,2041403,283.5384521484375,283.30767822265625,172.303466796875
19-11-2004,276.4615478515625,283.30767822265625,2835365,283.30767822265625,279.0,169.68350219726562
22-11-2004,276.4615478515625,278.8461608886719,1996631,279.0,277.6153869628906,168.8414764404297
23-11-2004,273.0,276.69232177734375,2732743,277.23077392578125,275.4615478515625,167.53150939941406
24-11-2004,273.5384521484375,275.76922607421875,2184741,276.9230651855469,274.1538391113281,166.73619079589844
26-11-2004,272.6153869628906,273.8461608886719,1025687,274.0769348144531,272.6153869628906,165.80047607421875
29-11-2004,270.1538391113281,273.6153869628906,2811965,274.8461608886719,271.5384521484375,165.1455841064453
30-11-2004,271.5384521484375,271.5384521484375,2998762,273.9230651855469,272.0,165.42626953125
01-12-2004,272.0,272.0,2822274,277.0769348144531,277.0769348144531,168.51402282714844
02-12-2004,275.0,275.76922607421875,2077179,277.6153869628906,276.4615478515625,168.1397247314453
03-12-2004,274.23077392578125,275.69232177734375,1971437,277.1538391113281,275.6153869628906,167.62506103515625
06-12-2004,273.76922607421875,274.23077392578125,1521585,275.1538391113281,274.3846130371094,166.87652587890625
07-12-2004,271.30767822265625,273.8461608886719,2439320,274.23077392578125,271.6153869628906,165.1923828125
08-12-2004,273.3846130371094,274.23077392578125,2130518,276.1538391113281,274.69232177734375,167.06373596191406
09-12-2004,273.0769348144531,273.69232177734375,2064647,277.6153869628906,277.0769348144531,168.51402282714844
10-12-2004,276.9230651855469,278.0769348144531,4165070,283.1538391113281,282.23077392578125,171.64852905273438
13-12-2004,283.23077392578125,283.4615478515625,3665415,288.6153869628906,288.30767822265625,175.34437561035156
14-12-2004,286.0,287.6153869628906,3428152,290.3846130371094,287.5384521484375,174.8765869140625
15-12-2004,284.69232177734375,287.6153869628906,2650843,288.5384521484375,287.6153869628906,174.92335510253906
16-12-2004,284.6153869628906,286.9230651855469,3097341,288.3846130371094,285.4615478515625,173.6133270263672
17-12-2004,278.9230651855469,280.0,4549532,285.30767822265625,282.69232177734375,171.92916870117188
20-12-2004,284.0,284.0,2226094,286.1538391113281,285.4615478515625,173.6133270263672
21-12-2004,284.3846130371094,285.4615478515625,2130440,286.4615478515625,285.9230651855469,173.8940887451172
22-12-2004,282.0,282.8461608886719,2261168,285.69232177734375,283.3846130371094,173.3763885498047
23-12-2004,282.3846130371094,282.69232177734375,1377766,284.23077392578125,282.8461608886719,173.04702758789062
27-12-2004,281.30767822265625,283.4615478515625,1286831,284.1538391113281,281.30767822265625,172.1056671142578
28-12-2004,281.0,281.0769348144531,1666301,283.4615478515625,282.23077392578125,172.67047119140625
29-12-2004,280.1538391113281,281.30767822265625,1455363,281.5384521484375,281.23077392578125,172.05857849121094
30-12-2004,281.23077392578125,281.76922607421875,1360034,283.30767822265625,281.5384521484375,172.2468719482422
31-12-2004,280.0,281.9230651855469,1711021,282.76922607421875,280.76922607421875,171.77633666992188
03-01-2005,280.30767822265625,282.3846130371094,2889783,283.76922607421875,281.4615478515625,172.19985961914062
04-01-2005,277.8461608886719,281.5384521484375,2450188,283.4615478515625,278.0769348144531,170.12913513183594
05-01-2005,276.3846130371094,278.0769348144531,2464423,279.5384521484375,276.3846130371094,169.09378051757812
06-01-2005,276.4615478515625,277.1538391113281,2487485,280.1538391113281,278.6153869628906,170.45858764648438
07-01-2005,275.76922607421875,279.69232177734375,1950520,279.76922607421875,276.9230651855469,169.42320251464844
10-01-2005,274.8461608886719,276.0,2138825,278.0,276.23077392578125,168.99961853027344
11-01-2005,271.69232177734375,273.8461608886719,2458235,274.8461608886719,272.30767822265625,166.5994415283203
12-01-2005,270.0,272.5384521484375,2987335,274.6153869628906,274.4615478515625,167.91722106933594
13-01-2005,270.0,273.8461608886719,1876264,274.1538391113281,271.0,165.79942321777344
14-01-2005,271.30767822265625,272.0,1894997,274.0,273.23077392578125,167.1641845703125
18-01-2005,269.76922607421875,271.3846130371094,2630914,276.76922607421875,276.6153869628906,169.2349853515625
19-01-2005,272.3846130371094,275.5384521484375,1654627,276.1538391113281,272.6153869628906,166.7876739501953
20-01-2005,271.3846130371094,272.69232177734375,2327377,274.6153869628906,272.0769348144531,166.45834350585938
21-01-2005,270.0769348144531,275.3846130371094,3653156,275.6153869628906,270.23077392578125,165.32879638671875
24-01-2005,268.8461608886719,270.9230651855469,2949232,274.6153869628906,271.23077392578125,165.94058227539062
25-01-2005,273.6153869628906,274.23077392578125,2839668,276.0,274.6153869628906,168.0112762451172
26-01-2005,272.69232177734375,276.4615478515625,2864940,277.69232177734375,273.0,167.02308654785156
27-01-2005,272.0769348144531,273.8461608886719,2395822,274.6153869628906,273.9230651855469,167.58778381347656
28-01-2005,272.4615478515625,273.4615478515625,2307591,275.1538391113281,275.0,168.24664306640625
31-01-2005,276.1538391113281,276.5384521484375,2237248,278.30767822265625,277.9230651855469,170.0349578857422
01-02-2005,276.0769348144531,276.9230651855469,2419586,279.8461608886719,279.0769348144531,170.74093627929688
02-02-2005,276.9230651855469,278.30767822265625,1812395,279.0769348144531,278.8461608886719,170.5997772216797
03-02-2005,276.3846130371094,278.0769348144531,1713517,278.0769348144531,277.4615478515625,169.7525634765625
04-02-2005,277.0769348144531,277.0769348144531,2295995,279.4615478515625,278.8461608886719,170.5997772216797
07-02-2005,277.30767822265625,277.30767822265625,1800214,279.69232177734375,278.69232177734375,170.50559997558594
08-02-2005,278.4615478515625,279.0769348144531,2284516,281.0,280.23077392578125,171.44686889648438
09-02-2005,275.9230651855469,279.3846130371094,2495948,279.69232177734375,277.6153869628906,169.8467254638672
10-02-2005,277.0,278.23077392578125,1683279,278.76922607421875,277.30767822265625,169.65847778320312
11-02-2005,276.5384521484375,276.9230651855469,2090673,280.5384521484375,278.69232177734375,170.50559997558594
14-02-2005,278.4615478515625,278.69232177734375,1363089,280.0,279.3846130371094,170.9291534423828
15-02-2005,278.8461608886719,279.0,2028039,281.6153869628906,279.9230651855469,171.2585906982422
16-02-2005,277.3846130371094,278.9230651855469,1755585,279.5384521484375,278.6153869628906,170.45858764648438
17-02-2005,277.0769348144531,277.9230651855469,2107326,280.0,277.1538391113281,169.5643310546875
18-02-2005,274.5384521484375,277.3846130371094,2880085,277.3846130371094,276.0,168.8584442138672
22-02-2005,271.8461608886719,273.76922607421875,2805309,276.23077392578125,271.9230651855469,166.36412048339844
23-02-2005,270.1538391113281,270.3846130371094,2533271,272.0769348144531,271.30767822265625,165.98765563964844
24-02-2005,269.6153869628906,270.0,2084680,273.9230651855469,273.4615478515625,168.3555145263672
25-02-2005,272.3846130371094,273.4615478515625,1851889,274.6153869628906,274.0,168.68704223632812
28-02-2005,270.30767822265625,272.4615478515625,2422173,272.9230651855469,270.76922607421875,166.6980438232422
01-03-2005,270.3846130371094,271.30767822265625,2106715,272.23077392578125,270.9230651855469,166.79270935058594
02-03-2005,269.69232177734375,269.8461608886719,2306473,274.5384521484375,273.8461608886719,168.5923309326172
03-03-2005,272.69232177734375,274.9230651855469,2335164,275.6153869628906,273.4615478515625,168.3555145263672
04-03-2005,274.76922607421875,275.5384521484375,2642692,278.69232177734375,277.8461608886719,171.05491638183594
07-03-2005,277.30767822265625,278.23077392578125,1597323,279.0769348144531,277.9230651855469,171.1022491455078
08-03-2005,277.0,277.1538391113281,1563003,278.5384521484375,277.3846130371094,170.77073669433594
09-03-2005,274.6153869628906,276.0,2021799,277.76922607421875,274.9230651855469,169.25534057617188
10-03-2005,275.3846130371094,275.76922607421875,2029560,278.69232177734375,277.9230651855469,171.1022491455078
11-03-2005,275.0,277.1538391113281,1712841,278.0,275.5384521484375,169.6341552734375
14-03-2005,275.23077392578125,275.3846130371094,2251483,278.6153869628906,278.6153869628906,171.52850341796875
15-03-2005,276.9230651855469,279.0769348144531,2259894,280.6153869628906,276.9230651855469,170.48660278320312
16-03-2005,272.9230651855469,275.4615478515625,2299869,277.8461608886719,273.9230651855469,168.63966369628906
17-03-2005,271.30767822265625,274.23077392578125,1914952,274.69232177734375,272.0769348144531,167.503173828125
18-03-2005,271.3846130371094,272.3846130371094,5559892,276.0,276.0,169.91831970214844
21-03-2005,272.9230651855469,274.8461608886719,2218606,277.8461608886719,277.0,170.53395080566406
22-03-2005,272.4615478515625,276.9230651855469,2362477,278.3846130371094,273.0769348144531,168.11871337890625
23-03-2005,272.1538391113281,273.0769348144531,2919085,275.5384521484375,273.0769348144531,168.11871337890625
24-03-2005,274.69232177734375,275.6153869628906,2338024,277.69232177734375,274.8461608886719,169.2079620361328
28-03-2005,275.9230651855469,276.1538391113281,1841489,278.3846130371094,276.69232177734375,170.3446044921875
29-03-2005,272.5384521484375,275.5384521484375,2359968,276.69232177734375,273.30767822265625,168.2608184814453
30-03-2005,273.76922607421875,273.8461608886719,2487927,278.6153869628906,278.4615478515625,171.43373107910156
31-03-2005,276.6153869628906,277.69232177734375,2229396,278.0769348144531,277.3846130371094,170.77073669433594
01-04-2005,272.69232177734375,278.30767822265625,2693444,278.6153869628906,272.8461608886719,167.97662353515625
04-04-2005,269.3846130371094,273.23077392578125,2675985,273.30767822265625,271.0769348144531,166.88746643066406
05-04-2005,270.5384521484375,270.9230651855469,2070445,273.0769348144531,273.0769348144531,168.11871337890625
06-04-2005,272.6153869628906,273.69232177734375,1811446,274.8461608886719,273.0769348144531,168.11871337890625
07-04-2005,273.1538391113281,273.69232177734375,1869543,275.76922607421875,275.23077392578125,169.44476318359375
08-04-2005,274.3846130371094,274.6153869628906,2233439,276.6153869628906,274.9230651855469,169.25534057617188
11-04-2005,274.76922607421875,275.0769348144531,1502540,276.4615478515625,275.5384521484375,169.6341552734375
12-04-2005,272.76922607421875,274.3846130371094,2530281,279.23077392578125,277.6153869628906,170.91287231445312
13-04-2005,273.3846130371094,277.30767822265625,2639572,278.6153869628906,274.1538391113281,168.78173828125
14-04-2005,272.30767822265625,274.8461608886719,3264482,278.30767822265625,273.0769348144531,168.11871337890625
15-04-2005,275.0,275.5384521484375,5438498,280.69232177734375,275.0,169.30271911621094
18-04-2005,275.0,275.0,3567408,279.8461608886719,276.9230651855469,170.48660278320312
19-04-2005,276.1538391113281,278.8461608886719,2630446,279.3846130371094,276.9230651855469,170.48660278320312
20-04-2005,271.9230651855469,275.76922607421875,3075683,277.0,273.23077392578125,168.2134552001953
21-04-2005,274.0,275.3846130371094,2494778,277.9230651855469,277.8461608886719,171.05491638183594
22-04-2005,274.4615478515625,276.9230651855469,2577380,279.30767822265625,277.69232177734375,170.96018981933594
25-04-2005,278.0769348144531,279.6153869628906,2166567,280.5384521484375,279.8461608886719,172.28622436523438
26-04-2005,278.1538391113281,280.0,2332941,281.5384521484375,278.30767822265625,171.3390350341797
27-04-2005,276.4615478515625,277.30767822265625,2297542,280.69232177734375,280.0,172.3809051513672
28-04-2005,274.0,277.5384521484375,2847741,280.30767822265625,274.3846130371094,168.9237823486328
29-04-2005,273.9230651855469,275.5384521484375,3043027,278.6153869628906,278.4615478515625,171.43373107910156
02-05-2005,277.30767822265625,277.5384521484375,1788839,279.5384521484375,278.8461608886719,171.67059326171875
03-05-2005,275.1538391113281,277.69232177734375,3427086,278.0769348144531,277.69232177734375,170.96018981933594
04-05-2005,276.0,277.76922607421875,2349477,279.0,278.4615478515625,171.43373107910156
05-05-2005,274.8461608886719,278.0769348144531,1940185,278.69232177734375,275.76922607421875,169.77622985839844
06-05-2005,275.3846130371094,275.5384521484375,2321501,277.30767822265625,275.76922607421875,169.77622985839844
09-05-2005,275.6153869628906,275.69232177734375,1896219,278.69232177734375,278.69232177734375,171.57583618164062
10-05-2005,274.76922607421875,277.3846130371094,2345317,278.3846130371094,275.6153869628906,169.68154907226562
11-05-2005,274.3846130371094,276.1538391113281,1974791,278.5384521484375,278.3846130371094,171.386474609375
12-05-2005,275.4615478515625,278.23077392578125,2083627,279.30767822265625,275.9230651855469,169.87098693847656
13-05-2005,273.5384521484375,275.9230651855469,2371330,277.4615478515625,274.6153869628906,169.0658416748047
16-05-2005,275.3846130371094,275.76922607421875,2016339,278.8461608886719,278.76922607421875,171.62318420410156
17-05-2005,277.1538391113281,277.69232177734375,1926756,280.5384521484375,280.4615478515625,172.66506958007812
18-05-2005,280.6153869628906,280.76922607421875,3032978,284.6153869628906,283.8461608886719,174.74876403808594
19-05-2005,282.23077392578125,283.8461608886719,1803464,284.3846130371094,284.0,174.84352111816406
20-05-2005,283.4615478515625,284.23077392578125,2199795,285.1538391113281,284.6153869628906,175.2223663330078
23-05-2005,283.30767822265625,283.30767822265625,1972139,287.23077392578125,286.0,176.0748291015625
24-05-2005,284.6153869628906,284.76922607421875,1741519,286.5384521484375,285.1538391113281,175.55392456054688
25-05-2005,282.76922607421875,284.6153869628906,1585610,285.30767822265625,283.5384521484375,174.5593719482422
26-05-2005,283.30767822265625,284.76922607421875,1422642,285.3846130371094,284.1538391113281,174.93824768066406
27-05-2005,283.5384521484375,284.0,1106742,284.4615478515625,283.69232177734375,174.6540985107422
31-05-2005,280.4615478515625,283.69232177734375,2626546,283.9230651855469,280.6153869628906,172.75978088378906
01-06-2005,280.6153869628906,280.6153869628906,1936766,284.69232177734375,284.0769348144531,174.8909149169922
02-06-2005,283.1538391113281,283.3846130371094,2564406,284.3846130371094,283.8461608886719,174.74876403808594
03-06-2005,281.9230651855469,283.0769348144531,1558531,284.30767822265625,282.30767822265625,173.80166625976562
06-06-2005,281.30767822265625,281.9230651855469,1559740,283.30767822265625,281.6153869628906,173.3754119873047
07-06-2005,282.6153869628906,282.8461608886719,2221817,285.6153869628906,283.3846130371094,174.4646453857422
08-06-2005,283.0769348144531,284.4615478515625,1662102,285.0,283.0769348144531,174.2752227783203
09-06-2005,280.9230651855469,282.69232177734375,1531569,283.3846130371094,283.0,174.2279052734375
10-06-2005,279.69232177734375,282.9230651855469,1773941,284.23077392578125,281.76922607421875,173.47012329101562
13-06-2005,280.9230651855469,281.69232177734375,1824485,283.5384521484375,281.1538391113281,173.09129333496094
14-06-2005,279.69232177734375,280.76922607421875,1923272,282.23077392578125,280.0769348144531,172.4282989501953
15-06-2005,278.23077392578125,280.3846130371094,2339376,281.4615478515625,279.3846130371094,172.0019989013672
16-06-2005,277.3846130371094,279.0,2087644,280.30767822265625,277.76922607421875,171.00753784179688
17-06-2005,277.6153869628906,280.23077392578125,4583488,281.9230651855469,280.76922607421875,172.8544921875
20-06-2005,278.5384521484375,279.3846130371094,2092272,280.0769348144531,279.0769348144531,171.81263732910156
21-06-2005,278.0769348144531,279.4615478515625,2859532,280.0,278.0769348144531,171.1969757080078
22-06-2005,274.4615478515625,278.4615478515625,3796052,279.5384521484375,274.76922607421875,169.1605987548828
23-06-2005,265.5384521484375,273.0769348144531,6360497,274.0769348144531,266.6153869628906,165.15792846679688
24-06-2005,262.69232177734375,267.30767822265625,8780265,269.76922607421875,267.5384521484375,165.72976684570312
27-06-2005,266.0769348144531,267.0769348144531,3042377,268.1538391113281,266.23077392578125,164.91970825195312
28-06-2005,267.0769348144531,268.0,3656549,270.76922607421875,270.3846130371094,167.49281311035156
29-06-2005,269.1538391113281,270.6153869628906,2740348,272.1538391113281,269.23077392578125,166.77804565429688
30-06-2005,265.76922607421875,269.23077392578125,4319328,271.6153869628906,266.5384521484375,165.11026000976562
01-07-2005,266.6153869628906,268.0769348144531,2635490,268.76922607421875,267.23077392578125,165.53915405273438
05-07-2005,265.3846130371094,266.3846130371094,3437408,268.4615478515625,267.0769348144531,165.44386291503906
06-07-2005,263.69232177734375,265.76922607421875,2736110,266.8461608886719,264.0,163.53781127929688
07-07-2005,261.0,262.9230651855469,3926182,264.6153869628906,262.9230651855469,162.87074279785156
08-07-2005,264.23077392578125,264.4615478515625,3936335,270.1538391113281,269.1538391113281,166.73045349121094
11-07-2005,269.69232177734375,270.69232177734375,2547714,272.5384521484375,270.0769348144531,167.30224609375
12-07-2005,268.8461608886719,269.6153869628906,2286947,271.0769348144531,270.0,167.25453186035156
13-07-2005,269.69232177734375,270.0,2357888,271.5384521484375,270.6153869628906,167.63580322265625
14-07-2005,271.1538391113281,272.23077392578125,3724448,275.23077392578125,274.0769348144531,169.7800750732422
15-07-2005,268.8461608886719,271.8461608886719,5893082,274.8461608886719,273.30767822265625,169.30355834960938
18-07-2005,270.3846130371094,272.1538391113281,2263716,273.0,270.76922607421875,167.73109436035156
19-07-2005,270.0769348144531,272.0,2881710,272.69232177734375,271.76922607421875,168.35052490234375
20-07-2005,269.5384521484375,271.76922607421875,2401321,272.0769348144531,271.5384521484375,168.20755004882812
21-07-2005,269.23077392578125,270.6153869628906,2117817,272.0,269.23077392578125,166.77804565429688
22-07-2005,268.23077392578125,271.0769348144531,1952522,271.0769348144531,269.76922607421875,167.11163330078125
25-07-2005,266.9230651855469,270.76922607421875,2357186,270.76922607421875,267.4615478515625,165.6820831298828
26-07-2005,266.8461608886719,267.9230651855469,2130973,270.0769348144531,266.9230651855469,165.34857177734375
27-07-2005,266.5384521484375,267.0,2169635,267.8461608886719,267.69232177734375,165.82508850097656
28-07-2005,267.69232177734375,268.30767822265625,2113345,269.6153869628906,268.30767822265625,166.2062530517578
29-07-2005,265.30767822265625,267.69232177734375,2565589,268.6153869628906,265.3846130371094,164.3954620361328
01-08-2005,263.1538391113281,265.9230651855469,2507102,266.30767822265625,263.4615478515625,163.20428466796875
02-08-2005,263.0769348144531,263.4615478515625,2497222,265.8461608886719,263.4615478515625,163.20428466796875
03-08-2005,262.23077392578125,263.5384521484375,2328846,264.5384521484375,263.1538391113281,163.01364135742188
04-08-2005,261.4615478515625,262.69232177734375,2446106,263.23077392578125,261.6153869628906,162.06060791015625
05-08-2005,259.6153869628906,260.3846130371094,2425904,261.6153869628906,260.0769348144531,161.1075897216797
08-08-2005,259.23077392578125,260.3846130371094,1843491,261.30767822265625,259.69232177734375,160.86935424804688
09-08-2005,260.76922607421875,261.30767822265625,2276755,263.69232177734375,262.6153869628906,162.68008422851562
10-08-2005,260.5384521484375,263.8461608886719,2705183,265.23077392578125,260.6153869628906,161.4412384033203
11-08-2005,261.1538391113281,261.69232177734375,2761590,265.4615478515625,265.4615478515625,164.44320678710938
12-08-2005,263.23077392578125,264.0,2234635,265.8461608886719,263.4615478515625,163.20428466796875
15-08-2005,261.69232177734375,262.4615478515625,1778062,263.6153869628906,263.1538391113281,163.01364135742188
16-08-2005,260.5384521484375,262.3846130371094,2156544,263.0769348144531,260.6153869628906,161.4412384033203
17-08-2005,260.4615478515625,260.6153869628906,2095067,264.4615478515625,262.30767822265625,162.48941040039062
18-08-2005,261.0769348144531,261.8461608886719,1773382,263.69232177734375,261.4615478515625,161.96533203125
19-08-2005,260.4615478515625,262.23077392578125,1764529,263.5384521484375,261.1538391113281,161.77476501464844
22-08-2005,260.1538391113281,262.0769348144531,1766895,263.3846130371094,261.30767822265625,161.8700408935547
23-08-2005,259.8461608886719,261.5384521484375,1995864,262.1538391113281,261.30767822265625,161.8700408935547
24-08-2005,258.0,260.9230651855469,2520999,262.30767822265625,258.0,159.82107543945312
25-08-2005,257.0,257.69232177734375,2130401,258.6153869628906,257.69232177734375,159.63043212890625
26-08-2005,256.23077392578125,257.69232177734375,2287857,258.0769348144531,256.76922607421875,159.05865478515625
29-08-2005,254.61538696289062,255.15383911132812,2415218,258.6153869628906,258.4615478515625,160.10690307617188
30-08-2005,252.6923065185547,257.69232177734375,3483207,258.1538391113281,255.6923065185547,158.39146423339844
31-08-2005,253.53846740722656,255.38461303710938,3542149,259.0769348144531,258.5384521484375,160.1545867919922
01-09-2005,253.84616088867188,257.1538391113281,3499223,257.9230651855469,254.92308044433594,157.91500854492188
02-09-2005,255.46153259277344,256.9230651855469,2619071,257.3846130371094,256.3846130371094,158.82034301757812
06-09-2005,257.30767822265625,257.30767822265625,3573271,261.3846130371094,261.0769348144531,161.72705078125
07-09-2005,259.0769348144531,260.69232177734375,2848768,261.9230651855469,261.6153869628906,162.06060791015625
08-09-2005,259.4615478515625,261.6153869628906,2324231,261.6153869628906,260.3846130371094,161.2982635498047
09-09-2005,260.76922607421875,261.0769348144531,2528240,263.30767822265625,261.3846130371094,161.9176483154297
12-09-2005,261.4615478515625,261.5384521484375,3123029,265.6153869628906,264.8461608886719,164.06192016601562
13-09-2005,262.0,264.23077392578125,2760732,264.9230651855469,263.69232177734375,163.34722900390625
14-09-2005,261.5384521484375,263.6153869628906,2188615,264.76922607421875,261.9230651855469,162.25123596191406
15-09-2005,262.0769348144531,262.0769348144531,2450643,264.6153869628906,264.4615478515625,163.82369995117188
16-09-2005,263.23077392578125,265.5384521484375,5215405,266.0,265.1538391113281,164.2525634765625
19-09-2005,260.69232177734375,263.8461608886719,3077425,264.0769348144531,261.9230651855469,162.25123596191406
20-09-2005,259.6153869628906,262.6153869628906,2481141,263.23077392578125,260.30767822265625,161.25054931640625
21-09-2005,257.69232177734375,257.8461608886719,2861365,259.5384521484375,258.0769348144531,159.86868286132812
22-09-2005,255.07691955566406,256.3846130371094,2825446,258.0,256.1538391113281,159.72479248046875
23-09-2005,255.84616088867188,256.1538391113281,2031900,258.30767822265625,256.9230651855469,160.20443725585938
26-09-2005,254.84616088867188,258.30767822265625,2533479,258.6153869628906,255.92308044433594,159.5808563232422
27-09-2005,255.53846740722656,257.4615478515625,2836782,260.30767822265625,258.76922607421875,161.35557556152344
28-09-2005,255.84616088867188,259.0769348144531,2181959,259.23077392578125,257.6153869628906,160.6361541748047
29-09-2005,254.46153259277344,256.1538391113281,2870569,259.6153869628906,258.8461608886719,161.40359497070312
30-09-2005,256.4615478515625,258.8461608886719,2765685,259.76922607421875,259.0,161.4995574951172
03-10-2005,255.38461303710938,258.4615478515625,3153787,258.69232177734375,255.61538696289062,159.38905334472656
04-10-2005,252.6923065185547,256.3846130371094,3523637,257.30767822265625,252.6923065185547,157.56639099121094
05-10-2005,251.3076934814453,253.07691955566406,2994420,254.61538696289062,251.38461303710938,156.75096130371094
06-10-2005,255.23077392578125,255.23077392578125,4348240,259.5384521484375,258.3846130371094,161.11575317382812
07-10-2005,259.0769348144531,260.76922607421875,3734458,263.8461608886719,263.23077392578125,164.1376190185547
10-10-2005,261.23077392578125,263.30767822265625,2285543,263.76922607421875,261.4615478515625,163.03443908691406
11-10-2005,259.1538391113281,261.4615478515625,2376543,262.1538391113281,260.0,162.12301635742188
12-10-2005,258.30767822265625,258.30767822265625,2405507,261.9230651855469,260.0,162.12301635742188
13-10-2005,259.6153869628906,259.6153869628906,2604420,263.1538391113281,261.69232177734375,163.1782989501953
14-10-2005,262.30767822265625,264.6153869628906,3610906,265.23077392578125,264.1538391113281,164.71322631835938
17-10-2005,261.0769348144531,263.1538391113281,3114813,265.3846130371094,261.6153869628906,163.13034057617188
18-10-2005,261.1538391113281,261.5384521484375,2580318,264.76922607421875,261.5384521484375,163.08233642578125
19-10-2005,260.76922607421875,261.0,2998723,264.69232177734375,264.69232177734375,165.0489501953125
20-10-2005,259.5384521484375,265.0769348144531,2656043,265.0769348144531,260.6153869628906,162.50682067871094
21-10-2005,258.8461608886719,261.1538391113281,2925468,262.0769348144531,259.4615478515625,161.7873077392578
24-10-2005,259.69232177734375,259.69232177734375,2147470,262.6153869628906,262.5384521484375,163.7059326171875
25-10-2005,258.69232177734375,261.6153869628906,2434640,262.5384521484375,260.8461608886719,162.65065002441406
26-10-2005,259.1538391113281,261.3846130371094,2803242,263.0769348144531,259.23077392578125,161.64340209960938
27-10-2005,257.0,258.69232177734375,2236936,259.1538391113281,258.30767822265625,161.06785583496094
28-10-2005,257.8461608886719,259.0769348144531,2809885,262.23077392578125,261.9230651855469,163.3222198486328
31-10-2005,260.30767822265625,261.5384521484375,3391505,262.6153869628906,260.8461608886719,162.65065002441406
01-11-2005,258.0769348144531,261.30767822265625,2680613,261.3846130371094,258.4615478515625,161.16372680664062
02-11-2005,257.76922607421875,258.4615478515625,2978391,261.30767822265625,260.0769348144531,162.17103576660156
03-11-2005,260.0,260.76922607421875,2339116,262.69232177734375,261.3846130371094,162.9864044189453
04-11-2005,259.6153869628906,261.3846130371094,2165514,262.30767822265625,261.69232177734375,163.1782989501953
07-11-2005,261.1538391113281,262.30767822265625,1936038,262.5384521484375,261.69232177734375,163.1782989501953
08-11-2005,259.4615478515625,260.6153869628906,1926639,261.1538391113281,259.69232177734375,161.93118286132812
09-11-2005,259.30767822265625,260.3846130371094,2319915,262.69232177734375,260.9230651855469,162.69863891601562
10-11-2005,260.9230651855469,261.30767822265625,3779945,267.23077392578125,265.3846130371094,165.48060607910156
11-11-2005,264.6153869628906,265.76922607421875,1794949,267.5384521484375,266.5384521484375,166.20013427734375
14-11-2005,263.8461608886719,266.6153869628906,1848899,266.6153869628906,264.6153869628906,165.00099182128906
15-11-2005,263.76922607421875,264.69232177734375,1946256,266.30767822265625,264.6153869628906,165.00099182128906
16-11-2005,264.23077392578125,264.5384521484375,2142231,267.0,265.69232177734375,165.6725311279297
17-11-2005,264.6153869628906,266.0,2095652,267.4615478515625,266.6153869628906,166.24807739257812
18-11-2005,271.1538391113281,272.76922607421875,7691398,275.3846130371094,275.0,171.47628784179688
21-11-2005,274.23077392578125,275.0769348144531,4405908,279.5384521484375,278.4615478515625,173.63475036621094
22-11-2005,276.0769348144531,277.30767822265625,3345134,278.69232177734375,277.3846130371094,172.9632568359375
23-11-2005,276.23077392578125,277.30767822265625,2278705,278.0,276.4615478515625,172.38771057128906
25-11-2005,276.30767822265625,276.9230651855469,1212991,278.6153869628906,278.4615478515625,173.63475036621094
28-11-2005,276.4615478515625,278.4615478515625,2432053,278.4615478515625,276.76922607421875,172.57948303222656
29-11-2005,275.8461608886719,277.9230651855469,3034915,278.69232177734375,276.3846130371094,172.33966064453125
30-11-2005,274.76922607421875,276.5384521484375,3160612,278.1538391113281,274.76922607421875,171.33241271972656
01-12-2005,274.1538391113281,275.76922607421875,2772692,276.1538391113281,275.0,171.47628784179688
02-12-2005,271.23077392578125,275.0,3307538,275.0,273.0769348144531,170.2772216796875
05-12-2005,272.30767822265625,272.4615478515625,3141112,275.8461608886719,275.1538391113281,171.57223510742188
06-12-2005,274.76922607421875,276.1538391113281,3447314,277.69232177734375,275.3846130371094,171.7161102294922
07-12-2005,272.3846130371094,275.3846130371094,3671317,275.76922607421875,273.6153869628906,170.6129608154297
08-12-2005,271.30767822265625,273.6153869628906,2829372,274.30767822265625,271.9230651855469,169.5576934814453
09-12-2005,271.8461608886719,272.5384521484375,2268253,275.3846130371094,273.30767822265625,170.4210968017578
12-12-2005,272.69232177734375,274.30767822265625,1788917,274.8461608886719,273.4615478515625,170.5169677734375
13-12-2005,271.9230651855469,273.0769348144531,3300609,274.4615478515625,272.8461608886719,170.13328552246094
14-12-2005,273.4615478515625,274.3846130371094,2847338,276.0769348144531,275.1538391113281,171.57223510742188
15-12-2005,275.1538391113281,276.4615478515625,4423939,278.1538391113281,276.9230651855469,172.67539978027344
16-12-2005,277.0769348144531,277.1538391113281,4511429,278.9230651855469,277.3846130371094,172.9632568359375
19-12-2005,274.23077392578125,276.9230651855469,2739490,277.76922607421875,275.5384521484375,171.81204223632812
20-12-2005,272.1538391113281,274.3846130371094,2731157,274.9230651855469,273.3846130371094,170.46910095214844
21-12-2005,271.1538391113281,274.30767822265625,2970266,274.30767822265625,271.69232177734375,169.413818359375
22-12-2005,270.5384521484375,270.5384521484375,2272231,272.76922607421875,272.4615478515625,171.10455322265625
23-12-2005,272.23077392578125,273.5384521484375,1392222,273.6153869628906,272.4615478515625,171.10455322265625
27-12-2005,269.4615478515625,273.6153869628906,2218853,273.8461608886719,269.69232177734375,169.36557006835938
28-12-2005,268.8461608886719,269.69232177734375,2183415,270.4615478515625,270.0769348144531,169.60702514648438
29-12-2005,270.0,270.0769348144531,2098395,272.69232177734375,270.69232177734375,169.9935302734375
30-12-2005,269.0769348144531,270.1538391113281,2348151,270.9230651855469,269.6153869628906,169.31723022460938
03-01-2006,267.69232177734375,270.0,4318756,272.30767822265625,272.0769348144531,170.86306762695312
04-01-2006,270.0,271.9230651855469,3122223,272.30767822265625,271.69232177734375,170.62147521972656
05-01-2006,270.0,271.30767822265625,2451501,271.9230651855469,271.0,170.18675231933594
06-01-2006,270.69232177734375,272.1538391113281,2870920,273.30767822265625,272.8461608886719,171.3460693359375
09-01-2006,271.0769348144531,272.30767822265625,2693080,272.5384521484375,272.1538391113281,170.911376953125
10-01-2006,269.6153869628906,271.30767822265625,2735408,271.6153869628906,270.69232177734375,169.9935302734375
11-01-2006,270.0,270.30767822265625,2911272,273.4615478515625,272.5384521484375,171.15289306640625
12-01-2006,268.76922607421875,272.69232177734375,2880670,272.76922607421875,269.23077392578125,169.07565307617188
13-01-2006,267.69232177734375,268.4615478515625,2238158,271.1538391113281,270.0,169.55870056152344
17-01-2006,267.8461608886719,274.0769348144531,2088944,274.0769348144531,268.76922607421875,168.78579711914062
18-01-2006,266.23077392578125,268.4615478515625,2620059,268.5384521484375,267.8461608886719,168.20614624023438
19-01-2006,265.3846130371094,268.4615478515625,3810586,268.4615478515625,266.76922607421875,167.5298614501953
20-01-2006,255.53846740722656,263.8461608886719,11450062,265.3846130371094,256.69232177734375,161.20159912109375
23-01-2006,255.84616088867188,257.9230651855469,5045690,259.0,256.0769348144531,160.81517028808594
24-01-2006,253.15383911132812,258.0769348144531,6042296,258.0769348144531,253.53846740722656,159.22097778320312
25-01-2006,251.15383911132812,255.0,6680141,255.38461303710938,252.0,158.25479125976562
26-01-2006,251.84616088867188,253.3076934814453,6350773,254.38461303710938,254.0,159.5107879638672
27-01-2006,251.92308044433594,253.46153259277344,5631353,254.0,253.46153259277344,159.17266845703125
30-01-2006,251.84616088867188,253.07691955566406,4599972,254.53846740722656,253.3076934814453,159.0760498046875
31-01-2006,251.0,253.07691955566406,5160259,253.6923065185547,251.92308044433594,158.20652770996094
01-02-2006,251.07691955566406,251.23077392578125,4948359,255.3076934814453,254.92308044433594,160.09046936035156
02-02-2006,252.92308044433594,254.38461303710938,3960749,256.0769348144531,253.07691955566406,158.93113708496094
03-02-2006,252.07691955566406,252.3076934814453,3357588,254.92308044433594,252.6923065185547,158.68960571289062
06-02-2006,251.15383911132812,252.6923065185547,3011047,253.0,251.92308044433594,158.20652770996094
07-02-2006,247.76922607421875,251.23077392578125,4782791,251.76922607421875,248.53846740722656,156.08091735839844
08-02-2006,247.92308044433594,248.53846740722656,3478280,252.23077392578125,251.84616088867188,158.15823364257812
09-02-2006,252.0,252.15383911132812,3422029,254.15383911132812,253.23077392578125,159.02774047851562
10-02-2006,252.84616088867188,253.23077392578125,3452774,256.69232177734375,256.0,160.76681518554688
13-02-2006,254.46153259277344,255.38461303710938,2601027,257.3846130371094,255.76922607421875,160.6219024658203
14-02-2006,254.15383911132812,255.23077392578125,3804437,258.0,257.3846130371094,161.63633728027344
15-02-2006,255.84616088867188,258.0,2448121,258.0,257.3846130371094,161.63633728027344
16-02-2006,254.3076934814453,257.23077392578125,3105882,257.69232177734375,256.5384521484375,161.10494995117188
17-02-2006,256.0769348144531,256.5384521484375,3295370,258.5384521484375,258.5384521484375,162.3609619140625
21-02-2006,255.53846740722656,258.5384521484375,2587624,259.6153869628906,256.6153869628906,161.1532440185547
22-02-2006,257.69232177734375,258.0769348144531,3343847,259.6153869628906,258.76922607421875,162.505859375
23-02-2006,255.46153259277344,255.76922607421875,2879279,257.3846130371094,255.84616088867188,161.87315368652344
24-02-2006,254.0,255.76922607421875,2375646,256.23077392578125,254.92308044433594,161.2891387939453
27-02-2006,254.6923065185547,255.53846740722656,2512614,256.5384521484375,256.30767822265625,162.1651611328125
28-02-2006,252.6923065185547,255.38461303710938,3600987,256.1538391113281,252.84616088867188,159.97506713867188
01-03-2006,251.53846740722656,253.61538696289062,3184077,254.07691955566406,252.0,159.43971252441406
02-03-2006,250.61538696289062,251.53846740722656,3267888,253.15383911132812,252.6923065185547,159.87777709960938
03-03-2006,251.76922607421875,251.92308044433594,3323125,256.4615478515625,254.3076934814453,160.8997802734375
06-03-2006,253.46153259277344,254.3076934814453,2783378,255.76922607421875,254.61538696289062,161.09446716308594
07-03-2006,253.92308044433594,254.15383911132812,2827344,255.6923065185547,255.0,161.33786010742188
08-03-2006,253.92308044433594,254.3076934814453,3260543,257.9230651855469,257.1538391113281,162.7005157470703
09-03-2006,255.07691955566406,256.76922607421875,3147495,258.0,255.38461303710938,161.58116149902344
10-03-2006,255.84616088867188,256.0,3350009,259.0769348144531,258.8461608886719,163.77130126953125
13-03-2006,257.1538391113281,258.9230651855469,2537496,259.4615478515625,259.0,163.86859130859375
14-03-2006,257.5384521484375,257.69232177734375,2553070,260.3846130371094,259.8461608886719,164.40390014648438
15-03-2006,259.8461608886719,259.8461608886719,4755010,265.5384521484375,264.76922607421875,167.51878356933594
16-03-2006,264.1538391113281,266.5384521484375,4076280,266.9230651855469,264.4615478515625,167.3240966796875
17-03-2006,264.6153869628906,265.1538391113281,5277454,267.3846130371094,265.4615478515625,167.9568328857422
20-03-2006,264.6153869628906,265.69232177734375,2096354,266.9230651855469,265.3846130371094,167.90811157226562
21-03-2006,263.69232177734375,265.4615478515625,2605031,266.8461608886719,264.1538391113281,167.1294403076172
22-03-2006,264.1538391113281,264.4615478515625,2099890,265.9230651855469,265.6153869628906,168.05406188964844
23-03-2006,261.6153869628906,265.0,2675725,265.1538391113281,262.4615478515625,166.0586700439453
24-03-2006,260.69232177734375,261.76922607421875,1878383,262.5384521484375,261.1538391113281,165.23135375976562
27-03-2006,259.1538391113281,260.5384521484375,1965184,261.0769348144531,259.9230651855469,164.45260620117188
28-03-2006,257.6153869628906,259.30767822265625,2978001,260.3846130371094,258.4615478515625,163.5279083251953
29-03-2006,258.0769348144531,258.0769348144531,3254810,261.8461608886719,261.0,165.13400268554688
30-03-2006,261.9230651855469,262.0769348144531,5675696,267.30767822265625,266.5384521484375,168.63821411132812
31-03-2006,267.0769348144531,267.23077392578125,4860258,269.23077392578125,267.5384521484375,169.27084350585938
03-04-2006,266.0769348144531,267.6153869628906,2904863,269.1538391113281,266.8461608886719,168.8328399658203
04-04-2006,264.0,268.23077392578125,2803580,268.23077392578125,266.9230651855469,168.8815155029297
05-04-2006,264.5384521484375,266.5384521484375,2540590,267.23077392578125,264.76922607421875,167.51878356933594
06-04-2006,262.4615478515625,263.8461608886719,2628600,265.76922607421875,265.4615478515625,167.9568328857422
07-04-2006,261.6153869628906,265.76922607421875,3079687,267.30767822265625,261.76922607421875,165.62066650390625
10-04-2006,260.0,262.0,2984085,262.1538391113281,260.9230651855469,165.0853271484375
11-04-2006,258.69232177734375,260.9230651855469,2985541,262.0769348144531,261.9230651855469,165.71800231933594
12-04-2006,262.8461608886719,263.8461608886719,3399682,265.6153869628906,265.0769348144531,167.71348571777344
13-04-2006,258.5384521484375,263.0,4896801,264.30767822265625,260.69232177734375,164.9393768310547
17-04-2006,254.38461303710938,259.69232177734375,4600778,259.69232177734375,256.0769348144531,162.0192413330078
18-04-2006,255.46153259277344,257.8461608886719,4334681,261.30767822265625,260.5384521484375,164.84201049804688
19-04-2006,257.69232177734375,261.1538391113281,3200795,261.30767822265625,260.69232177734375,164.9393768310547
20-04-2006,258.69232177734375,260.0,3300609,262.9230651855469,262.4615478515625,166.0586700439453
21-04-2006,259.0769348144531,263.4615478515625,3801603,264.0,261.30767822265625,165.32864379882812
24-04-2006,260.0,260.0769348144531,2132598,261.5384521484375,261.0,165.13400268554688
25-04-2006,260.0,261.5384521484375,2952872,262.0,261.30767822265625,165.32864379882812
26-04-2006,260.6153869628906,262.0769348144531,2997254,264.9230651855469,262.5384521484375,166.10736083984375
27-04-2006,260.69232177734375,260.76922607421875,3285568,266.76922607421875,264.8461608886719,167.56741333007812
28-04-2006,264.23077392578125,265.30767822265625,3224455,267.5384521484375,266.0769348144531,168.34617614746094
01-05-2006,264.0,266.4615478515625,2314793,267.0769348144531,264.5384521484375,167.3727569580078
02-05-2006,262.30767822265625,264.5384521484375,2138305,266.0769348144531,265.23077392578125,167.81076049804688
03-05-2006,263.0,263.23077392578125,2884076,266.69232177734375,264.6153869628906,167.42144775390625
04-05-2006,265.23077392578125,265.3846130371094,2840500,268.76922607421875,267.69232177734375,169.36822509765625
05-05-2006,268.23077392578125,268.76922607421875,3388060,270.9230651855469,270.4615478515625,171.12026977539062
08-05-2006,269.0,270.0,2129036,271.0769348144531,269.23077392578125,170.3415985107422
09-05-2006,268.4615478515625,268.8461608886719,2177526,270.1538391113281,269.23077392578125,170.3415985107422
10-05-2006,265.3846130371094,268.76922607421875,2767050,269.1538391113281,266.9230651855469,168.8815155029297
11-05-2006,262.5384521484375,265.3846130371094,2962401,266.69232177734375,265.4615478515625,167.9568328857422
12-05-2006,262.9230651855469,264.4615478515625,2958553,265.69232177734375,263.69232177734375,166.8374481201172
15-05-2006,262.1538391113281,262.30767822265625,2994160,266.0769348144531,265.8461608886719,168.2001495361328
16-05-2006,267.0,267.23077392578125,3040089,268.6153869628906,267.6153869628906,169.3195343017578
17-05-2006,264.6153869628906,266.30767822265625,3318159,268.0769348144531,264.76922607421875,167.51878356933594
18-05-2006,262.6153869628906,265.30767822265625,3140592,265.76922607421875,262.69232177734375,166.2047576904297
19-05-2006,261.1538391113281,263.30767822265625,3901586,265.3846130371094,262.76922607421875,166.2533721923828
22-05-2006,261.69232177734375,261.9230651855469,3472235,264.30767822265625,262.0769348144531,165.81536865234375
23-05-2006,260.8461608886719,262.30767822265625,2898792,263.23077392578125,261.6153869628906,165.52334594726562
24-05-2006,259.23077392578125,259.69232177734375,3788733,264.4615478515625,263.5384521484375,166.74009704589844
25-05-2006,261.69232177734375,264.23077392578125,2618070,264.8461608886719,264.76922607421875,167.51878356933594
26-05-2006,262.30767822265625,265.1538391113281,2754661,265.6153869628906,264.0769348144531,167.0807342529297
30-05-2006,261.6153869628906,264.1538391113281,2880332,264.3846130371094,261.9230651855469,165.71800231933594
31-05-2006,261.30767822265625,262.69232177734375,3935958,263.5384521484375,263.5384521484375,166.74009704589844
01-06-2006,263.23077392578125,263.8461608886719,2551276,266.30767822265625,265.76922607421875,168.15147399902344
02-06-2006,265.23077392578125,266.4615478515625,2751658,267.76922607421875,266.6153869628906,168.6868438720703
05-06-2006,262.9230651855469,265.76922607421875,2376998,266.30767822265625,263.23077392578125,166.54541015625
06-06-2006,263.1538391113281,264.6153869628906,3753243,266.0,265.76922607421875,168.15147399902344
07-06-2006,264.6153869628906,265.76922607421875,3630510,268.6153869628906,264.6153869628906,167.42144775390625
08-06-2006,261.0769348144531,264.0769348144531,4850690,266.1538391113281,265.9230651855469,168.24876403808594
09-06-2006,260.9230651855469,265.5384521484375,3340064,266.1538391113281,262.0769348144531,165.81536865234375
12-06-2006,260.4615478515625,262.8461608886719,2372500,263.6153869628906,260.5384521484375,164.84201049804688
13-06-2006,259.30767822265625,259.4615478515625,4126213,263.1538391113281,259.4615478515625,164.16058349609375
14-06-2006,258.9230651855469,259.23077392578125,3130452,261.4615478515625,260.76922607421875,164.9879913330078
15-06-2006,258.4615478515625,261.3846130371094,4112173,263.3846130371094,262.3846130371094,166.00999450683594
16-06-2006,258.8461608886719,260.4615478515625,4400799,261.6153869628906,261.0,165.13400268554688
19-06-2006,258.76922607421875,261.1538391113281,2657928,261.1538391113281,259.3846130371094,164.1119384765625
20-06-2006,258.0,259.3846130371094,3587090,260.1538391113281,259.23077392578125,164.01458740234375
21-06-2006,257.23077392578125,260.23077392578125,4025905,260.69232177734375,259.0,163.86859130859375
22-06-2006,254.92308044433594,255.92308044433594,3294707,257.3846130371094,255.6923065185547,162.9860076904297
23-06-2006,254.6923065185547,255.23077392578125,2665390,256.69232177734375,255.07691955566406,162.59371948242188
26-06-2006,253.23077392578125,255.23077392578125,2522351,255.92308044433594,255.46153259277344,162.83885192871094
27-06-2006,252.92308044433594,254.23077392578125,3062761,255.92308044433594,252.92308044433594,161.22080993652344
28-06-2006,252.15383911132812,253.3076934814453,2642094,254.15383911132812,253.3076934814453,161.4659881591797
29-06-2006,252.92308044433594,253.6923065185547,3687112,256.0,255.92308044433594,163.13304138183594
30-06-2006,253.38461303710938,256.3846130371094,5054075,256.69232177734375,253.53846740722656,161.613037109375
03-07-2006,254.53846740722656,254.61538696289062,1555710,256.69232177734375,256.3846130371094,163.42727661132812
05-07-2006,255.0,255.61538696289062,3333629,257.1538391113281,256.23077392578125,163.32923889160156
06-07-2006,256.1538391113281,256.23077392578125,2603588,258.6153869628906,257.69232177734375,164.26087951660156
07-07-2006,255.46153259277344,256.5384521484375,2641691,257.76922607421875,256.1538391113281,163.2801971435547
10-07-2006,254.61538696289062,256.1538391113281,2058563,257.3846130371094,257.30767822265625,164.0156707763672
11-07-2006,253.76922607421875,256.69232177734375,2910050,256.76922607421875,255.84616088867188,163.0840606689453
12-07-2006,253.84616088867188,255.46153259277344,2799355,255.53846740722656,254.3076934814453,162.1033935546875
13-07-2006,250.46153259277344,253.92308044433594,4087252,254.3076934814453,251.3076934814453,160.19107055664062
14-07-2006,246.61538696289062,248.38461303710938,6400446,249.0,247.0,157.44528198242188
17-07-2006,246.76922607421875,246.76922607421875,3063528,249.46153259277344,248.92308044433594,158.67108154296875
18-07-2006,248.07691955566406,248.92308044433594,3413514,249.92308044433594,249.6923065185547,159.16140747070312
19-07-2006,249.92308044433594,250.61538696289062,3314155,254.15383911132812,252.92308044433594,161.22080993652344
20-07-2006,249.84616088867188,252.6923065185547,2674425,253.38461303710938,249.84616088867188,159.259521484375
21-07-2006,247.6923065185547,250.84616088867188,3821246,250.84616088867188,248.07691955566406,158.13172912597656
24-07-2006,248.38461303710938,249.84616088867188,2972216,252.0,250.92308044433594,159.94598388671875
25-07-2006,249.61538696289062,252.3076934814453,2875223,252.38461303710938,251.53846740722656,160.33824157714844
26-07-2006,249.84616088867188,251.84616088867188,2768844,252.07691955566406,251.38461303710938,160.24012756347656
27-07-2006,250.3076934814453,251.92308044433594,2811939,252.92308044433594,251.15383911132812,160.0930633544922
28-07-2006,251.84616088867188,252.3076934814453,2742597,255.61538696289062,254.0,161.90724182128906
31-07-2006,251.38461303710938,252.3076934814453,2959775,253.15383911132812,251.46153259277344,160.28916931152344
01-08-2006,249.84616088867188,251.15383911132812,2169752,252.3076934814453,250.46153259277344,159.65171813964844
02-08-2006,249.38461303710938,250.38461303710938,2163512,252.38461303710938,250.76922607421875,159.84786987304688
03-08-2006,249.46153259277344,250.38461303710938,2518165,252.92308044433594,251.76922607421875,160.48526000976562
04-08-2006,250.76922607421875,253.15383911132812,2080793,253.76922607421875,252.3076934814453,160.8285369873047
07-08-2006,250.07691955566406,251.38461303710938,2040051,252.53846740722656,251.46153259277344,160.28916931152344
08-08-2006,247.6923065185547,252.3076934814453,3087019,252.3076934814453,248.76922607421875,158.57296752929688
09-08-2006,248.0,249.84616088867188,2368145,251.6923065185547,248.3076934814453,158.27882385253906
10-08-2006,248.0,248.84616088867188,3106025,252.15383911132812,251.3076934814453,160.19107055664062
11-08-2006,249.38461303710938,250.92308044433594,1995123,252.15383911132812,250.0,159.35755920410156
14-08-2006,251.0,251.61538696289062,3243474,257.1538391113281,252.46153259277344,160.92662048339844
15-08-2006,254.15383911132812,255.3076934814453,2637739,256.0,255.38461303710938,162.78993225097656
16-08-2006,256.30767822265625,256.69232177734375,3104530,260.30767822265625,259.30767822265625,165.29051208496094
17-08-2006,258.8461608886719,259.23077392578125,2277392,261.5384521484375,260.9230651855469,166.3202362060547
18-08-2006,259.30767822265625,259.30767822265625,2224079,261.5384521484375,261.5384521484375,166.71253967285156
21-08-2006,259.76922607421875,261.5384521484375,1662986,262.30767822265625,261.23077392578125,166.51637268066406
22-08-2006,259.0769348144531,260.76922607421875,2062593,263.0,261.23077392578125,166.51637268066406
23-08-2006,258.4615478515625,259.6153869628906,2359565,260.5384521484375,259.9230651855469,165.68283081054688
24-08-2006,259.6153869628906,261.0769348144531,1891773,261.6153869628906,260.3846130371094,165.97706604003906
25-08-2006,259.30767822265625,259.3846130371094,1513486,260.9230651855469,260.30767822265625,165.92800903320312
28-08-2006,259.23077392578125,259.23077392578125,1731275,261.5384521484375,261.0,166.3692626953125
29-08-2006,260.76922607421875,260.76922607421875,2392065,263.3846130371094,263.0,167.64413452148438
30-08-2006,263.0,263.0769348144531,1870024,264.9230651855469,263.6153869628906,168.03643798828125
31-08-2006,261.6153869628906,263.76922607421875,2399345,264.0,262.0,167.00674438476562
01-09-2006,261.69232177734375,262.9230651855469,2559713,263.6153869628906,262.6153869628906,167.39895629882812
05-09-2006,260.9230651855469,262.1538391113281,2354339,262.5384521484375,261.30767822265625,166.5653839111328
06-09-2006,260.3846130371094,260.5384521484375,2424981,261.9230651855469,261.1538391113281,166.46743774414062
07-09-2006,260.23077392578125,260.3846130371094,3867695,262.69232177734375,261.8461608886719,166.9086456298828
08-09-2006,260.6153869628906,260.76922607421875,1863589,261.9230651855469,261.6153869628906,166.7615509033203
11-09-2006,259.69232177734375,260.3846130371094,2796248,264.8461608886719,264.8461608886719,168.82090759277344
12-09-2006,264.4615478515625,264.8461608886719,2923674,267.1538391113281,266.69232177734375,169.99777221679688
13-09-2006,265.30767822265625,266.9230651855469,3488186,268.0,268.0,170.83128356933594
14-09-2006,265.3846130371094,265.76922607421875,2663622,268.1538391113281,267.5384521484375,170.53704833984375
15-09-2006,267.0769348144531,268.4615478515625,4339842,269.23077392578125,268.0769348144531,170.88037109375
18-09-2006,266.23077392578125,266.5384521484375,2977858,268.9230651855469,268.23077392578125,170.97840881347656
19-09-2006,266.1538391113281,268.0769348144531,2429830,268.1538391113281,268.0769348144531,170.88037109375
20-09-2006,266.5384521484375,268.23077392578125,3206645,269.76922607421875,269.3846130371094,171.71388244628906
21-09-2006,263.4615478515625,268.4615478515625,3435432,268.4615478515625,264.9230651855469,170.08419799804688
22-09-2006,263.6153869628906,264.30767822265625,2279615,265.3846130371094,264.6153869628906,169.88665771484375
25-09-2006,264.0769348144531,264.0769348144531,2920086,268.76922607421875,268.3846130371094,172.30653381347656
26-09-2006,268.3846130371094,268.4615478515625,4663984,274.0,272.6153869628906,175.02272033691406
27-09-2006,270.5384521484375,271.76922607421875,3445221,274.23077392578125,271.8461608886719,174.52890014648438
28-09-2006,270.9230651855469,272.30767822265625,2532686,273.9230651855469,272.9230651855469,175.22030639648438
29-09-2006,270.76922607421875,272.4615478515625,2657837,273.1538391113281,271.5384521484375,174.3313446044922
02-10-2006,271.3846130371094,272.30767822265625,2705326,274.69232177734375,273.0769348144531,175.319091796875
03-10-2006,272.76922607421875,273.1538391113281,4303390,276.0,274.69232177734375,176.356201171875
04-10-2006,273.5384521484375,274.3846130371094,4014114,277.8461608886719,277.69232177734375,178.2821502685547
05-10-2006,276.4615478515625,277.0,3251586,280.6153869628906,279.1538391113281,179.22056579589844
06-10-2006,277.1538391113281,277.5384521484375,2447146,279.23077392578125,278.0,178.47972106933594
09-10-2006,275.8461608886719,278.0,2387619,278.76922607421875,278.1538391113281,178.57850646972656
10-10-2006,277.3846130371094,277.69232177734375,3048786,279.69232177734375,279.23077392578125,179.26991271972656
11-10-2006,277.1538391113281,278.4615478515625,2531217,280.0,278.23077392578125,178.6278839111328
12-10-2006,277.69232177734375,278.8461608886719,3037645,279.3846130371094,278.6153869628906,178.8748016357422
13-10-2006,272.8461608886719,276.3846130371094,5535153,277.76922607421875,276.76922607421875,177.6895751953125
16-10-2006,271.8461608886719,274.8461608886719,4131270,274.8461608886719,273.5384521484375,175.6154022216797
17-10-2006,271.0769348144531,271.9230651855469,3240393,273.8461608886719,273.5384521484375,175.6154022216797
18-10-2006,272.76922607421875,275.5384521484375,3578809,275.69232177734375,273.5384521484375,175.6154022216797
19-10-2006,270.30767822265625,272.30767822265625,3406078,273.0,271.3846130371094,174.23255920410156
20-10-2006,271.23077392578125,272.30767822265625,3549819,273.69232177734375,272.8461608886719,175.17086791992188
23-10-2006,271.30767822265625,271.3846130371094,3391388,274.5384521484375,273.30767822265625,175.46719360351562
24-10-2006,271.8461608886719,272.69232177734375,2838706,273.69232177734375,272.4615478515625,174.92396545410156
25-10-2006,271.9230651855469,273.4615478515625,2873234,274.23077392578125,273.9230651855469,175.8623046875
26-10-2006,272.4615478515625,275.0,2598206,275.30767822265625,273.76922607421875,175.76358032226562
27-10-2006,270.5384521484375,272.76922607421875,3855982,273.0769348144531,270.8461608886719,173.88677978515625
30-10-2006,270.0769348144531,270.9230651855469,2142023,272.3846130371094,270.76922607421875,173.8374481201172
31-10-2006,268.6153869628906,271.3846130371094,3461640,271.9230651855469,270.0769348144531,173.39303588867188
01-11-2006,268.0769348144531,270.76922607421875,3152708,270.76922607421875,268.4615478515625,172.3558807373047
02-11-2006,266.30767822265625,268.30767822265625,3043456,268.5384521484375,267.0,171.4176025390625
03-11-2006,266.8461608886719,267.5384521484375,2478892,269.23077392578125,267.4615478515625,171.7138671875
06-11-2006,268.4615478515625,269.3846130371094,3486756,272.3846130371094,271.30767822265625,174.18312072753906
07-11-2006,271.30767822265625,271.9230651855469,3173365,274.23077392578125,273.3846130371094,175.5166015625
08-11-2006,272.30767822265625,272.69232177734375,2325908,275.0,273.69232177734375,175.71412658691406
09-11-2006,271.1538391113281,273.1538391113281,2433782,274.30767822265625,271.4615478515625,174.28196716308594
10-11-2006,270.1538391113281,271.5384521484375,2338466,271.6153869628906,270.5384521484375,173.68930053710938
13-11-2006,271.3846130371094,271.3846130371094,2707770,274.30767822265625,272.0,174.6276397705078
14-11-2006,270.6153869628906,272.76922607421875,3707197,275.0,273.76922607421875,175.76358032226562
15-11-2006,273.0,273.1538391113281,3090386,276.30767822265625,275.30767822265625,176.75125122070312
16-11-2006,275.9230651855469,275.9230651855469,2976961,277.9230651855469,276.6153869628906,177.5907745361328
17-11-2006,275.23077392578125,275.76922607421875,3972644,279.0,278.8461608886719,179.02297973632812
20-11-2006,276.3846130371094,278.23077392578125,2606968,279.0769348144531,276.76922607421875,177.6895751953125
21-11-2006,274.76922607421875,276.76922607421875,3263936,276.9230651855469,275.3846130371094,176.8006134033203
22-11-2006,274.76922607421875,275.3846130371094,2442050,277.6153869628906,276.8461608886719,177.73895263671875
24-11-2006,274.5384521484375,275.76922607421875,943878,276.0,274.5384521484375,176.25738525390625
27-11-2006,271.3846130371094,273.6153869628906,3199469,275.0,272.69232177734375,175.07211303710938
28-11-2006,269.6153869628906,271.5384521484375,3246867,272.0,270.76922607421875,173.8374481201172
29-11-2006,270.69232177734375,271.1538391113281,2360241,272.6153869628906,271.9230651855469,174.57827758789062
30-11-2006,270.4615478515625,272.3846130371094,3074994,273.0769348144531,271.3846130371094,174.23255920410156
01-12-2006,268.9230651855469,272.1538391113281,3119168,272.30767822265625,271.3846130371094,174.23255920410156
04-12-2006,271.30767822265625,272.5384521484375,2446782,273.0769348144531,272.23077392578125,174.77581787109375
05-12-2006,270.23077392578125,272.3846130371094,3931577,273.0769348144531,271.30767822265625,174.18312072753906
06-12-2006,269.76922607421875,271.9230651855469,5240235,272.69232177734375,270.0769348144531,173.39303588867188
07-12-2006,269.9230651855469,270.4615478515625,3326882,272.23077392578125,270.4615478515625,173.63992309570312
08-12-2006,269.23077392578125,270.3846130371094,2907034,272.0,271.30767822265625,174.18312072753906
11-12-2006,269.6153869628906,271.0769348144531,3909334,273.23077392578125,270.9230651855469,173.93618774414062
12-12-2006,269.76922607421875,270.8461608886719,6467708,276.30767822265625,274.1538391113281,176.01039123535156
13-12-2006,272.30767822265625,275.76922607421875,5873179,276.30767822265625,273.0769348144531,175.319091796875
14-12-2006,272.0,273.0,5620056,279.4615478515625,278.5384521484375,178.82537841796875
15-12-2006,278.5384521484375,279.0769348144531,11489842,288.5384521484375,287.3846130371094,184.50474548339844
18-12-2006,287.76922607421875,288.0769348144531,6507397,293.30767822265625,292.30767822265625,187.66546630859375
19-12-2006,290.3846130371094,290.3846130371094,4078321,292.8461608886719,292.3846130371094,187.71482849121094
20-12-2006,292.3846130371094,293.30767822265625,4794998,296.0769348144531,293.4615478515625,188.40623474121094
21-12-2006,289.4615478515625,292.69232177734375,3230110,292.76922607421875,290.5384521484375,187.90875244140625
22-12-2006,288.5384521484375,291.4615478515625,2025257,291.5384521484375,289.0,186.91372680664062
26-12-2006,287.9230651855469,289.23077392578125,1559623,290.30767822265625,290.0769348144531,187.6102294921875
27-12-2006,289.0,290.69232177734375,2082106,292.5384521484375,290.69232177734375,188.0082550048828
28-12-2006,288.0769348144531,290.4615478515625,2192125,290.4615478515625,288.30767822265625,186.46595764160156
29-12-2006,285.8461608886719,288.30767822265625,3285243,288.6153869628906,286.23077392578125,185.12269592285156
03-01-2007,287.5384521484375,287.76922607421875,5618964,293.4615478515625,292.0769348144531,188.9037322998047
04-01-2007,288.0769348144531,292.0769348144531,4067544,292.30767822265625,290.3846130371094,187.8092803955078
05-01-2007,287.0,289.0,3513536,290.4615478515625,288.9230651855469,186.86392211914062
08-01-2007,286.5384521484375,288.0769348144531,3082781,289.76922607421875,288.8461608886719,186.8141632080078
09-01-2007,287.3846130371094,290.6153869628906,3197662,292.23077392578125,288.8461608886719,186.8141632080078
10-01-2007,287.23077392578125,287.5384521484375,3119558,289.30767822265625,288.9230651855469,186.86392211914062
11-01-2007,287.8461608886719,288.4615478515625,4008121,292.0,291.69232177734375,188.65496826171875
12-01-2007,289.76922607421875,291.0769348144531,3372720,292.30767822265625,291.4615478515625,188.50576782226562
16-01-2007,291.76922607421875,292.30767822265625,4045366,294.23077392578125,293.1538391113281,189.60023498535156
17-01-2007,291.1538391113281,293.69232177734375,3960164,294.4615478515625,292.1538391113281,188.95352172851562
18-01-2007,286.6153869628906,292.3846130371094,5408390,293.6153869628906,292.30767822265625,189.05300903320312
19-01-2007,283.4615478515625,285.76922607421875,8177780,288.4615478515625,284.23077392578125,183.82923889160156
22-01-2007,281.4615478515625,285.6153869628906,5380011,287.1538391113281,282.69232177734375,182.83413696289062
23-01-2007,279.8461608886719,282.1538391113281,4567680,282.6153869628906,281.1538391113281,181.83909606933594
24-01-2007,280.9230651855469,282.30767822265625,2789605,282.69232177734375,281.8461608886719,182.28695678710938
25-01-2007,278.9230651855469,281.9230651855469,3357926,282.30767822265625,279.5384521484375,180.79434204101562
26-01-2007,277.0,280.3846130371094,3370094,281.1538391113281,277.4615478515625,179.4510955810547
29-01-2007,277.1538391113281,277.4615478515625,3243175,279.6153869628906,278.3846130371094,180.04811096191406
30-01-2007,275.0769348144531,278.4615478515625,5608473,279.5384521484375,277.1538391113281,179.25210571289062
31-01-2007,275.6153869628906,276.9230651855469,4701359,278.6153869628906,277.30767822265625,179.35159301757812
01-02-2007,275.0769348144531,278.30767822265625,4922957,278.76922607421875,278.69232177734375,180.24705505371094
02-02-2007,277.8461608886719,278.9230651855469,3263936,280.0,279.0,180.44610595703125
05-02-2007,278.4615478515625,279.0,3406273,280.6153869628906,279.76922607421875,180.94357299804688
06-02-2007,278.69232177734375,280.0,2954900,280.30767822265625,279.30767822265625,180.64511108398438
07-02-2007,277.3846130371094,279.3846130371094,2778321,279.6153869628906,277.69232177734375,179.60037231445312
08-02-2007,273.8461608886719,277.3846130371094,4378166,277.3846130371094,274.9230651855469,177.80929565429688
09-02-2007,272.9230651855469,274.69232177734375,3875144,275.69232177734375,273.30767822265625,176.7645721435547
12-02-2007,273.4615478515625,273.4615478515625,2471339,276.0,274.1538391113281,177.3118438720703
13-02-2007,274.1538391113281,274.1538391113281,2985190,276.1538391113281,275.1538391113281,177.9585723876953
14-02-2007,275.30767822265625,276.3846130371094,4148053,280.76922607421875,280.5384521484375,181.4411163330078
15-02-2007,277.3846130371094,279.69232177734375,3720444,280.5384521484375,278.0,179.79930114746094
16-02-2007,275.9230651855469,277.4615478515625,4036422,277.69232177734375,275.9230651855469,178.45606994628906
20-02-2007,275.0,275.8461608886719,3060928,277.9230651855469,277.76922607421875,179.65011596679688
21-02-2007,275.5384521484375,276.8461608886719,4507139,277.69232177734375,276.23077392578125,178.65504455566406
22-02-2007,271.6153869628906,275.5384521484375,4896294,276.0,272.30767822265625,177.50177001953125
23-02-2007,269.9230651855469,271.76922607421875,4959786,271.9230651855469,270.0,175.99758911132812
26-02-2007,270.3846130371094,271.23077392578125,3758378,272.1538391113281,271.8461608886719,177.20094299316406
27-02-2007,265.3846130371094,271.5384521484375,8148205,274.5384521484375,266.6153869628906,173.79135131835938
28-02-2007,266.5384521484375,267.69232177734375,6593509,269.8461608886719,268.5384521484375,175.0448760986328
01-03-2007,264.0,266.23077392578125,6679855,270.9230651855469,269.23077392578125,175.4961700439453
02-03-2007,266.9230651855469,268.69232177734375,5872997,270.3846130371094,268.23077392578125,174.84434509277344
05-03-2007,265.5384521484375,267.23077392578125,4270422,269.0,265.76922607421875,173.23974609375
06-03-2007,265.5384521484375,267.1538391113281,4419675,268.0,267.0769348144531,174.0921630859375
07-03-2007,264.0,267.23077392578125,5068336,267.30767822265625,264.0769348144531,172.1366424560547
08-03-2007,264.23077392578125,266.1538391113281,3786185,266.4615478515625,265.0,172.73837280273438
09-03-2007,263.23077392578125,265.9230651855469,4449874,266.4615478515625,264.0,172.08648681640625
12-03-2007,261.6153869628906,263.69232177734375,3926858,266.3846130371094,264.9230651855469,172.68826293945312
13-03-2007,261.6153869628906,263.6153869628906,5056753,264.4615478515625,262.23077392578125,170.93324279785156
14-03-2007,260.76922607421875,262.23077392578125,5274256,264.6153869628906,263.9230651855469,172.03636169433594
15-03-2007,262.3846130371094,263.0769348144531,4657224,266.76922607421875,265.5384521484375,173.08932495117188
16-03-2007,263.4615478515625,266.1538391113281,5823649,268.0,264.30767822265625,172.2870330810547
19-03-2007,264.8461608886719,265.3846130371094,3448796,266.69232177734375,266.69232177734375,173.84152221679688
20-03-2007,265.3846130371094,266.3846130371094,3674372,268.0769348144531,267.4615478515625,174.3428955078125
21-03-2007,267.1538391113281,267.30767822265625,6556394,274.6153869628906,272.9230651855469,177.90292358398438
22-03-2007,272.30767822265625,272.6153869628906,4371406,275.69232177734375,275.4615478515625,179.55764770507812
23-03-2007,273.8461608886719,275.30767822265625,4350294,276.23077392578125,275.5384521484375,179.60775756835938
26-03-2007,272.6153869628906,275.76922607421875,3857789,276.9230651855469,276.9230651855469,180.5102996826172
27-03-2007,274.30767822265625,275.3846130371094,3858049,276.1538391113281,275.30767822265625,179.4573516845703
28-03-2007,271.5384521484375,274.6153869628906,5384795,274.8461608886719,273.4615478515625,178.25389099121094
29-03-2007,271.8461608886719,273.8461608886719,3571334,274.8461608886719,273.4615478515625,178.25389099121094
30-03-2007,269.23077392578125,273.5384521484375,4442113,273.69232177734375,272.0,177.30128479003906
02-04-2007,270.0769348144531,272.0,3054506,273.30767822265625,271.4615478515625,176.95028686523438
03-04-2007,270.5384521484375,272.5384521484375,4025567,273.8461608886719,271.69232177734375,177.10069274902344
04-04-2007,269.76922607421875,272.0769348144531,4510662,272.1538391113281,270.0769348144531,176.0477294921875
05-04-2007,268.76922607421875,270.23077392578125,3461289,270.69232177734375,269.3846130371094,175.596435546875
09-04-2007,267.30767822265625,270.0,3439267,270.3846130371094,267.5384521484375,174.39306640625
10-04-2007,267.30767822265625,267.69232177734375,3806270,269.1538391113281,268.30767822265625,174.8944854736328
11-04-2007,268.1538391113281,269.23077392578125,3961906,270.76922607421875,268.8461608886719,175.24549865722656
12-04-2007,268.1538391113281,270.4615478515625,4003181,271.0769348144531,270.6153869628906,176.39869689941406
13-04-2007,271.1538391113281,273.8461608886719,4633577,273.8461608886719,272.1538391113281,177.40155029296875
16-04-2007,270.76922607421875,273.0769348144531,4394572,273.8461608886719,272.0,177.30128479003906
17-04-2007,269.69232177734375,272.0769348144531,4989439,272.0769348144531,270.76922607421875,176.4989776611328
18-04-2007,268.4615478515625,270.4615478515625,4938843,271.1538391113281,270.23077392578125,176.14804077148438
19-04-2007,268.4615478515625,269.6153869628906,5257954,272.1538391113281,269.23077392578125,175.4961700439453
20-04-2007,268.69232177734375,271.0,7589283,271.0769348144531,270.23077392578125,176.14804077148438
23-04-2007,267.5384521484375,270.23077392578125,4570319,270.3846130371094,267.69232177734375,174.49331665039062
24-04-2007,265.76922607421875,267.69232177734375,4865679,268.76922607421875,267.3846130371094,174.29275512695312
25-04-2007,268.5384521484375,269.0769348144531,5853146,272.69232177734375,272.3846130371094,177.55198669433594
26-04-2007,272.76922607421875,272.76922607421875,6001450,275.76922607421875,275.69232177734375,179.70806884765625
27-04-2007,277.0769348144531,277.69232177734375,11923106,286.30767822265625,283.3846130371094,184.72222900390625
30-04-2007,281.6153869628906,283.8461608886719,6525831,286.4615478515625,283.5384521484375,184.82254028320312
01-05-2007,282.4615478515625,283.23077392578125,5714969,286.0,285.3846130371094,186.02597045898438
02-05-2007,285.5384521484375,285.5384521484375,5233735,288.9230651855469,287.0,187.07891845703125
03-05-2007,285.6153869628906,287.23077392578125,3659981,287.8461608886719,287.23077392578125,187.22935485839844
04-05-2007,285.0769348144531,288.0,3904927,288.0,285.76922607421875,186.276611328125
07-05-2007,285.76922607421875,286.3846130371094,2701036,287.9230651855469,286.4615478515625,186.72796630859375
08-05-2007,284.23077392578125,285.30767822265625,3464162,286.0769348144531,285.23077392578125,185.92568969726562
09-05-2007,283.5384521484375,284.0,3825549,287.1538391113281,286.6153869628906,186.82814025878906
10-05-2007,282.30767822265625,285.3846130371094,3554616,285.3846130371094,282.9230651855469,184.42135620117188
11-05-2007,283.0769348144531,283.0769348144531,2684669,284.9230651855469,284.3846130371094,185.37413024902344
14-05-2007,280.76922607421875,284.6153869628906,3603249,284.6153869628906,281.5384521484375,183.51881408691406
15-05-2007,281.6153869628906,282.0769348144531,3605680,286.1538391113281,281.8461608886719,183.71946716308594
16-05-2007,280.9230651855469,282.4615478515625,3413397,283.76922607421875,283.30767822265625,184.67213439941406
17-05-2007,280.3846130371094,282.69232177734375,3167957,283.30767822265625,281.0,183.16787719726562
18-05-2007,282.30767822265625,283.0769348144531,5393531,286.69232177734375,284.30767822265625,185.32394409179688
21-05-2007,284.6153869628906,287.0,5277662,288.0769348144531,285.3846130371094,186.02597045898438
22-05-2007,285.4615478515625,286.30767822265625,3972605,288.9230651855469,287.23077392578125,187.22935485839844
23-05-2007,287.23077392578125,288.4615478515625,4456192,290.76922607421875,289.23077392578125,188.53302001953125
24-05-2007,286.76922607421875,290.30767822265625,3996161,290.8461608886719,287.5384521484375,187.42991638183594
25-05-2007,287.0769348144531,287.9230651855469,3105622,289.4615478515625,288.9230651855469,188.33241271972656
29-05-2007,285.69232177734375,289.30767822265625,3795740,289.9230651855469,287.69232177734375,187.53016662597656
30-05-2007,285.8461608886719,286.0769348144531,3510468,290.3846130371094,290.23077392578125,189.18479919433594
31-05-2007,288.5384521484375,290.6153869628906,4114045,290.69232177734375,289.0769348144531,188.43276977539062
01-06-2007,286.4615478515625,289.8461608886719,4304196,290.3846130371094,288.0769348144531,187.7808837890625
04-06-2007,289.8461608886719,290.69232177734375,4538495,292.4615478515625,290.8461608886719,189.5860137939453
05-06-2007,287.4615478515625,290.8461608886719,5282563,290.8461608886719,287.69232177734375,187.53016662597656
06-06-2007,285.5384521484375,286.9230651855469,4430959,287.69232177734375,286.8461608886719,186.97857666015625
07-06-2007,282.5384521484375,286.23077392578125,5119127,287.4615478515625,282.76922607421875,184.32106018066406
08-06-2007,281.9230651855469,283.0769348144531,3898700,287.23077392578125,287.0769348144531,187.12904357910156
11-06-2007,285.0,285.1538391113281,3441048,289.3846130371094,288.1538391113281,187.8309783935547
12-06-2007,285.0,287.30767822265625,4167800,288.3846130371094,285.0,185.7752685546875
13-06-2007,285.3846130371094,286.5384521484375,4333914,289.69232177734375,289.5384521484375,188.7335968017578
14-06-2007,289.23077392578125,289.23077392578125,4512677,292.1538391113281,290.76922607421875,189.53579711914062
15-06-2007,292.0,292.0,6188130,293.5384521484375,293.23077392578125,191.1403350830078
18-06-2007,292.0,293.69232177734375,3316742,293.69232177734375,292.8461608886719,190.8896942138672
19-06-2007,291.6153869628906,291.9230651855469,10096840,304.6153869628906,302.23077392578125,197.0070037841797
20-06-2007,299.69232177734375,303.4615478515625,7822178,305.9230651855469,300.5384521484375,195.90390014648438
21-06-2007,296.1538391113281,299.6153869628906,5771350,299.6153869628906,298.4615478515625,195.9542999267578
22-06-2007,294.1538391113281,297.76922607421875,8870433,301.1538391113281,294.1538391113281,193.12615966796875
25-06-2007,291.76922607421875,294.8461608886719,6400875,296.9230651855469,293.9230651855469,192.9746551513672
26-06-2007,291.30767822265625,294.6153869628906,5801692,294.76922607421875,292.4615478515625,192.01502990722656
27-06-2007,289.5384521484375,290.9230651855469,5382260,293.0,292.76922607421875,192.21705627441406
28-06-2007,290.6153869628906,293.4615478515625,4438486,295.23077392578125,293.23077392578125,192.52008056640625
29-06-2007,292.30767822265625,294.0769348144531,5809999,297.69232177734375,294.4615478515625,193.32821655273438
02-07-2007,292.4615478515625,295.5384521484375,3852953,296.4615478515625,294.30767822265625,193.22715759277344
03-07-2007,295.0769348144531,295.0769348144531,2839213,298.3846130371094,297.69232177734375,195.44932556152344
05-07-2007,295.1538391113281,296.76922607421875,3375567,297.4615478515625,296.4615478515625,194.6412811279297
06-07-2007,295.1538391113281,296.0,3876158,296.9230651855469,296.0,194.3381805419922
09-07-2007,295.1538391113281,296.6153869628906,3987490,297.5384521484375,297.0769348144531,195.0452880859375
10-07-2007,291.4615478515625,295.76922607421875,5129020,296.0769348144531,291.5384521484375,191.4089813232422
11-07-2007,290.23077392578125,290.76922607421875,4327362,294.1538391113281,293.8461608886719,192.92416381835938
12-07-2007,293.8461608886719,295.69232177734375,5854992,300.0,300.0,196.9644317626953
13-07-2007,303.8461608886719,304.8461608886719,9884784,309.0,303.8461608886719,199.4896240234375
16-07-2007,304.1538391113281,304.6153869628906,5254795,309.23077392578125,308.6153869628906,202.62083435058594
17-07-2007,307.69232177734375,307.76922607421875,7549204,315.0,313.1538391113281,205.60052490234375
18-07-2007,307.1538391113281,310.1538391113281,6476340,313.69232177734375,311.1538391113281,204.28749084472656
19-07-2007,311.3846130371094,312.1538391113281,3869632,313.76922607421875,313.1538391113281,205.60052490234375
20-07-2007,307.69232177734375,311.0769348144531,6406543,314.0,308.6153869628906,202.62083435058594
23-07-2007,310.0,310.0,4347616,315.0769348144531,314.0,206.1560821533203
24-07-2007,308.8461608886719,312.5384521484375,5987696,315.23077392578125,309.3846130371094,203.12586975097656
25-07-2007,307.23077392578125,312.0769348144531,5474573,313.23077392578125,310.9230651855469,204.13595581054688
26-07-2007,302.69232177734375,307.76922607421875,8129524,312.6153869628906,304.0769348144531,199.64109802246094
27-07-2007,298.3846130371094,304.69232177734375,6255210,305.69232177734375,298.3846130371094,195.90390014648438
30-07-2007,297.30767822265625,300.23077392578125,5210803,303.3846130371094,302.0769348144531,198.32801818847656
31-07-2007,297.9230651855469,304.1538391113281,5560971,305.76922607421875,298.1538391113281,195.75234985351562
01-08-2007,295.76922607421875,296.9230651855469,6963814,302.23077392578125,299.6153869628906,196.71192932128906
02-08-2007,297.23077392578125,300.0,4815759,301.3846130371094,300.23077392578125,197.11590576171875
03-08-2007,292.76922607421875,298.8461608886719,6178783,300.69232177734375,292.76922607421875,192.21705627441406
06-08-2007,292.3846130371094,294.0769348144531,6843720,301.76922607421875,300.76922607421875,197.46945190429688
07-08-2007,298.0,299.1538391113281,6077045,305.6153869628906,303.69232177734375,199.38856506347656
08-08-2007,303.5384521484375,303.8461608886719,6043674,311.23077392578125,311.23077392578125,204.33798217773438
09-08-2007,299.0,305.1538391113281,7795918,308.69232177734375,299.5384521484375,196.6614227294922
10-08-2007,286.0769348144531,296.1538391113281,11123489,297.1538391113281,294.0769348144531,193.07568359375
13-08-2007,292.30767822265625,296.69232177734375,5464316,298.4615478515625,293.6153869628906,192.7726287841797
14-08-2007,288.5384521484375,293.6153869628906,5740059,293.76922607421875,289.8461608886719,190.29800415039062
15-08-2007,282.4615478515625,289.0769348144531,7056244,291.76922607421875,283.8461608886719,186.3586883544922
16-08-2007,278.4615478515625,280.8461608886719,8539713,286.8461608886719,286.1538391113281,187.87384033203125
17-08-2007,290.1538391113281,293.1538391113281,8109595,297.23077392578125,295.76922607421875,194.18670654296875
20-08-2007,290.3846130371094,296.0769348144531,5236517,296.1538391113281,294.0,193.0251922607422
21-08-2007,292.1538391113281,292.5384521484375,4573283,298.23077392578125,295.0,193.68167114257812
22-08-2007,296.1538391113281,297.30767822265625,5005806,302.1538391113281,301.0769348144531,197.67149353027344
23-08-2007,296.9230651855469,301.6153869628906,4304846,303.23077392578125,300.9230651855469,197.5704803466797
24-08-2007,299.8461608886719,300.30767822265625,4526587,303.6153869628906,303.1538391113281,199.0350341796875
27-08-2007,299.23077392578125,302.0,2989103,302.0,300.0,196.9644317626953
28-08-2007,292.69232177734375,298.69232177734375,4874727,299.3846130371094,292.69232177734375,192.1665802001953
29-08-2007,293.4615478515625,294.1538391113281,5389956,298.0769348144531,297.76922607421875,195.49986267089844
30-08-2007,294.23077392578125,294.76922607421875,3007498,297.8461608886719,295.3846130371094,193.9342041015625
31-08-2007,296.0769348144531,298.4615478515625,4855890,300.69232177734375,299.0,196.307861328125
04-09-2007,296.23077392578125,298.76922607421875,4330014,302.30767822265625,300.30767822265625,197.1664581298828
05-09-2007,295.76922607421875,298.23077392578125,4878445,299.76922607421875,298.0769348144531,195.7018280029297
06-09-2007,296.23077392578125,298.5384521484375,5126472,303.4615478515625,303.0769348144531,198.98452758789062
07-09-2007,297.0,299.30767822265625,5845216,300.0,298.0769348144531,195.7018280029297
10-09-2007,296.23077392578125,298.4615478515625,4942912,304.0769348144531,301.4615478515625,197.92408752441406
11-09-2007,300.3846130371094,301.5384521484375,4405037,305.69232177734375,303.8461608886719,199.4896240234375
12-09-2007,302.3846130371094,303.0,5469633,309.6153869628906,306.9230651855469,201.50979614257812
13-09-2007,307.23077392578125,307.76922607421875,5838638,313.8461608886719,311.6153869628906,204.5904998779297
14-09-2007,307.23077392578125,309.5384521484375,4662242,312.5384521484375,310.3846130371094,203.78240966796875
17-09-2007,308.0,308.30767822265625,3156296,310.3846130371094,309.0769348144531,202.92393493652344
18-09-2007,309.23077392578125,310.4615478515625,6693050,321.1538391113281,320.6153869628906,210.49935913085938
19-09-2007,320.30767822265625,321.30767822265625,5781620,323.6153869628906,321.30767822265625,210.9540252685547
20-09-2007,315.76922607421875,319.23077392578125,4223518,319.23077392578125,317.23077392578125,209.682861328125
21-09-2007,316.76922607421875,320.0769348144531,4986735,321.0,317.30767822265625,209.733642578125
24-09-2007,313.6153869628906,317.30767822265625,3768154,318.0,314.23077392578125,207.6998748779297
25-09-2007,312.0,313.4615478515625,3462875,318.0,316.1538391113281,208.97103881835938
26-09-2007,315.0769348144531,316.76922607421875,4159233,319.23077392578125,317.4615478515625,209.83546447753906
27-09-2007,316.3846130371094,318.4615478515625,2986373,319.4615478515625,318.3846130371094,210.44561767578125
28-09-2007,316.1538391113281,317.3846130371094,3863587,319.23077392578125,318.4615478515625,210.49630737304688
01-10-2007,317.5384521484375,317.5384521484375,5701332,323.76922607421875,323.23077392578125,213.64869689941406
02-10-2007,321.5384521484375,323.30767822265625,2507648,324.23077392578125,324.0,214.15721130371094
03-10-2007,319.23077392578125,322.69232177734375,3422172,323.9230651855469,319.6153869628906,211.25900268554688
04-10-2007,318.8461608886719,320.8461608886719,2086175,322.0769348144531,320.76922607421875,212.02163696289062
05-10-2007,320.69232177734375,322.5384521484375,2832479,323.4615478515625,321.30767822265625,212.377685546875
08-10-2007,318.5384521484375,321.0769348144531,1886248,321.5384521484375,319.4615478515625,211.15736389160156
09-10-2007,319.23077392578125,319.30767822265625,2541084,323.30767822265625,323.23077392578125,213.64869689941406
10-10-2007,320.76922607421875,322.4615478515625,2499133,323.69232177734375,321.6153869628906,212.58099365234375
11-10-2007,318.23077392578125,322.69232177734375,3865615,323.76922607421875,320.0,211.51319885253906
12-10-2007,308.6153869628906,314.30767822265625,6682741,315.69232177734375,315.6153869628906,208.61508178710938
15-10-2007,310.8461608886719,314.6153869628906,5173727,314.9230651855469,314.0,207.54734802246094
16-10-2007,312.1538391113281,313.69232177734375,4584489,314.30767822265625,313.6153869628906,207.29310607910156
17-10-2007,313.6153869628906,314.8461608886719,5739240,316.4615478515625,315.3846130371094,208.46255493164062
18-10-2007,311.69232177734375,314.8461608886719,4188197,315.3846130371094,313.76922607421875,207.39479064941406
19-10-2007,306.69232177734375,311.76922607421875,7369778,313.76922607421875,308.0,203.58143615722656
22-10-2007,305.23077392578125,306.4615478515625,3705858,309.5384521484375,309.0,204.24241638183594
23-10-2007,307.8461608886719,309.69232177734375,3495323,312.23077392578125,311.3846130371094,205.81863403320312
24-10-2007,303.0769348144531,310.9230651855469,5353244,311.3846130371094,309.4615478515625,204.54757690429688
25-10-2007,305.5384521484375,310.6153869628906,5708066,311.9230651855469,308.9230651855469,204.19163513183594
26-10-2007,307.3846130371094,310.3846130371094,3342976,311.5384521484375,310.6153869628906,205.31024169921875
29-10-2007,310.1538391113281,311.30767822265625,3476369,312.9230651855469,312.0,206.22537231445312
30-10-2007,310.0769348144531,311.4615478515625,3362645,312.69232177734375,311.3846130371094,205.81863403320312
31-10-2007,311.23077392578125,312.4615478515625,4452305,317.0769348144531,316.6153869628906,209.27606201171875
01-11-2007,309.0,314.5384521484375,4948996,315.23077392578125,310.30767822265625,205.10687255859375
02-11-2007,307.4615478515625,311.5384521484375,4801459,311.76922607421875,310.23077392578125,205.05593872070312
05-11-2007,307.30767822265625,307.30767822265625,3860610,311.8461608886719,309.23077392578125,204.39503479003906
06-11-2007,307.4615478515625,309.23077392578125,5477030,311.4615478515625,309.0769348144531,204.29336547851562
07-11-2007,299.9230651855469,306.9230651855469,6073613,307.1538391113281,300.6153869628906,198.7003936767578
08-11-2007,288.4615478515625,301.5384521484375,6886139,302.4615478515625,300.1538391113281,198.3953094482422
09-11-2007,293.1538391113281,296.30767822265625,5548569,298.0769348144531,295.23077392578125,195.14137268066406
12-11-2007,293.6153869628906,294.1538391113281,4805840,300.30767822265625,294.23077392578125,194.48031616210938
13-11-2007,294.23077392578125,296.1538391113281,5466942,301.9230651855469,301.6153869628906,199.3614501953125
14-11-2007,298.6153869628906,306.9230651855469,5166161,307.30767822265625,300.0769348144531,198.3445587158203
15-11-2007,293.30767822265625,299.4615478515625,5406700,299.4615478515625,294.69232177734375,194.7854461669922
16-11-2007,291.30767822265625,296.1538391113281,6523543,297.4615478515625,297.30767822265625,196.51409912109375
19-11-2007,292.30767822265625,296.0,4603950,296.23077392578125,293.5384521484375,194.02273559570312
20-11-2007,288.4615478515625,293.4615478515625,5628610,297.0,292.6153869628906,193.4125518798828
21-11-2007,284.1538391113281,289.6153869628906,8384233,292.23077392578125,285.9230651855469,188.9892120361328
23-11-2007,285.8461608886719,287.4615478515625,3054714,291.30767822265625,289.76922607421875,191.5314178466797
26-11-2007,280.9230651855469,290.3846130371094,5458856,290.3846130371094,282.5384521484375,186.75189208984375
27-11-2007,283.0769348144531,283.4615478515625,5777174,289.76922607421875,288.0769348144531,190.4127655029297
28-11-2007,288.9230651855469,289.9230651855469,6752759,297.3846130371094,295.8461608886719,195.54811096191406
29-11-2007,290.76922607421875,294.5384521484375,4642859,294.76922607421875,293.3846130371094,193.9210205078125
30-11-2007,289.6153869628906,297.4615478515625,7045818,297.4615478515625,294.5384521484375,194.68370056152344
03-12-2007,281.5384521484375,293.8461608886719,8891623,293.8461608886719,284.0769348144531,187.76881408691406
04-12-2007,277.4615478515625,282.4615478515625,7644871,283.23077392578125,278.8461608886719,184.31146240234375
05-12-2007,278.76922607421875,281.5384521484375,7491172,283.3846130371094,282.3846130371094,186.6501922607422
06-12-2007,281.0769348144531,282.30767822265625,4624620,286.8461608886719,286.6153869628906,189.44674682617188
07-12-2007,284.23077392578125,286.5384521484375,4237987,288.4615478515625,286.3846130371094,189.29420471191406
10-12-2007,285.0,286.6153869628906,5815966,288.3846130371094,287.76922607421875,190.2093963623047
11-12-2007,278.0769348144531,287.69232177734375,8650278,291.9230651855469,284.8461608886719,188.27728271484375
12-12-2007,283.4615478515625,291.9230651855469,6676904,293.3846130371094,286.5384521484375,189.39585876464844
13-12-2007,282.69232177734375,284.6153869628906,4678258,290.69232177734375,289.0769348144531,191.0737762451172
14-12-2007,283.6153869628906,288.30767822265625,5438888,288.5384521484375,283.9230651855469,187.66712951660156
17-12-2007,279.0769348144531,283.23077392578125,5248334,283.8461608886719,280.6153869628906,185.4808807373047
18-12-2007,278.76922607421875,282.1538391113281,5488444,284.0769348144531,283.0769348144531,187.10791015625
19-12-2007,279.3846130371094,282.9230651855469,5203510,284.76922607421875,281.30767822265625,185.93844604492188
20-12-2007,278.6153869628906,281.5384521484375,4376047,281.9230651855469,280.9230651855469,187.27171325683594
21-12-2007,281.9230651855469,282.3846130371094,9878713,289.23077392578125,285.69232177734375,190.4509735107422
24-12-2007,285.76922607421875,287.69232177734375,2205593,290.5384521484375,288.69232177734375,192.45098876953125
26-12-2007,287.69232177734375,287.76922607421875,2814318,289.9230651855469,288.8461608886719,192.55348205566406
27-12-2007,285.4615478515625,287.69232177734375,3038048,288.76922607421875,286.0769348144531,190.70738220214844
28-12-2007,285.0769348144531,287.30767822265625,2957110,289.0769348144531,287.23077392578125,191.47666931152344
31-12-2007,284.30767822265625,286.9230651855469,3137082,286.9230651855469,285.1538391113281,190.09210205078125
02-01-2008,281.1538391113281,285.3846130371094,5058872,288.0769348144531,282.76922607421875,188.50242614746094
03-01-2008,282.30767822265625,283.1538391113281,3506906,286.30767822265625,283.0769348144531,188.7075653076172
04-01-2008,276.76922607421875,281.0769348144531,5295017,282.0769348144531,277.23077392578125,184.81036376953125
07-01-2008,276.23077392578125,278.5384521484375,6176313,280.76922607421875,278.30767822265625,185.5281982421875
08-01-2008,270.76922607421875,280.23077392578125,5858775,280.23077392578125,272.30767822265625,181.52842712402344
09-01-2008,270.3846130371094,272.9230651855469,6331169,276.4615478515625,275.3846130371094,183.57960510253906
10-01-2008,272.0769348144531,273.8461608886719,5892354,278.69232177734375,276.30767822265625,184.19493103027344
11-01-2008,269.0769348144531,273.5384521484375,5982327,273.8461608886719,270.5384521484375,180.3489990234375
14-01-2008,271.1538391113281,275.0769348144531,4420780,275.0769348144531,272.76922607421875,181.8361053466797
15-01-2008,264.23077392578125,271.23077392578125,7007949,271.30767822265625,265.6153869628906,177.06710815429688
16-01-2008,263.9230651855469,264.0769348144531,7847034,269.8461608886719,265.8461608886719,177.22100830078125
17-01-2008,253.23077392578125,267.23077392578125,10596794,267.69232177734375,255.46153259277344,170.2982940673828
18-01-2008,260.0,260.9230651855469,11995919,269.0769348144531,263.9230651855469,175.93902587890625
22-01-2008,255.3076934814453,255.38461303710938,9566986,266.9230651855469,261.9230651855469,174.60574340820312
23-01-2008,255.76922607421875,259.6153869628906,10391966,266.9230651855469,266.0769348144531,177.3748321533203
24-01-2008,261.1538391113281,266.5384521484375,6965751,267.3846130371094,266.5384521484375,177.6824493408203
25-01-2008,260.5384521484375,268.8461608886719,6870396,269.9230651855469,261.5384521484375,174.3492889404297
28-01-2008,262.6153869628906,263.9230651855469,4920565,267.30767822265625,267.0769348144531,178.04148864746094
29-01-2008,265.3846130371094,269.0,4671680,269.76922607421875,267.3846130371094,178.24658203125
30-01-2008,265.9230651855469,266.76922607421875,6687122,274.76922607421875,268.76922607421875,179.16957092285156
31-01-2008,265.3846130371094,266.23077392578125,7221656,274.3846130371094,272.0,181.32334899902344
01-02-2008,272.0,273.76922607421875,7311603,279.23077392578125,278.1538391113281,185.42564392089844
04-02-2008,270.69232177734375,278.23077392578125,5700383,278.8461608886719,272.0769348144531,181.3745880126953
05-02-2008,262.9230651855469,269.9230651855469,7175636,269.9230651855469,263.1538391113281,175.42617797851562
06-02-2008,261.5384521484375,265.0769348144531,4922710,266.30767822265625,263.0769348144531,175.37490844726562
07-02-2008,261.69232177734375,262.1538391113281,6709989,265.30767822265625,263.30767822265625,175.52870178222656
08-02-2008,258.0,262.3846130371094,5333822,263.0,260.30767822265625,173.52886962890625
11-02-2008,258.0769348144531,261.0769348144531,4185766,263.0,261.6153869628906,174.40066528320312
12-02-2008,262.30767822265625,263.4615478515625,4890288,266.5384521484375,264.3846130371094,176.2466583251953
13-02-2008,266.0769348144531,266.5384521484375,5586685,270.0,269.0769348144531,179.37474060058594
14-02-2008,263.6153869628906,269.1538391113281,5444634,269.30767822265625,264.5384521484375,176.34921264648438
15-02-2008,262.30767822265625,264.30767822265625,5183308,265.4615478515625,264.3846130371094,176.2466583251953
19-02-2008,262.3846130371094,265.8461608886719,4335474,268.23077392578125,263.69232177734375,175.78517150878906
20-02-2008,260.0,261.9230651855469,4709016,265.0,264.30767822265625,176.19541931152344
21-02-2008,257.4615478515625,264.30767822265625,7073820,264.30767822265625,259.1538391113281,174.33253479003906
22-02-2008,255.0,259.30767822265625,5200624,260.0,258.0769348144531,173.60804748535156
25-02-2008,258.0769348144531,258.0769348144531,5085691,263.6153869628906,263.1538391113281,177.02328491210938
26-02-2008,259.76922607421875,262.0769348144531,6063408,262.69232177734375,261.0769348144531,175.62625122070312
27-02-2008,259.4615478515625,260.0,4269057,263.69232177734375,261.69232177734375,176.04013061523438
28-02-2008,258.6153869628906,261.3846130371094,4264481,261.5384521484375,260.3846130371094,175.16049194335938
29-02-2008,254.53846740722656,259.5384521484375,6778785,259.6153869628906,254.92308044433594,171.4865264892578
03-03-2008,254.92308044433594,256.4615478515625,4485767,257.69232177734375,256.9230651855469,172.83187866210938
04-03-2008,254.92308044433594,255.15383911132812,5837572,258.4615478515625,257.8461608886719,173.45281982421875
05-03-2008,256.0769348144531,259.4615478515625,5658107,261.1538391113281,259.0,174.22906494140625
06-03-2008,252.3076934814453,258.0,6803771,258.3846130371094,252.76922607421875,170.03762817382812
07-03-2008,246.23077392578125,251.3076934814453,7401082,253.46153259277344,247.92308044433594,166.7776336669922
10-03-2008,243.46153259277344,249.53846740722656,7226232,249.61538696289062,243.84616088867188,164.03506469726562
11-03-2008,248.53846740722656,249.3076934814453,8694127,256.9230651855469,256.9230651855469,172.83187866210938
12-03-2008,257.30767822265625,257.30767822265625,9183863,265.0769348144531,261.23077392578125,175.72964477539062
13-03-2008,256.23077392578125,257.76922607421875,8389043,265.4615478515625,263.4615478515625,177.2303466796875
14-03-2008,254.3076934814453,265.5384521484375,9502935,265.9230651855469,260.1538391113281,175.00531005859375
17-03-2008,252.53846740722656,253.76922607421875,10589124,267.1538391113281,264.0769348144531,177.64431762695312
18-03-2008,267.0,268.5384521484375,10879154,278.6153869628906,278.0,187.01031494140625
19-03-2008,273.4615478515625,278.4615478515625,9028331,281.76922607421875,273.76922607421875,184.16432189941406
20-03-2008,280.0,281.0769348144531,14401985,290.30767822265625,288.3846130371094,193.99600219726562
24-03-2008,284.9230651855469,289.4615478515625,6109597,289.76922607421875,287.69232177734375,193.53036499023438
25-03-2008,284.0,286.5384521484375,5863429,288.69232177734375,286.69232177734375,192.8576202392578
26-03-2008,283.0,284.76922607421875,5782218,286.5384521484375,285.6153869628906,192.1331787109375
27-03-2008,282.4615478515625,286.6153869628906,4854681,287.30767822265625,283.30767822265625,190.58084106445312
28-03-2008,280.8461608886719,283.6153869628906,4460118,285.0769348144531,281.6153869628906,189.4423828125
31-03-2008,281.0769348144531,281.3846130371094,5330533,286.76922607421875,284.69232177734375,191.5122528076172
01-04-2008,287.0769348144531,287.3846130371094,6585280,295.6153869628906,295.6153869628906,198.86013793945312
02-04-2008,290.0769348144531,294.30767822265625,4838912,296.30767822265625,292.4615478515625,196.73858642578125
03-04-2008,289.0,290.30767822265625,4210882,292.5384521484375,291.0769348144531,195.80718994140625
04-04-2008,287.0769348144531,290.9230651855469,3936621,291.3846130371094,288.9230651855469,194.3582305908203
07-04-2008,285.3846130371094,291.30767822265625,5130502,291.5384521484375,286.6153869628906,192.80587768554688
08-04-2008,281.1538391113281,283.8461608886719,4822090,285.23077392578125,284.23077392578125,191.20179748535156
09-04-2008,278.5384521484375,283.8461608886719,4495400,283.8461608886719,280.30767822265625,188.562744140625
10-04-2008,278.1538391113281,280.0,5772832,285.1538391113281,282.69232177734375,190.1668243408203
11-04-2008,244.6923065185547,250.0,47605740,253.92308044433594,246.53846740722656,165.84619140625
14-04-2008,244.23077392578125,249.07691955566406,12747592,249.38461303710938,244.23077392578125,164.29383850097656
15-04-2008,242.6923065185547,246.46153259277344,8440198,247.0,246.0,165.48394775390625
16-04-2008,246.3076934814453,248.76922607421875,10332465,248.84616088867188,247.92308044433594,166.7776336669922
17-04-2008,246.15383911132812,247.0,7938060,249.23077392578125,246.3076934814453,165.69093322753906
18-04-2008,248.23077392578125,249.38461303710938,9365759,253.61538696289062,251.46153259277344,169.15792846679688
21-04-2008,249.07691955566406,251.53846740722656,4337606,251.84616088867188,249.6923065185547,167.96775817871094
22-04-2008,247.6923065185547,250.0,5330312,251.53846740722656,248.6923065185547,167.2951202392578
23-04-2008,248.3076934814453,249.92308044433594,5444400,251.6923065185547,248.92308044433594,167.45034790039062
24-04-2008,249.46153259277344,249.53846740722656,7092202,256.69232177734375,252.38461303710938,169.7788543701172
25-04-2008,252.38461303710938,253.92308044433594,5392855,256.8461608886719,256.3846130371094,172.46963500976562
28-04-2008,254.07691955566406,257.4615478515625,4892693,258.9230651855469,255.15383911132812,171.64170837402344
29-04-2008,251.92308044433594,255.3076934814453,5212532,255.84616088867188,252.46153259277344,169.83062744140625
30-04-2008,250.76922607421875,252.6923065185547,5251909,256.0,251.53846740722656,169.20968627929688
01-05-2008,251.07691955566406,252.3076934814453,5460221,256.0769348144531,254.76922607421875,171.38302612304688
02-05-2008,255.15383911132812,257.0,5287061,258.6153869628906,256.4615478515625,172.5214385986328
05-05-2008,253.53846740722656,256.6153869628906,3572712,256.6153869628906,255.23077392578125,171.69349670410156
06-05-2008,250.92308044433594,254.38461303710938,5533957,255.15383911132812,253.84616088867188,170.76206970214844
07-05-2008,250.0,253.92308044433594,4948736,254.61538696289062,250.53846740722656,168.53700256347656
08-05-2008,249.61538696289062,251.6923065185547,4476160,252.3076934814453,250.6923065185547,168.64047241210938
09-05-2008,247.23077392578125,249.6923065185547,5050136,249.6923065185547,248.23077392578125,166.98455810546875
12-05-2008,247.6923065185547,248.6923065185547,3988582,250.23077392578125,249.23077392578125,167.65728759765625
13-05-2008,248.15383911132812,250.23077392578125,4804982,251.53846740722656,248.6923065185547,167.2951202392578
14-05-2008,248.6923065185547,249.38461303710938,4613180,251.6923065185547,250.07691955566406,168.2264862060547
15-05-2008,247.46153259277344,251.23077392578125,7070102,251.61538696289062,249.0,167.50209045410156
16-05-2008,245.92308044433594,249.61538696289062,7386782,249.6923065185547,247.15383911132812,166.26014709472656
19-05-2008,246.15383911132812,247.15383911132812,7555860,251.53846740722656,249.23077392578125,167.65728759765625
20-05-2008,242.6923065185547,248.07691955566406,8915088,248.23077392578125,244.0,164.1385040283203
21-05-2008,237.76922607421875,244.38461303710938,12390365,244.46153259277344,238.38461303710938,160.361083984375
22-05-2008,236.92308044433594,238.53846740722656,7051564,240.38461303710938,238.53846740722656,160.464599609375
23-05-2008,233.46153259277344,238.15383911132812,8120970,238.23077392578125,234.07691955566406,157.46328735351562
27-05-2008,232.38461303710938,234.0,8545511,236.84616088867188,233.84616088867188,157.30809020996094
28-05-2008,232.38461303710938,235.15383911132812,8242364,236.0,235.0,158.08425903320312
29-05-2008,232.76922607421875,234.23077392578125,8260603,238.3076934814453,235.6923065185547,158.55003356933594
30-05-2008,235.15383911132812,236.84616088867188,6504784,237.92308044433594,236.3076934814453,158.9639892578125
02-06-2008,232.15383911132812,236.53846740722656,6613191,237.61538696289062,233.92308044433594,157.35984802246094
03-06-2008,232.6923065185547,235.07691955566406,6816316,236.92308044433594,234.3076934814453,157.6185760498047
04-06-2008,233.07691955566406,234.3076934814453,5839444,236.38461303710938,234.23077392578125,157.56683349609375
05-06-2008,234.3076934814453,235.07691955566406,7202780,239.53846740722656,238.92308044433594,160.72332763671875
06-06-2008,230.76922607421875,237.38461303710938,9040642,237.38461303710938,230.92308044433594,155.34169006347656
09-06-2008,229.84616088867188,232.53846740722656,7650513,233.46153259277344,231.23077392578125,155.54869079589844
10-06-2008,229.07691955566406,230.23077392578125,6413030,236.46153259277344,233.3076934814453,156.9458770751953
11-06-2008,229.23077392578125,233.6923065185547,8728148,234.23077392578125,229.46153259277344,154.3585662841797
12-06-2008,222.23077392578125,230.53846740722656,12428780,233.15383911132812,223.46153259277344,150.32235717773438
13-06-2008,219.15383911132812,225.84616088867188,15050854,226.15383911132812,224.23077392578125,150.83981323242188
16-06-2008,218.3076934814453,220.6923065185547,11262927,225.0,222.84616088867188,149.90830993652344
17-06-2008,221.3076934814453,224.46153259277344,8246160,224.92308044433594,222.0,149.33921813964844
18-06-2008,216.61538696289062,220.76922607421875,11443809,221.3076934814453,217.0,145.97573852539062
19-06-2008,213.84616088867188,216.6923065185547,7376187,217.15383911132812,214.6923065185547,146.0279998779297
20-06-2008,209.76922607421875,214.3076934814453,11661442,215.53846740722656,210.61538696289062,143.25497436523438
23-06-2008,209.84616088867188,212.23077392578125,7947264,213.84616088867188,210.76922607421875,143.35963439941406
24-06-2008,209.23077392578125,210.53846740722656,7435090,214.3076934814453,212.23077392578125,144.3537139892578
25-06-2008,212.6923065185547,213.38461303710938,10660637,220.3076934814453,215.3076934814453,146.44656372070312
26-06-2008,203.92308044433594,212.23077392578125,11368071,212.76922607421875,204.07691955566406,138.8076171875
27-06-2008,201.15383911132812,206.23077392578125,11867115,206.38461303710938,202.0,137.39508056640625
30-06-2008,202.38461303710938,202.6923065185547,10146682,205.84616088867188,205.3076934814453,139.6448974609375
01-07-2008,202.3076934814453,203.23077392578125,11601330,209.3076934814453,208.61538696289062,141.89466857910156
02-07-2008,203.53846740722656,209.23077392578125,7964463,209.6923065185547,203.92308044433594,138.7030792236328
03-07-2008,203.84616088867188,205.76922607421875,5026164,208.38461303710938,207.0,140.7958984375
07-07-2008,206.46153259277344,208.46153259277344,10074948,211.3076934814453,208.46153259277344,141.79002380371094
08-07-2008,208.53846740722656,209.07691955566406,11580400,217.15383911132812,215.84616088867188,146.8128204345703
09-07-2008,208.76922607421875,216.46153259277344,8531913,218.0,209.15383911132812,142.26092529296875
10-07-2008,208.23077392578125,211.92308044433594,12036557,213.3076934814453,212.61538696289062,144.61534118652344
11-07-2008,210.0,212.3076934814453,12731420,217.3076934814453,212.76922607421875,144.719970703125
14-07-2008,207.84616088867188,216.38461303710938,7724821,216.38461303710938,209.07691955566406,142.20855712890625
15-07-2008,196.92308044433594,208.07691955566406,12247911,209.23077392578125,205.0,139.43551635742188
16-07-2008,203.23077392578125,206.15383911132812,10778508,214.07691955566406,212.92308044433594,144.82460021972656
17-07-2008,213.0,216.15383911132812,9559472,218.61538696289062,215.38461303710938,146.4989013671875
18-07-2008,212.15383911132812,216.3076934814453,7194876,216.84616088867188,215.38461303710938,146.4989013671875
21-07-2008,212.38461303710938,216.3076934814453,5469386,216.76922607421875,213.0,144.876953125
22-07-2008,212.3076934814453,214.0,9327565,219.46153259277344,219.23077392578125,149.11500549316406
23-07-2008,219.61538696289062,221.38461303710938,10188685,226.07691955566406,225.61538696289062,153.4575653076172
24-07-2008,220.61538696289062,228.76922607421875,7950774,229.92308044433594,220.84616088867188,150.21365356445312
25-07-2008,218.07691955566406,222.6923065185547,6239298,224.84616088867188,220.84616088867188,150.21365356445312
28-07-2008,212.6923065185547,220.76922607421875,6405152,222.6923065185547,213.0,144.876953125
29-07-2008,213.46153259277344,213.6923065185547,5946655,218.46153259277344,218.46153259277344,148.5917205810547
30-07-2008,219.6923065185547,221.0,7206134,225.76922607421875,222.84616088867188,151.57395935058594
31-07-2008,217.61538696289062,220.76922607421875,7125378,222.76922607421875,217.61538696289062,148.01625061035156
01-08-2008,216.15383911132812,218.6923065185547,4868448,220.76922607421875,217.0,147.59767150878906
04-08-2008,213.53846740722656,216.46153259277344,4791475,218.6923065185547,216.6923065185547,147.3883819580078
05-08-2008,218.3076934814453,218.3076934814453,6790966,225.0,225.0,153.03900146484375
06-08-2008,221.0,224.38461303710938,5059054,224.46153259277344,223.07691955566406,151.73097229003906
07-08-2008,219.15383911132812,221.3076934814453,5400512,223.6923065185547,219.76922607421875,149.481201171875
08-08-2008,219.76922607421875,219.84616088867188,7929493,228.76922607421875,228.0,155.0795440673828
11-08-2008,226.6923065185547,227.84616088867188,6391580,233.76922607421875,230.38461303710938,156.70156860351562
12-08-2008,227.46153259277344,230.15383911132812,4914273,232.15383911132812,228.76922607421875,155.602783203125
13-08-2008,223.6923065185547,227.53846740722656,5032105,228.15383911132812,225.46153259277344,153.35296630859375
14-08-2008,223.15383911132812,224.0,4665154,229.92308044433594,227.07691955566406,154.45172119140625
15-08-2008,227.07691955566406,228.15383911132812,5224986,231.15383911132812,229.23077392578125,155.91664123535156
18-08-2008,224.23077392578125,230.53846740722656,5467514,233.15383911132812,225.76922607421875,153.56219482421875
19-08-2008,218.76922607421875,224.61538696289062,5469048,225.0,220.84616088867188,150.21365356445312
20-08-2008,216.07691955566406,221.07691955566406,5286775,222.53846740722656,220.38461303710938,149.89974975585938
21-08-2008,216.92308044433594,217.6923065185547,4891575,221.6923065185547,221.15383911132812,150.42300415039062
22-08-2008,221.92308044433594,222.38461303710938,3880656,224.92308044433594,224.0,152.35887145996094
25-08-2008,216.76922607421875,223.38461303710938,5599776,223.38461303710938,217.84616088867188,148.1732177734375
26-08-2008,215.23077392578125,219.15383911132812,5237895,219.15383911132812,217.46153259277344,147.9115753173828
27-08-2008,215.84616088867188,217.46153259277344,4347850,219.92308044433594,217.07691955566406,147.64996337890625
28-08-2008,217.6923065185547,218.07691955566406,5549193,222.38461303710938,221.76922607421875,150.84158325195312
29-08-2008,216.0,221.38461303710938,6121323,222.15383911132812,216.15383911132812,147.0220947265625
02-09-2008,218.76922607421875,219.53846740722656,7642856,224.23077392578125,219.46153259277344,149.2719268798828
03-09-2008,217.6923065185547,218.84616088867188,4823026,220.6923065185547,219.76922607421875,149.481201171875
04-09-2008,212.3076934814453,218.38461303710938,7837310,219.15383911132812,213.07691955566406,144.9292755126953
05-09-2008,210.6923065185547,211.46153259277344,6510400,214.84616088867188,214.46153259277344,145.87098693847656
08-09-2008,217.3076934814453,222.15383911132812,10988458,224.38461303710938,223.76922607421875,152.20187377929688
09-09-2008,215.84616088867188,222.76922607421875,9426183,225.23077392578125,216.3076934814453,147.12673950195312
10-09-2008,213.46153259277344,218.23077392578125,7261280,218.6923065185547,216.07691955566406,146.9697723388672
11-09-2008,206.53846740722656,213.07691955566406,10672480,217.92308044433594,216.61538696289062,147.33604431152344
12-09-2008,202.53846740722656,213.3076934814453,20094516,213.38461303710938,205.76922607421875,139.958740234375
15-09-2008,183.92308044433594,190.92308044433594,22468498,200.38461303710938,189.23077392578125,128.70973205566406
16-09-2008,170.46153259277344,170.53846740722656,23841103,195.61538696289062,192.76922607421875,131.116455078125
17-09-2008,171.53846740722656,184.53846740722656,29632811,187.53846740722656,179.92308044433594,122.37892150878906
18-09-2008,170.6923065185547,182.61538696289062,27114763,196.38461303710938,190.6923065185547,131.44598388671875
19-09-2008,196.3076934814453,224.0,27415960,224.61538696289062,204.76922607421875,141.14930725097656
22-09-2008,197.3076934814453,210.61538696289062,7277231,211.38461303710938,201.15383911132812,138.65719604492188
23-09-2008,189.6923065185547,195.07691955566406,8333377,197.23077392578125,191.92308044433594,132.2943572998047
24-09-2008,183.15383911132812,192.92308044433594,7895576,192.92308044433594,189.15383911132812,130.38548278808594
25-09-2008,180.76922607421875,182.0,13637377,201.84616088867188,197.53846740722656,136.1650848388672
26-09-2008,188.61538696289062,190.38461303710938,6156514,198.53846740722656,194.23077392578125,133.88507080078125
29-09-2008,177.6923065185547,193.23077392578125,9967074,197.23077392578125,177.6923065185547,122.48497772216797
30-09-2008,183.61538696289062,183.61538696289062,9876555,200.38461303710938,196.15383911132812,135.21067810058594
01-10-2008,166.53846740722656,184.61538696289062,23649171,198.07691955566406,188.46153259277344,129.90826416015625
02-10-2008,169.3076934814453,175.61538696289062,67565940,176.07691955566406,170.38461303710938,117.44770050048828
03-10-2008,165.3076934814453,174.61538696289062,27932671,176.92308044433594,165.92308044433594,114.37232971191406
06-10-2008,151.46153259277344,158.0,23992670,168.23077392578125,164.46153259277344,113.36485290527344
07-10-2008,155.3076934814453,171.38461303710938,20542236,174.23077392578125,156.15383911132812,107.63831329345703
08-10-2008,153.07691955566406,154.0,18041166,169.15383911132812,158.84616088867188,109.49415588378906
09-10-2008,146.15383911132812,164.61538696289062,20425821,166.3076934814453,146.23077392578125,100.7981948852539
10-10-2008,141.53846740722656,143.84616088867188,35777326,165.38461303710938,165.38461303710938,114.00113677978516
13-10-2008,156.53846740722656,171.3076934814453,18501678,171.76922607421875,161.53846740722656,111.34993743896484
14-10-2008,151.92308044433594,171.61538696289062,19908889,172.23077392578125,160.38461303710938,110.55460357666016
15-10-2008,146.53846740722656,157.38461303710938,14890434,158.92308044433594,148.07691955566406,102.07079315185547
16-10-2008,140.84616088867188,150.07691955566406,19640725,153.53846740722656,153.0,105.46431732177734
17-10-2008,146.15383911132812,148.84616088867188,16193905,157.92308044433594,151.0,104.0857162475586
20-10-2008,149.46153259277344,155.84616088867188,12296622,156.6923065185547,154.92308044433594,106.78990936279297
21-10-2008,153.07691955566406,153.3076934814453,13374959,161.76922607421875,156.53846740722656,107.90338897705078
22-10-2008,142.3076934814453,154.15383911132812,15374606,155.38461303710938,145.84616088867188,100.5331039428711
23-10-2008,138.23077392578125,148.0,19923865,148.0,144.61538696289062,99.68476104736328
24-10-2008,132.84616088867188,134.3076934814453,16781375,140.23077392578125,137.15383911132812,94.54142761230469
27-10-2008,134.76922607421875,138.76922607421875,15695238,145.0,136.38461303710938,94.01115417480469
28-10-2008,136.38461303710938,141.3076934814453,18145075,150.76922607421875,149.92308044433594,103.34336853027344
29-10-2008,143.84616088867188,150.3076934814453,17831723,153.84616088867188,147.6923065185547,101.80567932128906
30-10-2008,145.61538696289062,152.23077392578125,11916827,153.61538696289062,148.84616088867188,102.6010513305664
31-10-2008,147.07691955566406,148.23077392578125,11951316,152.3076934814453,150.07691955566406,103.44940948486328
03-11-2008,147.6923065185547,152.15383911132812,7333248,152.92308044433594,148.46153259277344,102.33589172363281
04-11-2008,151.92308044433594,152.53846740722656,15191670,161.84616088867188,159.76922607421875,110.1303939819336
05-11-2008,152.3076934814453,159.15383911132812,11319217,161.38461303710938,153.3076934814453,105.67642211914062
06-11-2008,138.46153259277344,151.92308044433594,16556475,151.92308044433594,141.07691955566406,97.24561309814453
07-11-2008,140.61538696289062,143.23077392578125,10266659,146.92308044433594,145.07691955566406,100.00286865234375
10-11-2008,139.23077392578125,148.76922607421875,10520627,149.15383911132812,141.92308044433594,97.82890319824219
11-11-2008,133.53846740722656,140.53846740722656,13522509,140.76922607421875,137.0,94.43535614013672
12-11-2008,123.46154022216797,134.46153259277344,23026757,135.0,125.30769348144531,86.37574768066406
13-11-2008,112.15384674072266,126.23076629638672,39115076,130.23077392578125,129.6923065185547,89.39810943603516
14-11-2008,122.69230651855469,125.84615325927734,16678506,131.46153259277344,123.23076629638672,84.94412231445312
17-11-2008,118.46154022216797,122.69230651855469,12670073,126.92308044433594,123.92308044433594,85.42131042480469
18-11-2008,117.46154022216797,123.30769348144531,17565340,125.76923370361328,123.53845977783203,85.15619659423828
19-11-2008,111.15384674072266,122.07691955566406,23600226,124.61538696289062,111.15384674072266,76.61939239501953
20-11-2008,96.76923370361328,108.46154022216797,30566159,111.15384674072266,98.76923370361328,68.0825424194336
21-11-2008,98.46154022216797,104.30769348144531,22421126,108.15384674072266,107.92308044433594,74.39236450195312
24-11-2008,109.69230651855469,112.53845977783203,20697794,122.38461303710938,117.38461303710938,80.91427612304688
25-11-2008,116.07691955566406,122.61538696289062,15896790,123.69230651855469,121.30769348144531,83.6185302734375
26-11-2008,116.92308044433594,118.76923370361328,10768667,125.0,124.53845977783203,85.84549713134766
28-11-2008,124.61538696289062,125.92308044433594,7671053,132.23077392578125,132.07691955566406,91.04186248779297
01-12-2008,118.61538696289062,125.84615325927734,13591955,126.0,119.23076629638672,82.18685150146484
02-12-2008,121.30769348144531,124.15384674072266,28481466,136.84616088867188,135.46153259277344,93.3748779296875
03-12-2008,129.6923065185547,131.3076934814453,20436780,140.53846740722656,139.46153259277344,96.13212585449219
04-12-2008,131.6923065185547,137.15383911132812,14577706,140.07691955566406,135.0,93.0567398071289
05-12-2008,130.61538696289062,133.6923065185547,13937131,140.76922607421875,137.3076934814453,94.6474609375
08-12-2008,141.15383911132812,141.6923065185547,17083547,148.46153259277344,145.23077392578125,100.10894775390625
09-12-2008,135.3076934814453,140.61538696289062,14391000,143.53846740722656,136.76922607421875,94.27630615234375
10-12-2008,135.92308044433594,138.6923065185547,10001706,141.92308044433594,138.46153259277344,95.44280242919922
11-12-2008,130.6923065185547,133.84616088867188,10477662,135.46153259277344,131.15383911132812,90.4055404663086
12-12-2008,126.15384674072266,127.69230651855469,9369568,133.0,131.61538696289062,90.72368621826172
15-12-2008,128.15383911132812,130.38461303710938,8284796,131.61538696289062,130.38461303710938,89.87532806396484
16-12-2008,130.84616088867188,131.76922607421875,15444325,139.46153259277344,137.84616088867188,95.01861572265625
17-12-2008,131.6923065185547,135.53846740722656,13128258,136.84616088867188,133.76922607421875,92.20834350585938
18-12-2008,121.30769348144531,134.92308044433594,19972472,135.07691955566406,122.76923370361328,84.6259536743164
19-12-2008,123.07691955566406,124.30769348144531,17720742,127.30769348144531,126.92308044433594,87.4892578125
22-12-2008,121.15384674072266,127.38461303710938,9430616,127.92308044433594,123.61538696289062,85.209228515625
23-12-2008,124.46154022216797,125.15384674072266,8469227,126.92308044433594,126.38461303710938,87.11808013916016
24-12-2008,122.46154022216797,123.84615325927734,3040817,124.84615325927734,123.92308044433594,87.06401062011719
26-12-2008,121.38461303710938,123.46154022216797,3857555,124.07691955566406,122.84615325927734,86.30744171142578
29-12-2008,118.07691955566406,122.69230651855469,7267390,123.07691955566406,120.46154022216797,84.63209533691406
30-12-2008,119.61538696289062,121.53845977783203,7593352,121.92308044433594,121.69230651855469,85.49681091308594
31-12-2008,121.30769348144531,121.69230651855469,7838792,125.69230651855469,124.61538696289062,87.55043029785156
02-01-2009,125.15384674072266,127.0,7424573,131.3076934814453,131.3076934814453,92.25220489501953
05-01-2009,126.92308044433594,132.07691955566406,9428484,132.61538696289062,127.92308044433594,89.8742904663086
06-01-2009,126.61538696289062,129.6923065185547,9254375,130.61538696289062,129.6923065185547,91.11729431152344
07-01-2009,123.15384674072266,128.23077392578125,9205001,128.46153259277344,123.92308044433594,87.06401062011719
08-01-2009,120.92308044433594,123.46154022216797,8078135,124.61538696289062,124.15384674072266,87.2261734008789
09-01-2009,121.76923370361328,124.69230651855469,6909929,126.07691955566406,123.07691955566406,86.46955871582031
12-01-2009,120.61538696289062,122.84615325927734,8497645,124.61538696289062,121.76923370361328,85.55083465576172
13-01-2009,113.23076629638672,120.38461303710938,16783182,120.69230651855469,114.92308044433594,80.74092864990234
14-01-2009,107.84615325927734,112.23076629638672,13097578,112.61538696289062,108.53845977783203,76.25533294677734
15-01-2009,101.92308044433594,108.30769348144531,18260372,108.76923370361328,105.92308044433594,74.41787719726562
16-01-2009,100.46154022216797,109.23076629638672,16769077,110.30769348144531,107.38461303710938,75.44468688964844
20-01-2009,98.46154022216797,107.30769348144531,15440334,108.38461303710938,99.46154022216797,69.8781967163086
21-01-2009,91.38461303710938,91.38461303710938,19167681,101.76923370361328,100.23076629638672,70.41865539550781
22-01-2009,92.84615325927734,95.30769348144531,19702371,104.30769348144531,103.69230651855469,72.8505859375
23-01-2009,91.30769348144531,97.61538696289062,42438851,101.46154022216797,92.53845977783203,65.01429748535156
26-01-2009,93.61538696289062,96.0,16153384,97.30769348144531,95.53845977783203,67.12200164794922
27-01-2009,97.30769348144531,97.92308044433594,15506569,101.46154022216797,100.46154022216797,70.58076477050781
28-01-2009,101.30769348144531,102.38461303710938,15004002,105.76923370361328,103.84615325927734,72.95868682861328
29-01-2009,97.61538696289062,102.53845977783203,10320167,102.69230651855469,97.84615325927734,68.7433090209961
30-01-2009,92.38461303710938,97.84615325927734,14480557,98.46154022216797,93.30769348144531,65.55472564697266
02-02-2009,88.53845977783203,92.53845977783203,18268211,92.53845977783203,89.38461303710938,62.79850769042969
03-02-2009,87.07691955566406,91.38461303710938,16373487,91.38461303710938,87.46154022216797,61.44744110107422
04-02-2009,86.07691955566406,88.92308044433594,13404261,90.61538696289062,86.61538696289062,60.85295867919922
05-02-2009,82.0,85.30769348144531,25323519,86.76923370361328,83.46154022216797,58.63715362548828
06-02-2009,82.69230651855469,83.84615325927734,28442388,88.07691955566406,85.38461303710938,59.98826217651367
09-02-2009,85.53845977783203,87.23076629638672,30281862,99.23076629638672,97.23076629638672,68.31094360351562
10-02-2009,87.38461303710938,96.46154022216797,25519780,97.23076629638672,89.38461303710938,62.79850769042969
11-02-2009,90.07691955566406,91.92308044433594,11382813,92.69230651855469,91.84615325927734,64.52788543701172
12-02-2009,86.15384674072266,90.38461303710938,17170907,90.38461303710938,89.84615325927734,63.122779846191406
13-02-2009,87.30769348144531,88.84615325927734,11257350,90.30769348144531,88.0,61.82572937011719
17-02-2009,82.38461303710938,86.15384674072266,17391478,86.15384674072266,83.15384674072266,58.420989990234375
18-02-2009,82.15384674072266,85.15384674072266,12386205,85.76923370361328,83.53845977783203,58.691200256347656
19-02-2009,76.53845977783203,84.15384674072266,20405814,84.46154022216797,77.38461303710938,55.96525573730469
20-02-2009,69.07691955566406,74.69230651855469,42236623,75.69230651855469,72.15384674072266,52.182334899902344
23-02-2009,67.53845977783203,73.69230651855469,29121352,73.84615325927734,68.07691955566406,49.233856201171875
24-02-2009,64.84615325927734,68.84615325927734,33993908,71.23076629638672,69.84615325927734,50.513389587402344
25-02-2009,67.0,69.92308044433594,24937744,72.76923370361328,69.30769348144531,50.123966217041016
26-02-2009,69.30769348144531,71.38461303710938,20192627,75.0,70.0,50.62466049194336
27-02-2009,64.61538696289062,66.15384674072266,41691936,70.76923370361328,65.46154022216797,47.342403411865234
02-03-2009,57.769229888916016,63.769229888916016,38450932,63.846153259277344,58.4615364074707,42.27993392944336
03-03-2009,52.69230651855469,60.30769348144531,53876836,60.69230651855469,53.92307662963867,38.9976806640625
04-03-2009,45.153846740722656,55.69230651855469,97877572,55.769229888916016,51.4615364074707,37.21745681762695
05-03-2009,50.230770111083984,51.92307662963867,57890963,55.153846740722656,51.230770111083984,37.050575256347656
06-03-2009,51.230770111083984,53.846153259277344,41529280,55.769229888916016,54.30769348144531,39.27582550048828
09-03-2009,52.92307662963867,53.4615364074707,34455980,60.230770111083984,57.0,41.222923278808594
10-03-2009,61.153846740722656,61.61538314819336,47931741,69.15384674072266,68.23076629638672,49.34511947631836
11-03-2009,63.92307662963867,71.0,32672874,72.0,65.30769348144531,47.231136322021484
12-03-2009,64.84615325927734,67.15384674072266,46150260,75.23076629638672,73.61538696289062,53.23933792114258
13-03-2009,71.53845977783203,76.15384674072266,28117375,76.76923370361328,74.0,53.517486572265625
16-03-2009,73.84615325927734,76.69230651855469,29405129,79.69230651855469,74.30769348144531,53.74000930786133
17-03-2009,72.61538696289062,75.76923370361328,19551870,77.30769348144531,76.92308044433594,55.6314697265625
18-03-2009,74.61538696289062,76.38461303710938,25922585,82.23076629638672,79.38461303710938,57.411678314208984
19-03-2009,76.53845977783203,86.15384674072266,37402833,87.30769348144531,77.92308044433594,56.354705810546875
20-03-2009,71.23076629638672,77.30769348144531,32859294,77.46154022216797,73.38461303710938,53.072425842285156
23-03-2009,75.23076629638672,79.07691955566406,27670552,80.38461303710938,80.23076629638672,58.02363204956055
24-03-2009,77.30769348144531,78.61538696289062,25544207,83.92308044433594,80.07691955566406,57.91236114501953
25-03-2009,77.61538696289062,82.61538696289062,27240200,85.30769348144531,80.69230651855469,58.357421875
26-03-2009,81.92308044433594,83.46154022216797,20754812,84.61538696289062,83.84615325927734,60.638301849365234
27-03-2009,81.92308044433594,82.84615325927734,13604058,84.84615325927734,82.92308044433594,59.970733642578125
30-03-2009,75.23076629638672,79.46154022216797,20051304,85.92308044433594,76.38461303710938,55.24204635620117
31-03-2009,76.38461303710938,79.46154022216797,17256239,80.46154022216797,77.76923370361328,56.243438720703125
01-04-2009,75.38461303710938,76.23076629638672,14814345,78.92308044433594,78.23076629638672,56.577205657958984
02-04-2009,81.30769348144531,82.69230651855469,19064487,84.61538696289062,82.61538696289062,59.74820327758789
03-04-2009,82.38461303710938,83.15384674072266,16081195,84.53845977783203,84.15384674072266,60.86084747314453
06-04-2009,82.0,83.46154022216797,17105387,86.38461303710938,86.07691955566406,62.25160217285156
07-04-2009,81.30769348144531,83.84615325927734,13975403,83.92308044433594,81.92308044433594,59.247520446777344
08-04-2009,80.07691955566406,82.53845977783203,12460864,82.84615325927734,81.84615325927734,59.191898345947266
09-04-2009,85.30769348144531,86.46154022216797,19558955,89.46154022216797,87.15384674072266,63.030479431152344
13-04-2009,86.53845977783203,88.0,24769186,95.53845977783203,93.30769348144531,67.48099517822266
14-04-2009,87.84615325927734,96.07691955566406,23864412,96.15384674072266,88.53845977783203,64.0318374633789
15-04-2009,85.69230651855469,88.38461303710938,15626715,91.92308044433594,91.0,65.81204223632812
16-04-2009,90.07691955566406,92.76923370361328,17226755,95.61538696289062,94.38461303710938,68.25981903076172
17-04-2009,90.38461303710938,95.38461303710938,29051464,97.92308044433594,95.30769348144531,68.92742156982422
20-04-2009,86.53845977783203,92.30769348144531,18665296,93.23076629638672,87.30769348144531,63.1417121887207
21-04-2009,83.46154022216797,84.53845977783203,16043092,91.46154022216797,90.0,65.08882141113281
22-04-2009,88.61538696289062,89.69230651855469,16926364,96.0,90.76923370361328,65.6451416015625
23-04-2009,89.0,93.53845977783203,12335700,93.76923370361328,91.38461303710938,66.0901870727539
24-04-2009,91.92308044433594,92.53845977783203,12666433,95.0,93.15384674072266,67.36972045898438
27-04-2009,91.15384674072266,93.30769348144531,10624302,95.0,93.0,67.25847625732422
28-04-2009,90.61538696289062,91.92308044433594,10729745,94.46154022216797,92.30769348144531,66.75778198242188
29-04-2009,93.15384674072266,93.61538696289062,13246558,96.69230651855469,94.0,67.98168182373047
30-04-2009,96.30769348144531,96.38461303710938,14874496,98.53845977783203,97.30769348144531,70.37381744384766
01-05-2009,96.15384674072266,98.0,10403549,98.84615325927734,97.61538696289062,70.59635925292969
04-05-2009,98.53845977783203,99.69230651855469,15263066,101.30769348144531,100.76923370361328,72.87726593017578
05-05-2009,100.0,101.92308044433594,13704379,103.76923370361328,100.76923370361328,72.87726593017578
06-05-2009,102.38461303710938,103.61538696289062,16758092,106.15384674072266,105.15384674072266,76.04822540283203
07-05-2009,105.92308044433594,110.0,18477862,110.69230651855469,107.38461303710938,77.66156768798828
08-05-2009,108.76923370361328,110.61538696289062,16643406,111.92308044433594,111.76923370361328,80.8325424194336
11-05-2009,108.46154022216797,110.61538696289062,12153804,110.92308044433594,109.15384674072266,78.94107055664062
12-05-2009,102.0,109.53845977783203,15354885,110.07691955566406,105.23076629638672,76.1038818359375
13-05-2009,98.07691955566406,101.61538696289062,13861965,101.92308044433594,99.30769348144531,71.82025909423828
14-05-2009,96.15384674072266,98.23076629638672,11731785,101.38461303710938,100.30769348144531,72.54344940185547
15-05-2009,97.69230651855469,100.53845977783203,10839192,102.0,98.92308044433594,71.54209899902344
18-05-2009,100.61538696289062,100.84615325927734,9990461,103.84615325927734,103.61538696289062,74.93563079833984
19-05-2009,103.76923370361328,104.92308044433594,11973546,107.38461303710938,105.38461303710938,76.21514892578125
20-05-2009,105.69230651855469,107.92308044433594,14761201,110.61538696289062,105.92308044433594,76.60456085205078
21-05-2009,100.38461303710938,103.92308044433594,13706238,104.07691955566406,101.84615325927734,73.6561279296875
22-05-2009,100.15384674072266,102.76923370361328,7023874,103.07691955566406,100.76923370361328,72.87726593017578
26-05-2009,98.84615325927734,100.15384674072266,12466922,104.69230651855469,103.0,74.49055480957031
27-05-2009,98.92308044433594,103.61538696289062,13971984,103.84615325927734,99.92308044433594,72.26529693603516
28-05-2009,98.53845977783203,101.76923370361328,10722413,102.15384674072266,101.46154022216797,73.3779296875
29-05-2009,94.0,102.53845977783203,11035479,104.07691955566406,103.69230651855469,74.99121856689453
01-06-2009,103.92308044433594,106.30769348144531,11231831,107.61538696289062,106.61538696289062,77.10523986816406
02-06-2009,104.23076629638672,105.38461303710938,8595093,106.53845977783203,106.15384674072266,76.77143859863281
03-06-2009,102.30769348144531,105.0,8884590,105.38461303710938,103.84615325927734,75.10250091552734
04-06-2009,103.30769348144531,104.76923370361328,7588321,105.76923370361328,105.76923370361328,76.49329376220703
05-06-2009,103.92308044433594,107.38461303710938,9835293,107.53845977783203,104.15384674072266,75.32500457763672
08-06-2009,102.61538696289062,103.84615325927734,7602556,105.30769348144531,104.30769348144531,75.4363021850586
09-06-2009,103.07691955566406,104.30769348144531,7067762,105.30769348144531,104.38461303710938,75.4919204711914
10-06-2009,100.92308044433594,105.53845977783203,10648742,105.92308044433594,103.07691955566406,74.54618835449219
11-06-2009,102.61538696289062,103.30769348144531,9285861,105.76923370361328,103.53845977783203,74.87997436523438
12-06-2009,102.23076629638672,103.46154022216797,7467005,104.0,103.92308044433594,75.15814971923828
15-06-2009,100.07691955566406,102.76923370361328,9815325,102.76923370361328,101.15384674072266,73.15538787841797
16-06-2009,97.84615325927734,101.38461303710938,11881051,101.76923370361328,98.30769348144531,71.09706115722656
17-06-2009,93.38461303710938,97.76923370361328,16858595,97.92308044433594,94.23076629638672,68.14856719970703
18-06-2009,88.15384674072266,93.76923370361328,22896380,93.76923370361328,92.07691955566406,67.13896179199219
19-06-2009,91.76923370361328,93.30769348144531,16182530,94.38461303710938,93.07691955566406,67.8681411743164
22-06-2009,88.46154022216797,91.23076629638672,13316797,91.53845977783203,88.61538696289062,64.61495971679688
23-06-2009,86.53845977783203,88.69230651855469,11306776,89.69230651855469,89.23076629638672,65.06363677978516
24-06-2009,89.38461303710938,90.53845977783203,10743044,92.53845977783203,90.0,65.62454223632812
25-06-2009,88.61538696289062,89.38461303710938,9851673,91.76923370361328,91.23076629638672,66.52195739746094
26-06-2009,90.0,91.53845977783203,8854547,92.30769348144531,90.38461303710938,65.90499114990234
29-06-2009,89.53845977783203,90.92308044433594,6850649,91.0,90.46154022216797,65.96109008789062
30-06-2009,88.84615325927734,91.07691955566406,11398738,91.84615325927734,90.15384674072266,65.73672485351562
01-07-2009,89.53845977783203,90.46154022216797,8343088,91.53845977783203,90.61538696289062,66.07324981689453
02-07-2009,88.15384674072266,89.53845977783203,9311315,90.61538696289062,88.15384674072266,64.27839660644531
06-07-2009,86.69230651855469,87.46154022216797,8512010,88.61538696289062,88.30769348144531,64.39057159423828
07-07-2009,84.30769348144531,88.23076629638672,12904502,88.76923370361328,84.69230651855469,61.75438690185547
08-07-2009,80.76923370361328,84.53845977783203,18157828,85.07691955566406,82.38461303710938,60.071712493896484
09-07-2009,81.76923370361328,84.15384674072266,10605504,84.53845977783203,83.53845977783203,60.913063049316406
10-07-2009,81.53845977783203,82.61538696289062,9114963,83.46154022216797,82.92308044433594,60.46434020996094
13-07-2009,83.61538696289062,83.69230651855469,13228696,88.46154022216797,88.15384674072266,64.27839660644531
14-07-2009,88.15384674072266,89.0,9306349,90.23076629638672,89.53845977783203,65.28801727294922
15-07-2009,91.23076629638672,91.69230651855469,11991837,94.46154022216797,94.15384674072266,68.65338897705078
16-07-2009,91.53845977783203,92.84615325927734,12018812,96.15384674072266,95.38461303710938,69.55079650878906
17-07-2009,88.84615325927734,91.61538696289062,23518313,92.15384674072266,89.61538696289062,65.34410858154297
20-07-2009,89.07691955566406,90.07691955566406,12274015,91.76923370361328,89.76923370361328,65.45628356933594
21-07-2009,87.07691955566406,90.61538696289062,13157040,90.84615325927734,88.23076629638672,64.3344955444336
22-07-2009,86.53845977783203,87.38461303710938,10160137,90.30769348144531,89.46154022216797,65.23191833496094
23-07-2009,89.0,89.61538696289062,13304525,92.92308044433594,91.92308044433594,67.02678680419922
24-07-2009,90.61538696289062,91.46154022216797,7765394,92.69230651855469,92.53845977783203,67.47549438476562
27-07-2009,92.53845977783203,93.61538696289062,10009285,95.23076629638672,94.76923370361328,69.10208129882812
28-07-2009,93.69230651855469,94.23076629638672,13716677,97.69230651855469,96.30769348144531,70.2238540649414
29-07-2009,93.15384674072266,95.69230651855469,10404719,95.69230651855469,94.30769348144531,68.76557159423828
30-07-2009,99.76923370361328,100.07691955566406,21976864,102.84615325927734,100.84615325927734,73.53317260742188
31-07-2009,101.15384674072266,101.84615325927734,14207986,103.46154022216797,103.07691955566406,75.15973663330078
03-08-2009,103.46154022216797,105.0,12873991,106.46154022216797,105.53845977783203,76.95458221435547
04-08-2009,103.0,105.07691955566406,14865435,106.30769348144531,106.30769348144531,77.51549530029297
05-08-2009,106.38461303710938,106.53845977783203,12963028,108.46154022216797,107.61538696289062,78.46902465820312
06-08-2009,107.84615325927734,109.15384674072266,15628548,111.0,110.07691955566406,80.26388549804688
07-08-2009,110.69230651855469,111.76923370361328,12449580,114.46154022216797,113.07691955566406,82.45130920410156
10-08-2009,110.69230651855469,112.46154022216797,11142703,114.07691955566406,112.07691955566406,81.72221374511719
11-08-2009,106.69230651855469,111.07691955566406,13354016,111.46154022216797,107.61538696289062,78.46902465820312
12-08-2009,105.23076629638672,106.15384674072266,12005695,110.30769348144531,108.69230651855469,79.25425720214844
13-08-2009,107.23076629638672,110.61538696289062,10891712,110.92308044433594,108.46154022216797,79.08599090576172
14-08-2009,105.92308044433594,108.53845977783203,8537542,108.84615325927734,107.07691955566406,78.07638549804688
17-08-2009,101.23076629638672,102.69230651855469,10566543,103.23076629638672,102.76923370361328,74.93535614013672
18-08-2009,103.46154022216797,104.07691955566406,7817745,105.0,104.53845977783203,76.22542572021484
19-08-2009,102.23076629638672,102.53845977783203,7846787,104.76923370361328,104.07691955566406,75.88893127441406
20-08-2009,104.38461303710938,105.07691955566406,8304504,106.76923370361328,106.23076629638672,77.45939636230469
21-08-2009,107.69230651855469,108.92308044433594,11780379,109.84615325927734,109.30769348144531,79.70298767089844
24-08-2009,108.07691955566406,110.46154022216797,11127740,111.53845977783203,109.23076629638672,79.64688873291016
25-08-2009,109.23076629638672,109.46154022216797,10025509,111.07691955566406,110.0,80.20777893066406
26-08-2009,107.76923370361328,109.53845977783203,8663395,110.0,108.53845977783203,79.14208221435547
27-08-2009,107.30769348144531,108.53845977783203,8296210,109.61538696289062,109.15384674072266,79.59078979492188
28-08-2009,107.53845977783203,110.38461303710938,9604972,110.53845977783203,108.30769348144531,78.97381591796875
31-08-2009,105.76923370361328,107.23076629638672,8721700,107.53845977783203,106.92308044433594,77.96420288085938
01-09-2009,102.23076629638672,105.69230651855469,13451685,106.76923370361328,102.61538696289062,74.82318878173828
02-09-2009,100.23076629638672,101.61538696289062,9152936,102.46154022216797,101.53845977783203,74.03793334960938
03-09-2009,102.23076629638672,102.69230651855469,7079488,103.69230651855469,103.46154022216797,75.44017791748047
04-09-2009,102.30769348144531,103.69230651855469,10040069,106.92308044433594,106.69230651855469,77.79595184326172
08-09-2009,110.46154022216797,111.69230651855469,18584059,113.0,111.53845977783203,81.32954406738281
09-09-2009,112.38461303710938,113.69230651855469,20027215,115.61538696289062,114.38461303710938,83.4048843383789
10-09-2009,111.69230651855469,114.76923370361328,15584413,114.92308044433594,113.84615325927734,83.01226043701172
11-09-2009,112.53845977783203,114.38461303710938,13158483,115.23076629638672,112.84615325927734,82.28306579589844
14-09-2009,110.76923370361328,111.92308044433594,18106933,118.53845977783203,118.07691955566406,86.09715270996094
15-09-2009,119.07691955566406,119.15384674072266,27195818,124.23076629638672,123.07691955566406,89.74295043945312
16-09-2009,125.61538696289062,126.07691955566406,34965866,132.15383911132812,130.76922607421875,95.35189056396484
17-09-2009,125.76923370361328,130.53846740722656,33158658,134.76922607421875,128.15383911132812,93.9977798461914
18-09-2009,126.38461303710938,129.84616088867188,15993133,129.84616088867188,126.92308044433594,93.0950698852539
21-09-2009,124.92308044433594,126.38461303710938,14208883,129.92308044433594,128.92308044433594,94.56200408935547
22-09-2009,130.07691955566406,131.23077392578125,12468365,132.23077392578125,130.84616088867188,95.97251892089844
23-09-2009,130.38461303710938,132.07691955566406,17460053,134.61538696289062,130.76922607421875,95.91610717773438
24-09-2009,125.69230651855469,131.23077392578125,16019809,132.07691955566406,127.53845977783203,93.54641723632812
25-09-2009,123.53845977783203,125.76923370361328,13485654,127.46154022216797,125.92308044433594,92.3615951538086
28-09-2009,126.46154022216797,126.69230651855469,9592258,130.07691955566406,128.92308044433594,94.56200408935547
29-09-2009,128.23077392578125,130.07691955566406,10501166,131.46153259277344,128.53846740722656,94.27989196777344
30-09-2009,125.46154022216797,129.46153259277344,15699268,129.6923065185547,126.30769348144531,92.64370727539062
01-10-2009,122.69230651855469,125.46154022216797,14754233,126.07691955566406,122.84615325927734,90.10472869873047
02-10-2009,116.53845977783203,118.84615325927734,17301934,120.46154022216797,118.15384674072266,86.66304779052734
05-10-2009,119.30769348144531,119.92308044433594,9632883,122.38461303710938,121.76923370361328,89.31484985351562
06-10-2009,123.07691955566406,124.15384674072266,12440740,126.15384674072266,123.69230651855469,90.72535705566406
07-10-2009,122.38461303710938,123.30769348144531,7918495,125.53845977783203,124.30769348144531,91.1767349243164
08-10-2009,124.61538696289062,126.61538696289062,10058035,127.30769348144531,124.76923370361328,91.5152816772461
09-10-2009,123.84615325927734,124.61538696289062,9152897,125.92308044433594,124.46154022216797,91.28956604003906
12-10-2009,125.15384674072266,125.84615325927734,7621549,126.84615325927734,125.61538696289062,92.13589477539062
13-10-2009,123.69230651855469,125.53845977783203,9183590,127.23076629638672,126.07691955566406,92.47444915771484
14-10-2009,127.38461303710938,129.0,12034035,129.76922607421875,129.53846740722656,95.01341247558594
15-10-2009,126.76923370361328,129.15383911132812,12002757,129.53846740722656,129.15383911132812,94.73128509521484
16-10-2009,121.92308044433594,125.76923370361328,23703524,126.23076629638672,123.69230651855469,90.72535705566406
19-10-2009,121.53845977783203,123.46154022216797,12901941,124.07691955566406,121.84615325927734,89.37124633789062
20-10-2009,119.0,121.53845977783203,13141375,121.69230651855469,119.84615325927734,87.904296875
21-10-2009,119.23076629638672,119.30769348144531,12568868,122.69230651855469,119.46154022216797,87.6221923828125
22-10-2009,116.23076629638672,119.23076629638672,16265782,119.84615325927734,118.0,86.55020141601562
23-10-2009,116.23076629638672,118.23076629638672,11451271,118.46154022216797,116.92308044433594,85.76028442382812
26-10-2009,114.07691955566406,117.23076629638672,12515217,118.84615325927734,115.46154022216797,84.68829345703125
27-10-2009,114.30769348144531,115.92308044433594,11370476,116.46154022216797,114.84615325927734,84.2369155883789
28-10-2009,110.38461303710938,113.61538696289062,13945464,114.0,110.92308044433594,81.3594741821289
29-10-2009,111.23076629638672,111.84615325927734,10875046,115.30769348144531,114.38461303710938,83.89839935302734
30-10-2009,108.84615325927734,114.84615325927734,16880123,114.92308044433594,109.69230651855469,80.45671081542969
02-11-2009,109.15384674072266,110.0,13146640,112.23076629638672,111.30769348144531,81.64156341552734
03-11-2009,109.0,109.23076629638672,10020621,111.30769348144531,110.15384674072266,80.79521179199219
04-11-2009,108.84615325927734,111.07691955566406,10439468,112.23076629638672,109.15384674072266,80.0617446899414
05-11-2009,109.30769348144531,109.84615325927734,9170733,111.92308044433594,111.0,81.41587829589844
06-11-2009,114.07691955566406,115.23076629638672,21456942,119.15384674072266,117.92308044433594,86.4937744140625
09-11-2009,120.0,120.76923370361328,13378157,122.46154022216797,121.92308044433594,89.42767333984375
10-11-2009,119.07691955566406,122.69230651855469,9568013,123.0,121.38461303710938,89.03270721435547
11-11-2009,120.38461303710938,122.61538696289062,9268662,122.84615325927734,121.76923370361328,89.31484985351562
12-11-2009,120.46154022216797,121.53845977783203,8538660,122.61538696289062,121.15384674072266,88.86347961425781
13-11-2009,119.69230651855469,121.23076629638672,8505874,121.53845977783203,120.46154022216797,88.35568237304688
16-11-2009,121.30769348144531,121.53845977783203,12769822,124.53845977783203,123.07691955566406,90.27397918701172
17-11-2009,122.23076629638672,122.76923370361328,6765005,123.69230651855469,123.23076629638672,90.38683319091797
18-11-2009,122.69230651855469,123.15384674072266,6183944,124.15384674072266,123.76923370361328,90.78179168701172
19-11-2009,119.76923370361328,122.46154022216797,9070269,122.76923370361328,121.23076629638672,88.91989135742188
20-11-2009,118.84615325927734,120.46154022216797,8309080,120.92308044433594,119.92308044433594,87.96072387695312
23-11-2009,121.76923370361328,121.76923370361328,9607715,123.38461303710938,123.23076629638672,90.38683319091797
24-11-2009,122.46154022216797,123.69230651855469,10491702,124.61538696289062,124.0,90.95106506347656
25-11-2009,123.38461303710938,124.92308044433594,6261528,125.0,124.46154022216797,91.28956604003906
27-11-2009,117.69230651855469,119.15384674072266,7919288,123.69230651855469,122.61538696289062,89.93547058105469
30-11-2009,121.61538696289062,121.69230651855469,9121905,123.53845977783203,123.23076629638672,90.38683319091797
01-12-2009,122.76923370361328,125.15384674072266,12744459,125.76923370361328,124.38461303710938,91.23313903808594
02-12-2009,122.76923370361328,124.0,8492211,124.76923370361328,123.61538696289062,90.66896057128906
03-12-2009,123.07691955566406,124.0,9692254,125.46154022216797,123.07691955566406,90.27397918701172
04-12-2009,123.53845977783203,125.69230651855469,11492221,126.84615325927734,124.61538696289062,91.40242767333984
07-12-2009,123.15384674072266,123.61538696289062,8374262,124.92308044433594,123.69230651855469,90.72535705566406
08-12-2009,120.38461303710938,122.30769348144531,10250786,122.53845977783203,120.92308044433594,88.69418334960938
09-12-2009,119.38461303710938,121.0,7630558,121.46154022216797,120.46154022216797,88.35568237304688
10-12-2009,119.61538696289062,121.61538696289062,7251673,121.92308044433594,120.07691955566406,88.07357025146484
11-12-2009,120.69230651855469,120.92308044433594,7338331,123.07691955566406,122.46154022216797,89.82263946533203
14-12-2009,122.46154022216797,122.92308044433594,5701475,123.61538696289062,122.69230651855469,89.99189758300781
15-12-2009,120.38461303710938,121.76923370361328,10301369,123.23076629638672,121.15384674072266,88.86347961425781
16-12-2009,120.46154022216797,121.53845977783203,9430785,121.92308044433594,120.69230651855469,88.52491760253906
17-12-2009,119.61538696289062,119.92308044433594,8875581,122.69230651855469,121.46154022216797,89.08915710449219
18-12-2009,119.92308044433594,122.38461303710938,10296325,122.38461303710938,119.92308044433594,87.96072387695312
21-12-2009,119.53845977783203,120.69230651855469,6907251,121.46154022216797,119.76923370361328,87.847900390625
22-12-2009,118.69230651855469,119.76923370361328,6261749,120.69230651855469,119.07691955566406,87.340087890625
23-12-2009,117.76923370361328,118.92308044433594,5504304,119.07691955566406,118.53845977783203,87.51045227050781
24-12-2009,118.15384674072266,118.30769348144531,2415426,119.07691955566406,118.76923370361328,87.68081665039062
28-12-2009,117.38461303710938,118.30769348144531,5946824,118.69230651855469,118.0,87.11294555664062
29-12-2009,117.69230651855469,118.15384674072266,6290349,119.46154022216797,118.76923370361328,87.68081665039062
30-12-2009,117.38461303710938,117.69230651855469,5843513,118.23076629638672,118.07691955566406,87.16973114013672
31-12-2009,116.38461303710938,117.46154022216797,5789108,118.0,116.38461303710938,85.92040252685547
04-01-2010,116.53845977783203,117.07691955566406,8720387,120.30769348144531,118.84615325927734,87.73762512207031
05-01-2010,118.84615325927734,118.92308044433594,8391578,120.53845977783203,119.46154022216797,88.19190979003906
06-01-2010,118.76923370361328,119.46154022216797,7210437,120.15384674072266,118.84615325927734,87.73762512207031
07-01-2010,118.69230651855469,119.07691955566406,24111399,126.76923370361328,125.0,92.28064727783203
08-01-2010,125.15384674072266,125.46154022216797,14964638,128.38461303710938,127.69230651855469,94.26826477050781
11-01-2010,127.23076629638672,129.46153259277344,9967802,129.84616088867188,128.92308044433594,95.1768569946289
12-01-2010,127.46154022216797,127.53845977783203,8400964,129.53846740722656,129.0,95.23363494873047
13-01-2010,127.46154022216797,128.92308044433594,8494512,130.15383911132812,129.46153259277344,95.57437133789062
14-01-2010,128.3076934814453,129.15383911132812,7456995,129.76922607421875,128.46153259277344,94.83612060546875
15-01-2010,125.76923370361328,128.3076934814453,9634053,128.84616088867188,126.46154022216797,93.3596420288086
19-01-2010,125.69230651855469,125.76923370361328,7890662,128.84616088867188,127.23076629638672,93.9275131225586
20-01-2010,125.61538696289062,126.92308044433594,8384428,128.3076934814453,126.92308044433594,93.70036315917969
21-01-2010,122.69230651855469,126.69230651855469,12889656,126.76923370361328,123.23076629638672,90.97452545166016
22-01-2010,123.76923370361328,127.30769348144531,21148101,128.92308044433594,123.92308044433594,91.48563385009766
25-01-2010,124.76923370361328,126.61538696289062,9770852,127.15384674072266,125.92308044433594,92.9621353149414
26-01-2010,125.07691955566406,125.61538696289062,10142210,128.46153259277344,125.76923370361328,92.84854888916016
27-01-2010,123.30769348144531,125.30769348144531,9990578,126.07691955566406,125.38461303710938,92.5645980834961
28-01-2010,123.15384674072266,126.38461303710938,10287680,126.53845977783203,124.30769348144531,91.76957702636719
29-01-2010,123.61538696289062,124.76923370361328,10550618,126.92308044433594,123.69230651855469,91.31523895263672
01-02-2010,123.84615325927734,124.61538696289062,7402265,125.69230651855469,125.0,92.28064727783203
02-02-2010,124.92308044433594,125.15384674072266,15047422,130.38461303710938,129.61538696289062,95.68791961669922
03-02-2010,127.84615325927734,129.15383911132812,9201166,131.0,128.3076934814453,94.72256469726562
04-02-2010,123.15384674072266,126.76923370361328,14312896,126.92308044433594,123.38461303710938,91.08809661865234
05-02-2010,117.30769348144531,123.38461303710938,18655416,124.53845977783203,121.46154022216797,89.66838836669922
08-02-2010,119.0,121.76923370361328,9163310,121.84615325927734,120.0,88.58940124511719
09-02-2010,118.69230651855469,121.23076629638672,12685439,122.23076629638672,120.0,88.58940124511719
10-02-2010,119.23076629638672,119.76923370361328,8889023,122.07691955566406,120.69230651855469,89.10052490234375
11-02-2010,119.07691955566406,120.15384674072266,8696571,121.46154022216797,121.30769348144531,89.55480194091797
12-02-2010,118.07691955566406,119.92308044433594,9945403,121.15384674072266,119.61538696289062,88.30547332763672
16-02-2010,120.61538696289062,120.76923370361328,9027824,124.0,123.38461303710938,91.08809661865234
17-02-2010,123.53845977783203,124.53845977783203,7872007,124.76923370361328,124.23076629638672,91.71276092529297
18-02-2010,123.69230651855469,123.84615325927734,6153355,125.30769348144531,124.92308044433594,92.223876953125
19-02-2010,123.07691955566406,124.15384674072266,8476208,125.0,124.38461303710938,91.82634735107422
22-02-2010,124.30769348144531,124.84615325927734,5848440,125.69230651855469,125.0,92.28064727783203
23-02-2010,122.0,124.53845977783203,8238243,125.53845977783203,122.69230651855469,90.57701110839844
24-02-2010,122.15384674072266,122.92308044433594,7364578,124.15384674072266,124.0,91.54241180419922
25-02-2010,120.84615325927734,121.23076629638672,8237385,122.69230651855469,122.46154022216797,90.97099304199219
26-02-2010,122.69230651855469,123.07691955566406,7873372,124.23076629638672,123.53845977783203,91.77098083496094
01-03-2010,121.76923370361328,123.84615325927734,8163779,124.23076629638672,122.30769348144531,90.85670471191406
02-03-2010,121.76923370361328,122.46154022216797,6836388,122.69230651855469,122.30769348144531,90.85670471191406
03-03-2010,122.69230651855469,122.92308044433594,10896262,125.30769348144531,123.30769348144531,91.59954071044922
04-03-2010,122.84615325927734,123.61538696289062,6127186,124.30769348144531,123.92308044433594,92.05670166015625
05-03-2010,124.23076629638672,124.53845977783203,8473907,125.92308044433594,125.76923370361328,93.42811584472656
08-03-2010,124.92308044433594,125.92308044433594,6977997,126.69230651855469,125.15384674072266,92.97097778320312
09-03-2010,125.0,125.38461303710938,10879128,127.84615325927734,126.84615325927734,94.22811126708984
10-03-2010,126.30769348144531,126.84615325927734,8819642,127.76923370361328,127.0,94.34239196777344
11-03-2010,125.53845977783203,126.84615325927734,8437715,127.30769348144531,126.76923370361328,94.17098236083984
12-03-2010,126.92308044433594,127.61538696289062,14673802,131.23077392578125,131.07691955566406,97.37095642089844
15-03-2010,130.3076934814453,130.92308044433594,15333643,133.46153259277344,133.0,98.79953002929688
16-03-2010,134.23077392578125,134.53846740722656,29714243,139.6923065185547,139.0,103.25666046142578
17-03-2010,138.23077392578125,140.92308044433594,20864974,141.53846740722656,138.76922607421875,103.0852279663086
18-03-2010,137.76922607421875,139.15383911132812,11507002,140.46153259277344,139.92308044433594,103.94236755371094
19-03-2010,137.92308044433594,139.0,14923558,141.07691955566406,139.0,103.25666046142578
22-03-2010,136.92308044433594,137.38461303710938,8442291,139.46153259277344,139.0,103.25666046142578
23-03-2010,139.61538696289062,139.6923065185547,13985413,141.92308044433594,141.0,104.74234771728516
24-03-2010,140.53846740722656,141.23077392578125,16151343,145.6923065185547,141.92308044433594,105.4280776977539
25-03-2010,140.46153259277344,143.92308044433594,12696892,144.3076934814453,140.76922607421875,104.5709457397461
26-03-2010,139.84616088867188,140.92308044433594,10969465,143.3076934814453,141.07691955566406,104.79950714111328
29-03-2010,140.38461303710938,142.46153259277344,10909184,142.76922607421875,141.53846740722656,105.14236450195312
30-03-2010,140.38461303710938,142.07691955566406,6911931,142.15383911132812,140.76922607421875,104.5709457397461
31-03-2010,139.46153259277344,140.07691955566406,7698145,141.23077392578125,140.0,103.99949645996094
01-04-2010,139.84616088867188,140.53846740722656,5912140,141.53846740722656,141.0,104.74234771728516
05-04-2010,141.0,141.6923065185547,7264322,143.46153259277344,142.53846740722656,105.88520050048828
06-04-2010,141.61538696289062,141.92308044433594,7033845,143.46153259277344,143.07691955566406,106.28518676757812
07-04-2010,141.46153259277344,142.84616088867188,7860346,144.23077392578125,142.3076934814453,105.71379852294922
08-04-2010,140.38461303710938,141.46153259277344,7877077,143.46153259277344,142.76922607421875,106.05662536621094
09-04-2010,141.53846740722656,143.0,7099651,143.61538696289062,142.46153259277344,105.82805633544922
12-04-2010,142.61538696289062,142.76922607421875,9321065,146.0,143.92308044433594,106.91378021240234
13-04-2010,144.0,144.23077392578125,12036063,147.15383911132812,145.76922607421875,108.28521728515625
14-04-2010,146.23077392578125,147.76922607421875,10654670,149.23077392578125,148.84616088867188,110.57087707519531
15-04-2010,149.0,149.61538696289062,13405847,151.46153259277344,150.0,111.42803955078125
16-04-2010,143.46153259277344,149.53846740722656,22408737,149.61538696289062,145.92308044433594,108.39946746826172
19-04-2010,143.38461303710938,143.38461303710938,10160306,145.92308044433594,145.6923065185547,108.22804260253906
20-04-2010,146.0,146.46153259277344,7496645,147.6923065185547,146.15383911132812,108.5708999633789
21-04-2010,145.3076934814453,146.92308044433594,7592910,147.53846740722656,146.38461303710938,108.74234008789062
22-04-2010,143.15383911132812,145.46153259277344,9495798,146.23077392578125,145.76922607421875,108.28521728515625
23-04-2010,144.61538696289062,145.07691955566406,7511075,146.92308044433594,146.6923065185547,108.97090911865234
26-04-2010,146.92308044433594,147.61538696289062,8542677,149.0,148.46153259277344,110.28516387939453
27-04-2010,143.0,148.0,14251783,149.92308044433594,143.84616088867188,106.85662078857422
28-04-2010,143.46153259277344,143.61538696289062,11050832,146.84616088867188,145.76922607421875,108.28521728515625
29-04-2010,146.38461303710938,146.46153259277344,9108632,149.92308044433594,149.92308044433594,111.3708724975586
30-04-2010,144.53846740722656,149.6923065185547,14577303,151.53846740722656,145.07691955566406,107.77085876464844
03-05-2010,145.84616088867188,145.92308044433594,7820501,148.76922607421875,148.15383911132812,110.05658721923828
04-05-2010,141.15383911132812,146.61538696289062,12236081,146.6923065185547,142.92308044433594,106.17092895507812
05-05-2010,137.92308044433594,140.15383911132812,13909948,142.23077392578125,139.23077392578125,103.42801666259766
06-05-2010,116.53845977783203,138.46153259277344,23675964,139.61538696289062,133.15383911132812,98.91380310058594
07-05-2010,127.07691955566406,134.6923065185547,21510567,136.07691955566406,129.84616088867188,96.45667266845703
10-05-2010,137.53846740722656,138.76922607421875,17962269,141.3076934814453,138.76922607421875,103.0852279663086
11-05-2010,137.07691955566406,137.3076934814453,10855494,141.07691955566406,138.46153259277344,102.85663604736328
12-05-2010,139.0,139.15383911132812,8827975,142.3076934814453,141.84616088867188,105.37094116210938
13-05-2010,138.15383911132812,141.61538696289062,8360638,141.76922607421875,138.84616088867188,103.14232635498047
14-05-2010,133.92308044433594,138.23077392578125,10883041,138.76922607421875,135.6923065185547,100.79951477050781
17-05-2010,131.46153259277344,135.46153259277344,10238085,136.3076934814453,135.07691955566406,100.34233856201172
18-05-2010,131.15383911132812,136.3076934814453,10334025,137.46153259277344,132.53846740722656,98.45664978027344
19-05-2010,128.84616088867188,131.3076934814453,17542590,133.6923065185547,132.76922607421875,98.62808990478516
20-05-2010,125.0,129.3076934814453,20076719,129.46153259277344,125.07691955566406,92.91383361816406
21-05-2010,120.38461303710938,120.76923370361328,19028789,126.38461303710938,126.30769348144531,93.82811737060547
24-05-2010,122.84615325927734,125.53845977783203,9636861,126.07691955566406,123.15384674072266,91.48526763916016
25-05-2010,117.30769348144531,119.23076629638672,15890277,122.84615325927734,122.69230651855469,91.1424331665039
26-05-2010,122.84615325927734,125.76923370361328,10826335,126.84615325927734,123.15384674072266,91.48526763916016
27-05-2010,124.15384674072266,126.30769348144531,9115379,128.3076934814453,128.15383911132812,95.19950866699219
28-05-2010,124.30769348144531,128.15383911132812,9149829,128.38461303710938,125.76923370361328,93.42811584472656
01-06-2010,122.53845977783203,124.92308044433594,9506640,127.0,122.92308044433594,91.31383514404297
02-06-2010,122.69230651855469,124.30769348144531,8170357,126.07691955566406,125.76923370361328,93.42811584472656
03-06-2010,124.84615325927734,126.23076629638672,6738810,126.76923370361328,126.53845977783203,93.9995346069336
04-06-2010,119.69230651855469,123.69230651855469,14874613,123.69230651855469,120.84615325927734,89.77098846435547
07-06-2010,118.23076629638672,121.0,9518093,121.15384674072266,118.53845977783203,88.05670166015625
08-06-2010,115.76923370361328,118.92308044433594,11618958,119.61538696289062,119.07691955566406,88.4566879272461
09-06-2010,117.07691955566406,119.84615325927734,8690968,120.76923370361328,117.84615325927734,87.54242706298828
10-06-2010,119.38461303710938,119.92308044433594,10220067,122.07691955566406,120.61538696289062,89.59957122802734
11-06-2010,118.23076629638672,119.46154022216797,9210721,120.07691955566406,119.69230651855469,88.91386413574219
14-06-2010,118.07691955566406,121.30769348144531,9845472,122.15384674072266,118.38461303710938,87.94242858886719
15-06-2010,118.15384674072266,119.38461303710938,10281492,121.92308044433594,121.46154022216797,90.22813415527344
16-06-2010,120.15384674072266,120.84615325927734,11264214,123.76923370361328,121.92308044433594,90.57096862792969
17-06-2010,120.38461303710938,122.07691955566406,7415343,122.53845977783203,122.38461303710938,91.49104309082031
18-06-2010,122.0,123.07691955566406,7712744,123.46154022216797,122.69230651855469,91.72111511230469
21-06-2010,123.30769348144531,124.69230651855469,9258795,126.53845977783203,123.84615325927734,92.58367156982422
22-06-2010,121.30769348144531,123.76923370361328,8447751,124.38461303710938,121.46154022216797,90.8010025024414
23-06-2010,118.23076629638672,121.23076629638672,12684633,122.23076629638672,118.38461303710938,88.50078582763672
24-06-2010,115.38461303710938,118.30769348144531,12518870,118.84615325927734,116.0,86.7181396484375
25-06-2010,114.0,116.30769348144531,17449848,116.53845977783203,114.69230651855469,85.74053192138672
28-06-2010,114.69230651855469,115.07691955566406,7857967,117.0,115.38461303710938,86.2580795288086
29-06-2010,109.76923370361328,113.46154022216797,14937637,113.76923370361328,111.38461303710938,83.26782989501953
30-06-2010,110.38461303710938,111.30769348144531,10603866,113.0,110.92308044433594,82.92276000976562
01-07-2010,106.69230651855469,110.23076629638672,13920101,111.0,108.61538696289062,81.19762420654297
02-07-2010,105.76923370361328,108.92308044433594,10210798,109.69230651855469,106.76923370361328,79.81745910644531
06-07-2010,106.23076629638672,108.53845977783203,10030111,110.07691955566406,107.46154022216797,80.33502197265625
07-07-2010,107.38461303710938,107.61538696289062,11922482,112.76923370361328,112.46154022216797,84.07286834716797
08-07-2010,112.07691955566406,114.38461303710938,11495523,116.69230651855469,114.07691955566406,85.28047943115234
09-07-2010,113.46154022216797,115.0,5992246,115.30769348144531,115.0,85.97054290771484
12-07-2010,113.69230651855469,114.61538696289062,4990804,115.30769348144531,114.84615325927734,85.85555267333984
13-07-2010,116.61538696289062,117.07691955566406,7521904,118.07691955566406,117.0,87.4657211303711
14-07-2010,115.84615325927734,117.38461303710938,5944276,117.69230651855469,116.92308044433594,87.40818786621094
15-07-2010,114.46154022216797,116.61538696289062,10312770,117.53845977783203,117.30769348144531,87.69570922851562
16-07-2010,111.53845977783203,115.38461303710938,16303950,115.84615325927734,111.92308044433594,83.67034149169922
19-07-2010,111.30769348144531,112.61538696289062,6379490,113.38461303710938,112.46154022216797,84.07286834716797
20-07-2010,110.46154022216797,110.46154022216797,8746322,115.46154022216797,114.92308044433594,85.91305541992188
21-07-2010,112.61538696289062,116.23076629638672,8452847,116.92308044433594,114.15384674072266,85.33802032470703
22-07-2010,115.15384674072266,116.0,8359091,117.61538696289062,117.0,87.4657211303711
23-07-2010,115.61538696289062,117.0,14655589,121.92308044433594,120.84615325927734,90.3409652709961
26-07-2010,120.76923370361328,122.38461303710938,10523539,124.30769348144531,124.15384674072266,92.8136978149414
27-07-2010,123.84615325927734,125.38461303710938,9092473,127.46154022216797,124.46154022216797,93.043701171875
28-07-2010,122.69230651855469,123.84615325927734,6822283,124.46154022216797,123.46154022216797,92.296142578125
29-07-2010,122.61538696289062,124.23076629638672,9071881,124.92308044433594,124.23076629638672,92.87118530273438
30-07-2010,122.38461303710938,122.46154022216797,7816952,124.92308044433594,124.0,92.69869995117188
02-08-2010,125.46154022216797,125.53845977783203,8763560,126.69230651855469,126.23076629638672,94.3663330078125
03-08-2010,125.84615325927734,126.07691955566406,7162077,127.07691955566406,126.15384674072266,94.308837890625
04-08-2010,125.92308044433594,126.23076629638672,5996120,127.0,126.76923370361328,94.76889038085938
05-08-2010,125.15384674072266,125.76923370361328,6057597,127.23076629638672,127.07691955566406,94.9989013671875
06-08-2010,123.76923370361328,125.53845977783203,7664046,126.53845977783203,126.53845977783203,94.59635925292969
09-08-2010,125.38461303710938,126.30769348144531,5189444,126.61538696289062,126.0,94.1938247680664
10-08-2010,122.76923370361328,124.53845977783203,6920732,125.69230651855469,125.0,93.44625854492188
11-08-2010,119.53845977783203,122.92308044433594,10031320,123.30769348144531,120.76923370361328,90.2834701538086
12-08-2010,118.0,118.61538696289062,7571629,120.61538696289062,119.23076629638672,89.13335418701172
13-08-2010,118.0,118.0,5414604,119.38461303710938,118.30769348144531,88.44327545166016
16-08-2010,116.53845977783203,117.61538696289062,7335848,119.15384674072266,118.92308044433594,88.90333557128906
17-08-2010,119.23076629638672,120.46154022216797,7918066,121.07691955566406,119.84615325927734,89.59339904785156
18-08-2010,119.30769348144531,119.84615325927734,5499364,121.07691955566406,120.76923370361328,90.2834701538086
19-08-2010,115.76923370361328,119.69230651855469,10703784,120.30769348144531,117.30769348144531,87.69570922851562
20-08-2010,114.53845977783203,116.76923370361328,8502377,116.76923370361328,115.61538696289062,86.43061828613281
23-08-2010,114.23076629638672,117.07691955566406,7225530,117.46154022216797,114.53845977783203,85.62552642822266
24-08-2010,110.84615325927734,113.38461303710938,11656593,113.46154022216797,112.07691955566406,83.78533935546875
25-08-2010,109.61538696289062,111.23076629638672,9981803,112.92308044433594,112.07691955566406,83.78533935546875
26-08-2010,111.07691955566406,112.76923370361328,7577089,113.92308044433594,111.53845977783203,83.3828125
27-08-2010,110.53845977783203,112.38461303710938,6041490,113.53845977783203,113.15384674072266,84.59041595458984
30-08-2010,111.61538696289062,112.84615325927734,4755829,113.23076629638672,111.69230651855469,83.49781036376953
31-08-2010,110.07691955566406,110.46154022216797,7699211,112.15384674072266,111.38461303710938,83.26782989501953
01-09-2010,112.30769348144531,113.30769348144531,10145551,116.15384674072266,115.46154022216797,86.31560516357422
02-09-2010,114.92308044433594,116.15384674072266,7076368,116.92308044433594,116.53845977783203,87.12067413330078
03-09-2010,116.92308044433594,118.38461303710938,8364343,119.69230651855469,118.38461303710938,88.50078582763672
07-09-2010,117.0,117.53845977783203,7197554,119.23076629638672,118.76923370361328,88.78832244873047
08-09-2010,117.84615325927734,118.38461303710938,9759087,121.46154022216797,120.76923370361328,90.2834701538086
09-09-2010,121.69230651855469,122.38461303710938,7865806,123.07691955566406,122.38461303710938,91.49104309082031
10-09-2010,121.61538696289062,122.76923370361328,6062914,123.69230651855469,122.92308044433594,91.89361572265625
13-09-2010,123.46154022216797,124.53845977783203,7320365,125.46154022216797,125.0,93.44625854492188
14-09-2010,123.92308044433594,124.46154022216797,6260748,125.23076629638672,124.30769348144531,92.9287109375
15-09-2010,122.84615325927734,123.61538696289062,8912280,126.69230651855469,125.69230651855469,93.96377563476562
16-09-2010,123.92308044433594,124.46154022216797,6119360,125.46154022216797,124.84615325927734,94.02171325683594
17-09-2010,123.69230651855469,125.46154022216797,9425078,126.30769348144531,125.30769348144531,94.36932373046875
20-09-2010,124.84615325927734,125.15384674072266,5991869,127.69230651855469,127.30769348144531,95.87551879882812
21-09-2010,126.30769348144531,127.07691955566406,7040215,128.46153259277344,127.07691955566406,95.70175170898438
22-09-2010,126.15384674072266,127.0,6167187,128.23077392578125,126.92308044433594,95.58586120605469
23-09-2010,123.46154022216797,125.15384674072266,6913374,126.07691955566406,124.15384674072266,93.50035095214844
24-09-2010,125.38461303710938,125.61538696289062,11053887,128.15383911132812,128.15383911132812,96.51278686523438
27-09-2010,126.15384674072266,128.07691955566406,5273840,128.07691955566406,126.38461303710938,95.18035125732422
28-09-2010,124.15384674072266,126.38461303710938,7003997,127.07691955566406,126.46154022216797,95.23828125
29-09-2010,124.92308044433594,125.69230651855469,5736107,126.61538696289062,125.84615325927734,94.77485656738281
30-09-2010,124.23076629638672,126.61538696289062,7670325,128.38461303710938,125.0,94.13760375976562
01-10-2010,125.07691955566406,126.15384674072266,6296342,127.15384674072266,125.84615325927734,94.77485656738281
04-10-2010,123.07691955566406,125.46154022216797,5958498,125.92308044433594,123.84615325927734,93.26862335205078
05-10-2010,124.53845977783203,125.0,8139547,127.53845977783203,127.0,95.64380645751953
06-10-2010,126.61538696289062,126.84615325927734,9620013,130.76922607421875,130.0,97.90308380126953
07-10-2010,129.61538696289062,130.76922607421875,7617792,131.6923065185547,131.15383911132812,98.77204895019531
08-10-2010,131.0,131.76922607421875,6701292,133.0,131.6923065185547,99.17757415771484
11-10-2010,130.15383911132812,132.61538696289062,6795789,132.76922607421875,130.46153259277344,98.25068664550781
12-10-2010,130.3076934814453,130.53846740722656,8420555,133.07691955566406,132.23077392578125,99.58311462402344
13-10-2010,132.15383911132812,133.07691955566406,7904897,134.53846740722656,132.92308044433594,100.1044921875
14-10-2010,130.53846740722656,133.76922607421875,7525180,133.76922607421875,132.0,99.40931701660156
15-10-2010,124.23076629638672,129.07691955566406,26670917,129.15383911132812,125.38461303710938,94.42726135253906
18-10-2010,123.84615325927734,125.46154022216797,8773583,125.69230651855469,125.0,94.13760375976562
19-10-2010,122.92308044433594,123.84615325927734,9641138,125.07691955566406,123.61538696289062,93.09483337402344
20-10-2010,122.15384674072266,124.53845977783203,9055098,124.61538696289062,123.46154022216797,92.9789810180664
21-10-2010,123.23076629638672,123.76923370361328,7723911,125.92308044433594,123.84615325927734,93.26862335205078
22-10-2010,123.15384674072266,123.92308044433594,4071444,124.61538696289062,123.53845977783203,93.03691864013672
25-10-2010,123.53845977783203,125.07691955566406,6968234,125.53845977783203,123.53845977783203,93.03691864013672
26-10-2010,123.30769348144531,123.53845977783203,6421051,125.53845977783203,124.30769348144531,93.61622619628906
27-10-2010,123.0,123.53845977783203,6580990,124.15384674072266,123.92308044433594,93.3265609741211
28-10-2010,123.30769348144531,124.76923370361328,5754242,125.38461303710938,123.69230651855469,93.15275573730469
29-10-2010,122.92308044433594,123.61538696289062,4962672,124.07691955566406,123.23076629638672,92.80516052246094
01-11-2010,122.15384674072266,123.76923370361328,6871202,124.46154022216797,122.69230651855469,92.3996810913086
02-11-2010,122.15384674072266,123.07691955566406,6570902,123.61538696289062,122.61538696289062,92.34174346923828
03-11-2010,122.15384674072266,122.76923370361328,8548852,123.84615325927734,123.53845977783203,93.03691864013672
04-11-2010,124.46154022216797,124.61538696289062,11336156,127.61538696289062,127.0,95.64380645751953
05-11-2010,127.0,127.07691955566406,9077562,129.6923065185547,128.6923065185547,96.91826629638672
08-11-2010,127.84615325927734,127.84615325927734,6216353,129.53846740722656,128.53846740722656,96.80241394042969
09-11-2010,127.23076629638672,129.38461303710938,6490601,129.38461303710938,127.84615325927734,96.2810287475586
10-11-2010,125.92308044433594,128.0,6460701,128.23077392578125,127.30769348144531,95.87551879882812
11-11-2010,124.76923370361328,126.46154022216797,6060288,127.07691955566406,125.76923370361328,94.71690368652344
12-11-2010,123.92308044433594,125.0,6281470,126.07691955566406,125.0,94.13760375976562
15-11-2010,124.46154022216797,124.84615325927734,5094167,126.38461303710938,124.61538696289062,93.84793853759766
16-11-2010,121.23076629638672,124.15384674072266,9613383,124.30769348144531,122.0,91.87828063964844
17-11-2010,121.23076629638672,122.07691955566406,4718545,122.46154022216797,121.61538696289062,91.58865356445312
18-11-2010,123.07691955566406,123.07691955566406,6511765,124.61538696289062,123.38461303710938,92.92105865478516
19-11-2010,122.69230651855469,123.53845977783203,6404125,124.84615325927734,124.76923370361328,93.96378326416016
22-11-2010,121.38461303710938,124.15384674072266,8541871,124.15384674072266,123.30769348144531,92.86309814453125
23-11-2010,120.23076629638672,121.76923370361328,7273370,122.23076629638672,121.23076629638672,91.29898071289062
24-11-2010,121.38461303710938,121.61538696289062,5512533,122.92308044433594,122.61538696289062,92.34174346923828
26-11-2010,121.15384674072266,121.38461303710938,2267213,122.15384674072266,121.53845977783203,91.53070068359375
29-11-2010,120.61538696289062,121.0,7346014,123.46154022216797,122.84615325927734,92.51554870605469
30-11-2010,120.92308044433594,121.15384674072266,7005024,122.69230651855469,121.76923370361328,91.70452117919922
01-12-2010,123.30769348144531,123.30769348144531,8962876,125.38461303710938,125.38461303710938,94.42726135253906
02-12-2010,125.23076629638672,125.30769348144531,10502453,128.3076934814453,128.3076934814453,96.62862396240234
03-12-2010,126.61538696289062,126.84615325927734,6533722,129.23077392578125,129.07691955566406,97.20792388916016
06-12-2010,127.92308044433594,128.46153259277344,7640932,129.6923065185547,128.46153259277344,96.74446105957031
07-12-2010,129.84616088867188,130.15383911132812,12539787,132.92308044433594,131.0,98.65619659423828
08-12-2010,129.6923065185547,130.84616088867188,6181656,131.76922607421875,131.07691955566406,98.71416473388672
09-12-2010,131.23077392578125,132.38461303710938,5081661,132.53846740722656,131.76922607421875,99.2354965209961
10-12-2010,132.3076934814453,132.46153259277344,16365791,137.53846740722656,136.3076934814453,102.65342712402344
13-12-2010,135.0,137.61538696289062,8823828,137.6923065185547,135.53846740722656,102.07413482666016
14-12-2010,135.23077392578125,135.84616088867188,9927658,137.6923065185547,136.07691955566406,102.47965240478516
15-12-2010,133.61538696289062,135.6923065185547,9197448,136.23077392578125,134.53846740722656,101.3210220336914
16-12-2010,134.38461303710938,134.84616088867188,7008989,137.46153259277344,136.6923065185547,102.94306945800781
17-12-2010,135.15383911132812,136.38461303710938,8482578,136.6923065185547,136.15383911132812,102.53755950927734
20-12-2010,135.76922607421875,136.6923065185547,5271318,136.92308044433594,136.15383911132812,102.53755950927734
21-12-2010,136.46153259277344,136.76922607421875,5438810,138.46153259277344,137.6923065185547,103.69618225097656
22-12-2010,137.07691955566406,137.15383911132812,5587036,139.07691955566406,138.92308044433594,105.44781494140625
23-12-2010,138.3076934814453,138.46153259277344,4024657,139.61538696289062,138.76922607421875,105.3310546875
27-12-2010,137.84616088867188,137.84616088867188,4331340,140.23077392578125,139.92308044433594,106.20682525634766
28-12-2010,139.6923065185547,140.07691955566406,6204120,141.61538696289062,140.92308044433594,106.96588134765625
29-12-2010,140.46153259277344,141.3076934814453,4494009,142.23077392578125,140.53846740722656,106.6739501953125
30-12-2010,139.6923065185547,140.61538696289062,3756259,141.15383911132812,139.92308044433594,106.20682525634766
31-12-2010,139.46153259277344,139.61538696289062,3519633,141.15383911132812,140.6923065185547,106.79071807861328
03-01-2011,140.15383911132812,142.23077392578125,6867666,142.3076934814453,140.61538696289062,106.7323226928711
04-01-2011,139.38461303710938,141.07691955566406,10272535,143.15383911132812,143.15383911132812,108.65911865234375
05-01-2011,141.6923065185547,142.46153259277344,6671912,144.0,143.38461303710938,108.83427429199219
06-01-2011,141.6923065185547,143.76922607421875,5153213,144.0,142.76922607421875,108.36717987060547
07-01-2011,140.0,142.92308044433594,7453745,143.53846740722656,141.76922607421875,107.60814666748047
10-01-2011,142.0,143.15383911132812,8189545,144.23077392578125,142.38461303710938,108.07521057128906
11-01-2011,142.92308044433594,143.92308044433594,6057129,144.6923065185547,143.3076934814453,108.77587890625
12-01-2011,142.15383911132812,142.84616088867188,7957729,144.07691955566406,143.61538696289062,109.00944519042969
13-01-2011,142.76922607421875,144.07691955566406,5824377,144.61538696289062,143.07691955566406,108.60073852539062
14-01-2011,142.6923065185547,143.15383911132812,5490641,144.92308044433594,144.76922607421875,109.8852310180664
18-01-2011,142.76922607421875,146.0,9165767,146.07691955566406,143.07691955566406,108.60073852539062
19-01-2011,139.92308044433594,143.15383911132812,10684713,143.38461303710938,141.0,107.02428436279297
20-01-2011,139.76922607421875,142.0,8805264,143.0,141.76922607421875,107.60814666748047
21-01-2011,148.07691955566406,148.53846740722656,29780426,153.61538696289062,151.84616088867188,115.25690460205078
24-01-2011,151.84616088867188,153.3076934814453,12811149,154.76922607421875,154.15383911132812,117.00849151611328
25-01-2011,152.3076934814453,153.6923065185547,13128323,156.0,153.6923065185547,116.65818786621094
26-01-2011,153.23077392578125,155.23077392578125,8807968,155.38461303710938,153.23077392578125,116.30787658691406
27-01-2011,153.07691955566406,153.53846740722656,8819278,156.38461303710938,156.0,118.40986633300781
28-01-2011,154.76922607421875,156.84616088867188,13284661,159.53846740722656,155.38461303710938,117.94273376464844
31-01-2011,154.61538696289062,154.84616088867188,6724042,156.07691955566406,154.92308044433594,117.5924072265625
01-02-2011,156.15383911132812,156.76922607421875,8879559,160.76922607421875,160.0,121.44596099853516
02-02-2011,158.84616088867188,160.3076934814453,5495919,161.23077392578125,159.3076934814453,120.92046356201172
03-02-2011,157.07691955566406,158.84616088867188,5345301,159.76922607421875,159.61538696289062,121.15404510498047
04-02-2011,156.92308044433594,159.92308044433594,5604053,160.0,158.15383911132812,120.04463958740234
07-02-2011,159.46153259277344,159.76922607421875,5900297,161.53846740722656,160.53846740722656,121.85469055175781
08-02-2011,160.84616088867188,161.23077392578125,7142239,163.92308044433594,163.6923065185547,124.24855041503906
09-02-2011,162.0,163.84616088867188,7937358,164.84616088867188,163.92308044433594,124.4237289428711
10-02-2011,161.07691955566406,162.84616088867188,6528002,163.92308044433594,163.61538696289062,124.19021606445312
11-02-2011,161.76922607421875,161.84616088867188,5285202,164.92308044433594,164.07691955566406,124.54054260253906
14-02-2011,165.0,165.46153259277344,5642416,166.53846740722656,165.38461303710938,125.53311157226562
15-02-2011,163.38461303710938,165.0,5150470,165.3076934814453,165.07691955566406,125.29956817626953
16-02-2011,163.46153259277344,164.76922607421875,5071235,165.3076934814453,164.92308044433594,125.18279266357422
17-02-2011,163.53846740722656,163.6923065185547,4765527,166.0,165.53846740722656,125.64989471435547
18-02-2011,163.84616088867188,165.6923065185547,5912946,166.15383911132812,164.92308044433594,125.18279266357422
22-02-2011,158.92308044433594,160.61538696289062,9427639,163.15383911132812,160.15383911132812,121.56275177001953
23-02-2011,154.46153259277344,157.84616088867188,11042239,159.15383911132812,156.6923065185547,118.93534088134766
24-02-2011,154.61538696289062,154.76922607421875,8492926,158.84616088867188,158.3076934814453,120.99300384521484
25-02-2011,157.6923065185547,159.3076934814453,5939336,160.61538696289062,160.15383911132812,122.40401458740234
28-02-2011,160.15383911132812,161.15383911132812,5544851,162.07691955566406,160.92308044433594,122.99192810058594
01-03-2011,155.6923065185547,162.46153259277344,8059103,162.84616088867188,155.76922607421875,119.05292510986328
02-03-2011,155.07691955566406,155.23077392578125,6383650,158.76922607421875,156.3076934814453,119.46446990966797
03-03-2011,159.23077392578125,160.61538696289062,6008262,161.0,159.61538696289062,121.99249267578125
04-03-2011,155.3076934814453,160.38461303710938,7948772,160.46153259277344,156.6923065185547,119.75840759277344
07-03-2011,153.92308044433594,156.92308044433594,8628984,158.38461303710938,156.76922607421875,119.81719207763672
08-03-2011,155.84616088867188,157.15383911132812,6544408,159.92308044433594,158.6923065185547,121.28695678710938
09-03-2011,156.15383911132812,158.3076934814453,6463574,159.3076934814453,158.6923065185547,121.28695678710938
10-03-2011,154.07691955566406,155.84616088867188,10499138,157.92308044433594,154.61538696289062,118.17105865478516
11-03-2011,153.38461303710938,153.46153259277344,7297823,157.53846740722656,156.61538696289062,119.69962310791016
14-03-2011,149.61538696289062,153.53846740722656,11852672,154.53846740722656,153.23077392578125,117.11275482177734
15-03-2011,143.07691955566406,144.92308044433594,17357483,152.0,150.84616088867188,115.2902603149414
16-03-2011,143.92308044433594,149.07691955566406,17166331,150.07691955566406,145.76922607421875,111.40999603271484
17-03-2011,146.61538696289062,148.23077392578125,10861578,151.0,147.84616088867188,112.99735260009766
18-03-2011,147.84616088867188,151.07691955566406,10395593,151.92308044433594,148.07691955566406,113.17375946044922
21-03-2011,150.38461303710938,151.38461303710938,6891092,152.3076934814453,151.6923065185547,115.93698120117188
22-03-2011,149.76922607421875,152.07691955566406,6044623,152.07691955566406,149.92308044433594,114.58472442626953
23-03-2011,148.07691955566406,149.61538696289062,5756907,150.46153259277344,150.23077392578125,114.81985473632812
24-03-2011,149.84616088867188,151.38461303710938,5693051,152.3076934814453,152.15383911132812,116.2896728515625
25-03-2011,151.46153259277344,152.6923065185547,5209295,153.3076934814453,151.92308044433594,116.11331939697266
28-03-2011,151.23077392578125,152.38461303710938,4608019,152.92308044433594,151.92308044433594,116.11331939697266
29-03-2011,150.23077392578125,151.23077392578125,4685031,153.15383911132812,152.76922607421875,116.76001739501953
30-03-2011,153.3076934814453,153.6923065185547,6103747,156.0,154.6923065185547,118.22978210449219
31-03-2011,153.53846740722656,154.46153259277344,5322226,155.0,154.23077392578125,117.87708282470703
01-04-2011,154.76922607421875,154.92308044433594,6292000,157.6923065185547,156.46153259277344,119.5820083618164
04-04-2011,157.23077392578125,159.46153259277344,5904366,159.61538696289062,157.92308044433594,120.69906616210938
05-04-2011,156.15383911132812,157.53846740722656,5403684,158.6923065185547,156.38461303710938,119.52323913574219
06-04-2011,156.6923065185547,158.23077392578125,6614569,158.61538696289062,158.07691955566406,120.81666564941406
07-04-2011,155.3076934814453,157.61538696289062,6778655,157.6923065185547,156.53846740722656,119.64083862304688
08-04-2011,154.38461303710938,157.61538696289062,6306352,157.84616088867188,155.3076934814453,118.70016479492188
11-04-2011,154.46153259277344,155.6923065185547,3807856,156.6923065185547,155.23077392578125,118.6413345336914
12-04-2011,152.3076934814453,154.0,6337669,155.07691955566406,153.92308044433594,117.64196014404297
13-04-2011,152.84616088867188,154.23077392578125,5206370,154.6923065185547,153.38461303710938,117.23036193847656
14-04-2011,150.76922607421875,152.6923065185547,5718570,154.46153259277344,153.84616088867188,117.58309173583984
15-04-2011,153.76922607421875,154.23077392578125,6518031,156.15383911132812,154.15383911132812,117.8182144165039
18-04-2011,150.07691955566406,152.07691955566406,8267493,153.84616088867188,153.6923065185547,117.46551513671875
19-04-2011,153.3076934814453,153.76922607421875,8254493,156.46153259277344,155.92308044433594,119.17049407958984
20-04-2011,156.0,157.84616088867188,7226362,158.0,156.92308044433594,119.9347915649414
21-04-2011,151.76922607421875,159.84616088867188,15819713,160.0,153.46153259277344,117.28914642333984
25-04-2011,153.0,154.92308044433594,7247773,155.0,153.0,116.93639373779297
26-04-2011,153.84616088867188,154.15383911132812,6826066,156.38461303710938,154.61538696289062,118.17105865478516
27-04-2011,155.0,155.3076934814453,11482640,160.38461303710938,158.84616088867188,121.40453338623047
28-04-2011,157.46153259277344,159.15383911132812,5474365,159.76922607421875,158.46153259277344,121.11058807373047
29-04-2011,156.92308044433594,159.38461303710938,5393427,159.53846740722656,157.3076934814453,120.22871398925781
02-05-2011,157.15383911132812,159.23077392578125,4695938,159.3076934814453,157.53846740722656,120.40510559082031
03-05-2011,156.53846740722656,156.61538696289062,5208801,158.84616088867188,158.76922607421875,121.34580993652344
04-05-2011,155.0,158.15383911132812,7525791,158.92308044433594,155.92308044433594,119.17049407958984
05-05-2011,152.38461303710938,155.61538696289062,7445555,156.15383911132812,153.07691955566406,116.99519348144531
06-05-2011,153.46153259277344,155.3076934814453,5674240,155.76922607421875,153.92308044433594,117.64196014404297
09-05-2011,153.07691955566406,153.61538696289062,4965168,154.6923065185547,154.38461303710938,117.9946060180664
10-05-2011,154.76922607421875,154.92308044433594,4963504,157.07691955566406,156.15383911132812,119.34683990478516
11-05-2011,153.84616088867188,155.46153259277344,5003570,157.0,154.53846740722656,118.11225128173828
12-05-2011,153.07691955566406,153.84616088867188,4982822,155.23077392578125,154.92308044433594,118.40619659423828
13-05-2011,152.0,154.76922607421875,5486000,154.92308044433594,153.0,116.93639373779297
16-05-2011,151.38461303710938,152.6923065185547,5953571,153.76922607421875,152.0,116.17211151123047
17-05-2011,149.6923065185547,150.92308044433594,6178744,151.76922607421875,150.6923065185547,115.17266082763672
18-05-2011,149.3076934814453,150.6923065185547,5995743,152.84616088867188,152.0,116.17211151123047
19-05-2011,152.61538696289062,152.84616088867188,5565989,154.23077392578125,153.53846740722656,117.34793090820312
20-05-2011,150.61538696289062,153.3076934814453,5918978,153.38461303710938,150.92308044433594,115.34901428222656
23-05-2011,147.15383911132812,148.61538696289062,5072678,149.84616088867188,149.15383911132812,113.99685668945312
24-05-2011,146.53846740722656,149.46153259277344,5941598,150.15383911132812,146.92308044433594,112.29187774658203
25-05-2011,145.92308044433594,146.15383911132812,5593666,148.92308044433594,147.84616088867188,112.99735260009766
26-05-2011,147.15383911132812,147.15383911132812,5408988,149.92308044433594,149.38461303710938,114.1731948852539
27-05-2011,149.38461303710938,149.92308044433594,3929068,150.61538696289062,149.53846740722656,114.290771484375
31-05-2011,149.84616088867188,151.38461303710938,6912750,151.6923065185547,151.07691955566406,115.46656036376953
01-06-2011,146.92308044433594,149.76922607421875,8451560,150.76922607421875,147.15383911132812,112.46823120117188
02-06-2011,145.6923065185547,147.38461303710938,5233670,148.3076934814453,146.84616088867188,112.23309326171875
03-06-2011,144.23077392578125,144.84616088867188,6383728,146.07691955566406,144.76922607421875,110.64568328857422
06-06-2011,141.46153259277344,143.92308044433594,7861139,144.61538696289062,142.0,108.52922058105469
07-06-2011,142.07691955566406,142.61538696289062,6876168,143.84616088867188,142.15383911132812,108.64678192138672
08-06-2011,141.53846740722656,142.23077392578125,6787716,143.61538696289062,142.38461303710938,108.82315063476562
09-06-2011,142.23077392578125,142.6923065185547,5120648,144.3076934814453,142.92308044433594,109.23472595214844
10-06-2011,139.53846740722656,142.38461303710938,7258979,142.46153259277344,140.92308044433594,107.70611572265625
13-06-2011,140.15383911132812,140.84616088867188,5518708,142.46153259277344,141.46153259277344,108.11766052246094
14-06-2011,142.3076934814453,142.53846740722656,6416657,144.23077392578125,143.07691955566406,109.35231018066406
15-06-2011,140.92308044433594,142.07691955566406,7600255,143.61538696289062,141.46153259277344,108.11766052246094
16-06-2011,140.0,140.07691955566406,7160894,143.15383911132812,141.84616088867188,109.30317687988281
17-06-2011,141.07691955566406,143.3076934814453,7338253,143.76922607421875,142.23077392578125,109.59955596923828
20-06-2011,140.76922607421875,141.07691955566406,5056649,142.76922607421875,142.15383911132812,109.54024505615234
21-06-2011,142.76922607421875,143.07691955566406,7642609,145.6923065185547,144.6923065185547,111.4963150024414
22-06-2011,142.76922607421875,143.76922607421875,6250062,144.6923065185547,142.76922607421875,110.01446533203125
23-06-2011,138.53846740722656,141.07691955566406,9016085,141.46153259277344,141.38461303710938,108.94749450683594
24-06-2011,138.23077392578125,141.6923065185547,10507159,141.76922607421875,138.23077392578125,106.51721954345703
27-06-2011,138.46153259277344,138.53846740722656,6037824,141.6923065185547,140.61538696289062,108.35474395751953
28-06-2011,139.6923065185547,141.0,5030792,141.84616088867188,141.84616088867188,109.30317687988281
29-06-2011,141.53846740722656,142.61538696289062,5042453,143.15383911132812,142.76922607421875,110.01446533203125
30-06-2011,142.76922607421875,143.0,5855122,145.38461303710938,145.07691955566406,111.79268646240234
01-07-2011,144.23077392578125,145.07691955566406,7262905,148.15383911132812,147.6923065185547,113.80805969238281
05-07-2011,145.46153259277344,147.84616088867188,5447494,148.07691955566406,146.46153259277344,112.85968780517578
06-07-2011,145.84616088867188,145.92308044433594,4105673,146.92308044433594,146.53846740722656,112.91898345947266
07-07-2011,147.23077392578125,147.92308044433594,5846113,149.61538696289062,148.46153259277344,114.4008560180664
08-07-2011,145.0,146.76922607421875,7104786,146.92308044433594,146.07691955566406,112.56327819824219
11-07-2011,142.3076934814453,144.0,6051617,144.46153259277344,143.3076934814453,110.42939758300781
12-07-2011,141.38461303710938,141.76922607421875,6130033,143.53846740722656,141.38461303710938,108.94749450683594
13-07-2011,142.3076934814453,142.53846740722656,7428967,144.84616088867188,142.38461303710938,109.71808624267578
14-07-2011,142.07691955566406,143.46153259277344,5686915,144.61538696289062,142.53846740722656,109.83663177490234
15-07-2011,140.6923065185547,142.6923065185547,6570291,143.6923065185547,141.61538696289062,109.1253433227539
18-07-2011,139.6923065185547,141.0,5142345,141.46153259277344,140.6923065185547,108.41405487060547
19-07-2011,141.15383911132812,141.53846740722656,5938101,143.38461303710938,142.92308044433594,110.1330337524414
20-07-2011,143.07691955566406,144.23077392578125,6312163,145.46153259277344,144.53846740722656,111.3778305053711
21-07-2011,145.07691955566406,146.0,8728421,148.3076934814453,147.38461303710938,113.57093811035156
22-07-2011,145.76922607421875,149.46153259277344,10680202,150.23077392578125,146.46153259277344,112.85968780517578
25-07-2011,145.0,145.92308044433594,5696327,147.23077392578125,145.84616088867188,112.38548278808594
26-07-2011,142.3076934814453,146.15383911132812,8885916,146.46153259277344,142.76922607421875,110.01446533203125
27-07-2011,138.84616088867188,142.07691955566406,10158499,142.38461303710938,139.3076934814453,107.34711456298828
28-07-2011,139.15383911132812,139.53846740722656,6328400,142.0,139.3076934814453,107.34711456298828
29-07-2011,136.76922607421875,138.38461303710938,9120332,139.3076934814453,137.76922607421875,106.1615982055664
01-08-2011,136.0,141.46153259277344,8983078,141.6923065185547,138.23077392578125,106.51721954345703
02-08-2011,132.0,136.46153259277344,12593087,137.53846740722656,132.38461303710938,102.01233673095703
03-08-2011,131.23077392578125,132.6923065185547,11202607,134.61538696289062,134.38461303710938,103.55349731445312
04-08-2011,126.30769348144531,132.23077392578125,16655145,132.84616088867188,126.69230651855469,97.62600708007812
05-08-2011,123.84615325927734,128.15383911132812,16158519,130.38461303710938,127.0,97.86308288574219
08-08-2011,117.69230651855469,120.53845977783203,22572394,124.07691955566406,118.69230651855469,91.46138000488281
09-08-2011,114.0,119.92308044433594,25798617,122.76923370361328,122.76923370361328,94.60297393798828
10-08-2011,115.46154022216797,121.92308044433594,17524156,122.23076629638672,116.07691955566406,89.446044921875
11-08-2011,115.38461303710938,116.53845977783203,17135703,122.46154022216797,120.61538696289062,92.94326782226562
12-08-2011,121.46154022216797,123.38461303710938,9724299,124.0,122.15384674072266,94.1287612915039
15-08-2011,123.69230651855469,124.38461303710938,8486777,126.23076629638672,126.07691955566406,97.15180206298828
16-08-2011,122.69230651855469,124.92308044433594,7712796,125.15384674072266,124.23076629638672,95.72920227050781
17-08-2011,123.69230651855469,125.38461303710938,6603038,127.23076629638672,124.84615325927734,96.20337677001953
18-08-2011,116.92308044433594,121.07691955566406,15391220,121.38461303710938,118.0,90.92792510986328
19-08-2011,115.61538696289062,116.15384674072266,10361117,120.07691955566406,116.07691955566406,89.446044921875
22-08-2011,115.76923370361328,119.61538696289062,9025991,119.61538696289062,116.23076629638672,89.56458282470703
23-08-2011,116.23076629638672,116.69230651855469,9115405,119.53845977783203,119.53845977783203,92.1134033203125
24-08-2011,118.61538696289062,119.07691955566406,8502039,121.15384674072266,120.92308044433594,93.18037414550781
25-08-2011,118.0,122.61538696289062,8817250,123.46154022216797,118.84615325927734,91.57994079589844
26-08-2011,116.15384674072266,118.46154022216797,8107424,120.61538696289062,119.53845977783203,92.1134033203125
29-08-2011,121.15384674072266,121.46154022216797,6208891,123.53845977783203,123.38461303710938,95.07717895507812
30-08-2011,121.15384674072266,122.69230651855469,6312423,124.92308044433594,124.0,95.55138397216797
31-08-2011,124.30769348144531,124.92308044433594,8173282,126.84615325927734,125.46154022216797,96.67760467529297
01-09-2011,124.23076629638672,125.46154022216797,7958171,126.53845977783203,124.61538696289062,96.0255355834961
02-09-2011,119.61538696289062,121.92308044433594,8026707,122.46154022216797,121.23076629638672,93.41744995117188
06-09-2011,115.38461303710938,117.30769348144531,12670658,117.61538696289062,117.30769348144531,90.39443969726562
07-09-2011,118.76923370361328,119.23076629638672,7831122,121.92308044433594,121.53845977783203,93.6545639038086
08-09-2011,119.15384674072266,120.69230651855469,15329704,121.76923370361328,119.92308044433594,92.40977478027344
09-09-2011,115.61538696289062,118.30769348144531,18777330,118.92308044433594,116.07691955566406,89.446044921875
12-09-2011,113.23076629638672,115.46154022216797,22073636,117.61538696289062,115.46154022216797,88.97180938720703
13-09-2011,114.30769348144531,115.53845977783203,10829091,118.92308044433594,118.53845977783203,91.34283447265625
14-09-2011,116.92308044433594,119.07691955566406,11874278,123.38461303710938,121.46154022216797,93.59527587890625
15-09-2011,121.84615325927734,122.30769348144531,8752432,123.84615325927734,123.69230651855469,96.22837829589844
16-09-2011,123.61538696289062,124.76923370361328,11596650,126.15384674072266,125.61538696289062,97.72447967529297
19-09-2011,122.07691955566406,122.92308044433594,7039968,125.15384674072266,124.46154022216797,96.82682037353516
20-09-2011,123.38461303710938,125.0,7310615,126.53845977783203,123.38461303710938,95.9890365600586
21-09-2011,118.15384674072266,122.84615325927734,9666904,123.61538696289062,118.30769348144531,92.03937530517578
22-09-2011,114.0,115.07691955566406,14780792,117.07691955566406,115.69230651855469,90.0046615600586
23-09-2011,114.30769348144531,114.61538696289062,8516755,117.30769348144531,117.0,91.0219955444336
26-09-2011,115.92308044433594,118.46154022216797,12207091,120.15384674072266,119.76923370361328,93.17640686035156
27-09-2011,120.53845977783203,121.61538696289062,10450908,123.61538696289062,121.23076629638672,94.31340026855469
28-09-2011,118.61538696289062,121.15384674072266,7462403,123.07691955566406,118.84615325927734,92.458251953125
29-09-2011,119.23076629638672,121.69230651855469,7890129,122.69230651855469,122.0,94.91183471679688
30-09-2011,116.84615325927734,120.38461303710938,9851348,121.0,117.07691955566406,91.08184051513672
03-10-2011,112.92308044433594,116.15384674072266,12051208,118.38461303710938,113.0,87.91015625
04-10-2011,107.84615325927734,111.46154022216797,14560000,114.69230651855469,114.30769348144531,88.92749786376953
05-10-2011,113.46154022216797,114.92308044433594,10339784,117.92308044433594,117.46154022216797,91.3810806274414
06-10-2011,115.07691955566406,117.46154022216797,8442616,119.53845977783203,119.46154022216797,92.93700408935547
07-10-2011,117.23076629638672,120.76923370361328,8523983,121.07691955566406,119.23076629638672,92.7574462890625
10-10-2011,121.23076629638672,121.46154022216797,7308132,124.15384674072266,124.15384674072266,96.58745574951172
11-10-2011,122.76923370361328,122.92308044433594,5979935,124.76923370361328,124.15384674072266,96.58745574951172
12-10-2011,125.0,125.0,8028163,127.53845977783203,126.15384674072266,98.14340209960938
13-10-2011,123.23076629638672,124.84615325927734,5997693,125.46154022216797,124.76923370361328,97.06620025634766
14-10-2011,126.15384674072266,126.30769348144531,5867446,128.07691955566406,127.69230651855469,99.34024810791016
17-10-2011,124.53845977783203,126.84615325927734,6092892,127.69230651855469,124.84615325927734,97.12605285644531
18-10-2011,124.92308044433594,125.0,8508942,130.61538696289062,128.53846740722656,99.99852752685547
19-10-2011,126.23076629638672,128.53846740722656,6746896,129.76922607421875,127.07691955566406,98.86151885986328
20-10-2011,125.61538696289062,127.46154022216797,7161882,129.23077392578125,127.92308044433594,99.519775390625
21-10-2011,124.07691955566406,125.92308044433594,14785472,127.15384674072266,125.46154022216797,97.60482025146484
24-10-2011,125.53845977783203,125.92308044433594,8715746,128.38461303710938,126.53845977783203,98.442626953125
25-10-2011,123.46154022216797,126.61538696289062,10706904,126.84615325927734,124.76923370361328,97.06620025634766
26-10-2011,124.76923370361328,126.23076629638672,8658078,127.0,125.76923370361328,97.84416961669922
27-10-2011,129.3076934814453,130.46153259277344,14362400,134.61538696289062,133.61538696289062,103.94820404052734
28-10-2011,131.61538696289062,132.23077392578125,7510321,133.38461303710938,132.6923065185547,103.2300796508789
31-10-2011,128.46153259277344,130.61538696289062,6488690,130.84616088867188,128.53846740722656,99.99852752685547
01-11-2011,122.84615325927734,124.07691955566406,11668189,125.76923370361328,123.23076629638672,95.86933135986328
02-11-2011,124.30769348144531,125.92308044433594,6259916,127.07691955566406,125.0,97.2457275390625
03-11-2011,125.84615325927734,127.07691955566406,7134101,128.38461303710938,128.23077392578125,99.7591781616211
04-11-2011,124.84615325927734,127.30769348144531,5418205,127.38461303710938,126.07691955566406,98.08355712890625
07-11-2011,123.92308044433594,125.92308044433594,5357989,126.38461303710938,126.07691955566406,98.08355712890625
08-11-2011,125.07691955566406,126.46154022216797,7006805,126.84615325927734,126.76923370361328,98.62215423583984
09-11-2011,121.15384674072266,124.23076629638672,10222173,124.53845977783203,121.92308044433594,94.85200500488281
10-11-2011,122.84615325927734,123.69230651855469,7705633,124.53845977783203,123.53845977783203,96.10870361328125
11-11-2011,124.84615325927734,124.92308044433594,6528418,126.69230651855469,125.38461303710938,97.54497528076172
14-11-2011,123.23076629638672,124.76923370361328,5219682,125.23076629638672,123.84615325927734,96.34807586669922
15-11-2011,123.30769348144531,123.30769348144531,5170932,125.53845977783203,124.61538696289062,96.94650268554688
16-11-2011,122.46154022216797,123.61538696289062,6882252,125.0,122.69230651855469,95.45045471191406
17-11-2011,119.23076629638672,122.92308044433594,8771477,123.46154022216797,120.30769348144531,93.59526824951172
18-11-2011,120.15384674072266,121.30769348144531,6089031,121.92308044433594,120.38461303710938,93.65511322021484
21-11-2011,116.92308044433594,119.07691955566406,8745139,119.15384674072266,117.23076629638672,91.2015380859375
22-11-2011,115.23076629638672,117.61538696289062,9742811,117.61538696289062,115.30769348144531,89.70548248291016
23-11-2011,113.23076629638672,114.69230651855469,8700939,115.0,113.30769348144531,88.14952850341797
25-11-2011,113.07691955566406,113.53845977783203,3011281,115.53845977783203,113.07691955566406,87.96997833251953
28-11-2011,112.92308044433594,117.15384674072266,10091848,117.30769348144531,113.84615325927734,88.56842803955078
29-11-2011,114.0,114.69230651855469,10460138,116.53845977783203,114.76923370361328,89.28654479980469
30-11-2011,117.38461303710938,117.76923370361328,12820574,122.38461303710938,122.38461303710938,95.21105194091797
01-12-2011,121.0,122.23076629638672,7566364,123.07691955566406,122.38461303710938,95.21105194091797
02-12-2011,123.38461303710938,123.38461303710938,8896719,125.38461303710938,123.76923370361328,96.2882308959961
05-12-2011,124.46154022216797,125.76923370361328,8006050,126.92308044433594,125.61538696289062,97.72447967529297
06-12-2011,126.69230651855469,126.92308044433594,10792249,130.15383911132812,128.61538696289062,100.05839538574219
07-12-2011,127.15384674072266,128.3076934814453,8491054,129.46153259277344,128.76922607421875,100.17807006835938
08-12-2011,125.0,127.53845977783203,10364263,128.07691955566406,125.46154022216797,97.60482025146484
09-12-2011,125.84615325927734,126.0,11145940,130.61538696289062,129.53846740722656,100.77650451660156
12-12-2011,125.53845977783203,128.53846740722656,23322715,129.6923065185547,126.61538696289062,98.50244140625
13-12-2011,125.38461303710938,127.38461303710938,9602632,128.61538696289062,126.30769348144531,98.2630844116211
14-12-2011,125.38461303710938,125.69230651855469,11581466,129.0,127.76923370361328,99.40008544921875
15-12-2011,127.61538696289062,129.38461303710938,7985822,129.76922607421875,129.15383911132812,100.4772720336914
16-12-2011,130.07691955566406,130.3076934814453,12543440,131.46153259277344,130.84616088867188,101.7938232421875
19-12-2011,129.15383911132812,130.53846740722656,8619377,131.53846740722656,129.6923065185547,100.89618682861328
20-12-2011,131.07691955566406,131.15383911132812,7991269,133.76922607421875,132.92308044433594,103.4096450805664
21-12-2011,131.92308044433594,133.23077392578125,10436738,136.6923065185547,136.07691955566406,105.86321258544922
22-12-2011,135.76922607421875,136.15383911132812,12432238,139.53846740722656,138.84616088867188,109.06570434570312
23-12-2011,138.07691955566406,138.61538696289062,6121726,140.61538696289062,140.23077392578125,110.1533432006836
27-12-2011,138.53846740722656,139.84616088867188,5493475,140.0,138.53846740722656,108.8239974975586
28-12-2011,136.3076934814453,138.46153259277344,5105438,138.61538696289062,137.15383911132812,107.73638153076172
29-12-2011,136.84616088867188,137.0,5624710,139.38461303710938,139.0,109.18653106689453
30-12-2011,137.53846740722656,138.6923065185547,4083014,139.07691955566406,137.76922607421875,108.21976470947266
03-01-2012,140.23077392578125,140.23077392578125,7631858,142.3076934814453,141.23077392578125,110.93885040283203
04-01-2012,140.61538696289062,140.84616088867188,5558111,143.07691955566406,142.76922607421875,112.14732360839844
05-01-2012,140.6923065185547,142.0,5956496,143.07691955566406,142.6923065185547,112.08689880371094
06-01-2012,142.76922607421875,144.07691955566406,6639022,144.53846740722656,143.46153259277344,112.691162109375
09-01-2012,142.76922607421875,144.15383911132812,6108362,145.23077392578125,145.07691955566406,113.96004486083984
10-01-2012,143.23077392578125,146.23077392578125,7714772,146.53846740722656,144.0,113.11412048339844
11-01-2012,142.3076934814453,142.6923065185547,6222879,145.76922607421875,145.23077392578125,114.08086395263672
12-01-2012,144.3076934814453,145.84616088867188,5064514,146.15383911132812,145.61538696289062,114.38301849365234
13-01-2012,143.07691955566406,144.46153259277344,5464849,144.92308044433594,144.92308044433594,113.8392333984375
17-01-2012,143.6923065185547,146.07691955566406,6396884,146.92308044433594,144.15383911132812,113.2349624633789
18-01-2012,142.76922607421875,142.92308044433594,6878638,146.53846740722656,146.3076934814453,114.92681121826172
19-01-2012,145.61538696289062,146.38461303710938,7007988,147.61538696289062,147.3076934814453,115.71237182617188
20-01-2012,143.6923065185547,144.6923065185547,12016199,147.6923065185547,147.3076934814453,115.71237182617188
23-01-2012,145.38461303710938,146.84616088867188,6575998,148.0,145.6923065185547,114.44343566894531
24-01-2012,144.23077392578125,144.92308044433594,5165771,145.07691955566406,144.92308044433594,113.8392333984375
25-01-2012,144.53846740722656,144.84616088867188,6662526,147.38461303710938,147.15383911132812,115.59148406982422
26-01-2012,146.0,148.15383911132812,5524155,148.23077392578125,146.6923065185547,115.22894287109375
27-01-2012,145.53846740722656,146.15383911132812,4239534,147.15383911132812,146.38461303710938,114.98724365234375
30-01-2012,143.84616088867188,144.84616088867188,4905043,145.61538696289062,145.38461303710938,114.20176696777344
31-01-2012,143.76922607421875,146.0,6011278,146.23077392578125,143.92308044433594,113.05370330810547
01-02-2012,144.23077392578125,145.6923065185547,6762197,146.61538696289062,144.38461303710938,113.41619873046875
02-02-2012,143.84616088867188,145.0,4915690,145.61538696289062,144.23077392578125,113.2953872680664
03-02-2012,145.53846740722656,146.15383911132812,5834114,146.92308044433594,146.3076934814453,114.92681121826172
06-02-2012,145.76922607421875,146.07691955566406,5555628,147.3076934814453,146.53846740722656,115.10810852050781
07-02-2012,145.46153259277344,146.3076934814453,4685317,147.6923065185547,147.53846740722656,115.8936538696289
08-02-2012,146.76922607421875,147.61538696289062,4378504,148.53846740722656,148.0,116.25617218017578
09-02-2012,147.0,148.53846740722656,5743855,148.84616088867188,147.15383911132812,115.59148406982422
10-02-2012,144.38461303710938,146.07691955566406,14240824,146.23077392578125,145.23077392578125,114.08086395263672
13-02-2012,145.38461303710938,146.38461303710938,13558883,146.76922607421875,146.6923065185547,115.22894287109375
14-02-2012,144.61538696289062,145.61538696289062,5099822,146.84616088867188,145.6923065185547,114.44343566894531
15-02-2012,143.84616088867188,146.23077392578125,5387044,146.3076934814453,144.3076934814453,113.3558120727539
16-02-2012,144.61538696289062,145.07691955566406,5266391,146.38461303710938,146.23077392578125,114.86639404296875
17-02-2012,147.0,147.53846740722656,7549984,148.61538696289062,148.3076934814453,116.49786376953125
21-02-2012,148.61538696289062,149.38461303710938,5450146,150.0,149.3076934814453,117.28337097167969
22-02-2012,147.53846740722656,149.46153259277344,5314244,149.76922607421875,149.15383911132812,117.16252136230469
23-02-2012,146.15383911132812,146.6923065185547,5931692,149.0,148.53846740722656,117.711181640625
24-02-2012,147.23077392578125,148.92308044433594,3110224,149.0,148.0,117.28443145751953
27-02-2012,146.0,146.3076934814453,4877847,147.38461303710938,146.6923065185547,116.24811553955078
28-02-2012,146.07691955566406,147.07691955566406,4552951,147.61538696289062,147.38461303710938,116.79676055908203
29-02-2012,146.23077392578125,147.53846740722656,5805553,148.07691955566406,146.53846740722656,116.12625122070312
01-03-2012,146.38461303710938,147.3076934814453,4853472,147.61538696289062,147.07691955566406,116.55296325683594
02-03-2012,145.38461303710938,147.23077392578125,4709965,147.23077392578125,145.92308044433594,115.63858795166016
05-03-2012,144.07691955566406,145.76922607421875,4624438,146.0,145.0,114.90705871582031
06-03-2012,140.92308044433594,143.07691955566406,7312370,143.15383911132812,141.6923065185547,112.28583526611328
07-03-2012,142.6923065185547,142.92308044433594,7078656,145.0,144.38461303710938,114.41938781738281
08-03-2012,145.53846740722656,146.0,4678037,146.84616088867188,146.38461303710938,116.00434112548828
09-03-2012,145.53846740722656,146.3076934814453,4872374,147.53846740722656,146.46153259277344,116.06526947021484
12-03-2012,146.46153259277344,146.84616088867188,4595422,147.61538696289062,147.15383911132812,116.61389923095703
13-03-2012,146.84616088867188,147.6923065185547,8310276,151.23077392578125,150.6923065185547,119.41801452636719
14-03-2012,150.61538696289062,151.0,9275838,153.0,152.23077392578125,120.63717651367188
15-03-2012,152.76922607421875,152.84616088867188,9922666,155.38461303710938,155.07691955566406,122.89261627197266
16-03-2012,153.92308044433594,155.84616088867188,10300862,156.15383911132812,155.38461303710938,123.136474609375
19-03-2012,154.3076934814453,154.46153259277344,5554536,156.61538696289062,155.46153259277344,123.19745635986328
20-03-2012,153.6923065185547,154.0,6179628,155.46153259277344,154.38461303710938,122.34403228759766
21-03-2012,154.15383911132812,155.07691955566406,6643208,156.3076934814453,154.38461303710938,122.34403228759766
22-03-2012,151.46153259277344,153.46153259277344,6598657,153.53846740722656,152.6923065185547,121.00294494628906
23-03-2012,151.53846740722656,152.23077392578125,4447599,153.15383911132812,152.15383911132812,120.57621765136719
26-03-2012,153.23077392578125,153.6923065185547,5585268,154.6923065185547,154.23077392578125,122.22205352783203
27-03-2012,153.92308044433594,154.76922607421875,4981730,154.92308044433594,154.15383911132812,122.16114044189453
28-03-2012,152.07691955566406,154.0,7206056,161.53846740722656,153.92308044433594,121.97826385498047
29-03-2012,151.61538696289062,152.46153259277344,5286203,153.61538696289062,153.46153259277344,121.61254119873047
30-03-2012,153.46153259277344,154.38461303710938,5325671,154.84616088867188,154.38461303710938,122.34403228759766
02-04-2012,153.07691955566406,154.07691955566406,5741983,154.6923065185547,154.0,122.03917694091797
03-04-2012,152.3076934814453,153.61538696289062,5693714,154.0,153.53846740722656,121.67347717285156
04-04-2012,150.92308044433594,151.15383911132812,5680103,152.38461303710938,151.84616088867188,120.3323974609375
05-04-2012,149.6923065185547,150.84616088867188,5195294,151.61538696289062,149.92308044433594,118.80839538574219
09-04-2012,146.6923065185547,146.92308044433594,4726969,148.23077392578125,147.6923065185547,117.04058837890625
10-04-2012,143.84616088867188,147.07691955566406,7078552,147.15383911132812,144.15383911132812,114.23649597167969
11-04-2012,146.0,146.3076934814453,4917653,147.3076934814453,146.23077392578125,115.88240814208984
12-04-2012,145.84616088867188,146.23077392578125,3668015,148.61538696289062,148.46153259277344,117.65016174316406
13-04-2012,145.07691955566406,147.53846740722656,5240651,147.53846740722656,145.23077392578125,115.08992767333984
16-04-2012,145.0,146.0,3907787,147.15383911132812,145.38461303710938,115.21184539794922
17-04-2012,145.53846740722656,146.38461303710938,4617626,148.92308044433594,148.76922607421875,117.89401245117188
18-04-2012,146.46153259277344,147.92308044433594,4333082,148.76922607421875,146.92308044433594,116.43099975585938
19-04-2012,145.92308044433594,147.46153259277344,6781970,148.07691955566406,147.23077392578125,116.67484283447266
20-04-2012,148.07691955566406,149.46153259277344,8830939,151.07691955566406,148.92308044433594,118.01596069335938
23-04-2012,145.6923065185547,146.61538696289062,6765577,147.07691955566406,146.6923065185547,116.24811553955078
24-04-2012,147.0,147.61538696289062,6443619,150.76922607421875,150.3076934814453,119.11319732666016
25-04-2012,149.38461303710938,152.07691955566406,6285305,152.38461303710938,149.61538696289062,118.56458282470703
26-04-2012,149.23077392578125,149.46153259277344,4496063,151.61538696289062,150.92308044433594,119.60089874267578
27-04-2012,150.76922607421875,151.46153259277344,4861428,152.84616088867188,152.15383911132812,120.57621765136719
30-04-2012,149.53846740722656,151.38461303710938,4273776,151.6923065185547,150.61538696289062,119.35706329345703
01-05-2012,149.6923065185547,150.61538696289062,4550156,153.46153259277344,152.3076934814453,120.6981201171875
02-05-2012,150.15383911132812,151.6923065185547,4376502,152.15383911132812,152.07691955566406,120.51522064208984
03-05-2012,150.53846740722656,152.3076934814453,3146143,152.3076934814453,150.84616088867188,119.53995513916016
04-05-2012,148.07691955566406,150.46153259277344,4523870,150.6923065185547,148.76922607421875,117.89401245117188
07-05-2012,147.23077392578125,147.3076934814453,4647630,149.84616088867188,148.61538696289062,117.77210998535156
08-05-2012,146.3076934814453,147.92308044433594,5238402,148.6923065185547,148.07691955566406,117.34541320800781
09-05-2012,144.15383911132812,146.15383911132812,8021468,146.46153259277344,145.46153259277344,115.27284240722656
10-05-2012,146.23077392578125,147.07691955566406,4593485,147.92308044433594,146.84616088867188,116.37006378173828
11-05-2012,145.46153259277344,145.53846740722656,3417076,148.23077392578125,146.23077392578125,115.88240814208984
14-05-2012,142.6923065185547,144.76922607421875,6107179,144.92308044433594,143.07691955566406,113.3830795288086
15-05-2012,140.92308044433594,142.6923065185547,6183398,143.61538696289062,141.53846740722656,112.16395568847656
16-05-2012,143.92308044433594,145.3076934814453,11051755,148.15383911132812,146.15383911132812,115.82144165039062
17-05-2012,145.15383911132812,145.76922607421875,6780553,147.15383911132812,145.23077392578125,115.08992767333984
18-05-2012,145.0,145.76922607421875,7947836,147.38461303710938,145.76922607421875,115.51667022705078
21-05-2012,145.76922607421875,146.07691955566406,5018858,147.61538696289062,147.07691955566406,116.55296325683594
22-05-2012,146.61538696289062,147.38461303710938,6134401,148.38461303710938,147.53846740722656,116.91871643066406
23-05-2012,144.23077392578125,147.07691955566406,8255000,147.76922607421875,147.53846740722656,116.91871643066406
24-05-2012,146.3076934814453,147.3076934814453,5444582,149.15383911132812,148.07691955566406,117.34541320800781
25-05-2012,147.07691955566406,148.38461303710938,3490188,149.38461303710938,147.6923065185547,117.04058837890625
29-05-2012,147.6923065185547,148.38461303710938,4632147,149.46153259277344,148.84616088867188,117.95501708984375
30-05-2012,146.07691955566406,147.61538696289062,5438914,147.6923065185547,146.46153259277344,116.06526947021484
31-05-2012,145.15383911132812,146.23077392578125,6374238,147.84616088867188,146.84616088867188,116.37006378173828
01-06-2012,141.61538696289062,144.76922607421875,7922135,146.07691955566406,142.61538696289062,113.01734161376953
04-06-2012,138.84616088867188,141.84616088867188,8657025,142.38461303710938,139.61538696289062,110.63996887207031
05-06-2012,138.61538696289062,139.07691955566406,4997421,140.76922607421875,140.3076934814453,111.18859100341797
06-06-2012,140.84616088867188,141.46153259277344,5575076,145.23077392578125,145.23077392578125,115.08992767333984
07-06-2012,145.38461303710938,146.84616088867188,18115825,147.6923065185547,146.15383911132812,115.82144165039062
08-06-2012,145.38461303710938,146.0,14031355,148.07691955566406,147.6923065185547,117.04058837890625
11-06-2012,146.6923065185547,148.84616088867188,6688617,149.46153259277344,147.0,116.49198150634766
12-06-2012,146.84616088867188,147.38461303710938,6123169,149.84616088867188,149.84616088867188,118.74742126464844
13-06-2012,147.6923065185547,148.07691955566406,5228275,150.3076934814453,149.0,118.07689666748047
14-06-2012,148.0,148.92308044433594,8104018,152.07691955566406,151.6923065185547,120.21046447753906
15-06-2012,151.92308044433594,152.84616088867188,7773246,153.84616088867188,153.84616088867188,122.25830841064453
18-06-2012,151.92308044433594,152.92308044433594,5456100,153.6923065185547,151.92308044433594,120.73003387451172
19-06-2012,152.6923065185547,152.84616088867188,5613686,154.92308044433594,153.84616088867188,122.25830841064453
20-06-2012,152.6923065185547,153.84616088867188,6075901,155.0,154.61538696289062,122.86956787109375
21-06-2012,149.6923065185547,153.76922607421875,7920809,154.38461303710938,150.23077392578125,120.40357971191406
22-06-2012,150.07691955566406,151.38461303710938,6679985,153.15383911132812,152.38461303710938,122.12977600097656
25-06-2012,148.38461303710938,149.84616088867188,5806294,150.76922607421875,150.15383911132812,120.34190368652344
26-06-2012,150.07691955566406,150.3076934814453,7635680,153.07691955566406,152.3076934814453,122.0680923461914
27-06-2012,153.0,153.15383911132812,6992947,155.3076934814453,154.84616088867188,124.10260772705078
28-06-2012,152.84616088867188,153.23077392578125,7393100,155.38461303710938,155.38461303710938,124.53412628173828
29-06-2012,157.07691955566406,157.07691955566406,9492886,160.3076934814453,160.3076934814453,128.47976684570312
02-07-2012,156.0,159.53846740722656,8022547,160.15383911132812,157.61538696289062,126.32200622558594
03-07-2012,156.38461303710938,156.76922607421875,2762162,157.6923065185547,157.15383911132812,125.95210266113281
05-07-2012,156.07691955566406,156.46153259277344,3776162,157.53846740722656,156.38461303710938,125.33560943603516
06-07-2012,153.46153259277344,155.07691955566406,7312617,155.84616088867188,153.84616088867188,123.30113983154297
09-07-2012,153.15383911132812,153.76922607421875,4287166,154.15383911132812,154.15383911132812,123.54776763916016
10-07-2012,150.0,154.15383911132812,7096778,154.38461303710938,150.92308044433594,120.95844268798828
11-07-2012,150.3076934814453,151.38461303710938,5559411,152.23077392578125,151.38461303710938,121.32831573486328
12-07-2012,148.92308044433594,150.0,6524466,151.07691955566406,149.53846740722656,119.84870910644531
13-07-2012,149.6923065185547,150.07691955566406,4214782,152.84616088867188,152.07691955566406,121.88318634033203
16-07-2012,149.46153259277344,150.07691955566406,4650191,150.84616088867188,150.6923065185547,120.77346801757812
17-07-2012,149.46153259277344,151.07691955566406,6754020,152.6923065185547,151.6923065185547,121.57489776611328
18-07-2012,150.6923065185547,151.15383911132812,5107063,152.76922607421875,152.61538696289062,122.31473541259766
19-07-2012,151.07691955566406,153.38461303710938,5452070,153.38461303710938,152.3076934814453,122.0680923461914
20-07-2012,149.61538696289062,153.0,15088125,156.6923065185547,152.84616088867188,122.49969482421875
23-07-2012,150.15383911132812,150.46153259277344,7994142,154.84616088867188,154.53846740722656,123.85600280761719
24-07-2012,151.84616088867188,154.3076934814453,7135843,154.53846740722656,153.61538696289062,123.11616516113281
25-07-2012,153.6923065185547,154.3076934814453,5536401,155.07691955566406,153.84616088867188,123.30113983154297
26-07-2012,155.07691955566406,155.38461303710938,7445828,159.23077392578125,158.15383911132812,126.75354766845703
27-07-2012,158.15383911132812,158.6923065185547,10434879,161.53846740722656,160.92308044433594,128.97300720214844
30-07-2012,159.15383911132812,159.92308044433594,5849168,160.84616088867188,160.0,128.23316955566406
31-07-2012,159.61538696289062,159.61538696289062,4982692,160.6923065185547,159.61538696289062,127.92496490478516
01-08-2012,159.3076934814453,160.46153259277344,4645459,161.15383911132812,159.46153259277344,127.80162811279297
02-08-2012,155.38461303710938,157.84616088867188,5720052,159.23077392578125,157.84616088867188,126.5069580078125
03-08-2012,159.76922607421875,160.15383911132812,4925895,161.53846740722656,161.23077392578125,129.2196044921875
06-08-2012,160.76922607421875,161.3076934814453,4440735,162.92308044433594,161.3076934814453,129.28123474121094
07-08-2012,162.23077392578125,162.61538696289062,4044989,163.0,162.46153259277344,130.20596313476562
08-08-2012,160.76922607421875,161.92308044433594,4204967,162.23077392578125,161.61538696289062,129.52783203125
09-08-2012,161.07691955566406,161.07691955566406,4050761,162.46153259277344,162.0,129.83609008789062
10-08-2012,161.07691955566406,161.53846740722656,3174483,162.3076934814453,162.3076934814453,130.08267211914062
13-08-2012,160.61538696289062,161.84616088867188,3493568,162.0,161.46153259277344,129.40451049804688
14-08-2012,160.76922607421875,162.15383911132812,3912350,162.38461303710938,161.07691955566406,129.0963134765625
15-08-2012,159.92308044433594,160.46153259277344,3753113,161.76922607421875,161.23077392578125,129.2196044921875
16-08-2012,160.15383911132812,160.53846740722656,4367740,162.61538696289062,161.92308044433594,129.7744598388672
17-08-2012,161.07691955566406,161.6923065185547,3904225,161.92308044433594,161.53846740722656,129.46620178222656
20-08-2012,160.23077392578125,161.15383911132812,3560115,161.6923065185547,161.0,129.03460693359375
21-08-2012,160.0,161.3076934814453,3957044,161.92308044433594,160.38461303710938,128.54141235351562
22-08-2012,159.3076934814453,159.76922607421875,3642184,160.53846740722656,159.84616088867188,128.10989379882812
23-08-2012,158.6923065185547,159.53846740722656,4750044,159.92308044433594,158.76922607421875,127.24676513671875
24-08-2012,158.07691955566406,158.38461303710938,3813966,160.76922607421875,160.0,128.23316955566406
27-08-2012,159.92308044433594,160.15383911132812,3740828,161.15383911132812,160.38461303710938,128.54141235351562
28-08-2012,159.6923065185547,159.6923065185547,3368612,160.92308044433594,160.07691955566406,128.29483032226562
29-08-2012,160.07691955566406,160.15383911132812,2590354,161.15383911132812,160.15383911132812,128.35647583007812
30-08-2012,158.61538696289062,159.38461303710938,2760914,159.84616088867188,158.76922607421875,127.24676513671875
31-08-2012,158.53846740722656,159.6923065185547,3858270,160.23077392578125,159.3076934814453,127.6783447265625
04-09-2012,157.53846740722656,158.6923065185547,4962568,159.15383911132812,157.76922607421875,126.44532775878906
05-09-2012,157.76922607421875,158.07691955566406,4294355,159.76922607421875,158.84616088867188,127.3084487915039
06-09-2012,160.38461303710938,160.53846740722656,6913218,164.0,163.92308044433594,131.3773956298828
07-09-2012,163.84616088867188,164.0,4729374,166.07691955566406,166.07691955566406,133.10354614257812
10-09-2012,164.84616088867188,165.23077392578125,4377399,166.53846740722656,165.23077392578125,132.42543029785156
11-09-2012,164.61538696289062,165.3076934814453,4367103,166.84616088867188,166.07691955566406,133.10354614257812
12-09-2012,166.61538696289062,166.6923065185547,5590780,168.6923065185547,168.38461303710938,134.9530792236328
13-09-2012,167.3076934814453,167.46153259277344,14533246,171.07691955566406,169.38461303710938,135.75453186035156
14-09-2012,169.07691955566406,170.76922607421875,13019292,172.07691955566406,170.07691955566406,136.30938720703125
17-09-2012,168.46153259277344,168.6923065185547,10306816,169.61538696289062,169.61538696289062,135.9394989013672
18-09-2012,168.92308044433594,169.15383911132812,5048056,171.07691955566406,171.07691955566406,137.11087036132812
19-09-2012,171.15383911132812,171.53846740722656,5260138,173.0,172.53846740722656,138.28224182128906
20-09-2012,170.15383911132812,170.6923065185547,5678010,172.84616088867188,172.53846740722656,139.33828735351562
21-09-2012,172.76922607421875,173.46153259277344,8651721,174.53846740722656,173.3076934814453,139.95948791503906
24-09-2012,171.53846740722656,172.3076934814453,4783974,172.6923065185547,172.0,138.90342712402344
25-09-2012,171.53846740722656,172.23077392578125,6115096,174.38461303710938,171.61538696289062,138.59283447265625
26-09-2012,169.76922607421875,170.46153259277344,5346029,171.15383911132812,170.0,137.28822326660156
27-09-2012,170.23077392578125,171.07691955566406,8749052,175.84616088867188,174.84616088867188,141.20193481445312
28-09-2012,174.0,175.15383911132812,9220393,176.61538696289062,174.6923065185547,141.0777130126953
01-10-2012,174.6923065185547,174.84616088867188,5531591,176.92308044433594,175.46153259277344,141.6989288330078
02-10-2012,174.6923065185547,176.38461303710938,5888662,176.84616088867188,175.3076934814453,141.5746612548828
03-10-2012,174.76922607421875,175.84616088867188,4280822,176.76922607421875,176.23077392578125,142.32017517089844
04-10-2012,175.15383911132812,176.53846740722656,5244798,177.3076934814453,176.53846740722656,142.56863403320312
05-10-2012,176.92308044433594,177.23077392578125,4980625,178.3076934814453,177.84616088867188,143.6246337890625
08-10-2012,175.76922607421875,175.92308044433594,3146286,176.84616088867188,176.3076934814453,142.38223266601562
09-10-2012,173.84616088867188,176.46153259277344,5092880,176.6923065185547,174.0,140.51861572265625
10-10-2012,172.38461303710938,173.92308044433594,4261933,174.92308044433594,172.53846740722656,139.33828735351562
11-10-2012,172.92308044433594,173.76922607421875,3141034,174.6923065185547,173.15383911132812,139.8352508544922
12-10-2012,172.38461303710938,173.6923065185547,4284098,174.6923065185547,172.92308044433594,139.64886474609375
15-10-2012,173.0,173.38461303710938,3845218,174.61538696289062,174.15383911132812,140.64285278320312
16-10-2012,173.61538696289062,175.3076934814453,4636944,176.0,174.15383911132812,140.64285278320312
17-10-2012,174.76922607421875,175.15383911132812,3675425,176.3076934814453,176.23077392578125,142.32017517089844
18-10-2012,175.38461303710938,175.46153259277344,5608291,177.53846740722656,175.46153259277344,141.6989288330078
19-10-2012,168.23077392578125,173.15383911132812,14024387,173.3076934814453,169.46153259277344,136.8534393310547
22-10-2012,163.46153259277344,168.15383911132812,11275563,168.84616088867188,166.92308044433594,134.8035125732422
23-10-2012,163.07691955566406,164.23077392578125,7318649,164.61538696289062,163.6923065185547,132.19435119628906
24-10-2012,163.38461303710938,164.84616088867188,5498415,165.07691955566406,163.53846740722656,132.07005310058594
25-10-2012,161.76922607421875,165.38461303710938,5950048,165.92308044433594,163.53846740722656,132.07005310058594
26-10-2012,162.07691955566406,163.0,5567562,164.61538696289062,162.38461303710938,131.1382598876953
31-10-2012,161.3076934814453,163.53846740722656,5093309,164.0,162.0,130.82765197753906
01-11-2012,161.6923065185547,161.76922607421875,6010069,164.53846740722656,164.15383911132812,132.5670623779297
02-11-2012,163.53846740722656,165.61538696289062,6171776,166.76922607421875,163.92308044433594,132.3807373046875
05-11-2012,163.07691955566406,163.07691955566406,3900013,165.15383911132812,164.6923065185547,133.0019073486328
06-11-2012,165.0,165.46153259277344,4255316,167.53846740722656,166.07691955566406,134.12008666992188
07-11-2012,162.07691955566406,164.3076934814453,5882942,165.53846740722656,162.53846740722656,131.26246643066406
08-11-2012,160.61538696289062,162.76922607421875,5300191,163.0,160.6923065185547,129.77162170410156
09-11-2012,159.23077392578125,159.6923065185547,5239884,163.84616088867188,161.53846740722656,130.45494079589844
12-11-2012,160.61538696289062,161.84616088867188,2836132,162.61538696289062,160.6923065185547,129.77162170410156
13-11-2012,158.23077392578125,158.46153259277344,5339529,161.15383911132812,159.07691955566406,128.46705627441406
14-11-2012,153.46153259277344,159.46153259277344,8520135,159.61538696289062,153.92308044433594,124.30491638183594
15-11-2012,153.07691955566406,153.07691955566406,6728839,155.61538696289062,154.3076934814453,124.61554718017578
16-11-2012,152.84616088867188,154.61538696289062,5887375,155.3076934814453,155.0,125.17462158203125
19-11-2012,156.84616088867188,157.0,4976842,159.38461303710938,158.92308044433594,128.34280395507812
20-11-2012,156.6923065185547,159.0,3489967,159.15383911132812,158.61538696289062,128.0943145751953
21-11-2012,158.23077392578125,159.23077392578125,5332652,159.53846740722656,159.07691955566406,128.46705627441406
23-11-2012,159.46153259277344,160.07691955566406,4609345,161.84616088867188,161.84616088867188,130.7034149169922
26-11-2012,160.53846740722656,160.61538696289062,6206369,162.07691955566406,162.0,130.82765197753906
27-11-2012,160.38461303710938,161.84616088867188,4290221,163.07691955566406,160.53846740722656,129.64736938476562
28-11-2012,157.6923065185547,159.61538696289062,4521751,162.6923065185547,162.61538696289062,131.3246307373047
29-11-2012,161.15383911132812,163.38461303710938,3592264,164.3076934814453,162.53846740722656,131.26246643066406
30-11-2012,161.84616088867188,162.61538696289062,4921410,163.53846740722656,162.53846740722656,131.26246643066406
03-12-2012,160.0,162.92308044433594,3897647,163.3076934814453,160.15383911132812,129.33673095703125
04-12-2012,159.3076934814453,160.53846740722656,4786236,161.61538696289062,160.46153259277344,129.58522033691406
05-12-2012,160.46153259277344,160.84616088867188,6040645,164.3076934814453,163.3076934814453,131.88372802734375
06-12-2012,162.15383911132812,163.07691955566406,4257656,164.53846740722656,164.38461303710938,132.75338745117188
07-12-2012,163.38461303710938,164.92308044433594,4361318,165.23077392578125,165.07691955566406,133.31246948242188
10-12-2012,164.3076934814453,164.84616088867188,3588559,165.38461303710938,164.53846740722656,132.87765502929688
11-12-2012,164.3076934814453,165.23077392578125,5948436,167.3076934814453,165.46153259277344,133.6231231689453
12-12-2012,165.92308044433594,166.23077392578125,5513768,168.84616088867188,167.53846740722656,135.30043029785156
13-12-2012,165.76922607421875,167.23077392578125,4415580,168.61538696289062,166.3076934814453,134.3064727783203
14-12-2012,165.76922607421875,166.23077392578125,6179758,167.38461303710938,166.3076934814453,134.3064727783203
17-12-2012,166.84616088867188,166.84616088867188,6302881,168.84616088867188,168.6923065185547,136.23219299316406
18-12-2012,164.6923065185547,168.07691955566406,10545496,168.53846740722656,166.84616088867188,134.7413330078125
19-12-2012,161.3076934814453,166.46153259277344,12002991,166.61538696289062,161.61538696289062,130.51702880859375
20-12-2012,160.53846740722656,160.84616088867188,6608082,163.38461303710938,161.92308044433594,131.95887756347656
21-12-2012,158.15383911132812,160.3076934814453,10508394,161.46153259277344,160.61538696289062,130.89315795898438
24-12-2012,159.61538696289062,159.92308044433594,1962636,161.23077392578125,160.15383911132812,130.51702880859375
26-12-2012,159.3076934814453,160.07691955566406,3712423,161.07691955566406,159.76922607421875,130.2036590576172
27-12-2012,157.07691955566406,160.0,4982991,160.53846740722656,159.15383911132812,129.7021026611328
28-12-2012,157.15383911132812,157.3076934814453,4212442,159.3076934814453,157.23077392578125,128.1348876953125
31-12-2012,155.84616088867188,156.07691955566406,7642050,161.53846740722656,161.46153259277344,131.58273315429688
02-01-2013,163.07691955566406,165.46153259277344,5991635,165.6923065185547,164.15383911132812,133.77684020996094
03-01-2013,161.92308044433594,165.23077392578125,6306183,165.3076934814453,162.3076934814453,132.27230834960938
04-01-2013,162.46153259277344,163.15383911132812,3874338,163.53846740722656,163.07691955566406,132.89923095703125
07-01-2013,161.23077392578125,162.76922607421875,4257071,163.23077392578125,162.53846740722656,132.46038818359375
08-01-2013,159.07691955566406,162.3076934814453,5205915,162.46153259277344,160.76922607421875,131.01856994628906
09-01-2013,161.0,161.84616088867188,3710265,162.07691955566406,161.15383911132812,131.33200073242188
10-01-2013,161.23077392578125,161.84616088867188,4335266,163.3076934814453,162.84616088867188,132.71116638183594
11-01-2013,161.6923065185547,163.23077392578125,5439161,163.38461303710938,162.53846740722656,132.46038818359375
14-01-2013,162.07691955566406,162.92308044433594,4123067,163.38461303710938,162.46153259277344,132.3976593017578
15-01-2013,161.61538696289062,161.84616088867188,3451630,163.15383911132812,163.07691955566406,132.89923095703125
16-01-2013,162.0,162.6923065185547,5061173,163.07691955566406,162.46153259277344,132.3976593017578
17-01-2013,162.46153259277344,163.23077392578125,8300721,165.6923065185547,163.84616088867188,133.52609252929688
18-01-2013,166.07691955566406,168.76922607421875,14700322,170.6923065185547,169.53846740722656,138.16497802734375
22-01-2013,168.46153259277344,170.61538696289062,7171554,170.76922607421875,169.3076934814453,137.9770050048828
23-01-2013,167.3076934814453,169.07691955566406,6139705,169.46153259277344,168.76922607421875,137.53811645507812
24-01-2013,168.84616088867188,168.92308044433594,6108843,170.6923065185547,169.61538696289062,138.2277069091797
25-01-2013,170.07691955566406,171.38461303710938,5449574,171.61538696289062,171.46153259277344,139.7322540283203
28-01-2013,171.23077392578125,172.61538696289062,6442592,173.38461303710938,173.07691955566406,141.04869079589844
29-01-2013,172.3076934814453,173.0,4439240,173.6923065185547,173.07691955566406,141.04869079589844
30-01-2013,171.0,173.23077392578125,4706052,173.46153259277344,171.0,139.3561248779297
31-01-2013,170.61538696289062,170.84616088867188,4475601,172.3076934814453,171.38461303710938,139.66954040527344
01-02-2013,171.6923065185547,172.53846740722656,5699239,174.15383911132812,174.0,141.8009796142578
04-02-2013,171.38461303710938,172.38461303710938,4658758,173.0,171.61538696289062,139.85760498046875
05-02-2013,172.6923065185547,172.92308044433594,4019301,174.0,173.38461303710938,141.2994384765625
06-02-2013,171.61538696289062,172.84616088867188,5588154,173.07691955566406,172.61538696289062,140.6725616455078
07-02-2013,171.3076934814453,173.07691955566406,4982367,173.15383911132812,172.92308044433594,140.9232940673828
08-02-2013,172.6923065185547,173.07691955566406,3175198,173.53846740722656,173.07691955566406,141.04869079589844
11-02-2013,171.92308044433594,173.0,2566031,173.15383911132812,172.6923065185547,140.73526000976562
12-02-2013,172.92308044433594,172.92308044433594,4458675,174.23077392578125,173.6923065185547,141.5501708984375
13-02-2013,177.23077392578125,177.76922607421875,11040497,180.61538696289062,179.92308044433594,146.62799072265625
14-02-2013,177.76922607421875,178.84616088867188,7019545,180.6923065185547,180.07691955566406,146.75331115722656
15-02-2013,178.6923065185547,180.61538696289062,5106790,181.15383911132812,179.15383911132812,146.00108337402344
19-02-2013,180.07691955566406,180.15383911132812,5358470,182.6923065185547,182.6923065185547,148.88475036621094
20-02-2013,179.61538696289062,182.38461303710938,4953962,182.6923065185547,180.07691955566406,146.75331115722656
21-02-2013,177.84616088867188,178.3076934814453,6215456,179.61538696289062,178.92308044433594,147.00613403320312
22-02-2013,178.6923065185547,179.61538696289062,3618719,180.38461303710938,179.92308044433594,147.82774353027344
25-02-2013,175.46153259277344,180.76922607421875,6710574,181.0,175.46153259277344,144.16207885742188
26-02-2013,176.23077392578125,176.6923065185547,5371119,178.07691955566406,177.3076934814453,145.6788787841797
27-02-2013,176.92308044433594,177.07691955566406,3857932,180.0,179.76922607421875,147.70132446289062
28-02-2013,178.46153259277344,179.76922607421875,5162898,180.46153259277344,178.61538696289062,146.7533416748047
01-03-2013,176.92308044433594,177.07691955566406,5359497,179.53846740722656,178.38461303710938,146.563720703125
04-03-2013,177.15383911132812,178.07691955566406,3309514,179.07691955566406,179.0,147.06930541992188
05-03-2013,180.3076934814453,180.46153259277344,4644640,182.38461303710938,181.46153259277344,149.09178161621094
06-03-2013,182.07691955566406,183.38461303710938,4100083,183.38461303710938,182.07691955566406,149.5973663330078
07-03-2013,182.07691955566406,182.3076934814453,2984241,183.3076934814453,182.15383911132812,149.66058349609375
08-03-2013,182.15383911132812,183.53846740722656,3763773,183.84616088867188,182.84616088867188,150.2294158935547
11-03-2013,180.38461303710938,182.23077392578125,4543136,182.6923065185547,181.6923065185547,149.2813720703125
12-03-2013,179.46153259277344,181.46153259277344,4757090,181.53846740722656,180.07691955566406,147.95411682128906
13-03-2013,180.0,180.3076934814453,3139812,180.92308044433594,180.6923065185547,148.45973205566406
14-03-2013,180.84616088867188,181.15383911132812,4501874,182.76922607421875,182.23077392578125,149.7238006591797
15-03-2013,179.6923065185547,180.3076934814453,7651436,182.46153259277344,180.3076934814453,148.1437225341797
18-03-2013,177.92308044433594,178.23077392578125,4381000,179.61538696289062,178.84616088867188,146.9429168701172
19-03-2013,178.23077392578125,179.23077392578125,4699526,179.6923065185547,179.38461303710938,147.38531494140625
20-03-2013,179.46153259277344,182.53846740722656,5103020,183.07691955566406,180.46153259277344,148.27015686035156
21-03-2013,179.15383911132812,180.15383911132812,5010707,181.53846740722656,179.15383911132812,147.1957550048828
22-03-2013,179.07691955566406,179.38461303710938,3978793,180.0,179.76922607421875,147.70132446289062
25-03-2013,177.3076934814453,180.38461303710938,5418972,180.61538696289062,178.76922607421875,146.87974548339844
26-03-2013,177.0,179.0,4205955,179.23077392578125,177.84616088867188,146.1212921142578
27-03-2013,175.76922607421875,177.07691955566406,3574025,178.0,177.6923065185547,145.99488830566406
28-03-2013,176.84616088867188,178.0,4049630,178.46153259277344,177.84616088867188,146.1212921142578
01-04-2013,176.6923065185547,177.15383911132812,3568461,177.6923065185547,177.53846740722656,145.86851501464844
02-04-2013,177.6923065185547,178.23077392578125,3793413,179.76922607421875,179.53846740722656,147.51174926757812
03-04-2013,176.3076934814453,179.84616088867188,6834139,180.0,176.92308044433594,145.36289978027344
04-04-2013,176.61538696289062,177.0,3961373,177.92308044433594,177.53846740722656,145.86851501464844
05-04-2013,175.07691955566406,175.38461303710938,4082286,176.46153259277344,176.38461303710938,144.9204864501953
08-04-2013,175.61538696289062,177.3076934814453,3964168,177.84616088867188,177.84616088867188,146.1212921142578
09-04-2013,176.15383911132812,178.84616088867188,4116866,178.84616088867188,177.38461303710938,145.7421112060547
10-04-2013,177.38461303710938,177.6923065185547,5170399,181.92308044433594,181.38461303710938,149.02859497070312
11-04-2013,180.23077392578125,181.15383911132812,3520972,182.46153259277344,181.46153259277344,149.09178161621094
12-04-2013,179.46153259277344,180.6923065185547,3540459,181.46153259277344,180.46153259277344,148.27015686035156
15-04-2013,175.46153259277344,179.07691955566406,6038994,179.23077392578125,175.46153259277344,144.16207885742188
16-04-2013,176.15383911132812,177.46153259277344,4682171,177.6923065185547,177.6923065185547,145.99488830566406
17-04-2013,174.23077392578125,176.61538696289062,5547477,177.15383911132812,175.07691955566406,143.84603881835938
18-04-2013,173.61538696289062,175.07691955566406,5352217,175.76922607421875,174.38461303710938,143.2772216796875
19-04-2013,166.23077392578125,168.76922607421875,14148927,169.46153259277344,167.3076934814453,137.4627227783203
22-04-2013,162.38461303710938,166.6923065185547,11417757,166.76922607421875,164.23077392578125,134.93470764160156
23-04-2013,164.3076934814453,165.76922607421875,8513648,166.84616088867188,165.38461303710938,135.8827362060547
24-04-2013,166.53846740722656,166.84616088867188,6695871,169.46153259277344,168.92308044433594,138.78993225097656
25-04-2013,168.53846740722656,170.84616088867188,5390177,171.0,168.84616088867188,138.72679138183594
26-04-2013,169.0,169.07691955566406,6111625,172.3076934814453,170.84616088867188,140.37001037597656
29-04-2013,169.23077392578125,171.61538696289062,4749134,171.6923065185547,171.3076934814453,140.74920654296875
30-04-2013,170.84616088867188,171.46153259277344,4427124,172.15383911132812,171.46153259277344,140.87562561035156
01-05-2013,170.0,170.0,5096208,171.92308044433594,170.38461303710938,139.99081420898438
02-05-2013,170.38461303710938,171.15383911132812,3594695,171.6923065185547,171.6923065185547,141.065185546875
03-05-2013,173.46153259277344,173.61538696289062,5918029,175.76922607421875,173.61538696289062,142.64520263671875
06-05-2013,171.6923065185547,173.53846740722656,3713307,174.15383911132812,173.6923065185547,142.70840454101562
07-05-2013,174.0,174.53846740722656,3667521,175.3076934814453,174.46153259277344,143.34042358398438
08-05-2013,174.0,174.46153259277344,5197049,177.07691955566406,177.0,145.42611694335938
09-05-2013,174.53846740722656,176.84616088867188,3896659,177.6923065185547,175.23077392578125,143.97250366210938
10-05-2013,173.76922607421875,175.15383911132812,4565249,176.23077392578125,176.15383911132812,144.73089599609375
13-05-2013,174.0,175.84616088867188,3936894,176.0,175.76922607421875,144.41490173339844
14-05-2013,175.46153259277344,175.76922607421875,5146999,177.46153259277344,177.0,145.42611694335938
15-05-2013,176.23077392578125,177.23077392578125,5219890,178.84616088867188,178.76922607421875,146.87974548339844
16-05-2013,177.6923065185547,177.6923065185547,4293029,179.61538696289062,179.0,147.06930541992188
17-05-2013,178.46153259277344,179.0,5334901,180.61538696289062,180.46153259277344,148.27015686035156
20-05-2013,180.23077392578125,180.46153259277344,4275024,181.38461303710938,181.3076934814453,148.96536254882812
21-05-2013,181.46153259277344,181.46153259277344,4395950,182.92308044433594,182.0,149.5341796875
22-05-2013,182.6923065185547,182.92308044433594,8906872,185.61538696289062,183.53846740722656,150.7982177734375
23-05-2013,180.38461303710938,180.92308044433594,5769868,182.6923065185547,182.0,149.5341796875
24-05-2013,180.6923065185547,180.76922607421875,5331976,182.07691955566406,181.0,148.71253967285156
28-05-2013,181.38461303710938,182.84616088867188,6151990,183.38461303710938,181.53846740722656,149.15496826171875
29-05-2013,180.0,180.15383911132812,5100745,182.3076934814453,181.84616088867188,149.40780639648438
30-05-2013,180.76922607421875,181.38461303710938,3815123,182.76922607421875,181.53846740722656,149.15496826171875
31-05-2013,179.3076934814453,181.46153259277344,6402188,183.0,179.38461303710938,147.38531494140625
03-06-2013,179.38461303710938,179.76922607421875,5878392,182.92308044433594,181.84616088867188,149.40780639648438
04-06-2013,180.07691955566406,181.46153259277344,5031169,182.76922607421875,182.0,149.5341796875
05-06-2013,178.53846740722656,181.15383911132812,5818306,181.38461303710938,179.38461303710938,147.38531494140625
06-06-2013,177.6923065185547,178.84616088867188,5548075,179.92308044433594,179.84616088867188,147.7645721435547
07-06-2013,180.53846740722656,181.07691955566406,6375356,184.23077392578125,183.53846740722656,150.7982177734375
10-06-2013,181.84616088867188,183.6923065185547,5411445,184.0,182.92308044433594,150.2925262451172
11-06-2013,180.61538696289062,180.6923065185547,4703790,182.23077392578125,181.38461303710938,149.02859497070312
12-06-2013,180.15383911132812,182.3076934814453,4399460,182.53846740722656,180.76922607421875,148.52294921875
13-06-2013,179.53846740722656,180.38461303710938,4540965,183.0,182.15383911132812,149.66058349609375
14-06-2013,180.46153259277344,182.15383911132812,3619980,182.6923065185547,180.92308044433594,148.6493682861328
17-06-2013,181.92308044433594,182.6923065185547,5106179,183.46153259277344,182.84616088867188,150.2294158935547
18-06-2013,182.84616088867188,183.3076934814453,9459697,188.07691955566406,187.15383911132812,153.76864624023438
19-06-2013,184.46153259277344,186.15383911132812,5990686,187.3076934814453,184.46153259277344,151.55665588378906
20-06-2013,178.46153259277344,181.76922607421875,8155316,182.23077392578125,178.84616088867188,148.1165008544922
21-06-2013,178.53846740722656,181.38461303710938,8453276,181.84616088867188,179.6923065185547,148.8172607421875
24-06-2013,175.07691955566406,177.84616088867188,6338904,178.07691955566406,176.38461303710938,146.07789611816406
25-06-2013,176.46153259277344,178.23077392578125,4753983,178.84616088867188,177.76922607421875,147.22457885742188
26-06-2013,177.07691955566406,180.23077392578125,4229121,180.3076934814453,178.84616088867188,148.1165008544922
27-06-2013,178.92308044433594,180.07691955566406,4012827,180.61538696289062,179.38461303710938,148.5624237060547
28-06-2013,178.15383911132812,179.38461303710938,5970016,180.3076934814453,178.38461303710938,147.7342529296875
01-07-2013,178.38461303710938,178.53846740722656,4652024,181.84616088867188,179.53846740722656,148.68988037109375
02-07-2013,176.0,179.0,6184256,179.53846740722656,176.15383911132812,145.8867950439453
03-07-2013,175.07691955566406,175.61538696289062,2788305,176.76922607421875,176.23077392578125,145.9505157470703
05-07-2013,176.53846740722656,178.23077392578125,2949557,178.76922607421875,178.76922607421875,148.05279541015625
08-07-2013,179.0,179.6923065185547,4612543,181.0,179.38461303710938,148.5624237060547
09-07-2013,180.84616088867188,180.92308044433594,4100382,183.07691955566406,181.6923065185547,150.4736328125
10-07-2013,179.6923065185547,182.46153259277344,3699423,182.53846740722656,181.07691955566406,149.9639434814453
11-07-2013,181.76922607421875,183.92308044433594,4240392,184.3076934814453,184.15383911132812,152.51219177246094
12-07-2013,181.46153259277344,184.53846740722656,4323501,184.61538696289062,182.76922607421875,151.36550903320312
15-07-2013,181.23077392578125,182.53846740722656,4660955,182.61538696289062,181.76922607421875,150.53733825683594
16-07-2013,179.53846740722656,182.0,4965012,182.07691955566406,180.23077392578125,149.26319885253906
17-07-2013,180.23077392578125,181.07691955566406,3491605,181.61538696289062,181.07691955566406,149.9639434814453
18-07-2013,181.23077392578125,181.53846740722656,5386966,184.15383911132812,181.76922607421875,150.53733825683594
19-07-2013,185.38461303710938,186.23077392578125,13482157,191.92308044433594,190.15383911132812,157.48130798339844
22-07-2013,190.23077392578125,190.53846740722656,5402904,191.6923065185547,191.23077392578125,158.37318420410156
23-07-2013,189.46153259277344,191.3076934814453,4231890,191.38461303710938,190.07691955566406,157.41761779785156
24-07-2013,188.92308044433594,190.6923065185547,3573050,191.07691955566406,189.38461303710938,156.84423828125
25-07-2013,188.61538696289062,189.3076934814453,3893721,189.92308044433594,189.92308044433594,157.2901611328125
26-07-2013,188.46153259277344,189.61538696289062,4044976,189.6923065185547,189.61538696289062,157.0353546142578
29-07-2013,188.15383911132812,188.6923065185547,3326518,189.23077392578125,188.38461303710938,156.01600646972656
30-07-2013,187.6923065185547,189.0,4056195,189.53846740722656,188.3076934814453,155.9523162841797
31-07-2013,187.38461303710938,189.0,5064137,189.92308044433594,187.46153259277344,155.2515411376953
01-08-2013,188.61538696289062,189.23077392578125,4151901,191.3076934814453,189.38461303710938,156.84423828125
02-08-2013,187.6923065185547,188.61538696289062,3343782,190.0,190.0,157.3538360595703
05-08-2013,188.38461303710938,189.0,2336308,189.23077392578125,188.61538696289062,156.2071075439453
06-08-2013,186.53846740722656,188.38461303710938,2978495,188.46153259277344,187.0,154.86935424804688
07-08-2013,185.3076934814453,186.23077392578125,3636308,187.23077392578125,187.23077392578125,155.06045532226562
08-08-2013,186.3076934814453,188.23077392578125,2908425,188.76922607421875,187.15383911132812,154.99673461914062
09-08-2013,186.23077392578125,187.23077392578125,2699255,188.0,186.53846740722656,154.4871063232422
12-08-2013,185.07691955566406,185.6923065185547,3557567,186.92308044433594,186.6923065185547,154.6145477294922
13-08-2013,185.38461303710938,186.92308044433594,3709381,186.92308044433594,186.15383911132812,154.16854858398438
14-08-2013,185.0,186.15383911132812,3637894,186.84616088867188,185.15383911132812,153.34036254882812
15-08-2013,184.0,184.38461303710938,5195099,186.61538696289062,184.61538696289062,152.8944854736328
16-08-2013,183.53846740722656,183.6923065185547,4721015,185.0,184.23077392578125,152.57591247558594
19-08-2013,182.76922607421875,183.84616088867188,4188470,184.3076934814453,183.46153259277344,151.9388427734375
20-08-2013,181.76922607421875,182.84616088867188,3958695,183.46153259277344,182.46153259277344,151.11065673828125
21-08-2013,181.23077392578125,182.46153259277344,4146610,183.0,181.61538696289062,150.409912109375
22-08-2013,181.61538696289062,182.0,4034290,183.07691955566406,182.92308044433594,151.4928741455078
23-08-2013,181.84616088867188,183.3076934814453,2689752,183.46153259277344,182.92308044433594,151.4928741455078
26-08-2013,181.23077392578125,182.61538696289062,3373357,183.0,181.61538696289062,150.409912109375
27-08-2013,177.76922607421875,179.6923065185547,6681077,179.92308044433594,178.3076934814453,147.67056274414062
28-08-2013,178.15383911132812,178.15383911132812,3752138,180.0,178.46153259277344,147.79798889160156
29-08-2013,177.61538696289062,178.15383911132812,2873598,179.23077392578125,177.76922607421875,147.22457885742188
30-08-2013,177.23077392578125,180.3076934814453,6015828,180.76922607421875,178.0,147.41571044921875
03-09-2013,176.3076934814453,179.3076934814453,6766474,180.38461303710938,177.38461303710938,146.90609741210938
04-09-2013,176.61538696289062,176.84616088867188,4111874,178.3076934814453,178.23077392578125,147.60682678222656
05-09-2013,177.61538696289062,179.53846740722656,3939299,179.61538696289062,178.15383911132812,147.54318237304688
06-09-2013,176.61538696289062,178.07691955566406,4775095,179.84616088867188,178.15383911132812,147.54318237304688
09-09-2013,178.3076934814453,178.84616088867188,3663634,180.46153259277344,179.92308044433594,149.00839233398438
10-09-2013,181.6923065185547,182.07691955566406,4643314,184.15383911132812,183.61538696289062,152.0662384033203
11-09-2013,182.46153259277344,184.23077392578125,4498468,185.3076934814453,185.3076934814453,153.4677734375
12-09-2013,182.84616088867188,185.84616088867188,3988088,186.15383911132812,183.46153259277344,151.9388427734375
13-09-2013,182.6923065185547,182.84616088867188,2479295,183.84616088867188,182.92308044433594,151.4928741455078
16-09-2013,184.07691955566406,185.07691955566406,4776356,186.38461303710938,185.6923065185547,153.7863311767578
17-09-2013,185.46153259277344,185.61538696289062,4655326,188.23077392578125,188.07691955566406,155.76119995117188
18-09-2013,187.6923065185547,188.23077392578125,6641960,191.61538696289062,191.23077392578125,158.37318420410156
19-09-2013,187.6923065185547,190.76922607421875,6462716,191.46153259277344,188.15383911132812,157.02503967285156
20-09-2013,184.61538696289062,188.84616088867188,8833890,188.92308044433594,184.6923065185547,154.13616943359375
23-09-2013,185.76922607421875,186.15383911132812,5383898,187.53846740722656,186.76922607421875,155.86949157714844
24-09-2013,186.3076934814453,186.3076934814453,4293159,188.76922607421875,187.07691955566406,156.12625122070312
25-09-2013,186.15383911132812,186.92308044433594,3828266,188.3076934814453,186.38461303710938,155.5485076904297
26-09-2013,184.3076934814453,186.92308044433594,4453735,188.53846740722656,186.53846740722656,155.67691040039062
27-09-2013,184.15383911132812,185.38461303710938,3347994,185.38461303710938,185.0,154.39291381835938
30-09-2013,183.23077392578125,183.6923065185547,4594668,185.23077392578125,183.76922607421875,153.3657989501953
01-10-2013,183.84616088867188,184.15383911132812,3768076,186.3076934814453,185.92308044433594,155.163330078125
02-10-2013,185.0,185.6923065185547,4449198,187.3076934814453,187.15383911132812,156.19046020507812
03-10-2013,183.38461303710938,186.3076934814453,4871386,186.53846740722656,185.38461303710938,154.7139434814453
04-10-2013,183.84616088867188,186.0,4329949,186.0,185.0,154.39291381835938
07-10-2013,183.07691955566406,183.38461303710938,3767608,185.61538696289062,184.15383911132812,153.68678283691406
08-10-2013,182.07691955566406,184.0,5510804,184.0,182.07691955566406,151.95347595214844
09-10-2013,180.76922607421875,183.38461303710938,4562415,183.38461303710938,181.3076934814453,151.3115234375
10-10-2013,183.23077392578125,183.84616088867188,4962815,186.53846740722656,186.53846740722656,155.67691040039062
11-10-2013,186.15383911132812,187.07691955566406,4443192,188.38461303710938,187.6923065185547,156.6398468017578
14-10-2013,185.84616088867188,186.23077392578125,2863497,187.53846740722656,187.53846740722656,156.51148986816406
15-10-2013,185.76922607421875,186.6923065185547,3687736,188.07691955566406,186.07691955566406,155.29173278808594
16-10-2013,185.61538696289062,187.3076934814453,3929978,187.6923065185547,187.38461303710938,156.38304138183594
17-10-2013,186.38461303710938,187.53846740722656,5907512,189.84616088867188,189.84616088867188,158.4373779296875
18-10-2013,193.0,193.92308044433594,12805949,198.07691955566406,196.53846740722656,164.0224609375
21-10-2013,198.38461303710938,199.0,7901712,202.6923065185547,201.07691955566406,167.8101043701172
22-10-2013,199.84616088867188,201.46153259277344,5635877,201.84616088867188,200.15383911132812,167.03968811035156
23-10-2013,197.23077392578125,199.92308044433594,5140954,200.0,197.6923065185547,164.9853973388672
24-10-2013,197.46153259277344,198.76922607421875,4500483,200.15383911132812,199.53846740722656,166.52615356445312
25-10-2013,198.46153259277344,200.53846740722656,3558542,200.61538696289062,199.07691955566406,166.14093017578125
28-10-2013,198.15383911132812,199.07691955566406,4153760,201.23077392578125,200.6923065185547,167.48910522460938
29-10-2013,200.53846740722656,201.46153259277344,4996680,202.3076934814453,201.61538696289062,168.2594451904297
30-10-2013,201.46153259277344,202.23077392578125,5179252,203.6923065185547,202.84616088867188,169.28659057617188
31-10-2013,200.92308044433594,202.6923065185547,5570825,203.38461303710938,201.07691955566406,167.8101043701172
01-11-2013,200.23077392578125,200.38461303710938,7232485,204.92308044433594,204.15383911132812,170.37791442871094
04-11-2013,202.38461303710938,204.53846740722656,3661593,204.53846740722656,203.3076934814453,169.6717987060547
05-11-2013,202.0,202.46153259277344,3236675,204.0,203.23077392578125,169.60760498046875
06-11-2013,203.46153259277344,203.61538696289062,7625644,207.53846740722656,206.92308044433594,172.68902587890625
07-11-2013,204.61538696289062,207.23077392578125,7740408,209.15383911132812,204.61538696289062,170.76315307617188
08-11-2013,203.07691955566406,203.23077392578125,4902157,208.15383911132812,208.07691955566406,173.6519775390625
11-11-2013,206.84616088867188,207.84616088867188,3105479,208.0,207.76922607421875,173.3951873779297
12-11-2013,206.23077392578125,207.07691955566406,4882826,208.76922607421875,208.07691955566406,173.6519775390625
13-11-2013,205.76922607421875,207.46153259277344,4471168,208.84616088867188,208.84616088867188,174.29396057128906
14-11-2013,206.61538696289062,208.84616088867188,4219098,209.23077392578125,207.61538696289062,173.26673889160156
15-11-2013,207.46153259277344,207.76922607421875,6720805,211.0,209.23077392578125,174.61489868164062
18-11-2013,208.53846740722656,209.84616088867188,5080933,211.53846740722656,209.38461303710938,174.74331665039062
19-11-2013,207.07691955566406,208.6923065185547,4643860,210.23077392578125,207.92308044433594,173.52359008789062
20-11-2013,206.76922607421875,207.61538696289062,3937232,209.0,207.38461303710938,173.0741729736328
21-11-2013,205.84616088867188,207.84616088867188,3946995,207.84616088867188,207.0,172.7532196044922
22-11-2013,206.61538696289062,206.6923065185547,2866214,208.38461303710938,208.3076934814453,173.8445281982422
25-11-2013,205.61538696289062,208.76922607421875,4203602,209.0,205.61538696289062,171.59767150878906
26-11-2013,205.53846740722656,205.53846740722656,4751630,207.3076934814453,206.0,171.91864013671875
27-11-2013,205.76922607421875,206.38461303710938,2952001,206.92308044433594,206.38461303710938,172.23968505859375
29-11-2013,204.84616088867188,205.76922607421875,2782767,206.6923065185547,205.07691955566406,171.14828491210938
02-12-2013,204.3076934814453,205.0,4504591,205.6923065185547,205.07691955566406,171.14828491210938
03-12-2013,202.61538696289062,204.61538696289062,4256954,204.61538696289062,204.3076934814453,170.50636291503906
04-12-2013,201.53846740722656,202.61538696289062,5843123,205.07691955566406,204.92308044433594,171.01992797851562
05-12-2013,202.6923065185547,204.84616088867188,3699202,204.92308044433594,203.46153259277344,169.80018615722656
06-12-2013,205.23077392578125,205.92308044433594,3295149,207.53846740722656,207.23077392578125,172.94577026367188
09-12-2013,206.76922607421875,207.15383911132812,3994328,210.23077392578125,209.15383911132812,174.55075073242188
10-12-2013,208.23077392578125,208.38461303710938,4012411,210.6923065185547,208.76922607421875,174.22970581054688
11-12-2013,204.15383911132812,208.53846740722656,5220982,208.6923065185547,204.46153259277344,170.6346893310547
12-12-2013,203.6923065185547,203.84616088867188,4024826,205.38461303710938,204.15383911132812,170.37791442871094
13-12-2013,203.92308044433594,204.53846740722656,5178381,207.23077392578125,206.46153259277344,172.30384826660156
16-12-2013,206.6923065185547,207.23077392578125,5220800,208.38461303710938,207.53846740722656,173.2025909423828
17-12-2013,207.23077392578125,208.46153259277344,4762238,208.76922607421875,207.92308044433594,173.52359008789062
18-12-2013,206.46153259277344,207.92308044433594,7184944,211.3076934814453,210.84616088867188,175.9630126953125
19-12-2013,206.38461303710938,209.0,6595667,210.76922607421875,210.15383911132812,176.80435180664062
20-12-2013,207.84616088867188,209.76922607421875,10160124,211.3076934814453,210.46153259277344,177.06321716308594
23-12-2013,209.76922607421875,211.0,3887442,211.46153259277344,210.76922607421875,177.3220672607422
24-12-2013,210.46153259277344,210.61538696289062,1964261,212.76922607421875,212.38461303710938,178.6811065673828
26-12-2013,212.3076934814453,212.92308044433594,3219489,215.07691955566406,214.07691955566406,180.10491943359375
27-12-2013,213.53846740722656,214.15383911132812,2468791,214.92308044433594,214.07691955566406,180.10491943359375
30-12-2013,213.84616088867188,214.15383911132812,3098199,215.23077392578125,214.53846740722656,180.4931640625
31-12-2013,214.07691955566406,214.61538696289062,3939871,216.07691955566406,215.61538696289062,181.39918518066406
02-01-2014,210.84616088867188,214.3076934814453,5388981,214.92308044433594,211.53846740722656,177.9692840576172
03-01-2014,210.84616088867188,211.6923065185547,3584204,212.3076934814453,211.38461303710938,177.83981323242188
06-01-2014,208.84616088867188,212.76922607421875,3816358,213.3076934814453,209.6923065185547,176.41604614257812
07-01-2014,209.3076934814453,211.38461303710938,3214640,211.46153259277344,209.92308044433594,176.6102294921875
08-01-2014,208.61538696289062,210.38461303710938,3362957,210.46153259277344,209.3076934814453,176.09249877929688
09-01-2014,207.15383911132812,210.23077392578125,4070482,210.46153259277344,209.38461303710938,176.15719604492188
10-01-2014,206.61538696289062,209.15383911132812,5047718,209.46153259277344,207.38461303710938,174.47454833984375
13-01-2014,205.23077392578125,207.53846740722656,4474496,208.46153259277344,205.61538696289062,172.98609924316406
14-01-2014,205.6923065185547,206.46153259277344,3242967,207.6923065185547,207.46153259277344,174.53932189941406
15-01-2014,207.76922607421875,208.84616088867188,4142229,210.76922607421875,210.3076934814453,176.93374633789062
16-01-2014,208.3076934814453,209.38461303710938,4244279,209.76922607421875,209.23077392578125,176.0277557373047
17-01-2014,202.15383911132812,206.76922607421875,12641278,207.07691955566406,204.46153259277344,172.01531982421875
21-01-2014,200.3076934814453,205.61538696289062,7792031,205.6923065185547,202.23077392578125,170.13861083984375
22-01-2014,199.92308044433594,202.3076934814453,6327529,202.38461303710938,199.92308044433594,168.19711303710938
23-01-2014,196.38461303710938,199.84616088867188,7546162,199.84616088867188,198.61538696289062,167.0969696044922
24-01-2014,191.92308044433594,196.6923065185547,12428650,196.84616088867188,191.92308044433594,161.46661376953125
27-01-2014,191.53846740722656,194.3076934814453,7871240,194.53846740722656,192.84616088867188,162.24327087402344
28-01-2014,194.61538696289062,194.84616088867188,6555354,197.07691955566406,195.84616088867188,164.76715087890625
29-01-2014,193.53846740722656,194.92308044433594,5151861,196.3076934814453,194.53846740722656,163.66702270507812
30-01-2014,194.84616088867188,196.15383911132812,3912246,196.84616088867188,196.15383911132812,165.02601623535156
31-01-2014,192.92308044433594,193.92308044433594,5243420,195.23077392578125,193.3076934814453,162.6315460205078
03-02-2014,187.07691955566406,193.3076934814453,9808682,193.92308044433594,187.3076934814453,157.5836639404297
04-02-2014,187.6923065185547,188.6923065185547,5961280,190.61538696289062,189.0,159.00741577148438
05-02-2014,187.07691955566406,188.15383911132812,5233761,189.53846740722656,188.61538696289062,158.683837890625
06-02-2014,189.38461303710938,190.76922607421875,5814172,193.07691955566406,191.92308044433594,161.46661376953125
07-02-2014,192.3076934814453,193.84616088867188,4513717,194.46153259277344,193.76922607421875,163.01983642578125
10-02-2014,191.76922607421875,195.3076934814453,4290572,195.3076934814453,192.6923065185547,162.1138153076172
11-02-2014,193.53846740722656,193.92308044433594,4236362,196.3076934814453,195.61538696289062,164.57301330566406
12-02-2014,195.0,196.6923065185547,3279627,197.15383911132812,195.3076934814453,164.31414794921875
13-02-2014,193.15383911132812,194.07691955566406,4206436,195.6923065185547,195.6923065185547,164.6376953125
14-02-2014,195.23077392578125,195.92308044433594,3240692,198.84616088867188,198.0,166.57925415039062
18-02-2014,197.3076934814453,200.07691955566406,3798080,200.3076934814453,197.3076934814453,165.9967803955078
19-02-2014,195.15383911132812,197.53846740722656,4406103,198.23077392578125,195.38461303710938,164.3788604736328
20-02-2014,192.46153259277344,194.6923065185547,4195737,194.76922607421875,193.23077392578125,163.9871826171875
21-02-2014,191.84616088867188,193.23077392578125,4828980,193.76922607421875,191.84616088867188,162.81211853027344
24-02-2014,192.0,192.46153259277344,4943029,195.76922607421875,194.53846740722656,165.0969696044922
25-02-2014,193.61538696289062,195.23077392578125,4301752,196.0,194.38461303710938,164.96636962890625
26-02-2014,193.07691955566406,194.84616088867188,3871972,195.07691955566406,194.61538696289062,165.1621856689453
27-02-2014,193.46153259277344,193.92308044433594,2965742,196.61538696289062,196.15383911132812,166.46786499023438
28-02-2014,194.6923065185547,196.46153259277344,3826784,197.61538696289062,195.92308044433594,166.27200317382812
03-03-2014,191.6923065185547,193.92308044433594,4447378,193.92308044433594,193.23077392578125,163.9871826171875
04-03-2014,195.84616088867188,196.3076934814453,4762992,197.92308044433594,197.3076934814453,167.44711303710938
05-03-2014,197.3076934814453,198.3076934814453,3916731,199.6923065185547,199.46153259277344,169.27496337890625
06-03-2014,200.15383911132812,200.46153259277344,4538443,202.15383911132812,201.6923065185547,171.1681365966797
07-03-2014,199.76922607421875,202.53846740722656,3546920,202.6923065185547,201.0,170.58059692382812
10-03-2014,198.76922607421875,200.92308044433594,2894255,201.0,200.3076934814453,169.99310302734375
11-03-2014,198.15383911132812,200.46153259277344,3232281,200.76922607421875,199.23077392578125,169.07911682128906
12-03-2014,197.15383911132812,197.53846740722656,3050333,198.6923065185547,198.15383911132812,168.16517639160156
13-03-2014,193.92308044433594,200.0,4922463,200.0,194.92308044433594,165.42337036132812
14-03-2014,193.0,194.23077392578125,3829969,195.23077392578125,193.15383911132812,163.921875
17-03-2014,194.23077392578125,194.3076934814453,5929820,197.15383911132812,195.61538696289062,166.0109100341797
18-03-2014,195.92308044433594,196.3076934814453,3092063,197.92308044433594,197.3076934814453,167.44711303710938
19-03-2014,193.15383911132812,197.23077392578125,4582084,197.6923065185547,194.46153259277344,165.03170776367188
20-03-2014,193.23077392578125,195.15383911132812,4642599,195.15383911132812,194.38461303710938,164.96636962890625
21-03-2014,194.92308044433594,197.61538696289062,7170657,198.6923065185547,195.38461303710938,165.8150634765625
24-03-2014,193.84616088867188,196.07691955566406,4049058,196.38461303710938,195.46153259277344,165.88031005859375
25-03-2014,195.3076934814453,196.76922607421875,4050085,197.76922607421875,197.6923065185547,167.7734832763672
26-03-2014,196.92308044433594,198.46153259277344,4137913,199.38461303710938,197.07691955566406,167.2512664794922
27-03-2014,196.23077392578125,196.76922607421875,3852732,198.84616088867188,198.53846740722656,168.49156188964844
28-03-2014,198.3076934814453,199.23077392578125,3859882,200.15383911132812,199.07691955566406,168.94857788085938
31-03-2014,198.53846740722656,200.15383911132812,4171557,200.61538696289062,199.15383911132812,169.01385498046875
01-04-2014,198.07691955566406,198.6923065185547,3704480,199.92308044433594,199.0,168.8832550048828
02-04-2014,199.0,199.38461303710938,3432481,200.46153259277344,200.3076934814453,169.99310302734375
03-04-2014,200.38461303710938,201.15383911132812,2893722,202.0,201.76922607421875,171.23345947265625
04-04-2014,199.92308044433594,202.84616088867188,4308304,203.07691955566406,200.15383911132812,169.86248779296875
07-04-2014,198.0,199.61538696289062,3957057,200.3076934814453,198.84616088867188,168.7527313232422
08-04-2014,197.46153259277344,198.15383911132812,3499067,199.38461303710938,198.07691955566406,168.0998992919922
09-04-2014,196.84616088867188,198.92308044433594,3273075,199.6923065185547,199.61538696289062,169.405517578125
10-04-2014,196.6923065185547,200.6923065185547,4718181,200.84616088867188,196.76922607421875,166.99014282226562
11-04-2014,195.61538696289062,196.23077392578125,4851587,198.15383911132812,195.61538696289062,166.0109100341797
14-04-2014,195.61538696289062,196.76922607421875,3258710,198.07691955566406,197.76922607421875,167.83876037597656
15-04-2014,196.76922607421875,197.46153259277344,3937349,199.15383911132812,198.61538696289062,168.55691528320312
16-04-2014,199.15383911132812,200.07691955566406,4354558,201.53846740722656,200.92308044433594,170.5153350830078
17-04-2014,203.46153259277344,203.61538696289062,9055618,205.84616088867188,204.3076934814453,173.38772583007812
21-04-2014,204.3076934814453,204.84616088867188,3267069,205.46153259277344,204.53846740722656,173.5835723876953
22-04-2014,204.38461303710938,205.38461303710938,3613558,205.92308044433594,204.46153259277344,173.5182342529297
23-04-2014,203.0,204.38461303710938,3843723,205.07691955566406,203.23077392578125,172.47378540039062
24-04-2014,201.76922607421875,203.38461303710938,3325153,204.92308044433594,203.53846740722656,172.7349090576172
25-04-2014,204.23077392578125,204.38461303710938,4387526,206.15383911132812,204.61538696289062,173.6488800048828
28-04-2014,204.07691955566406,205.53846740722656,4493710,206.53846740722656,206.0,174.8238983154297
29-04-2014,204.53846740722656,206.38461303710938,3597906,206.76922607421875,205.84616088867188,174.69337463378906
30-04-2014,205.0,206.15383911132812,3791463,206.92308044433594,206.84616088867188,175.54197692871094
01-05-2014,204.92308044433594,205.61538696289062,3351361,206.38461303710938,205.92308044433594,174.75868225097656
02-05-2014,205.07691955566406,205.92308044433594,3051555,206.6923065185547,205.23077392578125,174.17108154296875
05-05-2014,203.84616088867188,205.3076934814453,2156648,205.3076934814453,204.46153259277344,173.5182342529297
06-05-2014,201.46153259277344,203.92308044433594,3254446,204.07691955566406,201.46153259277344,170.97232055664062
07-05-2014,202.07691955566406,202.07691955566406,3161561,204.07691955566406,204.07691955566406,173.19186401367188
08-05-2014,202.3076934814453,203.6923065185547,2715297,204.61538696289062,203.38461303710938,172.6042938232422
09-05-2014,202.38461303710938,204.3076934814453,2266927,204.38461303710938,203.23077392578125,172.47378540039062
12-05-2014,203.92308044433594,204.46153259277344,3082404,206.61538696289062,206.53846740722656,175.28089904785156
13-05-2014,205.92308044433594,206.84616088867188,2662777,207.3076934814453,207.07691955566406,175.7378387451172
14-05-2014,205.15383911132812,207.0,2696408,207.38461303710938,205.84616088867188,174.69337463378906
15-05-2014,202.46153259277344,205.53846740722656,4391803,206.15383911132812,204.61538696289062,173.6488800048828
16-05-2014,202.84616088867188,203.76922607421875,3749317,205.23077392578125,205.15383911132812,174.1057891845703
19-05-2014,203.6923065185547,204.23077392578125,2356861,205.3076934814453,204.6923065185547,173.71409606933594
20-05-2014,201.15383911132812,204.6923065185547,3052023,204.76922607421875,202.3076934814453,171.69039916992188
21-05-2014,202.6923065185547,202.84616088867188,2267707,204.0,203.76922607421875,172.93072509765625
22-05-2014,202.38461303710938,203.23077392578125,2031731,204.38461303710938,203.92308044433594,173.06130981445312
23-05-2014,203.3076934814453,204.23077392578125,1928303,204.46153259277344,203.92308044433594,173.06130981445312
27-05-2014,203.46153259277344,204.23077392578125,2381314,204.84616088867188,204.38461303710938,173.45298767089844
28-05-2014,204.07691955566406,204.3076934814453,2366741,205.46153259277344,205.07691955566406,174.04055786132812
29-05-2014,204.23077392578125,205.3076934814453,1953211,205.6923065185547,205.6923065185547,174.562744140625
30-05-2014,204.61538696289062,204.92308044433594,2461368,206.07691955566406,206.07691955566406,174.88912963867188
02-06-2014,204.6923065185547,205.46153259277344,2226055,206.53846740722656,206.38461303710938,175.15029907226562
03-06-2014,205.15383911132812,205.76922607421875,2423382,206.23077392578125,206.07691955566406,174.88912963867188
04-06-2014,204.15383911132812,205.6923065185547,2596074,205.6923065185547,204.23077392578125,173.3224334716797
05-06-2014,203.46153259277344,204.15383911132812,3255382,206.0,205.92308044433594,174.75868225097656
06-06-2014,205.84616088867188,206.07691955566406,4385784,209.53846740722656,209.07691955566406,177.43511962890625
09-06-2014,207.76922607421875,208.15383911132812,3676699,211.76922607421875,211.07691955566406,179.13247680664062
10-06-2014,209.53846740722656,210.07691955566406,2839512,211.23077392578125,210.84616088867188,178.93661499023438
11-06-2014,208.15383911132812,210.15383911132812,3213860,210.46153259277344,208.84616088867188,177.23931884765625
12-06-2014,206.84616088867188,208.46153259277344,3346538,208.92308044433594,207.38461303710938,175.99899291992188
13-06-2014,206.76922607421875,206.76922607421875,2487095,208.23077392578125,208.0,176.52122497558594
16-06-2014,205.76922607421875,207.3076934814453,3468543,207.46153259277344,206.3076934814453,175.08505249023438
17-06-2014,205.23077392578125,206.07691955566406,2768818,207.53846740722656,206.6923065185547,175.4114227294922
18-06-2014,205.3076934814453,206.76922607421875,3410849,207.23077392578125,206.84616088867188,175.54197692871094
19-06-2014,205.07691955566406,205.07691955566406,4108676,207.53846740722656,207.15383911132812,177.25326538085938
20-06-2014,206.6923065185547,207.84616088867188,6468566,208.0,207.46153259277344,177.51657104492188
23-06-2014,204.61538696289062,208.07691955566406,4061772,208.15383911132812,205.23077392578125,175.6078338623047
24-06-2014,203.92308044433594,205.07691955566406,3434457,206.76922607421875,204.46153259277344,174.94956970214844
25-06-2014,202.61538696289062,203.61538696289062,3413956,203.92308044433594,203.23077392578125,173.89649963378906
26-06-2014,201.53846740722656,203.53846740722656,3010670,203.53846740722656,202.23077392578125,173.0408477783203
27-06-2014,201.76922607421875,202.23077392578125,4570176,203.3076934814453,203.3076934814453,173.96229553222656
30-06-2014,201.6923065185547,203.38461303710938,3855943,203.46153259277344,202.15383911132812,172.97499084472656
01-07-2014,202.0,202.07691955566406,3648385,203.84616088867188,203.07691955566406,173.76486206054688
02-07-2014,202.61538696289062,202.6923065185547,2766933,205.0,204.6923065185547,175.1470489501953
03-07-2014,206.0,206.23077392578125,2666807,206.84616088867188,206.61538696289062,176.7925567626953
07-07-2014,205.23077392578125,206.15383911132812,3284190,206.46153259277344,205.76922607421875,176.06857299804688
08-07-2014,202.6923065185547,204.76922607421875,3783728,205.0,202.84616088867188,173.56739807128906
09-07-2014,202.0,203.3076934814453,4916665,203.3076934814453,202.46153259277344,173.23826599121094
10-07-2014,200.76922607421875,201.0,4321005,202.23077392578125,201.53846740722656,172.448486328125
11-07-2014,200.92308044433594,201.46153259277344,4607226,204.23077392578125,204.23077392578125,174.75216674804688
14-07-2014,204.76922607421875,204.84616088867188,3285594,206.61538696289062,205.07691955566406,175.4761962890625
15-07-2014,204.23077392578125,205.76922607421875,5387226,206.15383911132812,204.6923065185547,175.1470489501953
16-07-2014,205.07691955566406,205.3076934814453,6107881,208.84616088867188,207.84616088867188,177.84571838378906
17-07-2014,204.61538696289062,207.07691955566406,4881357,207.53846740722656,204.6923065185547,175.1470489501953
18-07-2014,201.92308044433594,205.92308044433594,7202390,206.0,203.53846740722656,174.1597900390625
21-07-2014,197.84616088867188,202.53846740722656,7714590,202.53846740722656,199.84616088867188,171.0004119873047
22-07-2014,198.84616088867188,200.53846740722656,4489498,200.76922607421875,200.15383911132812,171.26368713378906
23-07-2014,199.3076934814453,200.53846740722656,4167904,200.6923065185547,199.3076934814453,170.5396728515625
24-07-2014,199.23077392578125,199.61538696289062,2861404,200.61538696289062,199.53846740722656,170.73715209960938
25-07-2014,197.92308044433594,199.76922607421875,3202433,199.92308044433594,198.38461303710938,169.7498321533203
28-07-2014,195.6923065185547,197.46153259277344,4287426,197.92308044433594,196.84616088867188,168.43341064453125
29-07-2014,195.76922607421875,196.6923065185547,2928757,197.84616088867188,195.76922607421875,167.511962890625
30-07-2014,195.38461303710938,196.76922607421875,3358966,198.38461303710938,197.23077392578125,168.7625274658203
31-07-2014,193.46153259277344,196.38461303710938,4939376,196.61538696289062,193.46153259277344,165.53733825683594
01-08-2014,190.38461303710938,192.84616088867188,5225844,195.07691955566406,195.0,166.85372924804688
04-08-2014,193.07691955566406,194.84616088867188,3693339,195.53846740722656,194.38461303710938,166.32717895507812
05-08-2014,191.92308044433594,193.07691955566406,3600259,194.53846740722656,192.46153259277344,164.6816864013672
06-08-2014,193.0,193.3076934814453,6138938,196.6923065185547,195.6923065185547,167.4461212158203
07-08-2014,195.53846740722656,197.0,4701775,197.6923065185547,196.15383911132812,167.84104919433594
08-08-2014,194.61538696289062,195.84616088867188,2980835,197.46153259277344,197.38461303710938,168.89418029785156
11-08-2014,197.84616088867188,198.76922607421875,3623503,200.0,198.38461303710938,169.7498321533203
12-08-2014,196.84616088867188,198.84616088867188,2831439,198.92308044433594,197.0,168.56503295898438
13-08-2014,197.6923065185547,197.84616088867188,2583113,199.38461303710938,198.6923065185547,170.01307678222656
14-08-2014,197.92308044433594,199.15383911132812,3031873,199.61538696289062,199.07691955566406,170.3422088623047
15-08-2014,196.23077392578125,199.61538696289062,3661827,199.76922607421875,197.23077392578125,168.7625274658203
18-08-2014,198.84616088867188,199.0,3485287,200.53846740722656,200.53846740722656,171.59280395507812
19-08-2014,200.38461303710938,201.07691955566406,2097836,201.23077392578125,200.38461303710938,171.461181640625
20-08-2014,200.07691955566406,200.61538696289062,3751202,203.07691955566406,202.76922607421875,173.50155639648438
21-08-2014,202.3076934814453,203.23077392578125,2884050,203.46153259277344,203.3076934814453,173.96229553222656
22-08-2014,200.84616088867188,202.61538696289062,2961972,202.84616088867188,201.15383911132812,172.1193084716797
25-08-2014,200.15383911132812,201.15383911132812,2841306,202.23077392578125,201.53846740722656,172.448486328125
26-08-2014,200.07691955566406,201.6923065185547,3420768,202.15383911132812,200.07691955566406,171.19786071777344
27-08-2014,200.15383911132812,200.38461303710938,2752945,201.53846740722656,201.0,171.98770141601562
28-08-2014,199.6923065185547,200.23077392578125,1747057,200.6923065185547,200.07691955566406,171.19786071777344
29-08-2014,199.23077392578125,200.23077392578125,2848820,200.6923065185547,199.84616088867188,171.0004119873047
02-09-2014,198.23077392578125,199.15383911132812,3169231,200.23077392578125,198.84616088867188,170.14476013183594
03-09-2014,198.61538696289062,199.84616088867188,2595086,200.0,199.61538696289062,170.8029327392578
04-09-2014,199.15383911132812,199.92308044433594,3495934,201.0,199.6923065185547,170.86874389648438
05-09-2014,198.46153259277344,199.23077392578125,2735408,200.76922607421875,200.76922607421875,171.79025268554688
08-09-2014,200.46153259277344,201.07691955566406,2649361,202.07691955566406,200.61538696289062,171.65858459472656
09-09-2014,198.84616088867188,200.53846740722656,2816632,200.84616088867188,199.23077392578125,170.47384643554688
10-09-2014,198.84616088867188,199.92308044433594,2484300,200.23077392578125,199.61538696289062,170.8029327392578
11-09-2014,198.6923065185547,199.3076934814453,2935530,200.6923065185547,200.15383911132812,171.26368713378906
12-09-2014,198.46153259277344,199.76922607421875,3198650,199.76922607421875,199.0,170.27635192871094
15-09-2014,198.07691955566406,198.6923065185547,1995136,199.61538696289062,199.38461303710938,170.6055145263672
16-09-2014,199.07691955566406,199.38461303710938,3572777,202.07691955566406,201.61538696289062,172.51426696777344
17-09-2014,200.76922607421875,202.46153259277344,3849404,203.07691955566406,202.07691955566406,172.90919494628906
18-09-2014,201.0,201.46153259277344,4107766,202.76922607421875,201.61538696289062,173.97122192382812
19-09-2014,201.92308044433594,202.6923065185547,4972006,203.07691955566406,202.23077392578125,174.50222778320312
22-09-2014,200.23077392578125,201.46153259277344,2990741,202.07691955566406,200.61538696289062,173.10829162597656
23-09-2014,199.84616088867188,199.92308044433594,2819024,201.07691955566406,200.15383911132812,172.71005249023438
24-09-2014,197.61538696289062,200.07691955566406,4427761,200.07691955566406,199.46153259277344,172.11265563964844
25-09-2014,196.38461303710938,199.07691955566406,3989297,199.07691955566406,196.53846740722656,169.5903778076172
26-09-2014,195.61538696289062,196.76922607421875,3761147,197.6923065185547,197.15383911132812,170.1214141845703
29-09-2014,194.61538696289062,195.07691955566406,3997188,196.3076934814453,195.53846740722656,168.72750854492188
30-09-2014,194.84616088867188,195.07691955566406,5304104,197.6923065185547,197.07691955566406,170.05502319335938
01-10-2014,192.92308044433594,195.61538696289062,5470556,195.92308044433594,193.53846740722656,167.001708984375
02-10-2014,192.38461303710938,193.76922607421875,3704883,194.23077392578125,193.23077392578125,166.7362518310547
03-10-2014,193.46153259277344,194.53846740722656,2815553,195.61538696289062,195.38461303710938,168.59474182128906
06-10-2014,192.84616088867188,196.92308044433594,3964038,197.15383911132812,194.0,167.4000244140625
07-10-2014,190.76922607421875,193.07691955566406,4158076,193.76922607421875,190.84616088867188,164.67857360839844
08-10-2014,189.6923065185547,191.92308044433594,4799353,194.23077392578125,194.23077392578125,167.59910583496094
09-10-2014,190.23077392578125,194.07691955566406,4421651,194.6923065185547,190.61538696289062,164.47943115234375
10-10-2014,186.23077392578125,190.6923065185547,6218849,191.3076934814453,186.6923065185547,161.09426879882812
13-10-2014,183.84616088867188,186.46153259277344,5077124,187.15383911132812,184.23077392578125,158.97024536132812
14-10-2014,185.0,186.0,5492032,189.53846740722656,185.38461303710938,159.9658660888672
15-10-2014,182.23077392578125,183.53846740722656,8532758,187.6923065185547,186.76922607421875,161.16067504882812
16-10-2014,184.3076934814453,184.53846740722656,6720727,188.53846740722656,186.53846740722656,160.9615936279297
17-10-2014,190.0,192.3076934814453,6842914,194.23077392578125,190.92308044433594,164.7449951171875
20-10-2014,190.07691955566406,191.61538696289062,4402905,193.23077392578125,192.53846740722656,166.13885498046875
21-10-2014,193.3076934814453,194.38461303710938,4118998,196.38461303710938,195.76922607421875,168.92666625976562
22-10-2014,193.46153259277344,194.92308044433594,3903731,196.0,193.76922607421875,167.2008514404297
23-10-2014,195.38461303710938,195.53846740722656,4024865,197.61538696289062,195.6923065185547,168.86026000976562
24-10-2014,195.46153259277344,195.6923065185547,2673307,197.3076934814453,197.23077392578125,170.18780517578125
27-10-2014,195.23077392578125,197.38461303710938,2571985,197.6923065185547,196.3076934814453,169.39125061035156
28-10-2014,196.61538696289062,196.76922607421875,3716284,199.07691955566406,199.07691955566406,171.78079223632812
29-10-2014,195.3076934814453,199.07691955566406,3747861,199.23077392578125,197.38461303710938,170.3205108642578
30-10-2014,194.76922607421875,195.53846740722656,3402594,197.84616088867188,197.46153259277344,170.3869171142578
31-10-2014,197.46153259277344,198.92308044433594,5193695,199.46153259277344,198.53846740722656,171.316162109375
03-11-2014,196.0,196.07691955566406,4563910,198.76922607421875,197.6923065185547,170.5860137939453
04-11-2014,196.84616088867188,197.92308044433594,2932007,198.46153259277344,197.6923065185547,170.5860137939453
05-11-2014,197.46153259277344,199.23077392578125,4106141,199.23077392578125,198.61538696289062,171.38258361816406
06-11-2014,199.0,199.15383911132812,5228444,203.0,202.76922607421875,174.96685791015625
07-11-2014,201.61538696289062,202.23077392578125,3430804,203.92308044433594,203.15383911132812,175.2987060546875
10-11-2014,202.92308044433594,203.15383911132812,2116114,204.07691955566406,203.61538696289062,175.6969757080078
11-11-2014,201.84616088867188,203.61538696289062,2465333,203.84616088867188,202.92308044433594,175.099609375
12-11-2014,202.07691955566406,202.07691955566406,3653468,204.61538696289062,204.0,176.02882385253906
13-11-2014,202.84616088867188,203.61538696289062,3305393,205.15383911132812,203.23077392578125,175.36509704589844
14-11-2014,202.92308044433594,203.3076934814453,2202707,203.92308044433594,203.53846740722656,175.630615234375
17-11-2014,203.23077392578125,203.61538696289062,3199755,205.23077392578125,204.6923065185547,176.62620544433594
18-11-2014,205.3076934814453,205.38461303710938,4780633,208.07691955566406,207.76922607421875,179.28126525878906
19-11-2014,205.92308044433594,207.61538696289062,4385602,207.6923065185547,207.07691955566406,178.68386840820312
20-11-2014,205.76922607421875,206.15383911132812,2755662,207.46153259277344,206.53846740722656,178.21929931640625
21-11-2014,206.61538696289062,208.38461303710938,4703595,208.46153259277344,207.61538696289062,179.1485137939453
24-11-2014,206.23077392578125,207.76922607421875,3120455,208.38461303710938,207.6923065185547,179.21490478515625
25-11-2014,206.46153259277344,207.76922607421875,3643640,207.92308044433594,206.61538696289062,178.28565979003906
26-11-2014,206.0,206.84616088867188,2507661,207.46153259277344,206.6923065185547,178.3520050048828
28-11-2014,203.38461303710938,206.15383911132812,4054076,206.92308044433594,203.76922607421875,175.82972717285156
01-12-2014,198.84616088867188,201.23077392578125,6365723,201.6923065185547,200.15383911132812,172.71005249023438
02-12-2014,200.23077392578125,200.53846740722656,3280251,201.53846740722656,200.38461303710938,172.90921020507812
03-12-2014,200.6923065185547,201.23077392578125,4466917,203.61538696289062,202.92308044433594,175.099609375
04-12-2014,199.38461303710938,202.0,3846323,202.15383911132812,200.6923065185547,173.17471313476562
05-12-2014,199.46153259277344,201.07691955566406,2910596,201.15383911132812,200.07691955566406,172.64366149902344
08-12-2014,197.0,199.07691955566406,4891627,200.6923065185547,197.61538696289062,170.5196990966797
09-12-2014,194.38461303710938,195.84616088867188,4226196,197.61538696289062,196.76922607421875,169.78953552246094
10-12-2014,193.46153259277344,197.07691955566406,5890326,197.15383911132812,194.38461303710938,167.73187255859375
11-12-2014,194.6923065185547,194.76922607421875,5317052,197.61538696289062,195.46153259277344,168.6611328125
12-12-2014,191.23077392578125,195.0,6635785,195.15383911132812,191.46153259277344,165.20956420898438
15-12-2014,187.76922607421875,192.46153259277344,8264620,192.53846740722656,189.15383911132812,163.21827697753906
16-12-2014,187.6923065185547,188.76922607421875,6290440,193.6923065185547,188.38461303710938,162.55455017089844
17-12-2014,185.07691955566406,189.3076934814453,10086609,190.15383911132812,189.6923065185547,163.6829833984375
18-12-2014,189.84616088867188,193.3076934814453,6765811,193.46153259277344,193.38461303710938,168.4399871826172
19-12-2014,192.3076934814453,193.23077392578125,11272781,197.6923065185547,197.07691955566406,171.6560516357422
22-12-2014,196.61538696289062,197.3076934814453,4580953,198.23077392578125,197.76922607421875,172.25904846191406
23-12-2014,196.92308044433594,197.61538696289062,4081961,200.0,199.07691955566406,173.3980712890625
24-12-2014,197.6923065185547,199.15383911132812,2322463,199.53846740722656,198.6923065185547,173.06304931640625
26-12-2014,198.0,198.76922607421875,1947205,199.23077392578125,198.3076934814453,172.72805786132812
29-12-2014,197.53846740722656,197.6923065185547,2711566,198.84616088867188,197.6923065185547,172.19203186035156
30-12-2014,195.53846740722656,197.0,2883985,197.6923065185547,196.6923065185547,171.32102966308594
31-12-2014,194.38461303710938,195.53846740722656,3666845,196.3076934814453,194.38461303710938,169.31100463867188
02-01-2015,191.3076934814453,194.92308044433594,5319704,195.84616088867188,192.76922607421875,167.9039764404297
05-01-2015,188.61538696289062,192.38461303710938,5464316,192.38461303710938,189.23077392578125,164.82196044921875
06-01-2015,184.07691955566406,188.15383911132812,8288800,189.0,185.15383911132812,161.27088928222656
07-01-2015,184.46153259277344,186.23077392578125,5673525,187.61538696289062,185.23077392578125,161.33792114257812
08-01-2015,185.61538696289062,187.07691955566406,5619172,187.53846740722656,187.46153259277344,163.28091430664062
09-01-2015,184.23077392578125,188.61538696289062,5607186,188.6923065185547,184.84616088867188,161.00291442871094
12-01-2015,182.84616088867188,185.15383911132812,5573243,185.6923065185547,184.46153259277344,160.6678924560547
13-01-2015,181.76922607421875,186.61538696289062,5352464,187.15383911132812,183.53846740722656,159.86392211914062
14-01-2015,180.07691955566406,181.92308044433594,5440604,183.46153259277344,182.92308044433594,159.327880859375
15-01-2015,181.23077392578125,183.53846740722656,4092413,184.38461303710938,181.38461303710938,157.98782348632812
16-01-2015,180.38461303710938,180.84616088867188,6473207,181.92308044433594,181.46153259277344,158.05487060546875
20-01-2015,181.15383911132812,183.38461303710938,5793073,183.61538696289062,183.46153259277344,159.79690551757812
21-01-2015,182.38461303710938,183.3076934814453,4890639,185.23077392578125,184.92308044433594,161.0699005126953
22-01-2015,184.3076934814453,186.92308044433594,6126809,187.38461303710938,186.76922607421875,162.677978515625
23-01-2015,186.84616088867188,187.92308044433594,8286031,191.46153259277344,188.3076934814453,164.01795959472656
26-01-2015,187.6923065185547,190.15383911132812,5092737,190.3076934814453,189.15383911132812,164.75491333007812
27-01-2015,186.15383911132812,187.61538696289062,4991753,188.15383911132812,187.53846740722656,163.34796142578125
28-01-2015,183.15383911132812,188.23077392578125,6454994,188.38461303710938,183.38461303710938,159.72991943359375
29-01-2015,182.92308044433594,183.38461303710938,5256732,186.15383911132812,185.23077392578125,161.33792114257812
30-01-2015,183.23077392578125,183.6923065185547,7112586,185.46153259277344,183.76922607421875,160.06494140625
02-02-2015,183.84616088867188,184.61538696289062,5148325,186.3076934814453,186.23077392578125,162.20892333984375
03-02-2015,186.61538696289062,186.84616088867188,4904094,188.6923065185547,188.23077392578125,163.950927734375
04-02-2015,185.23077392578125,187.76922607421875,4320680,187.92308044433594,185.84616088867188,161.8739776611328
05-02-2015,186.46153259277344,186.53846740722656,3334162,188.46153259277344,188.46153259277344,164.15194702148438
06-02-2015,188.23077392578125,188.76922607421875,3571360,190.38461303710938,188.61538696289062,164.2859344482422
09-02-2015,188.07691955566406,188.23077392578125,3546920,190.38461303710938,189.53846740722656,165.08998107910156
10-02-2015,188.84616088867188,190.53846740722656,3519854,190.76922607421875,190.15383911132812,165.62599182128906
11-02-2015,189.23077392578125,190.07691955566406,3179189,190.92308044433594,190.53846740722656,165.96096801757812
12-02-2015,190.07691955566406,190.84616088867188,3447899,192.23077392578125,191.46153259277344,166.76498413085938
13-02-2015,191.84616088867188,192.23077392578125,4299906,193.61538696289062,193.46153259277344,168.50698852539062
17-02-2015,192.15383911132812,193.23077392578125,4678635,193.92308044433594,193.61538696289062,168.64105224609375
18-02-2015,193.46153259277344,194.53846740722656,3996304,194.53846740722656,194.23077392578125,169.177001953125
19-02-2015,191.92308044433594,192.53846740722656,4320277,193.92308044433594,192.38461303710938,169.109375
20-02-2015,190.76922607421875,191.38461303710938,5185674,194.0,193.92308044433594,170.4617462158203
23-02-2015,193.07691955566406,194.0,4000685,194.61538696289062,193.61538696289062,170.19125366210938
24-02-2015,193.0,193.23077392578125,5520333,195.76922607421875,195.3076934814453,171.67881774902344
25-02-2015,195.6923065185547,195.76922607421875,8868548,200.46153259277344,199.3076934814453,175.1948699951172
26-02-2015,198.53846740722656,199.53846740722656,4972136,200.07691955566406,199.15383911132812,175.05967712402344
27-02-2015,198.07691955566406,198.6923065185547,6699134,202.07691955566406,199.92308044433594,175.73583984375
02-03-2015,198.84616088867188,199.07691955566406,4213170,200.92308044433594,200.84616088867188,176.5472412109375
03-03-2015,198.3076934814453,200.38461303710938,3970499,200.61538696289062,198.92308044433594,174.85682678222656
04-03-2015,195.92308044433594,198.15383911132812,4100694,198.23077392578125,197.38461303710938,173.5044708251953
05-03-2015,196.76922607421875,197.07691955566406,3688594,198.61538696289062,198.61538696289062,174.5863800048828
06-03-2015,194.84616088867188,197.76922607421875,4197284,198.3076934814453,195.53846740722656,171.88165283203125
09-03-2015,196.07691955566406,196.3076934814453,4106843,197.6923065185547,197.23077392578125,173.36923217773438
10-03-2015,193.61538696289062,196.15383911132812,4867473,197.23077392578125,193.61538696289062,170.19125366210938
11-03-2015,193.38461303710938,194.46153259277344,4705753,196.07691955566406,193.76922607421875,170.3264923095703
12-03-2015,193.61538696289062,194.38461303710938,3818035,195.46153259277344,195.38461303710938,171.74644470214844
13-03-2015,190.84616088867188,194.46153259277344,5889910,195.07691955566406,192.61538696289062,169.312255859375
16-03-2015,192.0,192.76922607421875,4499352,196.0,195.76922607421875,172.0845489501953
17-03-2015,193.0,194.61538696289062,4453670,195.3076934814453,194.6923065185547,171.13790893554688
18-03-2015,193.15383911132812,193.6923065185547,4979364,198.84616088867188,197.23077392578125,173.36923217773438
19-03-2015,194.3076934814453,195.6923065185547,4980924,197.0,194.84616088867188,171.2731170654297
20-03-2015,194.61538696289062,194.92308044433594,6582238,196.38461303710938,195.38461303710938,171.74644470214844
23-03-2015,195.76922607421875,196.0,4157985,198.0,195.92308044433594,172.21974182128906
24-03-2015,194.38461303710938,195.23077392578125,3354169,196.0,194.38461303710938,170.86741638183594
25-03-2015,191.61538696289062,194.07691955566406,4536662,194.84616088867188,191.61538696289062,168.43321228027344
26-03-2015,189.76922607421875,190.76922607421875,4225572,191.6923065185547,190.76922607421875,167.689453125
27-03-2015,190.07691955566406,191.6923065185547,3681678,191.6923065185547,191.23077392578125,168.0951385498047
30-03-2015,192.07691955566406,192.15383911132812,3546582,193.84616088867188,193.23077392578125,169.8531951904297
31-03-2015,190.84616088867188,193.0,4542317,193.0,190.84616088867188,167.75704956054688
01-04-2015,189.0,190.15383911132812,5037435,191.6923065185547,191.07691955566406,167.9599151611328
02-04-2015,190.0,190.84616088867188,3797703,192.3076934814453,191.84616088867188,168.63607788085938
06-04-2015,190.6923065185547,191.53846740722656,4347863,195.46153259277344,193.6923065185547,170.25888061523438
07-04-2015,192.3076934814453,193.61538696289062,2764008,194.46153259277344,192.46153259277344,169.17701721191406
08-04-2015,191.3076934814453,192.6923065185547,2917096,193.23077392578125,192.38461303710938,169.109375
09-04-2015,191.6923065185547,193.0,7819487,198.6923065185547,197.92308044433594,173.97781372070312
10-04-2015,207.6923065185547,208.6923065185547,45851247,220.61538696289062,219.3076934814453,192.7752685546875
13-04-2015,211.53846740722656,215.84616088867188,20018037,216.84616088867188,212.53846740722656,186.82501220703125
14-04-2015,210.61538696289062,211.38461303710938,7251036,214.15383911132812,213.3076934814453,187.50115966796875
15-04-2015,211.0,213.0,7334613,214.23077392578125,211.23077392578125,185.67552185058594
16-04-2015,209.07691955566406,210.07691955566406,8107203,211.53846740722656,209.84616088867188,184.45838928222656
17-04-2015,207.07691955566406,210.76922607421875,11413285,213.07691955566406,209.61538696289062,184.2555389404297
20-04-2015,207.76922607421875,210.15383911132812,8019310,211.07691955566406,207.84616088867188,182.70034790039062
21-04-2015,204.23077392578125,207.92308044433594,9993399,208.15383911132812,204.76922607421875,179.9956512451172
22-04-2015,204.61538696289062,205.38461303710938,6117293,207.84616088867188,207.0,181.95660400390625
23-04-2015,205.46153259277344,206.0,4961554,208.23077392578125,206.53846740722656,181.55088806152344
24-04-2015,205.38461303710938,206.76922607421875,3602820,207.23077392578125,206.15383911132812,181.21278381347656
27-04-2015,206.23077392578125,207.38461303710938,4708301,207.6923065185547,206.76922607421875,181.7537078857422
28-04-2015,204.92308044433594,207.3076934814453,4995458,208.92308044433594,208.61538696289062,183.3765411376953
29-04-2015,206.92308044433594,207.3076934814453,4830020,209.61538696289062,208.38461303710938,183.17367553710938
30-04-2015,207.46153259277344,208.15383911132812,5588050,210.38461303710938,208.3076934814453,183.10604858398438
01-05-2015,207.61538696289062,208.38461303710938,3679429,210.15383911132812,210.07691955566406,184.66123962402344
04-05-2015,209.61538696289062,210.46153259277344,3406221,212.38461303710938,209.76922607421875,184.39077758789062
05-05-2015,206.53846740722656,209.61538696289062,3945149,210.46153259277344,207.07691955566406,182.02418518066406
06-05-2015,204.6923065185547,207.6923065185547,3608930,209.07691955566406,206.23077392578125,181.28042602539062
07-05-2015,205.07691955566406,206.0,4034966,208.61538696289062,208.0,182.8356170654297
08-05-2015,209.38461303710938,209.61538696289062,4838795,211.46153259277344,210.46153259277344,184.99929809570312
11-05-2015,206.61538696289062,209.61538696289062,4218942,210.0,207.07691955566406,182.02418518066406
12-05-2015,205.76922607421875,206.3076934814453,3872674,208.38461303710938,207.92308044433594,182.76797485351562
13-05-2015,207.07691955566406,207.84616088867188,4832152,209.53846740722656,209.3076934814453,183.98507690429688
14-05-2015,208.84616088867188,210.15383911132812,3506893,211.0,210.84616088867188,185.33740234375
15-05-2015,209.61538696289062,210.61538696289062,4649931,211.07691955566406,209.76922607421875,184.39077758789062
18-05-2015,209.3076934814453,209.3076934814453,2923635,210.6923065185547,210.07691955566406,184.66123962402344
19-05-2015,209.3076934814453,209.76922607421875,3789604,210.6923065185547,210.38461303710938,184.93174743652344
20-05-2015,209.23077392578125,210.3076934814453,5222568,213.07691955566406,212.61538696289062,186.89259338378906
21-05-2015,211.92308044433594,212.92308044433594,5240443,213.76922607421875,213.23077392578125,187.4335174560547
22-05-2015,212.46153259277344,213.0,3027609,213.6923065185547,212.92308044433594,187.16305541992188
26-05-2015,210.61538696289062,211.6923065185547,6170476,212.15383911132812,211.6923065185547,186.08119201660156
27-05-2015,211.23077392578125,212.07691955566406,3292484,212.46153259277344,211.6923065185547,186.08119201660156
28-05-2015,210.0,211.53846740722656,3434379,212.53846740722656,212.53846740722656,186.82501220703125
29-05-2015,209.76922607421875,211.53846740722656,5415930,211.53846740722656,209.76922607421875,184.39077758789062
01-06-2015,208.23077392578125,209.6923065185547,4331912,210.3076934814453,209.84616088867188,184.45838928222656
02-06-2015,208.84616088867188,209.38461303710938,3422289,210.92308044433594,210.23077392578125,184.79647827148438
03-06-2015,210.46153259277344,211.0,3419819,212.0,211.76922607421875,186.14881896972656
04-06-2015,209.3076934814453,210.92308044433594,4336865,212.46153259277344,209.6923065185547,184.3231658935547
05-06-2015,208.92308044433594,209.6923065185547,3984201,210.61538696289062,209.92308044433594,184.5260467529297
08-06-2015,209.3076934814453,210.15383911132812,3875664,210.46153259277344,209.53846740722656,184.18792724609375
09-06-2015,209.0,209.84616088867188,4044807,211.3076934814453,210.23077392578125,184.79647827148438
10-06-2015,210.15383911132812,210.46153259277344,4312841,212.92308044433594,212.53846740722656,186.82501220703125
11-06-2015,210.46153259277344,212.07691955566406,4080492,212.61538696289062,211.61538696289062,186.01358032226562
12-06-2015,209.84616088867188,211.07691955566406,2882178,211.38461303710938,210.6923065185547,185.20216369628906
15-06-2015,208.53846740722656,210.6923065185547,3704831,210.6923065185547,209.3076934814453,183.98507690429688
16-06-2015,207.6923065185547,209.0,3584035,209.53846740722656,209.38461303710938,184.05267333984375
17-06-2015,208.53846740722656,209.15383911132812,4751279,210.76922607421875,209.76922607421875,184.39077758789062
18-06-2015,207.92308044433594,208.3076934814453,4898491,210.84616088867188,210.53846740722656,186.64112854003906
19-06-2015,209.07691955566406,209.76922607421875,7834788,210.61538696289062,209.53846740722656,185.7545928955078
22-06-2015,209.92308044433594,210.0,3575611,211.53846740722656,210.92308044433594,186.98208618164062
23-06-2015,210.6923065185547,210.92308044433594,4226417,212.3076934814453,211.92308044433594,187.86854553222656
24-06-2015,209.61538696289062,211.92308044433594,4219371,212.23077392578125,209.6923065185547,185.8909912109375
25-06-2015,207.84616088867188,209.84616088867188,3034473,210.38461303710938,208.0,184.3907928466797
26-06-2015,207.0,208.0,3351062,208.6923065185547,208.38461303710938,184.7317352294922
29-06-2015,204.07691955566406,206.92308044433594,4338399,207.46153259277344,204.92308044433594,181.66310119628906
30-06-2015,204.07691955566406,206.3076934814453,4622514,207.38461303710938,204.38461303710938,181.18576049804688
01-07-2015,203.61538696289062,205.15383911132812,3955562,206.6923065185547,205.07691955566406,181.79949951171875
02-07-2015,204.61538696289062,205.38461303710938,3380299,206.38461303710938,206.0,182.61776733398438
06-07-2015,201.53846740722656,204.07691955566406,3621553,204.92308044433594,202.38461303710938,179.4127960205078
07-07-2015,199.46153259277344,202.92308044433594,4244123,204.23077392578125,203.61538696289062,180.5038604736328
08-07-2015,199.07691955566406,200.6923065185547,4163991,201.84616088867188,199.15383911132812,176.5487060546875
09-07-2015,200.07691955566406,201.3076934814453,3953482,203.07691955566406,200.15383911132812,177.4351806640625
10-07-2015,200.3076934814453,203.0,3296774,203.38461303710938,202.07691955566406,179.13999938964844
13-07-2015,201.84616088867188,203.76922607421875,3162198,204.07691955566406,203.61538696289062,180.5038604736328
14-07-2015,202.6923065185547,202.6923065185547,2898298,205.61538696289062,205.07691955566406,181.79949951171875
15-07-2015,204.61538696289062,204.6923065185547,3630263,206.07691955566406,205.92308044433594,182.5496368408203
16-07-2015,206.46153259277344,207.53846740722656,3982602,208.0,208.0,184.3907928466797
17-07-2015,207.92308044433594,209.6923065185547,5354830,210.23077392578125,209.53846740722656,185.7545928955078
20-07-2015,207.76922607421875,208.61538696289062,3209258,209.3076934814453,208.76922607421875,185.07266235351562
21-07-2015,206.15383911132812,207.76922607421875,3806699,208.84616088867188,206.53846740722656,183.0951690673828
22-07-2015,204.38461303710938,206.76922607421875,3137342,207.38461303710938,204.84616088867188,181.59490966796875
23-07-2015,201.53846740722656,204.46153259277344,3016156,204.61538696289062,202.0,179.0718231201172
24-07-2015,197.46153259277344,202.38461303710938,4046146,202.46153259277344,198.07691955566406,175.59400939941406
27-07-2015,196.3076934814453,196.46153259277344,4716010,199.84616088867188,199.61538696289062,176.9578399658203
28-07-2015,199.61538696289062,200.76922607421875,3608579,201.84616088867188,200.76922607421875,177.98072814941406
29-07-2015,200.38461303710938,200.6923065185547,3118427,202.15383911132812,202.0,179.0718231201172
30-07-2015,200.07691955566406,201.76922607421875,2875457,201.84616088867188,200.92308044433594,178.11715698242188
31-07-2015,200.38461303710938,201.76922607421875,3015675,202.23077392578125,200.76922607421875,177.98072814941406
03-08-2015,196.92308044433594,200.92308044433594,4235439,201.0,199.0,176.41232299804688
04-08-2015,198.6923065185547,199.15383911132812,2858076,200.46153259277344,199.23077392578125,176.6168975830078
05-08-2015,200.23077392578125,200.6923065185547,3311282,202.53846740722656,200.76922607421875,177.98072814941406
06-08-2015,199.6923065185547,201.15383911132812,2248766,201.38461303710938,200.23077392578125,177.50338745117188
07-08-2015,197.0,199.61538696289062,3369106,200.46153259277344,198.38461303710938,175.86679077148438
10-08-2015,199.23077392578125,199.23077392578125,3052296,202.3076934814453,201.84616088867188,178.9354248046875
11-08-2015,197.23077392578125,200.23077392578125,3670589,200.23077392578125,197.76922607421875,175.32125854492188
12-08-2015,195.0,196.46153259277344,4091724,199.07691955566406,198.92308044433594,176.3441162109375
13-08-2015,197.07691955566406,198.23077392578125,2134431,199.3076934814453,198.38461303710938,175.86679077148438
14-08-2015,197.07691955566406,197.3076934814453,2702219,200.76922607421875,200.61538696289062,177.8443145751953
17-08-2015,198.46153259277344,199.61538696289062,2499081,201.84616088867188,201.61538696289062,178.73080444335938
18-08-2015,199.53846740722656,201.3076934814453,2645344,201.61538696289062,200.53846740722656,177.77618408203125
19-08-2015,197.07691955566406,199.23077392578125,3789487,200.23077392578125,197.92308044433594,175.4576873779297
20-08-2015,193.6923065185547,196.23077392578125,4503954,197.23077392578125,193.76922607421875,171.77528381347656
21-08-2015,188.92308044433594,191.53846740722656,8463247,193.3076934814453,189.15383911132812,167.68373107910156
24-08-2015,149.0,175.6923065185547,11860745,184.92308044433594,183.61538696289062,162.77395629882812
25-08-2015,179.0,190.23077392578125,7901140,190.3076934814453,179.0,158.6824188232422
26-08-2015,179.0,183.46153259277344,10265567,185.15383911132812,184.6923065185547,163.72866821289062
27-08-2015,187.53846740722656,187.92308044433594,8436246,192.38461303710938,192.38461303710938,170.5478057861328
28-08-2015,190.61538696289062,191.6923065185547,4282525,193.61538696289062,193.53846740722656,171.5706787109375
31-08-2015,189.07691955566406,192.15383911132812,4810884,192.15383911132812,190.92308044433594,169.25222778320312
01-09-2015,182.15383911132812,186.46153259277344,8494720,187.38461303710938,183.6923065185547,162.84214782714844
02-09-2015,183.3076934814453,185.6923065185547,6562504,189.07691955566406,189.0,167.54737854003906
03-09-2015,187.61538696289062,190.46153259277344,4363424,191.92308044433594,188.53846740722656,167.13827514648438
04-09-2015,183.46153259277344,186.0,4631692,186.0,184.61538696289062,163.6604461669922
08-09-2015,186.6923065185547,188.53846740722656,6007664,192.15383911132812,192.0,170.20684814453125
09-09-2015,188.3076934814453,193.84616088867188,4499456,194.0,188.84616088867188,167.41099548339844
10-09-2015,188.46153259277344,188.92308044433594,4555603,191.23077392578125,189.84616088867188,168.29750061035156
11-09-2015,188.46153259277344,190.3076934814453,4147390,192.0,191.92308044433594,170.13868713378906
14-09-2015,189.23077392578125,192.07691955566406,3410888,192.15383911132812,190.53846740722656,168.9112091064453
15-09-2015,190.0,191.53846740722656,6023511,195.76922607421875,194.61538696289062,172.52536010742188
16-09-2015,195.53846740722656,196.38461303710938,8000213,200.23077392578125,199.46153259277344,176.82147216796875
17-09-2015,194.38461303710938,196.15383911132812,6349733,199.46153259277344,195.0,174.41339111328125
18-09-2015,190.07691955566406,193.46153259277344,10123009,193.92308044433594,190.76922607421875,170.62928771972656
21-09-2015,191.07691955566406,191.46153259277344,3850457,193.84616088867188,193.0,172.62457275390625
22-09-2015,189.23077392578125,190.46153259277344,5746650,193.53846740722656,193.15383911132812,172.7621307373047
23-09-2015,192.15383911132812,192.38461303710938,5354700,194.84616088867188,193.38461303710938,172.96853637695312
24-09-2015,189.61538696289062,191.3076934814453,6921135,195.76922607421875,191.61538696289062,171.38607788085938
25-09-2015,191.23077392578125,192.3076934814453,5063513,192.61538696289062,191.6923065185547,171.45494079589844
28-09-2015,187.0,189.92308044433594,5543369,190.3076934814453,187.0,167.2579803466797
29-09-2015,186.61538696289062,187.15383911132812,5406414,189.23077392578125,189.0,169.0468292236328
30-09-2015,189.92308044433594,190.23077392578125,5688579,194.15383911132812,194.0,173.51902770996094
01-10-2015,190.6923065185547,193.46153259277344,5164068,194.6923065185547,193.76922607421875,173.3125762939453
02-10-2015,191.0,191.3076934814453,5547906,196.07691955566406,195.92308044433594,175.239013671875
05-10-2015,201.6923065185547,202.84616088867188,13705029,209.23077392578125,206.3076934814453,184.52731323242188
06-10-2015,207.38461303710938,207.61538696289062,9348222,210.84616088867188,209.92308044433594,187.7610321044922
07-10-2015,210.15383911132812,211.53846740722656,8537230,213.61538696289062,213.61538696289062,191.06356811523438
08-10-2015,211.0,212.53846740722656,6644911,216.92308044433594,215.61538696289062,192.8523712158203
09-10-2015,214.53846740722656,215.23077392578125,6152588,216.6923065185547,215.92308044433594,193.12759399414062
12-10-2015,214.6923065185547,215.23077392578125,3281148,216.6923065185547,216.07691955566406,193.2652130126953
13-10-2015,214.38461303710938,215.15383911132812,5616416,217.53846740722656,214.38461303710938,191.75155639648438
14-10-2015,211.38461303710938,213.38461303710938,5084027,214.15383911132812,212.3076934814453,189.89389038085938
15-10-2015,212.61538696289062,213.84616088867188,10007218,216.6923065185547,215.61538696289062,192.8523712158203
16-10-2015,217.07691955566406,220.07691955566406,18462756,224.53846740722656,222.92308044433594,199.38858032226562
19-10-2015,221.15383911132812,221.53846740722656,17034732,227.38461303710938,223.0,199.45738220214844
20-10-2015,220.76922607421875,221.6923065185547,9770150,223.07691955566406,221.38461303710938,198.01251220703125
21-10-2015,221.38461303710938,221.46153259277344,8502533,224.92308044433594,221.92308044433594,198.494140625
22-10-2015,222.38461303710938,222.6923065185547,10591932,228.76922607421875,227.53846740722656,203.51670837402344
23-10-2015,226.3076934814453,228.46153259277344,9992736,229.46153259277344,227.0,203.03515625
26-10-2015,226.23077392578125,227.07691955566406,6338462,228.15383911132812,227.3076934814453,203.31028747558594
27-10-2015,224.84616088867188,226.23077392578125,8788806,228.0,226.61538696289062,202.6910858154297
28-10-2015,224.23077392578125,225.61538696289062,9240075,227.53846740722656,226.07691955566406,202.20944213867188
29-10-2015,223.53846740722656,224.38461303710938,5508607,226.0,225.6923065185547,201.8654327392578
30-10-2015,222.38461303710938,224.76922607421875,9232782,225.61538696289062,222.46153259277344,198.97573852539062
02-11-2015,222.15383911132812,222.61538696289062,7735611,226.15383911132812,226.15383911132812,202.27825927734375
03-11-2015,224.46153259277344,224.6923065185547,12457887,229.15383911132812,227.61538696289062,203.5854949951172
04-11-2015,226.61538696289062,227.3076934814453,13667407,229.15383911132812,227.23077392578125,203.24151611328125
05-11-2015,225.46153259277344,226.6923065185547,15937155,228.76922607421875,228.0,203.92947387695312
06-11-2015,225.0,226.46153259277344,16394274,230.38461303710938,230.15383911132812,205.8560028076172
09-11-2015,226.0,228.92308044433594,18910086,230.38461303710938,228.84616088867188,204.6863555908203
10-11-2015,227.76922607421875,227.92308044433594,31130450,232.84616088867188,231.6923065185547,207.2320556640625
11-11-2015,232.3076934814453,232.3076934814453,25687844,237.07691955566406,235.92308044433594,211.01614379882812
12-11-2015,231.61538696289062,233.92308044433594,38062908,237.6923065185547,232.0,207.50721740722656
13-11-2015,229.3076934814453,229.6923065185547,32129981,234.53846740722656,232.92308044433594,208.3328399658203
16-11-2015,229.0,229.84616088867188,37024546,235.38461303710938,233.53846740722656,208.88327026367188
17-11-2015,230.76922607421875,235.15383911132812,56073238,236.53846740722656,233.23077392578125,208.60812377929688
18-11-2015,231.53846740722656,232.46153259277344,23110802,235.15383911132812,234.76922607421875,209.98410034179688
19-11-2015,232.6923065185547,233.6923065185547,12860913,234.6923065185547,232.84616088867188,208.26405334472656
20-11-2015,232.38461303710938,232.76922607421875,27398475,238.38461303710938,235.84616088867188,210.9473419189453
23-11-2015,232.76922607421875,235.3076934814453,17600895,237.07691955566406,235.3076934814453,210.4656982421875
24-11-2015,232.92308044433594,233.3076934814453,18963971,237.46153259277344,235.84616088867188,210.9473419189453
25-11-2015,233.07691955566406,235.6923065185547,7040761,235.76922607421875,233.53846740722656,208.88327026367188
27-11-2015,232.23077392578125,232.84616088867188,4308707,233.6923065185547,233.53846740722656,208.88327026367188
30-11-2015,230.3076934814453,233.3076934814453,10363158,234.23077392578125,230.3076934814453,205.9936065673828
01-12-2015,229.76922607421875,230.6923065185547,7051837,232.6923065185547,232.07691955566406,207.5760040283203
02-12-2015,229.84616088867188,231.46153259277344,5736068,232.53846740722656,230.53846740722656,206.2000274658203
03-12-2015,230.53846740722656,231.46153259277344,8186087,232.6923065185547,231.0,206.61280822753906
04-12-2015,230.46153259277344,231.3076934814453,7566416,234.76922607421875,234.53846740722656,209.7777557373047
07-12-2015,231.6923065185547,234.0,8668569,234.15383911132812,233.61538696289062,208.95211791992188
08-12-2015,230.07691955566406,231.3076934814453,6924515,233.6923065185547,232.23077392578125,207.713623046875
09-12-2015,230.46153259277344,230.92308044433594,6572852,235.3076934814453,234.38461303710938,209.6400909423828
10-12-2015,233.61538696289062,234.15383911132812,6120725,237.92308044433594,235.76922607421875,210.8784942626953
11-12-2015,231.92308044433594,233.23077392578125,8178001,235.46153259277344,232.76922607421875,208.1952362060547
14-12-2015,229.0,232.76922607421875,8457709,234.3076934814453,232.76922607421875,208.1952362060547
15-12-2015,232.46153259277344,233.84616088867188,7714928,235.46153259277344,233.23077392578125,208.60812377929688
16-12-2015,234.0,234.3076934814453,9598095,240.23077392578125,238.3076934814453,213.14903259277344
17-12-2015,234.84616088867188,238.0,7543133,238.84616088867188,235.0,211.76268005371094
18-12-2015,232.92308044433594,233.76922607421875,10808824,235.23077392578125,232.92308044433594,209.89111328125
21-12-2015,231.92308044433594,234.0,5293496,235.38461303710938,233.84616088867188,210.722900390625
22-12-2015,232.0,234.53846740722656,5493332,235.61538696289062,234.53846740722656,211.3468017578125
23-12-2015,234.76922607421875,234.76922607421875,4650802,238.46153259277344,238.07691955566406,214.53533935546875
24-12-2015,236.07691955566406,237.6923065185547,1757457,237.92308044433594,237.15383911132812,213.7035369873047
28-12-2015,235.46153259277344,236.46153259277344,3452501,238.46153259277344,237.6923065185547,214.18873596191406
29-12-2015,238.46153259277344,238.53846740722656,4342052,242.15383911132812,240.61538696289062,216.82278442382812
30-12-2015,238.53846740722656,240.61538696289062,3786601,241.84616088867188,238.84616088867188,215.228515625
31-12-2015,236.84616088867188,237.38461303710938,6800001,242.23077392578125,239.61538696289062,215.9217071533203
04-01-2016,232.6923065185547,235.0,8174595,236.61538696289062,236.23077392578125,212.87176513671875
05-01-2016,234.23077392578125,236.0,7172906,237.23077392578125,236.46153259277344,213.07969665527344
06-01-2016,231.15383911132812,232.84616088867188,8144851,236.3076934814453,232.6923065185547,209.68313598632812
07-01-2016,221.92308044433594,228.07691955566406,11994762,230.46153259277344,222.84616088867188,200.81068420410156
08-01-2016,218.0,224.61538696289062,9684493,225.38461303710938,218.84616088867188,197.20614624023438
11-01-2016,217.3076934814453,219.53846740722656,7596342,230.15383911132812,219.84616088867188,198.1072998046875
12-01-2016,218.0,221.23077392578125,6198764,222.15383911132812,220.3076934814453,198.52313232421875
13-01-2016,216.92308044433594,222.38461303710938,7243301,223.53846740722656,217.23077392578125,195.75051879882812
14-01-2016,217.61538696289062,217.76922607421875,8480797,225.0,223.53846740722656,201.4344482421875
15-01-2016,216.15383911132812,216.46153259277344,9025224,221.23077392578125,219.15383911132812,197.48341369628906
19-01-2016,216.92308044433594,220.92308044433594,6758284,222.23077392578125,219.15383911132812,197.48341369628906
20-01-2016,211.38461303710938,214.84616088867188,11448164,218.6923065185547,215.38461303710938,194.0868682861328
21-01-2016,216.38461303710938,216.38461303710938,7284888,223.0,219.92308044433594,198.17657470703125
22-01-2016,213.15383911132812,219.61538696289062,11423022,219.6923065185547,217.23077392578125,195.75051879882812
25-01-2016,215.38461303710938,217.84616088867188,5830344,219.15383911132812,215.6923065185547,194.36416625976562
26-01-2016,215.76922607421875,215.92308044433594,5516277,219.53846740722656,217.76922607421875,196.23573303222656
27-01-2016,214.0,216.92308044433594,5995132,219.84616088867188,215.38461303710938,194.0868682861328
28-01-2016,214.84616088867188,217.07691955566406,5209087,218.07691955566406,217.0,195.5425567626953
29-01-2016,218.0,218.92308044433594,6704906,223.92308044433594,223.84616088867188,201.71177673339844
01-02-2016,219.6923065185547,223.15383911132812,5648006,223.3076934814453,220.3076934814453,198.52313232421875
02-02-2016,214.76922607421875,217.46153259277344,5209334,217.61538696289062,217.23077392578125,195.75051879882812
03-02-2016,214.38461303710938,218.38461303710938,5754008,220.6923065185547,220.53846740722656,198.7311248779297
04-02-2016,219.15383911132812,220.38461303710938,7019779,226.61538696289062,224.46153259277344,202.26626586914062
05-02-2016,217.6923065185547,224.23077392578125,6758011,224.61538696289062,219.53846740722656,197.82998657226562
08-02-2016,213.53846740722656,217.07691955566406,6252532,217.46153259277344,216.6923065185547,195.2653045654297
09-02-2016,213.46153259277344,213.46153259277344,4814108,219.53846740722656,217.53846740722656,196.02777099609375
10-02-2016,217.3076934814453,218.23077392578125,4224038,220.76922607421875,217.6923065185547,196.16639709472656
11-02-2016,208.46153259277344,213.46153259277344,10471500,215.61538696289062,211.15383911132812,190.27444458007812
12-02-2016,210.46153259277344,212.07691955566406,7493928,217.38461303710938,217.38461303710938,195.8891143798828
16-02-2016,218.61538696289062,219.84616088867188,6138444,223.3076934814453,222.0,200.0481719970703
17-02-2016,224.0,224.15383911132812,4973124,227.76922607421875,225.6923065185547,203.37535095214844
18-02-2016,223.0,225.38461303710938,4037059,225.76922607421875,223.6923065185547,201.57310485839844
19-02-2016,220.61538696289062,222.61538696289062,4688463,224.07691955566406,223.23077392578125,201.15721130371094
22-02-2016,223.23077392578125,223.23077392578125,5006703,226.84616088867188,226.23077392578125,203.86056518554688
23-02-2016,223.6923065185547,224.6923065185547,4049656,225.84616088867188,224.76922607421875,202.5435333251953
24-02-2016,218.46153259277344,222.3076934814453,5840705,223.46153259277344,222.76922607421875,200.7412872314453
25-02-2016,221.38461303710938,221.53846740722656,4664569,225.23077392578125,224.84616088867188,204.23489379882812
26-02-2016,225.3076934814453,225.38461303710938,3814863,227.38461303710938,226.15383911132812,205.42271423339844
29-02-2016,224.0,226.46153259277344,4441632,227.3076934814453,224.15383911132812,203.60604858398438
01-03-2016,225.46153259277344,226.23077392578125,4203251,230.53846740722656,229.84616088867188,208.7765350341797
02-03-2016,228.92308044433594,229.07691955566406,4837976,232.15383911132812,232.15383911132812,210.87271118164062
03-03-2016,231.23077392578125,232.3076934814453,3654677,233.84616088867188,232.46153259277344,211.1521759033203
04-03-2016,232.46153259277344,232.46153259277344,4294537,235.3076934814453,234.3076934814453,212.82908630371094
07-03-2016,231.76922607421875,232.76922607421875,3412136,234.23077392578125,233.0,211.64126586914062
08-03-2016,230.53846740722656,231.38461303710938,4049227,232.46153259277344,231.23077392578125,210.03424072265625
09-03-2016,230.53846740722656,232.0,3226717,232.3076934814453,231.15383911132812,209.96434020996094
10-03-2016,229.15383911132812,232.07691955566406,4309227,233.0,230.3076934814453,209.19577026367188
11-03-2016,231.84616088867188,231.84616088867188,4180748,235.23077392578125,233.38461303710938,211.9906463623047
14-03-2016,231.38461303710938,232.46153259277344,2880839,233.61538696289062,232.84616088867188,211.5015411376953
15-03-2016,231.0,231.0,3756870,233.61538696289062,232.92308044433594,211.5714111328125
16-03-2016,231.3076934814453,232.61538696289062,4270110,233.15383911132812,232.07691955566406,210.80282592773438
17-03-2016,232.15383911132812,232.46153259277344,7883629,239.3076934814453,238.15383911132812,216.32264709472656
18-03-2016,237.6923065185547,239.15383911132812,6808607,239.61538696289062,237.84616088867188,216.04319763183594
21-03-2016,236.84616088867188,237.3076934814453,3557879,240.0,239.15383911132812,217.2310333251953
22-03-2016,238.23077392578125,238.3076934814453,3384680,240.3076934814453,238.92308044433594,217.02142333984375
23-03-2016,238.53846740722656,238.76922607421875,3540563,240.3076934814453,239.0,217.0912628173828
24-03-2016,237.07691955566406,237.76922607421875,3588390,239.3076934814453,239.3076934814453,217.3707275390625
28-03-2016,239.23077392578125,239.53846740722656,5133284,243.84616088867188,242.23077392578125,220.02586364746094
29-03-2016,240.61538696289062,242.0,5011474,242.92308044433594,242.15383911132812,219.95599365234375
30-03-2016,244.07691955566406,244.3076934814453,4562220,245.76922607421875,244.84616088867188,222.40150451660156
31-03-2016,244.3076934814453,245.3076934814453,4788459,246.53846740722656,244.53846740722656,222.12200927734375
01-04-2016,241.92308044433594,242.3076934814453,5121948,246.3076934814453,245.61538696289062,223.10018920898438
04-04-2016,239.15383911132812,243.76922607421875,5840770,243.92308044433594,240.23077392578125,218.20919799804688
05-04-2016,236.76922607421875,238.07691955566406,4066673,239.46153259277344,238.3076934814453,216.46240234375
06-04-2016,235.6923065185547,237.61538696289062,4763616,242.3076934814453,237.6923065185547,215.90342712402344
07-04-2016,234.6923065185547,236.3076934814453,4363255,236.76922607421875,235.61538696289062,214.0169219970703
08-04-2016,236.07691955566406,237.6923065185547,3485157,239.07691955566406,236.84616088867188,215.13485717773438
11-04-2016,236.23077392578125,237.15383911132812,3266445,238.46153259277344,236.23077392578125,214.575927734375
12-04-2016,235.23077392578125,236.0,3582189,237.92308044433594,237.0,215.27462768554688
13-04-2016,238.0,238.3076934814453,3080051,239.23077392578125,238.3076934814453,216.46240234375
14-04-2016,237.38461303710938,238.38461303710938,2794662,239.07691955566406,238.61538696289062,216.7418975830078
15-04-2016,237.92308044433594,239.0,3177213,239.23077392578125,238.6923065185547,216.81173706054688
18-04-2016,237.6923065185547,237.6923065185547,2739672,239.92308044433594,238.92308044433594,217.02142333984375
19-04-2016,238.53846740722656,239.53846740722656,2973412,240.07691955566406,239.61538696289062,217.65028381347656
20-04-2016,238.84616088867188,240.0,3451617,241.15383911132812,239.61538696289062,217.65028381347656
21-04-2016,237.3076934814453,239.38461303710938,5154682,240.61538696289062,238.3076934814453,216.46240234375
22-04-2016,233.15383911132812,238.6923065185547,7344675,239.84616088867188,236.61538696289062,214.9252471923828
25-04-2016,233.84616088867188,237.0,4611945,237.38461303710938,236.0,214.36631774902344
26-04-2016,236.46153259277344,237.23077392578125,3729037,238.3076934814453,237.6923065185547,215.90342712402344
27-04-2016,237.07691955566406,238.0,2982707,238.53846740722656,237.92308044433594,216.1130828857422
28-04-2016,236.15383911132812,236.46153259277344,3747484,240.15383911132812,237.6923065185547,215.90342712402344
29-04-2016,235.38461303710938,236.53846740722656,3757338,238.23077392578125,236.53846740722656,214.85536193847656
02-05-2016,235.61538696289062,235.6923065185547,2234843,238.38461303710938,237.61538696289062,215.83358764648438
03-05-2016,233.46153259277344,235.6923065185547,3603015,236.23077392578125,235.61538696289062,214.0169219970703
04-05-2016,229.92308044433594,233.84616088867188,5173298,234.0,231.3076934814453,210.10409545898438
05-05-2016,229.23077392578125,231.84616088867188,4120896,232.61538696289062,229.92308044433594,208.84642028808594
06-05-2016,226.23077392578125,228.3076934814453,3679182,232.61538696289062,231.6923065185547,210.45347595214844
09-05-2016,227.92308044433594,231.15383911132812,3530059,231.46153259277344,229.76922607421875,208.70668029785156
10-05-2016,230.61538696289062,230.6923065185547,3526952,235.07691955566406,234.46153259277344,212.96881103515625
11-05-2016,233.38461303710938,234.61538696289062,3069365,236.53846740722656,233.38461303710938,211.9906463623047
12-05-2016,229.53846740722656,229.53846740722656,6145048,232.3076934814453,231.46153259277344,210.24383544921875
13-05-2016,227.23077392578125,230.53846740722656,4584697,231.61538696289062,228.0,207.09959411621094
16-05-2016,227.07691955566406,227.3076934814453,3340779,231.76922607421875,230.46153259277344,209.3354949951172
17-05-2016,227.53846740722656,229.92308044433594,4357613,231.46153259277344,228.53846740722656,207.58872985839844
18-05-2016,226.38461303710938,228.46153259277344,3614715,229.61538696289062,227.76922607421875,206.89004516601562
19-05-2016,223.53846740722656,225.61538696289062,4425824,226.53846740722656,225.84616088867188,205.1431884765625
20-05-2016,226.38461303710938,227.15383911132812,4550585,228.3076934814453,227.38461303710938,206.5406036376953
23-05-2016,226.23077392578125,227.07691955566406,3070002,228.23077392578125,226.84616088867188,206.0515594482422
24-05-2016,228.38461303710938,228.61538696289062,3148639,230.53846740722656,229.61538696289062,208.5669403076172
25-05-2016,230.46153259277344,230.76922607421875,3595579,233.23077392578125,231.46153259277344,210.24383544921875
26-05-2016,230.76922607421875,231.3076934814453,2944162,232.53846740722656,230.92308044433594,209.75473022460938
27-05-2016,231.07691955566406,231.84616088867188,2534883,232.23077392578125,231.6923065185547,210.45347595214844
31-05-2016,231.3076934814453,231.6923065185547,3938519,233.38461303710938,232.53846740722656,211.22207641601562
01-06-2016,229.92308044433594,231.07691955566406,2746471,231.84616088867188,231.61538696289062,210.38356018066406
02-06-2016,229.61538696289062,230.84616088867188,2474069,231.15383911132812,231.15383911132812,209.96434020996094
03-06-2016,229.3076934814453,230.92308044433594,3094325,231.15383911132812,230.3076934814453,209.19577026367188
06-06-2016,230.38461303710938,230.76922607421875,2426073,232.53846740722656,231.6923065185547,210.45347595214844
07-06-2016,231.76922607421875,231.84616088867188,3334617,233.92308044433594,231.84616088867188,210.5932159423828
08-06-2016,232.0,232.53846740722656,3788369,234.61538696289062,233.15383911132812,211.78102111816406
09-06-2016,230.92308044433594,232.0,3448536,233.3076934814453,232.61538696289062,211.29190063476562
10-06-2016,230.23077392578125,230.92308044433594,3825900,232.92308044433594,231.07691955566406,209.8944549560547
13-06-2016,229.15383911132812,230.61538696289062,4284800,231.76922607421875,229.46153259277344,208.42718505859375
14-06-2016,229.15383911132812,229.38461303710938,5681065,234.3076934814453,234.15383911132812,212.68936157226562
15-06-2016,234.38461303710938,234.46153259277344,5689476,237.76922607421875,235.3076934814453,213.73739624023438
16-06-2016,231.38461303710938,231.84616088867188,8790353,236.46153259277344,235.6923065185547,215.70864868164062
17-06-2016,234.23077392578125,235.76922607421875,7232667,236.3076934814453,235.38461303710938,215.42703247070312
20-06-2016,237.15383911132812,237.3076934814453,6225843,240.92308044433594,237.15383911132812,217.04624938964844
21-06-2016,237.46153259277344,237.53846740722656,4684459,238.53846740722656,238.0,217.82064819335938
22-06-2016,236.6923065185547,238.46153259277344,4681534,239.23077392578125,236.76922607421875,216.69430541992188
23-06-2016,238.23077392578125,238.92308044433594,5229770,240.07691955566406,239.92308044433594,219.58071899414062
24-06-2016,228.84616088867188,231.61538696289062,11136996,235.0,229.38461303710938,209.93576049804688
27-06-2016,224.38461303710938,227.23077392578125,7025213,227.84616088867188,225.53846740722656,206.41571044921875
28-06-2016,228.23077392578125,229.3076934814453,4967105,230.76922607421875,230.3076934814453,210.78057861328125
29-06-2016,233.07691955566406,234.6923065185547,4662866,235.53846740722656,235.0,215.07504272460938
30-06-2016,235.76922607421875,235.84616088867188,7086885,242.3076934814453,242.15383911132812,221.62229919433594
01-07-2016,240.92308044433594,242.15383911132812,4251039,243.3076934814453,242.23077392578125,221.69271850585938
05-07-2016,239.38461303710938,240.38461303710938,4206865,242.53846740722656,241.92308044433594,221.41116333007812
06-07-2016,240.53846740722656,240.53846740722656,4173767,244.61538696289062,244.15383911132812,223.45274353027344
07-07-2016,244.15383911132812,244.6923065185547,4877327,246.92308044433594,244.76922607421875,224.01597595214844
08-07-2016,246.07691955566406,246.07691955566406,5009121,248.23077392578125,247.6923065185547,226.69114685058594
11-07-2016,247.53846740722656,248.15383911132812,4937283,250.0,247.76922607421875,226.76161193847656
12-07-2016,247.15383911132812,248.53846740722656,4951830,249.92308044433594,248.15383911132812,227.11363220214844
13-07-2016,248.07691955566406,248.15383911132812,4220372,249.84616088867188,248.92308044433594,227.81765747070312
14-07-2016,249.92308044433594,250.0,4404114,251.6923065185547,251.0,229.71847534179688
15-07-2016,251.84616088867188,252.0,5500144,253.46153259277344,252.92308044433594,231.4784698486328
18-07-2016,251.23077392578125,253.0,4974463,253.38461303710938,253.15383911132812,231.6896514892578
19-07-2016,251.6923065185547,251.92308044433594,4362501,253.46153259277344,253.3076934814453,231.8304901123047
20-07-2016,251.53846740722656,253.53846740722656,4622514,253.84616088867188,252.15383911132812,230.7744598388672
21-07-2016,249.92308044433594,251.76922607421875,5512832,252.6923065185547,250.6923065185547,229.4368133544922
22-07-2016,243.76922607421875,244.07691955566406,7509294,246.6923065185547,246.61538696289062,225.70559692382812
25-07-2016,241.38461303710938,246.6923065185547,5944731,246.76922607421875,243.38461303710938,222.7487335205078
26-07-2016,240.84616088867188,243.61538696289062,4797507,244.07691955566406,242.07691955566406,221.55189514160156
27-07-2016,239.38461303710938,242.23077392578125,5103345,242.76922607421875,240.61538696289062,220.21429443359375
28-07-2016,239.07691955566406,240.0,3938675,240.84616088867188,240.38461303710938,220.00311279296875
29-07-2016,239.3076934814453,240.61538696289062,6506786,241.76922607421875,239.53846740722656,219.22869873046875
01-08-2016,238.61538696289062,239.38461303710938,4050137,240.15383911132812,239.61538696289062,219.2991485595703
02-08-2016,238.46153259277344,239.3076934814453,3510078,239.6923065185547,238.84616088867188,218.59512329101562
03-08-2016,238.6923065185547,238.6923065185547,2600780,240.3076934814453,239.46153259277344,219.1582794189453
04-08-2016,239.15383911132812,240.0,2638181,240.38461303710938,239.76922607421875,219.4398956298828
05-08-2016,240.15383911132812,240.53846740722656,2805049,241.92308044433594,240.61538696289062,220.21429443359375
08-08-2016,240.07691955566406,240.76922607421875,2656433,241.53846740722656,240.53846740722656,220.14389038085938
09-08-2016,239.61538696289062,240.23077392578125,2614144,241.15383911132812,240.76922607421875,220.35507202148438
10-08-2016,240.0,240.38461303710938,2409953,241.07691955566406,240.53846740722656,220.14389038085938
11-08-2016,240.0,240.84616088867188,4938206,241.3076934814453,240.6923065185547,220.2847442626953
12-08-2016,239.84616088867188,240.0,2772510,240.61538696289062,240.3076934814453,219.93270874023438
15-08-2016,240.15383911132812,240.76922607421875,2541929,241.15383911132812,240.3076934814453,219.93270874023438
16-08-2016,239.07691955566406,239.53846740722656,2909868,240.6923065185547,239.92308044433594,219.58071899414062
17-08-2016,239.84616088867188,240.46153259277344,2287753,241.0,240.6923065185547,220.2847442626953
18-08-2016,239.92308044433594,240.38461303710938,3645356,241.76922607421875,241.76922607421875,221.27035522460938
19-08-2016,239.84616088867188,240.92308044433594,3216564,241.53846740722656,240.38461303710938,220.00311279296875
22-08-2016,239.07691955566406,239.76922607421875,2659865,241.76922607421875,240.92308044433594,220.49591064453125
23-08-2016,240.23077392578125,241.92308044433594,4175171,242.84616088867188,240.23077392578125,219.8623046875
24-08-2016,239.76922607421875,240.53846740722656,2865863,241.15383911132812,240.15383911132812,219.79190063476562
25-08-2016,239.46153259277344,239.92308044433594,2213627,240.76922607421875,240.07691955566406,219.7215118408203
26-08-2016,239.53846740722656,240.53846740722656,2894528,242.0,240.23077392578125,219.8623046875
29-08-2016,239.76922607421875,239.84616088867188,2762357,241.92308044433594,241.23077392578125,220.7775115966797
30-08-2016,240.76922607421875,241.07691955566406,2357927,242.07691955566406,241.3076934814453,220.84788513183594
31-08-2016,239.92308044433594,240.6923065185547,4344119,241.15383911132812,240.3076934814453,219.93270874023438
01-09-2016,238.15383911132812,239.61538696289062,5363228,240.6923065185547,240.0,219.651123046875
02-09-2016,240.23077392578125,240.38461303710938,2704975,241.92308044433594,240.6923065185547,220.2847442626953
06-09-2016,236.92308044433594,240.84616088867188,5324241,241.07691955566406,238.84616088867188,218.59512329101562
07-09-2016,236.92308044433594,238.38461303710938,3544697,238.92308044433594,238.92308044433594,218.66549682617188
08-09-2016,237.6923065185547,238.46153259277344,3933306,238.84616088867188,238.76922607421875,218.52467346191406
09-09-2016,231.61538696289062,237.07691955566406,5800561,237.07691955566406,231.61538696289062,211.97735595703125
12-09-2016,229.53846740722656,230.76922607421875,5382949,235.15383911132812,234.53846740722656,214.65264892578125
13-09-2016,228.61538696289062,232.46153259277344,5858606,232.6923065185547,229.61538696289062,210.14697265625
14-09-2016,228.23077392578125,229.3076934814453,6640088,230.76922607421875,228.46153259277344,209.0909423828125
15-09-2016,226.3076934814453,227.3076934814453,4562987,229.61538696289062,228.84616088867188,211.07757568359375
16-09-2016,227.23077392578125,227.92308044433594,8441511,228.84616088867188,228.3076934814453,210.58090209960938
19-09-2016,226.15383911132812,229.07691955566406,3965169,230.46153259277344,226.38461303710938,208.80718994140625
20-09-2016,227.84616088867188,228.23077392578125,3854045,229.23077392578125,228.23077392578125,210.5099639892578
21-09-2016,227.61538696289062,228.84616088867188,3774108,230.15383911132812,229.61538696289062,211.7870635986328
22-09-2016,230.23077392578125,230.46153259277344,3819387,231.61538696289062,231.07691955566406,213.13514709472656
23-09-2016,229.3076934814453,230.92308044433594,2966821,231.15383911132812,229.92308044433594,212.0708770751953
26-09-2016,227.07691955566406,229.23077392578125,3367754,229.3076934814453,227.23077392578125,209.5876007080078
27-09-2016,226.6923065185547,227.6923065185547,3313947,230.53846740722656,229.84616088867188,211.99989318847656
28-09-2016,227.6923065185547,230.15383911132812,3477578,230.3076934814453,230.0,212.1417999267578
29-09-2016,226.46153259277344,229.3076934814453,5053581,231.53846740722656,227.15383911132812,209.51663208007812
30-09-2016,227.53846740722656,227.6923065185547,4695600,229.61538696289062,227.84616088867188,210.1552276611328
03-10-2016,226.15383911132812,226.61538696289062,2573233,228.46153259277344,228.0,210.29708862304688
04-10-2016,226.53846740722656,228.53846740722656,4046601,228.84616088867188,226.92308044433594,209.30380249023438
05-10-2016,226.15383911132812,227.07691955566406,3241797,228.46153259277344,226.92308044433594,209.30380249023438
06-10-2016,224.15383911132812,226.15383911132812,3651427,226.92308044433594,225.15383911132812,207.6719512939453
07-10-2016,222.46153259277344,223.53846740722656,4919213,224.6923065185547,223.6923065185547,206.32388305664062
10-10-2016,221.61538696289062,223.07691955566406,4417647,225.46153259277344,222.0,204.76296997070312
11-10-2016,220.6923065185547,221.15383911132812,4022486,223.3076934814453,222.46153259277344,205.18865966796875
12-10-2016,221.61538696289062,222.46153259277344,2958111,223.23077392578125,222.3076934814453,205.0467987060547
13-10-2016,220.46153259277344,221.38461303710938,3691038,222.3076934814453,221.3076934814453,204.1244354248047
14-10-2016,221.6923065185547,222.76922607421875,3663582,223.3076934814453,222.23077392578125,204.97584533691406
17-10-2016,220.76922607421875,222.3076934814453,5165238,223.0,221.92308044433594,204.69210815429688
18-10-2016,222.3076934814453,223.3076934814453,3583112,223.6923065185547,222.92308044433594,205.61439514160156
19-10-2016,223.3076934814453,223.53846740722656,3794440,224.76922607421875,223.53846740722656,206.18202209472656
20-10-2016,222.76922607421875,223.84616088867188,3696329,224.61538696289062,223.61538696289062,206.25294494628906
21-10-2016,217.92308044433594,218.76922607421875,8339916,223.07691955566406,222.92308044433594,205.61439514160156
24-10-2016,222.3076934814453,223.07691955566406,4048161,224.6923065185547,222.46153259277344,205.18865966796875
25-10-2016,220.15383911132812,222.61538696289062,3442491,223.15383911132812,220.38461303710938,203.27301025390625
26-10-2016,219.61538696289062,219.92308044433594,3166436,223.61538696289062,222.07691955566406,204.83389282226562
27-10-2016,220.07691955566406,222.23077392578125,3306277,222.76922607421875,220.23077392578125,203.13113403320312
28-10-2016,222.07691955566406,222.15383911132812,8823204,227.61538696289062,224.76922607421875,207.3171844482422
31-10-2016,223.76922607421875,226.76922607421875,5663281,228.07691955566406,223.84616088867188,206.4657745361328
01-11-2016,220.84616088867188,223.07691955566406,4161404,224.61538696289062,222.15383911132812,204.90487670898438
02-11-2016,218.46153259277344,222.0,4013529,222.0,219.15383911132812,202.13784790039062
03-11-2016,216.84616088867188,220.0,2990091,220.0,217.53846740722656,200.64788818359375
04-11-2016,217.07691955566406,217.07691955566406,4662437,221.61538696289062,218.76922607421875,201.78305053710938
07-11-2016,221.76922607421875,221.92308044433594,5363046,225.61538696289062,225.46153259277344,207.95570373535156
08-11-2016,225.3076934814453,225.92308044433594,4657822,227.84616088867188,226.3076934814453,208.73622131347656
09-11-2016,223.61538696289062,225.53846740722656,7026045,229.3076934814453,227.92308044433594,210.22616577148438
10-11-2016,229.46153259277344,229.61538696289062,10572224,237.23077392578125,233.92308044433594,215.76031494140625
11-11-2016,233.61538696289062,234.53846740722656,5552612,236.6923065185547,236.23077392578125,217.88885498046875
14-11-2016,234.53846740722656,236.46153259277344,4906265,237.3076934814453,234.6923065185547,216.46981811523438
15-11-2016,232.61538696289062,234.46153259277344,5224180,236.6923065185547,236.53846740722656,218.17262268066406
16-11-2016,234.92308044433594,235.76922607421875,3284554,236.76922607421875,236.46153259277344,218.10166931152344
17-11-2016,235.84616088867188,236.15383911132812,2318433,237.46153259277344,236.84616088867188,218.4564208984375
18-11-2016,234.76922607421875,236.53846740722656,3715907,237.6923065185547,235.92308044433594,217.6050567626953
21-11-2016,235.23077392578125,236.07691955566406,2877719,237.53846740722656,237.46153259277344,219.0239715576172
22-11-2016,237.53846740722656,237.92308044433594,3603769,240.3076934814453,239.84616088867188,221.2234344482422
23-11-2016,239.84616088867188,240.3076934814453,3155503,241.38461303710938,241.07691955566406,222.35870361328125
25-11-2016,240.6923065185547,241.92308044433594,1710995,242.23077392578125,241.84616088867188,223.06820678710938
28-11-2016,240.07691955566406,241.0,2872051,241.76922607421875,240.38461303710938,221.72018432617188
29-11-2016,238.3076934814453,240.61538696289062,4085081,241.15383911132812,238.84616088867188,220.30116271972656
30-11-2016,236.53846740722656,239.84616088867188,5932797,240.53846740722656,236.61538696289062,218.24354553222656
01-12-2016,235.53846740722656,235.6923065185547,5811260,242.0,241.46153259277344,222.71340942382812
02-12-2016,240.46153259277344,241.23077392578125,2782130,242.23077392578125,241.07691955566406,222.35870361328125
05-12-2016,238.92308044433594,241.76922607421875,2877979,241.92308044433594,239.3076934814453,220.72682189941406
06-12-2016,238.53846740722656,239.92308044433594,2284529,240.3076934814453,239.76922607421875,221.15252685546875
07-12-2016,237.92308044433594,238.53846740722656,4276610,243.07691955566406,243.07691955566406,224.2034149169922
08-12-2016,241.53846740722656,243.07691955566406,3658863,243.84616088867188,242.53846740722656,223.7067413330078
09-12-2016,241.15383911132812,241.92308044433594,4059562,245.53846740722656,244.46153259277344,225.4805145263672
12-12-2016,243.53846740722656,243.61538696289062,4035291,246.07691955566406,245.07691955566406,226.04815673828125
13-12-2016,243.15383911132812,245.38461303710938,4485052,246.15383911132812,244.15383911132812,225.19668579101562
14-12-2016,241.84616088867188,243.15383911132812,5677789,246.0,242.3076934814453,223.493896484375
15-12-2016,239.46153259277344,242.23077392578125,5639062,245.76922607421875,240.46153259277344,221.7910614013672
16-12-2016,242.0,242.46153259277344,9356906,245.15383911132812,244.23077392578125,225.26766967773438
19-12-2016,243.92308044433594,244.3076934814453,4543734,246.15383911132812,245.53846740722656,226.4738006591797
20-12-2016,245.46153259277344,245.53846740722656,5176366,249.07691955566406,248.07691955566406,228.81521606445312
21-12-2016,246.53846740722656,247.6923065185547,3635411,248.0,247.15383911132812,227.96376037597656
22-12-2016,244.46153259277344,245.46153259277344,3145194,245.76922607421875,244.76922607421875,227.46339416503906
23-12-2016,244.38461303710938,245.15383911132812,1948518,245.6923065185547,245.23077392578125,227.89230346679688
27-12-2016,245.0,245.3076934814453,2035267,246.53846740722656,245.38461303710938,228.03529357910156
28-12-2016,243.61538696289062,244.92308044433594,2455141,245.92308044433594,243.84616088867188,226.60557556152344
29-12-2016,243.84616088867188,244.15383911132812,2091973,245.23077392578125,243.92308044433594,226.6770477294922
30-12-2016,242.38461303710938,243.3076934814453,3309176,244.61538696289062,243.07691955566406,225.8907470703125
03-01-2017,241.53846740722656,243.61538696289062,4179435,244.92308044433594,243.76922607421875,226.53408813476562
04-01-2017,243.23077392578125,244.23077392578125,2787577,244.84616088867188,243.84616088867188,226.60557556152344
05-01-2017,240.84616088867188,242.84616088867188,3361384,244.23077392578125,242.46153259277344,225.31887817382812
06-01-2017,241.23077392578125,242.92308044433594,2875704,244.38461303710938,243.15383911132812,225.96218872070312
09-01-2017,241.76922607421875,243.38461303710938,2764125,243.53846740722656,242.0,224.8899688720703
10-01-2017,241.3076934814453,242.0,3536325,243.23077392578125,241.3076934814453,224.24659729003906
11-01-2017,240.3076934814453,240.3076934814453,3690063,242.46153259277344,242.07691955566406,224.96142578125
12-01-2017,239.46153259277344,241.92308044433594,3889093,242.07691955566406,241.46153259277344,224.3895263671875
13-01-2017,240.38461303710938,241.23077392578125,3162094,241.92308044433594,241.23077392578125,224.17514038085938
17-01-2017,239.6923065185547,239.76922607421875,3747549,241.92308044433594,240.53846740722656,223.53170776367188
18-01-2017,239.46153259277344,240.07691955566406,3211182,241.07691955566406,240.23077392578125,223.24581909179688
19-01-2017,238.84616088867188,240.38461303710938,4900727,241.07691955566406,240.07691955566406,223.10279846191406
20-01-2017,233.07691955566406,236.61538696289062,10861851,237.6923065185547,234.84616088867188,218.24192810058594
23-01-2017,227.53846740722656,234.61538696289062,7682142,234.6923065185547,228.84616088867188,212.66612243652344
24-01-2017,229.38461303710938,229.6923065185547,4379245,231.23077392578125,230.76922607421875,214.45323181152344
25-01-2017,232.46153259277344,234.0,4957121,234.38461303710938,233.61538696289062,217.09815979003906
26-01-2017,231.76922607421875,234.15383911132812,3479723,234.53846740722656,233.23077392578125,216.7407684326172
27-01-2017,230.3076934814453,233.84616088867188,3900728,234.15383911132812,230.84616088867188,214.52471923828125
30-01-2017,229.0,230.46153259277344,3407534,231.53846740722656,230.46153259277344,214.1673126220703
31-01-2017,226.92308044433594,229.61538696289062,5031442,230.0,228.46153259277344,212.30870056152344
01-02-2017,227.38461303710938,228.6923065185547,3338699,229.3076934814453,228.38461303710938,212.23724365234375
02-02-2017,226.92308044433594,227.53846740722656,2822235,228.53846740722656,228.3076934814453,212.16571044921875
03-02-2017,227.23077392578125,229.15383911132812,4043559,229.23077392578125,228.46153259277344,212.30870056152344
06-02-2017,227.46153259277344,228.3076934814453,3084263,228.84616088867188,228.15383911132812,212.02273559570312
07-02-2017,227.15383911132812,228.84616088867188,3091179,229.3076934814453,227.38461303710938,211.3079376220703
08-02-2017,225.07691955566406,227.0,4183582,227.23077392578125,226.38461303710938,210.37864685058594
09-02-2017,226.61538696289062,227.07691955566406,2816580,228.46153259277344,227.61538696289062,211.5223846435547
10-02-2017,227.3076934814453,228.76922607421875,2962323,228.84616088867188,228.61538696289062,212.45167541503906
13-02-2017,228.6923065185547,229.84616088867188,4812600,231.23077392578125,231.07691955566406,214.7391815185547
14-02-2017,230.15383911132812,231.76922607421875,4553679,232.92308044433594,232.92308044433594,216.45477294921875
15-02-2017,232.15383911132812,233.0,3311399,233.46153259277344,233.46153259277344,216.95518493652344
16-02-2017,233.07691955566406,233.46153259277344,3371225,234.38461303710938,234.23077392578125,217.67001342773438
17-02-2017,232.3076934814453,233.92308044433594,2840422,234.15383911132812,233.61538696289062,217.09815979003906
21-02-2017,233.38461303710938,233.92308044433594,3931330,235.3076934814453,234.76922607421875,218.17039489746094
22-02-2017,232.76922607421875,234.76922607421875,3916185,235.0,233.3076934814453,216.81222534179688
23-02-2017,229.61538696289062,231.07691955566406,3763227,231.38461303710938,230.92308044433594,216.30783081054688
24-02-2017,229.07691955566406,229.53846740722656,3552081,232.23077392578125,232.23077392578125,217.53273010253906
27-02-2017,230.0,231.15383911132812,3064334,231.92308044433594,230.3076934814453,215.73138427734375
28-02-2017,228.23077392578125,230.6923065185547,5084547,231.38461303710938,229.3076934814453,214.79470825195312
01-03-2017,229.38461303710938,230.61538696289062,4794790,233.46153259277344,232.23077392578125,217.53273010253906
02-03-2017,230.76922607421875,232.53846740722656,3593252,232.53846740722656,232.23077392578125,217.53273010253906
03-03-2017,231.15383911132812,232.23077392578125,2594410,232.46153259277344,231.6923065185547,217.0283966064453
06-03-2017,230.15383911132812,230.76922607421875,3044678,231.38461303710938,230.76922607421875,216.16372680664062
07-03-2017,229.15383911132812,230.23077392578125,3897777,230.6923065185547,229.6923065185547,215.15493774414062
08-03-2017,228.6923065185547,229.92308044433594,4200092,230.3076934814453,229.23077392578125,214.7226104736328
09-03-2017,227.38461303710938,228.84616088867188,3372226,229.46153259277344,228.15383911132812,213.71383666992188
10-03-2017,227.92308044433594,229.53846740722656,7697547,234.07691955566406,232.92308044433594,218.1812744140625
13-03-2017,229.15383911132812,232.53846740722656,3924414,232.76922607421875,229.6923065185547,215.15493774414062
14-03-2017,226.6923065185547,228.92308044433594,2964208,229.15383911132812,227.23077392578125,212.8491973876953
15-03-2017,226.6923065185547,227.3076934814453,3268564,229.46153259277344,228.92308044433594,214.43441772460938
16-03-2017,227.84616088867188,229.23077392578125,2756910,229.38461303710938,228.84616088867188,214.36231994628906
17-03-2017,229.0,229.61538696289062,5673070,231.07691955566406,229.84616088867188,215.299072265625
20-03-2017,228.38461303710938,230.0,2454062,230.15383911132812,228.76922607421875,214.29026794433594
21-03-2017,225.6923065185547,229.6923065185547,3488524,229.6923065185547,226.07691955566406,211.7683868408203
22-03-2017,225.46153259277344,227.38461303710938,3380091,228.53846740722656,227.15383911132812,212.7771453857422
23-03-2017,226.0,226.92308044433594,3207750,228.6923065185547,227.84616088867188,213.4256591796875
24-03-2017,227.15383911132812,227.61538696289062,3624426,229.3076934814453,228.61538696289062,214.1461944580078
27-03-2017,225.0,226.53846740722656,3768271,227.0,226.46153259277344,212.128662109375
28-03-2017,225.0,225.46153259277344,3620201,228.6923065185547,227.84616088867188,213.4256591796875
29-03-2017,226.61538696289062,227.07691955566406,3582644,228.53846740722656,228.3076934814453,213.85797119140625
30-03-2017,227.92308044433594,228.15383911132812,4674969,230.6923065185547,229.76922607421875,215.2270050048828
31-03-2017,228.76922607421875,229.6923065185547,6603545,231.07691955566406,229.23077392578125,214.7226104736328
03-04-2017,228.84616088867188,228.92308044433594,3888599,230.76922607421875,229.84616088867188,215.299072265625
04-04-2017,228.46153259277344,230.0,3257436,231.46153259277344,230.92308044433594,216.30783081054688
05-04-2017,230.38461303710938,231.46153259277344,3358875,234.0,230.53846740722656,215.9475555419922
06-04-2017,230.15383911132812,230.76922607421875,2801500,232.15383911132812,230.23077392578125,215.65933227539062
07-04-2017,230.15383911132812,230.15383911132812,2466841,232.23077392578125,230.6923065185547,216.09165954589844
10-04-2017,230.46153259277344,231.3076934814453,2405676,232.53846740722656,230.84616088867188,216.23573303222656
11-04-2017,229.53846740722656,230.76922607421875,2865226,231.53846740722656,231.07691955566406,216.45191955566406
12-04-2017,228.07691955566406,229.84616088867188,3515369,230.0,229.0,214.50645446777344
13-04-2017,227.3076934814453,228.46153259277344,2599740,229.23077392578125,227.38461303710938,212.9932861328125
17-04-2017,227.3076934814453,227.84616088867188,2830958,228.46153259277344,228.0,213.5697784423828
18-04-2017,227.53846740722656,227.6923065185547,3341858,230.0,229.53846740722656,215.0108642578125
19-04-2017,229.76922607421875,229.92308044433594,3457272,231.23077392578125,230.76922607421875,216.16372680664062
20-04-2017,231.0,231.15383911132812,4820608,234.92308044433594,232.84616088867188,218.10916137695312
21-04-2017,226.53846740722656,232.84616088867188,9405682,233.6923065185547,227.3076934814453,212.92124938964844
24-04-2017,226.84616088867188,229.61538696289062,6316076,230.23077392578125,227.3076934814453,212.92124938964844
25-04-2017,225.53846740722656,226.53846740722656,5181033,227.6923065185547,226.53846740722656,212.2007293701172
26-04-2017,225.07691955566406,227.07691955566406,4857892,227.3076934814453,225.07691955566406,210.83169555664062
27-04-2017,223.23077392578125,225.3076934814453,4282174,225.46153259277344,223.6923065185547,209.5347137451172
28-04-2017,222.53846740722656,223.84616088867188,3130296,224.3076934814453,223.0,208.8861846923828
01-05-2017,222.53846740722656,223.15383911132812,3122054,224.38461303710938,222.61538696289062,208.52593994140625
02-05-2017,222.38461303710938,223.15383911132812,4388800,223.46153259277344,223.0,208.8861846923828
03-05-2017,221.92308044433594,222.46153259277344,3496129,225.3076934814453,224.84616088867188,210.6155242919922
04-05-2017,223.46153259277344,225.15383911132812,2549846,225.46153259277344,224.61538696289062,210.39938354492188
05-05-2017,223.92308044433594,224.07691955566406,2200523,224.92308044433594,224.76922607421875,210.54345703125
08-05-2017,223.07691955566406,224.3076934814453,2811939,225.0,223.61538696289062,209.46263122558594
09-05-2017,222.0,223.6923065185547,3099031,223.76922607421875,222.53846740722656,208.45388793945312
10-05-2017,220.0,222.46153259277344,3386136,222.53846740722656,220.76922607421875,206.79661560058594
11-05-2017,219.23077392578125,220.61538696289062,3642002,222.23077392578125,222.07691955566406,208.02151489257812
12-05-2017,214.23077392578125,218.15383911132812,8896316,218.84616088867188,217.46153259277344,203.6982879638672
15-05-2017,215.15383911132812,215.92308044433594,5169775,217.23077392578125,216.76922607421875,203.04981994628906
16-05-2017,215.38461303710938,217.3076934814453,3836196,217.53846740722656,215.6923065185547,202.04100036621094
17-05-2017,210.84616088867188,214.0,6820034,221.38461303710938,210.84616088867188,197.5015869140625
18-05-2017,208.46153259277344,209.6923065185547,6298188,212.6923065185547,211.38461303710938,198.00596618652344
19-05-2017,211.53846740722656,211.92308044433594,6303531,216.6923065185547,215.76922607421875,202.11309814453125
22-05-2017,215.84616088867188,217.15383911132812,3615391,217.6923065185547,216.76922607421875,203.04981994628906
23-05-2017,216.23077392578125,217.0,3104023,217.53846740722656,217.53846740722656,203.77035522460938
24-05-2017,212.46153259277344,217.84616088867188,6980909,219.23077392578125,214.07691955566406,200.5278778076172
25-05-2017,210.92308044433594,213.76922607421875,5103072,214.61538696289062,211.46153259277344,198.0780029296875
26-05-2017,209.92308044433594,211.23077392578125,3981120,211.92308044433594,211.15383911132812,197.789794921875
30-05-2017,208.92308044433594,210.07691955566406,4736641,211.15383911132812,210.46153259277344,197.1413116455078
31-05-2017,209.15383911132812,210.23077392578125,4629365,211.07691955566406,210.61538696289062,197.28538513183594
01-06-2017,211.53846740722656,211.61538696289062,4210401,214.46153259277344,213.23077392578125,199.7353057861328
02-06-2017,212.46153259277344,214.38461303710938,4810988,214.92308044433594,214.46153259277344,200.88815307617188
05-06-2017,213.92308044433594,214.61538696289062,5656235,215.92308044433594,215.23077392578125,201.60870361328125
06-06-2017,213.92308044433594,215.23077392578125,4383756,215.6923065185547,214.84616088867188,201.24844360351562
07-06-2017,210.76922607421875,215.0,5660083,215.07691955566406,212.92308044433594,199.44703674316406
08-06-2017,211.76922607421875,212.92308044433594,5319574,214.0,212.23077392578125,198.7985382080078
09-06-2017,212.23077392578125,212.53846740722656,3297164,215.15383911132812,214.92308044433594,201.3204803466797
12-06-2017,221.0,224.92308044433594,18081635,226.6923065185547,222.61538696289062,208.52593994140625
13-06-2017,218.0,224.0,7647081,224.3076934814453,218.84616088867188,204.99526977539062
14-06-2017,218.23077392578125,219.07691955566406,5345639,221.53846740722656,220.6923065185547,206.72457885742188
15-06-2017,218.6923065185547,219.07691955566406,6222853,222.6923065185547,222.61538696289062,210.2850341796875
16-06-2017,220.15383911132812,222.92308044433594,10603528,223.15383911132812,223.07691955566406,210.72097778320312
19-06-2017,221.07691955566406,222.76922607421875,3965611,223.07691955566406,221.53846740722656,209.26773071289062
20-06-2017,216.0,220.84616088867188,6180577,220.92308044433594,216.38461303710938,204.3993682861328
21-06-2017,212.6923065185547,216.76922607421875,4388553,216.84616088867188,213.6923065185547,201.85617065429688
22-06-2017,211.84616088867188,213.61538696289062,4729998,214.07691955566406,211.92308044433594,200.1849365234375
23-06-2017,211.53846740722656,213.76922607421875,4125745,213.76922607421875,212.07691955566406,200.33026123046875
26-06-2017,211.53846740722656,212.23077392578125,3705208,212.92308044433594,212.38461303710938,200.62091064453125
27-06-2017,209.23077392578125,211.6923065185547,5372822,212.23077392578125,209.3076934814453,197.7144012451172
28-06-2017,208.07691955566406,209.6923065185547,4032054,210.76922607421875,208.3076934814453,196.76979064941406
29-06-2017,206.07691955566406,208.92308044433594,4775173,210.84616088867188,207.84616088867188,196.33383178710938
30-06-2017,207.0,208.38461303710938,3413046,209.15383911132812,207.76922607421875,196.26119995117188
03-07-2017,208.15383911132812,208.92308044433594,2686450,212.23077392578125,211.15383911132812,199.45831298828125
05-07-2017,209.46153259277344,211.84616088867188,2765126,212.0,210.38461303710938,198.731689453125
06-07-2017,200.76922607421875,206.61538696289062,9963967,208.07691955566406,202.38461303710938,191.17478942871094
07-07-2017,199.84616088867188,201.92308044433594,5270603,202.3076934814453,201.15383911132812,190.01223754882812
10-07-2017,198.84616088867188,201.0,6078176,201.46153259277344,200.3076934814453,189.212890625
11-07-2017,199.3076934814453,200.23077392578125,5362708,203.46153259277344,202.92308044433594,191.68344116210938
12-07-2017,202.84616088867188,204.15383911132812,6628219,206.23077392578125,204.46153259277344,193.1366729736328
13-07-2017,203.84616088867188,204.46153259277344,3609788,206.38461303710938,206.07691955566406,194.66261291503906
14-07-2017,205.61538696289062,205.6923065185547,2737579,206.92308044433594,206.0,194.58995056152344
17-07-2017,205.53846740722656,205.84616088867188,3600428,206.76922607421875,206.3076934814453,194.8805694580078
18-07-2017,205.6923065185547,205.84616088867188,3398993,207.07691955566406,206.84616088867188,195.38926696777344
19-07-2017,206.46153259277344,206.53846740722656,3223012,207.92308044433594,207.23077392578125,195.75254821777344
20-07-2017,204.61538696289062,207.84616088867188,7170553,208.07691955566406,205.3076934814453,193.93597412109375
21-07-2017,194.3076934814453,195.23077392578125,11784487,200.07691955566406,199.3076934814453,188.26832580566406
24-07-2017,195.0,198.3076934814453,7393399,198.84616088867188,195.61538696289062,184.780517578125
25-07-2017,195.07691955566406,196.6923065185547,6003595,197.92308044433594,195.6923065185547,184.85317993164062
26-07-2017,195.15383911132812,196.84616088867188,5295342,197.61538696289062,196.84616088867188,185.94313049316406
27-07-2017,196.3076934814453,196.84616088867188,5185440,198.46153259277344,198.38461303710938,187.39639282226562
28-07-2017,195.38461303710938,198.92308044433594,3677284,199.07691955566406,196.38461303710938,185.50714111328125
31-07-2017,196.07691955566406,196.46153259277344,3980119,197.61538696289062,197.0,186.08847045898438
01-08-2017,194.84616088867188,197.15383911132812,5448469,197.38461303710938,195.6923065185547,184.85317993164062
02-08-2017,195.3076934814453,195.6923065185547,3560310,196.6923065185547,196.3076934814453,185.43447875976562
03-08-2017,195.15383911132812,196.84616088867188,4019171,198.3076934814453,198.15383911132812,187.1783447265625
04-08-2017,197.07691955566406,198.07691955566406,3030690,198.84616088867188,198.3076934814453,187.32369995117188
07-08-2017,196.53846740722656,198.0,2453152,198.38461303710938,197.15383911132812,186.23373413085938
08-08-2017,196.3076934814453,197.15383911132812,3528668,199.15383911132812,196.61538696289062,185.72512817382812
09-08-2017,195.84616088867188,196.53846740722656,3857230,197.84616088867188,197.76922607421875,186.81503295898438
10-08-2017,194.38461303710938,197.76922607421875,3858257,197.76922607421875,194.61538696289062,183.8358917236328
11-08-2017,193.76922607421875,195.38461303710938,2498249,195.76922607421875,193.84616088867188,183.1092987060547
14-08-2017,194.23077392578125,194.46153259277344,3157973,196.53846740722656,195.07691955566406,184.2718505859375
15-08-2017,193.07691955566406,193.92308044433594,3553537,194.76922607421875,193.38461303710938,182.67330932617188
16-08-2017,192.6923065185547,193.23077392578125,3571594,194.23077392578125,193.07691955566406,182.38262939453125
17-08-2017,190.15383911132812,192.84616088867188,4058821,193.07691955566406,190.38461303710938,179.83949279785156
18-08-2017,188.0,189.46153259277344,4455503,190.3076934814453,188.84616088867188,178.38621520996094
21-08-2017,187.07691955566406,188.38461303710938,5987150,189.23077392578125,188.38461303710938,177.95022583007812
22-08-2017,188.3076934814453,189.0,3895983,190.3076934814453,189.23077392578125,178.74954223632812
23-08-2017,187.23077392578125,188.61538696289062,4489368,188.92308044433594,187.61538696289062,177.22364807128906
24-08-2017,186.92308044433594,187.92308044433594,3321227,188.76922607421875,186.92308044433594,176.56967163085938
25-08-2017,187.3076934814453,187.61538696289062,2972814,189.23077392578125,188.38461303710938,177.95022583007812
28-08-2017,187.3076934814453,188.6923065185547,3111888,189.76922607421875,188.23077392578125,177.80494689941406
29-08-2017,186.76922607421875,187.15383911132812,3108313,188.15383911132812,188.0,177.58694458007812
30-08-2017,185.76922607421875,188.38461303710938,4403880,188.38461303710938,186.76922607421875,176.42433166503906
31-08-2017,186.76922607421875,187.76922607421875,7186959,190.0,188.84616088867188,178.38621520996094
01-09-2017,188.38461303710938,189.23077392578125,7650253,194.61538696289062,193.38461303710938,182.67330932617188
05-09-2017,189.0,192.76922607421875,5789992,192.76922607421875,190.38461303710938,179.83949279785156
06-09-2017,190.92308044433594,191.46153259277344,7153250,192.46153259277344,191.6923065185547,181.07472229003906
07-09-2017,183.3076934814453,188.53846740722656,10414118,188.84616088867188,184.76922607421875,174.53509521484375
08-09-2017,181.38461303710938,184.23077392578125,5798585,184.61538696289062,183.23077392578125,173.08184814453125
11-09-2017,181.6923065185547,183.07691955566406,5629858,183.76922607421875,182.46153259277344,172.35525512695312
12-09-2017,182.38461303710938,183.23077392578125,6456138,183.92308044433594,183.92308044433594,173.73582458496094
13-09-2017,184.0,184.07691955566406,5021861,186.0,185.46153259277344,175.18910217285156
14-09-2017,184.15383911132812,185.38461303710938,5470985,186.6923065185547,186.61538696289062,176.279052734375
15-09-2017,182.6923065185547,185.38461303710938,8652800,185.92308044433594,184.07691955566406,175.61849975585938
18-09-2017,184.07691955566406,184.3076934814453,6825585,188.84616088867188,188.15383911132812,179.50808715820312
19-09-2017,184.76922607421875,188.15383911132812,5894265,188.23077392578125,186.15383911132812,177.60000610351562
20-09-2017,186.07691955566406,186.15383911132812,5170139,187.76922607421875,187.07691955566406,178.4806671142578
21-09-2017,185.92308044433594,187.15383911132812,6775015,191.07691955566406,190.38461303710938,181.63638305664062
22-09-2017,190.53846740722656,191.07691955566406,5163275,192.61538696289062,191.3076934814453,182.51702880859375
25-09-2017,191.15383911132812,191.6923065185547,5523440,193.6923065185547,193.15383911132812,184.27833557128906
26-09-2017,191.6923065185547,193.46153259277344,5297916,193.92308044433594,191.76922607421875,182.9573516845703
27-09-2017,186.76922607421875,192.3076934814453,7343570,192.6923065185547,187.46153259277344,178.8475799560547
28-09-2017,185.84616088867188,187.61538696289062,4700072,188.07691955566406,186.46153259277344,177.8935546875
29-09-2017,184.6923065185547,186.3076934814453,4377581,186.84616088867188,186.0,177.4532012939453
02-10-2017,185.38461303710938,186.3076934814453,5525156,189.3076934814453,189.0,180.3154296875
03-10-2017,187.15383911132812,189.3076934814453,4407975,191.0,190.76922607421875,182.0032958984375
04-10-2017,187.92308044433594,191.38461303710938,4179422,191.46153259277344,188.3076934814453,179.65487670898438
05-10-2017,185.76922607421875,187.61538696289062,4518657,189.0,188.76922607421875,180.09521484375
06-10-2017,185.61538696289062,187.76922607421875,5294874,188.76922607421875,187.61538696289062,178.99440002441406
09-10-2017,178.84616088867188,185.38461303710938,18239364,185.76922607421875,180.23077392578125,171.94912719726562
10-10-2017,179.38461303710938,182.3076934814453,10474243,183.53846740722656,179.6923065185547,171.4353790283203
11-10-2017,176.15383911132812,177.92308044433594,10552477,179.0,177.46153259277344,169.30711364746094
12-10-2017,175.61538696289062,177.3076934814453,7793331,177.61538696289062,177.3076934814453,169.1603240966797
13-10-2017,176.61538696289062,178.07691955566406,5250934,178.6923065185547,176.76922607421875,168.6466064453125
16-10-2017,176.38461303710938,176.84616088867188,6468514,180.61538696289062,179.6923065185547,171.4353790283203
17-10-2017,176.92308044433594,178.61538696289062,7623083,178.84616088867188,178.38461303710938,170.18777465820312
18-10-2017,177.46153259277344,178.46153259277344,4546191,179.07691955566406,177.84616088867188,169.674072265625
19-10-2017,177.3076934814453,178.0,9824633,182.92308044433594,181.38461303710938,173.04991149902344
20-10-2017,170.0,170.3076934814453,25012572,183.38461303710938,183.3076934814453,174.88462829589844
23-10-2017,170.61538696289062,180.3076934814453,24354317,180.3076934814453,171.6923065185547,163.80299377441406
24-10-2017,167.3076934814453,170.15383911132812,17370067,171.61538696289062,168.38461303710938,160.6472625732422
25-10-2017,163.84616088867188,168.0,14367366,168.38461303710938,165.38461303710938,157.78514099121094
26-10-2017,163.07691955566406,165.92308044433594,11216881,166.53846740722656,164.0,156.464111328125
27-10-2017,158.76922607421875,163.53846740722656,12809498,163.84616088867188,159.92308044433594,152.57456970214844
30-10-2017,155.84616088867188,158.61538696289062,12790115,159.38461303710938,157.0,149.78578186035156
31-10-2017,154.23077392578125,155.84616088867188,12740923,156.92308044433594,155.07691955566406,147.95106506347656
01-11-2017,153.53846740722656,154.38461303710938,11922872,157.84616088867188,154.0,146.92364501953125
02-11-2017,151.0,154.23077392578125,10599121,154.46153259277344,153.38461303710938,146.33656311035156
03-11-2017,152.76922607421875,153.23077392578125,8821930,156.38461303710938,154.92308044433594,147.80429077148438
06-11-2017,154.46153259277344,157.84616088867188,7888335,157.92308044433594,154.84616088867188,147.73092651367188
07-11-2017,154.76922607421875,155.15383911132812,5415956,155.76922607421875,155.46153259277344,148.3180389404297
08-11-2017,154.38461303710938,155.46153259277344,5158725,156.3076934814453,154.76922607421875,147.6575164794922
09-11-2017,152.6923065185547,154.15383911132812,6610565,154.38461303710938,153.76922607421875,146.7034454345703
10-11-2017,153.07691955566406,153.6923065185547,13095277,159.07691955566406,157.61538696289062,150.37289428710938
13-11-2017,144.23077392578125,155.84616088867188,34002462,159.61538696289062,146.3076934814453,139.5847625732422
14-11-2017,134.3076934814453,144.53846740722656,40632384,145.23077392578125,137.6923065185547,131.36529541015625
15-11-2017,134.61538696289062,134.6923065185547,18767840,141.38461303710938,140.46153259277344,134.0072479248047
16-11-2017,138.84616088867188,142.15383911132812,11618958,142.15383911132812,140.38461303710938,133.9338836669922
17-11-2017,140.07691955566406,141.07691955566406,7859436,142.07691955566406,140.07691955566406,133.6403350830078
20-11-2017,137.15383911132812,138.07691955566406,8311433,139.46153259277344,138.3076934814453,131.9524383544922
21-11-2017,136.15383911132812,138.07691955566406,10129457,139.0,137.15383911132812,130.8515625
22-11-2017,137.23077392578125,139.61538696289062,7130084,140.38461303710938,139.61538696289062,133.19998168945312
24-11-2017,139.61538696289062,141.38461303710938,3236701,141.38461303710938,139.92308044433594,133.49356079101562
27-11-2017,139.15383911132812,141.07691955566406,10250812,142.3076934814453,139.38461303710938,132.9798126220703
28-11-2017,138.92308044433594,139.76922607421875,7295002,141.84616088867188,141.61538696289062,135.10809326171875
29-11-2017,140.84616088867188,141.92308044433594,7170735,142.61538696289062,142.15383911132812,135.621826171875
30-11-2017,139.84616088867188,142.76922607421875,8847202,143.0,140.6923065185547,134.22744750976562
01-12-2017,137.38461303710938,140.61538696289062,10663588,140.61538696289062,137.53846740722656,131.218505859375
04-12-2017,137.53846740722656,138.46153259277344,8885227,138.92308044433594,138.07691955566406,131.73223876953125
05-12-2017,135.92308044433594,136.76922607421875,8555937,138.53846740722656,136.61538696289062,130.337890625
06-12-2017,135.38461303710938,135.46153259277344,5708768,137.23077392578125,135.84616088867188,129.60398864746094
07-12-2017,135.61538696289062,137.0,7226011,138.92308044433594,136.23077392578125,129.97093200683594
08-12-2017,135.84616088867188,136.3076934814453,7077655,137.07691955566406,136.23077392578125,129.97093200683594
11-12-2017,134.84616088867188,135.46153259277344,7562256,136.84616088867188,135.76922607421875,129.5305938720703
12-12-2017,135.76922607421875,138.07691955566406,8688212,138.76922607421875,137.76922607421875,131.4386749267578
13-12-2017,136.61538696289062,137.84616088867188,5473585,138.38461303710938,136.61538696289062,130.337890625
14-12-2017,135.6923065185547,136.6923065185547,6310954,137.07691955566406,135.6923065185547,129.45718383789062
15-12-2017,135.84616088867188,136.76922607421875,11489647,137.15383911132812,137.07691955566406,130.77816772460938
18-12-2017,136.53846740722656,137.46153259277344,7008742,138.84616088867188,136.61538696289062,130.337890625
19-12-2017,135.0,136.6923065185547,8514493,136.92308044433594,135.3076934814453,129.09027099609375
20-12-2017,133.53846740722656,135.61538696289062,9797450,135.76922607421875,134.23077392578125,128.06280517578125
21-12-2017,134.15383911132812,134.3076934814453,8824101,136.07691955566406,134.38461303710938,128.2095947265625
22-12-2017,133.84616088867188,134.6923065185547,6028152,135.07691955566406,134.61538696289062,128.42971801757812
26-12-2017,133.84616088867188,134.23077392578125,7193927,135.84616088867188,134.07691955566406,128.79922485351562
27-12-2017,133.15383911132812,134.3076934814453,7816471,135.61538696289062,133.6923065185547,128.42971801757812
28-12-2017,132.6923065185547,133.46153259277344,7921537,133.84616088867188,133.53846740722656,128.28196716308594
29-12-2017,132.84616088867188,132.84616088867188,9899435,134.84616088867188,134.23077392578125,128.94703674316406
02-01-2018,134.84616088867188,135.23077392578125,10084139,138.38461303710938,138.3076934814453,132.8634490966797
03-01-2018,138.6923065185547,140.76922607421875,10591399,141.07691955566406,139.61538696289062,134.1196746826172
04-01-2018,140.76922607421875,141.38461303710938,10732085,143.23077392578125,142.53846740722656,136.92771911621094
05-01-2018,142.3076934814453,145.07691955566406,10384361,145.15383911132812,142.61538696289062,137.00160217285156
08-01-2018,139.23077392578125,143.61538696289062,10672688,143.84616088867188,140.61538696289062,135.08033752441406
09-01-2018,139.3076934814453,141.0,8632026,143.53846740722656,142.76922607421875,137.14938354492188
10-01-2018,142.92308044433594,143.0,10701886,146.61538696289062,145.61538696289062,139.88351440429688
11-01-2018,146.15383911132812,147.92308044433594,12964328,149.15383911132812,146.3076934814453,140.5485382080078
12-01-2018,143.84616088867188,147.07691955566406,11319971,147.3076934814453,144.3076934814453,138.62728881835938
16-01-2018,138.15383911132812,140.92308044433594,26735410,142.38461303710938,140.07691955566406,134.56301879882812
17-01-2018,132.76922607421875,135.76922607421875,24379836,136.15383911132812,133.46153259277344,128.20806884765625
18-01-2018,128.92308044433594,133.84616088867188,22394242,134.46153259277344,129.0,123.92214965820312
19-01-2018,123.23076629638672,128.07691955566406,27943136,128.6923065185547,125.07691955566406,120.15349578857422
22-01-2018,121.53845977783203,122.30769348144531,17447599,125.61538696289062,124.38461303710938,119.48844146728516
23-01-2018,125.15384674072266,125.38461303710938,16020745,131.0,129.92308044433594,124.80891418457031
24-01-2018,125.0,130.76922607421875,21712301,133.53846740722656,126.46154022216797,121.48360443115234
25-01-2018,124.07691955566406,126.92308044433594,12357423,127.84615325927734,124.46154022216797,119.56234741210938
26-01-2018,122.53845977783203,124.07691955566406,11815518,124.30769348144531,124.07691955566406,119.19286346435547
29-01-2018,122.84615325927734,123.23076629638672,9637485,126.38461303710938,125.23076629638672,120.30128479003906
30-01-2018,122.69230651855469,123.84615325927734,8873046,125.15384674072266,122.69230651855469,117.86273956298828
31-01-2018,123.0,123.53845977783203,9979996,125.15384674072266,124.38461303710938,119.48844146728516
01-02-2018,122.46154022216797,123.53845977783203,6867120,123.92308044433594,123.23076629638672,118.38002014160156
02-02-2018,120.0,122.23076629638672,10698324,122.53845977783203,120.30769348144531,115.572021484375
05-02-2018,114.69230651855469,119.07691955566406,16021408,120.23076629638672,114.69230651855469,110.17765808105469
06-02-2018,113.15384674072266,114.0,16486587,118.0,117.46154022216797,112.83788299560547
07-02-2018,117.30769348144531,117.76923370361328,9880936,119.38461303710938,117.30769348144531,112.69007873535156
08-02-2018,111.15384674072266,116.84615325927734,18022693,117.0,111.15384674072266,106.77848052978516
09-02-2018,109.46154022216797,113.0,16777254,115.61538696289062,114.92308044433594,110.39933776855469
12-02-2018,113.69230651855469,115.84615325927734,9825712,116.46154022216797,114.0,109.51261901855469
13-02-2018,111.76923370361328,113.38461303710938,9581039,113.76923370361328,112.84615325927734,108.4041748046875
14-02-2018,112.61538696289062,113.0,11168560,115.61538696289062,114.61538696289062,110.103759765625
15-02-2018,113.61538696289062,114.84615325927734,7135050,116.46154022216797,114.23076629638672,109.73428344726562
16-02-2018,113.92308044433594,114.23076629638672,8414224,117.15384674072266,115.76923370361328,111.21219635009766
20-02-2018,112.46154022216797,114.76923370361328,8016541,115.15384674072266,113.38461303710938,108.92143249511719
21-02-2018,111.15384674072266,113.15384674072266,12754495,113.30769348144531,111.46154022216797,107.07408142089844
22-02-2018,111.46154022216797,111.76923370361328,10204636,115.92308044433594,112.46154022216797,108.0346908569336
23-02-2018,111.46154022216797,111.76923370361328,6878638,112.84615325927734,111.46154022216797,107.96019744873047
26-02-2018,107.30769348144531,110.69230651855469,18878678,112.92308044433594,112.69230651855469,109.15229034423828
27-02-2018,111.53845977783203,112.84615325927734,12093120,116.76923370361328,111.53845977783203,108.0346908569336
28-02-2018,108.38461303710938,112.30769348144531,11519833,112.46154022216797,108.53845977783203,105.12892150878906
01-03-2018,107.30769348144531,108.92308044433594,11943841,109.69230651855469,107.84615325927734,104.45836639404297
02-03-2018,107.46154022216797,107.61538696289062,9701848,109.53845977783203,108.61538696289062,105.20344543457031
05-03-2018,108.61538696289062,109.07691955566406,11368435,112.69230651855469,110.92308044433594,107.43865203857422
06-03-2018,111.61538696289062,112.30769348144531,7553897,112.84615325927734,112.61538696289062,109.07778930664062
07-03-2018,109.07691955566406,111.38461303710938,10789896,112.23076629638672,111.61538696289062,108.10920715332031
08-03-2018,110.84615325927734,111.53845977783203,6447376,112.61538696289062,111.69230651855469,108.18370819091797
09-03-2018,111.61538696289062,112.46154022216797,8340306,115.0,114.92308044433594,111.31299591064453
12-03-2018,115.07691955566406,115.53845977783203,9129458,117.92308044433594,116.15384674072266,112.50508117675781
13-03-2018,110.30769348144531,113.0,15433392,113.38461303710938,111.0,107.51314544677734
14-03-2018,109.53845977783203,111.23076629638672,7418697,112.23076629638672,109.76923370361328,106.321044921875
15-03-2018,109.69230651855469,110.07691955566406,6165237,111.92308044433594,110.46154022216797,106.9916000366211
16-03-2018,109.07691955566406,110.30769348144531,14883570,110.92308044433594,110.07691955566406,106.61906433105469
19-03-2018,107.69230651855469,109.69230651855469,8603946,109.84615325927734,108.23076629638672,104.83089447021484
20-03-2018,104.76923370361328,108.46154022216797,11559795,108.53845977783203,104.92308044433594,101.62710571289062
21-03-2018,104.38461303710938,105.07691955566406,8468538,107.38461303710938,106.76923370361328,103.41529846191406
22-03-2018,102.46154022216797,105.76923370361328,9259588,106.07691955566406,102.69230651855469,99.46642303466797
23-03-2018,100.15384674072266,103.07691955566406,10925499,103.46154022216797,100.53845977783203,97.38023376464844
26-03-2018,97.92308044433594,101.76923370361328,13706641,101.84615325927734,99.15384674072266,96.03912353515625
27-03-2018,98.61538696289062,99.38461303710938,20145918,105.53845977783203,103.38461303710938,100.13699340820312
28-03-2018,100.69230651855469,104.0,18083611,107.30769348144531,105.23076629638672,101.9251480102539
29-03-2018,102.69230651855469,104.46154022216797,9686859,105.07691955566406,103.69230651855469,100.43500518798828
02-04-2018,99.69230651855469,103.46154022216797,9371310,104.15384674072266,100.92308044433594,97.75279235839844
03-04-2018,98.46154022216797,100.92308044433594,7772063,101.07691955566406,101.0,97.82726287841797
04-04-2018,98.38461303710938,98.61538696289062,7432412,102.30769348144531,102.15384674072266,98.94489288330078
05-04-2018,101.30769348144531,102.23076629638672,6958406,104.30769348144531,103.30769348144531,100.06248474121094
06-04-2018,99.46154022216797,102.46154022216797,8250567,103.61538696289062,100.46154022216797,97.30573272705078
09-04-2018,98.61538696289062,100.76923370361328,8883238,101.23076629638672,98.69230651855469,95.59208679199219
10-04-2018,99.61538696289062,100.07691955566406,7465601,101.07691955566406,100.38461303710938,97.23121643066406
11-04-2018,98.84615325927734,99.30769348144531,6528600,100.61538696289062,99.76923370361328,96.63518524169922
12-04-2018,99.76923370361328,100.23076629638672,8272056,101.92308044433594,101.38461303710938,98.19981384277344
13-04-2018,102.76923370361328,103.15384674072266,9251905,105.23076629638672,103.76923370361328,100.50952911376953
16-04-2018,101.76923370361328,103.84615325927734,7576270,104.46154022216797,102.53845977783203,99.31742095947266
17-04-2018,102.76923370361328,102.92308044433594,9376783,106.69230651855469,106.07691955566406,102.74472045898438
18-04-2018,104.76923370361328,106.76923370361328,5587855,107.07691955566406,105.07691955566406,101.77613067626953
19-04-2018,104.84615325927734,105.15384674072266,11411699,108.15384674072266,107.61538696289062,104.23484802246094
20-04-2018,110.30769348144531,114.92308044433594,24529180,115.76923370361328,111.84615325927734,108.33272552490234
23-04-2018,110.69230651855469,113.46154022216797,9531184,113.69230651855469,111.69230651855469,108.18370819091797
24-04-2018,111.84615325927734,112.76923370361328,9654021,113.61538696289062,112.92308044433594,109.37581634521484
25-04-2018,107.0,113.23076629638672,14464034,113.30769348144531,108.07691955566406,104.68187713623047
26-04-2018,108.15384674072266,108.53845977783203,8431566,111.53845977783203,110.61538696289062,107.140625
27-04-2018,109.15384674072266,109.38461303710938,6347588,111.38461303710938,110.61538696289062,107.140625
30-04-2018,108.23076629638672,110.53845977783203,6309524,110.69230651855469,108.23076629638672,104.83089447021484
01-05-2018,106.38461303710938,108.30769348144531,6678425,108.38461303710938,108.07691955566406,104.68187713623047
02-05-2018,108.30769348144531,108.46154022216797,6718140,110.61538696289062,109.07691955566406,105.65047454833984
03-05-2018,106.53845977783203,109.15384674072266,7890610,109.15384674072266,107.15384674072266,103.78781127929688
04-05-2018,105.92308044433594,106.69230651855469,5448170,108.69230651855469,108.46154022216797,105.05442810058594
07-05-2018,107.69230651855469,108.38461303710938,4272905,109.07691955566406,108.23076629638672,104.83089447021484
08-05-2018,108.38461303710938,109.07691955566406,7713693,111.46154022216797,109.76923370361328,106.321044921875
09-05-2018,110.0,110.38461303710938,6612827,112.92308044433594,112.46154022216797,108.92877197265625
10-05-2018,111.53845977783203,113.53845977783203,4872517,113.53845977783203,113.0,109.45032501220703
11-05-2018,111.69230651855469,113.38461303710938,3719443,113.61538696289062,112.30769348144531,108.77978515625
14-05-2018,112.61538696289062,113.07691955566406,5334290,113.84615325927734,113.15384674072266,109.59932708740234
15-05-2018,112.07691955566406,113.07691955566406,4583631,113.23076629638672,113.15384674072266,109.59932708740234
16-05-2018,113.0,113.15384674072266,7101042,116.15384674072266,115.61538696289062,111.98355102539062
17-05-2018,114.76923370361328,116.30769348144531,6594718,117.23076629638672,115.61538696289062,111.98355102539062
18-05-2018,114.76923370361328,116.0,4467294,116.15384674072266,115.15384674072266,111.5365219116211
21-05-2018,116.92308044433594,118.15384674072266,10129184,119.61538696289062,117.38461303710938,113.69719696044922
22-05-2018,117.61538696289062,118.38461303710938,8546083,119.92308044433594,117.61538696289062,113.92070770263672
23-05-2018,108.53845977783203,116.92308044433594,19154018,117.0,109.07691955566406,105.65047454833984
24-05-2018,109.53845977783203,110.30769348144531,13703820,113.23076629638672,112.30769348144531,108.77978515625
25-05-2018,110.84615325927734,112.38461303710938,6460831,112.84615325927734,112.53845977783203,109.00328826904297
29-05-2018,107.84615325927734,111.38461303710938,9885772,111.69230651855469,109.07691955566406,105.65047454833984
30-05-2018,107.84615325927734,108.76923370361328,6787092,109.53845977783203,109.0,105.57597351074219
31-05-2018,107.30769348144531,108.46154022216797,7209332,108.69230651855469,108.30769348144531,104.90540313720703
01-06-2018,107.30769348144531,108.46154022216797,7395544,108.84615325927734,108.46154022216797,105.05442810058594
04-06-2018,105.23076629638672,108.69230651855469,10714119,109.30769348144531,105.46154022216797,102.14867401123047
05-06-2018,104.0,105.46154022216797,9158292,107.15384674072266,106.15384674072266,102.81922912597656
06-06-2018,104.84615325927734,106.30769348144531,8078889,106.84615325927734,104.92308044433594,101.62710571289062
07-06-2018,104.69230651855469,104.84615325927734,9227712,106.15384674072266,106.0,102.67020416259766
08-06-2018,105.46154022216797,106.0,6531837,108.23076629638672,107.15384674072266,103.78781127929688
11-06-2018,106.53845977783203,107.61538696289062,5668221,107.92308044433594,107.53845977783203,104.16033935546875
12-06-2018,107.0,107.92308044433594,5397483,108.76923370361328,107.53845977783203,104.16033935546875
13-06-2018,106.38461303710938,107.84615325927734,4614974,108.15384674072266,106.84615325927734,103.48978424072266
14-06-2018,104.30769348144531,106.69230651855469,7887243,107.0,104.92308044433594,101.62710571289062
15-06-2018,102.30769348144531,103.92308044433594,12503413,104.0,102.30769348144531,99.97343444824219
18-06-2018,100.76923370361328,101.61538696289062,8884226,101.76923370361328,101.53845977783203,99.22173309326172
19-06-2018,99.23076629638672,100.46154022216797,10123685,100.53845977783203,99.61538696289062,97.3425521850586
20-06-2018,98.07691955566406,98.15384674072266,12535328,100.84615325927734,99.07691955566406,96.81636810302734
21-06-2018,97.0,98.53845977783203,9189986,98.61538696289062,98.15384674072266,95.91435241699219
22-06-2018,98.15384674072266,98.15384674072266,8833149,100.61538696289062,100.38461303710938,98.0942153930664
25-06-2018,98.0,100.23076629638672,9986574,100.38461303710938,98.07691955566406,95.83917999267578
26-06-2018,103.0,103.53845977783203,27798316,107.23076629638672,105.69230651855469,103.28080749511719
27-06-2018,106.15384674072266,106.61538696289062,17602078,111.07691955566406,107.38461303710938,104.93450164794922
28-06-2018,105.23076629638672,107.23076629638672,8376030,107.69230651855469,106.38461303710938,103.95732116699219
29-06-2018,104.38461303710938,106.38461303710938,9354709,106.92308044433594,104.69230651855469,102.30362701416016
02-07-2018,101.46154022216797,103.69230651855469,8160607,104.23076629638672,102.84615325927734,100.49960327148438
03-07-2018,102.30769348144531,102.69230651855469,4187612,103.76923370361328,102.84615325927734,100.49960327148438
05-07-2018,100.30769348144531,102.92308044433594,6960486,103.38461303710938,103.30769348144531,100.95060729980469
06-07-2018,102.46154022216797,102.84615325927734,7802912,106.92308044433594,106.53845977783203,104.107666015625
09-07-2018,107.0,107.23076629638672,8717943,108.76923370361328,107.30769348144531,104.85934448242188
10-07-2018,107.53845977783203,107.69230651855469,7840963,109.07691955566406,109.0,106.51303100585938
11-07-2018,107.61538696289062,108.15384674072266,6144593,109.92308044433594,107.61538696289062,105.16000366210938
12-07-2018,107.15384674072266,108.07691955566406,5177185,108.76923370361328,107.61538696289062,105.16000366210938
13-07-2018,106.76923370361328,107.46154022216797,6305715,108.23076629638672,106.84615325927734,104.4083251953125
16-07-2018,106.15384674072266,106.84615325927734,5571826,107.30769348144531,106.92308044433594,104.48351287841797
17-07-2018,105.0,106.53845977783203,7684508,106.84615325927734,105.30769348144531,102.90498352050781
18-07-2018,105.38461303710938,105.69230651855469,5334550,106.23076629638672,105.76923370361328,103.3559799194336
19-07-2018,104.76923370361328,105.53845977783203,9745164,106.76923370361328,105.61538696289062,103.20565032958984
20-07-2018,99.84615325927734,105.53845977783203,22261902,106.0,100.92308044433594,98.62039947509766
23-07-2018,99.23076629638672,100.15384674072266,11743264,100.92308044433594,99.92308044433594,97.64321899414062
24-07-2018,98.84615325927734,99.38461303710938,7366658,101.0,100.92308044433594,98.62039947509766
25-07-2018,99.69230651855469,101.0,6935929,101.15384674072266,100.84615325927734,98.54522705078125
26-07-2018,100.46154022216797,100.76923370361328,7086560,102.07691955566406,101.15384674072266,98.84590148925781
27-07-2018,99.84615325927734,100.92308044433594,5112978,101.38461303710938,100.46154022216797,98.16939544677734
30-07-2018,100.07691955566406,100.30769348144531,5143450,101.61538696289062,101.23076629638672,98.92105865478516
31-07-2018,101.23076629638672,101.46154022216797,9320207,105.0,104.84615325927734,102.45396423339844
01-08-2018,101.84615325927734,104.23076629638672,5788679,104.23076629638672,101.84615325927734,99.52241516113281
02-08-2018,100.46154022216797,101.30769348144531,4754789,101.61538696289062,101.30769348144531,98.99624633789062
03-08-2018,100.76923370361328,101.15384674072266,4581863,101.92308044433594,101.07691955566406,98.77072143554688
06-08-2018,100.46154022216797,100.92308044433594,4223609,101.38461303710938,100.76923370361328,98.47004699707031
07-08-2018,100.15384674072266,100.92308044433594,7358507,101.92308044433594,101.23076629638672,98.92105865478516
08-08-2018,99.76923370361328,101.46154022216797,5251922,101.46154022216797,100.38461303710938,98.0942153930664
09-08-2018,99.30769348144531,100.07691955566406,4223336,100.23076629638672,99.53845977783203,97.26736450195312
10-08-2018,97.76923370361328,99.30769348144531,6298799,99.30769348144531,98.23076629638672,95.98951721191406
13-08-2018,95.30769348144531,97.84615325927734,8722922,97.92308044433594,95.76923370361328,93.58416748046875
14-08-2018,94.76923370361328,96.0,6448208,96.92308044433594,95.0,92.83247375488281
15-08-2018,91.84615325927734,94.38461303710938,8411923,95.07691955566406,94.0,91.85528564453125
16-08-2018,93.92308044433594,94.30769348144531,6757959,95.07691955566406,94.61538696289062,92.45663452148438
17-08-2018,93.92308044433594,94.30769348144531,6102915,94.92308044433594,94.61538696289062,92.45663452148438
20-08-2018,93.38461303710938,94.38461303710938,4908345,95.30769348144531,94.61538696289062,92.45663452148438
21-08-2018,94.84615325927734,94.92308044433594,7533188,97.61538696289062,97.15384674072266,94.9371566772461
22-08-2018,95.53845977783203,97.0,5648006,97.07691955566406,95.92308044433594,93.73446655273438
23-08-2018,95.30769348144531,95.46154022216797,4947098,96.61538696289062,96.46154022216797,94.26066589355469
24-08-2018,95.92308044433594,96.30769348144531,5027100,96.61538696289062,96.15384674072266,93.9599838256836
27-08-2018,95.76923370361328,96.0,5809141,98.30769348144531,98.23076629638672,95.98951721191406
28-08-2018,97.84615325927734,98.23076629638672,7679009,99.15384674072266,98.15384674072266,95.91435241699219
29-08-2018,97.46154022216797,98.23076629638672,6212505,99.84615325927734,99.76923370361328,97.49288177490234
30-08-2018,98.07691955566406,99.0,5806775,99.76923370361328,98.23076629638672,95.98951721191406
31-08-2018,97.69230651855469,97.92308044433594,6552403,99.61538696289062,99.53845977783203,97.26736450195312
04-09-2018,97.15384674072266,99.07691955566406,5828810,99.07691955566406,97.46154022216797,95.23783874511719
05-09-2018,94.15384674072266,95.76923370361328,7159308,96.76923370361328,96.61538696289062,94.4109878540039
06-09-2018,96.15384674072266,96.15384674072266,5280574,98.46154022216797,96.23076629638672,94.03514862060547
07-09-2018,94.38461303710938,95.30769348144531,5962736,95.69230651855469,95.38461303710938,93.20831298828125
10-09-2018,95.0,95.07691955566406,5638711,97.69230651855469,96.23076629638672,94.03514862060547
11-09-2018,94.07691955566406,95.69230651855469,5220007,95.92308044433594,94.84615325927734,92.68212890625
12-09-2018,94.07691955566406,94.61538696289062,5224128,97.15384674072266,97.0,94.78683471679688
13-09-2018,95.61538696289062,97.46154022216797,7107724,98.07691955566406,97.76923370361328,95.53851318359375
14-09-2018,95.23076629638672,96.38461303710938,9096074,98.07691955566406,97.53845977783203,96.22146606445312
17-09-2018,96.92308044433594,97.0,6587308,99.15384674072266,97.69230651855469,96.37324523925781
18-09-2018,96.61538696289062,97.46154022216797,5576064,98.07691955566406,97.38461303710938,96.06969451904297
19-09-2018,96.61538696289062,97.07691955566406,8073273,99.92308044433594,98.92308044433594,97.58738708496094
20-09-2018,95.07691955566406,96.84615325927734,11482328,97.61538696289062,95.84615325927734,94.55200958251953
21-09-2018,93.53845977783203,95.38461303710938,12404483,96.61538696289062,93.61538696289062,92.35137176513672
24-09-2018,89.23076629638672,93.07691955566406,19316687,93.07691955566406,90.30769348144531,89.08833312988281
25-09-2018,86.30769348144531,90.23076629638672,17380246,90.46154022216797,86.69230651855469,85.52176666259766
26-09-2018,86.23076629638672,86.53845977783203,12138698,88.92308044433594,87.61538696289062,86.432373046875
27-09-2018,87.38461303710938,87.46154022216797,10685506,90.38461303710938,88.69230651855469,87.49476623535156
28-09-2018,86.53845977783203,88.0,9954633,88.53845977783203,86.84615325927734,85.67353057861328
01-10-2018,91.84615325927734,100.15384674072266,40053884,100.53845977783203,93.0,91.7442855834961
02-10-2018,90.53845977783203,94.76923370361328,19331754,96.0,94.76923370361328,93.48963928222656
03-10-2018,94.46154022216797,94.92308044433594,10785593,97.15384674072266,96.0,94.70377349853516
04-10-2018,94.92308044433594,95.46154022216797,9738573,97.53845977783203,97.38461303710938,96.06969451904297
05-10-2018,98.92308044433594,99.07691955566406,19650852,102.30769348144531,101.38461303710938,100.01568603515625
08-10-2018,102.0,104.0,22444435,104.92308044433594,104.69230651855469,103.27871704101562
09-10-2018,103.15384674072266,105.46154022216797,14358253,106.0,104.23076629638672,102.82341766357422
10-10-2018,101.76923370361328,103.0,11952590,105.07691955566406,102.15384674072266,100.7745361328125
11-10-2018,97.38461303710938,100.92308044433594,15101047,102.23076629638672,97.84615325927734,96.52499389648438
12-10-2018,93.84615325927734,96.38461303710938,16017105,98.69230651855469,94.76923370361328,93.48963928222656
15-10-2018,93.38461303710938,94.23076629638672,8143226,96.15384674072266,93.46154022216797,92.1996078491211
16-10-2018,92.30769348144531,94.07691955566406,11243154,94.53845977783203,93.07691955566406,91.82018280029297
17-10-2018,93.23076629638672,94.23076629638672,10846303,96.61538696289062,93.76923370361328,92.50312805175781
18-10-2018,92.76923370361328,93.38461303710938,10597626,95.61538696289062,95.23076629638672,93.94493103027344
19-10-2018,94.30769348144531,94.46154022216797,11282115,97.92308044433594,96.61538696289062,95.31085205078125
22-10-2018,94.84615325927734,96.84615325927734,6531655,97.15384674072266,95.23076629638672,93.94493103027344
23-10-2018,92.92308044433594,93.46154022216797,10645050,98.0,97.61538696289062,96.29736328125
24-10-2018,93.38461303710938,97.76923370361328,10836839,98.53845977783203,93.61538696289062,92.35137176513672
25-10-2018,90.15384674072266,93.84615325927734,11471343,94.46154022216797,90.76923370361328,89.54364013671875
26-10-2018,85.92308044433594,89.15384674072266,15289651,89.61538696289062,86.92308044433594,85.74942016601562
29-10-2018,84.07691955566406,87.92308044433594,15580331,90.23076629638672,85.84615325927734,84.68704223632812
30-10-2018,75.92308044433594,81.23076629638672,44846971,87.69230651855469,78.30769348144531,77.25035858154297
31-10-2018,75.38461303710938,78.30769348144531,26244218,79.92308044433594,77.69230651855469,76.6432876586914
01-11-2018,73.38461303710938,77.0,30727762,78.69230651855469,73.69230651855469,72.69729614257812
02-11-2018,69.76923370361328,74.0,34256898,74.30769348144531,71.46154022216797,70.49665832519531
05-11-2018,71.30769348144531,72.23076629638672,16170570,73.30769348144531,71.38461303710938,70.4207534790039
06-11-2018,72.0,72.0,14680666,73.38461303710938,72.46154022216797,71.48313903808594
07-11-2018,70.30769348144531,72.69230651855469,16122691,72.76923370361328,70.76923370361328,69.81367492675781
08-11-2018,69.61538696289062,70.30769348144531,21033584,71.84615325927734,70.0,69.05484008789062
09-11-2018,62.69230651855469,67.61538696289062,35560499,68.92308044433594,66.0,65.10884857177734
12-11-2018,59.38461685180664,64.76923370361328,31874557,65.0,61.4615364074707,60.63166427612305
13-11-2018,61.30769348144531,61.69230651855469,26756080,69.61538696289062,66.23076629638672,65.33651733398438
14-11-2018,63.0,67.38461303710938,22122074,68.07691955566406,64.0,63.13585662841797
15-11-2018,62.0,63.38461685180664,16701737,66.15384674072266,62.846153259277344,61.997589111328125
16-11-2018,59.4615364074707,62.153846740722656,22959157,63.07692337036133,61.69230651855469,60.85932159423828
19-11-2018,59.92307662963867,61.4615364074707,19250049,63.38461685180664,60.30769348144531,59.493404388427734
20-11-2018,57.92307662963867,59.0,18630235,60.4615364074707,58.846153259277344,58.051597595214844
21-11-2018,59.4615364074707,59.92307662963867,10977564,61.0,60.07692337036133,59.265750885009766
23-11-2018,58.07692337036133,59.846153259277344,5651243,60.4615364074707,58.230770111083984,57.44451904296875
26-11-2018,55.846153259277344,58.5384635925293,20624214,59.5384635925293,58.30769348144531,57.52041244506836
27-11-2018,56.69230651855469,57.61538314819336,14352910,58.69230651855469,57.230770111083984,56.458030700683594
28-11-2018,56.69230651855469,56.846153259277344,16159936,59.769229888916016,59.5384635925293,58.734561920166016
29-11-2018,57.61538314819336,58.846153259277344,16039829,61.5384635925293,61.07692337036133,60.25224685668945
30-11-2018,56.92307662963867,58.92307662963867,24320777,59.07692337036133,57.69230651855469,56.913330078125
03-12-2018,57.92307662963867,58.0,16988725,61.153846740722656,60.07692337036133,59.265750885009766
04-12-2018,56.0,59.61538314819336,17332874,60.07692337036133,56.0,55.24386978149414
06-12-2018,55.0,55.38461685180664,14685541,56.846153259277344,56.5384635925293,55.77506637573242
07-12-2018,53.769229888916016,56.153846740722656,14882413,56.769229888916016,53.92307662963867,53.19499588012695
10-12-2018,51.92307662963867,53.61538314819336,14669434,54.769229888916016,53.30769348144531,52.58791732788086
11-12-2018,51.230770111083984,54.153846740722656,16195478,54.846153259277344,52.0,51.297882080078125
12-12-2018,51.5384635925293,52.61538314819336,13756600,54.07692337036133,51.61538314819336,50.918460845947266
13-12-2018,54.769229888916016,57.61538314819336,26946660,57.69230651855469,55.38461685180664,54.63679885864258
14-12-2018,53.846153259277344,54.4615364074707,16744091,55.769229888916016,54.61538314819336,53.877952575683594
17-12-2018,53.92307662963867,54.5384635925293,16865043,55.61538314819336,55.0,54.25737380981445
18-12-2018,55.07692337036133,55.230770111083984,19080555,58.69230651855469,56.0,55.24386978149414
19-12-2018,58.07692337036133,58.769229888916016,28531646,61.153846740722656,58.92307662963867,58.207435607910156
20-12-2018,56.61538314819336,58.846153259277344,23705968,60.153846740722656,57.230770111083984,56.53569030761719
21-12-2018,54.61538314819336,56.30769348144531,24134669,57.30769348144531,55.0,54.332008361816406
24-12-2018,53.07692337036133,54.30769348144531,9101352,54.846153259277344,53.230770111083984,52.58427047729492
26-12-2018,52.07692337036133,53.769229888916016,16879018,57.0,56.846153259277344,56.15573501586914
27-12-2018,53.4615364074707,55.230770111083984,15571218,55.92307662963867,55.92307662963867,55.243873596191406
28-12-2018,55.30769348144531,55.30769348144531,15817204,58.846153259277344,57.769229888916016,57.06760787963867
31-12-2018,56.5384635925293,57.846153259277344,14086995,58.61538314819336,58.230770111083984,57.523536682128906
02-01-2019,57.0,57.38461685180664,16816033,62.92307662963867,61.92307662963867,61.17100143432617
03-01-2019,59.846153259277344,61.69230651855469,15983370,63.07692337036133,62.0,61.24699401855469
04-01-2019,61.38461685180664,63.0,15610894,63.5384635925293,63.30769348144531,62.53879928588867
07-01-2019,63.769229888916016,65.76923370361328,23358972,67.61538696289062,67.23076629638672,66.41423797607422
08-01-2019,65.53845977783203,68.53845977783203,19107452,69.53845977783203,65.84615325927734,65.04643249511719
09-01-2019,62.92307662963867,65.53845977783203,15119819,67.38461303710938,65.38461303710938,64.59049987792969
10-01-2019,65.30769348144531,65.38461303710938,14604395,68.84615325927734,68.76923370361328,67.93400573730469
11-01-2019,67.07691955566406,68.23076629638672,10487009,68.84615325927734,68.76923370361328,67.93400573730469
14-01-2019,67.38461303710938,67.76923370361328,10618153,69.23076629638672,68.46154022216797,67.63005065917969
15-01-2019,66.92308044433594,68.53845977783203,12227566,68.69230651855469,67.15384674072266,66.3382568359375
16-01-2019,66.61538696289062,67.0,10954541,69.23076629638672,69.07691955566406,68.23796844482422
17-01-2019,67.30769348144531,68.46154022216797,13752986,70.69230651855469,70.30769348144531,69.45377349853516
18-01-2019,69.46154022216797,71.0,12055485,71.15384674072266,69.69230651855469,68.84587860107422
22-01-2019,65.84615325927734,69.07691955566406,14062360,69.15384674072266,66.61538696289062,65.80632019042969
23-01-2019,66.23076629638672,66.84615325927734,9410167,68.0,67.15384674072266,66.3382568359375
24-01-2019,66.23076629638672,66.38461303710938,11743108,69.0,67.53845977783203,66.71818542480469
25-01-2019,68.0,68.07691955566406,14599858,70.84615325927734,70.46154022216797,69.60576629638672
28-01-2019,67.30769348144531,69.07691955566406,11912667,69.23076629638672,68.69230651855469,67.85802459716797
29-01-2019,66.53845977783203,68.46154022216797,14880801,70.23076629638672,68.46154022216797,67.63005065917969
30-01-2019,68.30769348144531,69.07691955566406,11236498,71.38461303710938,70.0,69.14981842041016
31-01-2019,75.07691955566406,76.46154022216797,45323135,82.84615325927734,78.15384674072266,77.20464324951172
01-02-2019,76.61538696289062,78.46154022216797,20561034,80.23076629638672,78.38461303710938,77.4326171875
04-02-2019,77.69230651855469,79.0,13421707,79.53845977783203,78.53845977783203,77.5845718383789
05-02-2019,78.23076629638672,78.84615325927734,13367003,81.92308044433594,81.76923370361328,80.77611541748047
06-02-2019,80.23076629638672,82.07691955566406,15663245,83.92308044433594,80.53845977783203,79.56028747558594
07-02-2019,76.69230651855469,80.15384674072266,14131546,80.30769348144531,77.38461303710938,76.44474792480469
08-02-2019,73.38461303710938,77.0,15411435,77.69230651855469,75.46154022216797,74.54503631591797
11-02-2019,75.61538696289062,75.92308044433594,9189375,78.07691955566406,77.15384674072266,76.21678924560547
12-02-2019,76.23076629638672,77.46154022216797,8725899,78.07691955566406,76.76923370361328,75.83686828613281
13-02-2019,76.53845977783203,76.76923370361328,12861810,80.15384674072266,79.76923370361328,78.8004150390625
14-02-2019,76.53845977783203,79.15384674072266,12140323,79.23076629638672,77.23076629638672,76.29277038574219
15-02-2019,77.38461303710938,77.84615325927734,10184785,79.07691955566406,77.61538696289062,76.67272186279297
19-02-2019,76.53845977783203,77.15384674072266,8263892,78.07691955566406,77.92308044433594,76.9766845703125
20-02-2019,77.0,77.61538696289062,6324318,77.92308044433594,77.69230651855469,76.74871826171875
21-02-2019,76.92308044433594,77.15384674072266,6439316,78.46154022216797,77.15384674072266,76.21678924560547
22-02-2019,76.84615325927734,77.30769348144531,6596369,78.30769348144531,78.23076629638672,77.28063201904297
25-02-2019,82.92308044433594,89.0,37730212,90.38461303710938,83.23076629638672,82.21988677978516
26-02-2019,84.23999786376953,86.31999969482422,12998825,87.19999694824219,85.27999877929688,84.2442398071289
27-02-2019,85.12000274658203,86.63999938964844,13604175,87.44000244140625,87.04000091552734,85.98287200927734
28-02-2019,82.63999938964844,86.55999755859375,11357763,86.80000305175781,83.12000274658203,82.11048126220703
01-03-2019,80.4000015258789,83.5999984741211,11125025,84.16000366210938,82.16000366210938,81.1621322631836
04-03-2019,81.76000213623047,82.55999755859375,8720363,84.16000366210938,83.04000091552734,82.03144836425781
05-03-2019,76.63999938964844,83.04000091552734,22347950,84.55999755859375,79.12000274658203,78.15907287597656
06-03-2019,72.4000015258789,74.08000183105469,25722213,77.12000274658203,72.87999725341797,71.99483489990234
07-03-2019,72.55999755859375,72.63999938964844,15935138,75.5999984741211,75.5999984741211,74.68180847167969
08-03-2019,74.23999786376953,74.63999938964844,10939838,77.44000244140625,76.63999938964844,75.78937530517578
11-03-2019,74.63999938964844,75.5999984741211,13256300,80.16000366210938,79.19999694824219,78.32096099853516
12-03-2019,77.27999877929688,79.44000244140625,12421188,81.12000274658203,78.08000183105469,77.21341705322266
13-03-2019,77.5999984741211,77.83999633789062,9270563,80.4000015258789,80.16000366210938,79.27030944824219
14-03-2019,81.5999984741211,82.4000015258789,16733850,84.0,82.4000015258789,81.48546600341797
15-03-2019,79.19999694824219,82.31999969482422,23649263,83.5999984741211,79.68000030517578,78.795654296875
18-03-2019,79.76000213623047,79.91999816894531,11455938,82.4800033569336,81.5999984741211,80.69434356689453
19-03-2019,81.12000274658203,81.76000213623047,6835113,82.72000122070312,81.5199966430664,80.61522674560547
20-03-2019,80.95999908447266,81.04000091552734,6046250,82.63999938964844,81.76000213623047,80.85255432128906
21-03-2019,81.04000091552734,81.5999984741211,6314863,82.63999938964844,82.16000366210938,81.24812316894531
22-03-2019,79.36000061035156,81.76000213623047,10195438,81.91999816894531,79.83999633789062,78.95386505126953
25-03-2019,78.4800033569336,79.68000030517578,6215963,81.04000091552734,79.04000091552734,78.1627426147461
26-03-2019,79.44000244140625,79.5999984741211,5953100,81.19999694824219,80.80000305175781,79.90322875976562
27-03-2019,79.19999694824219,80.63999938964844,6893538,81.44000244140625,79.68000030517578,78.795654296875
28-03-2019,78.4000015258789,79.68000030517578,5649925,80.08000183105469,79.12000274658203,78.24185943603516
29-03-2019,79.36000061035156,79.83999633789062,6064888,80.23999786376953,79.91999816894531,79.03298950195312
01-04-2019,80.0,80.16000366210938,6418250,81.04000091552734,80.80000305175781,79.90322875976562
02-04-2019,80.31999969482422,80.4800033569336,6468525,82.23999786376953,81.91999816894531,81.01078033447266
03-04-2019,80.0,82.08000183105469,7017438,82.23999786376953,80.80000305175781,79.90322875976562
04-04-2019,79.76000213623047,80.80000305175781,5129263,80.95999908447266,80.23999786376953,79.34941864013672
05-04-2019,79.83999633789062,80.55999755859375,5407150,81.12000274658203,80.08000183105469,79.19121551513672
08-04-2019,73.19999694824219,76.08000183105469,22001025,76.31999969482422,75.91999816894531,75.07737731933594
09-04-2019,72.95999908447266,74.80000305175781,10396338,75.27999877929688,73.76000213623047,72.94134521484375
10-04-2019,72.63999938964844,74.0,6733925,74.08000183105469,73.27999877929688,72.4666748046875
11-04-2019,72.80000305175781,72.95999908447266,6851850,74.08000183105469,72.95999908447266,72.15021514892578
12-04-2019,71.91999816894531,73.19999694824219,8557650,73.68000030517578,72.0,71.20088958740234
15-04-2019,70.31999969482422,72.08000183105469,10368338,72.4000015258789,71.83999633789062,71.04266357421875
16-04-2019,71.91999816894531,72.31999969482422,7529500,73.5199966430664,73.12000274658203,72.30845642089844
17-04-2019,72.4800033569336,73.27999877929688,6008138,73.44000244140625,72.95999908447266,72.15021514892578
18-04-2019,72.80000305175781,73.04000091552734,6438638,74.80000305175781,74.80000305175781,73.96981048583984
22-04-2019,73.44000244140625,74.0,8390313,74.80000305175781,74.55999755859375,73.73245239257812
23-04-2019,73.76000213623047,74.4000015258789,5063075,74.95999908447266,74.63999938964844,73.81158447265625
24-04-2019,73.68000030517578,74.4800033569336,3598138,74.80000305175781,74.55999755859375,73.73245239257812
25-04-2019,71.83999633789062,73.76000213623047,7797250,73.83999633789062,72.95999908447266,72.15021514892578
26-04-2019,72.87999725341797,72.95999908447266,9286213,76.72000122070312,76.55999755859375,75.71027374267578
29-04-2019,76.31999969482422,76.55999755859375,8251188,77.91999816894531,77.83999633789062,76.97605895996094
30-04-2019,79.68000030517578,81.83999633789062,22148188,84.23999786376953,81.36000061035156,80.45700073242188
01-05-2019,80.72000122070312,81.19999694824219,12421800,83.36000061035156,80.80000305175781,79.90322875976562
02-05-2019,80.63999938964844,81.19999694824219,9903225,83.19999694824219,82.0,81.08990478515625
03-05-2019,81.91999816894531,82.4000015258789,8601938,84.0,84.0,83.06768798828125
06-05-2019,81.68000030517578,81.91999816894531,5453975,83.91999816894531,83.44000244140625,82.513916015625
07-05-2019,80.4800033569336,82.72000122070312,7111775,82.87999725341797,80.87999725341797,79.9823226928711
08-05-2019,80.63999938964844,80.63999938964844,5918663,82.0,81.27999877929688,80.37789154052734
09-05-2019,80.16000366210938,80.87999725341797,7437475,81.68000030517578,80.31999969482422,79.42853546142578
10-05-2019,78.16000366210938,80.16000366210938,7891275,81.44000244140625,81.04000091552734,80.14054107666016
13-05-2019,78.55999755859375,78.80000305175781,7517000,80.55999755859375,78.95999908447266,78.0836410522461
14-05-2019,79.27999877929688,79.5199966430664,8815063,82.80000305175781,82.55999755859375,81.6436767578125
15-05-2019,80.95999908447266,81.19999694824219,6714550,83.12000274658203,82.08000183105469,81.16900634765625
16-05-2019,80.4800033569336,81.76000213623047,6813188,82.31999969482422,81.04000091552734,80.14054107666016
17-05-2019,79.83999633789062,80.08000183105469,4632813,81.27999877929688,80.0,79.11212158203125
20-05-2019,78.23999786376953,79.27999877929688,6525888,80.4800033569336,79.04000091552734,78.1627426147461
21-05-2019,78.4000015258789,79.68000030517578,7551675,79.68000030517578,79.68000030517578,78.795654296875
22-05-2019,79.04000091552734,79.5999984741211,6455513,80.95999908447266,79.19999694824219,78.32096099853516
23-05-2019,75.76000213623047,78.4800033569336,7105188,78.63999938964844,76.4800033569336,75.63117218017578
24-05-2019,75.5199966430664,76.95999908447266,5941638,77.44000244140625,75.5999984741211,74.76092529296875
28-05-2019,74.16000366210938,75.27999877929688,9026463,76.31999969482422,74.87999725341797,74.04893493652344
29-05-2019,73.19999694824219,74.4800033569336,5573500,75.12000274658203,74.95999908447266,74.12803649902344
30-05-2019,74.31999969482422,74.95999908447266,6316425,76.08000183105469,75.76000213623047,74.91915893554688
31-05-2019,74.4000015258789,74.72000122070312,5792238,75.76000213623047,75.5199966430664,74.68180847167969
03-06-2019,74.0,74.4000015258789,5909250,76.31999969482422,76.23999786376953,75.3938217163086
04-06-2019,76.72000122070312,76.87999725341797,7675588,80.0,80.0,79.11212158203125
05-06-2019,78.55999755859375,80.55999755859375,5145425,80.72000122070312,79.12000274658203,78.24185943603516
06-06-2019,78.16000366210938,79.12000274658203,4816000,80.0,79.36000061035156,78.47919464111328
07-06-2019,78.55999755859375,79.19999694824219,5135575,80.4000015258789,79.83999633789062,78.95386505126953
10-06-2019,80.0,80.4000015258789,6533388,82.80000305175781,80.4000015258789,79.50765991210938
11-06-2019,79.68000030517578,80.80000305175781,4869713,81.5999984741211,80.95999908447266,80.06143188476562
12-06-2019,80.16000366210938,80.63999938964844,6871263,83.12000274658203,82.23999786376953,81.32723236083984
13-06-2019,82.0,82.87999725341797,7764463,84.16000366210938,82.4800033569336,81.56455993652344
14-06-2019,81.44000244140625,82.23999786376953,4294388,82.72000122070312,81.83999633789062,80.93167114257812
17-06-2019,80.16000366210938,81.5999984741211,5756288,81.91999816894531,80.4000015258789,79.50765991210938
18-06-2019,80.72000122070312,80.87999725341797,9195450,83.44000244140625,83.36000061035156,82.43479919433594
19-06-2019,82.63999938964844,83.76000213623047,7577088,84.87999725341797,82.72000122070312,81.80191040039062
20-06-2019,83.76000213623047,83.76000213623047,8245188,85.5999984741211,85.04000091552734,84.0961685180664
21-06-2019,83.5999984741211,85.36000061035156,8197000,85.68000030517578,83.83999633789062,82.90946960449219
24-06-2019,82.16000366210938,83.68000030517578,4574850,84.23999786376953,82.23999786376953,81.32723236083984
25-06-2019,80.80000305175781,82.08000183105469,4437025,82.23999786376953,81.76000213623047,80.85255432128906
26-06-2019,81.5999984741211,81.76000213623047,4266000,83.12000274658203,82.16000366210938,81.24812316894531
27-06-2019,81.91999816894531,81.91999816894531,4160413,83.5199966430664,83.19999694824219,82.27657318115234
28-06-2019,82.95999908447266,83.12000274658203,5502550,84.0,84.0,83.14764404296875
01-07-2019,84.23999786376953,84.95999908447266,4990688,85.76000213623047,85.04000091552734,84.1771011352539
02-07-2019,84.55999755859375,85.04000091552734,3765213,85.76000213623047,84.95999908447266,84.09790802001953
03-07-2019,84.31999969482422,85.27999877929688,2771950,85.27999877929688,84.87999725341797,84.01872253417969
05-07-2019,82.95999908447266,84.31999969482422,3783463,84.4000015258789,84.0,83.14764404296875
08-07-2019,81.12000274658203,83.36000061035156,6017888,83.44000244140625,81.5999984741211,80.7719955444336
09-07-2019,80.31999969482422,80.95999908447266,4431975,82.31999969482422,82.0,81.1679458618164
10-07-2019,81.44000244140625,82.31999969482422,4887713,83.44000244140625,81.5999984741211,80.7719955444336
11-07-2019,80.80000305175781,81.76000213623047,4208763,82.4800033569336,80.87999725341797,80.05931854248047
12-07-2019,81.12000274658203,81.44000244140625,4899438,83.12000274658203,82.95999908447266,82.11819458007812
15-07-2019,81.5999984741211,82.0,5261888,82.72000122070312,82.16000366210938,81.32632446289062
16-07-2019,81.68000030517578,81.83999633789062,4941650,83.19999694824219,83.04000091552734,82.19740295410156
17-07-2019,79.83999633789062,82.95999908447266,6710375,82.95999908447266,79.83999633789062,79.02985382080078
18-07-2019,79.68000030517578,80.08000183105469,5644400,81.5199966430664,80.4800033569336,79.66336822509766
19-07-2019,80.23999786376953,80.63999938964844,4331738,81.5199966430664,80.31999969482422,79.5049819946289
22-07-2019,80.4000015258789,80.4000015258789,5415863,81.83999633789062,81.68000030517578,80.8511962890625
23-07-2019,82.16000366210938,82.23999786376953,9287288,85.44000244140625,85.19999694824219,84.33545684814453
24-07-2019,84.31999969482422,84.63999938964844,5612188,85.5999984741211,85.44000244140625,84.57304382324219
25-07-2019,82.87999725341797,85.04000091552734,5765125,85.36000061035156,83.44000244140625,82.59334564208984
26-07-2019,83.19999694824219,83.76000213623047,3376975,84.4000015258789,84.08000183105469,83.22683715820312
29-07-2019,83.04000091552734,84.0,4671175,84.63999938964844,83.04000091552734,82.19740295410156
30-07-2019,82.23999786376953,83.12000274658203,5664313,84.63999938964844,84.16000366210938,83.30603790283203
31-07-2019,80.4000015258789,86.08000183105469,21559263,86.31999969482422,83.5999984741211,82.751708984375
01-08-2019,79.83999633789062,82.95999908447266,10990213,83.91999816894531,80.63999938964844,79.82174682617188
02-08-2019,78.55999755859375,80.08000183105469,8037050,80.63999938964844,80.0,79.188232421875
05-08-2019,76.87999725341797,78.31999969482422,8780400,78.4800033569336,77.27999877929688,76.49584197998047
06-08-2019,75.83999633789062,77.68000030517578,8299725,78.0,76.55999755859375,75.78314971923828
07-08-2019,73.83999633789062,75.5199966430664,9598800,75.76000213623047,75.68000030517578,74.91207885742188
08-08-2019,74.55999755859375,76.08000183105469,6175825,76.23999786376953,75.91999816894531,75.14962768554688
09-08-2019,72.95999908447266,75.76000213623047,9590100,75.83999633789062,73.19999694824219,72.45723724365234
12-08-2019,71.5999984741211,72.31999969482422,8196863,72.72000122070312,72.4000015258789,71.66536712646484
13-08-2019,73.68000030517578,73.83999633789062,9253300,76.72000122070312,74.80000305175781,74.04100036621094
14-08-2019,71.68000030517578,73.91999816894531,11149325,74.4000015258789,72.23999786376953,71.5069808959961
15-08-2019,61.20000076293945,68.31999969482422,50131088,69.04000091552734,64.08000183105469,63.429786682128906
16-08-2019,66.95999908447266,67.27999877929688,31110450,70.4000015258789,70.31999969482422,69.60646057128906
19-08-2019,68.87999725341797,71.04000091552734,13954700,71.12000274658203,69.36000061035156,68.65620422363281
20-08-2019,66.63999938964844,68.63999938964844,12787788,68.80000305175781,67.04000091552734,66.3597412109375
21-08-2019,65.12000274658203,66.87999725341797,10657313,67.83999633789062,65.27999877929688,64.61759948730469
22-08-2019,64.87999725341797,65.44000244140625,8518325,66.4800033569336,65.5199966430664,64.85516357421875
23-08-2019,62.08000183105469,64.72000122070312,16074788,64.80000305175781,63.7599983215332,63.1130256652832
26-08-2019,63.36000061035156,64.4800033569336,7248400,64.80000305175781,64.4000015258789,63.74652862548828
27-08-2019,63.279998779296875,64.72000122070312,8258700,64.87999725341797,63.439998626708984,62.79627227783203
28-08-2019,62.08000183105469,63.36000061035156,7212288,63.91999816894531,63.52000045776367,62.87546157836914
29-08-2019,64.0,64.31999969482422,7342625,65.5999984741211,64.87999725341797,64.22166442871094
30-08-2019,64.87999725341797,65.12000274658203,5915450,66.08000183105469,66.0,65.3302993774414
03-09-2019,64.63999938964844,64.80000305175781,8456113,67.12000274658203,66.63999938964844,65.96379089355469
04-09-2019,67.19999694824219,67.27999877929688,11706713,70.95999908447266,70.4000015258789,69.68565368652344
05-09-2019,70.4000015258789,71.91999816894531,10861388,73.83999633789062,70.4800033569336,69.76481628417969
06-09-2019,68.55999755859375,70.55999755859375,5355775,70.55999755859375,69.68000030517578,68.97294616699219
09-09-2019,69.83999633789062,70.0,6245063,72.4000015258789,71.68000030517578,70.95266723632812
10-09-2019,71.19999694824219,71.27999877929688,7827150,74.16000366210938,73.12000274658203,72.3780517578125
11-09-2019,72.4800033569336,73.19999694824219,7136863,74.87999725341797,74.87999725341797,74.12018585205078
12-09-2019,73.76000213623047,75.19999694824219,8514388,76.16000366210938,74.08000183105469,73.32830810546875
13-09-2019,73.12000274658203,74.4800033569336,5698675,75.5999984741211,74.72000122070312,74.0417709350586
16-09-2019,73.36000061035156,74.4000015258789,5718550,75.36000061035156,75.04000091552734,74.3588638305664
17-09-2019,74.0,74.4000015258789,4744250,75.12000274658203,74.87999725341797,74.2003173828125
18-09-2019,73.44000244140625,74.4800033569336,5033838,75.12000274658203,75.04000091552734,74.3588638305664
19-09-2019,74.72000122070312,74.80000305175781,4241913,76.0,75.36000061035156,74.67596435546875
20-09-2019,74.72000122070312,75.68000030517578,7191300,76.31999969482422,74.95999908447266,74.27959442138672
23-09-2019,73.5999984741211,73.76000213623047,4188888,75.12000274658203,74.72000122070312,74.0417709350586
24-09-2019,71.68000030517578,74.4800033569336,6667875,74.80000305175781,71.76000213623047,71.10863494873047
25-09-2019,71.5199966430664,71.68000030517578,5482425,73.5999984741211,73.27999877929688,72.6148452758789
26-09-2019,71.68000030517578,73.44000244140625,4653725,73.68000030517578,72.16000366210938,71.50501251220703
27-09-2019,71.91999816894531,72.31999969482422,3813875,73.36000061035156,72.31999969482422,71.6635513305664
30-09-2019,71.5199966430664,72.63999938964844,4386425,72.80000305175781,71.5199966430664,70.87081146240234
01-10-2019,68.08000183105469,71.68000030517578,8597325,72.31999969482422,68.87999725341797,68.25477600097656
02-10-2019,67.27999877929688,68.4800033569336,5940100,68.95999908447266,68.08000183105469,67.4620361328125
03-10-2019,66.0,68.0,7328325,69.68000030517578,69.68000030517578,69.0475082397461
04-10-2019,68.31999969482422,68.87999725341797,6534100,69.5999984741211,68.55999755859375,67.93767547607422
07-10-2019,67.83999633789062,68.4000015258789,4021300,69.19999694824219,68.4800033569336,67.85840606689453
08-10-2019,66.16000366210938,67.83999633789062,5687800,68.0,66.23999786376953,65.63874053955078
09-10-2019,65.91999816894531,66.4800033569336,4105100,66.95999908447266,66.80000305175781,66.19366455078125
10-10-2019,66.4800033569336,66.72000122070312,3818263,68.16000366210938,67.5999984741211,66.98639678955078
11-10-2019,68.63999938964844,68.72000122070312,6979375,71.36000061035156,70.4000015258789,69.760986328125
14-10-2019,69.12000274658203,70.72000122070312,4256588,70.80000305175781,69.76000213623047,69.12680053710938
15-10-2019,68.87999725341797,69.91999816894531,4854288,71.36000061035156,71.12000274658203,70.47445678710938
16-10-2019,70.72000122070312,70.87999725341797,7230188,72.55999755859375,71.19999694824219,70.55371856689453
17-10-2019,71.04000091552734,71.36000061035156,4082625,72.72000122070312,72.31999969482422,71.6635513305664
18-10-2019,71.5999984741211,72.08000183105469,4876613,72.80000305175781,71.68000030517578,71.02937316894531
21-10-2019,70.08000183105469,71.91999816894531,7573100,72.95999908447266,70.31999969482422,69.68170928955078
22-10-2019,68.87999725341797,70.16000366210938,7139388,72.4800033569336,72.4800033569336,71.82210540771484
23-10-2019,71.44000244140625,71.83999633789062,5948113,73.19999694824219,73.12000274658203,72.456298828125
24-10-2019,71.04000091552734,72.95999908447266,4266463,73.19999694824219,71.5999984741211,70.95008850097656
25-10-2019,71.36000061035156,71.36000061035156,5269963,72.72000122070312,72.0,71.3464584350586
28-10-2019,71.91999816894531,72.16000366210938,3969363,72.95999908447266,72.55999755859375,71.9013671875
29-10-2019,71.44000244140625,72.08000183105469,5719875,73.12000274658203,72.55999755859375,71.9013671875
30-10-2019,77.68000030517578,78.23999786376953,26992925,82.95999908447266,80.87999725341797,80.14586639404297
31-10-2019,78.87999725341797,80.4000015258789,10829238,81.68000030517578,79.83999633789062,79.11529541015625
01-11-2019,80.4800033569336,80.63999938964844,10256663,83.12000274658203,83.04000091552734,82.28626251220703
04-11-2019,83.36000061035156,83.36000061035156,12222500,87.5999984741211,87.44000244140625,86.64632415771484
05-11-2019,85.76000213623047,87.36000061035156,8922713,87.76000213623047,87.76000213623047,86.9634017944336
06-11-2019,86.31999969482422,87.44000244140625,9750288,88.80000305175781,88.16000366210938,87.35977172851562
07-11-2019,88.72000122070312,88.80000305175781,8885288,90.55999755859375,90.31999969482422,89.50016021728516
08-11-2019,89.12000274658203,89.83999633789062,7810075,92.4000015258789,92.16000366210938,91.32347106933594
11-11-2019,89.91999816894531,91.19999694824219,5696950,92.0,90.80000305175781,89.975830078125
12-11-2019,90.31999969482422,90.55999755859375,6117863,92.63999938964844,91.36000061035156,90.5307388305664
13-11-2019,89.44000244140625,90.31999969482422,6747663,90.87999725341797,90.31999969482422,89.50016021728516
14-11-2019,89.44000244140625,89.44000244140625,3848825,90.80000305175781,90.31999969482422,89.50016021728516
15-11-2019,90.63999938964844,90.72000122070312,4779525,92.4000015258789,92.16000366210938,91.32347106933594
18-11-2019,90.63999938964844,91.27999877929688,6371550,92.0,91.5199966430664,90.68927764892578
19-11-2019,90.08000183105469,91.44000244140625,5854100,92.4000015258789,92.0,91.1649169921875
20-11-2019,90.08000183105469,91.5199966430664,5836263,91.91999816894531,91.12000274658203,90.29290771484375
21-11-2019,90.4800033569336,90.63999938964844,5211100,92.95999908447266,92.23999786376953,91.4027328491211
22-11-2019,91.91999816894531,91.91999816894531,4810225,93.76000213623047,92.4000015258789,91.5613021850586
25-11-2019,92.55999755859375,93.27999877929688,7088775,94.72000122070312,92.63999938964844,91.79911804199219
26-11-2019,90.4800033569336,92.95999908447266,8024238,93.36000061035156,90.80000305175781,89.975830078125
27-11-2019,90.08000183105469,91.12000274658203,5687338,91.76000213623047,90.31999969482422,89.50016021728516
29-11-2019,89.76000213623047,90.23999786376953,2842413,90.87999725341797,90.16000366210938,89.34162139892578
02-12-2019,89.12000274658203,90.4800033569336,8588888,92.16000366210938,89.27999877929688,88.46961212158203
03-12-2019,86.4800033569336,88.0,8006088,88.87999725341797,87.91999816894531,87.1219482421875
04-12-2019,86.95999908447266,89.36000061035156,5468563,89.44000244140625,87.19999694824219,86.40849304199219
05-12-2019,86.08000183105469,87.12000274658203,5909175,87.68000030517578,86.31999969482422,85.5364761352539
06-12-2019,86.80000305175781,87.19999694824219,6324613,88.87999725341797,88.80000305175781,87.99398803710938
09-12-2019,87.76000213623047,87.83999633789062,3336963,89.04000091552734,87.91999816894531,87.1219482421875
10-12-2019,87.36000061035156,87.91999816894531,3097613,88.23999786376953,88.08000183105469,87.28050231933594
11-12-2019,87.5999984741211,87.76000213623047,4589063,88.72000122070312,87.76000213623047,86.9634017944336
12-12-2019,89.91999816894531,90.80000305175781,12485013,92.55999755859375,91.5199966430664,90.68927764892578
13-12-2019,90.63999938964844,92.0,6579638,92.80000305175781,90.72000122070312,89.89654541015625
16-12-2019,89.04000091552734,90.23999786376953,6939113,90.87999725341797,89.36000061035156,88.54888916015625
17-12-2019,88.63999938964844,89.19999694824219,5218663,89.83999633789062,88.80000305175781,87.99398803710938
18-12-2019,87.36000061035156,88.16000366210938,9428513,89.12000274658203,87.68000030517578,86.88414001464844
19-12-2019,87.83999633789062,87.83999633789062,5663325,89.19999694824219,88.31999969482422,87.51832580566406
20-12-2019,87.19999694824219,88.63999938964844,9205138,89.12000274658203,88.23999786376953,87.5183334350586
23-12-2019,88.0,88.0,5504150,89.36000061035156,89.27999877929688,88.54981994628906
24-12-2019,88.72000122070312,88.80000305175781,2596125,89.5999984741211,89.5199966430664,88.78785705566406
26-12-2019,89.04000091552734,89.44000244140625,3795838,89.83999633789062,89.83999633789062,89.10523986816406
27-12-2019,89.04000091552734,89.36000061035156,3746475,89.68000030517578,89.44000244140625,88.70852661132812
30-12-2019,88.23999786376953,88.55999755859375,6018250,89.27999877929688,88.63999938964844,87.9150619506836
31-12-2019,87.68000030517578,88.0,7082250,89.27999877929688,89.27999877929688,88.54981994628906
02-01-2020,89.83999633789062,89.83999633789062,10927725,95.68000030517578,95.44000244140625,94.6594467163086
03-01-2020,92.23999786376953,92.55999755859375,10735725,96.0,95.76000213623047,94.9768295288086
06-01-2020,94.72000122070312,94.72000122070312,13993588,97.68000030517578,97.12000274658203,96.32569885253906
07-01-2020,95.36000061035156,97.19999694824219,8822413,97.91999816894531,96.4000015258789,95.6115951538086
08-01-2020,94.95999908447266,95.91999816894531,6925313,96.4000015258789,95.5199966430664,94.73877716064453
09-01-2020,94.63999938964844,96.55999755859375,4922138,96.72000122070312,95.27999877929688,94.50074768066406
10-01-2020,92.72000122070312,94.72000122070312,7331500,95.27999877929688,93.36000061035156,92.5964584350586
13-01-2020,93.44000244140625,93.91999816894531,8270188,97.19999694824219,96.95999908447266,96.1670150756836
14-01-2020,95.91999816894531,97.27999877929688,5628750,97.5199966430664,96.23999786376953,95.45288848876953
15-01-2020,94.63999938964844,96.16000366210938,5756375,96.16000366210938,94.95999908447266,94.18336486816406
16-01-2020,94.55999755859375,95.5199966430664,4584200,95.83999633789062,94.72000122070312,93.9453353881836
17-01-2020,94.08000183105469,94.80000305175781,5822588,95.44000244140625,94.4800033569336,93.7072982788086
21-01-2020,92.87999725341797,93.91999816894531,5467275,94.4000015258789,93.27999877929688,92.51710510253906
22-01-2020,90.80000305175781,93.68000030517578,7743475,93.68000030517578,90.95999908447266,90.21607971191406
23-01-2020,92.80000305175781,93.83999633789062,9145363,94.80000305175781,94.16000366210938,93.3899154663086
24-01-2020,92.95999908447266,95.04000091552734,7421975,95.12000274658203,93.68000030517578,92.91383361816406
27-01-2020,91.04000091552734,91.5999984741211,5982825,92.72000122070312,91.5199966430664,90.77149963378906
28-01-2020,91.76000213623047,92.16000366210938,7866075,94.55999755859375,93.83999633789062,93.07252502441406
29-01-2020,99.91999816894531,100.55999755859375,27586163,104.0,103.5199966430664,102.6733627319336
30-01-2020,100.0,103.12000274658203,11933663,103.91999816894531,101.83999633789062,101.00709533691406
31-01-2020,98.72000122070312,101.44000244140625,9748000,101.91999816894531,99.5999984741211,98.78540802001953
03-02-2020,98.0,99.68000030517578,6296063,101.44000244140625,98.08000183105469,97.2778549194336
04-02-2020,99.12000274658203,99.91999816894531,5548150,100.95999908447266,100.63999938964844,99.81692504882812
05-02-2020,100.55999755859375,102.08000183105469,6259238,102.87999725341797,102.87999725341797,102.03858947753906
06-02-2020,102.63999938964844,103.5199966430664,7951738,104.0,103.5999984741211,102.7527084350586
07-02-2020,102.4800033569336,104.16000366210938,8329575,104.72000122070312,102.63999938964844,101.8005599975586
10-02-2020,102.16000366210938,102.72000122070312,4186938,103.76000213623047,103.27999877929688,102.43531036376953
11-02-2020,102.23999786376953,103.5999984741211,5110288,103.83999633789062,102.80000305175781,101.95925903320312
12-02-2020,103.04000091552734,103.5999984741211,8214113,106.08000183105469,105.27999877929688,104.41895294189453
13-02-2020,103.19999694824219,104.63999938964844,6376538,105.27999877929688,103.5199966430664,102.6733627319336
14-02-2020,102.0,103.76000213623047,4620888,104.55999755859375,102.63999938964844,101.8005599975586
18-02-2020,101.36000061035156,101.68000030517578,5495438,103.5999984741211,102.0,101.1657943725586
19-02-2020,100.72000122070312,101.5999984741211,6859788,103.5199966430664,100.87999725341797,100.05494689941406
20-02-2020,99.27999877929688,101.19999694824219,4945238,101.44000244140625,100.23999786376953,99.4201889038086
21-02-2020,97.76000213623047,99.5999984741211,5365150,99.68000030517578,98.0,97.19850158691406
24-02-2020,92.80000305175781,93.5199966430664,8872250,96.4800033569336,94.87999725341797,94.10401916503906
25-02-2020,89.44000244140625,95.76000213623047,10135925,96.0,90.55999755859375,89.81934356689453
26-02-2020,86.4000015258789,90.95999908447266,11639750,92.31999969482422,87.5999984741211,86.88355255126953
27-02-2020,82.4800033569336,84.95999908447266,11781313,87.5999984741211,83.12000274658203,82.4402084350586
28-02-2020,78.87999725341797,79.5999984741211,18914513,89.5199966430664,87.04000091552734,86.32814025878906
02-03-2020,86.08000183105469,89.68000030517578,15600275,90.72000122070312,89.68000030517578,88.94654846191406
03-03-2020,85.36000061035156,90.0,13656150,91.04000091552734,87.04000091552734,86.32814025878906
04-03-2020,85.5999984741211,88.4800033569336,10382888,88.95999908447266,87.5999984741211,86.88355255126953
05-03-2020,79.5999984741211,84.80000305175781,13510900,85.83999633789062,80.63999938964844,79.9804916381836
06-03-2020,73.44000244140625,77.91999816894531,18557938,78.08000183105469,75.19999694824219,74.65904235839844
09-03-2020,64.87999725341797,66.63999938964844,15300088,69.27999877929688,65.68000030517578,65.20752716064453
10-03-2020,65.27999877929688,70.23999786376953,12367363,70.80000305175781,70.80000305175781,70.29070281982422
11-03-2020,65.27999877929688,68.95999908447266,12925313,69.27999877929688,65.68000030517578,65.20752716064453
12-03-2020,54.63999938964844,57.84000015258789,19677013,62.2400016784668,57.84000015258789,57.42392349243164
13-03-2020,57.52000045776367,62.400001525878906,13768075,64.31999969482422,62.79999923706055,62.348243713378906
16-03-2020,53.20000076293945,55.91999816894531,14488838,57.20000076293945,53.279998779296875,52.89672088623047
17-03-2020,50.400001525878906,55.279998779296875,15028250,58.63999938964844,56.63999938964844,56.23255157470703
18-03-2020,47.20000076293945,52.08000183105469,17365875,54.400001525878906,52.79999923706055,52.42018127441406
19-03-2020,49.20000076293945,51.20000076293945,12374213,55.279998779296875,51.84000015258789,51.46708297729492
20-03-2020,51.599998474121094,56.08000183105469,15766088,56.400001525878906,52.15999984741211,51.7847785949707
23-03-2020,48.2400016784668,51.599998474121094,13203888,53.040000915527344,48.880001068115234,48.52837371826172
24-03-2020,51.7599983215332,53.279998779296875,14936725,56.47999954223633,56.08000183105469,55.67658996582031
25-03-2020,55.68000030517578,59.599998474121094,17235813,64.0,60.47999954223633,60.04492950439453
26-03-2020,60.08000183105469,61.040000915527344,15397613,66.4000015258789,64.95999908447266,64.4926986694336
27-03-2020,60.31999969482422,61.439998626708984,11662375,62.959999084472656,60.959999084472656,60.52147674560547
30-03-2020,58.79999923706055,60.31999969482422,10856275,63.52000045776367,63.119998931884766,62.66594314575195
31-03-2020,62.560001373291016,62.959999084472656,15143738,65.44000244140625,63.52000045776367,63.06306457519531
01-04-2020,56.0,60.15999984741211,12444613,60.400001525878906,56.31999969482422,55.91485595703125
02-04-2020,54.15999984741211,56.15999984741211,12187300,59.119998931884766,55.20000076293945,54.802913665771484
03-04-2020,52.63999938964844,56.2400016784668,12225413,56.400001525878906,53.84000015258789,53.452701568603516
06-04-2020,55.52000045776367,56.560001373291016,12256075,58.400001525878906,57.84000015258789,57.42392349243164
07-04-2020,56.0,61.52000045776367,12010975,62.0,56.2400016784668,55.8354377746582
08-04-2020,56.47999954223633,57.439998626708984,11581338,59.040000915527344,58.400001525878906,57.979896545410156
09-04-2020,56.720001220703125,59.599998474121094,16012200,60.31999969482422,57.119998931884766,56.70909881591797
13-04-2020,54.08000183105469,57.040000915527344,11759313,57.040000915527344,56.15999984741211,55.75600814819336
14-04-2020,54.720001220703125,56.79999923706055,13383400,57.91999816894531,55.439998626708984,55.04117965698242
15-04-2020,50.79999923706055,53.84000015258789,17277600,53.84000015258789,52.0,51.62593078613281
16-04-2020,49.599998474121094,51.84000015258789,20709775,52.31999969482422,49.91999816894531,49.560890197753906
17-04-2020,50.720001220703125,51.7599983215332,20738475,55.52000045776367,54.720001220703125,54.32636260986328
20-04-2020,51.68000030517578,52.880001068115234,12461450,54.0,52.08000183105469,51.70535659790039
21-04-2020,50.400001525878906,51.119998931884766,9681638,52.63999938964844,51.84000015258789,51.46708297729492
22-04-2020,51.20000076293945,52.720001220703125,9593775,53.119998931884766,51.439998626708984,51.0699577331543
23-04-2020,51.439998626708984,51.68000030517578,10349513,53.91999816894531,52.15999984741211,51.7847785949707
24-04-2020,50.0,52.720001220703125,19452050,52.79999923706055,50.08000183105469,49.719749450683594
27-04-2020,50.63999938964844,51.040000915527344,13379775,51.7599983215332,51.439998626708984,51.0699577331543
28-04-2020,52.560001373291016,52.560001373291016,17583575,55.36000061035156,54.400001525878906,54.008670806884766
29-04-2020,52.15999984741211,53.439998626708984,28153500,55.20000076293945,52.63999938964844,52.261329650878906
30-04-2020,51.279998779296875,52.47999954223633,21963888,54.560001373291016,54.400001525878906,54.008670806884766
01-05-2020,51.279998779296875,53.36000061035156,15047063,53.91999816894531,52.0,51.62593078613281
04-05-2020,49.20000076293945,50.400001525878906,17106550,50.47999954223633,49.68000030517578,49.32262420654297
05-05-2020,49.279998779296875,50.2400016784668,14624813,51.68000030517578,49.599998474121094,49.24319076538086
06-05-2020,47.7599983215332,49.599998474121094,14656700,50.0,47.84000015258789,47.49586486816406
07-05-2020,48.47999954223633,48.47999954223633,12582913,50.08000183105469,48.880001068115234,48.52837371826172
08-05-2020,49.279998779296875,49.68000030517578,11704663,50.63999938964844,50.31999969482422,49.95801544189453
11-05-2020,49.040000915527344,49.91999816894531,8980375,50.0,49.52000045776367,49.16377258300781
12-05-2020,48.0,49.7599983215332,11956525,50.2400016784668,48.0,47.65470504760742
13-05-2020,43.84000015258789,48.0,29468163,48.15999984741211,46.31999969482422,45.986793518066406
14-05-2020,43.84000015258789,44.959999084472656,17525675,47.20000076293945,45.599998474121094,45.271976470947266
15-05-2020,43.84000015258789,44.880001068115234,16060775,45.279998779296875,43.91999816894531,43.60404968261719
18-05-2020,45.91999816894531,45.91999816894531,31819800,51.91999816894531,50.15999984741211,49.799171447753906
19-05-2020,48.720001220703125,50.31999969482422,13560638,50.959999084472656,49.68000030517578,49.32262420654297
20-05-2020,50.31999969482422,50.63999938964844,11410925,51.7599983215332,51.36000061035156,50.990535736083984
21-05-2020,50.63999938964844,51.36000061035156,12352638,52.400001525878906,51.84000015258789,51.46708297729492
22-05-2020,50.15999984741211,51.84000015258789,8698275,51.84000015258789,51.279998779296875,50.91111373901367
26-05-2020,54.31999969482422,54.31999969482422,16188838,55.52000045776367,54.400001525878906,54.008670806884766
27-05-2020,56.720001220703125,58.0,18468863,59.439998626708984,58.31999969482422,57.900474548339844
28-05-2020,53.91999816894531,59.91999816894531,17339350,59.91999816894531,54.2400016784668,53.84981918334961
29-05-2020,51.52000045776367,52.47999954223633,16162513,53.7599983215332,52.560001373291016,52.181907653808594
01-06-2020,51.91999816894531,52.63999938964844,9397338,54.560001373291016,54.08000183105469,53.69097137451172
02-06-2020,54.880001068115234,55.20000076293945,14196925,57.439998626708984,56.400001525878906,55.994285583496094
03-06-2020,57.439998626708984,57.7599983215332,15352438,59.36000061035156,58.880001068115234,58.45643997192383
04-06-2020,57.36000061035156,58.47999954223633,15649238,62.0,61.91999816894531,61.474571228027344
05-06-2020,62.63999938964844,67.5999984741211,20976450,68.4800033569336,63.040000915527344,62.58651351928711
08-06-2020,64.87999725341797,65.76000213623047,19807388,68.55999755859375,67.68000030517578,67.19314575195312
09-06-2020,63.20000076293945,65.5199966430664,14705650,65.68000030517578,64.16000366210938,63.698463439941406
10-06-2020,60.15999984741211,63.7599983215332,14619313,63.84000015258789,60.880001068115234,60.44206237792969
11-06-2020,54.720001220703125,56.47999954223633,15562863,58.79999923706055,55.599998474121094,55.20003128051758
12-06-2020,56.63999938964844,58.720001220703125,12623213,59.439998626708984,58.0,57.582767486572266
15-06-2020,54.79999923706055,55.599998474121094,12770475,58.79999923706055,57.91999816894531,57.50334548950195
16-06-2020,58.31999969482422,61.84000015258789,12270175,61.91999816894531,59.7599983215332,59.330108642578125
17-06-2020,57.599998474121094,60.0,9401413,60.2400016784668,57.91999816894531,57.50334548950195
18-06-2020,56.15999984741211,57.040000915527344,9799775,58.560001373291016,58.2400016784668,57.821044921875
19-06-2020,56.720001220703125,59.36000061035156,11084938,59.599998474121094,57.20000076293945,56.78853225708008
22-06-2020,55.68000030517578,57.36000061035156,9786200,57.439998626708984,56.31999969482422,55.91485595703125
23-06-2020,55.7599983215332,56.720001220703125,10072988,57.040000915527344,56.0,55.597164154052734
24-06-2020,52.15999984741211,55.20000076293945,18083250,55.20000076293945,52.2400016784668,51.86420822143555
25-06-2020,51.36000061035156,52.0,9243325,53.599998474121094,53.439998626708984,53.05557632446289
26-06-2020,51.599998474121094,52.959999084472656,11176200,53.20000076293945,51.84000015258789,51.544246673583984
29-06-2020,52.0,52.560001373291016,9409663,54.400001525878906,54.400001525878906,54.08964538574219
30-06-2020,53.279998779296875,53.68000030517578,8689638,54.959999084472656,54.63999938964844,54.32827377319336
01-07-2020,53.68000030517578,55.439998626708984,15078850,56.08000183105469,53.91999816894531,53.61238098144531
02-07-2020,54.47999954223633,54.880001068115234,9268975,56.31999969482422,54.560001373291016,54.24872970581055
06-07-2020,55.119998931884766,55.84000015258789,9428675,56.63999938964844,56.0,55.680519104003906
07-07-2020,54.0,55.119998931884766,7804213,55.119998931884766,54.08000183105469,53.77146911621094
08-07-2020,53.7599983215332,54.560001373291016,8054913,54.959999084472656,54.880001068115234,54.5669059753418
09-07-2020,52.63999938964844,54.63999938964844,9343500,54.63999938964844,52.63999938964844,52.339683532714844
10-07-2020,52.2400016784668,52.31999969482422,7927925,53.7599983215332,53.52000045776367,53.214656829833984
13-07-2020,53.119998931884766,54.08000183105469,8561550,54.560001373291016,53.599998474121094,53.29420471191406
14-07-2020,52.560001373291016,53.279998779296875,8688650,55.119998931884766,55.040000915527344,54.72599792480469
15-07-2020,56.2400016784668,56.720001220703125,11228388,57.68000030517578,57.119998931884766,56.79412078857422
16-07-2020,55.91999816894531,56.47999954223633,6543163,57.439998626708984,56.400001525878906,56.0782356262207
17-07-2020,55.84000015258789,56.47999954223633,7494750,57.20000076293945,56.560001373291016,56.23731994628906
20-07-2020,54.880001068115234,56.08000183105469,6133200,56.47999954223633,54.959999084472656,54.64645004272461
21-07-2020,55.20000076293945,55.52000045776367,8734463,57.20000076293945,56.31999969482422,55.998687744140625
22-07-2020,55.20000076293945,55.91999816894531,8188538,56.720001220703125,56.47999954223633,56.15777587890625
23-07-2020,55.7599983215332,56.47999954223633,8578563,56.959999084472656,56.31999969482422,55.998687744140625
24-07-2020,54.560001373291016,56.15999984741211,8181188,56.880001068115234,54.880001068115234,54.5669059753418
27-07-2020,53.52000045776367,54.720001220703125,8838000,54.79999923706055,53.68000030517578,53.37375259399414
28-07-2020,53.52000045776367,53.599998474121094,9504200,55.68000030517578,55.119998931884766,54.8055305480957
29-07-2020,52.15999984741211,55.91999816894531,18555300,56.0,52.720001220703125,52.41923141479492
30-07-2020,50.08000183105469,52.0,15940863,52.08000183105469,50.08000183105469,49.79429244995117
31-07-2020,48.0,50.0,17824413,50.31999969482422,48.560001373291016,48.282958984375
03-08-2020,48.15999984741211,49.119998931884766,11221188,49.52000045776367,48.880001068115234,48.601131439208984
04-08-2020,48.79999923706055,48.79999923706055,8880225,49.599998474121094,49.119998931884766,48.83976364135742
05-08-2020,49.119998931884766,49.36000061035156,13262150,51.20000076293945,51.20000076293945,50.907901763916016
06-08-2020,50.2400016784668,50.63999938964844,8739463,51.36000061035156,50.63999938964844,50.35109329223633
07-08-2020,50.0,50.31999969482422,10383113,51.68000030517578,51.20000076293945,50.907901763916016
10-08-2020,51.040000915527344,51.439998626708984,11793125,53.599998474121094,53.36000061035156,53.055572509765625
11-08-2020,53.52000045776367,54.959999084472656,11642688,56.0,53.84000015258789,53.532840728759766
12-08-2020,52.63999938964844,54.959999084472656,8767900,55.040000915527344,53.7599983215332,53.45329284667969
13-08-2020,52.720001220703125,52.720001220703125,6678563,54.08000183105469,52.79999923706055,52.49877166748047
14-08-2020,51.7599983215332,52.31999969482422,6299650,53.7599983215332,53.279998779296875,52.97602844238281
17-08-2020,51.599998474121094,53.36000061035156,7378675,53.52000045776367,51.7599983215332,51.46470260620117
18-08-2020,51.279998779296875,51.91999816894531,5335750,52.560001373291016,51.52000045776367,51.22607421875
19-08-2020,50.79999923706055,51.7599983215332,6795250,52.560001373291016,51.040000915527344,50.748809814453125
20-08-2020,49.68000030517578,50.63999938964844,7970500,51.040000915527344,50.15999984741211,49.87383270263672
21-08-2020,49.84000015258789,50.0,7481438,51.040000915527344,50.47999954223633,50.19200897216797
24-08-2020,50.400001525878906,50.79999923706055,12848175,53.119998931884766,53.040000915527344,52.73740005493164
25-08-2020,51.84000015258789,53.20000076293945,8681138,53.599998474121094,52.720001220703125,52.41923141479492
26-08-2020,51.52000045776367,52.959999084472656,7163000,52.959999084472656,51.84000015258789,51.544246673583984
27-08-2020,51.599998474121094,52.15999984741211,9173488,53.040000915527344,51.84000015258789,51.544246673583984
28-08-2020,51.7599983215332,52.08000183105469,7395213,52.959999084472656,52.880001068115234,52.57831573486328
31-08-2020,50.08000183105469,52.08000183105469,17734125,53.52000045776367,50.720001220703125,50.430633544921875
01-09-2020,49.20000076293945,50.15999984741211,11647700,51.20000076293945,49.52000045776367,49.237483978271484
02-09-2020,49.36000061035156,49.599998474121094,10477075,51.599998474121094,51.52000045776367,51.22607421875
03-09-2020,50.2400016784668,51.119998931884766,11765613,53.20000076293945,50.560001373291016,50.27155303955078
04-09-2020,50.08000183105469,51.439998626708984,11209488,52.47999954223633,51.36000061035156,51.066986083984375
08-09-2020,49.040000915527344,50.560001373291016,15080750,50.880001068115234,49.119998931884766,48.83976364135742
09-09-2020,48.15999984741211,49.599998474121094,13630538,49.599998474121094,49.279998779296875,48.99885177612305
10-09-2020,48.0,49.36000061035156,12165600,49.599998474121094,48.0,47.72615432739258
11-09-2020,47.439998626708984,48.31999969482422,8989825,48.400001525878906,47.599998474121094,47.328433990478516
14-09-2020,47.68000030517578,47.91999816894531,9250263,49.279998779296875,49.20000076293945,48.919307708740234
15-09-2020,48.15999984741211,49.36000061035156,10793850,49.7599983215332,48.79999923706055,48.5215950012207
16-09-2020,48.400001525878906,48.79999923706055,31998313,54.47999954223633,54.0,53.691925048828125
17-09-2020,53.36000061035156,54.47999954223633,32630038,57.439998626708984,56.400001525878906,56.0782356262207
18-09-2020,54.959999084472656,55.36000061035156,18160100,57.119998931884766,55.040000915527344,54.72599792480469
21-09-2020,49.84000015258789,53.040000915527344,20342450,53.20000076293945,50.79999923706055,50.51017761230469
22-09-2020,49.68000030517578,51.20000076293945,17612625,52.63999938964844,50.0,49.71474838256836
23-09-2020,48.79999923706055,50.2400016784668,11080588,51.36000061035156,48.880001068115234,48.601131439208984
24-09-2020,48.0,48.79999923706055,11933725,49.439998626708984,48.47999954223633,48.20341491699219
25-09-2020,48.15999984741211,48.47999954223633,9972338,49.36000061035156,48.880001068115234,48.68146514892578
28-09-2020,49.439998626708984,49.84000015258789,10411600,50.47999954223633,49.599998474121094,49.398536682128906
29-09-2020,48.47999954223633,49.68000030517578,9196450,49.84000015258789,48.959999084472656,48.76114273071289
30-09-2020,49.119998931884766,49.119998931884766,12097700,50.31999969482422,49.84000015258789,49.6375617980957
01-10-2020,48.880001068115234,50.15999984741211,9896950,50.31999969482422,49.91999816894531,49.71723937988281
02-10-2020,48.400001525878906,48.400001525878906,11259550,51.20000076293945,51.119998931884766,50.9123649597168
05-10-2020,50.560001373291016,51.119998931884766,7285450,51.599998474121094,51.279998779296875,51.071720123291016
06-10-2020,48.880001068115234,51.439998626708984,21258275,52.63999938964844,49.36000061035156,49.15951919555664
07-10-2020,49.68000030517578,49.7599983215332,10410763,51.20000076293945,50.47999954223633,50.27497100830078
08-10-2020,50.720001220703125,50.880001068115234,12895913,53.36000061035156,53.20000076293945,52.98392105102539
09-10-2020,53.599998474121094,56.560001373291016,21438438,56.560001373291016,54.720001220703125,54.497745513916016
12-10-2020,53.91999816894531,55.36000061035156,11129550,55.36000061035156,54.63999938964844,54.41807174682617
13-10-2020,53.279998779296875,54.31999969482422,9410950,54.560001373291016,53.7599983215332,53.54164505004883
14-10-2020,53.7599983215332,53.7599983215332,12243588,55.119998931884766,54.560001373291016,54.33839797973633
15-10-2020,52.880001068115234,53.599998474121094,11156588,55.040000915527344,54.959999084472656,54.73677444458008
16-10-2020,55.52000045776367,55.68000030517578,21143413,58.79999923706055,58.31999969482422,58.083126068115234
19-10-2020,57.84000015258789,59.119998931884766,16354638,59.7599983215332,58.31999969482422,58.083126068115234
20-10-2020,58.15999984741211,58.79999923706055,12302513,59.36000061035156,58.720001220703125,58.481502532958984
21-10-2020,58.15999984741211,58.2400016784668,9226388,59.279998779296875,58.560001373291016,58.32215118408203
22-10-2020,58.560001373291016,58.63999938964844,11970863,62.0,61.7599983215332,61.509151458740234
23-10-2020,60.47999954223633,63.439998626708984,16570400,64.23999786376953,61.040000915527344,60.792076110839844
26-10-2020,58.2400016784668,59.68000030517578,13031800,60.47999954223633,59.040000915527344,58.800201416015625
27-10-2020,56.720001220703125,59.20000076293945,12271250,59.20000076293945,56.79999923706055,56.569297790527344
28-10-2020,59.279998779296875,60.08000183105469,31686763,62.880001068115234,59.36000061035156,59.118900299072266
29-10-2020,58.47999954223633,61.279998779296875,15412250,61.91999816894531,58.959999084472656,58.720523834228516
30-10-2020,58.31999969482422,58.720001220703125,12796263,60.31999969482422,59.36000061035156,59.118900299072266
02-11-2020,58.63999938964844,60.0,13609788,60.63999938964844,60.15999984741211,59.915653228759766
03-11-2020,60.31999969482422,61.20000076293945,12234063,63.36000061035156,62.79999923706055,62.54492950439453
04-11-2020,60.2400016784668,61.52000045776367,15865638,64.16000366210938,62.79999923706055,62.54492950439453
05-11-2020,63.279998779296875,63.599998474121094,10725850,64.4000015258789,63.91999816894531,63.660377502441406
06-11-2020,63.68000030517578,64.16000366210938,10515688,65.12000274658203,64.72000122070312,64.4571304321289
09-11-2020,68.87999725341797,74.80000305175781,24160338,75.27999877929688,69.76000213623047,69.4766616821289
10-11-2020,70.0,70.55999755859375,20591700,72.80000305175781,71.83999633789062,71.5482177734375
11-11-2020,70.63999938964844,72.87999725341797,10930000,72.95999908447266,71.12000274658203,70.83113861083984
12-11-2020,69.36000061035156,70.08000183105469,9939800,70.95999908447266,70.08000183105469,69.79535675048828
13-11-2020,70.80000305175781,70.87999725341797,16247538,74.0,74.0,73.69943237304688
16-11-2020,75.36000061035156,76.87999725341797,14846500,77.12000274658203,76.55999755859375,76.24903106689453
17-11-2020,74.63999938964844,75.5999984741211,11293575,77.91999816894531,77.44000244140625,77.1254653930664
18-11-2020,77.83999633789062,79.76000213623047,18608225,80.4000015258789,77.83999633789062,77.52383422851562
19-11-2020,76.08000183105469,76.95999908447266,10897188,78.08000183105469,77.27999877929688,76.96611022949219
20-11-2020,76.72000122070312,77.12000274658203,10016938,78.63999938964844,78.08000183105469,77.76286315917969
23-11-2020,78.87999725341797,78.87999725341797,13524663,82.16000366210938,80.55999755859375,80.23279571533203
24-11-2020,83.19999694824219,85.68000030517578,22036100,86.80000305175781,83.5999984741211,83.26044464111328
25-11-2020,82.72000122070312,84.23999786376953,13734113,84.4800033569336,84.0,83.6588134765625
27-11-2020,82.4800033569336,84.4000015258789,6769350,84.4800033569336,83.19999694824219,82.86207580566406
30-11-2020,79.68000030517578,83.12000274658203,15638013,83.12000274658203,81.44000244140625,81.1092300415039
01-12-2020,80.87999725341797,82.63999938964844,10845888,83.83999633789062,81.19999694824219,80.87019348144531
02-12-2020,80.08000183105469,80.63999938964844,9654450,83.83999633789062,83.44000244140625,83.1010971069336
03-12-2020,83.12000274658203,83.19999694824219,11431613,85.5999984741211,84.80000305175781,84.45556640625
04-12-2020,84.08000183105469,85.36000061035156,16877613,87.44000244140625,87.04000091552734,86.68647766113281
07-12-2020,86.08000183105469,87.12000274658203,12175500,88.80000305175781,86.87999725341797,86.5271224975586
08-12-2020,86.31999969482422,86.55999755859375,11672288,88.23999786376953,87.68000030517578,87.3238754272461
09-12-2020,88.0,88.0,15766938,91.91999816894531,91.12000274658203,90.7499008178711
10-12-2020,88.4800033569336,88.63999938964844,11958950,91.83999633789062,90.55999755859375,90.19217681884766
11-12-2020,88.16000366210938,90.23999786376953,11123213,91.27999877929688,89.27999877929688,88.91737365722656
14-12-2020,86.31999969482422,90.16000366210938,9914688,90.80000305175781,86.63999938964844,86.28809356689453
15-12-2020,85.19999694824219,87.5999984741211,10826738,89.19999694824219,88.87999725341797,88.51899719238281
16-12-2020,87.19999694824219,89.04000091552734,7351975,89.19999694824219,87.44000244140625,87.08484649658203
17-12-2020,86.4000015258789,87.5199966430664,7805750,87.91999816894531,87.04000091552734,86.68647766113281
18-12-2020,85.91999816894531,86.23999786376953,14344200,88.95999908447266,86.4800033569336,86.2079849243164
21-12-2020,82.87999725341797,83.76000213623047,10727338,86.95999908447266,86.16000366210938,85.88899993896484
22-12-2020,83.91999816894531,85.68000030517578,11125938,86.08000183105469,84.87999725341797,84.61300659179688
23-12-2020,84.95999908447266,85.44000244140625,7563063,87.83999633789062,86.87999725341797,86.60671997070312
24-12-2020,84.95999908447266,86.80000305175781,3756213,86.80000305175781,85.19999694824219,84.93199920654297
28-12-2020,84.63999938964844,85.5999984741211,6724588,86.23999786376953,85.12000274658203,84.85226440429688
29-12-2020,84.31999969482422,85.27999877929688,6629488,86.16000366210938,84.4800033569336,84.21427917480469
30-12-2020,84.4000015258789,84.63999938964844,6327625,86.80000305175781,85.68000030517578,85.41050720214844
31-12-2020,84.63999938964844,85.19999694824219,5962788,86.63999938964844,86.4000015258789,86.12824249267578
04-01-2021,83.19999694824219,87.12000274658203,9993688,87.19999694824219,83.76000213623047,83.49654388427734
05-01-2021,83.36000061035156,83.44000244140625,10462538,87.04000091552734,86.16000366210938,85.88899993896484
06-01-2021,86.63999938964844,86.63999938964844,16448075,92.95999908447266,90.87999725341797,90.5941390991211
07-01-2021,89.91999816894531,92.4800033569336,9411225,92.55999755859375,90.16000366210938,89.87641143798828
08-01-2021,89.27999877929688,90.31999969482422,9089963,91.5199966430664,90.72000122070312,90.43465423583984
11-01-2021,88.4800033569336,88.87999725341797,8406700,92.23999786376953,91.5999984741211,91.31187438964844
12-01-2021,91.27999877929688,92.08000183105469,11429913,95.27999877929688,94.23999786376953,93.94357299804688
13-01-2021,92.16000366210938,94.23999786376953,6714200,94.55999755859375,92.55999755859375,92.26885986328125
14-01-2021,92.63999938964844,92.87999725341797,7401188,93.83999633789062,93.27999877929688,92.9865951538086
15-01-2021,90.0,92.80000305175781,9201188,92.80000305175781,90.63999938964844,90.35490417480469
19-01-2021,91.19999694824219,91.83999633789062,7937425,93.19999694824219,91.44000244140625,91.15238189697266
20-01-2021,90.4000015258789,92.0,7376988,92.0,91.12000274658203,90.83338928222656
21-01-2021,88.55999755859375,91.19999694824219,8200338,91.44000244140625,88.55999755859375,88.28143310546875
22-01-2021,87.19999694824219,87.76000213623047,6614925,89.44000244140625,88.87999725341797,88.60043334960938
25-01-2021,86.16000366210938,89.12000274658203,11502613,89.19999694824219,87.91999816894531,87.6434555053711
26-01-2021,89.5999984741211,96.23999786376953,26475425,97.83999633789062,90.31999969482422,90.0359115600586
27-01-2021,85.12000274658203,88.63999938964844,18679988,92.4800033569336,91.04000091552734,90.7536392211914
28-01-2021,88.55999755859375,91.27999877929688,11762413,91.76000213623047,88.72000122070312,88.4409408569336
29-01-2021,85.36000061035156,88.0,13657350,89.91999816894531,85.44000244140625,85.17124938964844
01-02-2021,85.12000274658203,86.87999725341797,8335725,88.0,85.91999816894531,85.64974212646484
02-02-2021,86.72000122070312,87.04000091552734,10558238,90.80000305175781,89.91999816894531,89.63715362548828
03-02-2021,88.55999755859375,89.91999816894531,6776850,90.4000015258789,89.5999984741211,89.31816101074219
04-02-2021,89.5199966430664,89.83999633789062,8345975,92.0,91.5999984741211,91.31187438964844
05-02-2021,90.55999755859375,92.08000183105469,6477300,92.4000015258789,91.19999694824219,90.91313934326172
08-02-2021,91.27999877929688,91.76000213623047,5306813,93.19999694824219,92.87999725341797,92.58785247802734
09-02-2021,91.27999877929688,92.4800033569336,6592288,92.80000305175781,92.31999969482422,92.02960968017578
10-02-2021,91.04000091552734,92.72000122070312,5694988,92.72000122070312,91.19999694824219,90.91313934326172
11-02-2021,89.5199966430664,91.12000274658203,6478650,91.76000213623047,91.68000030517578,91.3916244506836
12-02-2021,91.04000091552734,91.27999877929688,7304963,93.91999816894531,93.83999633789062,93.54483032226562
16-02-2021,94.23999786376953,94.55999755859375,7539000,95.83999633789062,95.76000213623047,95.45880126953125
17-02-2021,94.08000183105469,94.72000122070312,5367513,95.5999984741211,94.87999725341797,94.58155822753906
18-02-2021,92.08000183105469,94.72000122070312,6106825,94.87999725341797,93.04000091552734,92.74735260009766
19-02-2021,93.44000244140625,93.76000213623047,7631125,96.23999786376953,96.16000366210938,95.85753631591797
22-02-2021,96.23999786376953,96.55999755859375,12079538,101.5999984741211,100.0,99.68546295166016
23-02-2021,97.44000244140625,100.80000305175781,9005313,101.19999694824219,100.72000122070312,100.4031982421875
24-02-2021,101.19999694824219,102.4000015258789,13348875,106.80000305175781,104.95999908447266,104.6298599243164
25-02-2021,101.27999877929688,104.80000305175781,11542163,106.16000366210938,102.08000183105469,101.7589111328125
26-02-2021,99.27999877929688,101.44000244140625,11091225,102.72000122070312,100.31999969482422,100.00444793701172
01-03-2021,102.31999969482422,103.36000061035156,9754700,106.31999969482422,104.87999725341797,104.55010986328125
02-03-2021,103.76000213623047,105.19999694824219,9650675,106.0,103.83999633789062,103.51337432861328
03-03-2021,104.4000015258789,104.72000122070312,14696538,108.95999908447266,107.5199966430664,107.18180084228516
04-03-2021,105.44000244140625,111.04000091552734,20820213,113.04000091552734,108.55999755859375,108.2185287475586
05-03-2021,105.12000274658203,110.4000015258789,13121938,110.4800033569336,108.80000305175781,108.53776550292969
08-03-2021,110.4800033569336,113.68000030517578,17964700,114.72000122070312,113.36000061035156,113.0867691040039
09-03-2021,110.63999938964844,112.80000305175781,14308463,115.36000061035156,112.0,111.73004913330078
10-03-2021,103.36000061035156,109.19999694824219,27528800,109.91999816894531,106.0,105.7445068359375
11-03-2021,95.5999984741211,101.5199966430664,38225663,102.87999725341797,98.16000366210938,97.92340850830078
12-03-2021,97.83999633789062,97.91999816894531,16818988,100.95999908447266,100.63999938964844,100.39742279052734
15-03-2021,101.83999633789062,101.91999816894531,13925313,106.87999725341797,106.80000305175781,106.5425796508789
16-03-2021,104.55999755859375,106.63999938964844,9307025,106.80000305175781,105.19999694824219,104.9464340209961
17-03-2021,105.04000091552734,105.5999984741211,9903388,108.87999725341797,108.87999725341797,108.6175537109375
18-03-2021,105.5199966430664,108.72000122070312,7970138,109.5199966430664,106.0,105.7445068359375
19-03-2021,103.83999633789062,105.5999984741211,8559000,106.80000305175781,105.76000213623047,105.50508880615234
22-03-2021,103.44000244140625,105.27999877929688,6598638,105.91999816894531,105.04000091552734,104.78682708740234
23-03-2021,100.4000015258789,103.68000030517578,8206888,105.44000244140625,101.27999877929688,101.03588104248047
24-03-2021,100.0,102.08000183105469,7759188,104.16000366210938,100.0,99.75897216796875
25-03-2021,97.83999633789062,99.19999694824219,9173988,103.44000244140625,102.80000305175781,102.55223083496094
26-03-2021,101.68000030517578,103.5999984741211,7565588,105.04000091552734,103.91999816894531,103.66951751708984
29-03-2021,102.23999786376953,103.36000061035156,6720363,104.4000015258789,103.5999984741211,103.35028839111328
30-03-2021,103.19999694824219,103.83999633789062,6615638,106.87999725341797,106.4000015258789,106.14354705810547
31-03-2021,105.04000091552734,107.04000091552734,7823250,107.44000244140625,105.04000091552734,104.78682708740234
01-04-2021,105.19999694824219,105.83999633789062,7397975,106.87999725341797,106.23999786376953,105.98392486572266
05-04-2021,106.95999908447266,107.76000213623047,6342363,108.55999755859375,107.68000030517578,107.42045593261719
06-04-2021,106.95999908447266,107.68000030517578,5006525,108.0,107.19999694824219,106.94161224365234
07-04-2021,106.08000183105469,107.19999694824219,5220675,108.23999786376953,107.12000274658203,106.86180114746094
08-04-2021,104.72000122070312,106.08000183105469,6864875,108.0,107.5999984741211,107.34065246582031
09-04-2021,107.36000061035156,108.0,7905750,110.63999938964844,108.80000305175781,108.53776550292969
12-04-2021,107.76000213623047,108.87999725341797,5259625,109.44000244140625,108.72000122070312,108.45795440673828
13-04-2021,106.08000183105469,108.08000183105469,6402975,108.31999969482422,107.5199966430664,107.2608413696289
14-04-2021,107.36000061035156,107.44000244140625,8079875,110.31999969482422,109.44000244140625,109.17620849609375
15-04-2021,107.5199966430664,109.83999633789062,6360225,110.0,108.4000015258789,108.13871765136719
16-04-2021,106.80000305175781,109.04000091552734,6253050,109.44000244140625,107.12000274658203,106.86180114746094
19-04-2021,105.36000061035156,106.55999755859375,5609475,107.76000213623047,107.68000030517578,107.42045593261719
20-04-2021,103.19999694824219,107.27999877929688,7682088,107.27999877929688,104.4800033569336,104.2281723022461
21-04-2021,102.16000366210938,103.44000244140625,6201013,107.04000091552734,106.80000305175781,106.5425796508789
22-04-2021,106.23999786376953,106.80000305175781,6575975,109.44000244140625,107.27999877929688,107.02142333984375
23-04-2021,106.87999725341797,108.0,5829763,108.87999725341797,108.4000015258789,108.13871765136719
26-04-2021,108.4000015258789,109.04000091552734,11722363,112.0,108.55999755859375,108.29833221435547
27-04-2021,103.27999877929688,108.0,18721875,108.31999969482422,107.91999816894531,107.65987396240234
28-04-2021,105.19999694824219,106.63999938964844,8261925,106.80000305175781,105.5999984741211,105.34546661376953
29-04-2021,104.63999938964844,105.44000244140625,6894700,106.31999969482422,105.68000030517578,105.42527770996094
30-04-2021,104.63999938964844,105.27999877929688,6237438,106.80000305175781,104.95999908447266,104.70701599121094
03-05-2021,105.36000061035156,105.91999816894531,7934063,108.23999786376953,107.5999984741211,107.34065246582031
04-05-2021,104.55999755859375,106.72000122070312,9692275,107.12000274658203,104.95999908447266,104.70701599121094
05-05-2021,104.72000122070312,105.27999877929688,6958038,106.31999969482422,105.68000030517578,105.42527770996094
06-05-2021,104.23999786376953,105.76000213623047,7847150,106.4800033569336,105.68000030517578,105.42527770996094
07-05-2021,104.55999755859375,105.27999877929688,6735088,106.72000122070312,106.4000015258789,106.14354705810547
10-05-2021,106.4000015258789,106.4800033569336,8195250,108.63999938964844,106.80000305175781,106.5425796508789
11-05-2021,103.5199966430664,105.5199966430664,8501525,106.31999969482422,104.72000122070312,104.46758270263672
12-05-2021,102.16000366210938,104.63999938964844,8856213,105.04000091552734,102.55999755859375,102.31279754638672
13-05-2021,101.76000213623047,102.4000015258789,8197850,104.31999969482422,103.76000213623047,103.50990295410156
14-05-2021,104.23999786376953,104.95999908447266,6334675,106.4000015258789,106.08000183105469,105.82431030273438
17-05-2021,104.95999908447266,105.83999633789062,9542238,106.72000122070312,105.19999694824219,104.9464340209961
18-05-2021,103.76000213623047,105.44000244140625,6115788,106.16000366210938,103.76000213623047,103.50990295410156
19-05-2021,102.31999969482422,103.19999694824219,7427025,104.80000305175781,104.72000122070312,104.46758270263672
20-05-2021,103.36000061035156,104.72000122070312,5809338,104.87999725341797,104.4800033569336,104.2281723022461
21-05-2021,104.4000015258789,104.87999725341797,6665013,106.23999786376953,105.83999633789062,105.58488464355469
24-05-2021,104.95999908447266,106.31999969482422,4876600,106.4800033569336,105.44000244140625,105.18585968017578
25-05-2021,104.80000305175781,105.5999984741211,5916213,106.31999969482422,104.95999908447266,104.70701599121094
26-05-2021,104.31999969482422,104.95999908447266,7533713,107.44000244140625,107.19999694824219,106.94161224365234
27-05-2021,108.72000122070312,108.80000305175781,23073575,115.19999694824219,114.80000305175781,114.52330017089844
28-05-2021,112.23999786376953,114.31999969482422,9071488,114.72000122070312,112.4800033569336,112.20889282226562
01-06-2021,112.80000305175781,113.83999633789062,6284613,114.72000122070312,113.19999694824219,112.9271469116211
02-06-2021,112.08000183105469,113.44000244140625,4992100,113.44000244140625,112.72000122070312,112.44831085205078
03-06-2021,111.5199966430664,111.91999816894531,7895475,114.95999908447266,112.72000122070312,112.44831085205078
04-06-2021,110.87999725341797,113.27999877929688,8008900,113.5999984741211,111.68000030517578,111.41081237792969
07-06-2021,110.87999725341797,112.0,4668638,112.55999755859375,111.27999877929688,111.01177215576172
08-06-2021,109.76000213623047,111.76000213623047,5515250,111.91999816894531,111.19999694824219,110.93196105957031
09-06-2021,109.36000061035156,110.16000366210938,6970963,110.4800033569336,109.83999633789062,109.57524871826172
10-06-2021,108.72000122070312,110.4800033569336,6229850,110.95999908447266,109.04000091552734,108.77717590332031
11-06-2021,108.55999755859375,109.19999694824219,5295663,110.23999786376953,109.5199966430664,109.25601196289062
14-06-2021,107.27999877929688,110.23999786376953,5678225,110.63999938964844,107.76000213623047,107.5002670288086
15-06-2021,106.4800033569336,107.5999984741211,4753238,108.55999755859375,108.31999969482422,108.05891418457031
16-06-2021,106.31999969482422,108.0,8766413,109.19999694824219,107.5199966430664,107.2608413696289
17-06-2021,103.27999877929688,107.27999877929688,9626675,108.08000183105469,104.0,103.74932861328125
18-06-2021,102.0,102.72000122070312,10258088,104.16000366210938,102.23999786376953,101.99356842041016
21-06-2021,102.87999725341797,103.12000274658203,6744263,105.5199966430664,105.5199966430664,105.26566314697266
22-06-2021,103.5199966430664,104.95999908447266,4783575,105.5999984741211,104.23999786376953,103.98873901367188
23-06-2021,103.5199966430664,104.16000366210938,5459688,105.5199966430664,103.5999984741211,103.35028839111328
24-06-2021,103.36000061035156,104.4800033569336,5977550,105.5999984741211,105.19999694824219,104.9464340209961
25-06-2021,104.80000305175781,105.27999877929688,4264450,105.91999816894531,105.27999877929688,105.10616302490234
28-06-2021,102.31999969482422,105.27999877929688,7723450,105.36000061035156,103.12000274658203,102.94973754882812
29-06-2021,103.68000030517578,104.4800033569336,8649650,105.83999633789062,104.72000122070312,104.54708862304688
30-06-2021,104.4000015258789,105.19999694824219,8568975,108.23999786376953,107.68000030517578,107.50220489501953
01-07-2021,106.87999725341797,108.63999938964844,5836638,109.04000091552734,107.83999633789062,107.66194152832031
02-07-2021,106.4800033569336,108.31999969482422,4144988,108.31999969482422,106.87999725341797,106.70352172851562
06-07-2021,102.55999755859375,106.23999786376953,8829850,106.55999755859375,103.36000061035156,103.18933868408203
07-07-2021,101.91999816894531,103.04000091552734,7632563,104.63999938964844,103.83999633789062,103.66854095458984
08-07-2021,100.87999725341797,101.83999633789062,6727850,103.5199966430664,102.95999908447266,102.78999328613281
09-07-2021,103.5199966430664,104.08000183105469,5165288,105.5199966430664,105.27999877929688,105.10616302490234
12-07-2021,103.19999694824219,104.4800033569336,6969838,105.12000274658203,104.87999725341797,104.70682525634766
13-07-2021,103.04000091552734,104.72000122070312,4926450,104.72000122070312,103.12000274658203,102.94973754882812
14-07-2021,101.76000213623047,103.04000091552734,5588738,103.83999633789062,102.4800033569336,102.310791015625
15-07-2021,100.55999755859375,101.5199966430664,6423850,103.36000061035156,102.08000183105469,101.91145324707031
16-07-2021,100.16000366210938,102.4000015258789,5695475,102.95999908447266,100.4000015258789,100.2342300415039
19-07-2021,94.55999755859375,97.5199966430664,12362150,97.91999816894531,96.0,95.84149169921875
20-07-2021,95.91999816894531,96.08000183105469,9390363,101.91999816894531,101.5999984741211,101.43224334716797
21-07-2021,102.16000366210938,102.31999969482422,8440725,104.87999725341797,104.63999938964844,104.46722412109375
22-07-2021,101.5999984741211,104.4000015258789,5427875,104.4800033569336,101.5999984741211,101.43224334716797
23-07-2021,101.04000091552734,102.4000015258789,4722413,103.04000091552734,101.68000030517578,101.51211547851562
26-07-2021,101.04000091552734,101.27999877929688,6728613,103.5199966430664,103.36000061035156,103.18933868408203
27-07-2021,102.4000015258789,106.63999938964844,14930538,107.76000213623047,104.63999938964844,104.46722412109375
28-07-2021,104.31999969482422,105.19999694824219,8571038,107.83999633789062,105.04000091552734,104.86656951904297
29-07-2021,104.72000122070312,105.5199966430664,6784563,107.04000091552734,106.31999969482422,106.14444732666016
30-07-2021,103.36000061035156,105.27999877929688,7507838,105.76000213623047,103.5999984741211,103.42893981933594
02-08-2021,100.43000030517578,104.4800033569336,24885500,107.20999908447266,100.5999984741211,100.43389129638672
03-08-2021,98.11000061035156,100.19999694824219,14440000,103.19999694824219,103.05999755859375,102.88983154296875
04-08-2021,101.45999908447266,101.80999755859375,14144300,103.44999694824219,102.91000366210938,102.74008178710938
05-08-2021,102.5199966430664,103.0,8130800,104.63999938964844,103.0199966430664,102.84989166259766
06-08-2021,103.36000061035156,103.36000061035156,10984300,105.26000213623047,104.5199966430664,104.34741973876953
09-08-2021,102.02999877929688,103.55999755859375,7954700,104.2699966430664,103.70999908447266,103.53875732421875
10-08-2021,103.19999694824219,103.80999755859375,8056100,106.33000183105469,106.08000183105469,105.90484619140625
11-08-2021,103.81999969482422,106.20999908447266,8305100,106.20999908447266,106.04000091552734,105.86491394042969
12-08-2021,105.23999786376953,106.19000244140625,6398700,107.2300033569336,106.5199966430664,106.3441162109375
13-08-2021,104.58000183105469,106.5,5617100,106.62000274658203,104.91999816894531,104.74675750732422
16-08-2021,102.23999786376953,104.2300033569336,6916200,104.30000305175781,103.3499984741211,103.17935180664062
17-08-2021,100.36000061035156,102.54000091552734,8177400,103.2699966430664,101.62000274658203,101.45221710205078
18-08-2021,100.76000213623047,101.08000183105469,6496500,103.47000122070312,101.41000366210938,101.24256134033203
19-08-2021,98.5999984741211,100.0,10805700,100.81999969482422,99.41999816894531,99.25584411621094
20-08-2021,99.0999984741211,99.58999633789062,6355700,100.66999816894531,100.05000305175781,99.88480377197266
23-08-2021,100.2699966430664,100.5999984741211,6007400,101.4800033569336,100.97000122070312,100.80328369140625
24-08-2021,101.05999755859375,101.29000091552734,6857700,103.51000213623047,103.2699966430664,103.0994873046875
25-08-2021,102.55000305175781,103.36000061035156,7867100,105.12999725341797,104.69999694824219,104.5271224975586
26-08-2021,102.83999633789062,104.45999908447266,8166500,104.62000274658203,103.37999725341797,103.20930480957031
27-08-2021,103.9000015258789,103.9000015258789,7766400,106.1500015258789,106.08999633789062,105.91482543945312
30-08-2021,104.80000305175781,106.33000183105469,7145700,106.45999908447266,105.19000244140625,105.01631164550781
31-08-2021,104.45999908447266,104.94000244140625,10990800,106.36000061035156,105.41000366210938,105.23595428466797
01-09-2021,103.26000213623047,105.36000061035156,7968100,105.47000122070312,103.66000366210938,103.48884582519531
02-09-2021,103.9800033569336,104.0,8493700,106.33999633789062,106.26000213623047,106.08455657958984
03-09-2021,104.08000183105469,106.0,7616900,107.36000061035156,104.75,104.57704162597656
07-09-2021,102.30999755859375,104.5,10989500,104.94000244140625,103.29000091552734,103.11945343017578
08-09-2021,100.41999816894531,102.94999694824219,12001300,104.7300033569336,102.58000183105469,102.41062927246094
09-09-2021,102.11000061035156,102.36000061035156,9386500,104.91999816894531,103.29000091552734,103.11945343017578
10-09-2021,101.77999877929688,103.29000091552734,9555200,103.94999694824219,102.0,101.83158111572266
13-09-2021,102.0199966430664,102.6500015258789,12484200,104.86000061035156,104.45999908447266,104.28752136230469
14-09-2021,100.06999969482422,104.54000091552734,16022600,104.55000305175781,100.37999725341797,100.2142562866211
15-09-2021,100.69000244140625,100.79000091552734,8103700,102.47000122070312,102.16000366210938,101.99132537841797
16-09-2021,100.81999969482422,102.38999938964844,5981900,102.69999694824219,101.33999633789062,101.17266845703125
17-09-2021,100.12999725341797,101.1500015258789,10718000,101.86000061035156,100.47000122070312,100.30411529541016
20-09-2021,97.2699966430664,98.5,10103800,99.87000274658203,99.80999755859375,99.64519500732422
21-09-2021,96.20999908447266,99.9000015258789,15788600,99.98999786376953,96.81999969482422,96.6601333618164
22-09-2021,97.66000366210938,97.66999816894531,11216100,99.02999877929688,98.54000091552734,98.3772964477539
23-09-2021,99.5199966430664,99.52999877929688,11601100,104.08000183105469,102.95999908447266,102.78999328613281
24-09-2021,102.5999984741211,102.66000366210938,6559500,104.19999694824219,103.80000305175781,103.70919799804688
27-09-2021,104.38999938964844,104.55000305175781,8081500,106.33000183105469,105.3499984741211,105.2578353881836
28-09-2021,104.7300033569336,105.29000091552734,12551700,106.75,105.7300033569336,105.63751220703125
29-09-2021,105.30999755859375,106.0,7399200,107.0,106.27999877929688,106.18702697753906
30-09-2021,102.94999694824219,106.36000061035156,8944200,107.08999633789062,103.02999877929688,102.93986511230469
01-10-2021,103.66999816894531,104.18000030517578,8094500,106.38999938964844,105.81999969482422,105.72742462158203
04-10-2021,104.5999984741211,105.4000015258789,7656200,107.08000183105469,104.9000015258789,104.80823516845703
05-10-2021,103.75,105.05999755859375,5737200,106.0,104.9000015258789,104.80823516845703
06-10-2021,102.05999755859375,103.68000030517578,7013900,104.41999816894531,104.33000183105469,104.23873138427734
07-10-2021,104.33000183105469,104.83999633789062,6656500,106.52999877929688,105.51000213623047,105.4177017211914
08-10-2021,104.66000366210938,105.37000274658203,4272100,106.22000122070312,104.72000122070312,104.62838745117188
11-10-2021,103.97000122070312,104.83999633789062,4121800,105.76000213623047,104.08000183105469,103.98895263671875
12-10-2021,101.55999755859375,103.55999755859375,8549600,104.04000091552734,102.72000122070312,102.63014221191406
13-10-2021,101.18000030517578,102.19999694824219,7517000,103.19999694824219,102.36000061035156,102.27045440673828
14-10-2021,102.37000274658203,103.13999938964844,6139100,103.6500015258789,102.73999786376953,102.65011596679688
15-10-2021,103.19000244140625,103.6500015258789,5647200,105.9000015258789,104.41000366210938,104.31866455078125
18-10-2021,103.04000091552734,103.68000030517578,4145500,104.56999969482422,104.12000274658203,104.02891540527344
19-10-2021,103.58000183105469,104.58000183105469,4216400,104.97000122070312,104.7300033569336,104.63838195800781
20-10-2021,103.87000274658203,104.75,6107900,106.0199966430664,106.0,105.90727233886719
21-10-2021,103.01000213623047,105.76000213623047,7219600,106.38999938964844,103.1500015258789,103.05976104736328
22-10-2021,102.55000305175781,103.05000305175781,5355000,104.51000213623047,104.05000305175781,103.95897674560547
25-10-2021,103.33000183105469,103.63999938964844,6496200,105.98999786376953,105.30000305175781,105.2078857421875
26-10-2021,105.22000122070312,105.76000213623047,11701000,110.97000122070312,107.44000244140625,107.34600830078125
27-10-2021,103.69000244140625,107.87999725341797,8984300,108.27999877929688,103.8499984741211,103.75914764404297
28-10-2021,103.0999984741211,103.38999938964844,5910800,105.37999725341797,105.26000213623047,105.16791534423828
29-10-2021,104.12000274658203,104.94999694824219,5617100,105.23999786376953,104.87000274658203,104.77825927734375
01-11-2021,105.27999877929688,105.76000213623047,4887100,106.7699966430664,106.2300033569336,106.13706970214844
02-11-2021,105.30000305175781,106.33999633789062,4480800,107.13999938964844,106.69000244140625,106.59666442871094
03-11-2021,104.81999969482422,106.16000366210938,4111700,106.33999633789062,105.97000122070312,105.8772964477539
04-11-2021,104.29000091552734,105.87000274658203,4675800,106.4000015258789,105.20999908447266,105.11795806884766
05-11-2021,106.8499984741211,106.93000030517578,7600000,109.6500015258789,108.73999786376953,108.64486694335938
08-11-2021,108.31999969482422,109.4000015258789,5174500,110.30999755859375,108.41999816894531,108.32514953613281
09-11-2021,110.4800033569336,114.7300033569336,25123700,116.16999816894531,111.29000091552734,111.19264221191406
10-11-2021,108.11000061035156,112.5,8692600,112.68000030517578,108.95999908447266,108.86467742919922
11-11-2021,106.77999877929688,108.55000305175781,5512800,109.5999984741211,107.0,106.9063949584961
12-11-2021,106.45999908447266,107.4000015258789,7621900,107.93000030517578,107.58999633789062,107.4958724975586
15-11-2021,106.19999694824219,108.02999877929688,6124900,108.66999816894531,106.66999816894531,106.5766830444336
16-11-2021,102.81999969482422,106.1500015258789,11997700,106.20999908447266,103.3499984741211,103.25958251953125
17-11-2021,101.41999816894531,103.69999694824219,8307600,103.87999725341797,101.98999786376953,101.90077209472656
18-11-2021,99.18000030517578,101.43000030517578,8530900,101.80000305175781,100.66999816894531,100.5819320678711
19-11-2021,99.30000305175781,99.80000305175781,6603300,100.73999786376953,99.95999908447266,99.87255096435547
22-11-2021,100.27999877929688,100.47000122070312,6206600,101.97000122070312,101.04000091552734,100.95160675048828
23-11-2021,101.1500015258789,101.77999877929688,6011400,102.20999908447266,102.08000183105469,101.9906997680664
24-11-2021,101.30999755859375,101.86000061035156,5572100,102.31999969482422,102.2300033569336,102.14057159423828
26-11-2021,95.51000213623047,96.66000366210938,8607600,98.0999984741211,97.83999633789062,97.75440216064453
29-11-2021,96.83000183105469,99.2699966430664,9776600,100.43000030517578,98.4000015258789,98.31391906738281
30-11-2021,94.47000122070312,96.63999938964844,11409400,97.43000030517578,94.98999786376953,94.90689849853516
01-12-2021,92.94000244140625,96.55000305175781,8657100,96.88999938964844,93.0,92.91864013671875
02-12-2021,92.80999755859375,94.19999694824219,6094600,95.77999877929688,95.2300033569336,95.14669799804688
03-12-2021,91.7300033569336,95.12999725341797,8079800,95.3499984741211,92.7699966430664,92.6888427734375
06-12-2021,93.23999786376953,93.8499984741211,6679900,96.88999938964844,96.01000213623047,95.92601013183594
07-12-2021,96.30000305175781,96.5999984741211,5049000,98.33000183105469,97.55000305175781,97.46466827392578
08-12-2021,96.9800033569336,97.55000305175781,4756800,98.94000244140625,98.27999877929688,98.19402313232422
09-12-2021,97.0,97.7699966430664,4066700,98.19000244140625,97.83000183105469,97.74441528320312
10-12-2021,96.44999694824219,98.08999633789062,4274600,98.55999755859375,96.94999694824219,96.86518096923828
13-12-2021,92.81999969482422,95.97000122070312,7378600,96.4000015258789,93.12999725341797,93.04852294921875
14-12-2021,91.72000122070312,92.75,7260800,94.05999755859375,92.11000061035156,92.0294189453125
15-12-2021,90.18000030517578,92.22000122070312,7694500,92.41000366210938,92.08000183105469,91.99945068359375
16-12-2021,92.19999694824219,92.5199966430664,7127400,94.33999633789062,92.52999877929688,92.44905090332031
17-12-2021,90.11000061035156,92.44999694824219,9065000,93.06999969482422,91.44999694824219,91.3699951171875
20-12-2021,88.16999816894531,90.0,6013200,90.0999984741211,89.9800033569336,89.9800033569336
21-12-2021,90.72000122070312,90.72000122070312,7617700,93.66999816894531,93.05999755859375,93.05999755859375
22-12-2021,92.16000366210938,92.91999816894531,4663900,93.70999908447266,93.06999969482422,93.06999969482422
23-12-2021,93.30000305175781,93.30000305175781,3885500,94.54000091552734,94.0,94.0
27-12-2021,93.44999694824219,93.62999725341797,3428900,94.66999816894531,94.62000274658203,94.62000274658203
28-12-2021,94.23999786376953,94.43000030517578,4051900,96.08000183105469,95.30000305175781,95.30000305175781
29-12-2021,94.44000244140625,95.0,3490500,95.4800033569336,94.79000091552734,94.79000091552734
30-12-2021,94.52999877929688,94.66000366210938,3269000,95.9800033569336,94.69999694824219,94.69999694824219
31-12-2021,93.9000015258789,94.5,3795700,94.97000122070312,94.47000122070312,94.47000122070312
03-01-2022,94.75,95.22000122070312,4619800,97.44000244140625,96.23999786376953,96.23999786376953
04-01-2022,98.08999633789062,98.77999877929688,7624100,100.05000305175781,99.37000274658203,99.37000274658203
05-01-2022,99.29000091552734,99.7300033569336,5894700,101.79000091552734,99.37000274658203,99.37000274658203
06-01-2022,99.41999816894531,100.44999694824219,4277000,101.08000183105469,99.94999694824219,99.94999694824219
07-01-2022,99.7699966430664,99.80000305175781,6248300,102.23999786376953,101.4000015258789,101.4000015258789
10-01-2022,98.94000244140625,101.72000122070312,5768700,102.0,99.41999816894531,99.41999816894531
11-01-2022,99.97000122070312,100.29000091552734,5673900,102.37000274658203,101.79000091552734,101.79000091552734
12-01-2022,101.37999725341797,101.43000030517578,4558500,102.62000274658203,102.23999786376953,102.23999786376953
13-01-2022,101.80000305175781,102.29000091552734,4382500,103.6500015258789,102.45999908447266,102.45999908447266
14-01-2022,100.91000366210938,101.66000366210938,4379200,103.2699966430664,103.16000366210938,103.16000366210938
18-01-2022,102.16000366210938,102.55999755859375,8410600,103.7300033569336,102.88999938964844,102.88999938964844
19-01-2022,100.47000122070312,102.69000244140625,5699000,102.98999786376953,100.62000274658203,100.62000274658203
20-01-2022,97.97000122070312,100.2300033569336,5635500,101.79000091552734,98.25,98.25
21-01-2022,95.86000061035156,97.69999694824219,8077400,98.3499984741211,96.30000305175781,96.30000305175781
24-01-2022,92.29000091552734,94.58999633789062,9873300,97.44000244140625,96.91000366210938,96.91000366210938
25-01-2022,88.30000305175781,91.12000274658203,20952000,92.36000061035156,91.11000061035156,91.11000061035156
26-01-2022,88.05000305175781,91.51000213623047,10637200,91.91000366210938,89.31999969482422,89.31999969482422
27-01-2022,88.06999969482422,90.0,7804600,91.7699966430664,89.9000015258789,89.9000015258789
28-01-2022,88.8499984741211,89.30000305175781,6478600,92.16000366210938,92.0999984741211,92.0999984741211
31-01-2022,91.02999877929688,91.61000061035156,7001600,94.55999755859375,94.4800033569336,94.4800033569336
01-02-2022,94.75,95.0,8149200,98.41999816894531,97.94999694824219,97.94999694824219
02-02-2022,96.16000366210938,97.66999816894531,5561400,98.58000183105469,98.04000091552734,98.04000091552734
03-02-2022,96.55000305175781,97.1500015258789,6213300,99.16000366210938,98.31999969482422,98.31999969482422
04-02-2022,97.63999938964844,97.69999694824219,6403200,100.05000305175781,99.01000213623047,99.01000213623047
07-02-2022,98.5,99.37000274658203,4385700,100.58999633789062,99.9000015258789,99.9000015258789
08-02-2022,98.62999725341797,99.9800033569336,5158400,100.5,99.30999755859375,99.30999755859375
09-02-2022,99.12000274658203,100.25,6624200,100.47000122070312,99.25,99.25
10-02-2022,98.0,98.38999938964844,5512900,100.68000030517578,98.79000091552734,98.79000091552734
11-02-2022,96.16999816894531,99.0199966430664,7445800,100.2300033569336,96.83000183105469,96.83000183105469
14-02-2022,95.70999908447266,96.70999908447266,2058400,97.4000015258789,96.16999816894531,96.16999816894531
