Date,Low,Open,Volume,High,Close,Adjusted Close
04-04-2019,121.6500015258789,122.16000366210938,673400,122.3000030517578,121.98999786376952,111.9437255859375
05-04-2019,120.97000122070312,121.8000030517578,1259400,122.1999969482422,121.91999816894533,111.87948608398438
08-04-2019,121.12999725341795,121.61000061035156,1171100,121.91000366210938,121.63999938964844,111.62254333496094
09-04-2019,120.7699966430664,121.33999633789062,1314300,121.62999725341795,121.33999633789062,111.34725189208984
10-04-2019,121.11000061035156,121.11000061035156,895600,121.88999938964844,121.66000366210938,111.64090728759766
11-04-2019,121.45999908447266,122.37000274658205,1307000,122.6999969482422,122.56999969482422,112.4759521484375
12-04-2019,122.04000091552734,122.5999984741211,928000,123.26000213623048,123.18000030517578,113.03571319580078
15-04-2019,122.72000122070312,123.06999969482422,1004600,123.48999786376952,123.0,112.87053680419922
16-04-2019,121.9499969482422,123.3499984741211,1225100,123.5,123.31999969482422,113.16419982910156
17-04-2019,122.91999816894533,123.4000015258789,1174500,123.86000061035156,123.4499969482422,113.2834701538086
18-04-2019,122.41000366210938,123.69000244140624,1405000,124.76000213623048,123.5500030517578,113.37525177001952
22-04-2019,127.93000030517578,127.93000030517578,6569300,132.47000122070312,130.25,119.52349090576172
23-04-2019,125.41000366210938,130.0,5403900,130.5,125.62000274658205,115.27477264404295
24-04-2019,124.37000274658205,125.55999755859376,2602200,125.73999786376952,124.4000015258789,114.15524291992188
25-04-2019,122.81999969482422,123.66000366210938,1875300,124.33000183105467,124.01000213623048,113.79735565185548
26-04-2019,124.25,124.62999725341795,1722100,125.73999786376952,125.73999786376952,115.38489532470705
29-04-2019,124.88999938964844,125.36000061035156,1124300,126.18000030517578,125.25,114.93524169921876
30-04-2019,125.31999969482422,125.4000015258789,1934200,128.55999755859375,128.3800048828125,117.80750274658205
01-05-2019,125.47000122070312,127.9000015258789,1526800,128.25,125.47000122070312,115.13713836669922
02-05-2019,125.04000091552734,125.41999816894533,1013800,127.33999633789062,127.26000213623048,116.77972412109376
03-05-2019,126.91999816894533,127.22000122070312,1073900,127.70999908447266,127.5,116.99993896484376
06-05-2019,126.16000366210938,127.02999877929688,1821000,128.30999755859375,127.9000015258789,117.36701202392578
07-05-2019,125.38999938964844,127.22000122070312,1174300,128.25999450683594,126.18000030517578,115.78866577148438
08-05-2019,125.5199966430664,126.26000213623048,1047100,127.76000213623048,126.88999938964844,116.44020080566406
09-05-2019,125.70999908447266,127.0199966430664,1184200,127.1999969482422,126.4000015258789,115.99053955078124
10-05-2019,125.18000030517578,125.91000366210938,942100,127.69000244140624,127.44000244140624,116.94490051269533
13-05-2019,126.0,126.37000274658205,1538500,128.38999938964844,128.02000427246094,117.47712707519533
14-05-2019,127.0,127.61000061035156,1272300,128.9499969482422,127.5500030517578,117.04583740234376
15-05-2019,127.30999755859376,128.0,1138200,128.8800048828125,128.6699981689453,118.0735855102539
16-05-2019,128.0800018310547,129.0,1248100,129.58999633789062,128.72000122070312,118.11947631835938
17-05-2019,127.81999969482422,128.11000061035156,1028100,129.60000610351562,128.92999267578125,118.31217956542967
20-05-2019,128.52000427246094,128.8000030517578,1495100,130.60000610351562,130.11000061035156,119.39500427246094
21-05-2019,129.75,130.3300018310547,1427600,130.6199951171875,130.0800018310547,119.36746978759766
22-05-2019,129.8800048828125,130.52000427246094,1049600,131.4600067138672,130.97999572753906,120.193359375
23-05-2019,130.05999755859375,130.5,1187400,131.3699951171875,130.91000366210938,120.1291275024414
24-05-2019,130.52999877929688,131.02000427246094,871900,131.75,130.6300048828125,119.87220001220705
28-05-2019,128.4499969482422,130.9199981689453,1720900,131.69000244140625,128.6199951171875,118.0277099609375
29-05-2019,127.52999877929688,128.69000244140625,1243400,128.72000122070312,128.4199981689453,117.84418487548828
30-05-2019,128.47999572753906,128.6999969482422,889300,130.64999389648438,130.22000122070312,119.49595642089844
31-05-2019,127.76000213623048,129.9199981689453,1474900,129.9199981689453,127.88999938964844,117.35784149169922
03-06-2019,128.0,128.41000366210938,1793700,131.1199951171875,131.02999877929688,120.23925018310548
04-06-2019,130.82000732421875,131.19000244140625,2108000,132.25,131.42999267578125,120.60629272460938
05-06-2019,131.08999633789062,131.88999938964844,1504700,133.99000549316406,133.5,122.50584411621094
06-06-2019,132.55999755859375,132.8000030517578,1193500,134.10000610351562,133.5800018310547,123.53231811523438
07-06-2019,134.0,134.25,1813600,135.77999877929688,134.91000366210938,124.7623062133789
10-06-2019,133.44000244140625,134.9499969482422,899000,135.00999450683594,134.7100067138672,124.57736206054688
11-06-2019,134.0399932861328,134.6999969482422,1148300,135.7100067138672,134.61000061035156,124.48485565185548
12-06-2019,135.05999755859375,135.67999267578125,1244900,136.5,136.30999755859375,126.05702209472656
13-06-2019,135.75,136.5800018310547,1464900,137.38999938964844,137.32000732421875,126.9910125732422
14-06-2019,136.92999267578125,137.32000732421875,1374700,138.4199981689453,137.64999389648438,127.29617309570312
17-06-2019,136.00999450683594,137.47000122070312,2083200,137.89999389648438,137.1999969482422,126.88004302978516
18-06-2019,134.99000549316406,138.44000244140625,1780100,138.97999572753906,136.0800018310547,125.84429168701172
19-06-2019,134.19000244140625,135.80999755859375,2401000,136.24000549316406,135.8800048828125,125.65933990478516
20-06-2019,135.27999877929688,136.42999267578125,1853000,136.8699951171875,136.30999755859375,126.05702209472656
21-06-2019,135.11000061035156,136.67999267578125,2792500,136.7899932861328,135.58999633789062,125.3911361694336
24-06-2019,136.10000610351562,136.47999572753906,1468400,137.97999572753906,137.7899932861328,127.4256591796875
25-06-2019,136.66000366210938,137.3699951171875,1212800,137.8800048828125,136.8300018310547,126.5378875732422
26-06-2019,133.27000427246094,136.36000061035156,1306200,136.38999938964844,133.41000366210938,123.37513732910156
27-06-2019,133.22000122070312,133.52999877929688,1286700,134.64999389648438,133.9199981689453,123.8467788696289
28-06-2019,133.27999877929688,134.3300018310547,5526900,135.22000122070312,133.27999877929688,123.25489807128906
01-07-2019,133.5500030517578,134.22000122070312,1950000,135.67999267578125,135.4199981689453,125.23392486572266
02-07-2019,135.0500030517578,135.35000610351562,1182600,136.60000610351562,136.07000732421875,125.83504486083984
03-07-2019,137.02000427246094,137.10000610351562,1358900,138.64999389648438,138.35000610351562,127.9435577392578
05-07-2019,135.61000061035156,137.83999633789062,872500,138.0,137.05999755859375,126.75057220458984
08-07-2019,136.92999267578125,136.92999267578125,1443800,138.69000244140625,138.49000549316406,128.07301330566406
09-07-2019,135.9600067138672,138.24000549316406,1175700,138.24000549316406,136.8699951171875,126.57488250732422
10-07-2019,137.24000549316406,137.5,1291000,138.75,137.8000030517578,127.4349365234375
11-07-2019,136.16000366210938,137.75,921700,137.91000366210938,137.4199981689453,127.08348846435548
12-07-2019,137.49000549316406,138.0,1079100,138.89999389648438,138.75999450683594,128.3227081298828
15-07-2019,138.30999755859375,138.9499969482422,975200,139.64999389648438,139.25,128.77584838867188
16-07-2019,138.36000061035156,139.77999877929688,1421700,140.6199951171875,138.52000427246094,128.10076904296875
17-07-2019,137.36000061035156,138.66000366210938,1604400,138.67999267578125,138.02999877929688,127.64759826660156
18-07-2019,136.4199981689453,137.10000610351562,2152600,137.61000061035156,137.5399932861328,127.19446563720705
19-07-2019,135.63999938964844,137.99000549316406,1496900,138.11000061035156,135.74000549316406,125.52986907958984
22-07-2019,133.7100067138672,135.91000366210938,2559300,136.22999572753906,134.25999450683594,124.16119384765624
23-07-2019,133.02999877929688,136.5,4423100,137.38999938964844,135.0500030517578,124.89176940917967
24-07-2019,134.00999450683594,135.97999572753906,1833800,136.58999633789062,134.64999389648438,124.5218505859375
25-07-2019,133.25,133.80999755859375,1518300,136.36000061035156,135.38999938964844,125.20618438720705
26-07-2019,134.75999450683594,135.7899932861328,1834300,137.5399932861328,137.1699981689453,126.8523178100586
29-07-2019,137.3000030517578,137.64999389648438,1186300,139.0,138.25,127.8510513305664
30-07-2019,137.9600067138672,138.6199951171875,1493100,140.0,138.3000030517578,127.89730834960938
31-07-2019,134.14999389648438,137.99000549316406,1838700,138.32000732421875,135.64999389648438,125.44661712646484
01-08-2019,134.6199951171875,135.16000366210938,1480900,137.11000061035156,135.24000549316406,125.06747436523438
02-08-2019,134.72000122070312,135.4499969482422,1407800,136.94000244140625,135.8699951171875,125.65010833740234
05-08-2019,132.75,135.8000030517578,1614000,136.3000030517578,133.6300048828125,123.57857513427734
06-08-2019,132.9199981689453,133.64999389648438,1498400,135.08999633789062,134.52000427246094,124.4016571044922
07-08-2019,132.32000732421875,134.05999755859375,1751900,137.0500030517578,136.1300048828125,125.89054107666016
08-08-2019,135.80999755859375,136.42999267578125,1329800,138.8800048828125,138.5399932861328,128.11924743652344
09-08-2019,137.14999389648438,138.92999267578125,1380900,139.75,138.3699951171875,127.9620590209961
12-08-2019,137.67999267578125,138.36000061035156,881800,139.6300048828125,138.1300048828125,127.74010467529295
13-08-2019,137.72999572753906,138.41000366210938,2010700,140.64999389648438,139.4199981689453,128.9330596923828
14-08-2019,136.57000732421875,138.3699951171875,1888500,140.6199951171875,136.7100067138672,126.42693328857422
15-08-2019,137.27000427246094,137.67999267578125,1307600,139.9499969482422,139.27000427246094,128.7943572998047
16-08-2019,139.8800048828125,140.02000427246094,1660500,141.7100067138672,140.72000122070312,130.13526916503906
19-08-2019,140.7899932861328,140.9499969482422,1678200,143.16000366210938,142.74000549316406,132.0033416748047
20-08-2019,139.92999267578125,143.10000610351562,2087600,143.11000061035156,140.14999389648438,129.60812377929688
21-08-2019,140.6699981689453,140.9600067138672,1144300,142.32000732421875,141.91000366210938,131.23577880859375
22-08-2019,141.02000427246094,142.2100067138672,989200,142.80999755859375,141.77999877929688,131.11553955078125
23-08-2019,137.57000732421875,141.52000427246094,1427500,142.05999755859375,138.41000366210938,127.9990234375
26-08-2019,138.91000366210938,139.38999938964844,1111500,140.82000732421875,140.25,129.70062255859375
27-08-2019,140.33999633789062,141.17999267578125,1346500,141.5800018310547,141.13999938964844,130.52371215820312
28-08-2019,140.60000610351562,141.17999267578125,860400,142.1699981689453,141.9499969482422,131.2727813720703
29-08-2019,140.42999267578125,142.7899932861328,1057800,142.99000549316406,141.83999633789062,131.17105102539062
30-08-2019,140.5800018310547,142.5399932861328,1316700,142.57000732421875,141.11000061035156,130.4959259033203
03-09-2019,139.69000244140625,141.02000427246094,1526900,141.85000610351562,141.50999450683594,130.86585998535156
04-09-2019,141.5399932861328,141.75999450683594,1295100,142.72000122070312,142.67999267578125,131.9478302001953
05-09-2019,139.27999877929688,141.75,2360100,142.66000366210938,139.47999572753906,129.9264678955078
06-09-2019,137.3800048828125,139.6699981689453,2134500,140.0399932861328,138.0500030517578,128.5944366455078
09-09-2019,132.05999755859375,138.86000061035156,3430900,138.86000061035156,133.27000427246094,124.14183807373048
10-09-2019,130.5399932861328,132.1199951171875,3040400,132.4199981689453,131.14999389648438,122.16703033447266
11-09-2019,129.2100067138672,131.0399932861328,2624700,131.9600067138672,131.91000366210938,122.87498474121094
12-09-2019,132.39999389648438,132.8300018310547,1728600,134.72000122070312,133.5800018310547,124.43060302734376
13-09-2019,131.8000030517578,132.08999633789062,1672000,133.8699951171875,132.41000366210938,123.3407211303711
16-09-2019,128.2899932861328,131.5399932861328,2265600,131.92999267578125,128.77999877929688,119.9593734741211
17-09-2019,128.66000366210938,128.66000366210938,1925700,132.07000732421875,131.9199981689453,122.8843002319336
18-09-2019,131.58999633789062,132.44000244140625,1547900,133.3300018310547,133.08999633789062,123.9741668701172
19-09-2019,133.0399932861328,133.33999633789062,1501400,134.94000244140625,134.1199951171875,124.93358612060548
20-09-2019,134.0,134.55999755859375,2773500,135.3300018310547,135.0399932861328,125.79059600830078
23-09-2019,136.00999450683594,136.91000366210938,2271100,137.6999969482422,136.8300018310547,127.45800018310548
24-09-2019,136.6300048828125,137.47999572753906,1518800,138.8300018310547,137.8000030517578,128.361572265625
25-09-2019,136.88999938964844,137.9499969482422,1894100,138.88999938964844,137.5800018310547,128.15663146972656
26-09-2019,137.97000122070312,138.13999938964844,1684000,140.33999633789062,140.11000061035156,130.51332092285156
27-09-2019,140.8000030517578,142.02999877929688,1546000,142.38999938964844,142.05999755859375,132.3297576904297
30-09-2019,141.5399932861328,141.6199951171875,1399800,143.5,142.0500030517578,132.32046508789062
01-10-2019,140.1999969482422,141.6699981689453,1169600,142.33999633789062,141.66000366210938,131.9571990966797
02-10-2019,137.89999389648438,141.50999450683594,1864000,142.33999633789062,139.7899932861328,130.21524047851562
03-10-2019,138.8300018310547,140.1199951171875,1098900,140.72000122070312,139.72000122070312,130.15003967285156
04-10-2019,139.75,139.75,1294500,141.6199951171875,141.60000610351562,131.90130615234375
07-10-2019,140.02000427246094,141.49000549316406,1212500,141.72999572753906,140.16000366210938,130.55992126464844
08-10-2019,136.99000549316406,139.72999572753906,1593200,140.1300048828125,137.11000061035156,127.71882629394533
09-10-2019,136.3699951171875,137.7100067138672,1409400,138.13999938964844,137.35000610351562,127.9423828125
10-10-2019,136.38999938964844,136.9199981689453,1140500,138.5,137.88999938964844,128.44540405273438
11-10-2019,137.02000427246094,137.74000549316406,1154600,138.58999633789062,137.6300048828125,128.2032012939453
14-10-2019,134.58999633789062,137.89999389648438,1275600,137.89999389648438,135.10000610351562,125.84648895263672
15-10-2019,133.1300048828125,135.55999755859375,1621500,135.77999877929688,133.8699951171875,124.70074462890624
16-10-2019,133.11000061035156,134.25999450683594,1513900,134.72999572753906,134.6999969482422,125.4738998413086
17-10-2019,134.63999938964844,134.63999938964844,1082000,135.89999389648438,135.6199951171875,126.3308563232422
18-10-2019,134.4600067138672,135.4600067138672,1765800,137.77999877929688,137.22000122070312,127.8212661743164
21-10-2019,136.67999267578125,136.99000549316406,2447100,139.5500030517578,139.19000244140625,129.65635681152344
22-10-2019,129.3800048828125,137.0,4576800,137.25,129.3800048828125,120.5182876586914
23-10-2019,129.91000366210938,130.55999755859375,2992700,134.61000061035156,134.2899932861328,125.09195709228516
24-10-2019,134.50999450683594,134.6999969482422,1761100,136.07000732421875,135.19000244140625,125.9303207397461
25-10-2019,134.17999267578125,135.1999969482422,1891900,136.22999572753906,134.1999969482422,125.00812530517578
28-10-2019,131.25,134.42999267578125,1940600,135.0,131.8800048828125,122.84705352783205
29-10-2019,131.07000732421875,131.69000244140625,1252300,133.64999389648438,132.94000244140625,123.8344497680664
30-10-2019,132.6199951171875,134.1999969482422,1122200,134.83999633789062,133.6699981689453,124.51441192626952
31-10-2019,132.07000732421875,133.32000732421875,1477900,134.0500030517578,132.8800048828125,123.778564453125
01-11-2019,131.6300048828125,132.91000366210938,1008400,133.67999267578125,132.0399932861328,122.99606323242188
04-11-2019,129.00999450683594,131.89999389648438,1697800,132.57000732421875,129.36000061035156,120.49964141845705
05-11-2019,129.19000244140625,129.30999755859375,1557600,131.0500030517578,130.3699951171875,121.4404525756836
06-11-2019,130.8300018310547,130.97999572753906,1602300,132.4199981689453,131.72000122070312,122.69800567626952
07-11-2019,130.8000030517578,131.58999633789062,1224600,132.35000610351562,131.75999450683594,122.73526000976562
08-11-2019,130.63999938964844,131.7899932861328,1092500,133.0399932861328,131.4600067138672,122.455810546875
11-11-2019,130.8800048828125,131.47999572753906,610400,132.1199951171875,131.1999969482422,122.21360778808594
12-11-2019,130.88999938964844,131.25999450683594,1271100,132.0800018310547,131.35000610351562,122.35334014892578
13-11-2019,131.75,131.92999267578125,1164600,133.16000366210938,132.4199981689453,123.3500518798828
14-11-2019,131.94000244140625,132.1699981689453,936400,133.42999267578125,132.38999938964844,123.32210540771484
15-11-2019,131.1999969482422,131.74000549316406,1190300,132.24000549316406,131.6300048828125,122.61416625976562
18-11-2019,131.42999267578125,131.42999267578125,1810900,134.38999938964844,132.52000427246094,123.44320678710938
19-11-2019,132.14999389648438,132.6300048828125,1697900,133.11000061035156,132.94000244140625,123.8344497680664
20-11-2019,132.89999389648438,133.3000030517578,1200100,134.85000610351562,134.60000610351562,125.38074493408205
21-11-2019,133.13999938964844,134.3000030517578,1148800,134.89999389648438,133.36000061035156,124.22567749023438
22-11-2019,131.8000030517578,133.6300048828125,1136900,134.57000732421875,133.52999877929688,124.38402557373048
25-11-2019,132.6199951171875,134.16000366210938,1382000,134.19000244140625,133.35000610351562,124.2163543701172
26-11-2019,133.00999450683594,133.74000549316406,2000600,134.61000061035156,134.57000732421875,125.35279846191406
27-11-2019,134.72999572753906,134.72999572753906,1179800,136.52999877929688,136.25999450683594,126.92703247070312
29-11-2019,135.83999633789062,136.52999877929688,1107400,136.75999450683594,136.33999633789062,127.00157165527344
02-12-2019,135.57000732421875,136.02000427246094,1523100,137.25999450683594,136.3000030517578,126.96430206298828
03-12-2019,135.16000366210938,136.0399932861328,1280800,136.72000122070312,136.02999877929688,126.71277618408205
04-12-2019,135.42999267578125,135.52999877929688,1502800,137.61000061035156,137.49000549316406,128.07278442382812
05-12-2019,135.85000610351562,136.22000122070312,1689700,136.6699981689453,136.52000427246094,128.12911987304688
06-12-2019,136.67999267578125,136.67999267578125,1046700,138.32000732421875,136.97999572753906,128.5608367919922
09-12-2019,136.02000427246094,137.00999450683594,1617300,137.2899932861328,136.97999572753906,128.5608367919922
10-12-2019,135.97000122070312,136.9600067138672,976700,137.2100067138672,136.1199951171875,127.7536849975586
11-12-2019,136.07000732421875,136.13999938964844,1324400,137.4199981689453,136.89999389648438,128.48574829101562
12-12-2019,135.63999938964844,137.17999267578125,1011100,137.49000549316406,135.9199981689453,127.56597900390624
13-12-2019,134.89999389648438,135.27999877929688,1168100,136.67999267578125,135.94000244140625,127.58475494384766
16-12-2019,135.72999572753906,136.49000549316406,2118900,137.11000061035156,135.82000732421875,127.47212982177734
17-12-2019,134.58999633789062,135.4499969482422,1132700,135.8699951171875,135.2100067138672,126.8996124267578
18-12-2019,134.6199951171875,135.24000549316406,1057700,136.0,135.19000244140625,126.88085174560548
19-12-2019,135.02999877929688,135.55999755859375,1139100,136.8000030517578,136.74000549316406,128.33560180664062
20-12-2019,136.50999450683594,137.3699951171875,2433800,138.66000366210938,138.00999450683594,129.5275115966797
23-12-2019,136.75999450683594,137.80999755859375,1310900,138.33999633789062,136.97000122070312,128.55142211914062
24-12-2019,136.4600067138672,136.8000030517578,342000,137.52999877929688,137.22999572753906,128.79547119140625
26-12-2019,136.8699951171875,137.10000610351562,889600,137.7899932861328,137.22999572753906,128.79547119140625
27-12-2019,137.27000427246094,137.5,1121300,138.2100067138672,138.07000732421875,129.58384704589844
30-12-2019,136.3000030517578,137.7899932861328,729800,137.80999755859375,136.88999938964844,128.47633361816406
31-12-2019,135.9600067138672,137.0,972500,137.66000366210938,137.5500030517578,129.09580993652344
02-01-2020,135.00999450683594,137.39999389648438,1421300,137.57000732421875,135.8300018310547,127.48150634765624
03-01-2020,134.6199951171875,134.97999572753906,1352900,136.77000427246094,135.7899932861328,127.44396209716795
06-01-2020,135.3300018310547,135.83999633789062,1181300,136.47999572753906,136.08999633789062,127.72552490234376
07-01-2020,135.2899932861328,135.49000549316406,1608500,136.72999572753906,135.97000122070312,127.6129150390625
08-01-2020,135.92999267578125,136.35000610351562,1741300,138.05999755859375,137.2899932861328,128.85179138183594
09-01-2020,136.9199981689453,137.5500030517578,1727500,139.58999633789062,139.4600067138672,130.888427734375
10-01-2020,138.64999389648438,139.2899932861328,1270000,140.77999877929688,140.22999572753906,131.61106872558594
13-01-2020,140.10000610351562,140.27000427246094,1216100,141.5800018310547,140.89999389648438,132.2398681640625
14-01-2020,140.16000366210938,140.80999755859375,2187500,141.0500030517578,140.99000549316406,132.32437133789062
15-01-2020,141.1699981689453,141.1699981689453,1245100,142.4499969482422,142.16000366210938,133.42245483398438
16-01-2020,142.22000122070312,142.4600067138672,1610800,143.42999267578125,143.42999267578125,134.61439514160156
17-01-2020,143.41000366210938,143.52000427246094,1640000,144.74000549316406,144.5,135.6186065673828
21-01-2020,143.05999755859375,144.60000610351562,1493600,144.83999633789062,144.58999633789062,135.70309448242188
22-01-2020,144.33999633789062,144.88999938964844,2088200,145.82000732421875,144.38999938964844,135.515380859375
23-01-2020,138.3000030517578,140.11000061035156,3703300,149.22999572753906,144.64999389648438,135.7593994140625
24-01-2020,143.1199951171875,145.50999450683594,2107600,146.60000610351562,143.4199981689453,134.6050262451172
27-01-2020,142.11000061035156,142.8699951171875,2425900,145.0800018310547,143.9600067138672,135.11181640625
28-01-2020,143.97000122070312,144.1300048828125,1203300,145.4600067138672,144.88999938964844,135.98464965820312
29-01-2020,143.0,144.83999633789062,1107800,145.1699981689453,143.1999969482422,134.3985137939453
30-01-2020,142.8800048828125,143.38999938964844,990300,144.8300018310547,144.6300048828125,135.74063110351562
31-01-2020,143.1999969482422,145.14999389648438,1712000,147.66000366210938,143.24000549316406,134.4360809326172
03-02-2020,143.13999938964844,143.6999969482422,1240200,144.55999755859375,143.77999877929688,134.94288635253906
04-02-2020,143.11000061035156,144.2100067138672,1334600,145.47000122070312,143.3800048828125,134.5674591064453
05-02-2020,143.24000549316406,143.5399932861328,1214300,145.08999633789062,145.07000732421875,136.1536102294922
06-02-2020,144.50999450683594,145.16000366210938,1063400,146.0800018310547,144.52999877929688,135.64675903320312
07-02-2020,144.42999267578125,144.72999572753906,1005200,145.22999572753906,144.82000732421875,135.91897583007812
10-02-2020,145.00999450683594,145.07000732421875,1241700,146.52999877929688,146.2100067138672,137.22352600097656
11-02-2020,144.86000061035156,146.05999755859375,1070700,146.64999389648438,145.25,136.32252502441406
12-02-2020,143.89999389648438,144.5399932861328,954200,145.22999572753906,144.2899932861328,135.42152404785156
13-02-2020,144.17999267578125,144.49000549316406,1100100,145.58999633789062,144.74000549316406,135.8438720703125
14-02-2020,144.25999450683594,144.8800048828125,941400,145.6300048828125,145.55999755859375,136.6134796142578
18-02-2020,143.52000427246094,144.97000122070312,1381800,145.0800018310547,143.83999633789062,134.9991912841797
19-02-2020,143.3800048828125,143.8800048828125,1047800,144.99000549316406,143.77000427246094,134.93350219726562
20-02-2020,141.82000732421875,143.3699951171875,1364300,143.85000610351562,142.1699981689453,133.43182373046875
21-02-2020,141.1199951171875,141.63999938964844,1562200,142.61000061035156,141.35000610351562,132.66224670410156
24-02-2020,139.67999267578125,140.72999572753906,2669800,142.0,140.1199951171875,131.50782775878906
25-02-2020,138.63999938964844,139.9499969482422,1387500,141.38999938964844,138.97999572753906,130.43788146972656
26-02-2020,137.8699951171875,139.25,1703300,141.3699951171875,138.25999450683594,129.76214599609375
27-02-2020,133.9499969482422,137.64999389648438,2804200,139.25999450683594,134.00999450683594,125.77335357666016
28-02-2020,126.86000061035156,131.11000061035156,4069200,132.63999938964844,131.19000244140625,123.126708984375
02-03-2020,132.1300048828125,132.1300048828125,3094700,141.17999267578125,141.10000610351562,132.4276123046875
03-03-2020,138.2100067138672,141.66000366210938,2939600,143.74000549316406,140.7899932861328,132.13665771484375
04-03-2020,142.92999267578125,143.3300018310547,3070500,149.10000610351562,148.25,139.1381378173828
05-03-2020,141.85000610351562,144.55999755859375,2588300,146.97999572753906,143.30999755859375,135.47959899902344
06-03-2020,138.63999938964844,139.13999938964844,3375700,147.33999633789062,146.4600067138672,138.45750427246094
09-03-2020,138.9499969482422,139.60000610351562,3688100,147.52999877929688,141.32000732421875,133.59832763671875
10-03-2020,134.52999877929688,143.4199981689453,3858200,144.22999572753906,141.02000427246094,133.31472778320312
11-03-2020,131.83999633789062,138.0,2985600,139.2899932861328,134.16000366210938,126.8295440673828
12-03-2020,121.77999877929688,127.08000183105467,3817000,131.63999938964844,122.30999755859376,115.62703704833984
13-03-2020,125.2300033569336,127.91999816894533,4477400,134.9499969482422,134.17999267578125,126.84845733642578
16-03-2020,122.29000091552734,122.29000091552734,4316200,139.67999267578125,134.7100067138672,127.34951782226562
17-03-2020,133.55999755859375,137.4199981689453,5317100,146.85000610351562,144.07000732421875,136.1980743408203
18-03-2020,132.1699981689453,138.83999633789062,4329400,145.00999450683594,134.35000610351562,127.0091781616211
19-03-2020,123.55999755859376,135.77999877929688,4362300,136.57000732421875,126.41000366210938,119.50300598144533
20-03-2020,117.6500015258789,125.86000061035156,3866100,127.43000030517578,118.27999877929688,111.81723022460938
23-03-2020,111.1500015258789,117.97000122070312,3541000,121.7699966430664,112.33999633789062,106.2017822265625
24-03-2020,110.66000366210938,116.2300033569336,3076800,118.12999725341795,117.37999725341795,110.9664077758789
25-03-2020,113.61000061035156,117.58999633789062,3060600,121.69000244140624,116.36000061035156,110.00212860107422
26-03-2020,116.68000030517578,117.1999969482422,3381700,124.66000366210938,124.01000213623048,117.23414611816406
27-03-2020,121.54000091552734,122.01000213623048,2288300,129.88999938964844,124.88999938964844,118.0660629272461
30-03-2020,126.36000061035156,128.9600067138672,2413500,132.9600067138672,132.42999267578125,125.19406127929688
31-03-2020,127.27999877929688,131.27000427246094,2394600,132.16000366210938,127.87000274658205,120.88323974609376
01-04-2020,122.76000213623048,124.87999725341795,1951000,126.7699966430664,125.66000366210938,118.79398345947266
02-04-2020,124.19000244140624,124.43000030517578,2494100,130.27000427246094,129.27999877929688,122.21617889404295
03-04-2020,127.20999908447266,128.61000061035156,1398400,131.39999389648438,129.9199981689453,122.82122039794922
06-04-2020,129.64999389648438,132.30999755859375,2270100,134.33999633789062,133.14999389648438,125.87474060058594
07-04-2020,130.9199981689453,134.92999267578125,2132700,135.44000244140625,131.38999938964844,124.21090698242188
08-04-2020,130.4499969482422,132.75999450683594,1929800,133.39999389648438,132.63999938964844,125.39260864257812
09-04-2020,130.52000427246094,132.1699981689453,2256900,136.3300018310547,131.49000549316406,124.30545043945312
13-04-2020,130.35000610351562,131.14999389648438,1858100,133.52000427246094,132.7100067138672,125.4587860107422
14-04-2020,135.22000122070312,136.22999572753906,2554000,140.6300048828125,140.08999633789062,132.43551635742188
15-04-2020,136.74000549316406,138.7100067138672,1857200,140.0,137.6699981689453,130.1477508544922
16-04-2020,136.91000366210938,138.7899932861328,1577000,140.6199951171875,139.72999572753906,132.09519958496094
17-04-2020,137.25999450683594,140.72000122070312,1949200,142.07000732421875,141.94000244140625,134.1844482421875
20-04-2020,139.30999755859375,141.1199951171875,1814600,141.44000244140625,139.72000122070312,132.08575439453125
21-04-2020,137.67999267578125,137.94000244140625,2020200,140.82000732421875,139.47000122070312,131.84942626953125
22-04-2020,137.3000030517578,140.9499969482422,3091100,143.33999633789062,142.8000030517578,134.99746704101562
23-04-2020,139.61000061035156,142.6999969482422,2415000,144.60000610351562,140.36000061035156,132.69078063964844
24-04-2020,139.47999572753906,140.17999267578125,1511900,141.9499969482422,141.66000366210938,133.9197540283203
27-04-2020,139.77000427246094,142.02000427246094,1318900,142.25,140.36000061035156,132.69078063964844
28-04-2020,138.77000427246094,141.10000610351562,1513800,141.86000061035156,141.0,133.2958221435547
29-04-2020,137.52999877929688,140.41000366210938,2495800,140.6300048828125,138.9600067138672,131.36727905273438
30-04-2020,137.60000610351562,138.8000030517578,3357900,140.27999877929688,138.47999572753906,130.9134979248047
01-05-2020,136.1699981689453,137.97999572753906,1454200,139.5500030517578,136.77999877929688,129.30638122558594
04-05-2020,135.4499969482422,137.27000427246094,2393300,137.60000610351562,135.72999572753906,128.31375122070312
05-05-2020,135.6999969482422,136.2100067138672,1992300,138.50999450683594,137.1300048828125,129.6372833251953
06-05-2020,134.5500030517578,137.00999450683594,1729100,137.72999572753906,134.77000427246094,127.4062271118164
07-05-2020,135.92999267578125,136.36000061035156,1861600,138.27000427246094,136.6999969482422,129.2307586669922
08-05-2020,137.42999267578125,138.7899932861328,1138100,139.08999633789062,138.50999450683594,130.94186401367188
11-05-2020,137.5500030517578,138.4499969482422,1428700,139.60000610351562,138.57000732421875,130.9985809326172
12-05-2020,137.52000427246094,139.0,1231900,139.8699951171875,137.82000732421875,130.28958129882812
13-05-2020,136.5,137.4499969482422,1398600,139.47999572753906,137.00999450683594,129.52383422851562
14-05-2020,134.22000122070312,136.94000244140625,1396200,137.66000366210938,136.58999633789062,129.12677001953125
15-05-2020,135.94000244140625,136.64999389648438,1928100,138.6999969482422,138.63999938964844,131.0647735595703
18-05-2020,136.30999755859375,139.1699981689453,1740600,139.63999938964844,137.72999572753906,130.20448303222656
19-05-2020,135.1199951171875,136.75,1104900,137.1699981689453,135.27000427246094,127.87889862060548
20-05-2020,134.25,135.67999267578125,1523300,137.4499969482422,136.85000610351562,129.37257385253906
21-05-2020,135.80999755859375,136.72999572753906,1597500,137.92999267578125,137.4600067138672,129.94924926757812
22-05-2020,136.33999633789062,137.3699951171875,1442500,140.24000549316406,139.74000549316406,132.1046600341797
26-05-2020,135.77000427246094,140.36000061035156,2003200,140.91000366210938,136.0,128.56900024414062
27-05-2020,134.52999877929688,136.17999267578125,1904200,138.42999267578125,138.4199981689453,130.85678100585938
28-05-2020,138.8000030517578,139.8000030517578,1961600,141.3699951171875,140.8000030517578,133.10675048828125
29-05-2020,139.57000732421875,141.02000427246094,1945500,141.80999755859375,141.44000244140625,133.71177673339844
01-06-2020,140.64999389648438,141.5,846400,142.69000244140625,141.27999877929688,133.56053161621094
02-06-2020,140.1999969482422,140.64999389648438,1215700,142.08999633789062,142.0500030517578,134.28843688964844
03-06-2020,141.33999633789062,143.36000061035156,1417800,143.36000061035156,141.66000366210938,133.9197540283203
04-06-2020,137.4199981689453,140.05999755859375,1515600,140.77999877929688,137.72000122070312,131.18592834472656
05-06-2020,135.4499969482422,137.88999938964844,2427300,140.6699981689453,139.27999877929688,132.67190551757812
08-06-2020,137.0800018310547,137.22000122070312,1959700,139.27999877929688,138.9199981689453,132.3289794921875
09-06-2020,136.89999389648438,139.17999267578125,1595200,139.3000030517578,138.5800018310547,132.005126953125
10-06-2020,137.85000610351562,138.8300018310547,1470500,139.5500030517578,138.50999450683594,131.9384307861328
11-06-2020,136.52000427246094,139.72000122070312,2108200,140.4499969482422,136.97000122070312,130.4714813232422
12-06-2020,135.22000122070312,137.2899932861328,1634400,138.36000061035156,135.94000244140625,129.49037170410156
15-06-2020,133.77000427246094,134.86000061035156,1893700,139.52000427246094,139.11000061035156,132.50997924804688
16-06-2020,139.16000366210938,140.74000549316406,1450700,141.41000366210938,140.63999938964844,133.9673614501953
17-06-2020,140.63999938964844,141.0800018310547,1381300,143.10000610351562,142.0500030517578,135.3104705810547
18-06-2020,141.58999633789062,142.05999755859375,1137300,142.8699951171875,142.41000366210938,135.65341186523438
19-06-2020,141.67999267578125,144.5399932861328,5321200,144.86000061035156,143.9600067138672,137.12986755371094
22-06-2020,141.0500030517578,142.7100067138672,1098900,143.42999267578125,142.05999755859375,135.32000732421875
23-06-2020,140.1699981689453,142.52999877929688,1775800,143.33999633789062,140.55999755859375,133.8911590576172
24-06-2020,137.82000732421875,140.0,1622300,140.72000122070312,137.91000366210938,131.36691284179688
25-06-2020,136.8800048828125,138.50999450683594,1306200,138.8699951171875,138.7899932861328,132.20513916015625
26-06-2020,136.0,138.99000549316406,2516200,139.9499969482422,136.88999938964844,130.395263671875
29-06-2020,137.14999389648438,138.10000610351562,1073300,140.0399932861328,139.4499969482422,132.83383178710938
30-06-2020,139.75999450683594,139.86000061035156,1504600,141.80999755859375,141.35000610351562,134.64369201660156
01-07-2020,141.00999450683594,141.16000366210938,954600,142.74000549316406,141.88999938964844,135.15806579589844
02-07-2020,142.39999389648438,143.1300048828125,1049900,144.0399932861328,143.1999969482422,136.4059295654297
06-07-2020,141.77999877929688,143.7899932861328,1076400,144.42999267578125,142.72999572753906,135.9582061767578
07-07-2020,141.72999572753906,142.30999755859375,1313200,143.88999938964844,142.52000427246094,135.7581787109375
08-07-2020,142.11000061035156,142.38999938964844,1210100,143.5,143.35000610351562,136.54879760742188
09-07-2020,141.9600067138672,143.00999450683594,1209600,143.86000061035156,142.22000122070312,135.472412109375
10-07-2020,141.8000030517578,142.67999267578125,1073400,143.77999877929688,143.24000549316406,136.44403076171875
13-07-2020,141.6999969482422,143.10000610351562,1473600,144.67999267578125,142.13999938964844,135.39620971679688
14-07-2020,142.1699981689453,142.22999572753906,1408700,144.30999755859375,143.9600067138672,137.12986755371094
15-07-2020,142.72999572753906,144.22000122070312,1281800,145.0,143.27999877929688,136.4821319580078
16-07-2020,142.41000366210938,143.7100067138672,1048900,144.6199951171875,143.67999267578125,136.86312866210938
17-07-2020,143.6999969482422,144.38999938964844,1212200,144.91000366210938,144.3699951171875,137.52040100097656
20-07-2020,142.2899932861328,144.47000122070312,1884600,144.63999938964844,142.69000244140625,135.9201202392578
21-07-2020,142.60000610351562,143.9499969482422,1128800,144.77999877929688,143.8000030517578,136.9774627685547
22-07-2020,142.41000366210938,143.77999877929688,1259600,144.8000030517578,144.3000030517578,137.4537353515625
23-07-2020,145.0,145.44000244140625,3576600,149.36000061035156,147.3300018310547,140.3399658203125
24-07-2020,146.66000366210938,147.77000427246094,1759300,148.89999389648438,147.33999633789062,140.3494873046875
27-07-2020,146.10000610351562,147.1300048828125,1652500,148.22000122070312,147.3800048828125,140.38760375976562
28-07-2020,147.5,147.6999969482422,2568200,150.7899932861328,150.77999877929688,143.6262969970703
29-07-2020,150.0,150.77000427246094,1860900,152.72999572753906,152.0399932861328,144.82650756835938
30-07-2020,150.2100067138672,152.00999450683594,1193500,152.00999450683594,151.9600067138672,144.7503204345703
31-07-2020,150.4199981689453,151.08999633789062,1908200,152.52000427246094,152.0399932861328,144.82650756835938
03-08-2020,151.07000732421875,151.58999633789062,1067400,152.47999572753906,151.60000610351562,144.40740966796875
04-08-2020,151.44000244140625,152.0,1895900,156.30999755859375,156.3000030517578,148.88438415527344
05-08-2020,155.13999938964844,155.72999572753906,1343400,156.57000732421875,155.83999633789062,148.4462127685547
06-08-2020,155.22000122070312,155.6699981689453,1093900,156.8800048828125,156.47000122070312,149.04632568359375
07-08-2020,156.4499969482422,156.5,1648400,158.30999755859375,157.25999450683594,149.79884338378906
10-08-2020,157.1699981689453,157.61000061035156,1841100,158.92999267578125,158.08999633789062,150.5894775390625
11-08-2020,155.1699981689453,157.8800048828125,1643400,158.3800048828125,155.7899932861328,148.3985595703125
12-08-2020,156.14999389648438,156.58999633789062,1096900,160.16000366210938,158.83999633789062,151.3038787841797
13-08-2020,157.82000732421875,158.72000122070312,837100,159.13999938964844,158.4600067138672,150.94192504882812
14-08-2020,157.74000549316406,158.42999267578125,1174000,158.7100067138672,158.22999572753906,150.72280883789062
17-08-2020,157.55999755859375,157.9499969482422,1201700,158.8800048828125,157.80999755859375,150.32275390625
18-08-2020,156.1699981689453,157.7100067138672,2209100,158.5,157.6199951171875,150.1417694091797
19-08-2020,157.02999877929688,157.9499969482422,1065400,158.42999267578125,157.35000610351562,149.88458251953125
20-08-2020,156.35000610351562,157.0,746700,157.91000366210938,157.57000732421875,150.09414672851562
21-08-2020,156.13999938964844,157.3800048828125,1354600,157.6199951171875,157.3000030517578,149.8369598388672
24-08-2020,156.82000732421875,157.3300018310547,1003800,158.10000610351562,157.4199981689453,149.9512481689453
25-08-2020,155.7899932861328,157.67999267578125,1169600,157.67999267578125,156.0500030517578,148.64625549316406
26-08-2020,155.47999572753906,155.83999633789062,1238500,156.75999450683594,156.0,148.59864807128906
27-08-2020,156.13999938964844,156.57000732421875,899300,157.58999633789062,156.1999969482422,148.7891387939453
28-08-2020,154.64999389648438,156.1199951171875,897600,156.5800018310547,156.5,149.0749053955078
31-08-2020,156.41000366210938,156.4199981689453,1147900,157.91000366210938,157.75999450683594,150.27513122558594
01-09-2020,153.92999267578125,157.38999938964844,1418800,157.6999969482422,154.25999450683594,146.94117736816406
02-09-2020,154.0500030517578,154.0500030517578,1365500,157.35000610351562,156.50999450683594,149.0844268798828
03-09-2020,151.0,155.72999572753906,1543100,156.42999267578125,152.25,146.02487182617188
04-09-2020,150.08999633789062,152.33999633789062,1592800,154.27999877929688,152.22999572753906,146.0056610107422
08-09-2020,148.3300018310547,152.3000030517578,2038600,153.0,148.97000122070312,142.87896728515625
09-09-2020,150.5399932861328,150.82000732421875,1730900,153.07000732421875,151.4499969482422,145.257568359375
10-09-2020,148.02999877929688,151.10000610351562,1723600,151.61000061035156,148.14999389648438,142.09249877929688
11-09-2020,147.25,148.60000610351562,2101200,149.0399932861328,148.5,142.42822265625
14-09-2020,148.14999389648438,149.25999450683594,1583500,149.66000366210938,148.5,142.42822265625
15-09-2020,146.38999938964844,148.5,1811500,149.5500030517578,146.47999572753906,140.49078369140625
16-09-2020,146.5800018310547,146.75999450683594,1476600,148.9199981689453,147.75,141.70884704589844
17-09-2020,145.38999938964844,146.77000427246094,1450400,147.82000732421875,146.6199951171875,140.62506103515625
18-09-2020,144.67999267578125,146.0399932861328,1949400,147.33999633789062,145.97000122070312,140.0016632080078
21-09-2020,144.36000061035156,145.85000610351562,1238800,146.80999755859375,145.8699951171875,139.90573120117188
22-09-2020,145.5500030517578,145.55999755859375,1075400,147.8800048828125,146.9600067138672,140.95115661621094
23-09-2020,144.6199951171875,147.1199951171875,1446100,147.27999877929688,144.82000732421875,138.898681640625
24-09-2020,144.5399932861328,144.72000122070312,1110900,147.1699981689453,146.47999572753906,140.49078369140625
25-09-2020,145.39999389648438,146.00999450683594,1013700,146.86000061035156,146.4199981689453,140.4332275390625
28-09-2020,146.3000030517578,146.97000122070312,1483300,148.42999267578125,147.55999755859375,141.52662658691406
29-09-2020,146.02000427246094,147.60000610351562,965800,147.94000244140625,146.33999633789062,140.35650634765625
30-09-2020,146.67999267578125,146.94000244140625,1578800,148.32000732421875,147.66000366210938,141.62255859375
01-10-2020,146.5,148.0800018310547,1181700,148.64999389648438,147.6300048828125,141.59378051757812
02-10-2020,145.8300018310547,146.6199951171875,1101800,148.50999450683594,147.42999267578125,141.4019317626953
05-10-2020,147.33999633789062,147.33999633789062,1345900,149.6199951171875,149.52999877929688,143.41607666015625
06-10-2020,149.22000122070312,149.52999877929688,1626400,151.4600067138672,150.0,143.8668670654297
07-10-2020,149.57000732421875,150.47999572753906,1139300,151.69000244140625,150.85000610351562,144.68211364746094
08-10-2020,149.77000427246094,151.1999969482422,1342300,151.1999969482422,150.30999755859375,144.16416931152344
09-10-2020,150.5,150.60000610351562,1221300,152.75,152.49000549316406,146.2550811767578
12-10-2020,152.52999877929688,153.07000732421875,1131100,154.3300018310547,153.38999938964844,147.1182403564453
13-10-2020,153.3000030517578,154.02999877929688,1856200,155.4499969482422,154.22000122070312,147.914306640625
14-10-2020,151.25999450683594,153.72000122070312,1790900,155.25999450683594,152.63999938964844,146.39891052246094
15-10-2020,152.25,152.89999389648438,1080500,155.0,154.32000732421875,148.01022338867188
16-10-2020,152.67999267578125,154.0500030517578,1357300,154.19000244140625,153.3300018310547,147.06072998046875
19-10-2020,150.4199981689453,153.3300018310547,1132700,154.14999389648438,150.80999755859375,144.6437530517578
20-10-2020,148.00999450683594,152.2899932861328,1637300,152.74000549316406,148.52000427246094,142.44735717773438
21-10-2020,147.08999633789062,147.8000030517578,2179200,149.52000427246094,148.3800048828125,142.31309509277344
22-10-2020,136.0399932861328,140.75,6301600,142.42999267578125,138.08999633789062,132.44383239746094
23-10-2020,136.7100067138672,138.55999755859375,2661600,139.25999450683594,136.8800048828125,131.2833251953125
26-10-2020,134.57000732421875,136.02000427246094,2295100,137.39999389648438,135.69000244140625,130.1419677734375
27-10-2020,134.75999450683594,136.60000610351562,1899700,137.8300018310547,134.75999450683594,129.25
28-10-2020,131.1300048828125,133.0500030517578,2728000,134.0800018310547,132.99000549316406,127.5523681640625
29-10-2020,130.5500030517578,132.38999938964844,2613300,134.13999938964844,132.8300018310547,127.39888763427734
30-10-2020,131.0500030517578,133.35000610351562,2140000,134.55999755859375,132.58999633789062,127.1687240600586
02-11-2020,133.6999969482422,134.27000427246094,1965100,136.33999633789062,134.35000610351562,128.85678100585938
03-11-2020,134.60000610351562,135.05999755859375,1821900,137.11000061035156,135.35000610351562,129.8158721923828
04-11-2020,134.88999938964844,136.1699981689453,2240900,137.75,135.1199951171875,129.59527587890625
05-11-2020,134.1999969482422,136.58999633789062,1962500,136.72999572753906,134.32000732421875,128.82798767089844
06-11-2020,134.35000610351562,134.39999389648438,1681900,136.9499969482422,136.17999267578125,130.61190795898438
09-11-2020,132.36000061035156,135.16000366210938,3282900,136.5,132.66000366210938,127.2358627319336
10-11-2020,131.13999938964844,132.39999389648438,2420700,137.05999755859375,136.5500030517578,130.966796875
11-11-2020,135.61000061035156,137.27999877929688,2335800,137.91000366210938,137.77999877929688,132.14651489257812
12-11-2020,136.5500030517578,138.02000427246094,2299400,138.83999633789062,138.1300048828125,132.48220825195312
13-11-2020,137.92999267578125,138.27999877929688,1655400,140.35000610351562,140.33999633789062,134.60183715820312
16-11-2020,138.66000366210938,139.1699981689453,3730800,142.47000122070312,142.08999633789062,136.2802734375
17-11-2020,140.64999389648438,140.64999389648438,3224800,144.44000244140625,143.8300018310547,137.9491424560547
18-11-2020,141.02999877929688,144.0,2753700,144.38999938964844,141.05999755859375,135.2924041748047
19-11-2020,140.61000061035156,142.30999755859375,2377400,143.77999877929688,141.74000549316406,135.94459533691406
20-11-2020,139.3000030517578,141.6199951171875,2629900,142.35000610351562,139.75999450683594,134.04554748535156
23-11-2020,138.27999877929688,139.77999877929688,2085800,140.0,139.22000122070312,133.5276336669922
24-11-2020,139.0500030517578,139.7899932861328,2575200,141.47000122070312,139.1999969482422,133.50845336914062
25-11-2020,140.1300048828125,140.16000366210938,1375300,141.67999267578125,140.6999969482422,134.94711303710938
27-11-2020,140.75,140.7899932861328,1174200,142.97999572753906,141.3699951171875,135.58970642089844
30-11-2020,139.08999633789062,141.49000549316406,7673600,142.47000122070312,139.30999755859375,133.6139373779297
01-12-2020,138.4600067138672,139.5,1971300,141.4199981689453,141.27999877929688,135.50340270996094
02-12-2020,137.82000732421875,141.0500030517578,2453100,141.3699951171875,138.33999633789062,132.68362426757812
03-12-2020,136.4499969482422,136.63999938964844,2363500,137.9499969482422,137.82000732421875,133.21524047851562
04-12-2020,136.0800018310547,137.75999450683594,2131000,138.05999755859375,137.39999389648438,132.8092803955078
07-12-2020,136.0800018310547,137.0,1772300,137.5800018310547,136.9199981689453,132.3452911376953
08-12-2020,135.1699981689453,135.9499969482422,1733100,137.55999755859375,136.57000732421875,132.00701904296875
09-12-2020,135.1999969482422,136.5,2162700,136.7100067138672,135.75999450683594,131.22406005859375
10-12-2020,133.9499969482422,135.83999633789062,2076100,136.3000030517578,134.05999755859375,129.5808868408203
11-12-2020,133.66000366210938,133.6699981689453,1816700,136.72000122070312,136.0,131.4560546875
14-12-2020,135.94000244140625,136.75,1959700,137.89999389648438,136.0,131.4560546875
15-12-2020,135.36000061035156,136.33999633789062,1419900,136.7100067138672,135.82000732421875,131.2820587158203
16-12-2020,135.41000366210938,136.16000366210938,2077200,137.27000427246094,136.00999450683594,131.46571350097656
17-12-2020,135.39999389648438,136.39999389648438,2452200,138.08999633789062,136.32000732421875,131.76536560058594
18-12-2020,134.60000610351562,136.3000030517578,4072700,136.5,135.0800018310547,130.56678771972656
21-12-2020,132.24000549316406,134.5,1804900,134.80999755859375,134.24000549316406,129.75485229492188
22-12-2020,132.0800018310547,134.10000610351562,1600500,134.39999389648438,132.6699981689453,128.2373046875
23-12-2020,132.67999267578125,133.0399932861328,1309800,134.41000366210938,133.5,129.03958129882812
24-12-2020,133.0500030517578,133.57000732421875,529800,134.35000610351562,133.88999938964844,129.41656494140625
28-12-2020,133.4199981689453,134.27000427246094,1059100,134.77999877929688,133.9499969482422,129.4745330810547
29-12-2020,133.75999450683594,134.17999267578125,1044200,135.61000061035156,134.1300048828125,129.64854431152344
30-12-2020,132.91000366210938,133.8800048828125,1196400,133.94000244140625,133.1300048828125,128.68194580078125
31-12-2020,133.14999389648438,133.55999755859375,1480700,134.91000366210938,134.8300018310547,130.3251495361328
04-01-2021,132.49000549316406,134.35000610351562,1837000,134.89999389648438,133.39999389648438,128.9429168701172
05-01-2021,131.4199981689453,133.69000244140625,2246200,133.74000549316406,133.5399932861328,129.0782470703125
06-01-2021,132.47000122070312,133.6999969482422,1821800,134.60000610351562,132.83999633789062,128.40164184570312
07-01-2021,130.22000122070312,132.36000061035156,1957000,132.60000610351562,131.60000610351562,127.20305633544922
08-01-2021,130.33999633789062,131.5,1650000,132.17999267578125,131.75999450683594,127.35771942138672
11-01-2021,131.22000122070312,132.08999633789062,2269600,133.08999633789062,131.4499969482422,127.0580825805664
12-01-2021,129.32000732421875,131.25999450683594,2196100,131.82000732421875,130.32000732421875,125.96583557128906
13-01-2021,130.1699981689453,130.41000366210938,1694600,132.1699981689453,131.6699981689453,127.27071380615234
14-01-2021,131.00999450683594,131.9499969482422,1848300,132.27000427246094,131.57000732421875,127.17406463623048
15-01-2021,130.02000427246094,131.67999267578125,3343200,131.8800048828125,131.2899932861328,126.90340423583984
19-01-2021,130.8000030517578,132.1999969482422,1865800,132.72000122070312,131.64999389648438,127.25138854980467
20-01-2021,130.11000061035156,131.0399932861328,2013500,131.75999450683594,131.38999938964844,127.00007629394533
21-01-2021,130.5500030517578,130.8000030517578,1745000,131.6199951171875,131.00999450683594,126.6327667236328
22-01-2021,130.67999267578125,131.82000732421875,2497600,132.91000366210938,132.2100067138672,127.7926788330078
25-01-2021,133.25,133.60000610351562,4608900,140.97999572753906,136.50999450683594,131.94898986816406
26-01-2021,133.02999877929688,136.0,3134800,137.36000061035156,137.1300048828125,132.5482940673828
27-01-2021,137.1300048828125,137.42999267578125,2906300,140.77000427246094,138.64999389648438,134.0175018310547
28-01-2021,134.82000732421875,138.33999633789062,2421500,139.0500030517578,135.16000366210938,130.6441192626953
29-01-2021,131.99000549316406,134.67999267578125,4039500,136.36000061035156,132.10000610351562,127.68636322021484
01-02-2021,132.25999450683594,132.3000030517578,1563200,134.02999877929688,133.24000549316406,128.7882537841797
02-02-2021,130.85000610351562,133.24000549316406,1799200,133.49000549316406,132.35000610351562,127.92800903320312
03-02-2021,130.25999450683594,131.8000030517578,1734400,132.44000244140625,132.38999938964844,127.9666748046875
04-02-2021,130.72999572753906,131.97000122070312,1674100,132.2899932861328,131.5,127.10640716552734
05-02-2021,131.1999969482422,131.69000244140625,1550600,132.3699951171875,132.1699981689453,127.75402069091795
08-02-2021,131.1699981689453,132.19000244140625,1451000,132.6699981689453,132.19000244140625,127.7733383178711
09-02-2021,131.2100067138672,132.52000427246094,1837200,132.8300018310547,132.42999267578125,128.00531005859375
10-02-2021,132.38999938964844,133.0,1543300,133.97999572753906,132.8000030517578,128.36297607421875
11-02-2021,131.75,133.0500030517578,1275500,133.1300048828125,132.08999633789062,127.67666625976562
12-02-2021,131.3000030517578,132.0399932861328,1721900,132.5,132.1300048828125,127.71536254882812
16-02-2021,128.72999572753906,131.6300048828125,2960400,132.6999969482422,130.24000549316406,125.88848876953124
17-02-2021,128.8000030517578,129.50999450683594,1752200,131.25999450683594,130.77000427246094,126.40081024169922
18-02-2021,130.19000244140625,130.41000366210938,1453300,132.5399932861328,132.19000244140625,127.7733383178711
19-02-2021,130.35000610351562,131.8699951171875,2058800,132.27999877929688,130.6300048828125,126.26547241210938
22-02-2021,129.8699951171875,130.0,1786000,131.25999450683594,131.05999755859375,126.6811065673828
23-02-2021,130.80999755859375,132.2100067138672,1914100,133.5500030517578,131.99000549316406,127.58001708984376
24-02-2021,130.6699981689453,131.25999450683594,1932100,131.89999389648438,130.80999755859375,126.439453125
25-02-2021,130.35000610351562,130.80999755859375,1611600,132.52999877929688,130.55999755859375,126.19780731201172
26-02-2021,128.1999969482422,131.0,3012100,131.3000030517578,128.3300018310547,124.04231262207033
01-03-2021,128.13999938964844,129.22000122070312,2291900,130.41000366210938,128.38999938964844,124.10030364990234
02-03-2021,128.02000427246094,128.22999572753906,2413000,129.92999267578125,129.1300048828125,124.81558990478516
03-03-2021,128.80999755859375,129.33999633789062,2975100,131.55999755859375,130.52999877929688,126.16880798339844
04-03-2021,128.3800048828125,129.5800018310547,2331700,131.33999633789062,128.67999267578125,125.47648620605467
05-03-2021,128.5399932861328,129.0,2541900,132.77999877929688,131.58999633789062,128.3140411376953
08-03-2021,130.5500030517578,131.5399932861328,1896600,134.67999267578125,133.14999389648438,129.835205078125
09-03-2021,132.1999969482422,132.8800048828125,2022400,133.92999267578125,132.3300018310547,129.03562927246094
10-03-2021,131.22999572753906,133.1300048828125,2193900,135.44000244140625,134.44000244140625,131.09307861328125
11-03-2021,132.52999877929688,133.42999267578125,1964100,133.9199981689453,132.5500030517578,129.25015258789062
12-03-2021,133.10000610351562,133.91000366210938,2109700,134.66000366210938,133.47000122070312,130.14724731445312
15-03-2021,133.05999755859375,133.99000549316406,2292600,135.1199951171875,134.25,130.90782165527344
16-03-2021,133.57000732421875,134.42999267578125,2157100,134.91000366210938,134.42999267578125,131.0833282470703
17-03-2021,132.47000122070312,135.14999389648438,2189300,135.42999267578125,132.5500030517578,129.25015258789062
18-03-2021,130.47000122070312,132.50999450683594,2727700,133.30999755859375,132.39999389648438,129.10386657714844
19-03-2021,130.0,131.3699951171875,6552900,133.0800018310547,130.32000732421875,127.07566833496094
22-03-2021,130.11000061035156,130.11000061035156,2682800,133.11000061035156,133.02999877929688,129.7181854248047
23-03-2021,132.3300018310547,133.30999755859375,2198100,135.7899932861328,135.27999877929688,131.91217041015625
24-03-2021,133.83999633789062,134.32000732421875,2136000,135.8699951171875,135.67999267578125,132.30221557617188
25-03-2021,135.00999450683594,136.5,1837200,137.13999938964844,135.6699981689453,132.29246520996094
26-03-2021,134.74000549316406,135.39999389648438,1722300,137.17999267578125,137.1300048828125,133.71612548828125
29-03-2021,136.47999572753906,136.80999755859375,2511200,139.7899932861328,138.91000366210938,135.45181274414062
30-03-2021,137.74000549316406,138.16000366210938,1861200,139.4499969482422,138.30999755859375,134.8667449951172
31-03-2021,138.55999755859375,139.60000610351562,3490600,142.2100067138672,139.0500030517578,135.5883331298828
01-04-2021,134.8000030517578,137.94000244140625,3235300,138.25,136.97999572753906,133.56985473632812
05-04-2021,136.9600067138672,137.72000122070312,2035300,139.55999755859375,138.42999267578125,134.98373413085938
06-04-2021,137.07000732421875,137.63999938964844,1882800,138.3000030517578,138.0500030517578,134.61322021484375
07-04-2021,136.3699951171875,138.49000549316406,1498400,139.05999755859375,136.94000244140625,133.53085327148438
08-04-2021,136.32000732421875,136.99000549316406,1527400,137.6199951171875,137.5500030517578,134.1256561279297
09-04-2021,135.75999450683594,137.1999969482422,1487100,138.24000549316406,136.69000244140625,133.28709411621094
12-04-2021,136.5800018310547,136.97000122070312,1716700,138.00999450683594,137.22999572753906,133.81362915039062
13-04-2021,136.6300048828125,137.44000244140625,1616900,137.77999877929688,137.2100067138672,133.79412841796875
14-04-2021,135.10000610351562,136.8699951171875,1603900,136.9600067138672,136.27000427246094,132.87754821777344
15-04-2021,136.57000732421875,136.89999389648438,2318000,139.17999267578125,138.92999267578125,135.4713134765625
16-04-2021,138.1699981689453,139.66000366210938,3629100,139.8000030517578,139.22000122070312,135.75408935546875
19-04-2021,137.72999572753906,138.7100067138672,1840600,139.80999755859375,138.92999267578125,135.4713134765625
20-04-2021,138.63999938964844,139.0,2518300,142.8800048828125,142.38999938964844,138.8451690673828
21-04-2021,140.9199981689453,142.9199981689453,2131900,143.3699951171875,141.47000122070312,137.9480743408203
22-04-2021,140.0,140.6199951171875,2282700,142.0800018310547,140.3300018310547,136.83645629882812
23-04-2021,131.52000427246094,134.49000549316406,8340700,135.42999267578125,132.11000061035156,128.82110595703125
26-04-2021,129.25,131.7899932861328,4150700,132.0,130.52000427246094,127.27067565917967
27-04-2021,129.02999877929688,130.08999633789062,3671100,130.1699981689453,129.4499969482422,126.22731018066406
28-04-2021,128.63999938964844,129.8300018310547,3156000,130.4499969482422,129.63999938964844,126.41258239746094
29-04-2021,130.0,130.05999755859375,3110300,132.77999877929688,132.6300048828125,129.32815551757812
30-04-2021,132.14999389648438,132.58999633789062,3209000,133.8300018310547,133.32000732421875,130.0009765625
03-05-2021,133.0,133.3000030517578,2006300,135.8000030517578,134.74000549316406,131.38563537597656
04-05-2021,134.27999877929688,135.3000030517578,2046300,135.97000122070312,134.72000122070312,131.36611938476562
05-05-2021,133.94000244140625,134.50999450683594,1991300,136.02999877929688,135.57000732421875,132.19497680664062
06-05-2021,135.27000427246094,135.94000244140625,2488100,137.55999755859375,136.1300048828125,132.74102783203125
07-05-2021,135.10000610351562,135.66000366210938,1509700,136.24000549316406,135.5,132.126708984375
10-05-2021,135.97999572753906,136.07000732421875,2826000,137.77000427246094,136.89999389648438,133.49185180664062
11-05-2021,133.85000610351562,137.1999969482422,2254400,137.89999389648438,134.2100067138672,130.8688201904297
12-05-2021,132.92999267578125,134.22999572753906,2729000,134.69000244140625,132.97999572753906,129.66943359375
13-05-2021,132.42999267578125,132.97000122070312,2198200,134.7100067138672,133.75,130.42027282714844
14-05-2021,134.1199951171875,134.57000732421875,2139300,135.85000610351562,134.17999267578125,130.8395538330078
17-05-2021,133.5399932861328,134.00999450683594,1542200,135.30999755859375,133.6300048828125,130.30325317382812
18-05-2021,131.72000122070312,132.89999389648438,2254600,133.4499969482422,132.94000244140625,129.6304473876953
19-05-2021,131.25,132.69000244140625,1826700,132.74000549316406,132.5800018310547,129.27938842773438
20-05-2021,132.22000122070312,132.4600067138672,2092200,133.82000732421875,132.67999267578125,129.37689208984375
21-05-2021,132.22000122070312,132.82000732421875,2329900,133.72000122070312,132.35000610351562,129.0551300048828
24-05-2021,131.75999450683594,132.24000549316406,1602700,132.9499969482422,132.1199951171875,128.83084106445312
25-05-2021,130.6999969482422,132.1199951171875,2172800,132.32000732421875,132.10000610351562,128.8113555908203
26-05-2021,130.74000549316406,132.13999938964844,2539800,132.22999572753906,131.02999877929688,127.76798248291016
27-05-2021,130.27000427246094,130.67999267578125,6780100,133.0,132.86000061035156,129.55242919921875
28-05-2021,130.52000427246094,131.7100067138672,4278200,132.17999267578125,130.6300048828125,127.37794494628906
01-06-2021,129.5800018310547,131.5,2693500,131.83999633789062,130.00999450683594,126.77336883544922
02-06-2021,130.0399932861328,130.27999877929688,3056500,131.02000427246094,130.74000549316406,127.48521423339844
03-06-2021,128.72000122070312,130.27000427246094,3778700,130.88999938964844,129.60000610351562,127.48521423339844
04-06-2021,129.47000122070312,129.9199981689453,2423600,130.91000366210938,130.57000732421875,128.4393768310547
07-06-2021,129.74000549316406,130.66000366210938,2515100,131.24000549316406,131.0800018310547,128.94105529785156
08-06-2021,129.57000732421875,131.2100067138672,2484200,131.4199981689453,129.72000122070312,127.60324096679688
09-06-2021,129.1300048828125,129.72000122070312,1938800,131.42999267578125,129.3000030517578,127.19009399414062
10-06-2021,129.41000366210938,129.57000732421875,1576800,130.64999389648438,129.64999389648438,127.5343780517578
11-06-2021,128.8800048828125,129.92999267578125,1508500,129.92999267578125,129.74000549316406,127.62291717529295
14-06-2021,128.72999572753906,130.0,1549300,130.1999969482422,129.52000427246094,127.40650939941406
15-06-2021,129.1199951171875,129.86000061035156,1880400,130.0,129.22000122070312,127.11140441894533
16-06-2021,128.61000061035156,129.60000610351562,2096200,130.14999389648438,128.88999938964844,126.78679656982422
17-06-2021,128.5,128.8000030517578,2369100,130.4499969482422,130.0800018310547,127.9573745727539
18-06-2021,128.5500030517578,129.55999755859375,3144800,129.74000549316406,128.69000244140625,126.59005737304688
21-06-2021,128.89999389648438,129.13999938964844,1462700,129.63999938964844,129.4600067138672,127.34749603271484
22-06-2021,129.0800018310547,129.58999633789062,2279600,130.39999389648438,130.1300048828125,128.00656127929688
23-06-2021,130.0,130.22000122070312,2638600,130.8800048828125,130.3000030517578,128.17379760742188
24-06-2021,130.1999969482422,130.25999450683594,1957300,131.16000366210938,131.07000732421875,128.93121337890625
25-06-2021,130.91000366210938,131.25,4882200,133.22999572753906,133.07000732421875,130.89859008789062
28-06-2021,131.60000610351562,132.8300018310547,2873700,133.7100067138672,131.97000122070312,129.8165283203125
29-06-2021,132.0,132.27999877929688,1890700,133.13999938964844,132.5399932861328,130.37722778320312
30-06-2021,132.63999938964844,132.63999938964844,1987700,134.02999877929688,133.77999877929688,131.59698486328125
01-07-2021,133.17999267578125,133.9499969482422,1594600,134.3300018310547,133.52000427246094,131.3412322998047
02-07-2021,133.41000366210938,133.57000732421875,1896300,135.00999450683594,134.35000610351562,132.15769958496094
06-07-2021,133.57000732421875,134.69000244140625,2376600,135.1300048828125,134.63999938964844,132.44296264648438
07-07-2021,134.5500030517578,134.8000030517578,2464800,136.1699981689453,135.72000122070312,133.50534057617188
08-07-2021,134.6199951171875,135.22999572753906,1656800,136.66000366210938,135.3000030517578,133.09219360351562
09-07-2021,135.0,135.5399932861328,1741700,135.9199981689453,135.02000427246094,132.8167724609375
12-07-2021,134.3000030517578,134.5,1962300,135.67999267578125,134.6999969482422,132.50198364257812
13-07-2021,133.8699951171875,134.91000366210938,1752300,135.63999938964844,134.33999633789062,132.14785766601562
14-07-2021,133.6999969482422,134.5,2368300,135.57000732421875,135.24000549316406,133.03318786621094
15-07-2021,134.22000122070312,135.00999450683594,1422200,136.2100067138672,136.13999938964844,133.91847229003906
16-07-2021,136.25999450683594,136.77999877929688,2327100,138.74000549316406,138.52000427246094,136.2596435546875
19-07-2021,137.22999572753906,138.7100067138672,2789100,140.39999389648438,139.0399932861328,136.7711639404297
20-07-2021,137.5399932861328,139.2899932861328,1957500,140.8000030517578,137.72999572753906,135.4825439453125
21-07-2021,135.1999969482422,137.69000244140625,2256300,137.72999572753906,135.44000244140625,133.2299041748047
22-07-2021,134.35000610351562,134.4600067138672,1686500,136.5399932861328,134.9499969482422,132.74790954589844
23-07-2021,129.63999938964844,130.4499969482422,5014000,136.14999389648438,135.66000366210938,133.44631958007812
26-07-2021,134.0,134.41000366210938,3038800,136.63999938964844,135.10000610351562,132.8954620361328
27-07-2021,133.66000366210938,134.42999267578125,2082200,136.6999969482422,136.25,134.0266876220703
28-07-2021,134.1199951171875,136.02000427246094,2133900,136.25,134.88999938964844,132.6888885498047
29-07-2021,134.75,135.35000610351562,1695800,136.57000732421875,136.17999267578125,133.9578399658203
30-07-2021,135.44000244140625,136.30999755859375,2687200,136.67999267578125,135.72000122070312,133.50534057617188
02-08-2021,134.4499969482422,135.69000244140625,1587600,135.8699951171875,134.6699981689453,132.47247314453125
03-08-2021,133.52000427246094,133.66000366210938,1461000,135.99000549316406,135.63999938964844,133.4266357421875
04-08-2021,133.25,135.58999633789062,1274400,135.92999267578125,133.6999969482422,131.51829528808594
05-08-2021,132.30999755859375,134.27999877929688,1733000,134.44000244140625,133.41000366210938,131.2330322265625
06-08-2021,132.64999389648438,133.77999877929688,1339500,133.94000244140625,133.25,131.07565307617188
09-08-2021,133.25999450683594,133.52999877929688,1550600,134.3000030517578,134.25,132.059326171875
10-08-2021,133.1300048828125,133.8800048828125,1735700,134.1999969482422,133.88999938964844,131.7052001953125
11-08-2021,133.6999969482422,134.25999450683594,1005600,134.6199951171875,134.19000244140625,132.0003204345703
12-08-2021,133.74000549316406,134.63999938964844,976200,134.63999938964844,134.27999877929688,132.08883666992188
13-08-2021,134.39999389648438,134.82000732421875,1425400,136.8699951171875,136.47999572753906,134.2529296875
16-08-2021,136.19000244140625,136.5,1833100,139.22999572753906,138.57000732421875,136.308837890625
17-08-2021,137.91000366210938,138.33999633789062,1534000,139.74000549316406,139.22000122070312,136.94822692871094
18-08-2021,136.52000427246094,138.89999389648438,1279400,138.89999389648438,136.6199951171875,134.39064025878906
19-08-2021,136.75,136.82000732421875,1452900,139.52000427246094,138.91000366210938,136.64329528808594
20-08-2021,138.17999267578125,138.89999389648438,1505100,139.64999389648438,138.22999572753906,135.97438049316406
23-08-2021,137.27000427246094,138.14999389648438,1303000,138.35000610351562,137.47999572753906,135.2366180419922
24-08-2021,135.77999877929688,137.16000366210938,1052100,137.4499969482422,135.8000030517578,133.58404541015625
25-08-2021,134.8000030517578,135.25999450683594,1114300,136.19000244140625,135.72000122070312,133.50534057617188
26-08-2021,135.27999877929688,135.8000030517578,1351400,136.66000366210938,136.3300018310547,134.1053924560547
27-08-2021,135.75999450683594,137.30999755859375,1254200,137.30999755859375,136.35000610351562,134.1250762939453
30-08-2021,136.08999633789062,136.3000030517578,860500,136.9600067138672,136.74000549316406,134.50869750976562
31-08-2021,136.33999633789062,136.99000549316406,1875600,137.89999389648438,137.80999755859375,135.5612335205078
01-09-2021,137.77999877929688,137.80999755859375,2108900,140.05999755859375,139.67999267578125,137.4007110595703
02-09-2021,139.77999877929688,140.0,1750100,140.82000732421875,140.4499969482422,138.1581573486328
03-09-2021,140.10000610351562,140.36000061035156,1426800,141.13999938964844,140.75,138.45326232910156
07-09-2021,138.77000427246094,140.33999633789062,2707000,140.6300048828125,139.86000061035156,137.57778930664062
08-09-2021,139.39999389648438,139.4499969482422,2390700,141.8300018310547,141.49000549316406,139.1811981201172
09-09-2021,137.41000366210938,139.77000427246094,2923800,140.1999969482422,137.8000030517578,136.6524200439453
10-09-2021,136.00999450683594,137.5399932861328,2133400,137.88999938964844,137.0500030517578,135.90867614746094
13-09-2021,137.1999969482422,137.3300018310547,2278300,139.33999633789062,138.17999267578125,137.0292510986328
14-09-2021,137.6300048828125,138.4600067138672,2165300,139.1999969482422,138.1199951171875,136.96975708007812
15-09-2021,136.77000427246094,138.05999755859375,1374300,138.3699951171875,137.02000427246094,135.87892150878906
16-09-2021,135.47999572753906,136.72999572753906,1859000,137.47000122070312,135.94000244140625,134.80792236328125
17-09-2021,135.14999389648438,135.97000122070312,5852300,137.2899932861328,135.17999267578125,134.05422973632812
20-09-2021,133.44000244140625,135.02999877929688,2115400,135.75,134.50999450683594,133.3898162841797
21-09-2021,133.86000061035156,134.6199951171875,2083300,136.0,134.5,133.37989807128906
22-09-2021,133.25,135.1699981689453,1406500,135.3300018310547,133.44000244140625,132.3287353515625
23-09-2021,132.86000061035156,133.05999755859375,1015200,134.11000061035156,133.5800018310547,132.4675750732422
24-09-2021,132.83999633789062,133.77000427246094,920000,134.13999938964844,132.99000549316406,131.8824920654297
27-09-2021,132.25999450683594,132.86000061035156,972600,133.5800018310547,132.42999267578125,131.32713317871094
28-09-2021,132.0399932861328,132.14999389648438,1951300,134.00999450683594,133.5,132.3882293701172
29-09-2021,133.33999633789062,133.50999450683594,1652800,136.4499969482422,135.77999877929688,134.6492462158203
30-09-2021,132.33999633789062,136.17999267578125,1850200,136.32000732421875,132.44000244140625,131.33706665039062
01-10-2021,131.16000366210938,132.58999633789062,1709300,132.99000549316406,132.17999267578125,131.0792236328125
04-10-2021,131.39999389648438,132.17999267578125,1758000,133.4499969482422,132.14999389648438,131.04946899414062
05-10-2021,131.16000366210938,131.60000610351562,1744200,132.42999267578125,131.92999267578125,130.831298828125
06-10-2021,131.11000061035156,131.67999267578125,1530900,133.25999450683594,133.0500030517578,131.94198608398438
07-10-2021,133.38999938964844,133.6999969482422,1709500,134.72000122070312,133.6999969482422,132.58656311035156
08-10-2021,132.0,133.97999572753906,1038400,134.0,132.8699951171875,131.7634735107422
11-10-2021,132.3699951171875,132.99000549316406,845600,133.11000061035156,132.5500030517578,131.44615173339844
12-10-2021,132.0800018310547,132.0800018310547,940100,133.6300048828125,132.5800018310547,131.47589111328125
13-10-2021,131.4499969482422,132.55999755859375,1051900,133.16000366210938,132.5500030517578,131.44615173339844
14-10-2021,132.5,132.77999877929688,1074000,133.6699981689453,133.3000030517578,132.1898956298828
15-10-2021,132.63999938964844,133.3300018310547,1210400,134.08999633789062,133.3300018310547,132.2196502685547
18-10-2021,131.50999450683594,133.05999755859375,1278400,133.27000427246094,131.52999877929688,130.43463134765625
19-10-2021,128.14999389648438,130.36000061035156,3702600,130.66000366210938,129.77000427246094,128.68930053710938
20-10-2021,129.77000427246094,129.77000427246094,1694800,132.55999755859375,131.6300048828125,130.5338134765625
21-10-2021,131.11000061035156,132.14999389648438,978600,132.4499969482422,131.27999877929688,130.1867218017578
22-10-2021,131.22000122070312,131.22000122070312,2155000,133.05999755859375,133.0399932861328,131.9320526123047
25-10-2021,125.2699966430664,128.17999267578125,5884900,130.57000732421875,130.11000061035156,129.02645874023438
26-10-2021,128.6999969482422,129.07000732421875,2892700,133.99000549316406,133.27000427246094,132.16015625
27-10-2021,128.97999572753906,133.61000061035156,2704400,133.8800048828125,129.25999450683594,128.18353271484375
28-10-2021,128.89999389648438,129.25999450683594,1965400,130.6300048828125,130.05999755859375,128.9768829345703
29-10-2021,129.05999755859375,129.88999938964844,1751300,130.4499969482422,129.49000549316406,128.41163635253906
01-11-2021,129.52000427246094,129.60000610351562,1249100,130.74000549316406,130.27999877929688,129.19505310058594
02-11-2021,129.91000366210938,130.7100067138672,1204000,132.13999938964844,131.57000732421875,130.4743194580078
03-11-2021,130.77999877929688,131.4499969482422,1093500,132.25,132.11000061035156,131.0098114013672
04-11-2021,130.82000732421875,131.4499969482422,1147400,132.1699981689453,131.25,130.15696716308594
05-11-2021,131.57000732421875,132.3300018310547,1068900,132.6999969482422,132.22999572753906,131.12879943847656
08-11-2021,130.9600067138672,132.1999969482422,1056700,132.85000610351562,132.5399932861328,131.43621826171875
09-11-2021,132.02999877929688,132.64999389648438,1102500,133.5,132.4600067138672,131.35690307617188
10-11-2021,132.66000366210938,133.22999572753906,1654500,135.1699981689453,134.7100067138672,133.58816528320312
11-11-2021,133.33999633789062,134.42999267578125,1345600,134.6199951171875,134.02000427246094,132.90390014648438
12-11-2021,133.8300018310547,134.64999389648438,1232300,134.94000244140625,133.91000366210938,132.79481506347656
15-11-2021,133.6199951171875,133.88999938964844,1281200,134.8000030517578,134.77999877929688,133.65757751464844
16-11-2021,133.77000427246094,134.9199981689453,1042800,136.14999389648438,133.83999633789062,132.72540283203125
17-11-2021,132.75,133.6999969482422,1429900,134.74000549316406,134.41000366210938,133.29066467285156
18-11-2021,132.4199981689453,134.10000610351562,1014200,134.19000244140625,133.0500030517578,131.94198608398438
19-11-2021,133.8000030517578,134.25999450683594,1739100,135.50999450683594,134.44000244140625,133.32040405273438
22-11-2021,134.0800018310547,134.5,1235600,136.77000427246094,135.44000244140625,134.31207275390625
23-11-2021,135.0399932861328,135.44000244140625,1452100,136.58999633789062,135.7899932861328,134.65914916992188
24-11-2021,134.27000427246094,135.5500030517578,1017100,136.0,135.22999572753906,134.10382080078125
26-11-2021,134.97000122070312,135.64999389648438,1184800,137.4499969482422,135.27000427246094,134.14349365234375
29-11-2021,135.00999450683594,135.4199981689453,1025000,136.4600067138672,135.0399932861328,133.9154052734375
30-11-2021,130.17999267578125,134.4600067138672,2652700,134.7100067138672,130.30999755859375,129.22479248046875
01-12-2021,130.75,131.0500030517578,1850800,133.82000732421875,131.75999450683594,130.6627197265625
02-12-2021,132.13999938964844,132.13999938964844,1493700,133.85000610351562,132.7899932861328,131.68414306640625
03-12-2021,133.30999755859375,133.75999450683594,1749700,135.69000244140625,135.38999938964844,134.2624969482422
06-12-2021,135.9499969482422,136.0399932861328,1732100,138.39999389648438,136.4199981689453,135.28392028808594
07-12-2021,135.97000122070312,136.02000427246094,2339800,137.75,136.8800048828125,135.74009704589844
08-12-2021,135.5,136.97000122070312,1464400,137.75999450683594,136.88999938964844,135.75
09-12-2021,135.14999389648438,135.3699951171875,935000,136.60000610351562,135.61000061035156,135.61000061035156
10-12-2021,135.83999633789062,136.5,1213800,136.64999389648438,136.07000732421875,136.07000732421875
13-12-2021,135.63999938964844,136.00999450683594,2144200,139.72000122070312,139.27999877929688,139.27999877929688
14-12-2021,137.35000610351562,139.47000122070312,2681100,139.61000061035156,138.08999633789062,138.08999633789062
15-12-2021,137.75999450683594,138.22999572753906,2440900,139.3699951171875,138.3000030517578,138.3000030517578
16-12-2021,138.13999938964844,138.47999572753906,2471700,141.8800048828125,141.82000732421875,141.82000732421875
17-12-2021,139.17999267578125,141.27999877929688,3237600,142.5500030517578,139.3699951171875,139.3699951171875
20-12-2021,138.39999389648438,138.66000366210938,2209400,141.5800018310547,141.3000030517578,141.3000030517578
21-12-2021,138.4600067138672,141.1699981689453,1496700,141.3000030517578,139.2899932861328,139.2899932861328
22-12-2021,138.36000061035156,139.75999450683594,980600,140.13999938964844,139.22000122070312,139.22000122070312
23-12-2021,138.33999633789062,139.22000122070312,1115600,139.63999938964844,138.88999938964844,138.88999938964844
27-12-2021,138.4499969482422,139.44000244140625,825200,139.80999755859375,139.8000030517578,139.8000030517578
28-12-2021,139.25999450683594,139.92999267578125,1187900,140.5800018310547,139.7899932861328,139.7899932861328
29-12-2021,139.8800048828125,140.3699951171875,1239400,141.66000366210938,141.07000732421875,141.07000732421875
30-12-2021,141.0399932861328,141.69000244140625,778300,141.9499969482422,141.52000427246094,141.52000427246094
31-12-2021,141.66000366210938,141.72999572753906,1230600,143.27999877929688,142.9199981689453,142.9199981689453
03-01-2022,139.61000061035156,141.8800048828125,1994200,142.85000610351562,142.42999267578125,142.42999267578125
04-01-2022,142.11000061035156,142.27000427246094,2027100,144.91000366210938,143.1999969482422,143.1999969482422
05-01-2022,143.02999877929688,143.02999877929688,1935600,145.32000732421875,144.05999755859375,144.05999755859375
06-01-2022,142.97000122070312,143.77000427246094,1692700,145.27999877929688,143.1199951171875,143.1199951171875
07-01-2022,142.3000030517578,143.44000244140625,1305300,144.32000732421875,143.74000549316406,143.74000549316406
10-01-2022,143.5500030517578,143.5500030517578,2706400,145.7899932861328,144.58999633789062,144.58999633789062
11-01-2022,141.1699981689453,143.33999633789062,2442000,144.14999389648438,143.13999938964844,143.13999938964844
12-01-2022,141.82000732421875,142.05999755859375,1293900,143.8800048828125,143.08999633789062,143.08999633789062
13-01-2022,141.74000549316406,142.9499969482422,1303700,143.49000549316406,142.88999938964844,142.88999938964844
14-01-2022,141.85000610351562,143.0,1367400,143.72999572753906,143.1999969482422,143.1999969482422
18-01-2022,140.0800018310547,142.49000549316406,2214300,142.52000427246094,140.8800048828125,140.8800048828125
19-01-2022,140.7899932861328,141.0800018310547,1712200,143.69000244140625,142.67999267578125,142.67999267578125
20-01-2022,141.3699951171875,142.1999969482422,2151600,143.1300048828125,141.57000732421875,141.57000732421875
21-01-2022,142.50999450683594,143.11000061035156,2579700,144.47000122070312,143.32000732421875,143.32000732421875
24-01-2022,138.7899932861328,143.80999755859375,2762000,144.57000732421875,141.8000030517578,141.8000030517578
25-01-2022,138.11000061035156,141.67999267578125,2483200,141.67999267578125,139.6300048828125,139.6300048828125
26-01-2022,130.25,130.4499969482422,5636700,135.77000427246094,134.83999633789062,134.83999633789062
27-01-2022,134.9199981689453,134.9499969482422,2829300,138.94000244140625,137.47999572753906,137.47999572753906
28-01-2022,135.63999938964844,136.97999572753906,1965900,139.0500030517578,138.9199981689453,138.9199981689453
31-01-2022,136.77000427246094,137.82000732421875,2283100,138.27999877929688,137.64999389648438,137.64999389648438
01-02-2022,135.49000549316406,137.92999267578125,1552300,138.3800048828125,137.25999450683594,137.25999450683594
02-02-2022,135.32000732421875,135.44000244140625,3039600,137.0399932861328,135.6199951171875,135.6199951171875
03-02-2022,135.25,135.86000061035156,1990700,137.57000732421875,136.47999572753906,136.47999572753906
04-02-2022,132.58999633789062,135.63999938964844,2209500,135.82000732421875,132.66000366210938,132.66000366210938
07-02-2022,131.88999938964844,133.5399932861328,1888000,134.05999755859375,133.27000427246094,133.27000427246094
08-02-2022,132.64999389648438,133.38999938964844,1595500,134.3000030517578,133.22999572753906,133.22999572753906
09-02-2022,131.8800048828125,133.7899932861328,1900400,134.07000732421875,131.88999938964844,131.88999938964844
10-02-2022,130.17999267578125,131.14999389648438,2103800,131.55999755859375,130.9499969482422,130.9499969482422
11-02-2022,131.02000427246094,131.5500030517578,1472200,132.7899932861328,132.3300018310547,132.3300018310547
